unit_number,cycle,RUL_linear,erro_reconstrucao,slope,horizonte,faixa_RUL
1,49,143.0,0.009336592,-4.509395601503752e-05,20,RUL > 125
1,50,142.0,0.009175219,-5.131719962406012e-05,20,RUL > 125
1,51,141.0,0.009318665,-5.523604323308261e-05,20,RUL > 125
1,52,140.0,0.009623968,-5.4417614661654166e-05,20,RUL > 125
1,53,139.0,0.009584261,-5.33062454887218e-05,20,RUL > 125
1,54,138.0,0.009558056,-5.232619285714297e-05,20,RUL > 125
1,55,137.0,0.009239113,-5.260921691729316e-05,20,RUL > 125
1,56,136.0,0.009339652,-4.830865601503754e-05,20,RUL > 125
1,57,135.0,0.00924575,-4.400334172932313e-05,20,RUL > 125
1,58,134.0,0.009089611,-4.0345188345864615e-05,20,RUL > 125
1,59,133.0,0.009481255,-2.9398176315789458e-05,20,RUL > 125
1,60,132.0,0.009212421,-2.5373955263157932e-05,20,RUL > 125
1,61,131.0,0.009170528,-2.171775526315781e-05,20,RUL > 125
1,62,130.0,0.009215076,-1.6775616165413523e-05,20,RUL > 125
1,63,129.0,0.009612271,-9.3558477443608e-06,20,RUL > 125
1,64,128.0,0.0094345305,-7.298213157894648e-06,20,RUL > 125
1,65,127.0,0.00948666,-3.2094522556390792e-06,20,RUL > 125
1,66,126.0,0.009529154,1.407153759398489e-06,20,RUL > 125
1,67,125.0,0.009627674,5.465328195488679e-06,20,76-125
1,68,124.0,0.009458629,7.1439447368420625e-06,20,76-125
1,69,123.0,0.009316033,5.335589849624133e-06,20,76-125
1,70,122.0,0.009252812,1.0699887218036979e-07,20,76-125
1,71,121.0,0.009087255,-5.338436466165332e-06,20,76-125
1,72,120.0,0.009200284,-4.000613157894785e-06,20,76-125
1,73,119.0,0.00904317,-4.897109398496302e-06,20,76-125
1,74,118.0,0.009252697,-2.4004552631578854e-06,20,76-125
1,75,117.0,0.009375279,-2.7293853383457987e-06,20,76-125
1,76,116.0,0.009563458,1.0126530075188712e-06,20,76-125
1,77,115.0,0.009630407,3.8918921052631905e-06,20,76-125
1,78,114.0,0.009994064,8.922446992481249e-06,20,76-125
1,79,113.0,0.010096575,2.024121766917296e-05,20,76-125
1,80,112.0,0.0104132155,3.091338345864649e-05,20,76-125
1,81,111.0,0.010230175,3.6503510526315714e-05,20,76-125
1,82,110.0,0.009856665,3.586771578947371e-05,20,76-125
1,83,109.0,0.009891868,4.104152556390971e-05,20,76-125
1,84,108.0,0.009762923,4.114638834586446e-05,20,76-125
1,85,107.0,0.00998796,4.479533947368413e-05,20,76-125
1,86,106.0,0.009914984,4.731889962406013e-05,20,76-125
1,87,105.0,0.010180529,5.461134323308271e-05,20,76-125
1,88,104.0,0.010115819,5.7478865789473664e-05,20,76-125
1,89,103.0,0.00971356,5.136005977443593e-05,20,76-125
1,90,102.0,0.010116563,4.940242819548866e-05,20,76-125
1,91,101.0,0.010320208,4.644107932330824e-05,20,76-125
1,92,100.0,0.0103460755,4.3779869924812065e-05,20,76-125
1,93,99.0,0.010071983,3.299931127819556e-05,20,76-125
1,94,98.0,0.010226125,2.6182015037593886e-05,20,76-125
1,95,97.0,0.010613979,2.5377193984962423e-05,20,76-125
1,96,96.0,0.010484989,2.3838199248120252e-05,20,76-125
1,97,95.0,0.010531924,2.264103308270686e-05,20,76-125
1,98,94.0,0.010931846,3.154332631578951e-05,20,76-125
1,99,93.0,0.011079886,4.2768872932330866e-05,20,76-125
1,100,92.0,0.011216162,5.946214323308258e-05,20,76-125
1,101,91.0,0.011367087,7.421393345864659e-05,20,76-125
1,102,90.0,0.011475398,8.290585526315799e-05,20,76-125
1,103,89.0,0.011552307,9.08181289473684e-05,20,76-125
1,104,88.0,0.011141082,8.832288533834597e-05,20,76-125
1,105,87.0,0.010844365,8.306962368421046e-05,20,76-125
1,106,86.0,0.01057952,7.159278233082691e-05,20,76-125
1,107,85.0,0.0110091325,6.944677593984962e-05,20,76-125
1,108,84.0,0.011330914,6.962989097744358e-05,20,76-125
1,109,83.0,0.011467204,6.358133759398483e-05,20,76-125
1,110,82.0,0.011323284,5.9202930827067565e-05,20,76-125
1,111,81.0,0.011579859,5.9890710526315685e-05,20,76-125
1,112,80.0,0.01147782,5.763501240601489e-05,20,76-125
1,113,79.0,0.011566128,5.061120939849622e-05,20,76-125
1,114,78.0,0.011616226,4.4490078571428466e-05,20,76-125
1,115,77.0,0.011387488,3.913489511278202e-05,20,76-125
1,116,76.0,0.011527145,3.2574956015037564e-05,20,76-125
1,117,75.0,0.01177682,2.8755729699248072e-05,20,31-75
1,118,74.0,0.011478256,2.511383721804512e-05,20,31-75
1,119,73.0,0.011604916,2.479717781954891e-05,20,31-75
1,120,72.0,0.0112470295,2.0730061654135396e-05,20,31-75
1,121,71.0,0.011303871,1.9811575939849544e-05,20,31-75
1,122,70.0,0.011680737,2.608212556390975e-05,20,31-75
1,123,69.0,0.012024212,3.8165033082706745e-05,20,31-75
1,124,68.0,0.0122479815,4.624198984962406e-05,20,31-75
1,125,67.0,0.011971348,4.4017523684210575e-05,20,31-75
1,126,66.0,0.012057181,3.71427687969926e-05,20,31-75
1,127,65.0,0.01200564,3.4093022556390946e-05,20,31-75
1,128,64.0,0.0117123965,3.0436336466165332e-05,20,31-75
1,129,63.0,0.011948472,3.1730446992481145e-05,20,31-75
1,130,62.0,0.012081068,3.1922653759398285e-05,20,31-75
1,131,61.0,0.012099798,3.529409135338349e-05,20,31-75
1,132,60.0,0.012505318,4.206566654135345e-05,20,31-75
1,133,59.0,0.012254493,4.510325451127815e-05,20,31-75
1,134,58.0,0.012150233,4.6407299624060254e-05,20,31-75
1,135,57.0,0.012049162,4.1852802631578915e-05,20,31-75
1,136,56.0,0.012055646,3.860104624060151e-05,20,31-75
1,137,55.0,0.011890466,3.613707406015029e-05,20,31-75
1,138,54.0,0.01157387,2.4265237218044984e-05,20,31-75
1,139,53.0,0.011548996,1.3894171804511108e-05,20,31-75
1,140,52.0,0.011681147,-1.5577142857148483e-07,20,31-75
1,141,51.0,0.011940454,-1.0256639849623685e-05,20,31-75
1,142,50.0,0.012063854,-1.360140300751881e-05,20,31-75
1,143,49.0,0.012017601,-1.275974962405999e-05,20,31-75
1,144,48.0,0.011988545,-8.790037969924804e-06,20,31-75
1,145,47.0,0.0122397635,-5.2092578947370374e-06,20,31-75
1,146,46.0,0.011625788,-9.447930827067585e-06,20,31-75
1,147,45.0,0.011445511,-1.642708345864628e-05,20,31-75
1,148,44.0,0.01138665,-2.8034968796992275e-05,20,31-75
1,149,43.0,0.011497995,-3.383485902255619e-05,20,31-75
1,150,42.0,0.011825779,-3.218109060150367e-05,20,31-75
1,151,41.0,0.011656701,-3.226309210526325e-05,20,31-75
1,152,40.0,0.012328786,-1.567462067669184e-05,20,31-75
1,153,39.0,0.012103082,-6.005425187969981e-06,20,31-75
1,154,38.0,0.012160714,3.0685597744361425e-06,20,31-75
1,155,37.0,0.011922566,7.12881165413529e-06,20,31-75
1,156,36.0,0.012011075,1.2746226691729302e-05,20,31-75
1,157,35.0,0.012010702,1.581723195488714e-05,20,31-75
1,158,34.0,0.011908165,1.2243732706767065e-05,20,31-75
1,159,33.0,0.011979297,8.790958270676632e-06,20,31-75
1,160,32.0,0.012565633,1.5153937969924707e-05,20,31-75
1,161,31.0,0.012376935,2.1585498872180295e-05,20,31-75
1,162,30.0,0.012497516,3.103170413533842e-05,20,0-30
1,163,29.0,0.013044313,4.690686127819582e-05,20,0-30
1,164,28.0,0.013099898,6.157338308270698e-05,20,0-30
1,165,27.0,0.012897991,7.565091954887206e-05,20,0-30
1,166,26.0,0.012889197,7.891866165413534e-05,20,0-30
1,167,25.0,0.012521633,7.218914736842093e-05,20,0-30
1,168,24.0,0.012095857,5.682950601503771e-05,20,0-30
1,169,23.0,0.012013022,4.0978109774436075e-05,20,0-30
1,170,22.0,0.011686562,2.486405939849623e-05,20,0-30
1,171,21.0,0.011695934,6.423590977443673e-06,20,0-30
1,172,20.0,0.011919116,1.7243082706767856e-06,20,0-30
1,173,19.0,0.012042868,-4.154790977443509e-06,20,0-30
1,174,18.0,0.012282645,-5.607978195488665e-06,20,0-30
1,175,17.0,0.01235385,-9.987537593984438e-06,20,0-30
1,176,16.0,0.012120092,-1.695753383458628e-05,20,0-30
1,177,15.0,0.012628917,-1.682842631578939e-05,20,0-30
1,178,14.0,0.012862839,-1.590622781954854e-05,20,0-30
1,179,13.0,0.013160906,-1.1038392481202788e-05,20,0-30
1,180,12.0,0.013576027,7.240824060150296e-06,20,0-30
1,181,11.0,0.014592714,3.554530902255648e-05,20,0-30
1,182,10.0,0.015623846,7.715216315789435e-05,20,0-30
1,183,9.0,0.016078822,0.00012919106315789408,20,0-30
1,184,8.0,0.017639121,0.00019983443533834583,20,0-30
1,185,7.0,0.018172387,0.00026808198872180515,20,0-30
1,186,6.0,0.01848796,0.00033276745263157874,20,0-30
1,187,5.0,0.019302921,0.00039487238195488666,20,0-30
1,188,4.0,0.019855127,0.000447945763909773,20,0-30
1,189,3.0,0.021205299,0.0005073313210526328,20,0-30
1,190,2.0,0.022611434,0.0005678269165413517,20,0-30
1,191,1.0,0.023352735,0.0006226321263157893,20,0-30
1,192,0.0,0.024626328,0.000681626424060152,20,0-30
5,49,220.0,0.00956557,-1.910506390977578e-06,20,RUL > 125
5,50,219.0,0.009728801,8.838609022555626e-07,20,RUL > 125
5,51,218.0,0.010005209,8.961528571428605e-06,20,RUL > 125
5,52,217.0,0.010332384,2.1605026315789355e-05,20,RUL > 125
5,53,216.0,0.010386903,3.533493984962391e-05,20,RUL > 125
5,54,215.0,0.010155927,4.299501879699237e-05,20,RUL > 125
5,55,214.0,0.0102131,5.043019323308275e-05,20,RUL > 125
5,56,213.0,0.009958716,5.4171764661654064e-05,20,RUL > 125
5,57,212.0,0.009985817,5.30432917293233e-05,20,RUL > 125
5,58,211.0,0.009821955,4.660354661654138e-05,20,RUL > 125
5,59,210.0,0.009574606,3.486389962406015e-05,20,RUL > 125
5,60,209.0,0.009604983,2.547118909774438e-05,20,RUL > 125
5,61,208.0,0.009557159,1.6098631954887384e-05,20,RUL > 125
5,62,207.0,0.009565367,9.639813909774386e-06,20,RUL > 125
5,63,206.0,0.009468809,1.1441748120301396e-06,20,RUL > 125
5,64,205.0,0.009303221,-1.0192187218045008e-05,20,RUL > 125
5,65,204.0,0.009612279,-1.5789418045112698e-05,20,RUL > 125
5,66,203.0,0.009423045,-2.4209341353383315e-05,20,RUL > 125
5,67,202.0,0.009631012,-2.9736641353383377e-05,20,RUL > 125
5,68,201.0,0.009919704,-2.9371445864661645e-05,20,RUL > 125
5,69,200.0,0.010065919,-2.89952827067668e-05,20,RUL > 125
5,70,199.0,0.0099934535,-2.782941390977448e-05,20,RUL > 125
5,71,198.0,0.0101185255,-2.0910439097744287e-05,20,RUL > 125
5,72,197.0,0.009858904,-1.2704822556391106e-05,20,RUL > 125
5,73,196.0,0.01007301,1.3227744360906881e-07,20,RUL > 125
5,74,195.0,0.01033035,1.3470693233082825e-05,20,RUL > 125
5,75,194.0,0.010564207,3.0790364661654234e-05,20,RUL > 125
5,76,193.0,0.010678384,4.519656616541365e-05,20,RUL > 125
5,77,192.0,0.0110319145,6.399890639097732e-05,20,RUL > 125
5,78,191.0,0.011160998,8.048492293233095e-05,20,RUL > 125
5,79,190.0,0.011064014,8.966634473684208e-05,20,RUL > 125
5,80,189.0,0.010834239,9.380519210526323e-05,20,RUL > 125
5,81,188.0,0.010636448,9.251483270676695e-05,20,RUL > 125
5,82,187.0,0.010557518,8.860351090225577e-05,20,RUL > 125
5,83,186.0,0.01035494,7.878166127819529e-05,20,RUL > 125
5,84,185.0,0.010298423,6.420535075187969e-05,20,RUL > 125
5,85,184.0,0.010627439,5.7712587593984895e-05,20,RUL > 125
5,86,183.0,0.010589107,4.615776278195495e-05,20,RUL > 125
5,87,182.0,0.010520862,3.5158222180451166e-05,20,RUL > 125
5,88,181.0,0.010658527,2.9345498872180566e-05,20,RUL > 125
5,89,180.0,0.010824054,2.70950928571427e-05,20,RUL > 125
5,90,179.0,0.010487576,1.7753613533834568e-05,20,RUL > 125
5,91,178.0,0.0104452735,9.039592481203162e-06,20,RUL > 125
5,92,177.0,0.010345547,-5.689730075188119e-06,20,RUL > 125
5,93,176.0,0.010439764,-1.6424268421052482e-05,20,RUL > 125
5,94,175.0,0.010548535,-2.2093181954887216e-05,20,RUL > 125
5,95,174.0,0.010128689,-3.0395514285714376e-05,20,RUL > 125
5,96,173.0,0.010137264,-3.6117637593984926e-05,20,RUL > 125
5,97,172.0,0.010064649,-3.6481343233082525e-05,20,RUL > 125
5,98,171.0,0.010021391,-3.3970325187969964e-05,20,RUL > 125
5,99,170.0,0.009983689,-3.181553872180473e-05,20,RUL > 125
5,100,169.0,0.009862864,-3.33903011278197e-05,20,RUL > 125
5,101,168.0,0.010119416,-3.296233646616553e-05,20,RUL > 125
5,102,167.0,0.0102482615,-3.116249323308277e-05,20,RUL > 125
5,103,166.0,0.010410662,-2.9776195488721745e-05,20,RUL > 125
5,104,165.0,0.010171666,-3.278029248120308e-05,20,RUL > 125
5,105,164.0,0.009761811,-3.6253859398496255e-05,20,RUL > 125
5,106,163.0,0.009612557,-4.116317218045114e-05,20,RUL > 125
5,107,162.0,0.009710925,-4.427628421052633e-05,20,RUL > 125
5,108,161.0,0.009525638,-4.6644745112781875e-05,20,RUL > 125
5,109,160.0,0.009704982,-4.213397218045128e-05,20,RUL > 125
5,110,159.0,0.009843626,-3.92725661654136e-05,20,RUL > 125
5,111,158.0,0.010024391,-3.352839135338335e-05,20,RUL > 125
5,112,157.0,0.009855683,-3.1136053759398674e-05,20,RUL > 125
5,113,156.0,0.009727857,-2.8345527443608965e-05,20,RUL > 125
5,114,155.0,0.009877941,-2.0622970300751967e-05,20,RUL > 125
5,115,154.0,0.009862273,-1.8744977067669172e-05,20,RUL > 125
5,116,153.0,0.010051532,-1.3627263533834613e-05,20,RUL > 125
5,117,152.0,0.010214613,-7.197453759398493e-06,20,RUL > 125
5,118,151.0,0.010100977,-3.299546240601656e-06,20,RUL > 125
5,119,150.0,0.010027314,-1.1689402255637452e-06,20,RUL > 125
5,120,149.0,0.010107365,1.318868421051197e-07,20,RUL > 125
5,121,148.0,0.010272551,7.47566428571432e-06,20,RUL > 125
5,122,147.0,0.010363961,1.79294233082707e-05,20,RUL > 125
5,123,146.0,0.01070384,3.562883082706751e-05,20,RUL > 125
5,124,145.0,0.010804833,5.055650526315791e-05,20,RUL > 125
5,125,144.0,0.010930336,5.98535541353383e-05,20,RUL > 125
5,126,143.0,0.011022559,6.635425187969948e-05,20,RUL > 125
5,127,142.0,0.01105425,7.274055338345867e-05,20,RUL > 125
5,128,141.0,0.011368556,7.867131879699235e-05,20,RUL > 125
5,129,140.0,0.011330164,8.411406917293221e-05,20,RUL > 125
5,130,139.0,0.011408697,9.042395263157884e-05,20,RUL > 125
5,131,138.0,0.011139713,9.339190150375947e-05,20,RUL > 125
5,132,137.0,0.011034441,9.051497819548888e-05,20,RUL > 125
5,133,136.0,0.010939644,8.249293834586467e-05,20,RUL > 125
5,134,135.0,0.011058826,7.672100977443626e-05,20,RUL > 125
5,135,134.0,0.010944502,6.729272481203008e-05,20,RUL > 125
5,136,133.0,0.011079037,6.114725639097749e-05,20,RUL > 125
5,137,132.0,0.011027106,5.528975939849628e-05,20,RUL > 125
5,138,131.0,0.010799531,4.3165144360902224e-05,20,RUL > 125
5,139,130.0,0.01073627,2.7923243609022413e-05,20,RUL > 125
5,140,129.0,0.010944625,1.585570676691727e-05,20,RUL > 125
5,141,128.0,0.011192825,8.68304661654166e-06,20,RUL > 125
5,142,127.0,0.011000376,-1.179439849624119e-06,20,RUL > 125
5,143,126.0,0.0113047715,-2.28392368421053e-06,20,RUL > 125
5,144,125.0,0.0113712605,-1.7475947368422861e-06,20,76-125
5,145,124.0,0.011009629,-5.247574436090394e-06,20,76-125
5,146,123.0,0.011041094,-6.9611390977442734e-06,20,76-125
5,147,122.0,0.011141166,-6.772591729323273e-06,20,76-125
5,148,121.0,0.011223348,-5.779902255639266e-07,20,76-125
5,149,120.0,0.011219332,5.1714082706763294e-06,20,76-125
5,150,119.0,0.011336362,1.3999323308270571e-05,20,76-125
5,151,118.0,0.011090517,1.5176825563909652e-05,20,76-125
5,152,117.0,0.011157317,1.5720403007518726e-05,20,76-125
5,153,116.0,0.01083748,1.0013309774436053e-05,20,76-125
5,154,115.0,0.011034811,9.160681954887199e-06,20,76-125
5,155,114.0,0.011093897,7.383136842105363e-06,20,76-125
5,156,113.0,0.011056398,6.969474436090234e-06,20,76-125
5,157,112.0,0.010815052,2.3220924812029985e-06,20,76-125
5,158,111.0,0.010820016,-5.5287864661649005e-06,20,76-125
5,159,110.0,0.0108623095,-1.3805134962406177e-05,20,76-125
5,160,109.0,0.010972599,-1.7405636466165318e-05,20,76-125
5,161,108.0,0.010909216,-1.803472819548877e-05,20,76-125
5,162,107.0,0.010771797,-2.323913721804513e-05,20,76-125
5,163,106.0,0.011001412,-2.0013359398496233e-05,20,76-125
5,164,105.0,0.010820273,-1.7869275563909813e-05,20,76-125
5,165,104.0,0.01101819,-1.7779224436090057e-05,20,76-125
5,166,103.0,0.010593688,-2.326954548872178e-05,20,76-125
5,167,102.0,0.010306251,-3.061323421052616e-05,20,76-125
5,168,101.0,0.010448726,-3.336844398496235e-05,20,76-125
5,169,100.0,0.0106255915,-3.2495569172932276e-05,20,76-125
5,170,99.0,0.010867125,-2.5431530827067697e-05,20,76-125
5,171,98.0,0.010597583,-2.5394236090225577e-05,20,76-125
5,172,97.0,0.010866642,-1.9717250375939607e-05,20,76-125
5,173,96.0,0.010776474,-1.9941331578947283e-05,20,76-125
5,174,95.0,0.010656246,-1.867546466165429e-05,20,76-125
5,175,94.0,0.0109051885,-1.2351068796992418e-05,20,76-125
5,176,93.0,0.010810972,-7.680940225563861e-06,20,76-125
5,177,92.0,0.010367397,-1.2789262030075102e-05,20,76-125
5,178,91.0,0.010064607,-2.14716109022554e-05,20,76-125
5,179,90.0,0.010107024,-2.774425714285697e-05,20,76-125
5,180,89.0,0.010238662,-2.925917969924814e-05,20,76-125
5,181,88.0,0.010529073,-2.6522493233082715e-05,20,76-125
5,182,87.0,0.010398492,-2.72493796992481e-05,20,76-125
5,183,86.0,0.010574349,-2.127716240601488e-05,20,76-125
5,184,85.0,0.010294584,-2.1519477443609217e-05,20,76-125
5,185,84.0,0.010228882,-1.8784877443609038e-05,20,76-125
5,186,83.0,0.010255839,-2.1180911278195506e-05,20,76-125
5,187,82.0,0.010501587,-2.4096694736841966e-05,20,76-125
5,188,81.0,0.010353076,-2.717819699248106e-05,20,76-125
5,189,80.0,0.010717326,-2.211968007518808e-05,20,76-125
5,190,79.0,0.01069143,-1.3755365789473616e-05,20,76-125
5,191,78.0,0.010840643,-7.251160526315984e-06,20,76-125
5,192,77.0,0.010994425,5.3327266917294065e-06,20,76-125
5,193,76.0,0.011087481,1.763012518797005e-05,20,76-125
5,194,75.0,0.011263262,3.0072664285714536e-05,20,31-75
5,195,74.0,0.01169245,5.1664325563909475e-05,20,31-75
5,196,73.0,0.012056699,7.578806315789471e-05,20,31-75
5,197,72.0,0.01213296,9.212415413533842e-05,20,31-75
5,198,71.0,0.0119246645,9.804871842105254e-05,20,31-75
5,199,70.0,0.012564823,0.00011099106729323326,20,31-75
5,200,69.0,0.012217937,0.00011736045827067691,20,31-75
5,201,68.0,0.012339982,0.00012708243270676716,20,31-75
5,202,67.0,0.012348382,0.00013213943045112798,20,31-75
5,203,66.0,0.012298152,0.00013632338082706833,20,31-75
5,204,65.0,0.012605699,0.00013789133270676688,20,31-75
5,205,64.0,0.012873895,0.00013877789511278164,20,31-75
5,206,63.0,0.012947345,0.00013716191691729338,20,31-75
5,207,62.0,0.013142379,0.0001381649928571428,20,31-75
5,208,61.0,0.013654294,0.00014016511390977447,20,31-75
5,209,60.0,0.014218165,0.00015100761315789483,20,31-75
5,210,59.0,0.014671476,0.0001626526800751883,20,31-75
5,211,58.0,0.015002128,0.00017539231015037572,20,31-75
5,212,57.0,0.01570188,0.0001942986620300747,20,31-75
5,213,56.0,0.01575312,0.0002083274394736842,20,31-75
5,214,55.0,0.01619198,0.00022438513646616518,20,31-75
5,215,54.0,0.016905557,0.0002500018372180454,20,31-75
5,216,53.0,0.017326728,0.0002795473078947369,20,31-75
5,217,52.0,0.017842151,0.00030973522969924937,20,31-75
5,218,51.0,0.018387191,0.0003358353112781944,20,31-75
5,219,50.0,0.018613502,0.0003655580879699254,20,31-75
5,220,49.0,0.01865049,0.00038123635939849666,20,31-75
5,221,48.0,0.018971814,0.00039375898796992383,20,31-75
5,222,47.0,0.019744262,0.0004074765398496249,20,31-75
5,223,46.0,0.020190725,0.0004156574052631563,20,31-75
5,224,45.0,0.021175833,0.0004308987165413546,20,31-75
5,225,44.0,0.021565014,0.0004430470105263142,20,31-75
5,226,43.0,0.021797825,0.00044661156090225685,20,31-75
5,227,42.0,0.023067683,0.00045808743157894894,20,31-75
5,228,41.0,0.023978833,0.00047573733007518653,20,31-75
5,229,40.0,0.024192933,0.0004898234037593964,20,31-75
5,230,39.0,0.02531794,0.0005121388969924815,20,31-75
5,231,38.0,0.026453692,0.0005398905195488751,20,31-75
5,232,37.0,0.027869452,0.0005816956037593977,20,31-75
5,233,36.0,0.029299667,0.000626444282706769,20,31-75
5,234,35.0,0.029964678,0.0006672517398496218,20,31-75
5,235,34.0,0.03120158,0.0007162854067669112,20,31-75
5,236,33.0,0.032754045,0.0007726494345864649,20,31-75
5,237,32.0,0.03467526,0.0008413986759398496,20,31-75
5,238,31.0,0.0354076,0.000903902866165407,20,31-75
5,239,30.0,0.036452573,0.0009593139736842103,20,0-30
5,240,29.0,0.038706027,0.0010206756315789484,20,0-30
5,241,28.0,0.04043558,0.0010816600240601488,20,0-30
5,242,27.0,0.042779904,0.001156054966917294,20,0-30
5,243,26.0,0.045008324,0.0012346938338345952,20,0-30
5,244,25.0,0.047269616,0.0013238715112782002,20,0-30
5,245,24.0,0.04887807,0.0014029332947368448,20,0-30
5,246,23.0,0.05184794,0.0014870254909774426,20,0-30
5,247,22.0,0.05422773,0.0015799769338345818,20,0-30
5,248,21.0,0.05727262,0.0016839561706766869,20,0-30
5,249,20.0,0.06025715,0.0017838862315789435,20,0-30
5,250,19.0,0.063791744,0.0018978418556390919,20,0-30
5,251,18.0,0.066760965,0.0020142925045112696,20,0-30
5,252,17.0,0.069658026,0.0021338714037594025,20,0-30
5,253,16.0,0.073588215,0.0022693382413533788,20,0-30
5,254,15.0,0.077670306,0.0024070215180451286,20,0-30
5,255,14.0,0.08124491,0.0025435628112782057,20,0-30
5,256,13.0,0.08653641,0.0027049564390977288,20,0-30
5,257,12.0,0.090893984,0.0028780603609022543,20,0-30
5,258,11.0,0.09543097,0.003043002196992474,20,0-30
5,259,10.0,0.10162145,0.0032226183285714188,20,0-30
5,260,9.0,0.1050474,0.003388759144360894,20,0-30
5,261,8.0,0.1100395,0.00355376294285714,20,0-30
5,262,7.0,0.11412977,0.0037095472631578936,20,0-30
5,263,6.0,0.119870596,0.0038752359308270538,20,0-30
5,264,5.0,0.1269594,0.004065322992481181,20,0-30
5,265,4.0,0.13382202,0.00425900986315787,20,0-30
5,266,3.0,0.14191328,0.004487443583458632,20,0-30
5,267,2.0,0.14965524,0.0047286157624059945,20,0-30
5,268,1.0,0.15789448,0.004992068565413511,20,0-30
5,269,0.0,0.1662214,0.005270290458646596,20,0-30
11,49,191.0,0.010435041,-2.4952511278195363e-05,20,RUL > 125
11,50,190.0,0.010944679,-2.671425789473694e-05,20,RUL > 125
11,51,189.0,0.010937135,-2.32154308270675e-05,20,RUL > 125
11,52,188.0,0.011009477,-1.684090977443619e-05,20,RUL > 125
11,53,187.0,0.010771541,-1.7209611278195387e-05,20,RUL > 125
11,54,186.0,0.010946712,-1.642238571428572e-05,20,RUL > 125
11,55,185.0,0.010249212,-2.264470451127807e-05,20,RUL > 125
11,56,184.0,0.010165731,-2.864868045112777e-05,20,RUL > 125
11,57,183.0,0.010125523,-3.286449699248096e-05,20,RUL > 125
11,58,182.0,0.009935736,-3.775150075187946e-05,20,RUL > 125
11,59,181.0,0.01001131,-3.720721203007506e-05,20,RUL > 125
11,60,180.0,0.00983852,-4.136491879699254e-05,20,RUL > 125
11,61,179.0,0.009755327,-4.71193616541351e-05,20,RUL > 125
11,62,178.0,0.009766751,-4.84336879699247e-05,20,RUL > 125
11,63,177.0,0.009687899,-4.967035037593969e-05,20,RUL > 125
11,64,176.0,0.009780468,-5.413665864661642e-05,20,RUL > 125
11,65,175.0,0.009696079,-5.988508120300745e-05,20,RUL > 125
11,66,174.0,0.009747556,-6.309925263157889e-05,20,RUL > 125
11,67,173.0,0.010021619,-6.54293030075187e-05,20,RUL > 125
11,68,172.0,0.009843505,-6.789087593984955e-05,20,RUL > 125
11,69,171.0,0.009612678,-7.207350676691729e-05,20,RUL > 125
11,70,170.0,0.009701343,-6.570594285714298e-05,20,RUL > 125
11,71,169.0,0.009810168,-5.6033173684210504e-05,20,RUL > 125
11,72,168.0,0.009747937,-4.441248947368432e-05,20,RUL > 125
11,73,167.0,0.009740602,-3.475642255639093e-05,20,RUL > 125
11,74,166.0,0.009796724,-1.998247067669178e-05,20,RUL > 125
11,75,165.0,0.00953269,-1.826428571428579e-05,20,RUL > 125
11,76,164.0,0.009757156,-1.3580087969924775e-05,20,RUL > 125
11,77,163.0,0.009883922,-7.105412030075354e-06,20,RUL > 125
11,78,162.0,0.009883486,-3.27029172932331e-06,20,RUL > 125
11,79,161.0,0.009656066,-1.4121834586466463e-06,20,RUL > 125
11,80,160.0,0.009124075,-9.348008270676803e-06,20,RUL > 125
11,81,159.0,0.009226702,-1.6056953383458724e-05,20,RUL > 125
11,82,158.0,0.00922144,-2.186576616541353e-05,20,RUL > 125
11,83,157.0,0.009267518,-2.744133684210547e-05,20,RUL > 125
11,84,156.0,0.009439797,-2.8462011278195394e-05,20,RUL > 125
11,85,155.0,0.009418427,-3.06081421052632e-05,20,RUL > 125
11,86,154.0,0.009540085,-2.9785984962406016e-05,20,RUL > 125
11,87,153.0,0.009596362,-2.352057368421041e-05,20,RUL > 125
11,88,152.0,0.0095335515,-2.032529736842088e-05,20,RUL > 125
11,89,151.0,0.009574632,-1.9721698120300792e-05,20,RUL > 125
11,90,150.0,0.009530835,-1.828658458646609e-05,20,RUL > 125
11,91,149.0,0.009229771,-1.917769285714275e-05,20,RUL > 125
11,92,148.0,0.009282861,-1.9420189849624025e-05,20,RUL > 125
11,93,147.0,0.00959423,-1.4631011654135305e-05,20,RUL > 125
11,94,146.0,0.009559604,-9.230245488721907e-06,20,RUL > 125
11,95,145.0,0.009573554,-7.442580075188049e-06,20,RUL > 125
11,96,144.0,0.009619569,-1.5148071428570997e-06,20,RUL > 125
11,97,143.0,0.009351758,2.795560526315817e-06,20,RUL > 125
11,98,142.0,0.009493808,9.928576315789403e-06,20,RUL > 125
11,99,141.0,0.009611814,1.5742531954887118e-05,20,RUL > 125
11,100,140.0,0.009458961,1.1039559774435865e-05,20,RUL > 125
11,101,139.0,0.00930999,5.325268796992336e-06,20,RUL > 125
11,102,138.0,0.0093979975,6.598984962405234e-07,20,RUL > 125
11,103,137.0,0.009407354,-3.4097601503758955e-06,20,RUL > 125
11,104,136.0,0.0094721895,-4.043282330827054e-06,20,RUL > 125
11,105,135.0,0.009535791,-4.1543432330826575e-06,20,RUL > 125
11,106,134.0,0.00937869,-4.765275563909848e-06,20,RUL > 125
11,107,133.0,0.00947233,-2.907210150375952e-06,20,RUL > 125
11,108,132.0,0.009737373,1.9319533834587144e-06,20,RUL > 125
11,109,131.0,0.009983041,1.062280075187971e-05,20,RUL > 125
11,110,130.0,0.0100263255,1.8626317669172916e-05,20,RUL > 125
11,111,129.0,0.010198825,2.359537255639101e-05,20,RUL > 125
11,112,128.0,0.010189958,2.7818795112781907e-05,20,RUL > 125
11,113,127.0,0.010316339,3.7399957518797106e-05,20,RUL > 125
11,114,126.0,0.010135142,4.275998684210531e-05,20,RUL > 125
11,115,125.0,0.010340705,5.04114229323308e-05,20,76-125
11,116,124.0,0.010169216,5.518595827067671e-05,20,76-125
11,117,123.0,0.010035897,5.300080488721801e-05,20,76-125
11,118,122.0,0.010464315,5.815002293233082e-05,20,76-125
11,119,121.0,0.010356277,6.215968458646613e-05,20,76-125
11,120,120.0,0.010667766,6.708622744360895e-05,20,76-125
11,121,119.0,0.010755198,6.909187330827076e-05,20,76-125
11,122,118.0,0.010630699,6.853530902255633e-05,20,76-125
11,123,117.0,0.010443489,6.35983639097744e-05,20,76-125
11,124,116.0,0.010223923,5.499038233082712e-05,20,76-125
11,125,115.0,0.010562202,5.108876578947366e-05,20,76-125
11,126,114.0,0.010520292,4.256441766917287e-05,20,76-125
11,127,113.0,0.010618204,3.520064398496241e-05,20,76-125
11,128,112.0,0.010891998,3.420998383458645e-05,20,76-125
11,129,111.0,0.011075849,3.798845676691726e-05,20,76-125
11,130,110.0,0.011074485,4.078756315789459e-05,20,76-125
11,131,109.0,0.011278217,4.7644623308270666e-05,20,76-125
11,132,108.0,0.01103428,4.92537180451127e-05,20,76-125
11,133,107.0,0.010984779,5.088148796992482e-05,20,76-125
11,134,106.0,0.011392664,5.447000827067689e-05,20,76-125
11,135,105.0,0.011305327,5.816557819548872e-05,20,76-125
11,136,104.0,0.011580202,6.162965338345863e-05,20,76-125
11,137,103.0,0.011613311,6.133989398496236e-05,20,76-125
11,138,102.0,0.011586195,6.505520676691714e-05,20,76-125
11,139,101.0,0.011610301,6.572199022556393e-05,20,76-125
11,140,100.0,0.011420432,6.67088563909775e-05,20,76-125
11,141,99.0,0.011144768,6.400634210526279e-05,20,76-125
11,142,98.0,0.011134572,5.8606577443608935e-05,20,76-125
11,143,97.0,0.0111141475,4.920138308270671e-05,20,76-125
11,144,96.0,0.011308225,3.8093383834586486e-05,20,76-125
11,145,95.0,0.011411209,3.21673026315788e-05,20,76-125
11,146,94.0,0.011390833,2.4011696616541386e-05,20,76-125
11,147,93.0,0.011509453,1.7787556766917605e-05,20,76-125
11,148,92.0,0.011411899,1.3152627443609024e-05,20,76-125
11,149,91.0,0.011642717,1.3936202631578854e-05,20,76-125
11,150,90.0,0.011266306,8.468507894736948e-06,20,76-125
11,151,89.0,0.011323264,6.742867293232861e-06,20,76-125
11,152,88.0,0.011548363,4.313549999999974e-06,20,76-125
11,153,87.0,0.011686472,2.3025665413533545e-06,20,76-125
11,154,86.0,0.011824292,7.645552255639177e-06,20,76-125
11,155,85.0,0.011329459,3.891425187970085e-06,20,76-125
11,156,84.0,0.01123247,3.0555838345865487e-06,20,76-125
11,157,83.0,0.011394853,5.5851785714287204e-06,20,76-125
11,158,82.0,0.011445856,8.743748496240571e-06,20,76-125
11,159,81.0,0.011493567,1.3175561278195516e-05,20,76-125
11,160,80.0,0.011512974,1.5062225187969933e-05,20,76-125
11,161,79.0,0.011119626,6.8378815789474064e-06,20,76-125
11,162,78.0,0.011136715,-1.2655154135338003e-06,20,76-125
11,163,77.0,0.010999782,-1.165081278195495e-05,20,76-125
11,164,76.0,0.010645546,-2.386026466165416e-05,20,76-125
11,165,75.0,0.010796201,-3.129492932330803e-05,20,31-75
11,166,74.0,0.01035147,-4.4479796240601345e-05,20,31-75
11,167,73.0,0.010241967,-5.579309248120274e-05,20,31-75
11,168,72.0,0.010253633,-6.657406390977456e-05,20,31-75
11,169,71.0,0.0100946585,-7.42398515037594e-05,20,31-75
11,170,70.0,0.009978184,-8.718498458646635e-05,20,31-75
11,171,69.0,0.010190214,-9.426475526315839e-05,20,31-75
11,172,68.0,0.009833568,-0.00010118143947368394,20,31-75
11,173,67.0,0.009617676,-0.00010642298759398472,20,31-75
11,174,66.0,0.009778089,-0.00010408584473684213,20,31-75
11,175,65.0,0.009764817,-0.00010667445751879598,20,31-75
11,176,64.0,0.009839904,-0.00010736895902255621,20,31-75
11,177,63.0,0.009944609,-0.00010190964849624053,20,31-75
11,178,62.0,0.010289649,-8.85350665413532e-05,20,31-75
11,179,61.0,0.010385188,-7.130365300751853e-05,20,31-75
11,180,60.0,0.010135284,-5.566913496240617e-05,20,31-75
11,181,59.0,0.00996737,-4.657243195488715e-05,20,31-75
11,182,58.0,0.010034191,-3.4518601127819624e-05,20,31-75
11,183,57.0,0.01010034,-2.2023953759398427e-05,20,31-75
11,184,56.0,0.010713583,-5.009347744360988e-06,20,31-75
11,185,55.0,0.010825394,1.5879010150376072e-05,20,31-75
11,186,54.0,0.010928871,3.117964323308266e-05,20,31-75
11,187,53.0,0.010618576,3.9450223684210406e-05,20,31-75
11,188,52.0,0.011222644,5.5968217669172675e-05,20,31-75
11,189,51.0,0.011381294,7.078535714285736e-05,20,31-75
11,190,50.0,0.011635176,8.54555210526312e-05,20,31-75
11,191,49.0,0.0117801465,0.00010305281691729316,20,31-75
11,192,48.0,0.011931962,0.0001147967770676694,20,31-75
11,193,47.0,0.011987866,0.00012077506503759446,20,31-75
11,194,46.0,0.012531446,0.00013348742293233125,20,31-75
11,195,45.0,0.013254208,0.00015217500789473646,20,31-75
11,196,44.0,0.013714216,0.00017337251541353404,20,31-75
11,197,43.0,0.014028566,0.00019488794097744378,20,31-75
11,198,42.0,0.014216445,0.0002183940635338346,20,31-75
11,199,41.0,0.014519398,0.00024183164022556445,20,31-75
11,200,40.0,0.014875821,0.0002601982642857146,20,31-75
11,201,39.0,0.015045171,0.00027120427330827113,20,31-75
11,202,38.0,0.015359165,0.00028011518834586483,20,31-75
11,203,37.0,0.01594941,0.0002904951530075205,20,31-75
11,204,36.0,0.016575254,0.0003107029364661653,20,31-75
11,205,35.0,0.01766355,0.0003394086996240591,20,31-75
11,206,34.0,0.018062834,0.0003651694259398499,20,31-75
11,207,33.0,0.019096637,0.0003900716078947362,20,31-75
11,208,32.0,0.01972774,0.0004207784988721807,20,31-75
11,209,31.0,0.02049634,0.0004521807718045119,20,31-75
11,210,30.0,0.02225731,0.0004990415860902274,20,0-30
11,211,29.0,0.023475446,0.0005496202172932318,20,0-30
11,212,28.0,0.024377469,0.0005978950616541333,20,0-30
11,213,27.0,0.026285242,0.0006555914526315794,20,0-30
11,214,26.0,0.026986891,0.0007103944293233072,20,0-30
11,215,25.0,0.028187755,0.0007720271263157899,20,0-30
11,216,24.0,0.029730951,0.0008405123030075185,20,0-30
11,217,23.0,0.030984627,0.0009077852421052665,20,0-30
11,218,22.0,0.032436103,0.0009732622270676661,20,0-30
11,219,21.0,0.034240235,0.0010418980127819561,20,0-30
11,220,20.0,0.036029644,0.0011120691218045125,20,0-30
11,221,19.0,0.038935337,0.00119461381804511,20,0-30
11,222,18.0,0.041662015,0.001285143795488725,20,0-30
11,223,17.0,0.04494963,0.001392406201503754,20,0-30
11,224,16.0,0.048032038,0.0015099754015037638,20,0-30
11,225,15.0,0.050597925,0.0016340803165413474,20,0-30
11,226,14.0,0.053484634,0.0017562030398496306,20,0-30
11,227,13.0,0.058397714,0.0019115699609022654,20,0-30
11,228,12.0,0.06292077,0.002082417387969917,20,0-30
11,229,11.0,0.06821349,0.002276058965413522,20,0-30
11,230,10.0,0.07337473,0.0024994822195488742,20,0-30
11,231,9.0,0.07919646,0.0027484384706767083,20,0-30
11,232,8.0,0.083968244,0.0029960145345864627,20,0-30
11,233,7.0,0.0900006,0.0032702796563909894,20,0-30
11,234,6.0,0.09589525,0.003544020163909761,20,0-30
11,235,5.0,0.1017684,0.0038170022323307925,20,0-30
11,236,4.0,0.110056326,0.004122101909774429,20,0-30
11,237,3.0,0.116604835,0.004419756562406014,20,0-30
11,238,2.0,0.12606347,0.004746700421804479,20,0-30
11,239,1.0,0.13446732,0.005081392542857142,20,0-30
11,240,0.0,0.14400941,0.00542993664060151,20,0-30
13,49,114.0,0.0089259185,-5.493278947368411e-05,20,76-125
13,50,113.0,0.008736465,-4.8122373684210634e-05,20,76-125
13,51,112.0,0.008693596,-4.370397518796998e-05,20,76-125
13,52,111.0,0.008681111,-3.77501703007519e-05,20,76-125
13,53,110.0,0.0087374635,-3.104537894736846e-05,20,76-125
13,54,109.0,0.008843126,-2.479727593984969e-05,20,76-125
13,55,108.0,0.008710645,-2.759504285714281e-05,20,76-125
13,56,107.0,0.008683805,-2.8335130827067653e-05,20,76-125
13,57,106.0,0.008809567,-2.3199774436090166e-05,20,76-125
13,58,105.0,0.0089575425,-1.4409956766917202e-05,20,76-125
13,59,104.0,0.009146704,-3.110779323308187e-06,20,76-125
13,60,103.0,0.009073988,8.539078571428605e-06,20,76-125
13,61,102.0,0.009097013,2.0604726691729396e-05,20,76-125
13,62,101.0,0.0092540635,3.187170000000004e-05,20,76-125
13,63,100.0,0.009500318,4.0619367669172944e-05,20,76-125
13,64,99.0,0.009615334,5.03109714285715e-05,20,76-125
13,65,98.0,0.0097522875,5.566503721804514e-05,20,76-125
13,66,97.0,0.009824252,5.87621560150377e-05,20,76-125
13,67,96.0,0.010094869,6.745362067669169e-05,20,76-125
13,68,95.0,0.010067346,7.375099436090217e-05,20,76-125
13,69,94.0,0.009790007,7.90469285714285e-05,20,76-125
13,70,93.0,0.009797657,8.016139624060144e-05,20,76-125
13,71,92.0,0.00982595,7.94073932330826e-05,20,76-125
13,72,91.0,0.009981042,7.896907067669164e-05,20,76-125
13,73,90.0,0.010182484,8.034348383458634e-05,20,76-125
13,74,89.0,0.010304441,8.295553195488725e-05,20,76-125
13,75,88.0,0.010186888,7.959898007518805e-05,20,76-125
13,76,87.0,0.01012233,7.267646729323317e-05,20,76-125
13,77,86.0,0.010059171,6.46742033834586e-05,20,76-125
13,78,85.0,0.010252088,5.988524812030084e-05,20,76-125
13,79,84.0,0.010015276,5.275333984962408e-05,20,76-125
13,80,83.0,0.009950018,4.223490375939852e-05,20,76-125
13,81,82.0,0.010059993,3.2333753383458534e-05,20,76-125
13,82,81.0,0.010344392,2.752710037593995e-05,20,76-125
13,83,80.0,0.010276177,2.399458458646602e-05,20,76-125
13,84,79.0,0.010184466,1.9801248496240548e-05,20,76-125
13,85,78.0,0.010044202,1.4910727067669184e-05,20,76-125
13,86,77.0,0.010329204,1.478897518797001e-05,20,76-125
13,87,76.0,0.010367807,1.8732268421052596e-05,20,76-125
13,88,75.0,0.01037592,2.194645488721804e-05,20,31-75
13,89,74.0,0.010320672,1.952832631578931e-05,20,31-75
13,90,73.0,0.010439402,1.812913759398493e-05,20,31-75
13,91,72.0,0.01044351,1.6270336090225534e-05,20,31-75
13,92,71.0,0.01087624,2.211355112781961e-05,20,31-75
13,93,70.0,0.010757593,2.809630977443609e-05,20,31-75
13,94,69.0,0.010705636,3.4397636842105014e-05,20,31-75
13,95,68.0,0.010995907,4.238629172932324e-05,20,31-75
13,96,67.0,0.010994663,4.812126842105258e-05,20,31-75
13,97,66.0,0.010555769,4.527730451127826e-05,20,31-75
13,98,65.0,0.010567122,4.4894820300751866e-05,20,31-75
13,99,64.0,0.011019991,4.676902105263148e-05,20,31-75
13,100,63.0,0.010765546,4.2467054135338267e-05,20,31-75
13,101,62.0,0.010984011,4.179610526315785e-05,20,31-75
13,102,61.0,0.010967228,4.398640902255644e-05,20,31-75
13,103,60.0,0.010963528,4.411018120300756e-05,20,31-75
13,104,59.0,0.011093494,4.360893157894734e-05,20,31-75
13,105,58.0,0.011295035,4.240518496240602e-05,20,31-75
13,106,57.0,0.011387685,4.514408947368407e-05,20,31-75
13,107,56.0,0.0112008685,4.423200714285715e-05,20,31-75
13,108,55.0,0.010927739,3.829345075187972e-05,20,31-75
13,109,54.0,0.011243216,3.5159568796992416e-05,20,31-75
13,110,53.0,0.011249915,3.260878684210526e-05,20,31-75
13,111,52.0,0.011156221,2.7565565789473674e-05,20,31-75
13,112,51.0,0.011103751,2.7533606390977462e-05,20,31-75
13,113,50.0,0.011082679,2.4985122932330957e-05,20,31-75
13,114,49.0,0.0112530915,2.3561878947368467e-05,20,31-75
13,115,48.0,0.011305139,2.664215563909765e-05,20,31-75
13,116,47.0,0.0107533345,2.1354858270676642e-05,20,31-75
13,117,46.0,0.011068996,1.4010005639097797e-05,20,31-75
13,118,45.0,0.0109085925,3.781162406014948e-06,20,31-75
13,119,44.0,0.010793598,-1.4533857142856674e-06,20,31-75
13,120,43.0,0.010853636,-9.507360150376045e-06,20,31-75
13,121,42.0,0.011082213,-1.0978967669172982e-05,20,31-75
13,122,41.0,0.010791027,-1.7023042105263096e-05,20,31-75
13,123,40.0,0.011040661,-1.9294373684210544e-05,20,31-75
13,124,39.0,0.0117375245,-9.674407142857015e-06,20,31-75
13,125,38.0,0.011677084,1.2958830827067857e-06,20,31-75
13,126,37.0,0.012107726,1.9306586842105347e-05,20,31-75
13,127,36.0,0.012125901,3.3544430827067695e-05,20,31-75
13,128,35.0,0.012268861,4.412096315789471e-05,20,31-75
13,129,34.0,0.012021179,5.412367218045114e-05,20,31-75
13,130,33.0,0.01270201,7.27884428571427e-05,20,31-75
13,131,32.0,0.013104575,9.354116165413552e-05,20,31-75
13,132,31.0,0.013548985,0.0001168842654135339,20,31-75
13,133,30.0,0.013651422,0.00013768099548872175,20,0-30
13,134,29.0,0.014318589,0.0001668366349624064,20,0-30
13,135,28.0,0.015171542,0.0002043893492481205,20,0-30
13,136,27.0,0.01606855,0.00024022962105263164,20,0-30
13,137,26.0,0.016968464,0.00028591713082706794,20,0-30
13,138,25.0,0.017612353,0.000329398987593985,20,0-30
13,139,24.0,0.018709606,0.000376659341729324,20,0-30
13,140,23.0,0.02018613,0.0004340570928571432,20,0-30
13,141,22.0,0.020900896,0.0004912410718045082,20,0-30
13,142,21.0,0.022249468,0.0005483277545112778,20,0-30
13,143,20.0,0.024507303,0.0006243800740601514,20,0-30
13,144,19.0,0.02640351,0.000718273583458648,20,0-30
13,145,18.0,0.02828599,0.0008160512270676694,20,0-30
13,146,17.0,0.030461065,0.0009267251827067668,20,0-30
13,147,16.0,0.032322325,0.0010366765345864628,20,0-30
13,148,15.0,0.03482754,0.0011543033729323278,20,0-30
13,149,14.0,0.037712414,0.0012753091030075108,20,0-30
13,150,13.0,0.040875707,0.0014136212601503731,20,0-30
13,151,12.0,0.044791415,0.0015718619308270714,20,0-30
13,152,11.0,0.04858774,0.001743703432330827,20,0-30
13,153,10.0,0.05292156,0.0019263842172932309,20,0-30
13,154,9.0,0.05573324,0.002100713236090224,20,0-30
13,155,8.0,0.060982626,0.00230122349172932,20,0-30
13,156,7.0,0.06534762,0.0025093652406014974,20,0-30
13,157,6.0,0.07205825,0.002753478436090231,20,0-30
13,158,5.0,0.077501185,0.0030026727308270474,20,0-30
13,159,4.0,0.08668182,0.0033102856075188066,20,0-30
13,160,3.0,0.094305314,0.003647905222556389,20,0-30
13,161,2.0,0.10261134,0.0040040107112781975,20,0-30
13,162,1.0,0.111986324,0.004392464936842107,20,0-30
13,163,0.0,0.12228276,0.004828718490977471,20,0-30
19,49,109.0,0.008498646,-8.220847781954879e-05,20,76-125
19,50,108.0,0.008742,-8.786172293233097e-05,20,76-125
19,51,107.0,0.00867496,-9.406265075187956e-05,20,76-125
19,52,106.0,0.008620917,-9.608882894736849e-05,20,76-125
19,53,105.0,0.008589667,-9.927238571428563e-05,20,76-125
19,54,104.0,0.008650463,-9.731751954887228e-05,20,76-125
19,55,103.0,0.008653486,-9.224600413533835e-05,20,76-125
19,56,102.0,0.008713496,-8.279119135338339e-05,20,76-125
19,57,101.0,0.00857293,-7.525185263157885e-05,20,76-125
19,58,100.0,0.008345168,-7.027704210526303e-05,20,76-125
19,59,99.0,0.008109889,-6.380453759398486e-05,20,76-125
19,60,98.0,0.008135975,-5.676932030075189e-05,20,76-125
19,61,97.0,0.008155213,-4.770574436090206e-05,20,76-125
19,62,96.0,0.008351206,-4.230118496240599e-05,20,76-125
19,63,95.0,0.0083672935,-4.150665375939841e-05,20,76-125
19,64,94.0,0.008811248,-3.1994865037593963e-05,20,76-125
19,65,93.0,0.008852668,-1.9822137218045087e-05,20,76-125
19,66,92.0,0.008929704,-8.175409398496261e-06,20,76-125
19,67,91.0,0.009078906,3.3773184210526207e-06,20,76-125
19,68,90.0,0.009293646,1.5865918421052505e-05,20,76-125
19,69,89.0,0.009537994,2.7443729699248106e-05,20,76-125
19,70,88.0,0.009666604,4.31383289473683e-05,20,76-125
19,71,87.0,0.009636807,5.595834849624044e-05,20,76-125
19,72,86.0,0.009814657,6.901938533834576e-05,20,76-125
19,73,85.0,0.009939344,8.157314624060139e-05,20,76-125
19,74,84.0,0.009900698,9.250516879699247e-05,20,76-125
19,75,83.0,0.009881616,0.00010133227030075202,20,76-125
19,76,82.0,0.010078339,0.00011207041466165403,20,76-125
19,77,81.0,0.010213664,0.00012046991466165391,20,76-125
19,78,80.0,0.010252801,0.00012336500338345864,20,76-125
19,79,79.0,0.010501969,0.0001232360823308271,20,76-125
19,80,78.0,0.010346651,0.0001177031041353384,20,76-125
19,81,77.0,0.011160871,0.00012078127330827072,20,76-125
19,82,76.0,0.011100568,0.00012157281090225575,20,76-125
19,83,75.0,0.011372405,0.00012236736842105253,20,31-75
19,84,74.0,0.011262253,0.0001240791691729322,20,31-75
19,85,73.0,0.011392623,0.00012462167669172913,20,31-75
19,86,72.0,0.011226676,0.00012019038947368406,20,31-75
19,87,71.0,0.01117726,0.00011395488721804507,20,31-75
19,88,70.0,0.011138067,0.0001073946969924811,20,31-75
19,89,69.0,0.011554761,0.00010787183909774423,20,31-75
19,90,68.0,0.011388143,0.00010496667593984961,20,31-75
19,91,67.0,0.011398181,9.914565338345858e-05,20,31-75
19,92,66.0,0.011039382,8.835840601503774e-05,20,31-75
19,93,65.0,0.010973326,7.675455187969925e-05,20,31-75
19,94,64.0,0.010853399,6.127239473684204e-05,20,31-75
19,95,63.0,0.0107763,4.295489548872171e-05,20,31-75
19,96,62.0,0.010772662,2.6346187969924858e-05,20,31-75
19,97,61.0,0.011046146,1.47370105263159e-05,20,31-75
19,98,60.0,0.010893299,3.1040451127832463e-07,20,31-75
19,99,59.0,0.010344667,-1.8982724812030177e-05,20,31-75
19,100,58.0,0.01032174,-4.081922781954892e-05,20,31-75
19,101,57.0,0.010533,-4.674416541353396e-05,20,31-75
19,102,56.0,0.010485145,-5.336073157894742e-05,20,31-75
19,103,55.0,0.010432591,-5.551045789473669e-05,20,31-75
19,104,54.0,0.010677758,-5.448378646616547e-05,20,31-75
19,105,53.0,0.010780389,-4.9053544360902376e-05,20,31-75
19,106,52.0,0.010869037,-4.4056465413533884e-05,20,31-75
19,107,51.0,0.010671881,-4.211835037593999e-05,20,31-75
19,108,50.0,0.010608061,-4.0950818045112714e-05,20,31-75
19,109,49.0,0.010432311,-3.49176195488723e-05,20,31-75
19,110,48.0,0.010505018,-2.878866541353388e-05,20,31-75
19,111,47.0,0.009595864,-3.416112330827054e-05,20,31-75
19,112,46.0,0.009753791,-4.02324774436092e-05,20,31-75
19,113,45.0,0.0098924795,-4.3432337218045114e-05,20,31-75
19,114,44.0,0.010314214,-4.087566954887223e-05,20,31-75
19,115,43.0,0.010133701,-4.13043071428571e-05,20,31-75
19,116,42.0,0.010184563,-4.009747255639095e-05,20,31-75
19,117,41.0,0.010250752,-3.27425530075189e-05,20,31-75
19,118,40.0,0.010293348,-2.599641165413534e-05,20,31-75
19,119,39.0,0.01011781,-2.9518384586466068e-05,20,31-75
19,120,38.0,0.01065713,-2.5356653007518944e-05,20,31-75
19,121,37.0,0.010731706,-1.729821165413524e-05,20,31-75
19,122,36.0,0.011442064,-1.4621015037589392e-07,20,31-75
19,123,35.0,0.01179957,1.98442439849623e-05,20,31-75
19,124,34.0,0.011731189,4.067327706766911e-05,20,31-75
19,125,33.0,0.012073814,6.64333357142855e-05,20,31-75
19,126,32.0,0.011921519,8.947245676691773e-05,20,31-75
19,127,31.0,0.011607656,0.0001033321515037592,20,31-75
19,128,30.0,0.011761629,0.00011697659586466132,20,0-30
19,129,29.0,0.011985666,0.0001293118800751877,20,0-30
19,130,28.0,0.012193106,0.00014342272593984945,20,0-30
19,131,27.0,0.01193676,0.00013697794473684218,20,0-30
19,132,26.0,0.012330639,0.00013513344624060155,20,0-30
19,133,25.0,0.012291329,0.0001310422353383457,20,0-30
19,134,24.0,0.012468436,0.00013253279774436114,20,0-30
19,135,23.0,0.013045933,0.0001361836804511278,20,0-30
19,136,22.0,0.013412616,0.0001414966796992481,20,0-30
19,137,21.0,0.013815562,0.00014875692481203007,20,0-30
19,138,20.0,0.014527643,0.0001615017075187969,20,0-30
19,139,19.0,0.01566898,0.0001814122909774436,20,0-30
19,140,18.0,0.01595843,0.00020562582932330824,20,0-30
19,141,17.0,0.016174626,0.00022613351804511115,20,0-30
19,142,16.0,0.016473161,0.000253937329323308,20,0-30
19,143,15.0,0.016983751,0.00028711455563909836,20,0-30
19,144,14.0,0.016786251,0.00030859489248120367,20,0-30
19,145,13.0,0.01690469,0.0003295754864661654,20,0-30
19,146,12.0,0.01789771,0.0003550729473684209,20,0-30
19,147,11.0,0.018373068,0.0003734187518796983,20,0-30
19,148,10.0,0.019362593,0.00039815822857142765,20,0-30
19,149,9.0,0.020234197,0.00042745659624059877,20,0-30
19,150,8.0,0.020800877,0.0004557219548872174,20,0-30
19,151,7.0,0.021869473,0.0004822613857142864,20,0-30
19,152,6.0,0.021857966,0.0004999191624060152,20,0-30
19,153,5.0,0.022858089,0.000516916918796992,20,0-30
19,154,4.0,0.024004752,0.0005372021368421051,20,0-30
19,155,3.0,0.024942752,0.0005626578849624054,20,0-30
19,156,2.0,0.026000911,0.0005911299684210517,20,0-30
19,157,1.0,0.0273853,0.000626811575939851,20,0-30
19,158,0.0,0.028489469,0.0006691047894736797,20,0-30
23,49,119.0,0.01061074,-8.537015037593891e-07,20,76-125
23,50,118.0,0.010680677,-9.385661654136064e-07,20,76-125
23,51,117.0,0.010664587,-1.959157142857134e-06,20,76-125
23,52,116.0,0.0105968835,-4.195604887218035e-06,20,76-125
23,53,115.0,0.011151173,5.159613909774519e-06,20,76-125
23,54,114.0,0.010960124,7.261211654135198e-06,20,76-125
23,55,113.0,0.011296738,1.454037406015038e-05,20,76-125
23,56,112.0,0.011448758,2.5094490601503654e-05,20,76-125
23,57,111.0,0.011328452,2.7942664285714287e-05,20,76-125
23,58,110.0,0.0111868465,3.3188420300751866e-05,20,76-125
23,59,109.0,0.010802378,3.594429248120302e-05,20,76-125
23,60,108.0,0.0107380245,3.768586578947365e-05,20,76-125
23,61,107.0,0.010852896,3.567889511278207e-05,20,76-125
23,62,106.0,0.010848273,2.8752604887218024e-05,20,76-125
23,63,105.0,0.010710708,2.1453767293233185e-05,20,76-125
23,64,104.0,0.010643944,1.5692485338345937e-05,20,76-125
23,65,103.0,0.010447647,9.863736466165408e-06,20,76-125
23,66,102.0,0.010620143,3.751619924812003e-06,20,76-125
23,67,101.0,0.010708448,-3.6380342105262425e-06,20,76-125
23,68,100.0,0.0106085185,-1.3740913533834532e-05,20,76-125
23,69,99.0,0.010299054,-2.5247945112781785e-05,20,76-125
23,70,98.0,0.010245877,-3.594167894736851e-05,20,76-125
23,71,97.0,0.010324498,-4.5112473684210363e-05,20,76-125
23,72,96.0,0.010373225,-5.4144759022556404e-05,20,76-125
23,73,95.0,0.010545233,-5.163151917293226e-05,20,76-125
23,74,94.0,0.010456867,-5.248602593984957e-05,20,76-125
23,75,93.0,0.010170508,-5.135964022556385e-05,20,76-125
23,76,92.0,0.010451135,-4.2130402631578785e-05,20,76-125
23,77,91.0,0.010562529,-3.170920563909791e-05,20,76-125
23,78,90.0,0.010554693,-2.2484063909774408e-05,20,76-125
23,79,89.0,0.010247308,-2.2770084962405947e-05,20,76-125
23,80,88.0,0.010126538,-2.496280789473703e-05,20,76-125
23,81,87.0,0.010339088,-2.1385813157894836e-05,20,76-125
23,82,86.0,0.010256332,-1.829139812030078e-05,20,76-125
23,83,85.0,0.009839656,-2.2431439473684375e-05,20,76-125
23,84,84.0,0.009725342,-2.7948853759398445e-05,20,76-125
23,85,83.0,0.009364495,-4.0339295112782e-05,20,76-125
23,86,82.0,0.009623337,-4.4679572556390934e-05,20,76-125
23,87,81.0,0.009670239,-4.545657556390971e-05,20,76-125
23,88,80.0,0.009641,-4.666789624060143e-05,20,76-125
23,89,79.0,0.009737824,-4.992738345864663e-05,20,76-125
23,90,78.0,0.009769374,-5.273183834586478e-05,20,76-125
23,91,77.0,0.009522216,-5.710919172932294e-05,20,76-125
23,92,76.0,0.009315672,-6.246136090225572e-05,20,76-125
23,93,75.0,0.009365527,-6.27950947368419e-05,20,31-75
23,94,74.0,0.009272576,-6.407795864661657e-05,20,31-75
23,95,73.0,0.00940611,-6.619376315789473e-05,20,31-75
23,96,72.0,0.009220949,-6.537430150375924e-05,20,31-75
23,97,71.0,0.009209965,-6.110299774436068e-05,20,31-75
23,98,70.0,0.009048072,-5.723424661654121e-05,20,31-75
23,99,69.0,0.009200451,-5.3776504511278235e-05,20,31-75
23,100,68.0,0.00941355,-4.760716466165421e-05,20,31-75
23,101,67.0,0.009475072,-3.613072406015033e-05,20,31-75
23,102,66.0,0.009820788,-1.9722884962405953e-05,20,31-75
23,103,65.0,0.009643339,-1.177417293233081e-05,20,31-75
23,104,64.0,0.009566228,-6.43679097744375e-06,20,31-75
23,105,63.0,0.009933162,-1.3158097744361013e-06,20,31-75
23,106,62.0,0.009857749,5.959683458646496e-06,20,31-75
23,107,61.0,0.0102601005,1.937111390977439e-05,20,31-75
23,108,60.0,0.010197189,3.053513045112774e-05,20,31-75
23,109,59.0,0.010067488,4.0538701127819496e-05,20,31-75
23,110,58.0,0.009886167,4.7954394360902205e-05,20,31-75
23,111,57.0,0.009667177,4.816353571428577e-05,20,31-75
23,112,56.0,0.009694025,4.527701240601497e-05,20,31-75
23,113,55.0,0.009711243,4.285469285714288e-05,20,31-75
23,114,54.0,0.010014845,4.278202368421043e-05,20,31-75
23,115,53.0,0.010113596,4.511232067669173e-05,20,31-75
23,116,52.0,0.009934639,4.089860563909764e-05,20,31-75
23,117,51.0,0.010021834,3.668388383458648e-05,20,31-75
23,118,50.0,0.0100860065,2.9608851127819453e-05,20,31-75
23,119,49.0,0.009947347,2.1398148872180623e-05,20,31-75
23,120,48.0,0.010087599,1.7432615789473712e-05,20,31-75
23,121,47.0,0.010078992,1.3301918045112781e-05,20,31-75
23,122,46.0,0.010608237,2.128238646616537e-05,20,31-75
23,123,45.0,0.010493885,2.3643294736842023e-05,20,31-75
23,124,44.0,0.010493402,2.350074436090223e-05,20,31-75
23,125,43.0,0.0105440775,2.8481577819548777e-05,20,31-75
23,126,42.0,0.010555277,3.151300263157917e-05,20,31-75
23,127,41.0,0.010226902,3.515736015037582e-05,20,31-75
23,128,40.0,0.010372078,3.9932243609022484e-05,20,31-75
23,129,39.0,0.010539054,4.4781596992481136e-05,20,31-75
23,130,38.0,0.0106633175,4.783405827067656e-05,20,31-75
23,131,37.0,0.01089135,4.951774248120305e-05,20,31-75
23,132,36.0,0.010942028,5.050845225563906e-05,20,31-75
23,133,35.0,0.011043815,5.134842894736834e-05,20,31-75
23,134,34.0,0.010764707,5.099099661654145e-05,20,31-75
23,135,33.0,0.0102936495,4.433578571428576e-05,20,31-75
23,136,32.0,0.010396097,3.6047716541353537e-05,20,31-75
23,137,31.0,0.01046701,2.9455531578947376e-05,20,31-75
23,138,30.0,0.0104873385,2.3497566165413477e-05,20,0-30
23,139,29.0,0.010531582,1.5378783458646402e-05,20,0-30
23,140,28.0,0.010702237,1.1033885714285686e-05,20,0-30
23,141,27.0,0.010882255,8.200506015037515e-06,20,0-30
23,142,26.0,0.011067122,1.5156669172932239e-05,20,0-30
23,143,25.0,0.011222914,2.1842821804511373e-05,20,0-30
23,144,24.0,0.010953718,2.3579406766917355e-05,20,0-30
23,145,23.0,0.011028124,2.6486869548872035e-05,20,0-30
23,146,22.0,0.01135955,3.3577934210526375e-05,20,0-30
23,147,21.0,0.011473236,3.5898783082706854e-05,20,0-30
23,148,20.0,0.011363792,3.7074212406014894e-05,20,0-30
23,149,19.0,0.011494875,4.1267419924811716e-05,20,0-30
23,150,18.0,0.011800358,5.0349400751879525e-05,20,0-30
23,151,17.0,0.012008717,6.429861654135351e-05,20,0-30
23,152,16.0,0.011905653,7.589541729323313e-05,20,0-30
23,153,15.0,0.012361197,9.415809248120289e-05,20,0-30
23,154,14.0,0.012603346,0.00010949204511278187,20,0-30
23,155,13.0,0.012420212,0.00011200717706766919,20,0-30
23,156,12.0,0.012567041,0.00011503961992481177,20,0-30
23,157,11.0,0.0132938735,0.000126310485714286,20,0-30
23,158,10.0,0.01406267,0.00014463421240601434,20,0-30
23,159,9.0,0.015202595,0.00017456472518797035,20,0-30
23,160,8.0,0.015942076,0.0002107297251879698,20,0-30
23,161,7.0,0.016497206,0.00024978808609022574,20,0-30
23,162,6.0,0.017464098,0.00029713460714285737,20,0-30
23,163,5.0,0.017875934,0.00034320486052631785,20,0-30
23,164,4.0,0.019065835,0.00039201869511278255,20,0-30
23,165,3.0,0.02000161,0.00044317690338345787,20,0-30
23,166,2.0,0.020830467,0.0004979150041353378,20,0-30
23,167,1.0,0.02202028,0.0005572034951127798,20,0-30
23,168,0.0,0.023507169,0.0006201449778195492,20,0-30
31,49,185.0,0.010729002,2.1403419924812e-05,20,RUL > 125
31,50,184.0,0.010620093,2.360400488721802e-05,20,RUL > 125
31,51,183.0,0.010493392,2.379701090225567e-05,20,RUL > 125
31,52,182.0,0.010703666,2.7168095864661652e-05,20,RUL > 125
31,53,181.0,0.010774844,3.264198383458645e-05,20,RUL > 125
31,54,180.0,0.0108166,3.374852969924803e-05,20,RUL > 125
31,55,179.0,0.010840872,3.5701379323308315e-05,20,RUL > 125
31,56,178.0,0.010600892,3.653390714285718e-05,20,RUL > 125
31,57,177.0,0.010566257,3.7345008646616696e-05,20,RUL > 125
31,58,176.0,0.010492076,3.554179736842117e-05,20,RUL > 125
31,59,175.0,0.010304079,2.8256341729323304e-05,20,RUL > 125
31,60,174.0,0.010040533,1.2284978571428536e-05,20,RUL > 125
31,61,173.0,0.009984471,-2.9711161654133613e-06,20,RUL > 125
31,62,172.0,0.009935933,-1.687484887218039e-05,20,RUL > 125
31,63,171.0,0.010006131,-2.7937771428571352e-05,20,RUL > 125
31,64,170.0,0.010180961,-3.510936616541348e-05,20,RUL > 125
31,65,169.0,0.009943512,-4.314907744360901e-05,20,RUL > 125
31,66,168.0,0.009865066,-4.8431197744360794e-05,20,RUL > 125
31,67,167.0,0.009696602,-5.365439473684208e-05,20,RUL > 125
31,68,166.0,0.010033746,-5.5056303759398456e-05,20,RUL > 125
31,69,165.0,0.010166016,-5.1142100751879624e-05,20,RUL > 125
31,70,164.0,0.010117156,-4.879891804511293e-05,20,RUL > 125
31,71,163.0,0.010540024,-4.1659009774436e-05,20,RUL > 125
31,72,162.0,0.010504221,-3.178058045112781e-05,20,RUL > 125
31,73,161.0,0.01035714,-2.2579527819548914e-05,20,RUL > 125
31,74,160.0,0.0102018025,-1.4310150751879667e-05,20,RUL > 125
31,75,159.0,0.010532368,-1.0659774436027608e-08,20,RUL > 125
31,76,158.0,0.010410243,9.218946240601501e-06,20,RUL > 125
31,77,157.0,0.010420344,1.833267406015018e-05,20,RUL > 125
31,78,156.0,0.010288069,2.460489812030071e-05,20,RUL > 125
31,79,155.0,0.009840897,2.1827354511278135e-05,20,RUL > 125
31,80,154.0,0.009817989,1.5257815413533668e-05,20,RUL > 125
31,81,153.0,0.009894977,9.23756804511279e-06,20,RUL > 125
31,82,152.0,0.009786506,1.0359229323309411e-06,20,RUL > 125
31,83,151.0,0.009703985,-7.011501879699366e-06,20,RUL > 125
31,84,150.0,0.009714218,-1.1697912406014989e-05,20,RUL > 125
31,85,149.0,0.009589104,-2.121899135338354e-05,20,RUL > 125
31,86,148.0,0.009653691,-3.0523075563909566e-05,20,RUL > 125
31,87,147.0,0.009438194,-4.524778909774424e-05,20,RUL > 125
31,88,146.0,0.009483154,-5.3618307142856966e-05,20,RUL > 125
31,89,145.0,0.009538958,-5.827519360902271e-05,20,RUL > 125
31,90,144.0,0.009629288,-6.147018082706782e-05,20,RUL > 125
31,91,143.0,0.009817725,-5.456271165413508e-05,20,RUL > 125
31,92,142.0,0.010191824,-4.1790117669172886e-05,20,RUL > 125
31,93,141.0,0.010172211,-3.1150271052631415e-05,20,RUL > 125
31,94,140.0,0.010049592,-2.4436733082706838e-05,20,RUL > 125
31,95,139.0,0.010094611,-1.1631723308270694e-05,20,RUL > 125
31,96,138.0,0.010351461,3.5725639097744805e-06,20,RUL > 125
31,97,137.0,0.010215624,1.708420601503768e-05,20,RUL > 125
31,98,136.0,0.009881994,2.4049002255639048e-05,20,RUL > 125
31,99,135.0,0.009835781,2.3903641353383323e-05,20,RUL > 125
31,100,134.0,0.009811234,2.3053596992481052e-05,20,RUL > 125
31,101,133.0,0.009462168,1.8442653383458636e-05,20,RUL > 125
31,102,132.0,0.0094508575,1.2608271804511363e-05,20,RUL > 125
31,103,131.0,0.009234712,2.887868796992423e-06,20,RUL > 125
31,104,130.0,0.009317232,-4.7864296992481306e-06,20,RUL > 125
31,105,129.0,0.00897718,-1.8697126691729425e-05,20,RUL > 125
31,106,128.0,0.009107045,-2.8812628195488888e-05,20,RUL > 125
31,107,127.0,0.009022744,-4.2712989849624244e-05,20,RUL > 125
31,108,126.0,0.009155144,-5.338729135338344e-05,20,RUL > 125
31,109,125.0,0.009293167,-6.071547180451146e-05,20,76-125
31,110,124.0,0.009332146,-6.569093571428572e-05,20,76-125
31,111,123.0,0.009258297,-6.829923421052628e-05,20,76-125
31,112,122.0,0.009045079,-6.720543270676714e-05,20,76-125
31,113,121.0,0.009226198,-6.210946729323305e-05,20,76-125
31,114,120.0,0.009415446,-5.4823472556391004e-05,20,76-125
31,115,119.0,0.009639152,-4.267724849624066e-05,20,76-125
31,116,118.0,0.009764553,-2.3999154511278102e-05,20,76-125
31,117,117.0,0.009635769,-8.423058270676782e-06,20,76-125
31,118,116.0,0.009506794,9.146582706766042e-07,20,76-125
31,119,115.0,0.009804588,1.4341106390977502e-05,20,76-125
31,120,114.0,0.009801346,2.738056278195481e-05,20,76-125
31,121,113.0,0.009861447,3.5781905639097815e-05,20,76-125
31,122,112.0,0.009780054,4.2241484962406094e-05,20,76-125
31,123,111.0,0.009774744,4.4717351127819534e-05,20,76-125
31,124,110.0,0.00975142,4.7350886466165405e-05,20,76-125
31,125,109.0,0.010009227,4.7645222556390975e-05,20,76-125
31,126,108.0,0.010130966,5.0177236842105414e-05,20,76-125
31,127,107.0,0.01033236,5.271550902255636e-05,20,76-125
31,128,106.0,0.010430589,5.677823157894726e-05,20,76-125
31,129,105.0,0.010410402,6.081391654135332e-05,20,76-125
31,130,104.0,0.01025807,6.160883533834564e-05,20,76-125
31,131,103.0,0.010329355,6.0863707518796964e-05,20,76-125
31,132,102.0,0.010311549,5.4886994736842094e-05,20,76-125
31,133,101.0,0.010276471,4.9364475187969896e-05,20,76-125
31,134,100.0,0.01031718,4.5832281203007634e-05,20,76-125
31,135,99.0,0.0106752245,4.959121766917289e-05,20,76-125
31,136,98.0,0.010841133,5.614228759398499e-05,20,76-125
31,137,97.0,0.011084278,6.251450864661652e-05,20,76-125
31,138,96.0,0.010948854,6.273744473684213e-05,20,76-125
31,139,95.0,0.010983015,6.598189436090226e-05,20,76-125
31,140,94.0,0.01121002,7.064601240601498e-05,20,76-125
31,141,93.0,0.011529057,7.869845827067626e-05,20,76-125
31,142,92.0,0.011340936,8.027062443609004e-05,20,76-125
31,143,91.0,0.0110170385,7.478465037593985e-05,20,76-125
31,144,90.0,0.010680744,6.225808345864664e-05,20,76-125
31,145,89.0,0.010578996,5.09511308270677e-05,20,76-125
31,146,88.0,0.010351729,3.7462906015037525e-05,20,76-125
31,147,87.0,0.01064352,3.09910548872181e-05,20,76-125
31,148,86.0,0.01083288,2.8307421052631568e-05,20,76-125
31,149,85.0,0.010752725,2.3555024812030022e-05,20,76-125
31,150,84.0,0.010304496,9.479343609022471e-06,20,76-125
31,151,83.0,0.010247944,-4.34848421052665e-06,20,76-125
31,152,82.0,0.00994332,-2.2686808270676855e-05,20,76-125
31,153,81.0,0.009817741,-4.2819253383458446e-05,20,76-125
31,154,80.0,0.009726579,-6.292141954887205e-05,20,76-125
31,155,79.0,0.00949238,-7.982782969924783e-05,20,76-125
31,156,78.0,0.009245132,-9.586803270676659e-05,20,76-125
31,157,77.0,0.009369301,-0.0001038952597744363,20,76-125
31,158,76.0,0.009362455,-0.0001115796477443598,20,76-125
31,159,75.0,0.009359993,-0.00011637426052631621,20,31-75
31,160,74.0,0.009457945,-0.00011374463496240602,20,31-75
31,161,73.0,0.009553854,-0.00010207275526315792,20,31-75
31,162,72.0,0.009752534,-8.756269135338345e-05,20,31-75
31,163,71.0,0.009673564,-7.69063669172935e-05,20,31-75
31,164,70.0,0.0096243,-7.024346466165427e-05,20,31-75
31,165,69.0,0.009301723,-6.820671503759378e-05,20,31-75
31,166,68.0,0.009288507,-6.802648045112764e-05,20,31-75
31,167,67.0,0.010084588,-5.026760375939845e-05,20,31-75
31,168,66.0,0.010187721,-2.7205004511278075e-05,20,31-75
31,169,65.0,0.010483929,-2.0630375939858747e-07,20,31-75
31,170,64.0,0.010552783,2.1102930075188004e-05,20,31-75
31,171,63.0,0.010242958,3.671980225563954e-05,20,31-75
31,172,62.0,0.010704958,5.4134319548872125e-05,20,31-75
31,173,61.0,0.010680441,6.807044736842066e-05,20,31-75
31,174,60.0,0.010500538,7.669983909774412e-05,20,31-75
31,175,59.0,0.010697033,8.327457518796939e-05,20,31-75
31,176,58.0,0.0112640485,9.223410864661636e-05,20,31-75
31,177,57.0,0.011438433,0.00010260944774436075,20,31-75
31,178,56.0,0.011551655,0.00011138267255639043,20,31-75
31,179,55.0,0.011444866,0.0001152994364661647,20,31-75
31,180,54.0,0.011319869,0.00011584199210526273,20,31-75
31,181,53.0,0.011488385,0.00011750638609022585,20,31-75
31,182,52.0,0.011736502,0.00012294329210526278,20,31-75
31,183,51.0,0.01168677,0.00012343943571428538,20,31-75
31,184,50.0,0.011705585,0.00012039913496240601,20,31-75
31,185,49.0,0.011843193,0.00011110158984962416,20,31-75
31,186,48.0,0.011980216,9.973108308270674e-05,20,31-75
31,187,47.0,0.012200692,0.00010003225075187972,20,31-75
31,188,46.0,0.012705501,0.00010599128007518776,20,31-75
31,189,45.0,0.013074283,0.00011810945676691747,20,31-75
31,190,44.0,0.013067975,0.00012732941842105244,20,31-75
31,191,43.0,0.0128466515,0.0001247133984962405,20,31-75
31,192,42.0,0.012476702,0.0001201917939849627,20,31-75
31,193,41.0,0.012630002,0.00011480880225563926,20,31-75
31,194,40.0,0.012448405,0.00010105932330827086,20,31-75
31,195,39.0,0.012203918,8.399060225563883e-05,20,31-75
31,196,38.0,0.012256445,7.435915075187952e-05,20,31-75
31,197,37.0,0.011958197,6.172812744360903e-05,20,31-75
31,198,36.0,0.011734309,4.6904819924811914e-05,20,31-75
31,199,35.0,0.011712785,2.9813216917293075e-05,20,31-75
31,200,34.0,0.012003374,1.4496362781954639e-05,20,31-75
31,201,33.0,0.012568736,8.889060526315655e-06,20,31-75
31,202,32.0,0.012514755,4.803649999999922e-06,20,31-75
31,203,31.0,0.012645668,6.328778195483776e-07,20,31-75
31,204,30.0,0.012445627,-7.5404958646618685e-06,20,0-30
31,205,29.0,0.012829251,-9.17361390977431e-06,20,0-30
31,206,28.0,0.012967554,-8.150247744360855e-06,20,0-30
31,207,27.0,0.0130562885,-3.862764661654238e-06,20,0-30
31,208,26.0,0.013152699,8.486068421052545e-06,20,0-30
31,209,25.0,0.012964492,2.3296625563909923e-05,20,0-30
31,210,24.0,0.013155694,4.0904139097744594e-05,20,0-30
31,211,23.0,0.0141191725,6.864914135338344e-05,20,0-30
31,212,22.0,0.014106834,8.846300601503707e-05,20,0-30
31,213,21.0,0.013831238,0.00010430898496240594,20,0-30
31,214,20.0,0.013928647,0.00011687283007518785,20,0-30
31,215,19.0,0.014421288,0.00013038815488721815,20,0-30
31,216,18.0,0.014222799,0.0001385629052631577,20,0-30
31,217,17.0,0.014215443,0.00013896646766917321,20,0-30
31,218,16.0,0.014632299,0.0001383956872180448,20,0-30
31,219,15.0,0.014815767,0.00013574814586466184,20,0-30
31,220,14.0,0.015104319,0.00013714488496240608,20,0-30
31,221,13.0,0.016006654,0.00015569581729323254,20,0-30
31,222,12.0,0.0154226385,0.00015988153796992507,20,0-30
31,223,11.0,0.016046368,0.00017067197030075116,20,0-30
31,224,10.0,0.01668302,0.00018228505451127873,20,0-30
31,225,9.0,0.016873255,0.00019630098308270595,20,0-30
31,226,8.0,0.01757805,0.00021648793421052707,20,0-30
31,227,7.0,0.017997595,0.00023713637969924908,20,0-30
31,228,6.0,0.018492516,0.000258946860150375,20,0-30
31,229,5.0,0.01971729,0.00028725262255638973,20,0-30
31,230,4.0,0.020609206,0.00032116443759398533,20,0-30
31,231,3.0,0.021514062,0.00037200729661654365,20,0-30
31,232,2.0,0.022231383,0.00042178264548872117,20,0-30
31,233,1.0,0.02301549,0.0004661906402255655,20,0-30
31,234,0.0,0.024516841,0.0005197736379699229,20,0-30
32,49,142.0,0.010637853,4.566441203007516e-05,20,RUL > 125
32,50,141.0,0.010465693,3.588408233082705e-05,20,RUL > 125
32,51,140.0,0.009820245,1.5503540225564024e-05,20,RUL > 125
32,52,139.0,0.009694411,-4.695288345864745e-06,20,RUL > 125
32,53,138.0,0.0098139495,-1.8894766917293318e-05,20,RUL > 125
32,54,137.0,0.009756726,-3.679885488721813e-05,20,RUL > 125
32,55,136.0,0.009861693,-5.206694285714271e-05,20,RUL > 125
32,56,135.0,0.009478094,-6.374208270676692e-05,20,RUL > 125
32,57,134.0,0.009306391,-7.677848270676664e-05,20,RUL > 125
32,58,133.0,0.009218838,-8.767656917293221e-05,20,RUL > 125
32,59,132.0,0.009549302,-8.863793834586473e-05,20,RUL > 125
32,60,131.0,0.009328648,-9.176789924812021e-05,20,RUL > 125
32,61,130.0,0.009458789,-9.322918195488695e-05,20,RUL > 125
32,62,129.0,0.009398611,-9.258502180451124e-05,20,RUL > 125
32,63,128.0,0.009263053,-9.182765864661635e-05,20,RUL > 125
32,64,127.0,0.0094678765,-8.522094097744348e-05,20,RUL > 125
32,65,126.0,0.009702816,-7.334925300751878e-05,20,RUL > 125
32,66,125.0,0.009400975,-6.489098721804505e-05,20,76-125
32,67,124.0,0.009388269,-5.5690738345864595e-05,20,76-125
32,68,123.0,0.009377308,-4.4839903759398565e-05,20,76-125
32,69,122.0,0.009189379,-3.490454135338331e-05,20,76-125
32,70,121.0,0.009223888,-2.501635263157898e-05,20,76-125
32,71,120.0,0.00947587,-1.9852329323308213e-05,20,76-125
32,72,119.0,0.009842734,-1.0916387218045216e-05,20,76-125
32,73,118.0,0.009803563,-8.756229323307602e-07,20,76-125
32,74,117.0,0.009739786,7.366131203007611e-06,20,76-125
32,75,116.0,0.009812219,1.832548984962412e-05,20,76-125
32,76,115.0,0.009950374,2.5276062030075253e-05,20,76-125
32,77,114.0,0.009810018,2.6800253007518813e-05,20,76-125
32,78,113.0,0.010015305,2.9117365789473732e-05,20,76-125
32,79,112.0,0.009961866,3.469122218045109e-05,20,76-125
32,80,111.0,0.009879894,3.4989642481202896e-05,20,76-125
32,81,110.0,0.010016705,3.846842218045104e-05,20,76-125
32,82,109.0,0.01004925,4.062298007518798e-05,20,76-125
32,83,108.0,0.009778447,3.5790129699247986e-05,20,76-125
32,84,107.0,0.009958896,3.599414887218034e-05,20,76-125
32,85,106.0,0.009911381,3.8490578195488584e-05,20,76-125
32,86,105.0,0.009896353,3.569277969924821e-05,20,76-125
32,87,104.0,0.009916358,3.223521654135346e-05,20,76-125
32,88,103.0,0.0102039855,3.191943045112785e-05,20,76-125
32,89,102.0,0.010107445,2.601407030075179e-05,20,76-125
32,90,101.0,0.010383974,2.3223453007518797e-05,20,76-125
32,91,100.0,0.010305178,2.1541351503759458e-05,20,76-125
32,92,99.0,0.010321171,2.4633231203007605e-05,20,76-125
32,93,98.0,0.010620573,3.066433872180448e-05,20,76-125
32,94,97.0,0.010388049,3.113808308270667e-05,20,76-125
32,95,96.0,0.01011854,2.7930546240601544e-05,20,76-125
32,96,95.0,0.009954042,2.4093799624060167e-05,20,76-125
32,97,94.0,0.009881456,1.6998446992481375e-05,20,76-125
32,98,93.0,0.009871969,1.2901513909774521e-05,20,76-125
32,99,92.0,0.009806363,7.239121428571281e-06,20,76-125
32,100,91.0,0.00961639,-2.1976266917294418e-06,20,76-125
32,101,90.0,0.009432112,-1.1710497368421145e-05,20,76-125
32,102,89.0,0.009102535,-2.4538655263158042e-05,20,76-125
32,103,88.0,0.009188619,-3.898924699248114e-05,20,76-125
32,104,87.0,0.009300448,-4.810612744360926e-05,20,76-125
32,105,86.0,0.009276059,-5.733151165413549e-05,20,76-125
32,106,85.0,0.009105202,-6.827962293233083e-05,20,76-125
32,107,84.0,0.009172773,-7.675686503759404e-05,20,76-125
32,108,83.0,0.009287024,-7.794229022556375e-05,20,76-125
32,109,82.0,0.009434313,-7.716902105263174e-05,20,76-125
32,110,81.0,0.009419748,-7.122534736842104e-05,20,76-125
32,111,80.0,0.009581588,-6.276385714285712e-05,20,76-125
32,112,79.0,0.009412858,-5.537216917293239e-05,20,76-125
32,113,78.0,0.0092163365,-4.4694646992481186e-05,20,76-125
32,114,77.0,0.009111144,-3.707967255639098e-05,20,76-125
32,115,76.0,0.009101053,-3.194410263157888e-05,20,76-125
32,116,75.0,0.009164315,-2.697207105263167e-05,20,31-75
32,117,74.0,0.009233963,-2.0963603383458732e-05,20,31-75
32,118,73.0,0.009387206,-1.1942071052631713e-05,20,31-75
32,119,72.0,0.009188554,-6.06534172932328e-06,20,31-75
32,120,71.0,0.0089702755,-5.377414285714376e-06,20,31-75
32,121,70.0,0.009273232,-2.2995887218045234e-06,20,31-75
32,122,69.0,0.00898864,-8.25229323308271e-06,20,31-75
32,123,68.0,0.008796906,-1.541356315789471e-05,20,31-75
32,124,67.0,0.008871268,-1.9157755639097667e-05,20,31-75
32,125,66.0,0.008931656,-2.177896842105248e-05,20,31-75
32,126,65.0,0.008906227,-2.6943295488721967e-05,20,31-75
32,127,64.0,0.009093742,-2.8062715789473656e-05,20,31-75
32,128,63.0,0.008979001,-2.8898486466165473e-05,20,31-75
32,129,62.0,0.008803193,-2.945699172932327e-05,20,31-75
32,130,61.0,0.008867372,-2.8379575187969926e-05,20,31-75
32,131,60.0,0.009079192,-2.0890149624060214e-05,20,31-75
32,132,59.0,0.009075811,-1.535769924812035e-05,20,31-75
32,133,58.0,0.0092249485,-1.0290846616541393e-05,20,31-75
32,134,57.0,0.009635681,-1.0302714285713932e-06,20,31-75
32,135,56.0,0.009801143,9.645937593985039e-06,20,31-75
32,136,55.0,0.010229258,2.6384181954887277e-05,20,31-75
32,137,54.0,0.010133657,4.1254984962406024e-05,20,31-75
32,138,53.0,0.010038378,5.583136240601504e-05,20,31-75
32,139,52.0,0.00972474,6.181138045112787e-05,20,31-75
32,140,51.0,0.009619361,6.203318684210523e-05,20,31-75
32,141,50.0,0.0094884755,6.41926556390973e-05,20,31-75
32,142,49.0,0.010095587,7.020791353383449e-05,20,31-75
32,143,48.0,0.010587002,7.855142481203017e-05,20,31-75
32,144,47.0,0.010712582,8.71711992481205e-05,20,31-75
32,145,46.0,0.010947393,9.733001804511266e-05,20,31-75
32,146,45.0,0.011053485,0.00010557174285714279,20,31-75
32,147,44.0,0.010987021,0.00011259578571428552,20,31-75
32,148,43.0,0.010647006,0.0001101037353383456,20,31-75
32,149,42.0,0.010757088,0.0001039000909774432,20,31-75
32,150,41.0,0.010724556,9.530686842105252e-05,20,31-75
32,151,40.0,0.010404291,8.269019999999992e-05,20,31-75
32,152,39.0,0.010446239,6.862677443609009e-05,20,31-75
32,153,38.0,0.010612926,5.723860037593983e-05,20,31-75
32,154,37.0,0.010714354,5.1697463533834515e-05,20,31-75
32,155,36.0,0.010876538,4.946373421052628e-05,20,31-75
32,156,35.0,0.010741585,5.044468007518786e-05,20,31-75
32,157,34.0,0.010617861,4.73782342105264e-05,20,31-75
32,158,33.0,0.010994014,4.7452871052631614e-05,20,31-75
32,159,32.0,0.011732354,5.16859966165413e-05,20,31-75
32,160,31.0,0.011873236,5.32488748120302e-05,20,31-75
32,161,30.0,0.01270995,6.130891127819555e-05,20,0-30
32,162,29.0,0.013264898,8.203842481203004e-05,20,0-30
32,163,28.0,0.013755704,0.00011277275563909846,20,0-30
32,164,27.0,0.01353357,0.00013755162030075206,20,0-30
32,165,26.0,0.013711132,0.00016433253984962372,20,0-30
32,166,25.0,0.013890298,0.000191192112030075,20,0-30
32,167,24.0,0.01463266,0.00022334153984962326,20,0-30
32,168,23.0,0.01496584,0.0002493998601503761,20,0-30
32,169,22.0,0.015700392,0.0002811954300751877,20,0-30
32,170,21.0,0.016365845,0.00031455026842105305,20,0-30
32,171,20.0,0.016822519,0.0003408890639097761,20,0-30
32,172,19.0,0.016687084,0.00035630393984962367,20,0-30
32,173,18.0,0.017204717,0.00037236074360902133,20,0-30
32,174,17.0,0.017843943,0.0003892383744360898,20,0-30
32,175,16.0,0.018175803,0.0004026964759398471,20,0-30
32,176,15.0,0.018861871,0.00041284837368421,20,0-30
32,177,14.0,0.019843837,0.00042286386390977384,20,0-30
32,178,13.0,0.021234553,0.0004448123353383442,20,0-30
32,179,12.0,0.022551125,0.000481827671428569,20,0-30
32,180,11.0,0.023641245,0.0005203717744360889,20,0-30
32,181,10.0,0.025203662,0.0005767511398496254,20,0-30
32,182,9.0,0.02587383,0.0006326791338345848,20,0-30
32,183,8.0,0.026652608,0.0006885212962405995,20,0-30
32,184,7.0,0.028587738,0.0007491069533834591,20,0-30
32,185,6.0,0.030191703,0.0008127721601503771,20,0-30
32,186,5.0,0.03144679,0.0008724133045112777,20,0-30
32,187,4.0,0.03345452,0.0009460570714285701,20,0-30
32,188,3.0,0.034308255,0.0010088542406015012,20,0-30
32,189,2.0,0.03575639,0.001074850903759401,20,0-30
32,190,1.0,0.037648454,0.0011482248097744326,20,0-30
32,191,0.0,0.040186908,0.0012330690631578943,20,0-30
34,49,146.0,0.010975909,-4.7854540225563915e-05,20,RUL > 125
34,50,145.0,0.010830579,-4.835589511278219e-05,20,RUL > 125
34,51,144.0,0.01088671,-4.41276928571428e-05,20,RUL > 125
34,52,143.0,0.010691114,-4.707853120300753e-05,20,RUL > 125
34,53,142.0,0.010637645,-5.083736428571431e-05,20,RUL > 125
34,54,141.0,0.010972074,-5.0869391353383663e-05,20,RUL > 125
34,55,140.0,0.010358807,-6.166767631578943e-05,20,RUL > 125
34,56,139.0,0.010195162,-6.322096578947373e-05,20,RUL > 125
34,57,138.0,0.010247397,-6.181301541353365e-05,20,RUL > 125
34,58,137.0,0.010319908,-6.051641842105244e-05,20,RUL > 125
34,59,136.0,0.010399485,-5.656679812030078e-05,20,RUL > 125
34,60,135.0,0.010320847,-5.323630338345874e-05,20,RUL > 125
34,61,134.0,0.0102607,-4.759324624060144e-05,20,RUL > 125
34,62,133.0,0.009928806,-4.9145049248120316e-05,20,RUL > 125
34,63,132.0,0.010075736,-5.134216766917281e-05,20,RUL > 125
34,64,131.0,0.010308705,-4.895361428571422e-05,20,RUL > 125
34,65,130.0,0.010091911,-4.862736390977453e-05,20,RUL > 125
34,66,129.0,0.009562005,-5.519234586466171e-05,20,RUL > 125
34,67,128.0,0.009700761,-6.115150150375942e-05,20,RUL > 125
34,68,127.0,0.009566634,-6.594820827067669e-05,20,RUL > 125
34,69,126.0,0.009608439,-6.565299022556378e-05,20,RUL > 125
34,70,125.0,0.010093835,-5.8661881954887377e-05,20,76-125
34,71,124.0,0.010064997,-5.008858045112784e-05,20,76-125
34,72,123.0,0.0099959895,-4.435379962406019e-05,20,76-125
34,73,122.0,0.010063035,-3.7460173308270686e-05,20,76-125
34,74,121.0,0.009890411,-2.6888071052631525e-05,20,76-125
34,75,120.0,0.0098587265,-2.4825206766917234e-05,20,76-125
34,76,119.0,0.009589598,-2.8438903007518686e-05,20,76-125
34,77,118.0,0.009774901,-2.7670027819548885e-05,20,76-125
34,78,117.0,0.009417419,-3.0152607518796905e-05,20,76-125
34,79,116.0,0.009353781,-3.093069624060155e-05,20,76-125
34,80,115.0,0.009478451,-2.9596950375939922e-05,20,76-125
34,81,114.0,0.00962492,-2.5853718796992516e-05,20,76-125
34,82,113.0,0.009589605,-2.6899358646616496e-05,20,76-125
34,83,112.0,0.009918158,-2.0421360150376163e-05,20,76-125
34,84,111.0,0.00977485,-1.2075201503759422e-05,20,76-125
34,85,110.0,0.009751792,-6.678716541353388e-06,20,76-125
34,86,109.0,0.009894137,-7.104211278195499e-06,20,76-125
34,87,108.0,0.009669729,-9.044096992481118e-06,20,76-125
34,88,107.0,0.0097542675,-1.184741992481191e-05,20,76-125
34,89,106.0,0.009709597,-1.491096954887233e-05,20,76-125
34,90,105.0,0.009580249,-1.2310317669172904e-05,20,76-125
34,91,104.0,0.009802087,-6.223578571428515e-06,20,76-125
34,92,103.0,0.010004559,2.0613789473685523e-06,20,76-125
34,93,102.0,0.010298274,1.5587991729323292e-05,20,76-125
34,94,101.0,0.010242265,2.523509097744355e-05,20,76-125
34,95,100.0,0.010231731,3.370231917293236e-05,20,76-125
34,96,99.0,0.010111341,3.5639383834586404e-05,20,76-125
34,97,98.0,0.010011067,3.8285223684210616e-05,20,76-125
34,98,97.0,0.009981135,3.450387406015044e-05,20,76-125
34,99,96.0,0.010008712,2.9263977819548812e-05,20,76-125
34,100,95.0,0.009998281,2.4858682330826963e-05,20,76-125
34,101,94.0,0.010146668,2.4104170300751726e-05,20,76-125
34,102,93.0,0.0103878975,2.5453605263158e-05,20,76-125
34,103,92.0,0.010500547,3.23995578947369e-05,20,76-125
34,104,91.0,0.010464416,3.569082255639092e-05,20,76-125
34,105,90.0,0.010229261,3.4221715037593944e-05,20,76-125
34,106,89.0,0.010431661,3.717359022556383e-05,20,76-125
34,107,88.0,0.010360222,3.4753317293233114e-05,20,76-125
34,108,87.0,0.010570463,3.5632970300751944e-05,20,76-125
34,109,86.0,0.010554815,3.4356395112782005e-05,20,76-125
34,110,85.0,0.010391088,2.7427521428571504e-05,20,76-125
34,111,84.0,0.010317887,2.1736317669172952e-05,20,76-125
34,112,83.0,0.010373774,1.9264786842105124e-05,20,76-125
34,113,82.0,0.010231934,1.884936503759408e-05,20,76-125
34,114,81.0,0.010298972,1.8607035714285594e-05,20,76-125
34,115,80.0,0.010318695,1.8394863533834595e-05,20,76-125
34,116,79.0,0.010332698,1.6351066541353333e-05,20,76-125
34,117,78.0,0.010206711,1.0591313909774513e-05,20,76-125
34,118,77.0,0.010228503,4.3760635338345156e-06,20,76-125
34,119,76.0,0.010004094,-4.981585338345776e-06,20,76-125
34,120,75.0,0.01002238,-1.4235761278195485e-05,20,31-75
34,121,74.0,0.010021683,-2.1193180827067633e-05,20,31-75
34,122,73.0,0.010213094,-2.1419323308270675e-05,20,31-75
34,123,72.0,0.01012643,-2.0841984210526374e-05,20,31-75
34,124,71.0,0.010068221,-2.110410977443588e-05,20,31-75
34,125,70.0,0.010205463,-2.252282706766916e-05,20,31-75
34,126,69.0,0.010302255,-1.9327225563909818e-05,20,31-75
34,127,68.0,0.0104612,-1.4794369924812043e-05,20,31-75
34,128,67.0,0.010562717,-5.6435233082707716e-06,20,31-75
34,129,66.0,0.010624703,4.15741203007515e-06,20,31-75
34,130,65.0,0.010770995,1.3357975187969872e-05,20,31-75
34,131,64.0,0.010803259,2.1292358646616585e-05,20,31-75
34,132,63.0,0.010604635,2.65418e-05,20,31-75
34,133,62.0,0.010668578,3.011797443609019e-05,20,31-75
34,134,61.0,0.010845562,3.662437894736863e-05,20,31-75
34,135,60.0,0.010850563,4.269170225563912e-05,20,31-75
34,136,59.0,0.010994133,5.02313240601504e-05,20,31-75
34,137,58.0,0.010782474,5.176333834586479e-05,20,31-75
34,138,57.0,0.010482929,4.8494413533834495e-05,20,31-75
34,139,56.0,0.010614468,4.3178721804511254e-05,20,31-75
34,140,55.0,0.011492573,4.977825789473688e-05,20,31-75
34,141,54.0,0.011769118,5.8106615037593685e-05,20,31-75
34,142,53.0,0.011884344,6.847561503759396e-05,20,31-75
34,143,52.0,0.011890478,7.50507067669174e-05,20,31-75
34,144,51.0,0.012379642,8.504206240601519e-05,20,31-75
34,145,50.0,0.012541642,9.603886165413532e-05,20,31-75
34,146,49.0,0.012772797,0.00010835311879699259,20,31-75
34,147,48.0,0.013040306,0.00012328349022556367,20,31-75
34,148,47.0,0.013409772,0.0001412164924812027,20,31-75
34,149,46.0,0.013617994,0.00015882153533834485,20,31-75
34,150,45.0,0.0142656565,0.00018348758383458606,20,31-75
34,151,44.0,0.014296993,0.00020385559812030116,20,31-75
34,152,43.0,0.014078911,0.0002127182515037594,20,31-75
34,153,42.0,0.014248428,0.0002197877274436087,20,31-75
34,154,41.0,0.014372524,0.0002260412545112781,20,31-75
34,155,40.0,0.014855254,0.00023396618533834558,20,31-75
34,156,39.0,0.01547381,0.0002469724334586461,20,31-75
34,157,38.0,0.016335096,0.0002622044266917297,20,31-75
34,158,37.0,0.017340751,0.000278723454511277,20,31-75
34,159,36.0,0.01826085,0.0003001511710526322,20,31-75
34,160,35.0,0.018491264,0.0003272370131578946,20,31-75
34,161,34.0,0.019019527,0.00035571162218045124,20,31-75
34,162,33.0,0.019832535,0.0003867171184210529,20,31-75
34,163,32.0,0.02040425,0.00041403465751879925,20,31-75
34,164,31.0,0.021805065,0.0004562848169172938,20,31-75
34,165,30.0,0.023580313,0.0005122799883458637,20,0-30
34,166,29.0,0.02440884,0.0005671615703007513,20,0-30
34,167,28.0,0.025747124,0.0006278875124060128,20,0-30
34,168,27.0,0.027196001,0.0006960373740601511,20,0-30
34,169,26.0,0.02846893,0.0007649284800751875,20,0-30
34,170,25.0,0.029052166,0.0008300455443609033,20,0-30
34,171,24.0,0.030418037,0.00089293448571429,20,0-30
34,172,23.0,0.032416433,0.0009566863699248103,20,0-30
34,173,22.0,0.03500103,0.0010324624315789443,20,0-30
34,174,21.0,0.036636468,0.0011023543834586453,20,0-30
34,175,20.0,0.039225746,0.0011833784586466082,20,0-30
34,176,19.0,0.04176424,0.0012737860511278167,20,0-30
34,177,18.0,0.044395097,0.001375842086466163,20,0-30
34,178,17.0,0.047036033,0.0014893090518796918,20,0-30
34,179,16.0,0.050254434,0.0016186264939849523,20,0-30
34,180,15.0,0.053400427,0.001748414156390972,20,0-30
34,181,14.0,0.05699664,0.0018854223030075232,20,0-30
34,182,13.0,0.06064761,0.002030315691729319,20,0-30
34,183,12.0,0.065172724,0.0021875045924811963,20,0-30
34,184,11.0,0.07005097,0.0023691798398496255,20,0-30
34,185,10.0,0.075198516,0.002579871457142861,20,0-30
34,186,9.0,0.0819546,0.0028225392075187953,20,0-30
34,187,8.0,0.08826615,0.003089967780451123,20,0-30
34,188,7.0,0.09487945,0.003380735499999991,20,0-30
34,189,6.0,0.10215796,0.003693801190225573,20,0-30
34,190,5.0,0.11059751,0.00402583029849623,20,0-30
34,191,4.0,0.120231576,0.00439443072781955,20,0-30
34,192,3.0,0.12989435,0.004797566453383472,20,0-30
34,193,2.0,0.13983451,0.005236930557142877,20,0-30
34,194,1.0,0.15039457,0.005695331035338363,20,0-30
34,195,0.0,0.16192818,0.00618831589248119,20,0-30
40,49,139.0,0.010131043,2.8714965037593934e-05,20,RUL > 125
40,50,138.0,0.00994985,2.5926217669172873e-05,20,RUL > 125
40,51,137.0,0.00980221,1.9554374060150323e-05,20,RUL > 125
40,52,136.0,0.009703751,1.1446406390977424e-05,20,RUL > 125
40,53,135.0,0.0095990775,1.0509548872180488e-06,20,RUL > 125
40,54,134.0,0.009628266,-9.480274436090339e-06,20,RUL > 125
40,55,133.0,0.009738932,-1.864056691729311e-05,20,RUL > 125
40,56,132.0,0.009593067,-2.556014135338345e-05,20,RUL > 125
40,57,131.0,0.009570292,-3.355115864661644e-05,20,RUL > 125
40,58,130.0,0.009678777,-4.089305488721774e-05,20,RUL > 125
40,59,129.0,0.009641275,-4.265037894736847e-05,20,RUL > 125
40,60,128.0,0.009424889,-4.543690037593985e-05,20,RUL > 125
40,61,127.0,0.009327877,-5.030591917293205e-05,20,RUL > 125
40,62,126.0,0.009328642,-5.34162902255639e-05,20,RUL > 125
40,63,125.0,0.009243886,-5.646764473684203e-05,20,76-125
40,64,124.0,0.009310312,-5.542896842105255e-05,20,76-125
40,65,123.0,0.009601205,-4.8352533082706796e-05,20,76-125
40,66,122.0,0.009341572,-4.39052060150376e-05,20,76-125
40,67,121.0,0.00948948,-3.7645782706766895e-05,20,76-125
40,68,120.0,0.009806313,-2.5222826691729375e-05,20,76-125
40,69,119.0,0.009726141,-1.4901662030075095e-05,20,76-125
40,70,118.0,0.009682589,-7.454735714285762e-06,20,76-125
40,71,117.0,0.009839068,2.983432330826383e-07,20,76-125
40,72,116.0,0.009776731,5.55085225563911e-06,20,76-125
40,73,115.0,0.0099473735,1.1478627443609028e-05,20,76-125
40,74,114.0,0.009901287,1.668514172932334e-05,20,76-125
40,75,113.0,0.009842364,2.2386698872180483e-05,20,76-125
40,76,112.0,0.010026268,2.8256787593985115e-05,20,76-125
40,77,111.0,0.010135142,3.4671183834586355e-05,20,76-125
40,78,110.0,0.009902758,3.862933120300753e-05,20,76-125
40,79,109.0,0.0099519715,4.2361578195488697e-05,20,76-125
40,80,108.0,0.009947736,4.2149484210526376e-05,20,76-125
40,81,107.0,0.010044025,4.099494285714282e-05,20,76-125
40,82,106.0,0.009776479,3.495348045112783e-05,20,76-125
40,83,105.0,0.009691736,2.5689712030074964e-05,20,76-125
40,84,104.0,0.009723843,1.7259987969924677e-05,20,76-125
40,85,103.0,0.00946206,9.061703007518745e-06,20,76-125
40,86,102.0,0.009480711,-2.760366917293136e-06,20,76-125
40,87,101.0,0.009655875,-9.953936090225482e-06,20,76-125
40,88,100.0,0.009855117,-9.548782706766885e-06,20,76-125
40,89,99.0,0.009910356,-9.693763909774569e-06,20,76-125
40,90,98.0,0.009976167,-9.863266165413513e-06,20,76-125
40,91,97.0,0.010138082,-5.690446616541284e-06,20,76-125
40,92,96.0,0.009933576,-5.873054887218083e-06,20,76-125
40,93,95.0,0.009877794,-4.394050751879625e-06,20,76-125
40,94,94.0,0.009750464,-5.3570973684210945e-06,20,76-125
40,95,93.0,0.0098554725,-5.523584210526246e-06,20,76-125
40,96,92.0,0.009938517,-1.6196857142856443e-06,20,76-125
40,97,91.0,0.009860988,3.0276751879700693e-06,20,76-125
40,98,90.0,0.009767487,3.0823481203008015e-06,20,76-125
40,99,89.0,0.009323907,-2.2193657894738177e-06,20,76-125
40,100,88.0,0.009178332,-8.723140977443741e-06,20,76-125
40,101,87.0,0.009020193,-1.4808693609022581e-05,20,76-125
40,102,86.0,0.009241119,-2.042297406015041e-05,20,76-125
40,103,85.0,0.0092319995,-2.6700527819548822e-05,20,76-125
40,104,84.0,0.009422067,-2.906454586466178e-05,20,76-125
40,105,83.0,0.009481494,-3.4259224060150464e-05,20,76-125
40,106,82.0,0.009642792,-3.688437969924809e-05,20,76-125
40,107,81.0,0.009699723,-3.617421879699256e-05,20,76-125
40,108,80.0,0.009756203,-3.157721127819539e-05,20,76-125
40,109,79.0,0.009598413,-2.8213409022556404e-05,20,76-125
40,110,78.0,0.009717113,-2.1645684210526266e-05,20,76-125
40,111,77.0,0.009814401,-1.074202330827071e-05,20,76-125
40,112,76.0,0.009725002,-3.857794736842157e-06,20,76-125
40,113,75.0,0.009873699,4.583553383458693e-06,20,31-75
40,114,74.0,0.009744863,9.18007142857141e-06,20,31-75
40,115,73.0,0.009874334,1.7292626691729377e-05,20,31-75
40,116,72.0,0.0098210415,2.5926726315789537e-05,20,31-75
40,117,71.0,0.009762478,3.2676717293233e-05,20,31-75
40,118,70.0,0.009573526,3.539919774436087e-05,20,31-75
40,119,69.0,0.009951487,3.680889699248128e-05,20,31-75
40,120,68.0,0.010320016,4.024101428571426e-05,20,31-75
40,121,67.0,0.010359384,4.0021781954887236e-05,20,31-75
40,122,66.0,0.010664872,4.564114812030069e-05,20,31-75
40,123,65.0,0.010515829,4.684635451127818e-05,20,31-75
40,124,64.0,0.0104425615,4.807537744360904e-05,20,31-75
40,125,63.0,0.010279367,4.6376793233082597e-05,20,31-75
40,126,62.0,0.010442645,4.8357753383458874e-05,20,31-75
40,127,61.0,0.010600383,5.2288237593984876e-05,20,31-75
40,128,60.0,0.010546367,5.4984478195488646e-05,20,31-75
40,129,59.0,0.010833024,5.809618120300751e-05,20,31-75
40,130,58.0,0.011119457,6.531743684210517e-05,20,31-75
40,131,57.0,0.011543547,7.802445939849617e-05,20,31-75
40,132,56.0,0.011573204,8.714337067669175e-05,20,31-75
40,133,55.0,0.011714495,9.784932105263156e-05,20,31-75
40,134,54.0,0.011798849,0.00010495796165413557,20,31-75
40,135,53.0,0.012490412,0.00012090165187969921,20,31-75
40,136,52.0,0.012238996,0.00012847827255639102,20,31-75
40,137,51.0,0.012326494,0.0001327441560150377,20,31-75
40,138,50.0,0.012359509,0.00013064256654135337,20,31-75
40,139,49.0,0.012399403,0.00013088924849624065,20,31-75
40,140,48.0,0.01244005,0.0001338544041353384,20,31-75
40,141,47.0,0.012990178,0.00014211211015037492,20,31-75
40,142,46.0,0.013211472,0.0001543985725563908,20,31-75
40,143,45.0,0.013722634,0.00016780456503759424,20,31-75
40,144,44.0,0.01400139,0.00017921366766917316,20,31-75
40,145,43.0,0.014943957,0.00019615963609022563,20,31-75
40,146,42.0,0.015126687,0.00021127968571428584,20,31-75
40,147,41.0,0.015083835,0.00022123449172932295,20,31-75
40,148,40.0,0.015708607,0.00023251969473684172,20,31-75
40,149,39.0,0.01554741,0.00023826547969924683,20,31-75
40,150,38.0,0.016149027,0.00025003911729323255,20,31-75
40,151,37.0,0.016595434,0.0002673228924812035,20,31-75
40,152,36.0,0.01719152,0.0002859936278195489,20,31-75
40,153,35.0,0.017867299,0.0003081006639097743,20,31-75
40,154,34.0,0.018085519,0.00032540469699248093,20,31-75
40,155,33.0,0.019102296,0.0003586998924812025,20,31-75
40,156,32.0,0.019840548,0.00038862913609022463,20,31-75
40,157,31.0,0.020616421,0.0004195929218045122,20,31-75
40,158,30.0,0.02118148,0.00044668421278195214,20,0-30
40,159,29.0,0.022265019,0.00047661841578947484,20,0-30
40,160,28.0,0.02286578,0.0005009412007518796,20,0-30
40,161,27.0,0.023757635,0.000531013213533835,20,0-30
40,162,26.0,0.02528759,0.0005702441774436094,20,0-30
40,163,25.0,0.025604328,0.0006039113729323339,20,0-30
40,164,24.0,0.027030354,0.000644484569924813,20,0-30
40,165,23.0,0.027898127,0.0006927447338345856,20,0-30
40,166,22.0,0.029304286,0.0007444981390977438,20,0-30
40,167,21.0,0.030755233,0.0007949830503759376,20,0-30
40,168,20.0,0.03247919,0.0008563947278195492,20,0-30
40,169,19.0,0.034667965,0.0009213104819548864,20,0-30
40,170,18.0,0.036428347,0.0009921210518797003,20,0-30
40,171,17.0,0.038150843,0.0010640920210526364,20,0-30
40,172,16.0,0.040043585,0.0011400998969924795,20,0-30
40,173,15.0,0.04280924,0.0012319233172932295,20,0-30
40,174,14.0,0.046070825,0.0013362797097744353,20,0-30
40,175,13.0,0.048034206,0.0014426556090225452,20,0-30
40,176,12.0,0.051767487,0.0015705140729323273,20,0-30
40,177,11.0,0.055296615,0.00171302884285714,20,0-30
40,178,10.0,0.058521517,0.0018583849578947286,20,0-30
40,179,9.0,0.061967805,0.0020139318375939725,20,0-30
40,180,8.0,0.06610426,0.002178353193984957,20,0-30
40,181,7.0,0.07023461,0.002350841200751884,20,0-30
40,182,6.0,0.075946145,0.00255918956090225,20,0-30
40,183,5.0,0.081418194,0.002774532897744353,20,0-30
40,184,4.0,0.08634571,0.0029988548947368437,20,0-30
40,185,3.0,0.091459475,0.0032207363323308313,20,0-30
40,186,2.0,0.096242875,0.003437573591729321,20,0-30
40,187,1.0,0.10277341,0.003669954365413529,20,0-30
40,188,0.0,0.10936904,0.003915480787969916,20,0-30
45,49,109.0,0.010508351,2.2397420676691746e-05,20,76-125
45,50,108.0,0.010539631,2.3032004887217976e-05,20,76-125
45,51,107.0,0.010623641,2.8152208646616586e-05,20,76-125
45,52,106.0,0.010600011,3.416471616541341e-05,20,76-125
45,53,105.0,0.010693041,3.9864077819548883e-05,20,76-125
45,54,104.0,0.010684692,4.578596766917289e-05,20,76-125
45,55,103.0,0.010779278,4.894852105263168e-05,20,76-125
45,56,102.0,0.01064212,5.276421353383462e-05,20,76-125
45,57,101.0,0.010549369,5.533984436090229e-05,20,76-125
45,58,100.0,0.010813962,6.161418759398498e-05,20,76-125
45,59,99.0,0.010597395,5.784123045112788e-05,20,76-125
45,60,98.0,0.010546757,5.1911584962405986e-05,20,76-125
45,61,97.0,0.010561405,4.61501533834588e-05,20,76-125
45,62,96.0,0.010352589,3.470644285714282e-05,20,76-125
45,63,95.0,0.010470069,2.331963533834595e-05,20,76-125
45,64,94.0,0.010204399,8.741904135338399e-06,20,76-125
45,65,93.0,0.010431591,-9.443041353383747e-07,20,76-125
45,66,92.0,0.010416683,-3.6732845864660776e-06,20,76-125
45,67,91.0,0.0102761015,-1.1128960526315736e-05,20,76-125
45,68,90.0,0.01042337,-1.677439135338348e-05,20,76-125
45,69,89.0,0.0103699025,-1.957543834586449e-05,20,76-125
45,70,88.0,0.010699302,-1.6968690225564008e-05,20,76-125
45,71,87.0,0.010600367,-1.4688932330826948e-05,20,76-125
45,72,86.0,0.010787396,-1.0075438345864775e-05,20,76-125
45,73,85.0,0.010816168,-3.86380300751872e-06,20,76-125
45,74,84.0,0.010577543,-1.3780759398495919e-06,20,76-125
45,75,83.0,0.010255829,-1.8336736842105133e-06,20,76-125
45,76,82.0,0.009843878,-9.552796992481073e-06,20,76-125
45,77,81.0,0.010042969,-1.4691888721804626e-05,20,76-125
45,78,80.0,0.010275347,-1.1572006766917273e-05,20,76-125
45,79,79.0,0.010184551,-1.2358742105263175e-05,20,76-125
45,80,78.0,0.009948011,-1.670334962406034e-05,20,76-125
45,81,77.0,0.0100897765,-1.789108157894748e-05,20,76-125
45,82,76.0,0.010084511,-2.174191390977435e-05,20,76-125
45,83,75.0,0.01005455,-2.376268834586476e-05,20,31-75
45,84,74.0,0.010124423,-2.8355225939849606e-05,20,31-75
45,85,73.0,0.010019459,-3.0739742481203e-05,20,31-75
45,86,72.0,0.010299131,-2.8744586842105205e-05,20,31-75
45,87,71.0,0.010511099,-2.5764254887217994e-05,20,31-75
45,88,70.0,0.010296996,-2.3870624812030033e-05,20,31-75
45,89,69.0,0.010447475,-2.0481482330827116e-05,20,31-75
45,90,68.0,0.010535063,-1.0756688345864674e-05,20,31-75
45,91,67.0,0.0106167905,-1.1795142857143085e-06,20,31-75
45,92,66.0,0.010643027,1.1700859398496272e-05,20,31-75
45,93,65.0,0.010404115,2.1839595488721707e-05,20,31-75
45,94,64.0,0.010476205,2.986005413533822e-05,20,31-75
45,95,63.0,0.010172106,2.860893458646607e-05,20,31-75
45,96,62.0,0.009958297,1.7924810526315908e-05,20,31-75
45,97,61.0,0.010531909,1.8406627067669298e-05,20,31-75
45,98,60.0,0.010691883,2.410766466165422e-05,20,31-75
45,99,59.0,0.010998359,3.21269398496239e-05,20,31-75
45,100,58.0,0.011217342,3.831593007518784e-05,20,31-75
45,101,57.0,0.011460926,4.831432593984952e-05,20,31-75
45,102,56.0,0.011377581,5.497706052631597e-05,20,31-75
45,103,55.0,0.0113125015,5.8292553383458676e-05,20,31-75
45,104,54.0,0.011702973,6.639781203007527e-05,20,31-75
45,105,53.0,0.011744697,7.106804210526316e-05,20,31-75
45,106,52.0,0.012116786,8.287536015037569e-05,20,31-75
45,107,51.0,0.011947845,9.288278270676694e-05,20,31-75
45,108,50.0,0.011637527,9.291599699248109e-05,20,31-75
45,109,49.0,0.011547887,9.202878796992479e-05,20,31-75
45,110,48.0,0.011654356,9.239077819548867e-05,20,31-75
45,111,47.0,0.0116369,9.211068383458635e-05,20,31-75
45,112,46.0,0.011753046,9.237007932330819e-05,20,31-75
45,113,45.0,0.011746053,8.708807857142857e-05,20,31-75
45,114,44.0,0.011833927,8.218173195488713e-05,20,31-75
45,115,43.0,0.011891608,7.125614924812032e-05,20,31-75
45,116,42.0,0.0124067115,6.17275390977443e-05,20,31-75
45,117,41.0,0.012159462,5.404199849624065e-05,20,31-75
45,118,40.0,0.0125297615,5.172490789473686e-05,20,31-75
45,119,39.0,0.012324914,4.855679210526326e-05,20,31-75
45,120,38.0,0.012541892,4.995116879699231e-05,20,31-75
45,121,37.0,0.012553199,5.3361332706766894e-05,20,31-75
45,122,36.0,0.012591503,5.436020714285705e-05,20,31-75
45,123,35.0,0.012728179,5.445857819548865e-05,20,31-75
45,124,34.0,0.012602046,5.679155037593978e-05,20,31-75
45,125,33.0,0.012548737,5.766977593984958e-05,20,31-75
45,126,32.0,0.012466728,6.204245112781989e-05,20,31-75
45,127,31.0,0.012233023,5.988276541353375e-05,20,31-75
45,128,30.0,0.012533379,5.668528270676697e-05,20,0-30
45,129,29.0,0.013142976,5.9433814285714376e-05,20,0-30
45,130,28.0,0.013064287,6.034067669172919e-05,20,0-30
45,131,27.0,0.01345171,6.438633533834588e-05,20,0-30
45,132,26.0,0.01385833,7.334569774436088e-05,20,0-30
45,133,25.0,0.013765469,7.770221804511278e-05,20,0-30
45,134,24.0,0.013679982,7.918826390977456e-05,20,0-30
45,135,23.0,0.014174294,8.587063984962413e-05,20,0-30
45,136,22.0,0.014498149,0.00010188011842105277,20,0-30
45,137,21.0,0.0150803,0.00011915708157894747,20,0-30
45,138,20.0,0.015271555,0.00014062085563909776,20,0-30
45,139,19.0,0.016311292,0.00016958058345864683,20,0-30
45,140,18.0,0.0167999,0.00020295184060150376,20,0-30
45,141,17.0,0.017523982,0.00024044263834586304,20,0-30
45,142,16.0,0.018411629,0.00028374404586466135,20,0-30
45,143,15.0,0.018357752,0.00031968175488721864,20,0-30
45,144,14.0,0.018437423,0.00034630052406015114,20,0-30
45,145,13.0,0.01993113,0.0003846412406015038,20,0-30
45,146,12.0,0.020451413,0.00041801834962406015,20,0-30
45,147,11.0,0.021114305,0.00044516822030075086,20,0-30
45,148,10.0,0.022154018,0.0004785582857142845,20,0-30
45,149,9.0,0.023479044,0.0005260353834586435,20,0-30
45,150,8.0,0.024707295,0.0005742735067669162,20,0-30
45,151,7.0,0.02497835,0.0006149927669172944,20,0-30
45,152,6.0,0.02582112,0.0006568386210526318,20,0-30
45,153,5.0,0.0276031,0.0007046859481203002,20,0-30
45,154,4.0,0.028152216,0.0007382195270676688,20,0-30
45,155,3.0,0.03040458,0.0007899719030075179,20,0-30
45,156,2.0,0.03250305,0.0008524094766917274,20,0-30
45,157,1.0,0.035216253,0.0009357239120300771,20,0-30
45,158,0.0,0.03810574,0.001033056920300745,20,0-30
46,49,207.0,0.009151825,-3.210764511278189e-05,20,RUL > 125
46,50,206.0,0.009361203,-2.7735254135338412e-05,20,RUL > 125
46,51,205.0,0.00903304,-3.1781442105263e-05,20,RUL > 125
46,52,204.0,0.008860737,-3.940574586466169e-05,20,RUL > 125
46,53,203.0,0.008948935,-4.6836873684210506e-05,20,RUL > 125
46,54,202.0,0.008931748,-5.255286842105279e-05,20,RUL > 125
46,55,201.0,0.008593004,-6.071366240601493e-05,20,RUL > 125
46,56,200.0,0.008805669,-6.479784436090239e-05,20,RUL > 125
46,57,199.0,0.008978134,-6.353737556390953e-05,20,RUL > 125
46,58,198.0,0.0089126155,-6.248713233082676e-05,20,RUL > 125
46,59,197.0,0.008947094,-6.14030406015038e-05,20,RUL > 125
46,60,196.0,0.009271146,-5.376842894736848e-05,20,RUL > 125
46,61,195.0,0.009431705,-4.294365300751864e-05,20,RUL > 125
46,62,194.0,0.009476771,-2.819051917293233e-05,20,RUL > 125
46,63,193.0,0.0095964065,-1.1696769172932266e-05,20,RUL > 125
46,64,192.0,0.00988979,7.636350375939977e-06,20,RUL > 125
46,65,191.0,0.00996047,1.9916778947368345e-05,20,RUL > 125
46,66,190.0,0.00997224,3.542828270676689e-05,20,RUL > 125
46,67,189.0,0.010085842,5.352748496240599e-05,20,RUL > 125
46,68,188.0,0.010153819,6.488922781954874e-05,20,RUL > 125
46,69,187.0,0.010057169,7.282166992481197e-05,20,RUL > 125
46,70,186.0,0.010474688,8.866321804511262e-05,20,RUL > 125
46,71,185.0,0.010354949,9.593827443609008e-05,20,RUL > 125
46,72,184.0,0.0102962665,9.766660263157887e-05,20,RUL > 125
46,73,183.0,0.0105747925,0.00010260778270676678,20,RUL > 125
46,74,182.0,0.010921146,0.00010978059774436081,20,RUL > 125
46,75,181.0,0.011019355,0.00011001623308270675,20,RUL > 125
46,76,180.0,0.010812499,0.00010700600300751874,20,RUL > 125
46,77,179.0,0.010910461,0.00010510057218045099,20,RUL > 125
46,78,178.0,0.010900393,9.911105526315777e-05,20,RUL > 125
46,79,177.0,0.010914389,9.087673947368423e-05,20,RUL > 125
46,80,176.0,0.010585665,8.010463872180444e-05,20,RUL > 125
46,81,175.0,0.01077241,7.255874548872169e-05,20,RUL > 125
46,82,174.0,0.010860391,6.496519436090228e-05,20,RUL > 125
46,83,173.0,0.010772323,5.59218789473683e-05,20,RUL > 125
46,84,172.0,0.010682708,4.846242481203001e-05,20,RUL > 125
46,85,171.0,0.010579293,3.944925563909761e-05,20,RUL > 125
46,86,170.0,0.010544348,2.9192153383458754e-05,20,RUL > 125
46,87,169.0,0.010425779,1.817461127819561e-05,20,RUL > 125
46,88,168.0,0.010409929,7.492778195488865e-06,20,RUL > 125
46,89,167.0,0.010129085,-9.11229248120313e-06,20,RUL > 125
46,90,166.0,0.0098004555,-2.3927809398496363e-05,20,RUL > 125
46,91,165.0,0.009791063,-3.975423721804472e-05,20,RUL > 125
46,92,164.0,0.009876158,-5.444363909774457e-05,20,RUL > 125
46,93,163.0,0.009765044,-6.56908627819546e-05,20,RUL > 125
46,94,162.0,0.009666651,-7.165729436090221e-05,20,RUL > 125
46,95,161.0,0.009682588,-7.395892744360913e-05,20,RUL > 125
46,96,160.0,0.00982112,-7.553750338345863e-05,20,RUL > 125
46,97,159.0,0.009763296,-7.49045725563908e-05,20,RUL > 125
46,98,158.0,0.009544112,-7.583675e-05,20,RUL > 125
46,99,157.0,0.009635887,-7.319734624060168e-05,20,RUL > 125
46,100,156.0,0.009261365,-7.917607631578955e-05,20,RUL > 125
46,101,155.0,0.009319658,-7.938201541353394e-05,20,RUL > 125
46,102,154.0,0.00923939,-7.716087706766921e-05,20,RUL > 125
46,103,153.0,0.008838378,-7.962143345864661e-05,20,RUL > 125
46,104,152.0,0.008448554,-8.61576898496242e-05,20,RUL > 125
46,105,151.0,0.008446999,-9.098939887218044e-05,20,RUL > 125
46,106,150.0,0.008559518,-9.155899962406014e-05,20,RUL > 125
46,107,149.0,0.0084371865,-9.276362857142865e-05,20,RUL > 125
46,108,148.0,0.008625956,-8.853144887218024e-05,20,RUL > 125
46,109,147.0,0.008753918,-8.422295338345871e-05,20,RUL > 125
46,110,146.0,0.009036199,-7.90028387218044e-05,20,RUL > 125
46,111,145.0,0.009438129,-6.703991165413519e-05,20,RUL > 125
46,112,144.0,0.009517773,-5.206488007518806e-05,20,RUL > 125
46,113,143.0,0.009608835,-3.700446954887217e-05,20,RUL > 125
46,114,142.0,0.009270704,-2.8093174812030015e-05,20,RUL > 125
46,115,141.0,0.00963855,-1.3079891353383491e-05,20,RUL > 125
46,116,140.0,0.00972723,5.453819172932359e-06,20,RUL > 125
46,117,139.0,0.009566844,2.092447857142842e-05,20,RUL > 125
46,118,138.0,0.009931512,3.8439297368421e-05,20,RUL > 125
46,119,137.0,0.010159195,6.0073253007518784e-05,20,RUL > 125
46,120,136.0,0.010157166,7.497778834586446e-05,20,RUL > 125
46,121,135.0,0.010631022,9.622504172932335e-05,20,RUL > 125
46,122,134.0,0.010363285,0.00011040811541353374,20,RUL > 125
46,123,133.0,0.010373587,0.00011671652443609003,20,RUL > 125
46,124,132.0,0.010346247,0.0001141706612781954,20,RUL > 125
46,125,131.0,0.010377739,0.0001091964575187968,20,RUL > 125
46,126,130.0,0.010207459,0.0001006629296992483,20,RUL > 125
46,127,129.0,0.010348449,8.97338879699248e-05,20,RUL > 125
46,128,128.0,0.010370375,7.922456691729315e-05,20,RUL > 125
46,129,127.0,0.01050324,7.001058345864658e-05,20,RUL > 125
46,130,126.0,0.010560531,6.344155187969921e-05,20,RUL > 125
46,131,125.0,0.010491205,5.9936183458646586e-05,20,76-125
46,132,124.0,0.010555833,5.702803609022562e-05,20,76-125
46,133,123.0,0.010598049,5.459980300751879e-05,20,76-125
46,134,122.0,0.010430403,4.295017669172935e-05,20,76-125
46,135,121.0,0.010311039,3.365953684210531e-05,20,76-125
46,136,120.0,0.0103848595,2.5812424436090338e-05,20,76-125
46,137,119.0,0.010372286,1.4264363533834538e-05,20,76-125
46,138,118.0,0.010382648,7.411056015037566e-06,20,76-125
46,139,117.0,0.010236647,1.3886146616540003e-06,20,76-125
46,140,116.0,0.010060138,-7.303889849624153e-06,20,76-125
46,141,115.0,0.009494509,-1.6448965037593835e-05,20,76-125
46,142,114.0,0.00980086,-2.373598157894742e-05,20,76-125
46,143,113.0,0.009810208,-2.9881040225563986e-05,20,76-125
46,144,112.0,0.009897125,-3.436892518797005e-05,20,76-125
46,145,111.0,0.009799468,-3.907929661654155e-05,20,76-125
46,146,110.0,0.009716955,-4.678747631578938e-05,20,76-125
46,147,109.0,0.009601127,-5.318658383458607e-05,20,76-125
46,148,108.0,0.009582034,-5.838845601503734e-05,20,76-125
46,149,107.0,0.009989051,-5.449245601503746e-05,20,76-125
46,150,106.0,0.01023345,-4.5427230451127715e-05,20,76-125
46,151,105.0,0.0098417355,-4.256069624060169e-05,20,76-125
46,152,104.0,0.010240564,-3.19995240601504e-05,20,76-125
46,153,103.0,0.010503008,-1.654849473684214e-05,20,76-125
46,154,102.0,0.010472443,-4.0382315789473205e-06,20,76-125
46,155,101.0,0.010593294,8.250561654135334e-06,20,76-125
46,156,100.0,0.010769612,2.3799326691729113e-05,20,76-125
46,157,99.0,0.010321197,3.216505902255662e-05,20,76-125
46,158,98.0,0.010405595,4.197691315789426e-05,20,76-125
46,159,97.0,0.0103274435,4.8332531578947524e-05,20,76-125
46,160,96.0,0.010146587,4.918096541353388e-05,20,76-125
46,161,95.0,0.010111768,4.0471002255639116e-05,20,76-125
46,162,94.0,0.009960082,3.3503008270676706e-05,20,76-125
46,163,93.0,0.009918497,2.584911127819555e-05,20,76-125
46,164,92.0,0.009993086,2.047030451127819e-05,20,76-125
46,165,91.0,0.010062454,1.439621428571436e-05,20,76-125
46,166,90.0,0.0099995565,5.72528383458652e-06,20,76-125
46,167,89.0,0.010073537,-4.142610150375546e-06,20,76-125
46,168,88.0,0.009884271,-1.7726163533834643e-05,20,76-125
46,169,87.0,0.00998929,-2.3837353007518777e-05,20,76-125
46,170,86.0,0.009995581,-2.600009887218051e-05,20,76-125
46,171,85.0,0.010054722,-3.314524135338376e-05,20,76-125
46,172,84.0,0.010129947,-3.323872932330814e-05,20,76-125
46,173,83.0,0.009868689,-3.275428045112779e-05,20,76-125
46,174,82.0,0.0100578945,-2.909563796992484e-05,20,76-125
46,175,81.0,0.010009192,-2.360119060150383e-05,20,76-125
46,176,80.0,0.009760133,-1.8002411654135348e-05,20,76-125
46,177,79.0,0.009919239,-1.569291315789478e-05,20,76-125
46,178,78.0,0.009742512,-1.3971037969924799e-05,20,76-125
46,179,77.0,0.009642919,-1.3908773684210422e-05,20,76-125
46,180,76.0,0.009708069,-1.474206390977456e-05,20,76-125
46,181,75.0,0.00965966,-1.6157259398496313e-05,20,31-75
46,182,74.0,0.009726404,-1.833414962406009e-05,20,31-75
46,183,73.0,0.009497488,-2.4086478195488537e-05,20,31-75
46,184,72.0,0.009600744,-2.6552903759398708e-05,20,31-75
46,185,71.0,0.009645108,-2.6700285714285688e-05,20,31-75
46,186,70.0,0.009516884,-2.904496954887213e-05,20,31-75
46,187,69.0,0.009734197,-2.639124548872166e-05,20,31-75
46,188,68.0,0.009561245,-2.8686389097744363e-05,20,31-75
46,189,67.0,0.009906477,-2.3905698872180588e-05,20,31-75
46,190,66.0,0.010136836,-1.561030338345853e-05,20,31-75
46,191,65.0,0.010085169,-7.331616165413596e-06,20,31-75
46,192,64.0,0.010096058,2.2446063909773843e-06,20,31-75
46,193,63.0,0.010592462,1.483814924812048e-05,20,31-75
46,194,62.0,0.010637339,2.99718669172934e-05,20,31-75
46,195,61.0,0.010644944,4.3573895488721625e-05,20,31-75
46,196,60.0,0.010566264,5.11633954887218e-05,20,31-75
46,197,59.0,0.011000853,6.626128270676701e-05,20,31-75
46,198,58.0,0.010892738,7.539775639097744e-05,20,31-75
46,199,57.0,0.011106178,8.428118872180469e-05,20,31-75
46,200,56.0,0.010784035,8.739087293233087e-05,20,31-75
46,201,55.0,0.010287382,8.102316766917306e-05,20,31-75
46,202,54.0,0.010106112,7.217580075187971e-05,20,31-75
46,203,53.0,0.010452484,6.409115263157912e-05,20,31-75
46,204,52.0,0.010255332,5.338432105263145e-05,20,31-75
46,205,51.0,0.010204213,4.166335939849625e-05,20,31-75
46,206,50.0,0.010303131,2.8490163157894845e-05,20,31-75
46,207,49.0,0.009986028,1.3035855639097794e-05,20,31-75
46,208,48.0,0.009911553,-6.5918947368423115e-06,20,31-75
46,209,47.0,0.010142162,-1.8000978195488878e-05,20,31-75
46,210,46.0,0.010323396,-2.3538170676692164e-05,20,31-75
46,211,45.0,0.010515058,-2.7433670676691514e-05,20,31-75
46,212,44.0,0.010503142,-3.197391729323298e-05,20,31-75
46,213,43.0,0.010723296,-2.614330526315802e-05,20,31-75
46,214,42.0,0.010935089,-1.6775237593984893e-05,20,31-75
46,215,41.0,0.010918227,-7.975721052631349e-06,20,31-75
46,216,40.0,0.010981467,7.39563909775453e-08,20,31-75
46,217,39.0,0.011263287,1.8387200000000257e-05,20,31-75
46,218,38.0,0.011717297,4.108458421052602e-05,20,31-75
46,219,37.0,0.011945076,6.916612105263188e-05,20,31-75
46,220,36.0,0.011942584,9.086408872180469e-05,20,31-75
46,221,35.0,0.012145821,0.00010588137368421017,20,31-75
46,222,34.0,0.011997103,0.0001131173127819552,20,31-75
46,223,33.0,0.011548811,0.00011657451654135285,20,31-75
46,224,32.0,0.011301022,0.0001117303390977448,20,31-75
46,225,31.0,0.011714312,0.00011041069624060112,20,31-75
46,226,30.0,0.011346102,0.00010312194812030089,20,0-30
46,227,29.0,0.011734113,9.480094736842117e-05,20,0-30
46,228,28.0,0.011871084,8.46320548872179e-05,20,0-30
46,229,27.0,0.012054978,7.778475112781939e-05,20,0-30
46,230,26.0,0.01234008,7.499550751879675e-05,20,0-30
46,231,25.0,0.012518681,7.475134135338363e-05,20,0-30
46,232,24.0,0.012509255,7.117140375939827e-05,20,0-30
46,233,23.0,0.012658505,7.018301353383459e-05,20,0-30
46,234,22.0,0.013030474,7.49424774436087e-05,20,0-30
46,235,21.0,0.013388414,8.139817293233063e-05,20,0-30
46,236,20.0,0.0133974645,8.526712067669148e-05,20,0-30
46,237,19.0,0.01359628,9.279300037593984e-05,20,0-30
46,238,18.0,0.013719872,0.00010574479887217952,20,0-30
46,239,17.0,0.01386576,0.00012136583120300753,20,0-30
46,240,16.0,0.014164017,0.00013832008383458656,20,0-30
46,241,15.0,0.013830848,0.00015038328383458612,20,0-30
46,242,14.0,0.014325156,0.00016462597255639095,20,0-30
46,243,13.0,0.014817631,0.00017532489210526415,20,0-30
46,244,12.0,0.014727027,0.00017590149210526375,20,0-30
46,245,11.0,0.0150694,0.00018274287932330856,20,0-30
46,246,10.0,0.015786532,0.0001889699221804511,20,0-30
46,247,9.0,0.016132114,0.00019958300187969874,20,0-30
46,248,8.0,0.016675564,0.00021350881766917226,20,0-30
46,249,7.0,0.01743799,0.00023400524097744283,20,0-30
46,250,6.0,0.01818604,0.00026159494849623964,20,0-30
46,251,5.0,0.018904032,0.00029347078308270577,20,0-30
46,252,4.0,0.019578287,0.0003252279687969931,20,0-30
46,253,3.0,0.021399165,0.00037472415300751795,20,0-30
46,254,2.0,0.022704154,0.00043559238233083024,20,0-30
46,255,1.0,0.023365226,0.0004970092943609047,20,0-30
46,256,0.0,0.02551368,0.0005742585842105227,20,0-30
54,49,208.0,0.0107286135,4.013670488721803e-05,20,RUL > 125
54,50,207.0,0.01048578,4.273029473684211e-05,20,RUL > 125
54,51,206.0,0.01041785,4.1026430827067716e-05,20,RUL > 125
54,52,205.0,0.010368893,3.903492857142858e-05,20,RUL > 125
54,53,204.0,0.010479174,3.5619431578947336e-05,20,RUL > 125
54,54,203.0,0.0103478,3.135693157894735e-05,20,RUL > 125
54,55,202.0,0.01056284,3.072466240601507e-05,20,RUL > 125
54,56,201.0,0.0103370985,2.6722519924812048e-05,20,RUL > 125
54,57,200.0,0.010385911,2.296003947368443e-05,20,RUL > 125
54,58,199.0,0.010457553,1.611971691729338e-05,20,RUL > 125
54,59,198.0,0.010183989,6.81715676691727e-06,20,RUL > 125
54,60,197.0,0.010290853,-3.5933958646616263e-06,20,RUL > 125
54,61,196.0,0.010367103,-7.920341353383296e-06,20,RUL > 125
54,62,195.0,0.010262737,-1.209130300751873e-05,20,RUL > 125
54,63,194.0,0.01044048,-9.719652631578853e-06,20,RUL > 125
54,64,193.0,0.010821815,-6.979571428569997e-07,20,RUL > 125
54,65,192.0,0.010668388,2.2958714285713877e-06,20,RUL > 125
54,66,191.0,0.010722485,2.8756105263158754e-06,20,RUL > 125
54,67,190.0,0.010764322,5.341268421052701e-06,20,RUL > 125
54,68,189.0,0.010935797,1.4457439849624007e-05,20,RUL > 125
54,69,188.0,0.010868903,2.3292835714285785e-05,20,RUL > 125
54,70,187.0,0.011270952,3.3826613909774387e-05,20,RUL > 125
54,71,186.0,0.010892611,3.6702231954887144e-05,20,RUL > 125
54,72,185.0,0.010771996,3.636784699248112e-05,20,RUL > 125
54,73,184.0,0.0105392225,3.3843235338345885e-05,20,RUL > 125
54,74,183.0,0.010567075,2.955189172932339e-05,20,RUL > 125
54,75,182.0,0.010501587,2.739063684210534e-05,20,RUL > 125
54,76,181.0,0.010559348,2.2582309398496384e-05,20,RUL > 125
54,77,180.0,0.010375327,1.558162443609021e-05,20,RUL > 125
54,78,179.0,0.010212851,7.406959022556342e-06,20,RUL > 125
54,79,178.0,0.010287206,-3.6569507518796654e-06,20,RUL > 125
54,80,177.0,0.010441245,-1.0988190601503936e-05,20,RUL > 125
54,81,176.0,0.010929754,-1.03629364661655e-05,20,RUL > 125
54,82,175.0,0.010915004,-1.2442372556390967e-05,20,RUL > 125
54,83,174.0,0.0107169775,-1.552514285714303e-05,20,RUL > 125
54,84,173.0,0.010570896,-1.5089498496240635e-05,20,RUL > 125
54,85,172.0,0.010409866,-1.899949248120311e-05,20,RUL > 125
54,86,171.0,0.010578996,-1.9250425563909762e-05,20,RUL > 125
54,87,170.0,0.010816265,-1.5235444360902179e-05,20,RUL > 125
54,88,169.0,0.011058875,-5.12521578947367e-06,20,RUL > 125
54,89,168.0,0.011291922,7.072954887217905e-06,20,RUL > 125
54,90,167.0,0.011091262,2.2116577443609e-05,20,RUL > 125
54,91,166.0,0.0108588515,2.8136455263157867e-05,20,RUL > 125
54,92,165.0,0.010710896,3.0189001879699123e-05,20,RUL > 125
54,93,164.0,0.010509186,2.577648571428566e-05,20,RUL > 125
54,94,163.0,0.010066876,1.553019924812024e-05,20,RUL > 125
54,95,162.0,0.010132836,5.9443563909774495e-06,20,RUL > 125
54,96,161.0,0.010186316,-1.4109578947367733e-06,20,RUL > 125
54,97,160.0,0.01011371,-1.2148145112781786e-05,20,RUL > 125
54,98,159.0,0.010164581,-2.4330605263157786e-05,20,RUL > 125
54,99,158.0,0.010206404,-3.4668981203007564e-05,20,RUL > 125
54,100,157.0,0.010043272,-4.478411278195496e-05,20,RUL > 125
54,101,156.0,0.010398227,-4.1516703007518844e-05,20,RUL > 125
54,102,155.0,0.010368877,-3.810218496240601e-05,20,RUL > 125
54,103,154.0,0.010712252,-3.208780037593977e-05,20,RUL > 125
54,104,153.0,0.010644269,-2.9344045488721963e-05,20,RUL > 125
54,105,152.0,0.010507205,-3.12112620300752e-05,20,RUL > 125
54,106,151.0,0.010741095,-2.721309360902251e-05,20,RUL > 125
54,107,150.0,0.010740746,-1.9717316165413485e-05,20,RUL > 125
54,108,149.0,0.010702064,-8.829892105263108e-06,20,RUL > 125
54,109,148.0,0.010440397,2.535679323308231e-06,20,RUL > 125
54,110,147.0,0.010323163,1.0338652255639121e-05,20,RUL > 125
54,111,146.0,0.00993425,1.0071121804511261e-05,20,RUL > 125
54,112,145.0,0.009810028,7.08323007518791e-06,20,RUL > 125
54,113,144.0,0.009899781,3.5473180451127804e-06,20,RUL > 125
54,114,143.0,0.010193313,-1.8627233082706974e-06,20,RUL > 125
54,115,142.0,0.010215185,-6.108964661654071e-06,20,RUL > 125
54,116,141.0,0.010406018,-6.90843233082707e-06,20,RUL > 125
54,117,140.0,0.010055562,-1.4191203759398473e-05,20,RUL > 125
54,118,139.0,0.009779334,-2.452942255639106e-05,20,RUL > 125
54,119,138.0,0.009576833,-3.65208308270676e-05,20,RUL > 125
54,120,137.0,0.009650655,-4.908668421052638e-05,20,RUL > 125
54,121,136.0,0.009632297,-5.571984060150378e-05,20,RUL > 125
54,122,135.0,0.009617565,-6.18751007518797e-05,20,RUL > 125
54,123,134.0,0.009542181,-6.25557721804511e-05,20,RUL > 125
54,124,133.0,0.009592402,-6.183291127819525e-05,20,RUL > 125
54,125,132.0,0.0096571855,-6.0766985338345734e-05,20,RUL > 125
54,126,131.0,0.0094515635,-5.766729172932344e-05,20,RUL > 125
54,127,130.0,0.009915201,-4.601057067669179e-05,20,RUL > 125
54,128,129.0,0.009909051,-3.381105413533832e-05,20,RUL > 125
54,129,128.0,0.009704465,-2.747327819548868e-05,20,RUL > 125
54,130,127.0,0.009784068,-2.0742715037594132e-05,20,RUL > 125
54,131,126.0,0.009735078,-2.0042071428571522e-05,20,RUL > 125
54,132,125.0,0.00978617,-2.0273435338345875e-05,20,76-125
54,133,124.0,0.009689285,-2.0435841353383522e-05,20,76-125
54,134,123.0,0.0094068665,-1.9681546240601423e-05,20,76-125
54,135,122.0,0.009496998,-1.61116845864662e-05,20,76-125
54,136,121.0,0.009466365,-8.886304135338265e-06,20,76-125
54,137,120.0,0.009640459,-3.2943703007519632e-06,20,76-125
54,138,119.0,0.0096334135,-1.5403661654135504e-06,20,76-125
54,139,118.0,0.009548378,-3.979109774436249e-06,20,76-125
54,140,117.0,0.009460031,-6.471553383458711e-06,20,76-125
54,141,116.0,0.009443102,-9.209050375939744e-06,20,76-125
54,142,115.0,0.009440638,-1.1929854135338338e-05,20,76-125
54,143,114.0,0.009601491,-1.3276975939849545e-05,20,76-125
54,144,113.0,0.009464483,-1.5877579699248257e-05,20,76-125
54,145,112.0,0.009668723,-1.4345212406015146e-05,20,76-125
54,146,111.0,0.009483779,-1.8718915037593862e-05,20,76-125
54,147,110.0,0.009396468,-1.7067769924811925e-05,20,76-125
54,148,109.0,0.009636336,-1.1306994736842049e-05,20,76-125
54,149,108.0,0.009452181,-1.0997212781954953e-05,20,76-125
54,150,107.0,0.0090900175,-1.4224931203007441e-05,20,76-125
54,151,106.0,0.009179901,-1.58984409774437e-05,20,76-125
54,152,105.0,0.00925796,-1.4815253759398473e-05,20,76-125
54,153,104.0,0.009192667,-1.5400286090225435e-05,20,76-125
54,154,103.0,0.009393862,-1.6823549624060025e-05,20,76-125
54,155,102.0,0.009280935,-1.8417371428571215e-05,20,76-125
54,156,101.0,0.0093934685,-1.8562343984962337e-05,20,76-125
54,157,100.0,0.00944236,-1.5150395112782023e-05,20,76-125
54,158,99.0,0.009459412,-1.1308197744360683e-05,20,76-125
54,159,98.0,0.009364044,-9.909409774436247e-06,20,76-125
54,160,97.0,0.009528846,-7.274066165413473e-06,20,76-125
54,161,96.0,0.009632005,-3.535803759398483e-06,20,76-125
54,162,95.0,0.009789654,2.131617293233131e-06,20,76-125
54,163,94.0,0.009930516,1.1826300751879884e-05,20,76-125
54,164,93.0,0.010274702,2.377986842105266e-05,20,76-125
54,165,92.0,0.010187279,3.649100375939847e-05,20,76-125
54,166,91.0,0.010233183,4.6157958646616474e-05,20,76-125
54,167,90.0,0.0101926625,5.274053120300731e-05,20,76-125
54,168,89.0,0.010643243,6.835007255639096e-05,20,76-125
54,169,88.0,0.010684077,8.012110037593977e-05,20,76-125
54,170,87.0,0.0108892415,8.725220338345874e-05,20,76-125
54,171,86.0,0.010850632,9.25453552631584e-05,20,76-125
54,172,85.0,0.010714165,9.460911165413525e-05,20,76-125
54,173,84.0,0.01086116,9.555207255639062e-05,20,76-125
54,174,83.0,0.010797698,9.625618458646598e-05,20,76-125
54,175,82.0,0.01111755,9.763552142857066e-05,20,76-125
54,176,81.0,0.010889203,9.476777593984945e-05,20,76-125
54,177,80.0,0.011009324,9.213879097744345e-05,20,76-125
54,178,79.0,0.010876377,8.552346842105241e-05,20,76-125
54,179,78.0,0.010766354,7.369980375939835e-05,20,76-125
54,180,77.0,0.011082592,6.688722481202999e-05,20,76-125
54,181,76.0,0.011325034,6.283046917293239e-05,20,76-125
54,182,75.0,0.011384594,5.9567857142857004e-05,20,31-75
54,183,74.0,0.011845946,6.272171879699233e-05,20,31-75
54,184,73.0,0.011632299,6.53776503759397e-05,20,31-75
54,185,72.0,0.011742946,6.619239097744384e-05,20,31-75
54,186,71.0,0.012513361,7.639851127819546e-05,20,31-75
54,187,70.0,0.012502923,8.238688082706755e-05,20,31-75
54,188,69.0,0.012409649,9.068311766917265e-05,20,31-75
54,189,68.0,0.012434,9.73157236842106e-05,20,31-75
54,190,67.0,0.012447532,0.00010474962030075156,20,31-75
54,191,66.0,0.012109021,0.00010439472781954881,20,31-75
54,192,65.0,0.012064261,9.935335037594004e-05,20,31-75
54,193,64.0,0.012126967,9.549852706766954e-05,20,31-75
54,194,63.0,0.011976435,8.658774586466187e-05,20,31-75
54,195,62.0,0.012082965,8.247657969924797e-05,20,31-75
54,196,61.0,0.012140336,7.412776842105257e-05,20,31-75
54,197,60.0,0.012319467,6.83532157894737e-05,20,31-75
54,198,59.0,0.012295651,5.8169131578947355e-05,20,31-75
54,199,58.0,0.01245131,4.633729548872172e-05,20,31-75
54,200,57.0,0.012644228,3.97208939849623e-05,20,31-75
54,201,56.0,0.012985576,3.946059924812024e-05,20,31-75
54,202,55.0,0.013065522,3.87857556390978e-05,20,31-75
54,203,54.0,0.013217911,4.504469172932321e-05,20,31-75
54,204,53.0,0.013537316,5.0430077443608956e-05,20,31-75
54,205,52.0,0.014020108,6.159486240601485e-05,20,31-75
54,206,51.0,0.0143731525,8.654328383458664e-05,20,31-75
54,207,50.0,0.014514612,0.00011055106578947325,20,31-75
54,208,49.0,0.014718885,0.00013297918984962417,20,31-75
54,209,48.0,0.015068061,0.0001573074966165417,20,31-75
54,210,47.0,0.015239818,0.000180342143984963,20,31-75
54,211,46.0,0.015239748,0.00019383195451127774,20,31-75
54,212,45.0,0.015936222,0.00021185679661654065,20,31-75
54,213,44.0,0.016313111,0.00023043336428571433,20,31-75
54,214,43.0,0.017006561,0.0002502445860902253,20,31-75
54,215,42.0,0.017960329,0.000277799018421053,20,31-75
54,216,41.0,0.017956901,0.0002973721958646616,20,31-75
54,217,40.0,0.0190427,0.0003265384575187984,20,31-75
54,218,39.0,0.02037684,0.00036427769511278085,20,31-75
54,219,38.0,0.021518342,0.0004086297139097749,20,31-75
54,220,37.0,0.022542218,0.0004570199718045117,20,31-75
54,221,36.0,0.02417362,0.0005192214823308257,20,31-75
54,222,35.0,0.025280738,0.0005816771432330839,20,31-75
54,223,34.0,0.026391365,0.0006440363003759368,20,31-75
54,224,33.0,0.027124764,0.0007021061176691754,20,31-75
54,225,32.0,0.028397795,0.0007655528710526284,20,31-75
54,226,31.0,0.029972576,0.0008354503007518828,20,31-75
54,227,30.0,0.031877138,0.0009113315503759445,20,0-30
54,228,29.0,0.03304033,0.0009809461300751845,20,0-30
54,229,28.0,0.034535997,0.0010498896413533782,20,0-30
54,230,27.0,0.03572984,0.0011093249135338357,20,0-30
54,231,26.0,0.037657805,0.0011654893744360967,20,0-30
54,232,25.0,0.039859712,0.0012303952436090212,20,0-30
54,233,24.0,0.041809455,0.0012931302902255682,20,0-30
54,234,23.0,0.044476632,0.0013665767090225518,20,0-30
54,235,22.0,0.046159856,0.0014378203022556279,20,0-30
54,236,21.0,0.048731145,0.001503337165413531,20,0-30
54,237,20.0,0.051112782,0.0015737445503759395,20,0-30
54,238,19.0,0.054690354,0.0016680997879699134,20,0-30
54,239,18.0,0.057853,0.0017740601293233078,20,0-30
54,240,17.0,0.06156132,0.0018945243503759423,20,0-30
54,241,16.0,0.06435873,0.0020220352090225546,20,0-30
54,242,15.0,0.06705057,0.0021450529984962424,20,0-30
54,243,14.0,0.070520066,0.0022723594548872336,20,0-30
54,244,13.0,0.07498187,0.0024086270037594073,20,0-30
54,245,12.0,0.07909042,0.0025517230406015105,20,0-30
54,246,11.0,0.08319342,0.0027020688150375927,20,0-30
54,247,10.0,0.08712494,0.0028586198481202934,20,0-30
54,248,9.0,0.09211692,0.0030217716691729236,20,0-30
54,249,8.0,0.0979514,0.0032030520218045045,20,0-30
54,250,7.0,0.10245457,0.003372152018796982,20,0-30
54,251,6.0,0.10849915,0.003557706771428558,20,0-30
54,252,5.0,0.11593266,0.003777693138345872,20,0-30
54,253,4.0,0.12172061,0.003996754510526307,20,0-30
54,254,3.0,0.12942873,0.004247878053383485,20,0-30
54,255,2.0,0.13841504,0.004526207158646635,20,0-30
54,256,1.0,0.14535217,0.004805507821052604,20,0-30
54,257,0.0,0.15450433,0.005107863646616538,20,0-30
71,49,159.0,0.009766688,-5.494719661654131e-05,20,RUL > 125
71,50,158.0,0.009946299,-5.504212443609023e-05,20,RUL > 125
71,51,157.0,0.009952414,-5.32642838345864e-05,20,RUL > 125
71,52,156.0,0.009813827,-4.5079438721804525e-05,20,RUL > 125
71,53,155.0,0.010003546,-3.375791165413529e-05,20,RUL > 125
71,54,154.0,0.009899219,-2.3508278571428572e-05,20,RUL > 125
71,55,153.0,0.009829562,-1.3334166541353258e-05,20,RUL > 125
71,56,152.0,0.009749308,-2.6915770676692044e-06,20,RUL > 125
71,57,151.0,0.009932995,3.526023684210757e-06,20,RUL > 125
71,58,150.0,0.0097315395,3.198007142857359e-06,20,RUL > 125
71,59,149.0,0.009536459,-3.8262169172931955e-06,20,RUL > 125
71,60,148.0,0.009317751,-1.2827503383458683e-05,20,RUL > 125
71,61,147.0,0.009132531,-2.0386848496240467e-05,20,RUL > 125
71,62,146.0,0.008591631,-3.85725127819548e-05,20,RUL > 125
71,63,145.0,0.008684567,-5.210135639097733e-05,20,RUL > 125
71,64,144.0,0.0091122985,-5.7836401879699075e-05,20,RUL > 125
71,65,143.0,0.009194355,-5.876798872180452e-05,20,RUL > 125
71,66,142.0,0.009065914,-6.164871203007507e-05,20,RUL > 125
71,67,141.0,0.009265585,-6.012668421052633e-05,20,RUL > 125
71,68,140.0,0.009242294,-5.8204560150376015e-05,20,RUL > 125
71,69,139.0,0.009105022,-5.928854511278184e-05,20,RUL > 125
71,70,138.0,0.009140646,-5.603266616541363e-05,20,RUL > 125
71,71,137.0,0.008936549,-5.4384397744360884e-05,20,RUL > 125
71,72,136.0,0.00903707,-5.196071428571432e-05,20,RUL > 125
71,73,135.0,0.009014738,-4.569244060150371e-05,20,RUL > 125
71,74,134.0,0.008921866,-4.091124887218046e-05,20,RUL > 125
71,75,133.0,0.008972272,-3.504011503759395e-05,20,RUL > 125
71,76,132.0,0.008944848,-2.9538763157894627e-05,20,RUL > 125
71,77,131.0,0.008851314,-2.1263575939849756e-05,20,RUL > 125
71,78,130.0,0.008893439,-1.3940891353383487e-05,20,RUL > 125
71,79,129.0,0.0090698525,-5.917930827067635e-06,20,RUL > 125
71,80,128.0,0.008871593,-3.4788691729323887e-06,20,RUL > 125
71,81,127.0,0.008957942,-2.0598624060151002e-06,20,RUL > 125
71,82,126.0,0.008929186,-9.329642105263157e-06,20,RUL > 125
71,83,125.0,0.008941412,-1.5464955639097938e-05,20,76-125
71,84,124.0,0.009116629,-1.272974699248128e-05,20,76-125
71,85,123.0,0.009174179,-7.883278571428775e-06,20,76-125
71,86,122.0,0.009129489,-5.672914661654173e-06,20,76-125
71,87,121.0,0.008651991,-7.2268522556391324e-06,20,76-125
71,88,120.0,0.008451128,-1.1095316165413521e-05,20,76-125
71,89,119.0,0.00838587,-1.6873766541353584e-05,20,76-125
71,90,118.0,0.008569889,-1.8379458270676684e-05,20,76-125
71,91,117.0,0.008641539,-2.1225881578947332e-05,20,76-125
71,92,116.0,0.00857405,-2.3005635714285813e-05,20,76-125
71,93,115.0,0.008806164,-2.1125815413533683e-05,20,76-125
71,94,114.0,0.008260602,-2.819249285714295e-05,20,76-125
71,95,113.0,0.008185596,-3.454041842105276e-05,20,76-125
71,96,112.0,0.008567298,-3.468549736842106e-05,20,76-125
71,97,111.0,0.008390452,-3.826605601503743e-05,20,76-125
71,98,110.0,0.008618955,-3.722412894736838e-05,20,76-125
71,99,109.0,0.008617058,-3.301106766917303e-05,20,76-125
71,100,108.0,0.008416143,-3.411773984962417e-05,20,76-125
71,101,107.0,0.008475229,-3.2332033834586474e-05,20,76-125
71,102,106.0,0.008562889,-2.9022200000000015e-05,20,76-125
71,103,105.0,0.00840917,-2.7164487218045056e-05,20,76-125
71,104,104.0,0.008377326,-2.2194740601503716e-05,20,76-125
71,105,103.0,0.008499627,-1.3457418796992431e-05,20,76-125
71,106,102.0,0.008530835,-3.9655360902256214e-06,20,76-125
71,107,101.0,0.008475646,-1.9012781954889008e-06,20,76-125
71,108,100.0,0.008463672,-2.914418045112717e-06,20,76-125
71,109,99.0,0.008138827,-9.617453383458743e-06,20,76-125
71,110,98.0,0.008220227,-1.1880575187969905e-05,20,76-125
71,111,97.0,0.008258761,-1.1936087969924787e-05,20,76-125
71,112,96.0,0.008203678,-1.32685105263159e-05,20,76-125
71,113,95.0,0.008036374,-1.2769081954887202e-05,20,76-125
71,114,94.0,0.0077987383,-2.3121006992481217e-05,20,76-125
71,115,93.0,0.007924141,-3.21712382706766e-05,20,76-125
71,116,92.0,0.007849229,-3.5871601879699234e-05,20,76-125
71,117,91.0,0.007853722,-4.122028203007509e-05,20,76-125
71,118,90.0,0.008248465,-3.6514721578947435e-05,20,76-125
71,119,89.0,0.008346772,-2.9877600225563837e-05,20,76-125
71,120,88.0,0.00846023,-2.4385547293233124e-05,20,76-125
71,121,87.0,0.00871193,-1.4431139473684177e-05,20,76-125
71,122,86.0,0.008917716,-5.087677443609352e-07,20,76-125
71,123,85.0,0.009086223,1.286013030075187e-05,20,76-125
71,124,84.0,0.0093444185,2.8396610676691673e-05,20,76-125
71,125,83.0,0.009307041,4.387592075187949e-05,20,76-125
71,126,82.0,0.0093537895,5.9301668045113084e-05,20,76-125
71,127,81.0,0.009713157,7.775230593984949e-05,20,76-125
71,128,80.0,0.009716174,9.4196061879699e-05,20,76-125
71,129,79.0,0.009816532,0.00010506091030075176,20,76-125
71,130,78.0,0.009778322,0.00011414230007518778,20,76-125
71,131,77.0,0.010062975,0.00012555559285714295,20,76-125
71,132,76.0,0.010189304,0.00013519075030075193,20,76-125
71,133,75.0,0.010814469,0.0001481292904511277,20,31-75
71,134,74.0,0.011103291,0.00015726413007518823,20,31-75
71,135,73.0,0.011118685,0.00016362967443609038,20,31-75
71,136,72.0,0.011011087,0.0001624714578947368,20,31-75
71,137,71.0,0.011057773,0.00015729645263157913,20,31-75
71,138,70.0,0.01116835,0.00015511578120300752,20,31-75
71,139,69.0,0.011223136,0.00015087917819548878,20,31-75
71,140,68.0,0.011275779,0.00014486070075187983,20,31-75
71,141,67.0,0.011494108,0.0001417015112781949,20,31-75
71,142,66.0,0.011689097,0.0001403934052631579,20,31-75
71,143,65.0,0.0119338855,0.00014107542443609036,20,31-75
71,144,64.0,0.012120533,0.0001442184082706769,20,31-75
71,145,63.0,0.011818714,0.0001382849127819548,20,31-75
71,146,62.0,0.011888402,0.00013030814248120304,20,31-75
71,147,61.0,0.012203966,0.0001287022056390977,20,31-75
71,148,60.0,0.012325498,0.00012513449962405998,20,31-75
71,149,59.0,0.012208089,0.00011755032669172892,20,31-75
71,150,58.0,0.0120756,0.00010387381165413531,20,31-75
71,151,57.0,0.0122732455,9.406077142857131e-05,20,31-75
71,152,56.0,0.012377973,8.44147917293233e-05,20,31-75
71,153,55.0,0.012502634,8.312947819548876e-05,20,31-75
71,154,54.0,0.012460604,8.326548947368416e-05,20,31-75
71,155,53.0,0.012675576,8.467452030075186e-05,20,31-75
71,156,52.0,0.012613866,8.11618744360901e-05,20,31-75
71,157,51.0,0.01238909,7.276509624060163e-05,20,31-75
71,158,50.0,0.012261806,6.229394736842097e-05,20,31-75
71,159,49.0,0.012446534,5.368251729323302e-05,20,31-75
71,160,48.0,0.012889142,5.0385567669172987e-05,20,31-75
71,161,47.0,0.012804948,4.6907036842105216e-05,20,31-75
71,162,46.0,0.012612337,4.178450601503767e-05,20,31-75
71,163,45.0,0.012688101,4.022106879699257e-05,20,31-75
71,164,44.0,0.012719486,4.09188958646617e-05,20,31-75
71,165,43.0,0.013047556,4.0637192857142864e-05,20,31-75
71,166,42.0,0.013268626,4.276608684210518e-05,20,31-75
71,167,41.0,0.013694975,5.3892745488721764e-05,20,31-75
71,168,40.0,0.013749173,6.547046879699253e-05,20,31-75
71,169,39.0,0.014045087,7.728084398496241e-05,20,31-75
71,170,38.0,0.0141744185,8.608447744360905e-05,20,31-75
71,171,37.0,0.014425031,9.843288984962459e-05,20,31-75
71,172,36.0,0.014871163,0.00011557244097744337,20,31-75
71,173,35.0,0.015363316,0.00013796192293233025,20,31-75
71,174,34.0,0.015524574,0.00015768968157894706,20,31-75
71,175,33.0,0.016570104,0.0001911404041353366,20,31-75
71,176,32.0,0.017402383,0.0002296500251879694,20,31-75
71,177,31.0,0.01841251,0.0002718401597744355,20,31-75
71,178,30.0,0.018707054,0.0003071705439849608,20,0-30
71,179,29.0,0.019751698,0.0003506490695488699,20,0-30
71,180,28.0,0.0214463,0.0004143395334586452,20,0-30
71,181,27.0,0.022550065,0.00047960078308270784,20,0-30
71,182,26.0,0.023931718,0.0005469043951127806,20,0-30
71,183,25.0,0.025843197,0.0006256894981202988,20,0-30
71,184,24.0,0.02790163,0.0007145942402255642,20,0-30
71,185,23.0,0.029278154,0.0008055133718045127,20,0-30
71,186,22.0,0.030489871,0.000892826410902255,20,0-30
71,187,21.0,0.03275424,0.0009933227958646602,20,0-30
71,188,20.0,0.03514907,0.001100226246992478,20,0-30
71,189,19.0,0.03710611,0.0012075794424812056,20,0-30
71,190,18.0,0.038171504,0.001297516398496236,20,0-30
71,191,17.0,0.042295836,0.0014142435796992477,20,0-30
71,192,16.0,0.04581882,0.0015464323082706808,20,0-30
71,193,15.0,0.047598045,0.0016652715436090283,20,0-30
71,194,14.0,0.050670873,0.0017820812240601554,20,0-30
71,195,13.0,0.05416465,0.0019124587954887173,20,0-30
71,196,12.0,0.05916836,0.002070926033834589,20,0-30
71,197,11.0,0.063948646,0.0022508264654135354,20,0-30
71,198,10.0,0.06859793,0.0024333205421052627,20,0-30
71,199,9.0,0.07322998,0.0026234572669172973,20,0-30
71,200,8.0,0.0787749,0.0028391455390977503,20,0-30
71,201,7.0,0.085086785,0.0030762230443609102,20,0-30
71,202,6.0,0.0914216,0.0033315733000000036,20,0-30
71,203,5.0,0.09752329,0.0036027832586466384,20,0-30
71,204,4.0,0.10548346,0.003912421891729324,20,0-30
71,205,3.0,0.11335724,0.004239613279699237,20,0-30
71,206,2.0,0.12264248,0.004592148611278201,20,0-30
71,207,1.0,0.13274552,0.004986190928571419,20,0-30
71,208,0.0,0.14395906,0.005427876952631587,20,0-30
74,49,117.0,0.009105632,-5.937413684210512e-05,20,76-125
74,50,116.0,0.009101736,-6.005838796992484e-05,20,76-125
74,51,115.0,0.009650006,-5.186148345864659e-05,20,76-125
74,52,114.0,0.009631781,-4.3415278947368436e-05,20,76-125
74,53,113.0,0.009577121,-3.37467721804512e-05,20,76-125
74,54,112.0,0.009772503,-1.875879774436105e-05,20,76-125
74,55,111.0,0.009836731,-5.770515789473547e-06,20,76-125
74,56,110.0,0.009674833,7.793505263157932e-06,20,76-125
74,57,109.0,0.010024802,2.4294108270676724e-05,20,76-125
74,58,108.0,0.010097235,3.883662330827072e-05,20,76-125
74,59,107.0,0.009972643,4.509215977443613e-05,20,76-125
74,60,106.0,0.009852055,4.845636052631583e-05,20,76-125
74,61,105.0,0.009878942,5.229328233082709e-05,20,76-125
74,62,104.0,0.00972396,5.44546469924812e-05,20,76-125
74,63,103.0,0.009609075,5.455688120300756e-05,20,76-125
74,64,102.0,0.009509658,4.94425360902257e-05,20,76-125
74,65,101.0,0.009446851,4.056276240601504e-05,20,76-125
74,66,100.0,0.009597297,3.0204712781954916e-05,20,76-125
74,67,99.0,0.009876621,2.2334129323308366e-05,20,76-125
74,68,98.0,0.009988934,1.814769022556391e-05,20,76-125
74,69,97.0,0.010131613,1.503647744360912e-05,20,76-125
74,70,96.0,0.010308924,1.2853934586466106e-05,20,76-125
74,71,95.0,0.0103684785,1.8363744736842054e-05,20,76-125
74,72,94.0,0.010128099,1.90713890977443e-05,20,76-125
74,73,93.0,0.010493624,2.3391423684210525e-05,20,76-125
74,74,92.0,0.010407688,2.8190580075188e-05,20,76-125
74,75,91.0,0.010375568,3.258984022556389e-05,20,76-125
74,76,90.0,0.010588199,3.6660120676691795e-05,20,76-125
74,77,89.0,0.010453653,4.296065902255622e-05,20,76-125
74,78,88.0,0.010630258,5.228291616541359e-05,20,76-125
74,79,87.0,0.010686132,5.9634592857142826e-05,20,76-125
74,80,86.0,0.010695977,6.414997556390979e-05,20,76-125
74,81,85.0,0.010234175,6.122366278195491e-05,20,76-125
74,82,84.0,0.010551013,5.98423379699248e-05,20,76-125
74,83,83.0,0.0106893005,5.737888646616524e-05,20,76-125
74,84,82.0,0.010740702,5.2455600751879705e-05,20,76-125
74,85,81.0,0.010866579,4.64876744360902e-05,20,76-125
74,86,80.0,0.01075869,3.921901052631576e-05,20,76-125
74,87,79.0,0.010538278,3.1465527067669306e-05,20,76-125
74,88,78.0,0.010614219,2.5575305263157933e-05,20,76-125
74,89,77.0,0.010815693,2.3875831578947247e-05,20,76-125
74,90,76.0,0.010876354,2.4813899248120182e-05,20,76-125
74,91,75.0,0.010853297,2.550963721804518e-05,20,31-75
74,92,74.0,0.011102387,2.5239287593985027e-05,20,31-75
74,93,73.0,0.011054433,2.8590233458646707e-05,20,31-75
74,94,72.0,0.011199888,3.1818901879699136e-05,20,31-75
74,95,71.0,0.011260307,3.421226278195496e-05,20,31-75
74,96,70.0,0.010795278,3.198924924812029e-05,20,31-75
74,97,69.0,0.0108643,2.831645676691732e-05,20,31-75
74,98,68.0,0.011113782,3.037867857142857e-05,20,31-75
74,99,67.0,0.011228812,3.4239303383458575e-05,20,31-75
74,100,66.0,0.011183878,3.679740112781936e-05,20,31-75
74,101,65.0,0.011145551,3.078267406015027e-05,20,31-75
74,102,64.0,0.011214654,2.938734774436096e-05,20,31-75
74,103,63.0,0.011080801,2.7265366165413637e-05,20,31-75
74,104,62.0,0.010861926,2.2239478947368387e-05,20,31-75
74,105,61.0,0.010820463,1.8426503007518765e-05,20,31-75
74,106,60.0,0.0106049655,9.900828195488687e-06,20,31-75
74,107,59.0,0.010588482,-2.1093500000000415e-06,20,31-75
74,108,58.0,0.010512035,-1.4088054511278102e-05,20,31-75
74,109,57.0,0.010448905,-2.3633787593985122e-05,20,31-75
74,110,56.0,0.010472961,-3.132649736842095e-05,20,31-75
74,111,55.0,0.010926761,-3.2293801879699256e-05,20,31-75
74,112,54.0,0.010698841,-3.269457857142869e-05,20,31-75
74,113,53.0,0.01065252,-3.390741616541348e-05,20,31-75
74,114,52.0,0.010405038,-3.57546725563909e-05,20,31-75
74,115,51.0,0.010388701,-3.568606729323304e-05,20,31-75
74,116,50.0,0.01026512,-4.341478233082711e-05,20,31-75
74,117,49.0,0.01047265,-4.62917319548871e-05,20,31-75
74,118,48.0,0.010417968,-4.542171616541361e-05,20,31-75
74,119,47.0,0.010397355,-4.198357180451113e-05,20,31-75
74,120,46.0,0.010318167,-3.913585751879703e-05,20,31-75
74,121,45.0,0.0102141425,-3.7077549624060055e-05,20,31-75
74,122,44.0,0.010078133,-3.447052030075189e-05,20,31-75
74,123,43.0,0.010031316,-3.2936719548872205e-05,20,31-75
74,124,42.0,0.010124281,-3.195259548872165e-05,20,31-75
74,125,41.0,0.0101727,-2.982220977443595e-05,20,31-75
74,126,40.0,0.010091752,-3.1276736466165386e-05,20,31-75
74,127,39.0,0.009974039,-3.390139360902244e-05,20,31-75
74,128,38.0,0.0105670085,-2.8338141353383438e-05,20,31-75
74,129,37.0,0.010484121,-2.5038452631578926e-05,20,31-75
74,130,36.0,0.010862687,-1.6003803007518917e-05,20,31-75
74,131,35.0,0.011120823,3.2977127819548915e-06,20,31-75
74,132,34.0,0.011652411,2.6302783458646584e-05,20,31-75
74,133,33.0,0.011709406,4.795674436090231e-05,20,31-75
74,134,32.0,0.012195383,7.105632105263175e-05,20,31-75
74,135,31.0,0.0120097,8.855308270676698e-05,20,31-75
74,136,30.0,0.011727323,9.76270157894737e-05,20,0-30
74,137,29.0,0.011856188,0.000109619865413534,20,0-30
74,138,28.0,0.011733534,0.00011691660676691726,20,0-30
74,139,27.0,0.011773568,0.00012248149924812038,20,0-30
74,140,26.0,0.012056972,0.00012877519022556403,20,0-30
74,141,25.0,0.013047251,0.00014495848759398422,20,0-30
74,142,24.0,0.013011835,0.00015422801015037575,20,0-30
74,143,23.0,0.01358876,0.00016658852067669182,20,0-30
74,144,22.0,0.0134759,0.00017345507406015066,20,0-30
74,145,21.0,0.01338442,0.00017473925225563907,20,0-30
74,146,20.0,0.013874088,0.00017691090714285702,20,0-30
74,147,19.0,0.01382183,0.00017078966954887185,20,0-30
74,148,18.0,0.013915823,0.00016958771353383433,20,0-30
74,149,17.0,0.014340827,0.00016811268195488643,20,0-30
74,150,16.0,0.015366426,0.00018146686466165394,20,0-30
74,151,15.0,0.015441437,0.0001931959248120305,20,0-30
74,152,14.0,0.015351792,0.00020554067293233094,20,0-30
74,153,13.0,0.015905794,0.00022113667744360873,20,0-30
74,154,12.0,0.015510704,0.00023245150225563907,20,0-30
74,155,11.0,0.015636971,0.00023765285939849611,20,0-30
74,156,10.0,0.016258992,0.00024182710375939803,20,0-30
74,157,9.0,0.016560353,0.00024552667593985013,20,0-30
74,158,8.0,0.01694972,0.0002457780593984953,20,0-30
74,159,7.0,0.017328212,0.00024422469849624107,20,0-30
74,160,6.0,0.017501323,0.00024126630375939865,20,0-30
74,161,5.0,0.017977634,0.0002525613421052633,20,0-30
74,162,4.0,0.018388886,0.00026175809924812037,20,0-30
74,163,3.0,0.019548975,0.0002885511075187984,20,0-30
74,164,2.0,0.02068087,0.00032076931503759426,20,0-30
74,165,1.0,0.021443184,0.0003515987601503753,20,0-30
74,166,0.0,0.022772653,0.0003970337774436088,20,0-30
77,49,105.0,0.009275502,-4.7131559774435944e-05,20,76-125
77,50,104.0,0.00956451,-4.957830112781955e-05,20,76-125
77,51,103.0,0.009638954,-5.0541013909774356e-05,20,76-125
77,52,102.0,0.009689573,-5.3827083834586434e-05,20,76-125
77,53,101.0,0.009662594,-5.514901992481204e-05,20,76-125
77,54,100.0,0.009889137,-5.266225751879704e-05,20,76-125
77,55,99.0,0.010150443,-3.4461843984962214e-05,20,76-125
77,56,98.0,0.009957999,-1.816953571428571e-05,20,76-125
77,57,97.0,0.010013683,-8.751559774436009e-06,20,76-125
77,58,96.0,0.01028972,8.511480827067818e-06,20,76-125
77,59,95.0,0.010426894,2.829402443609037e-05,20,76-125
77,60,94.0,0.010686601,5.006991766917286e-05,20,76-125
77,61,93.0,0.011148301,7.215043721804511e-05,20,76-125
77,62,92.0,0.011364185,9.279439887218053e-05,20,76-125
77,63,91.0,0.011012548,0.00010498054999999999,20,76-125
77,64,90.0,0.011016948,0.00011303790037593983,20,76-125
77,65,89.0,0.0101874275,0.00010718437293233085,20,76-125
77,66,88.0,0.010208965,9.48721454887217e-05,20,76-125
77,67,87.0,0.010443014,8.306417781954895e-05,20,76-125
77,68,86.0,0.010461217,7.075011390977438e-05,20,76-125
77,69,85.0,0.010604232,6.029110563909783e-05,20,76-125
77,70,84.0,0.010604953,5.240759135338343e-05,20,76-125
77,71,83.0,0.010731231,4.593890413533825e-05,20,76-125
77,72,82.0,0.010981678,4.22047567669173e-05,20,76-125
77,73,81.0,0.011172503,3.882768157894737e-05,20,76-125
77,74,80.0,0.011367133,3.953748984962407e-05,20,76-125
77,75,79.0,0.0114078475,4.273226766917292e-05,20,76-125
77,76,78.0,0.011428334,4.129028646616538e-05,20,76-125
77,77,77.0,0.0114557,3.8907439097744254e-05,20,76-125
77,78,76.0,0.011422505,3.8240409774436076e-05,20,76-125
77,79,75.0,0.011216297,3.509002105263156e-05,20,31-75
77,80,74.0,0.011467468,3.84413541353382e-05,20,31-75
77,81,73.0,0.011257898,4.49145939849623e-05,20,31-75
77,82,72.0,0.011260157,5.4663992481202916e-05,20,31-75
77,83,71.0,0.011387385,6.0835203759398334e-05,20,31-75
77,84,70.0,0.011117831,6.266145263157887e-05,20,31-75
77,85,69.0,0.010934197,4.8614962781954726e-05,20,31-75
77,86,68.0,0.011103108,3.6198591353383485e-05,20,31-75
77,87,67.0,0.010916867,2.3472568796992492e-05,20,31-75
77,88,66.0,0.01081605,8.881158270676816e-06,20,31-75
77,89,65.0,0.010913542,-2.5929612781955523e-06,20,31-75
77,90,64.0,0.010983707,-1.351846729323319e-05,20,31-75
77,91,63.0,0.010553355,-2.9167550751879328e-05,20,31-75
77,92,62.0,0.010452737,-4.203212518797002e-05,20,31-75
77,93,61.0,0.010573367,-4.936498759398466e-05,20,31-75
77,94,60.0,0.010814734,-4.927568834586461e-05,20,31-75
77,95,59.0,0.011297463,-4.081672481203009e-05,20,31-75
77,96,58.0,0.011456602,-2.9594884210526322e-05,20,31-75
77,97,57.0,0.011409747,-1.8652814285714124e-05,20,31-75
77,98,56.0,0.011548094,-6.189387969924793e-06,20,31-75
77,99,55.0,0.012044886,9.92629548872176e-06,20,31-75
77,100,54.0,0.012299601,3.240062406015024e-05,20,31-75
77,101,53.0,0.012060647,4.690099624060146e-05,20,31-75
77,102,52.0,0.011805886,5.659045263157922e-05,20,31-75
77,103,51.0,0.011503545,6.314896992481193e-05,20,31-75
77,104,50.0,0.011486546,6.503385187969943e-05,20,31-75
77,105,49.0,0.011889764,6.922504812030081e-05,20,31-75
77,106,48.0,0.011738576,7.248648872180438e-05,20,31-75
77,107,47.0,0.011820482,7.302177669172922e-05,20,31-75
77,108,46.0,0.011683802,6.865382631578944e-05,20,31-75
77,109,45.0,0.011881179,6.734000451127809e-05,20,31-75
77,110,44.0,0.011246745,5.661561503759398e-05,20,31-75
77,111,43.0,0.011181271,3.7765305263157954e-05,20,31-75
77,112,42.0,0.010904106,1.2422555639097549e-05,20,31-75
77,113,41.0,0.011004007,-1.0267103007518648e-05,20,31-75
77,114,40.0,0.011155315,-2.763173984962404e-05,20,31-75
77,115,39.0,0.011204536,-3.718333458646612e-05,20,31-75
77,116,38.0,0.01086671,-4.8908554135338574e-05,20,31-75
77,117,37.0,0.011202756,-5.568587669172916e-05,20,31-75
77,118,36.0,0.011306579,-5.8484322556391e-05,20,31-75
77,119,35.0,0.011020766,-5.715854661654136e-05,20,31-75
77,120,34.0,0.01084864,-5.272986766917302e-05,20,31-75
77,121,33.0,0.010864698,-4.96628503759399e-05,20,31-75
77,122,32.0,0.010798005,-4.9772712781954855e-05,20,31-75
77,123,31.0,0.010857632,-5.228895563909768e-05,20,31-75
77,124,30.0,0.010838186,-5.438010601503738e-05,20,0-30
77,125,29.0,0.01091417,-4.8044193233082566e-05,20,0-30
77,126,28.0,0.010681418,-4.595342932330828e-05,20,0-30
77,127,27.0,0.0110984845,-3.5021608646616514e-05,20,0-30
77,128,26.0,0.011291981,-2.239794699248118e-05,20,0-30
77,129,25.0,0.011508817,-2.970944736842052e-06,20,0-30
77,130,24.0,0.011470493,6.451135714285637e-06,20,0-30
77,131,23.0,0.011472361,1.4529638721804523e-05,20,0-30
77,132,22.0,0.011924543,2.4253865789473636e-05,20,0-30
77,133,21.0,0.011979161,3.480124248120304e-05,20,0-30
77,134,20.0,0.011688378,4.211725300751887e-05,20,0-30
77,135,19.0,0.011766391,5.0523310150375946e-05,20,0-30
77,136,18.0,0.012401833,6.182812067669172e-05,20,0-30
77,137,17.0,0.012445476,7.675393646616555e-05,20,0-30
77,138,16.0,0.0127162365,9.53183180451127e-05,20,0-30
77,139,15.0,0.012703827,0.00010707279849624057,20,0-30
77,140,14.0,0.013157423,0.00012005852406015032,20,0-30
77,141,13.0,0.013406024,0.00013337738571428498,20,0-30
77,142,12.0,0.013732474,0.00014648522857142843,20,0-30
77,143,11.0,0.013597432,0.0001541926436090227,20,0-30
77,144,10.0,0.014143469,0.00016527354511278224,20,0-30
77,145,9.0,0.014591988,0.00017899125789473693,20,0-30
77,146,8.0,0.015326722,0.00019399958571428579,20,0-30
77,147,7.0,0.016027503,0.0002186189116541347,20,0-30
77,148,6.0,0.016884483,0.0002511239590225557,20,0-30
77,149,5.0,0.018212661,0.0002976169266917273,20,0-30
77,150,4.0,0.019645356,0.00035389088157894677,20,0-30
77,151,3.0,0.020278482,0.0004069459612781965,20,0-30
77,152,2.0,0.021197503,0.00046702734097744383,20,0-30
77,153,1.0,0.022885278,0.000538137880827067,20,0-30
77,154,0.0,0.025193874,0.0006212368770676688,20,0-30
78,49,182.0,0.0106647955,6.331255112781955e-05,20,RUL > 125
78,50,181.0,0.010435733,6.403596616541351e-05,20,RUL > 125
78,51,180.0,0.010692517,6.57165586466165e-05,20,RUL > 125
78,52,179.0,0.010956843,7.407289398496241e-05,20,RUL > 125
78,53,178.0,0.010895189,7.845281578947378e-05,20,RUL > 125
78,54,177.0,0.010807617,7.546992631578939e-05,20,RUL > 125
78,55,176.0,0.011045465,7.093314887218057e-05,20,RUL > 125
78,56,175.0,0.011047763,6.450536842105258e-05,20,RUL > 125
78,57,174.0,0.011201259,6.435623834586475e-05,20,RUL > 125
78,58,173.0,0.011815993,7.572155864661663e-05,20,RUL > 125
78,59,172.0,0.011726196,7.919875601503752e-05,20,RUL > 125
78,60,171.0,0.011495386,8.023404473684204e-05,20,RUL > 125
78,61,170.0,0.011397068,7.640651804511286e-05,20,RUL > 125
78,62,169.0,0.011294842,6.830364812030073e-05,20,RUL > 125
78,63,168.0,0.011322241,6.188849624060152e-05,20,RUL > 125
78,64,167.0,0.011353606,5.43988180451128e-05,20,RUL > 125
78,65,166.0,0.011343296,5.274573984962397e-05,20,RUL > 125
78,66,165.0,0.011231437,4.979331503759398e-05,20,RUL > 125
78,67,164.0,0.010676125,3.781134360902261e-05,20,RUL > 125
78,68,163.0,0.010385511,1.9433758270676726e-05,20,RUL > 125
78,69,162.0,0.010527039,4.694421052631628e-06,20,RUL > 125
78,70,161.0,0.010529586,-1.3418154135338467e-05,20,RUL > 125
78,71,160.0,0.010336783,-3.037170601503753e-05,20,RUL > 125
78,72,159.0,0.010418477,-4.144969398496247e-05,20,RUL > 125
78,73,158.0,0.010420632,-5.266080751879692e-05,20,RUL > 125
78,74,157.0,0.01046071,-6.396847443609025e-05,20,RUL > 125
78,75,156.0,0.009984316,-7.780461052631592e-05,20,RUL > 125
78,76,155.0,0.009909151,-9.108253533834564e-05,20,RUL > 125
78,77,154.0,0.010039953,-9.835604060150379e-05,20,RUL > 125
78,78,153.0,0.0099238055,-9.583614473684211e-05,20,RUL > 125
78,79,152.0,0.010069566,-8.980640864661634e-05,20,RUL > 125
78,80,151.0,0.010460005,-7.935216804511299e-05,20,RUL > 125
78,81,150.0,0.010610571,-6.674241015037604e-05,20,RUL > 125
78,82,149.0,0.010621527,-5.44075304511278e-05,20,RUL > 125
78,83,148.0,0.010513602,-4.216931691729334e-05,20,RUL > 125
78,84,147.0,0.010545574,-2.7763125187970123e-05,20,RUL > 125
78,85,146.0,0.010325485,-1.544876578947377e-05,20,RUL > 125
78,86,145.0,0.010491632,-9.965296992481459e-07,20,RUL > 125
78,87,144.0,0.01024868,2.329368045112776e-06,20,RUL > 125
78,88,143.0,0.009885457,-3.4795018796993172e-06,20,RUL > 125
78,89,142.0,0.009890095,-6.235501127819697e-06,20,RUL > 125
78,90,141.0,0.010337595,-1.6006169172932903e-06,20,RUL > 125
78,91,140.0,0.010857459,7.705346240601474e-06,20,RUL > 125
78,92,139.0,0.010598338,1.3816514661654194e-05,20,RUL > 125
78,93,138.0,0.0108118765,2.2741791729323284e-05,20,RUL > 125
78,94,137.0,0.011131908,3.6283420300751686e-05,20,RUL > 125
78,95,136.0,0.0110393455,3.9971396616541287e-05,20,RUL > 125
78,96,135.0,0.011318758,4.48776537593985e-05,20,RUL > 125
78,97,134.0,0.0111851655,4.782103157894744e-05,20,RUL > 125
78,98,133.0,0.011246168,4.807984172932325e-05,20,RUL > 125
78,99,132.0,0.011172726,4.7602446992481084e-05,20,RUL > 125
78,100,131.0,0.011142284,5.1196105639097665e-05,20,RUL > 125
78,101,130.0,0.01118741,5.678579586466166e-05,20,RUL > 125
78,102,129.0,0.01097419,5.863504849624077e-05,20,RUL > 125
78,103,128.0,0.010819594,5.6041387593984876e-05,20,RUL > 125
78,104,127.0,0.010860677,5.4079309398496307e-05,20,RUL > 125
78,105,126.0,0.010834042,4.778780263157896e-05,20,RUL > 125
78,106,125.0,0.010669777,4.100827932330809e-05,20,76-125
78,107,124.0,0.010654056,2.9900198872180356e-05,20,76-125
78,108,123.0,0.010679558,1.2811744736842179e-05,20,76-125
78,109,122.0,0.010371991,-9.791428947368663e-06,20,76-125
78,110,121.0,0.009881083,-3.3066440225563744e-05,20,76-125
78,111,120.0,0.009696283,-5.0086588345864386e-05,20,76-125
78,112,119.0,0.009704678,-6.93320627819551e-05,20,76-125
78,113,118.0,0.009931033,-8.062838421052626e-05,20,76-125
78,114,117.0,0.010236041,-8.118974285714285e-05,20,76-125
78,115,116.0,0.010401726,-7.949851766917287e-05,20,76-125
78,116,115.0,0.010179801,-7.560704699248126e-05,20,76-125
78,117,114.0,0.010747937,-6.399598571428564e-05,20,76-125
78,118,113.0,0.010963715,-4.768169774436094e-05,20,76-125
78,119,112.0,0.0109199695,-3.2727214661654114e-05,20,76-125
78,120,111.0,0.010694804,-2.1089959774436156e-05,20,76-125
78,121,110.0,0.010409556,-1.2142258270676679e-05,20,76-125
78,122,109.0,0.010597473,-2.7069545112782727e-06,20,76-125
78,123,108.0,0.010498333,3.437565789473618e-06,20,76-125
78,124,107.0,0.010015928,3.82236428571427e-06,20,76-125
78,125,106.0,0.01016837,7.234652255638975e-06,20,76-125
78,126,105.0,0.01028847,1.0770007142857166e-05,20,76-125
78,127,104.0,0.010502447,1.768734398496239e-05,20,76-125
78,128,103.0,0.01044194,2.437094172932317e-05,20,76-125
78,129,102.0,0.010398002,2.5927853007518855e-05,20,76-125
78,130,101.0,0.010137038,1.5966413909774283e-05,20,76-125
78,131,100.0,0.010298897,5.014456766917129e-06,20,76-125
78,132,99.0,0.010353538,-5.930548496240627e-06,20,76-125
78,133,98.0,0.010362216,-1.4153285338345921e-05,20,76-125
78,134,97.0,0.0107130455,-1.3196651879699147e-05,20,76-125
78,135,96.0,0.01059219,-1.2067746616541424e-05,20,76-125
78,136,95.0,0.010676326,-1.3527389473684172e-05,20,76-125
78,137,94.0,0.010850186,-4.279403759398371e-06,20,76-125
78,138,93.0,0.010607901,4.760630827067513e-06,20,76-125
78,139,92.0,0.010434432,1.1166877067669042e-05,20,76-125
78,140,91.0,0.010922783,2.172445300751875e-05,20,76-125
78,141,90.0,0.010836953,2.6209144736841814e-05,20,76-125
78,142,89.0,0.010619724,2.991497330827064e-05,20,76-125
78,143,88.0,0.010241567,2.6619730451127797e-05,20,76-125
78,144,87.0,0.010110735,1.4224652255639089e-05,20,76-125
78,145,86.0,0.010118721,4.208071804511233e-06,20,76-125
78,146,85.0,0.00998712,-5.717546992481238e-06,20,76-125
78,147,84.0,0.009409078,-2.006916654135312e-05,20,76-125
78,148,83.0,0.009112748,-3.79652815789472e-05,20,76-125
78,149,82.0,0.009050735,-5.544226954887153e-05,20,76-125
78,150,81.0,0.009141245,-7.372077631578929e-05,20,76-125
78,151,80.0,0.009191807,-8.72238672932335e-05,20,76-125
78,152,79.0,0.009210262,-9.793576578947373e-05,20,76-125
78,153,78.0,0.009279255,-0.00010580581691729297,20,76-125
78,154,77.0,0.0092573315,-0.00010682113496240589,20,76-125
78,155,76.0,0.009605419,-0.00010258297556390943,20,76-125
78,156,75.0,0.009414863,-9.825471541353366e-05,20,31-75
78,157,74.0,0.009172289,-9.274970338345873e-05,20,31-75
78,158,73.0,0.009161063,-8.870746203007441e-05,20,31-75
78,159,72.0,0.009281102,-8.351366578947382e-05,20,31-75
78,160,71.0,0.009708434,-6.276999060150379e-05,20,31-75
78,161,70.0,0.009317892,-4.713460864661653e-05,20,31-75
78,162,69.0,0.009400639,-3.146275601503761e-05,20,31-75
78,163,68.0,0.009506077,-1.8422335714285656e-05,20,31-75
78,164,67.0,0.009072728,-1.2532383834586366e-05,20,31-75
78,165,66.0,0.0089407,-6.841538721804549e-06,20,31-75
78,166,65.0,0.009146399,1.4814131578946109e-06,20,31-75
78,167,64.0,0.009229451,3.1280853383459233e-06,20,31-75
78,168,63.0,0.0094893165,4.078342857142854e-06,20,31-75
78,169,62.0,0.009687284,6.3112864661654855e-06,20,31-75
78,170,61.0,0.009899462,1.204723308270684e-05,20,31-75
78,171,60.0,0.009784233,1.579522255639103e-05,20,31-75
78,172,59.0,0.010039737,2.2593797744360898e-05,20,31-75
78,173,58.0,0.0104449475,3.5023126691729204e-05,20,31-75
78,174,57.0,0.0104913935,4.601688834586444e-05,20,31-75
78,175,56.0,0.010748967,6.433065751879636e-05,20,31-75
78,176,55.0,0.010810365,7.879314097744333e-05,20,31-75
78,177,54.0,0.010743975,8.637858082706742e-05,20,31-75
78,178,53.0,0.01056479,8.886354473684166e-05,20,31-75
78,179,52.0,0.010765245,9.399663646616456e-05,20,31-75
78,180,51.0,0.011191945,0.00010974099586466123,20,31-75
78,181,50.0,0.011407344,0.0001201651875939853,20,31-75
78,182,49.0,0.011267994,0.0001267631635338342,20,31-75
78,183,48.0,0.011520202,0.00013582086879699223,20,31-75
78,184,47.0,0.0115365395,0.00013524085488721805,20,31-75
78,185,46.0,0.011475972,0.00012800595864661672,20,31-75
78,186,45.0,0.01140203,0.00011915018796992475,20,31-75
78,187,44.0,0.011732092,0.00011292900977443592,20,31-75
78,188,43.0,0.011858863,0.00010885861541353371,20,31-75
78,189,42.0,0.011779323,0.00010321451015037606,20,31-75
78,190,41.0,0.011859485,9.891983195488714e-05,20,31-75
78,191,40.0,0.012066141,9.28105740601504e-05,20,31-75
78,192,39.0,0.0116090495,8.077427067669189e-05,20,31-75
78,193,38.0,0.011745109,7.471986654135358e-05,20,31-75
78,194,37.0,0.011629945,6.579849022556401e-05,20,31-75
78,195,36.0,0.0116498405,5.9516177819548695e-05,20,31-75
78,196,35.0,0.011445486,4.9929260526315665e-05,20,31-75
78,197,34.0,0.01133927,3.682163947368415e-05,20,31-75
78,198,33.0,0.011520183,2.257407255639101e-05,20,31-75
78,199,32.0,0.011675939,1.2279989097744295e-05,20,31-75
78,200,31.0,0.011855176,9.914337969924477e-06,20,31-75
78,201,30.0,0.011939403,1.1155626691729178e-05,20,0-30
78,202,29.0,0.011736822,6.502549248120329e-06,20,0-30
78,203,28.0,0.011813043,6.2155703007516415e-06,20,0-30
78,204,27.0,0.01191773,7.241718045112742e-06,20,0-30
78,205,26.0,0.012502175,1.5087532330827163e-05,20,0-30
78,206,25.0,0.012159536,1.5327836090225497e-05,20,0-30
78,207,24.0,0.012419224,2.3350366917293205e-05,20,0-30
78,208,23.0,0.012410521,3.221693533834592e-05,20,0-30
78,209,22.0,0.012848568,4.525586240601516e-05,20,0-30
78,210,21.0,0.013638896,6.924301804511311e-05,20,0-30
78,211,20.0,0.014264652,0.00010275672857142838,20,0-30
78,212,19.0,0.014873915,0.00013445093045112719,20,0-30
78,213,18.0,0.015455724,0.00017169542518797004,20,0-30
78,214,17.0,0.015818123,0.00020671879736842072,20,0-30
78,215,16.0,0.016295211,0.00024257383984962422,20,0-30
78,216,15.0,0.017208714,0.00028126675563909764,20,0-30
78,217,14.0,0.017991131,0.00032079345413533973,20,0-30
78,218,13.0,0.019080235,0.00036873250375939735,20,0-30
78,219,12.0,0.020283418,0.00042495068796992566,20,0-30
78,220,11.0,0.020509806,0.00047428946691729386,20,0-30
78,221,10.0,0.021090085,0.0005202333646616527,20,0-30
78,222,9.0,0.022219807,0.0005653570766917306,20,0-30
78,223,8.0,0.024171986,0.0006238086624060123,20,0-30
78,224,7.0,0.02549991,0.0006842986669172955,20,0-30
78,225,6.0,0.027360614,0.000760173905263155,20,0-30
78,226,5.0,0.029090496,0.0008330081368421083,20,0-30
78,227,4.0,0.031196522,0.0009145687007518843,20,0-30
78,228,3.0,0.032588612,0.0009876423105263123,20,0-30
78,229,2.0,0.034193326,0.0010602139436090175,20,0-30
78,230,1.0,0.036313675,0.001143457759398497,20,0-30
78,231,0.0,0.03842565,0.00123265559248121,20,0-30
81,49,191.0,0.0099679865,-5.516283270676686e-05,20,RUL > 125
81,50,190.0,0.010325468,-4.10317838345865e-05,20,RUL > 125
81,51,189.0,0.010470886,-2.370934473684209e-05,20,RUL > 125
81,52,188.0,0.0105708325,-4.802848872180483e-06,20,RUL > 125
81,53,187.0,0.0104269665,9.720635714285714e-06,20,RUL > 125
81,54,186.0,0.010656593,2.825356278195477e-05,20,RUL > 125
81,55,185.0,0.010646139,4.339933195488735e-05,20,RUL > 125
81,56,184.0,0.010903835,5.848798984962411e-05,20,RUL > 125
81,57,183.0,0.010885177,6.695996052631585e-05,20,RUL > 125
81,58,182.0,0.010930617,7.517081766917298e-05,20,RUL > 125
81,59,181.0,0.01084674,7.687149060150382e-05,20,RUL > 125
81,60,180.0,0.010603235,6.954921090225561e-05,20,RUL > 125
81,61,179.0,0.010736927,6.677013571428582e-05,20,RUL > 125
81,62,178.0,0.010925241,6.636189060150386e-05,20,RUL > 125
81,63,177.0,0.010914679,6.568157255639106e-05,20,RUL > 125
81,64,176.0,0.010741628,5.943500639097752e-05,20,RUL > 125
81,65,175.0,0.010429745,4.831217105263162e-05,20,RUL > 125
81,66,174.0,0.010588262,3.972253796992479e-05,20,RUL > 125
81,67,173.0,0.0105692595,2.8822298496240637e-05,20,RUL > 125
81,68,172.0,0.010438047,1.4267390225563972e-05,20,RUL > 125
81,69,171.0,0.010299512,-8.740259398494946e-07,20,RUL > 125
81,70,170.0,0.010358517,-1.0026603383458756e-05,20,RUL > 125
81,71,169.0,0.009965867,-2.2542090601503715e-05,20,RUL > 125
81,72,168.0,0.010068123,-3.125924812030078e-05,20,RUL > 125
81,73,167.0,0.009974498,-4.2829519924812065e-05,20,RUL > 125
81,74,166.0,0.009849661,-5.1877092105263105e-05,20,RUL > 125
81,75,165.0,0.009734703,-6.151855300751878e-05,20,RUL > 125
81,76,164.0,0.0099240905,-6.301501353383442e-05,20,RUL > 125
81,77,163.0,0.009765617,-6.559668120300756e-05,20,RUL > 125
81,78,162.0,0.010185511,-5.977884060150384e-05,20,RUL > 125
81,79,161.0,0.010229802,-5.353218496240589e-05,20,RUL > 125
81,80,160.0,0.01008629,-5.225279022556406e-05,20,RUL > 125
81,81,159.0,0.0099969655,-4.9361172556391075e-05,20,RUL > 125
81,82,158.0,0.009785583,-4.54032018796993e-05,20,RUL > 125
81,83,157.0,0.010267546,-3.3013042481203285e-05,20,RUL > 125
81,84,156.0,0.010021868,-2.5891820676691853e-05,20,RUL > 125
81,85,155.0,0.010141586,-2.090246428571436e-05,20,RUL > 125
81,86,154.0,0.009950906,-1.5700886090225573e-05,20,RUL > 125
81,87,153.0,0.009954246,-9.79320300751881e-06,20,RUL > 125
81,88,152.0,0.009969507,-4.81444962406007e-06,20,RUL > 125
81,89,151.0,0.010118905,8.15737593984742e-07,20,RUL > 125
81,90,150.0,0.010206087,8.894629323308187e-06,20,RUL > 125
81,91,149.0,0.01017425,1.0548187969924786e-05,20,RUL > 125
81,92,148.0,0.010003671,1.1066114285714305e-05,20,RUL > 125
81,93,147.0,0.010011837,1.0319328571428668e-05,20,RUL > 125
81,94,146.0,0.010361059,1.253416917293229e-05,20,RUL > 125
81,95,145.0,0.010442794,1.3332506766917262e-05,20,RUL > 125
81,96,144.0,0.010477543,1.6552789097744443e-05,20,RUL > 125
81,97,143.0,0.010605712,1.8269584586466278e-05,20,RUL > 125
81,98,142.0,0.010746465,2.7363741729323383e-05,20,RUL > 125
81,99,141.0,0.0108537655,3.7846554887217985e-05,20,RUL > 125
81,100,140.0,0.010730173,4.335949097744358e-05,20,RUL > 125
81,101,139.0,0.010517218,4.345158082706761e-05,20,RUL > 125
81,102,138.0,0.010584258,4.0381431954887344e-05,20,RUL > 125
81,103,137.0,0.010796111,4.6746681578947405e-05,20,RUL > 125
81,104,136.0,0.011080535,5.2501170300751905e-05,20,RUL > 125
81,105,135.0,0.011041712,5.799934849624064e-05,20,RUL > 125
81,106,134.0,0.011142834,6.057781691729312e-05,20,RUL > 125
81,107,133.0,0.01142,6.53761635338345e-05,20,RUL > 125
81,108,132.0,0.011164037,6.455471766917286e-05,20,RUL > 125
81,109,131.0,0.011440768,6.824920187969917e-05,20,RUL > 125
81,110,130.0,0.011211311,6.805452293233083e-05,20,RUL > 125
81,111,129.0,0.011276689,6.677951090225553e-05,20,RUL > 125
81,112,128.0,0.011512543,6.452268609022549e-05,20,RUL > 125
81,113,127.0,0.010971665,5.23989890977443e-05,20,RUL > 125
81,114,126.0,0.011079021,4.587963045112772e-05,20,RUL > 125
81,115,125.0,0.0111360615,4.03860466165414e-05,20,76-125
81,116,124.0,0.011104254,3.39442308270676e-05,20,76-125
81,117,123.0,0.011064689,2.8018499248120243e-05,20,76-125
81,118,122.0,0.011219791,2.5840735338345726e-05,20,76-125
81,119,121.0,0.011228,2.476269285714277e-05,20,76-125
81,120,120.0,0.011580886,2.621165977443612e-05,20,76-125
81,121,119.0,0.011720817,2.501792593984961e-05,20,76-125
81,122,118.0,0.012042402,2.766686654135331e-05,20,76-125
81,123,117.0,0.012000224,3.0865613909774325e-05,20,76-125
81,124,116.0,0.0118207885,3.418120601503767e-05,20,76-125
81,125,115.0,0.011795665,3.5411733082706725e-05,20,76-125
81,126,114.0,0.011613208,3.4498630827067816e-05,20,76-125
81,127,113.0,0.011444253,3.484086165413529e-05,20,76-125
81,128,112.0,0.0113332905,2.9519922180451122e-05,20,76-125
81,129,111.0,0.01138221,2.9012753007518877e-05,20,76-125
81,130,110.0,0.011519327,2.692944999999985e-05,20,76-125
81,131,109.0,0.011636008,2.7082120676691753e-05,20,76-125
81,132,108.0,0.011367057,2.6576315413533807e-05,20,76-125
81,133,107.0,0.011199489,1.5355278571428523e-05,20,76-125
81,134,106.0,0.011291243,6.797515413533801e-06,20,76-125
81,135,105.0,0.01124881,-1.7849248120301112e-06,20,76-125
81,136,104.0,0.011116106,-1.2934906766917268e-05,20,76-125
81,137,103.0,0.011543302,-1.862462180451148e-05,20,76-125
81,138,102.0,0.011684191,-2.057237669172942e-05,20,76-125
81,139,101.0,0.011407527,-2.704120451127839e-05,20,76-125
81,140,100.0,0.011470883,-2.730302781954898e-05,20,76-125
81,141,99.0,0.011409587,-2.606565338345867e-05,20,76-125
81,142,98.0,0.011361883,-1.99640917293233e-05,20,76-125
81,143,97.0,0.0116261225,-9.730311654135165e-06,20,76-125
81,144,96.0,0.011920056,2.4318849624060996e-06,20,76-125
81,145,95.0,0.011884097,1.3534420300751752e-05,20,76-125
81,146,94.0,0.011651843,1.8305160902255737e-05,20,76-125
81,147,93.0,0.0117064705,2.113048609022569e-05,20,76-125
81,148,92.0,0.011518438,1.912328120300769e-05,20,76-125
81,149,91.0,0.01163534,1.9280100751879402e-05,20,76-125
81,150,90.0,0.0113509325,1.7158314661654e-05,20,76-125
81,151,89.0,0.011000586,1.2127134962405878e-05,20,76-125
81,152,88.0,0.010972356,3.4015966165414347e-06,20,76-125
81,153,87.0,0.010963195,-7.507088345864499e-06,20,76-125
81,154,86.0,0.010922878,-1.7187653759398447e-05,20,76-125
81,155,85.0,0.011088439,-2.461912443609004e-05,20,76-125
81,156,84.0,0.011186489,-3.250404774436071e-05,20,76-125
81,157,83.0,0.011657229,-2.7024753007518746e-05,20,76-125
81,158,82.0,0.011571884,-2.0711428195488282e-05,20,76-125
81,159,81.0,0.011447157,-2.0379413909774554e-05,20,76-125
81,160,80.0,0.011163839,-2.3154035714285654e-05,20,76-125
81,161,79.0,0.011017078,-2.853135451127813e-05,20,76-125
81,162,78.0,0.0109573435,-3.492500526315786e-05,20,76-125
81,163,77.0,0.011169564,-3.350640187969932e-05,20,76-125
81,164,76.0,0.011020722,-2.888650338345872e-05,20,76-125
81,165,75.0,0.010818529,-2.637046804511265e-05,20,31-75
81,166,74.0,0.010585735,-2.9244871804511194e-05,20,31-75
81,167,73.0,0.010055372,-3.723018045112767e-05,20,31-75
81,168,72.0,0.0101114735,-4.4900118421052695e-05,20,31-75
81,169,71.0,0.010116727,-4.853344924812025e-05,20,31-75
81,170,70.0,0.010192036,-5.329795338345876e-05,20,31-75
81,171,69.0,0.010279001,-6.0609185714286074e-05,20,31-75
81,172,68.0,0.010361812,-6.60980503759396e-05,20,31-75
81,173,67.0,0.010070688,-7.497236541353351e-05,20,31-75
81,174,66.0,0.009760845,-8.756747744360892e-05,20,31-75
81,175,65.0,0.0098592425,-9.439537180451031e-05,20,31-75
81,176,64.0,0.010004462,-9.575212819548857e-05,20,31-75
81,177,63.0,0.009951587,-8.865402067669162e-05,20,31-75
81,178,62.0,0.0101613905,-7.734139774436069e-05,20,31-75
81,179,61.0,0.01046489,-6.15413984962403e-05,20,31-75
81,180,60.0,0.010341776,-5.0496519548872124e-05,20,31-75
81,181,59.0,0.010599544,-3.685033458646619e-05,20,31-75
81,182,58.0,0.010551047,-2.4212269548872248e-05,20,31-75
81,183,57.0,0.010396821,-9.815610902255708e-06,20,31-75
81,184,56.0,0.010221167,8.835875939850173e-07,20,31-75
81,185,55.0,0.010511231,1.37363748120302e-05,20,31-75
81,186,54.0,0.010127001,1.7886569548872137e-05,20,31-75
81,187,53.0,0.009736765,8.777637218045154e-06,20,31-75
81,188,52.0,0.009720728,8.0452631578952e-07,20,31-75
81,189,51.0,0.009741709,-6.198318796992647e-06,20,31-75
81,190,50.0,0.009769859,-1.1045994736841937e-05,20,31-75
81,191,49.0,0.01007775,-9.487243609022773e-06,20,31-75
81,192,48.0,0.010506567,-1.9236015037615235e-07,20,31-75
81,193,47.0,0.010630718,6.061737593984795e-06,20,31-75
81,194,46.0,0.010643452,6.7633413533834405e-06,20,31-75
81,195,45.0,0.010891565,1.1235832706766887e-05,20,31-75
81,196,44.0,0.010901992,1.6597856015037375e-05,20,31-75
81,197,43.0,0.011263082,2.4933770300751868e-05,20,31-75
81,198,42.0,0.0112956725,3.5075777067669094e-05,20,31-75
81,199,41.0,0.011477041,5.089517255639105e-05,20,31-75
81,200,40.0,0.011283197,6.04794312030075e-05,20,31-75
81,201,39.0,0.0112193925,7.180654736842138e-05,20,31-75
81,202,38.0,0.011164799,8.065591127819557e-05,20,31-75
81,203,37.0,0.011297406,8.804157819548935e-05,20,31-75
81,204,36.0,0.011767433,9.801416917293221e-05,20,31-75
81,205,35.0,0.011779454,0.00011041323458646579,20,31-75
81,206,34.0,0.011361713,0.00010887067969924821,20,31-75
81,207,33.0,0.011769201,0.00010513105112781947,20,31-75
81,208,32.0,0.011792322,9.841221203007506e-05,20,31-75
81,209,31.0,0.01173137,8.803873007518802e-05,20,31-75
81,210,30.0,0.012022305,7.927396466165402e-05,20,0-30
81,211,29.0,0.012623889,8.057755639097727e-05,20,0-30
81,212,28.0,0.012344903,8.083764812030056e-05,20,0-30
81,213,27.0,0.012874249,8.785568947368419e-05,20,0-30
81,214,26.0,0.0134731615,0.00010025695601503758,20,0-30
81,215,25.0,0.013523508,0.00011303982969924845,20,0-30
81,216,24.0,0.013965896,0.00012834935977443614,20,0-30
81,217,23.0,0.014582836,0.00015356636503759458,20,0-30
81,218,22.0,0.015038097,0.0001808095744360896,20,0-30
81,219,21.0,0.01576652,0.00021569483383458685,20,0-30
81,220,20.0,0.016140617,0.0002464132969924815,20,0-30
81,221,19.0,0.015700141,0.0002625274154135331,20,0-30
81,222,18.0,0.015670344,0.00027061589210526394,20,0-30
81,223,17.0,0.016257366,0.00028240893646616416,20,0-30
81,224,16.0,0.016786093,0.0003017181161654146,20,0-30
81,225,15.0,0.016744247,0.0003130724439849612,20,0-30
81,226,14.0,0.017359154,0.00031914939285714397,20,0-30
81,227,13.0,0.018190831,0.0003345227545112795,20,0-30
81,228,12.0,0.018476557,0.00034468639812029983,20,0-30
81,229,11.0,0.018474603,0.0003438082462406003,20,0-30
81,230,10.0,0.019067017,0.0003458466620300752,20,0-30
81,231,9.0,0.019157615,0.00034808447781955017,20,0-30
81,232,8.0,0.020307498,0.0003525189996240596,20,0-30
81,233,7.0,0.020512836,0.0003562711890977455,20,0-30
81,234,6.0,0.020922715,0.00036384870902255524,20,0-30
81,235,5.0,0.022349453,0.0003814008090225539,20,0-30
81,236,4.0,0.023037357,0.00040249308496240535,20,0-30
81,237,3.0,0.023751644,0.0004298893240601504,20,0-30
81,238,2.0,0.024731778,0.0004646881278195454,20,0-30
81,239,1.0,0.027130427,0.000530677797744361,20,0-30
81,240,0.0,0.027999787,0.0005979051090225569,20,0-30
84,49,218.0,0.0093086455,1.7085048120300682e-05,20,RUL > 125
84,50,217.0,0.009393129,1.91426406015038e-05,20,RUL > 125
84,51,216.0,0.009539849,1.5905054887218046e-05,20,RUL > 125
84,52,215.0,0.009684769,1.1388825939849505e-05,20,RUL > 125
84,53,214.0,0.009785314,1.0192913909774496e-05,20,RUL > 125
84,54,213.0,0.010137328,1.5408139473684137e-05,20,RUL > 125
84,55,212.0,0.010343029,1.990281165413544e-05,20,RUL > 125
84,56,211.0,0.010119225,2.4681367293233042e-05,20,RUL > 125
84,57,210.0,0.0098222345,2.3293181203007625e-05,20,RUL > 125
84,58,209.0,0.009543381,1.728998421052645e-05,20,RUL > 125
84,59,208.0,0.009773456,1.789078872180448e-05,20,RUL > 125
84,60,207.0,0.009295475,1.2176218796992441e-05,20,RUL > 125
84,61,206.0,0.009618603,1.192061804511291e-05,20,RUL > 125
84,62,205.0,0.009577938,7.452314285714277e-06,20,RUL > 125
84,63,204.0,0.009357443,2.304421804511351e-06,20,RUL > 125
84,64,203.0,0.009224913,-1.8914225563910138e-06,20,RUL > 125
84,65,202.0,0.009354596,-7.216349624060218e-06,20,RUL > 125
84,66,201.0,0.009216498,-1.3162307518796904e-05,20,RUL > 125
84,67,200.0,0.009334034,-1.6650432330826935e-05,20,RUL > 125
84,68,199.0,0.009225424,-2.5654634586466107e-05,20,RUL > 125
84,69,198.0,0.0089269765,-3.935122030075181e-05,20,RUL > 125
84,70,197.0,0.008938276,-5.0978496240601554e-05,20,RUL > 125
84,71,196.0,0.008989781,-5.886936541353373e-05,20,RUL > 125
84,72,195.0,0.009040016,-6.292721127819558e-05,20,RUL > 125
84,73,194.0,0.008933864,-6.594440827067657e-05,20,RUL > 125
84,74,193.0,0.00893466,-6.211174210526308e-05,20,RUL > 125
84,75,192.0,0.0089363605,-5.319834924812031e-05,20,RUL > 125
84,76,191.0,0.008821638,-4.7342305639097644e-05,20,RUL > 125
84,77,190.0,0.0089280335,-4.2704391353383446e-05,20,RUL > 125
84,78,189.0,0.0091074975,-3.8560992481202924e-05,20,RUL > 125
84,79,188.0,0.009405744,-2.5868702255638972e-05,20,RUL > 125
84,80,187.0,0.009589154,-1.7550387218045164e-05,20,RUL > 125
84,81,186.0,0.009647903,-3.732402255639035e-06,20,RUL > 125
84,82,185.0,0.009590997,8.586500751879783e-06,20,RUL > 125
84,83,184.0,0.009558013,1.6933066165413414e-05,20,RUL > 125
84,84,183.0,0.009544417,2.2691215037593906e-05,20,RUL > 125
84,85,182.0,0.0091296155,2.4090797368420966e-05,20,RUL > 125
84,86,181.0,0.008844081,1.9569137218045183e-05,20,RUL > 125
84,87,180.0,0.008782875,1.6588962781955012e-05,20,RUL > 125
84,88,179.0,0.00899601,1.5767489849624127e-05,20,RUL > 125
84,89,178.0,0.008965801,1.0147114285714113e-05,20,RUL > 125
84,90,177.0,0.009581981,1.3449340601503683e-05,20,RUL > 125
84,91,176.0,0.009355736,1.3364754887218052e-05,20,RUL > 125
84,92,175.0,0.009453269,1.4916373684210654e-05,20,RUL > 125
84,93,174.0,0.009593508,1.6173889473684288e-05,20,RUL > 125
84,94,173.0,0.0095465435,1.578110639097736e-05,20,RUL > 125
84,95,172.0,0.009521729,1.4140554887218014e-05,20,RUL > 125
84,96,171.0,0.009656927,1.1739742105263114e-05,20,RUL > 125
84,97,170.0,0.0094815865,7.257920300752004e-06,20,RUL > 125
84,98,169.0,0.009508448,5.161065789473667e-06,20,RUL > 125
84,99,168.0,0.009532999,7.521162030075066e-06,20,RUL > 125
84,100,167.0,0.009598458,1.352097330827053e-05,20,RUL > 125
84,101,166.0,0.0096484665,2.114881654135328e-05,20,RUL > 125
84,102,165.0,0.009463557,2.5235732330827224e-05,20,RUL > 125
84,103,164.0,0.009275474,2.6306587218045004e-05,20,RUL > 125
84,104,163.0,0.009546859,3.1464567669172833e-05,20,RUL > 125
84,105,162.0,0.009742023,3.285743571428562e-05,20,RUL > 125
84,106,161.0,0.00980444,2.971262218045107e-05,20,RUL > 125
84,107,160.0,0.010069605,2.7945320676691663e-05,20,RUL > 125
84,108,159.0,0.009966611,2.6137033458646695e-05,20,RUL > 125
84,109,158.0,0.009719962,1.8868654511278196e-05,20,RUL > 125
84,110,157.0,0.009574107,1.8111713909774508e-05,20,RUL > 125
84,111,156.0,0.009827857,1.7419324436090247e-05,20,RUL > 125
84,112,155.0,0.009852663,1.7911344736841977e-05,20,RUL > 125
84,113,154.0,0.009683822,1.760505827067686e-05,20,RUL > 125
84,114,153.0,0.009406629,1.246151654135343e-05,20,RUL > 125
84,115,152.0,0.009540903,9.054764661654122e-06,20,RUL > 125
84,116,151.0,0.010219466,1.7447642105263112e-05,20,RUL > 125
84,117,150.0,0.010172206,2.1550919172932296e-05,20,RUL > 125
84,118,149.0,0.010067204,2.353977105263147e-05,20,RUL > 125
84,119,148.0,0.010080041,2.5259421428571412e-05,20,RUL > 125
84,120,147.0,0.009640558,2.091168684210523e-05,20,RUL > 125
84,121,146.0,0.0097846715,1.9349016165413498e-05,20,RUL > 125
84,122,145.0,0.010010252,1.7884480827067686e-05,20,RUL > 125
84,123,144.0,0.01030472,1.6834801879699223e-05,20,RUL > 125
84,124,143.0,0.010643401,2.3360710902255716e-05,20,RUL > 125
84,125,142.0,0.01060774,3.0809778571428515e-05,20,RUL > 125
84,126,141.0,0.010611112,3.799071917293257e-05,20,RUL > 125
84,127,140.0,0.010772214,5.044689210526309e-05,20,RUL > 125
84,128,139.0,0.010901804,6.207157481202995e-05,20,RUL > 125
84,129,138.0,0.011149797,7.193825150375931e-05,20,RUL > 125
84,130,137.0,0.011113182,7.682875526315767e-05,20,RUL > 125
84,131,136.0,0.010862683,7.983288233082711e-05,20,RUL > 125
84,132,135.0,0.010944915,8.28472966165414e-05,20,RUL > 125
84,133,134.0,0.01117299,8.481153045112778e-05,20,RUL > 125
84,134,133.0,0.010820551,7.512483947368437e-05,20,RUL > 125
84,135,132.0,0.010735482,6.421679436090226e-05,20,RUL > 125
84,136,131.0,0.011266865,6.981772819548869e-05,20,RUL > 125
84,137,130.0,0.011143875,7.134041541353386e-05,20,RUL > 125
84,138,129.0,0.0113595715,7.282539849624058e-05,20,RUL > 125
84,139,128.0,0.011224183,7.06355398496239e-05,20,RUL > 125
84,140,127.0,0.011263655,6.0349847368421044e-05,20,RUL > 125
84,141,126.0,0.010912404,4.48810124060151e-05,20,RUL > 125
84,142,125.0,0.010993659,3.243892218045118e-05,20,76-125
84,143,124.0,0.010758489,1.9807947744360976e-05,20,76-125
84,144,123.0,0.011171772,1.7746251503759427e-05,20,76-125
84,145,122.0,0.011187021,1.454478684210508e-05,20,76-125
84,146,121.0,0.010370521,-1.1388206766916916e-06,20,76-125
84,147,120.0,0.010433575,-1.3016149999999713e-05,20,76-125
84,148,119.0,0.01052364,-2.1051446992481053e-05,20,76-125
84,149,118.0,0.010398009,-2.639712593984939e-05,20,76-125
84,150,117.0,0.010327158,-3.22025853383457e-05,20,76-125
84,151,116.0,0.010316428,-4.093458684210555e-05,20,76-125
84,152,115.0,0.010006734,-5.197095225563904e-05,20,76-125
84,153,114.0,0.009819056,-6.067644924812008e-05,20,76-125
84,154,113.0,0.009828754,-7.277223872180434e-05,20,76-125
84,155,112.0,0.009911026,-8.354448458646592e-05,20,76-125
84,156,111.0,0.009997945,-8.344498909774416e-05,20,76-125
84,157,110.0,0.0102121895,-8.031865488721824e-05,20,76-125
84,158,109.0,0.010341215,-7.054233421052586e-05,20,76-125
84,159,108.0,0.010299236,-6.197206353383485e-05,20,76-125
84,160,107.0,0.010065319,-5.472932443609011e-05,20,76-125
84,161,106.0,0.010064865,-5.1237130451127884e-05,20,76-125
84,162,105.0,0.010096839,-4.473069661654134e-05,20,76-125
84,163,104.0,0.009818863,-4.455995751879693e-05,20,76-125
84,164,103.0,0.009993786,-3.395182593984973e-05,20,76-125
84,165,102.0,0.010115494,-1.9592827443609085e-05,20,76-125
84,166,101.0,0.009726038,-2.2078272556390964e-05,20,76-125
84,167,100.0,0.009790049,-2.168453796992475e-05,20,76-125
84,168,99.0,0.009634913,-2.1117244736842084e-05,20,76-125
84,169,98.0,0.009635841,-2.1183910150375947e-05,20,76-125
84,170,97.0,0.009806358,-1.8787201127819455e-05,20,76-125
84,171,96.0,0.009708529,-1.7174312406015118e-05,20,76-125
84,172,95.0,0.009766981,-1.8702166541353175e-05,20,76-125
84,173,94.0,0.009858545,-2.1524769548872115e-05,20,76-125
84,174,93.0,0.009523184,-2.904449962406017e-05,20,76-125
84,175,92.0,0.009450125,-3.584939436090182e-05,20,76-125
84,176,91.0,0.009455408,-4.0513328195488605e-05,20,76-125
84,177,90.0,0.009518996,-4.0070209022556256e-05,20,76-125
84,178,89.0,0.009771513,-3.29400631578946e-05,20,76-125
84,179,88.0,0.009787966,-2.5381006015037297e-05,20,76-125
84,180,87.0,0.009867216,-1.9614405263157846e-05,20,76-125
84,181,86.0,0.010028787,-1.1248916541353295e-05,20,76-125
84,182,85.0,0.01024959,8.300060150374846e-07,20,76-125
84,183,84.0,0.010186949,7.395261654135473e-06,20,76-125
84,184,83.0,0.010040435,1.4075889473684251e-05,20,76-125
84,185,82.0,0.010213096,2.507465939849641e-05,20,76-125
84,186,81.0,0.01012454,2.8512268421052554e-05,20,76-125
84,187,80.0,0.009804031,2.778262631578947e-05,20,76-125
84,188,79.0,0.009625267,2.2028671428571487e-05,20,76-125
84,189,78.0,0.009343921,1.2284645864661638e-05,20,76-125
84,190,77.0,0.009367076,6.002757142857224e-06,20,76-125
84,191,76.0,0.009307611,-2.0127255639098806e-06,20,76-125
84,192,75.0,0.009200898,-1.0026869172932375e-05,20,31-75
84,193,74.0,0.009300648,-1.4319012781955024e-05,20,31-75
84,194,73.0,0.009523302,-1.9886615789473875e-05,20,31-75
84,195,72.0,0.009618595,-2.524663082706758e-05,20,31-75
84,196,71.0,0.009727058,-2.9227096992481456e-05,20,31-75
84,197,70.0,0.0096836155,-3.323264548872184e-05,20,31-75
84,198,69.0,0.009444616,-3.691291015037585e-05,20,31-75
84,199,68.0,0.009642136,-3.702010187969926e-05,20,31-75
84,200,67.0,0.009531804,-3.723285601503785e-05,20,31-75
84,201,66.0,0.009709186,-3.1856081578947456e-05,20,31-75
84,202,65.0,0.009562517,-2.460761240601497e-05,20,31-75
84,203,64.0,0.010195407,-8.2737334586466e-06,20,31-75
84,204,63.0,0.010637083,1.2043704887218071e-05,20,31-75
84,205,62.0,0.010949468,3.86527973684208e-05,20,31-75
84,206,61.0,0.011132636,6.537299661654147e-05,20,31-75
84,207,60.0,0.01107506,8.469407932330807e-05,20,31-75
84,208,59.0,0.0107735535,9.497401503759399e-05,20,31-75
84,209,58.0,0.010681127,9.776452030075205e-05,20,31-75
84,210,57.0,0.010723854,9.952018045112822e-05,20,31-75
84,211,56.0,0.010449752,9.438090902255616e-05,20,31-75
84,212,55.0,0.01003506,7.99150187969923e-05,20,31-75
84,213,54.0,0.010097606,6.666326390977432e-05,20,31-75
84,214,53.0,0.01044002,6.062029398496233e-05,20,31-75
84,215,52.0,0.010295385,5.263721278195492e-05,20,31-75
84,216,51.0,0.010321885,4.5727547368421e-05,20,31-75
84,217,50.0,0.010486246,3.958548533834577e-05,20,31-75
84,218,49.0,0.010687951,3.134428383458652e-05,20,31-75
84,219,48.0,0.010856914,2.676589962406011e-05,20,31-75
84,220,47.0,0.0110974265,2.2054590225564e-05,20,31-75
84,221,46.0,0.0112267975,1.9637886842105413e-05,20,31-75
84,222,45.0,0.011469691,1.6093141729323278e-05,20,31-75
84,223,44.0,0.011578501,2.1227894360902132e-05,20,31-75
84,224,43.0,0.011679597,3.2700866541353675e-05,20,31-75
84,225,42.0,0.011400066,4.354524323308239e-05,20,31-75
84,226,41.0,0.011667129,6.0419340977444094e-05,20,31-75
84,227,40.0,0.011616574,7.48583808270681e-05,20,31-75
84,228,39.0,0.011778489,8.603555639097702e-05,20,31-75
84,229,38.0,0.011997929,9.737704210526249e-05,20,31-75
84,230,37.0,0.012032887,0.00010791241127819545,20,31-75
84,231,36.0,0.012390417,0.00011725895488721851,20,31-75
84,232,35.0,0.012496048,0.0001186484511278194,20,31-75
84,233,34.0,0.011962096,0.00010969689624060181,20,31-75
84,234,33.0,0.011661033,9.904723383458612e-05,20,31-75
84,235,32.0,0.01188087,8.74182796992479e-05,20,31-75
84,236,31.0,0.012012766,7.570778721804494e-05,20,31-75
84,237,30.0,0.01260574,7.252084736842095e-05,20,0-30
84,238,29.0,0.013329506,7.967102857142806e-05,20,0-30
84,239,28.0,0.0135789635,8.908046203007526e-05,20,0-30
84,240,27.0,0.013443693,9.626171804511292e-05,20,0-30
84,241,26.0,0.01401322,0.00011009355375939841,20,0-30
84,242,25.0,0.01476009,0.00013424001240601498,20,0-30
84,243,24.0,0.01553736,0.0001662604124060165,20,0-30
84,244,23.0,0.015835332,0.00019818063646616602,20,0-30
84,245,22.0,0.016059717,0.00022264348759398558,20,0-30
84,246,21.0,0.01639356,0.0002490853146616541,20,0-30
84,247,20.0,0.017331509,0.00028102076127819434,20,0-30
84,248,19.0,0.017473012,0.0003089403447368408,20,0-30
84,249,18.0,0.01839868,0.0003449854063909765,20,0-30
84,250,17.0,0.019205488,0.0003834830755639085,20,0-30
84,251,16.0,0.019418236,0.00041987934624059946,20,0-30
84,252,15.0,0.020067602,0.0004566519830827075,20,0-30
84,253,14.0,0.020602707,0.0004812523605263149,20,0-30
84,254,13.0,0.021222034,0.0004969532402255669,20,0-30
84,255,12.0,0.021974567,0.000512498256766919,20,0-30
84,256,11.0,0.022754697,0.0005260920642857117,20,0-30
84,257,10.0,0.023123804,0.000538168296616541,20,0-30
84,258,9.0,0.024662022,0.0005678303184210512,20,0-30
84,259,8.0,0.02570155,0.0005992401654135321,20,0-30
84,260,7.0,0.027414821,0.0006347600090225552,20,0-30
84,261,6.0,0.028456751,0.0006731478834586463,20,0-30
84,262,5.0,0.029304119,0.0007137141037593984,20,0-30
84,263,4.0,0.031169528,0.0007713309879699218,20,0-30
84,264,3.0,0.031247117,0.0008112540879699202,20,0-30
84,265,2.0,0.03352593,0.0008640989639097698,20,0-30
84,266,1.0,0.034314487,0.0009072151631578914,20,0-30
84,267,0.0,0.035736434,0.0009585058496240561,20,0-30
91,49,86.0,0.0103390105,-5.55967041353383e-05,20,76-125
91,50,85.0,0.010555633,-4.945308909774449e-05,20,76-125
91,51,84.0,0.010654495,-4.103052293233081e-05,20,76-125
91,52,83.0,0.010599583,-3.151900187969932e-05,20,76-125
91,53,82.0,0.010273064,-2.6300064285714232e-05,20,76-125
91,54,81.0,0.010141034,-2.1676967293233197e-05,20,76-125
91,55,80.0,0.01038185,-1.6185224436090018e-05,20,76-125
91,56,79.0,0.0102378875,-1.1981177443609002e-05,20,76-125
91,57,78.0,0.010252206,-1.4542498496240433e-05,20,76-125
91,58,77.0,0.0101554645,-1.95939755639097e-05,20,76-125
91,59,76.0,0.010137861,-2.3208696616541275e-05,20,76-125
91,60,75.0,0.009814712,-3.348296879699246e-05,20,31-75
91,61,74.0,0.00967753,-4.587622067669157e-05,20,31-75
91,62,73.0,0.009465679,-5.085041466165408e-05,20,31-75
91,63,72.0,0.009551222,-5.181696278195471e-05,20,31-75
91,64,71.0,0.009484727,-5.214968533834581e-05,20,31-75
91,65,70.0,0.009699113,-5.400170112781952e-05,20,31-75
91,66,69.0,0.009537515,-5.715264248120299e-05,20,31-75
91,67,68.0,0.009545756,-6.0784561278195456e-05,20,31-75
91,68,67.0,0.009307954,-6.747659962406003e-05,20,31-75
91,69,66.0,0.009255688,-7.24745699248119e-05,20,31-75
91,70,65.0,0.009419319,-7.008554285714291e-05,20,31-75
91,71,64.0,0.009508784,-6.314872255639083e-05,20,31-75
91,72,63.0,0.008926064,-6.368063157894748e-05,20,31-75
91,73,62.0,0.009076565,-6.470151954887216e-05,20,31-75
91,74,61.0,0.009011192,-6.694174511278187e-05,20,31-75
91,75,60.0,0.009140521,-6.18330451127819e-05,20,31-75
91,76,59.0,0.009176711,-5.661377706766898e-05,20,31-75
91,77,58.0,0.009323201,-4.747995902255644e-05,20,31-75
91,78,57.0,0.009558239,-3.5118952631578885e-05,20,31-75
91,79,56.0,0.009561135,-2.2096441353383426e-05,20,31-75
91,80,55.0,0.009235152,-1.796592556390989e-05,20,31-75
91,81,54.0,0.009081832,-1.7320208270676726e-05,20,31-75
91,82,53.0,0.0089494,-2.101560601503764e-05,20,31-75
91,83,52.0,0.009111926,-2.0262165413534043e-05,20,31-75
91,84,51.0,0.009180908,-1.8912593233082844e-05,20,31-75
91,85,50.0,0.009413441,-1.0399208270676806e-05,20,31-75
91,86,49.0,0.009559465,-1.9217315789473074e-06,20,31-75
91,87,48.0,0.009546264,6.464272932330903e-06,20,31-75
91,88,47.0,0.009566592,1.138514511278197e-05,20,31-75
91,89,46.0,0.00944282,1.332366390977429e-05,20,31-75
91,90,45.0,0.009516738,1.8620400000000036e-05,20,31-75
91,91,44.0,0.009628019,2.6772975187969948e-05,20,31-75
91,92,43.0,0.009851805,2.8742350375939894e-05,20,31-75
91,93,42.0,0.010082504,3.499166541353392e-05,20,31-75
91,94,41.0,0.010070726,3.852782781954869e-05,20,31-75
91,95,40.0,0.010115421,4.315124285714281e-05,20,31-75
91,96,39.0,0.010037367,4.576500676691734e-05,20,31-75
91,97,38.0,0.009860059,4.686457969924819e-05,20,31-75
91,98,37.0,0.009890633,5.1304745112781956e-05,20,31-75
91,99,36.0,0.009994161,5.676976766917295e-05,20,31-75
91,100,35.0,0.010237778,5.991676616541345e-05,20,31-75
91,101,34.0,0.010344752,6.066341428571426e-05,20,31-75
91,102,33.0,0.010305811,5.6863603007518885e-05,20,31-75
91,103,32.0,0.010294245,5.3425047368421046e-05,20,31-75
91,104,31.0,0.0102873435,4.9199165037593964e-05,20,31-75
91,105,30.0,0.010549616,5.072779360902252e-05,20,0-30
91,106,29.0,0.010616726,5.3812244736841896e-05,20,0-30
91,107,28.0,0.010614456,5.5065964285714295e-05,20,0-30
91,108,27.0,0.010635982,5.5341862781955015e-05,20,0-30
91,109,26.0,0.011322762,6.186650413533831e-05,20,0-30
91,110,25.0,0.011438095,6.837890563909779e-05,20,0-30
91,111,24.0,0.011695492,7.74362169172932e-05,20,0-30
91,112,23.0,0.011853518,8.917552368421056e-05,20,0-30
91,113,22.0,0.012271923,0.00010752456578947371,20,0-30
91,114,21.0,0.01265547,0.00012787452293233075,20,0-30
91,115,20.0,0.012523692,0.0001431608146616541,20,0-30
91,116,19.0,0.012674186,0.0001557431289473684,20,0-30
91,117,18.0,0.012902504,0.00016482238759398484,20,0-30
91,118,17.0,0.013406204,0.0001770050026315789,20,0-30
91,119,16.0,0.013882628,0.00019234175451127814,20,0-30
91,120,15.0,0.013863552,0.00020540525751879676,20,0-30
91,121,14.0,0.014240865,0.0002200957176691729,20,0-30
91,122,13.0,0.014715582,0.00023509417481202985,20,0-30
91,123,12.0,0.015007534,0.0002474495191729318,20,0-30
91,124,11.0,0.015517153,0.000259888511278195,20,0-30
91,125,10.0,0.015707415,0.0002713223015037588,20,0-30
91,126,9.0,0.017190404,0.0002972451917293241,20,0-30
91,127,8.0,0.018841239,0.0003368303669172928,20,0-30
91,128,7.0,0.019411944,0.00037253725263157824,20,0-30
91,129,6.0,0.020362224,0.00041946652631578914,20,0-30
91,130,5.0,0.02036814,0.0004547081857142852,20,0-30
91,131,4.0,0.02064451,0.0004845335120300756,20,0-30
91,132,3.0,0.022292076,0.0005269334729323313,20,0-30
91,133,2.0,0.023540735,0.0005780807345864658,20,0-30
91,134,1.0,0.025016487,0.0006394205909774447,20,0-30
91,135,0.0,0.026202222,0.000697030818045113,20,0-30
