unit_number,cycle,RUL_linear,erro_reconstrucao,slope,horizonte,faixa_RUL
1,39,153.0,0.010267194,3.105635757575749e-05,10,RUL > 125
1,40,152.0,0.00999713,2.1678236363635974e-05,10,RUL > 125
1,41,151.0,0.009936991,5.604024242424364e-06,10,RUL > 125
1,42,150.0,0.009905132,-1.3902296969697106e-05,10,RUL > 125
1,43,149.0,0.009636962,-4.562458181818183e-05,10,RUL > 125
1,44,148.0,0.0094558215,-8.431694242424214e-05,10,RUL > 125
1,45,147.0,0.009535267,-0.00010100910000000038,10,RUL > 125
1,46,146.0,0.009525621,-0.00010320116666666658,10,RUL > 125
1,47,145.0,0.009401453,-0.00010334602121212176,10,RUL > 125
1,48,144.0,0.009425238,-9.148441515151525e-05,10,RUL > 125
1,49,143.0,0.009336592,-7.454597272727287e-05,10,RUL > 125
1,50,142.0,0.009175219,-7.313393636363673e-05,10,RUL > 125
1,51,141.0,0.009318665,-5.7944281818181604e-05,10,RUL > 125
1,52,140.0,0.009623968,-2.073080909090905e-05,10,RUL > 125
1,53,139.0,0.009584261,-1.5312424242455564e-07,10,RUL > 125
1,54,138.0,0.009558056,7.557963636363618e-06,10,RUL > 125
1,55,137.0,0.009239113,1.9293212121210653e-06,10,RUL > 125
1,56,136.0,0.009339652,4.7313030303029635e-06,10,RUL > 125
1,57,135.0,0.00924575,-3.6123393939394245e-06,10,RUL > 125
1,58,134.0,0.009089611,-1.6999678787878415e-05,10,RUL > 125
1,59,133.0,0.009481255,-1.086614545454572e-05,10,RUL > 125
1,60,132.0,0.009212421,-3.1907975757575485e-05,10,RUL > 125
1,61,131.0,0.009170528,-4.612274545454543e-05,10,RUL > 125
1,62,130.0,0.009215076,-3.5758490909090585e-05,10,RUL > 125
1,63,129.0,0.009612271,-1.4199212121213652e-06,10,RUL > 125
1,64,128.0,0.0094345305,2.1137196969696593e-05,10,RUL > 125
1,65,127.0,0.00948666,2.6772154545454464e-05,10,RUL > 125
1,66,126.0,0.009529154,3.842699696969718e-05,10,RUL > 125
1,67,125.0,0.009627674,4.689853030303016e-05,10,76-125
1,68,124.0,0.009458629,3.111077878787833e-05,10,76-125
1,69,123.0,0.009316033,2.918171818181801e-05,10,76-125
1,70,122.0,0.009252812,7.88466363636357e-06,10,76-125
1,71,121.0,0.009087255,-2.572522727272715e-05,10,76-125
1,72,120.0,0.009200284,-4.9190663636363096e-05,10,76-125
1,73,119.0,0.00904317,-5.4566990909091196e-05,10,76-125
1,74,118.0,0.009252697,-5.346574545454528e-05,10,76-125
1,75,117.0,0.009375279,-3.9998866666666146e-05,10,76-125
1,76,116.0,0.009563458,-1.2084672727272688e-05,10,76-125
1,77,115.0,0.009630407,2.5633478787878762e-05,10,76-125
1,78,114.0,0.009994064,7.188467272727285e-05,10,76-125
1,79,113.0,0.010096575,0.00010773085454545426,10,76-125
1,80,112.0,0.0104132155,0.00014717248787878877,10,76-125
1,81,111.0,0.010230175,0.00015152746363636299,10,76-125
1,82,110.0,0.009856665,0.00012919085757575794,10,76-125
1,83,109.0,0.009891868,9.034401515151504e-05,10,76-125
1,84,108.0,0.009762923,4.8145027272727304e-05,10,76-125
1,85,107.0,0.00998796,2.0208360606060214e-05,10,76-125
1,86,106.0,0.009914984,-6.589984848484301e-06,10,76-125
1,87,105.0,0.010180529,-1.870171212121169e-05,10,76-125
1,88,104.0,0.010115819,-1.6767421212121064e-05,10,76-125
1,89,103.0,0.00971356,-3.141628181818159e-05,10,76-125
1,90,102.0,0.010116563,1.6688121212117784e-06,10,76-125
1,91,101.0,0.010320208,3.725490303030271e-05,10,76-125
1,92,100.0,0.0103460755,4.8259972727272645e-05,10,76-125
1,93,99.0,0.010071983,4.072916060606077e-05,10,76-125
1,94,98.0,0.010226125,3.082654848484892e-05,10,76-125
1,95,97.0,0.010613979,5.146750606060589e-05,10,76-125
1,96,96.0,0.010484989,5.261946969696976e-05,10,76-125
1,97,95.0,0.010531924,6.712537272727284e-05,10,76-125
1,98,94.0,0.010931846,9.487186969696955e-05,10,76-125
1,99,93.0,0.011079886,9.39847727272727e-05,10,76-125
1,100,92.0,0.011216162,0.00011083625151515143,10,76-125
1,101,91.0,0.011367087,0.00013616786363636395,10,76-125
1,102,90.0,0.011475398,0.00015644240606060576,10,76-125
1,103,89.0,0.011552307,0.00014895039393939428,10,76-125
1,104,88.0,0.011141082,0.00011136073939393943,10,76-125
1,105,87.0,0.010844365,7.23530666666669e-05,10,76-125
1,106,86.0,0.01057952,7.507412121212286e-06,10,76-125
1,107,85.0,0.0110091325,-3.192166363636354e-05,10,76-125
1,108,84.0,0.011330914,-3.292189999999938e-05,10,76-125
1,109,83.0,0.011467204,-2.1455990909090208e-05,10,76-125
1,110,82.0,0.011323284,-1.344996060606092e-05,10,76-125
1,111,81.0,0.011579859,1.731428787878784e-05,10,76-125
1,112,80.0,0.01147782,4.715445151515095e-05,10,76-125
1,113,79.0,0.011566128,8.690932424242438e-05,10,76-125
1,114,78.0,0.011616226,0.0001018142878787881,10,76-125
1,115,77.0,0.011387488,7.870217878787825e-05,10,76-125
1,116,76.0,0.011527145,3.8968081818181845e-05,10,76-125
1,117,75.0,0.01177682,3.000709090909127e-05,10,31-75
1,118,74.0,0.011478256,1.6907587878788146e-05,10,31-75
1,119,73.0,0.011604916,1.8016848484847925e-05,10,31-75
1,120,72.0,0.0112470295,-1.1658875757575097e-05,10,31-75
1,121,71.0,0.011303871,-2.0204857575757804e-05,10,31-75
1,122,70.0,0.011680737,-1.1651803030303014e-05,10,31-75
1,123,69.0,0.012024212,1.9063851515151555e-05,10,31-75
1,124,68.0,0.0122479815,5.977244848484864e-05,10,31-75
1,125,67.0,0.011971348,6.248510303030274e-05,10,31-75
1,126,66.0,0.012057181,7.2112933333333e-05,10,31-75
1,127,65.0,0.01200564,8.914975757575734e-05,10,31-75
1,128,64.0,0.0117123965,6.751363939393888e-05,10,31-75
1,129,63.0,0.011948472,6.43603000000003e-05,10,31-75
1,130,62.0,0.012081068,4.041605454545485e-05,10,31-75
1,131,61.0,0.012099798,1.1173321212121813e-05,10,31-75
1,132,60.0,0.012505318,1.9526660606060745e-05,10,31-75
1,133,59.0,0.012254493,2.7102048484848243e-05,10,31-75
1,134,58.0,0.012150233,4.111720909090888e-05,10,31-75
1,135,57.0,0.012049162,3.2362003030302815e-05,10,31-75
1,136,56.0,0.012055646,2.8739469696969477e-05,10,31-75
1,137,55.0,0.011890466,1.268965757575826e-05,10,31-75
1,138,54.0,0.01157387,-3.878254545454567e-05,10,31-75
1,139,53.0,0.011548996,-7.419403636363785e-05,10,31-75
1,140,52.0,0.011681147,-8.871542424242367e-05,10,31-75
1,141,51.0,0.011940454,-8.299659999999937e-05,10,31-75
1,142,50.0,0.012063854,-4.158075757575731e-05,10,31-75
1,143,49.0,0.012017601,-1.405839393939383e-05,10,31-75
1,144,48.0,0.011988545,7.799848484847833e-06,10,31-75
1,145,47.0,0.0122397635,3.858270606060592e-05,10,31-75
1,146,46.0,0.011625788,3.399793636363609e-05,10,31-75
1,147,45.0,0.011445511,1.3778275757575358e-05,10,31-75
1,148,44.0,0.01138665,-2.5364990909090485e-05,10,31-75
1,149,43.0,0.011497995,-5.782382727272506e-05,10,31-75
1,150,42.0,0.011825779,-6.297527575757626e-05,10,31-75
1,151,41.0,0.011656701,-6.181514242424302e-05,10,31-75
1,152,40.0,0.012328786,-1.232973030303103e-05,10,31-75
1,153,39.0,0.012103082,1.8549724242423335e-05,10,31-75
1,154,38.0,0.012160714,4.959954242424289e-05,10,31-75
1,155,37.0,0.011922566,8.232047272727323e-05,10,31-75
1,156,36.0,0.012011075,8.278228484848487e-05,10,31-75
1,157,35.0,0.012010702,6.65351393939395e-05,10,31-75
1,158,34.0,0.011908165,3.392019999999969e-05,10,31-75
1,159,33.0,0.011979297,6.286793939393456e-06,10,31-75
1,160,32.0,0.012565633,2.6653654545454808e-05,10,31-75
1,161,31.0,0.012376935,1.648810303030293e-05,10,31-75
1,162,30.0,0.012497516,4.897525454545453e-05,10,0-30
1,163,29.0,0.013044313,9.419555151515149e-05,10,0-30
1,164,28.0,0.013099898,0.00013488103030303032,10,0-30
1,165,27.0,0.012897991,0.00013729281818181783,10,0-30
1,166,26.0,0.012889197,0.00013330220000000033,10,0-30
1,167,25.0,0.012521633,9.85938666666663e-05,10,0-30
1,168,24.0,0.012095857,2.7632484848485168e-05,10,0-30
1,169,23.0,0.012013022,-4.5380090909090025e-05,10,0-30
1,170,22.0,0.011686562,-9.751929696969592e-05,10,0-30
1,171,21.0,0.011695934,-0.0001510717636363662,10,0-30
1,172,20.0,0.011919116,-0.00017615737575757428,10,0-30
1,173,19.0,0.012042868,-0.00015102883636363613,10,0-30
1,174,18.0,0.012282645,-9.69771575757579e-05,10,0-30
1,175,17.0,0.01235385,-4.259593939393962e-05,10,0-30
1,176,16.0,0.012120092,5.044224242424129e-06,10,0-30
1,177,15.0,0.012628917,6.525669696969662e-05,10,0-30
1,178,14.0,0.012862839,0.00010854307272727033,10,0-30
1,179,13.0,0.013160906,0.00015326856363636308,10,0-30
1,180,12.0,0.013576027,0.00018495927272727105,10,0-30
1,181,11.0,0.014592714,0.000249827830303028,10,0-30
1,182,10.0,0.015623846,0.000350706266666672,10,0-30
1,183,9.0,0.016078822,0.00043974589090909624,10,0-30
1,184,8.0,0.017639121,0.0005809572121212084,10,0-30
1,185,7.0,0.018172387,0.0006910757878787861,10,0-30
1,186,6.0,0.01848796,0.0007322958484848494,10,0-30
1,187,5.0,0.019302921,0.0007747037151515115,10,0-30
1,188,4.0,0.019855127,0.0007819296909090854,10,0-30
1,189,3.0,0.021205299,0.0007979175393939464,10,0-30
1,190,2.0,0.022611434,0.000820770599999999,10,0-30
1,191,1.0,0.023352735,0.000842317309090906,10,0-30
1,192,0.0,0.024626328,0.0008958927878787909,10,0-30
5,39,230.0,0.0091761295,-4.635306666666685e-05,10,RUL > 125
5,40,229.0,0.009335235,-5.642397272727275e-05,10,RUL > 125
5,41,228.0,0.009405471,-5.343567575757562e-05,10,RUL > 125
5,42,227.0,0.009597028,-3.535848181818164e-05,10,RUL > 125
5,43,226.0,0.009552376,-1.3398645454545561e-05,10,RUL > 125
5,44,225.0,0.0095143225,1.1794727272728392e-06,10,RUL > 125
5,45,224.0,0.009578072,1.95637999999999e-05,10,RUL > 125
5,46,223.0,0.009573771,4.1689163636363743e-05,10,RUL > 125
5,47,222.0,0.009554455,4.3536636363636155e-05,10,RUL > 125
5,48,221.0,0.00967374,4.096735151515149e-05,10,RUL > 125
5,49,220.0,0.00956557,2.343010606060617e-05,10,RUL > 125
5,50,219.0,0.009728801,2.0682912121212127e-05,10,RUL > 125
5,51,218.0,0.010005209,3.292442121212107e-05,10,RUL > 125
5,52,217.0,0.010332384,6.85127545454544e-05,10,RUL > 125
5,53,216.0,0.010386903,9.518464545454563e-05,10,RUL > 125
5,54,215.0,0.010155927,9.66054666666665e-05,10,RUL > 125
5,55,214.0,0.0102131,9.761775757575756e-05,10,RUL > 125
5,56,213.0,0.009958716,7.677051515151496e-05,10,RUL > 125
5,57,212.0,0.009985817,5.144777575757576e-05,10,RUL > 125
5,58,211.0,0.009821955,1.991081212121187e-05,10,RUL > 125
5,59,210.0,0.009574606,-3.412579393939412e-05,10,RUL > 125
5,60,209.0,0.009604983,-7.573293333333291e-05,10,RUL > 125
5,61,208.0,0.009557159,-0.00010002063030303006,10,RUL > 125
5,62,207.0,0.009565367,-9.661804242424186e-05,10,RUL > 125
5,63,206.0,0.009468809,-8.555047878787955e-05,10,RUL > 125
5,64,205.0,0.009303221,-8.778497575757595e-05,10,RUL > 125
5,65,204.0,0.009612279,-5.9014399999999494e-05,10,RUL > 125
5,66,203.0,0.009423045,-5.02419333333338e-05,10,RUL > 125
5,67,202.0,0.009631012,-2.1826096969697e-05,10,RUL > 125
5,68,201.0,0.009919704,1.571310909090893e-05,10,RUL > 125
5,69,200.0,0.010065919,4.355290909090875e-05,10,RUL > 125
5,70,199.0,0.0099934535,6.350986969696976e-05,10,RUL > 125
5,71,198.0,0.0101185255,8.23919393939397e-05,10,RUL > 125
5,72,197.0,0.009858904,8.0855593939394e-05,10,RUL > 125
5,73,196.0,0.01007301,8.100253333333307e-05,10,RUL > 125
5,74,195.0,0.01033035,7.682335151515178e-05,10,RUL > 125
5,75,194.0,0.010564207,9.355382424242426e-05,10,RUL > 125
5,76,193.0,0.010678384,9.235801212121202e-05,10,RUL > 125
5,77,192.0,0.0110319145,0.00010909391818181759,10,RUL > 125
5,78,191.0,0.011160998,0.00013513623939393935,10,RUL > 125
5,79,190.0,0.011064014,0.0001505902030303029,10,RUL > 125
5,80,189.0,0.010834239,0.0001365818303030311,10,RUL > 125
5,81,188.0,0.010636448,0.00010993165151515129,10,RUL > 125
5,82,187.0,0.010557518,5.539025151515173e-05,10,RUL > 125
5,83,186.0,0.01035494,-4.3951727272723056e-06,10,RUL > 125
5,84,185.0,0.010298423,-5.3524675757575566e-05,10,RUL > 125
5,85,184.0,0.010627439,-6.873039090909138e-05,10,RUL > 125
5,86,183.0,0.010589107,-7.918159090909028e-05,10,RUL > 125
5,87,182.0,0.010520862,-6.87044e-05,10,RUL > 125
5,88,181.0,0.010658527,-3.591806666666682e-05,10,RUL > 125
5,89,180.0,0.010824054,5.5219696969697375e-06,10,RUL > 125
5,90,179.0,0.010487576,1.6198933333333227e-05,10,RUL > 125
5,91,178.0,0.0104452735,1.5584396969696727e-05,10,RUL > 125
5,92,177.0,0.010345547,6.585500000000278e-06,10,RUL > 125
5,93,176.0,0.010439764,-8.210142424242243e-06,10,RUL > 125
5,94,175.0,0.010548535,-2.186879090909081e-05,10,RUL > 125
5,95,174.0,0.010128689,-3.952539090909087e-05,10,RUL > 125
5,96,173.0,0.010137264,-5.322427575757605e-05,10,RUL > 125
5,97,172.0,0.010064649,-6.995676060606071e-05,10,RUL > 125
5,98,171.0,0.010021391,-7.434125151515179e-05,10,RUL > 125
5,99,170.0,0.009983689,-6.202422121212109e-05,10,RUL > 125
5,100,169.0,0.009862864,-6.854326969696918e-05,10,RUL > 125
5,101,168.0,0.010119416,-5.631647272727356e-05,10,RUL > 125
5,102,167.0,0.0102482615,-3.976038484848471e-05,10,RUL > 125
5,103,166.0,0.010410662,-6.885736363636096e-06,10,RUL > 125
5,104,165.0,0.010171666,2.0556918181818308e-05,10,RUL > 125
5,105,164.0,0.009761811,2.222221212121148e-06,10,RUL > 125
5,106,163.0,0.009612557,-1.923493030303027e-05,10,RUL > 125
5,107,162.0,0.009710925,-3.380746969696953e-05,10,RUL > 125
5,108,161.0,0.009525638,-5.708287575757454e-05,10,RUL > 125
5,109,160.0,0.009704982,-6.708022121212003e-05,10,RUL > 125
5,110,159.0,0.009843626,-7.419189999999942e-05,10,RUL > 125
5,111,158.0,0.010024391,-5.4107015151514865e-05,10,RUL > 125
5,112,157.0,0.009855683,-3.348286666666694e-05,10,RUL > 125
5,113,156.0,0.009727857,-4.245818181818312e-06,10,RUL > 125
5,114,155.0,0.009877941,2.552098787878809e-05,10,RUL > 125
5,115,154.0,0.009862273,3.06698121212118e-05,10,RUL > 125
5,116,153.0,0.010051532,3.497386666666623e-05,10,RUL > 125
5,117,152.0,0.010214613,4.941020606060624e-05,10,RUL > 125
5,118,151.0,0.010100977,3.91904424242424e-05,10,RUL > 125
5,119,150.0,0.010027314,2.9935157575757713e-05,10,RUL > 125
5,120,149.0,0.010107365,3.0382169696969714e-05,10,RUL > 125
5,121,148.0,0.010272551,4.869349090909066e-05,10,RUL > 125
5,122,147.0,0.010363961,5.7735612121212356e-05,10,RUL > 125
5,123,146.0,0.01070384,7.06339090909095e-05,10,RUL > 125
5,124,145.0,0.010804833,8.721641818181825e-05,10,RUL > 125
5,125,144.0,0.010930336,9.836495757575747e-05,10,RUL > 125
5,126,143.0,0.011022559,0.00011421489090909028,10,RUL > 125
5,127,142.0,0.01105425,0.00013089546666666596,10,RUL > 125
5,128,141.0,0.011368556,0.00014696685454545372,10,RUL > 125
5,129,140.0,0.011330164,0.00014066867272727343,10,RUL > 125
5,130,139.0,0.011408697,0.00012819872121212073,10,RUL > 125
5,131,138.0,0.011139713,9.629559393939394e-05,10,RUL > 125
5,132,137.0,0.011034441,5.4233303030302776e-05,10,RUL > 125
5,133,136.0,0.010939644,2.1531836363636622e-05,10,RUL > 125
5,134,135.0,0.011058826,-7.941575757570331e-07,10,RUL > 125
5,135,134.0,0.010944502,-2.406784242424252e-05,10,RUL > 125
5,136,133.0,0.011079037,-3.402676363636376e-05,10,RUL > 125
5,137,132.0,0.011027106,-4.539013333333287e-05,10,RUL > 125
5,138,131.0,0.010799531,-4.788393333333354e-05,10,RUL > 125
5,139,130.0,0.01073627,-4.9490527272728086e-05,10,RUL > 125
5,140,129.0,0.010944625,-2.7298054545454574e-05,10,RUL > 125
5,141,128.0,0.011192825,-3.874551515151278e-06,10,RUL > 125
5,142,127.0,0.011000376,1.3898181818179768e-06,10,RUL > 125
5,143,126.0,0.0113047715,1.735068787878803e-05,10,RUL > 125
5,144,125.0,0.0113712605,4.0457909090908986e-05,10,76-125
5,145,124.0,0.011009629,3.243109090909097e-05,10,76-125
5,146,123.0,0.011041094,3.430012727272707e-05,10,76-125
5,147,122.0,0.011141166,3.862548484848451e-05,10,76-125
5,148,121.0,0.011223348,3.087928484848468e-05,10,76-125
5,149,120.0,0.011219332,1.355945454545495e-05,10,76-125
5,150,119.0,0.011336362,1.0658115151514699e-05,10,76-125
5,151,118.0,0.011090517,6.14538787878777e-06,10,76-125
5,152,117.0,0.011157317,-6.313539393939617e-06,10,76-125
5,153,116.0,0.01083748,-1.782740303030263e-05,10,76-125
5,154,115.0,0.011034811,-8.481018181818285e-06,10,76-125
5,155,114.0,0.011093897,-1.594235151515148e-05,10,76-125
5,156,113.0,0.011056398,-2.4372848484849177e-05,10,76-125
5,157,112.0,0.010815052,-3.9481709090908383e-05,10,76-125
5,158,111.0,0.010820016,-4.488810909090894e-05,10,76-125
5,159,110.0,0.0108623095,-4.336645151515173e-05,10,76-125
5,160,109.0,0.010972599,-2.369945757575732e-05,10,76-125
5,161,108.0,0.010909216,-1.9470136363636442e-05,10,76-125
5,162,107.0,0.010771797,-1.6085475757576217e-05,10,76-125
5,163,106.0,0.011001412,-1.6825857575757558e-05,10,76-125
5,164,105.0,0.010820273,-1.6278203030303353e-05,10,76-125
5,165,104.0,0.01101819,1.6044515151515817e-06,10,76-125
5,166,103.0,0.010593688,-5.24982121212157e-06,10,76-125
5,167,102.0,0.010306251,-3.8263603030302935e-05,10,76-125
5,168,101.0,0.010448726,-5.700780303030308e-05,10,76-125
5,169,100.0,0.0106255915,-5.8784742424241786e-05,10,76-125
5,170,99.0,0.010867125,-3.716518484848482e-05,10,76-125
5,171,98.0,0.010597583,-3.319497878787961e-05,10,76-125
5,172,97.0,0.010866642,-1.9932724242424498e-05,10,76-125
5,173,96.0,0.010776474,2.5693060606059666e-06,10,76-125
5,174,95.0,0.010656246,9.164033333333817e-06,10,76-125
5,175,94.0,0.0109051885,4.452011515151485e-05,10,76-125
5,176,93.0,0.010810972,4.780669696969695e-05,10,76-125
5,177,92.0,0.010367397,5.102066666666643e-06,10,76-125
5,178,91.0,0.010064607,-4.5361212121211175e-05,10,76-125
5,179,90.0,0.010107024,-7.70638151515146e-05,10,76-125
5,180,89.0,0.010238662,-7.91982636363633e-05,10,76-125
5,181,88.0,0.010529073,-7.584384545454509e-05,10,76-125
5,182,87.0,0.010398492,-6.08443363636371e-05,10,76-125
5,183,86.0,0.010574349,-3.658928181818204e-05,10,76-125
5,184,85.0,0.010294584,-3.3159336363636155e-05,10,76-125
5,185,84.0,0.010228882,-1.233318787878778e-05,10,76-125
5,186,83.0,0.010255839,1.1879896969696727e-05,10,76-125
5,187,82.0,0.010501587,2.6654636363636586e-05,10,76-125
5,188,81.0,0.010353076,1.151623030303072e-05,10,76-125
5,189,80.0,0.010717326,1.5577212121211763e-05,10,76-125
5,190,79.0,0.01069143,1.9603951515151513e-05,10,76-125
5,191,78.0,0.010840643,4.564221818181816e-05,10,76-125
5,192,77.0,0.010994425,6.758658787878855e-05,10,76-125
5,193,76.0,0.011087481,9.910710909090886e-05,10,76-125
5,194,75.0,0.011263262,0.00011534490303030182,10,31-75
5,195,74.0,0.01169245,0.00013887126666666685,10,31-75
5,196,73.0,0.012056699,0.00016632267272727346,10,31-75
5,197,72.0,0.01213296,0.00019248836363636529,10,31-75
5,198,71.0,0.0119246645,0.00017761753030302966,10,31-75
5,199,70.0,0.012564823,0.00020289820909090835,10,31-75
5,200,69.0,0.012217937,0.00018513753030303194,10,31-75
5,201,68.0,0.012339982,0.00016547826969696874,10,31-75
5,202,67.0,0.012348382,0.00013835551818181774,10,31-75
5,203,66.0,0.012298152,9.828508181818134e-05,10,31-75
5,204,65.0,0.012605699,7.203386969696899e-05,10,31-75
5,205,64.0,0.012873895,7.275209999999979e-05,10,31-75
5,206,63.0,0.012947345,8.743941515151649e-05,10,31-75
5,207,62.0,0.013142379,0.00010705330606060665,10,31-75
5,208,61.0,0.013654294,0.0001284680848484854,10,31-75
5,209,60.0,0.014218165,0.00020235149090908948,10,31-75
5,210,59.0,0.014671476,0.00025779470909090323,10,31-75
5,211,58.0,0.015002128,0.0003096699575757591,10,31-75
5,212,57.0,0.01570188,0.0003680050606060616,10,31-75
5,213,56.0,0.01575312,0.000385137945454542,10,31-75
5,214,55.0,0.01619198,0.00040483338181817983,10,31-75
5,215,54.0,0.016905557,0.0004378608606060646,10,31-75
5,216,53.0,0.017326728,0.0004498893393939338,10,31-75
5,217,52.0,0.017842151,0.00044995063636363563,10,31-75
5,218,51.0,0.018387191,0.00045690212121212153,10,31-75
5,219,50.0,0.018613502,0.0004564207939393947,10,31-75
5,220,49.0,0.01865049,0.00043490091515151343,10,31-75
5,221,48.0,0.018971814,0.00040472079393939433,10,31-75
5,222,47.0,0.019744262,0.00041520692727273087,10,31-75
5,223,46.0,0.020190725,0.00040446301818181454,10,31-75
5,224,45.0,0.021175833,0.00042292045454544986,10,31-75
5,225,44.0,0.021565014,0.0004497674060606034,10,31-75
5,226,43.0,0.021797825,0.00046091293939394,10,31-75
5,227,42.0,0.023067683,0.0005214898727272709,10,31-75
5,228,41.0,0.023978833,0.0006047621151515014,10,31-75
5,229,40.0,0.024192933,0.0006470224606060604,10,31-75
5,230,39.0,0.02531794,0.000685483224242422,10,31-75
5,231,38.0,0.026453692,0.0007264981212121326,10,31-75
5,232,37.0,0.027869452,0.00080554339393939,10,31-75
5,233,36.0,0.029299667,0.0008938774424242429,10,31-75
5,234,35.0,0.029964678,0.000973747266666674,10,31-75
5,235,34.0,0.03120158,0.0010404984181818136,10,31-75
5,236,33.0,0.032754045,0.0010906433515151567,10,31-75
5,237,32.0,0.03467526,0.0011974363636363696,10,31-75
5,238,31.0,0.0354076,0.0012642206242424144,10,31-75
5,239,30.0,0.036452573,0.001263746236363623,10,0-30
5,240,29.0,0.038706027,0.0013125862909090817,10,0-30
5,241,28.0,0.04043558,0.001369202557575762,10,0-30
5,242,27.0,0.042779904,0.001478597612121211,10,0-30
5,243,26.0,0.045008324,0.0016241577636363243,10,0-30
5,244,25.0,0.047269616,0.0017469872181818387,10,0-30
5,245,24.0,0.04887807,0.0018302538363636012,10,0-30
5,246,23.0,0.05184794,0.001964750545454549,10,0-30
5,247,22.0,0.05422773,0.002125693830303052,10,0-30
5,248,21.0,0.05727262,0.0022645450545454417,10,0-30
5,249,20.0,0.06025715,0.002370823145454553,10,0-30
5,250,19.0,0.063791744,0.0025315872121212364,10,0-30
5,251,18.0,0.066760965,0.0026655430242424464,10,0-30
5,252,17.0,0.069658026,0.002794713036363632,10,0-30
5,253,16.0,0.073588215,0.0029610229090908757,10,0-30
5,254,15.0,0.077670306,0.0031543221696969546,10,0-30
5,255,14.0,0.08124491,0.0032813368848484685,10,0-30
5,256,13.0,0.08653641,0.003502644872727242,10,0-30
5,257,12.0,0.090893984,0.0036998250787878845,10,0-30
5,258,11.0,0.09543097,0.0039030304727273126,10,0-30
5,259,10.0,0.10162145,0.004180341624242421,10,0-30
5,260,9.0,0.1050474,0.00437877692121207,10,0-30
5,261,8.0,0.1100395,0.004547388090909089,10,0-30
5,262,7.0,0.11412977,0.004607653993939357,10,0-30
5,263,6.0,0.119870596,0.004704017018181811,10,0-30
5,264,5.0,0.1269594,0.004898182921212119,10,0-30
5,265,4.0,0.13382202,0.005107536921212086,10,0-30
5,266,3.0,0.14191328,0.005473700739393954,10,0-30
5,267,2.0,0.14965524,0.005881423430302974,10,0-30
5,268,1.0,0.15789448,0.006328767296969608,10,0-30
5,269,0.0,0.1662214,0.00688587201212127,10,0-30
11,39,201.0,0.011243178,4.967295757575728e-05,10,RUL > 125
11,40,200.0,0.010984398,2.653789090909031e-05,10,RUL > 125
11,41,199.0,0.01084941,1.584548484848495e-05,10,RUL > 125
11,42,198.0,0.011016083,2.2939333333333864e-05,10,RUL > 125
11,43,197.0,0.01097336,1.362626666666676e-05,10,RUL > 125
11,44,196.0,0.010562638,-2.5959054545454545e-05,10,RUL > 125
11,45,195.0,0.010483297,-5.400701212121211e-05,10,RUL > 125
11,46,194.0,0.010522252,-7.284957575757604e-05,10,RUL > 125
11,47,193.0,0.010256504,-9.59525636363643e-05,10,RUL > 125
11,48,192.0,0.010386955,-9.967354545454569e-05,10,RUL > 125
11,49,191.0,0.010435041,-8.128459393939359e-05,10,RUL > 125
11,50,190.0,0.010944679,-4.255360606060595e-05,10,RUL > 125
11,51,189.0,0.010937135,-1.2751866666666622e-05,10,RUL > 125
11,52,188.0,0.011009477,3.104399999999992e-05,10,RUL > 125
11,53,187.0,0.010771541,5.909341212121228e-05,10,RUL > 125
11,54,186.0,0.010946712,7.176243030303007e-05,10,RUL > 125
11,55,185.0,0.010249212,3.644115151515159e-05,10,RUL > 125
11,56,184.0,0.010165731,2.000757575757767e-06,10,RUL > 125
11,57,183.0,0.010125523,-4.8027866666666106e-05,10,RUL > 125
11,58,182.0,0.009935736,-9.812412727272719e-05,10,RUL > 125
11,59,181.0,0.01001131,-0.00013542311515151551,10,RUL > 125
11,60,180.0,0.00983852,-0.00014303501212121214,10,RUL > 125
11,61,179.0,0.009755327,-0.00014227965454545404,10,RUL > 125
11,62,178.0,0.009766751,-0.00012175342424242338,10,RUL > 125
11,63,177.0,0.009687899,-0.000106327266666667,10,RUL > 125
11,64,176.0,0.009780468,-6.103876969697031e-05,10,RUL > 125
11,65,175.0,0.009696079,-5.271701818181813e-05,10,RUL > 125
11,66,174.0,0.009747556,-4.0448187878788525e-05,10,RUL > 125
11,67,173.0,0.010021619,-1.0842212121212167e-05,10,RUL > 125
11,68,172.0,0.009843505,-2.3445696969700502e-06,10,RUL > 125
11,69,171.0,0.009612678,-2.8127272727283913e-07,10,RUL > 125
11,70,170.0,0.009701343,-6.91333333332771e-08,10,RUL > 125
11,71,169.0,0.009810168,2.1954666666668063e-06,10,RUL > 125
11,72,168.0,0.009747937,1.1625090909094453e-06,10,RUL > 125
11,73,167.0,0.009740602,-5.299290909091546e-06,10,RUL > 125
11,74,166.0,0.009796724,-3.167448484848421e-06,10,RUL > 125
11,75,165.0,0.00953269,-2.1260436363635858e-05,10,RUL > 125
11,76,164.0,0.009757156,-2.1697551515151588e-05,10,RUL > 125
11,77,163.0,0.009883922,2.9343454545455108e-06,10,RUL > 125
11,78,162.0,0.009883486,1.733724848484828e-05,10,RUL > 125
11,79,161.0,0.009656066,3.462339393939196e-06,10,RUL > 125
11,80,160.0,0.009124075,-3.404517575757644e-05,10,RUL > 125
11,81,159.0,0.009226702,-5.1702666666666235e-05,10,RUL > 125
11,82,158.0,0.00922144,-6.672359393939409e-05,10,RUL > 125
11,83,157.0,0.009267518,-7.333839393939369e-05,10,RUL > 125
11,84,156.0,0.009439797,-6.108033939393931e-05,10,RUL > 125
11,85,155.0,0.009418427,-6.326380000000014e-05,10,RUL > 125
11,86,154.0,0.009540085,-4.246196363636347e-05,10,RUL > 125
11,87,153.0,0.009596362,-7.5082424242424624e-06,10,RUL > 125
11,88,152.0,0.0095335515,2.7475960606060757e-05,10,RUL > 125
11,89,151.0,0.009574632,5.3781215151515147e-05,10,RUL > 125
11,90,150.0,0.009530835,4.321855454545446e-05,10,RUL > 125
11,91,149.0,0.009229771,1.8145596969696867e-05,10,RUL > 125
11,92,148.0,0.009282861,-4.419542424242983e-06,10,RUL > 125
11,93,147.0,0.00959423,-7.67354848484846e-06,10,RUL > 125
11,94,146.0,0.009559604,-5.29112424242408e-06,10,RUL > 125
11,95,145.0,0.009573554,-5.024663636363636e-06,10,RUL > 125
11,96,144.0,0.009619569,3.981912121212077e-06,10,RUL > 125
11,97,143.0,0.009351758,1.1689727272724077e-06,10,RUL > 125
11,98,142.0,0.009493808,4.8817454545455165e-06,10,RUL > 125
11,99,141.0,0.009611814,1.8251648484848548e-05,10,RUL > 125
11,100,140.0,0.009458961,1.9913624242424795e-05,10,RUL > 125
11,101,139.0,0.00930999,-5.749824242424958e-06,10,RUL > 125
11,102,138.0,0.0093979975,-2.4045881818181583e-05,10,RUL > 125
11,103,137.0,0.009407354,-2.2469245454545623e-05,10,RUL > 125
11,104,136.0,0.0094721895,-1.739936363636364e-05,10,RUL > 125
11,105,135.0,0.009535791,-6.870739393938969e-06,10,RUL > 125
11,106,134.0,0.00937869,-1.3858606060604885e-06,10,RUL > 125
11,107,133.0,0.00947233,-5.727666666666288e-06,10,RUL > 125
11,108,132.0,0.009737373,1.2395939393939214e-05,10,RUL > 125
11,109,131.0,0.009983041,4.883438181818148e-05,10,RUL > 125
11,110,130.0,0.0100263255,7.294387575757548e-05,10,RUL > 125
11,111,129.0,0.010198825,8.965388787878799e-05,10,RUL > 125
11,112,128.0,0.010189958,0.00010097365454545412,10,RUL > 125
11,113,127.0,0.010316339,0.00011021117575757591,10,RUL > 125
11,114,126.0,0.010135142,0.00010286959090909065,10,RUL > 125
11,115,125.0,0.010340705,0.00010294484545454514,10,76-125
11,116,124.0,0.010169216,7.343622121212142e-05,10,76-125
11,117,123.0,0.010035897,3.3316184848484864e-05,10,76-125
11,118,122.0,0.010464315,2.7402821212121447e-05,10,76-125
11,119,121.0,0.010356277,2.316292424242375e-05,10,76-125
11,120,120.0,0.010667766,3.427489696969697e-05,10,76-125
11,121,119.0,0.010755198,5.3880818181818004e-05,10,76-125
11,122,118.0,0.010630699,5.936083636363619e-05,10,76-125
11,123,117.0,0.010443489,5.771248484848479e-05,10,76-125
11,124,116.0,0.010223923,3.04667939393936e-05,10,76-125
11,125,115.0,0.010562202,3.430075151515149e-05,10,76-125
11,126,114.0,0.010520292,2.173129696969664e-05,10,76-125
11,127,113.0,0.010618204,1.3590969696970329e-06,10,76-125
11,128,112.0,0.010891998,1.7424048484848787e-05,10,76-125
11,129,111.0,0.011075849,3.113066666666704e-05,10,76-125
11,130,110.0,0.011074485,5.680673333333288e-05,10,76-125
11,131,109.0,0.011278217,9.449432727272631e-05,10,76-125
11,132,108.0,0.01103428,0.00010423670909090959,10,76-125
11,133,107.0,0.010984779,9.390647878787915e-05,10,76-125
11,134,106.0,0.011392664,8.46256969696962e-05,10,76-125
11,135,105.0,0.011305327,7.896645454545423e-05,10,76-125
11,136,104.0,0.011580202,7.649881818181791e-05,10,76-125
11,137,103.0,0.011613311,6.951719999999955e-05,10,76-125
11,138,102.0,0.011586195,6.724755757575777e-05,10,76-125
11,139,101.0,0.011610301,7.01350121212123e-05,10,76-125
11,140,100.0,0.011420432,5.609683636363601e-05,10,76-125
11,141,99.0,0.011144768,3.6411278787878485e-05,10,76-125
11,142,98.0,0.011134572,1.5246727272726881e-06,10,76-125
11,143,97.0,0.0111141475,-3.899172424242503e-05,10,76-125
11,144,96.0,0.011308225,-4.329784545454546e-05,10,76-125
11,145,95.0,0.011411209,-4.6785621212120935e-05,10,76-125
11,146,94.0,0.011390833,-3.434323333333297e-05,10,76-125
11,147,93.0,0.011509453,-1.0928015151515662e-05,10,76-125
11,148,92.0,0.011411899,6.617227272726886e-06,10,76-125
11,149,91.0,0.011642717,4.0472287878787115e-05,10,76-125
11,150,90.0,0.011266306,4.074498484848414e-05,10,76-125
11,151,89.0,0.011323264,2.761507575757551e-05,10,76-125
11,152,88.0,0.011548363,2.3919972727272763e-05,10,76-125
11,153,87.0,0.011686472,2.138080606060613e-05,10,76-125
11,154,86.0,0.011824292,3.2360327272727156e-05,10,76-125
11,155,85.0,0.011329459,1.6959200000000276e-05,10,76-125
11,156,84.0,0.01123247,-4.0997272727272995e-06,10,76-125
11,157,83.0,0.011394853,-6.473848484848397e-06,10,76-125
11,158,82.0,0.011445856,-1.118049696969696e-05,10,76-125
11,159,81.0,0.011493567,1.6915393939391087e-06,10,76-125
11,160,80.0,0.011512974,-7.664048484848098e-06,10,76-125
11,161,79.0,0.011119626,-3.766769696969742e-05,10,76-125
11,162,78.0,0.011136715,-4.926427878787925e-05,10,76-125
11,163,77.0,0.010999782,-5.413299393939441e-05,10,76-125
11,164,76.0,0.010645546,-6.0812157575757774e-05,10,76-125
11,165,75.0,0.010796201,-7.797481212121164e-05,10,31-75
11,166,74.0,0.01035147,-0.00011939772121212211,10,31-75
11,167,73.0,0.010241967,-0.00014528919999999974,10,31-75
11,168,72.0,0.010253633,-0.00015316977575757622,10,31-75
11,169,71.0,0.0100946585,-0.00015208976666666573,10,31-75
11,170,70.0,0.009978184,-0.00013911264545454438,10,31-75
11,171,69.0,0.010190214,-0.00012218993636363773,10,31-75
11,172,68.0,0.009833568,-0.00011231577878787846,10,31-75
11,173,67.0,0.009617676,-0.00010755069393939417,10,31-75
11,174,66.0,0.009778089,-0.0001008987424242427,10,31-75
11,175,65.0,0.009764817,-7.441242121212084e-05,10,31-75
11,176,64.0,0.009839904,-6.097755454545424e-05,10,31-75
11,177,63.0,0.009944609,-4.2930906060606036e-05,10,31-75
11,178,62.0,0.010289649,-1.6818212121213949e-06,10,31-75
11,179,61.0,0.010385188,3.374362424242361e-05,10,31-75
11,180,60.0,0.010135284,4.4251406060604805e-05,10,31-75
11,181,59.0,0.00996737,5.7831333333332774e-05,10,31-75
11,182,58.0,0.010034191,5.398078181818185e-05,10,31-75
11,183,57.0,0.01010034,3.6913763636363505e-05,10,31-75
11,184,56.0,0.010713583,5.8140090909090655e-05,10,31-75
11,185,55.0,0.010825394,7.324107878787892e-05,10,31-75
11,186,54.0,0.010928871,8.61365878787881e-05,10,31-75
11,187,53.0,0.010618576,7.58876484848477e-05,10,31-75
11,188,52.0,0.011222644,0.00011342124242424097,10,31-75
11,189,51.0,0.011381294,0.00015466870909091078,10,31-75
11,190,50.0,0.011635176,0.00018103000606060584,10,31-75
11,191,49.0,0.0117801465,0.0001859240090909089,10,31-75
11,192,48.0,0.011931962,0.00018158054242424268,10,31-75
11,193,47.0,0.011987866,0.00016169303333333303,10,31-75
11,194,46.0,0.012531446,0.0001894591060606038,10,31-75
11,195,45.0,0.013254208,0.00024206792424242445,10,31-75
11,196,44.0,0.013714216,0.0002972263848484861,10,31-75
11,197,43.0,0.014028566,0.0003150831181818217,10,31-75
11,198,42.0,0.014216445,0.00034212578484848333,10,31-75
11,199,41.0,0.014519398,0.00035998133030302874,10,31-75
11,200,40.0,0.014875821,0.0003761659727272762,10,31-75
11,201,39.0,0.015045171,0.00037197204242423945,10,31-75
11,202,38.0,0.015359165,0.0003554500363636357,10,31-75
11,203,37.0,0.01594941,0.000333308290909093,10,31-75
11,204,36.0,0.016575254,0.00033352344242424244,10,31-75
11,205,35.0,0.01766355,0.00039226847272727343,10,31-75
11,206,34.0,0.018062834,0.00045001326060606725,10,31-75
11,207,33.0,0.019096637,0.0005323934484848552,10,31-75
11,208,32.0,0.01972774,0.0006002915393939421,10,31-75
11,209,31.0,0.02049634,0.0006635065575757544,10,31-75
11,210,30.0,0.02225731,0.000774088236363621,10,0-30
11,211,29.0,0.023475446,0.0008729311030303069,10,0-30
11,212,28.0,0.024377469,0.0009397230060606079,10,0-30
11,213,27.0,0.026285242,0.0010406121454545369,10,0-30
11,214,26.0,0.026986891,0.0010962131696969646,10,0-30
11,215,25.0,0.028187755,0.0011636672727272823,10,0-30
11,216,24.0,0.029730951,0.0012143485151514955,10,0-30
11,217,23.0,0.030984627,0.0012609005636363604,10,0-30
11,218,22.0,0.032436103,0.0012846007151515145,10,0-30
11,219,21.0,0.034240235,0.0013039073030303046,10,0-30
11,220,20.0,0.036029644,0.0013716233515151455,10,0-30
11,221,19.0,0.038935337,0.0015121034303030333,10,0-30
11,222,18.0,0.041662015,0.0016740536484848676,10,0-30
11,223,17.0,0.04494963,0.001933003539393915,10,0-30
11,224,16.0,0.048032038,0.0021806263696969447,10,0-30
11,225,15.0,0.050597925,0.002393171581818164,10,0-30
11,226,14.0,0.053484634,0.0025944149575757632,10,0-30
11,227,13.0,0.058397714,0.0028592994848484782,10,0-30
11,228,12.0,0.06292077,0.0031353813818181158,10,0-30
11,229,11.0,0.06821349,0.003450921448484852,10,0-30
11,230,10.0,0.07337473,0.003755480599999989,10,0-30
11,231,9.0,0.07919646,0.004118633818181883,10,0-30
11,232,8.0,0.083968244,0.004435831084848462,10,0-30
11,233,7.0,0.0900006,0.004788437509090914,10,0-30
11,234,6.0,0.09589525,0.005121991800000038,10,0-30
11,235,5.0,0.1017684,0.005366798715151487,10,0-30
11,236,4.0,0.110056326,0.005635873406060633,10,0-30
11,237,3.0,0.116604835,0.005903960684848513,10,0-30
11,238,2.0,0.12606347,0.006283969715151473,10,0-30
11,239,1.0,0.13446732,0.006709852503030223,10,0-30
11,240,0.0,0.14400941,0.0071972188666666135,10,0-30
13,39,124.0,0.009191743,-6.745823333333347e-05,10,76-125
13,40,123.0,0.009275454,-3.810617878787883e-05,10,76-125
13,41,122.0,0.009261768,-1.77570575757574e-05,10,76-125
13,42,121.0,0.009053401,-3.5883999999994658e-06,10,76-125
13,43,120.0,0.008690154,-8.900006060606018e-06,10,76-125
13,44,119.0,0.008723033,-1.5900539393938725e-05,10,76-125
13,45,118.0,0.008409393,-6.624302424242466e-05,10,76-125
13,46,117.0,0.008329237,-0.00010657603636363643,10,76-125
13,47,116.0,0.008581084,-0.00011022218787878836,10,76-125
13,48,115.0,0.00859853,-0.00010158367878787943,10,76-125
13,49,114.0,0.0089259185,-6.99785545454548e-05,10,76-125
13,50,113.0,0.008736465,-3.990440909090926e-05,10,76-125
13,51,112.0,0.008693596,-6.547772727272845e-06,10,76-125
13,52,111.0,0.008681111,1.912366363636354e-05,10,76-125
13,53,110.0,0.0087374635,2.8165012121212317e-05,10,76-125
13,54,109.0,0.008843126,4.458825454545468e-05,10,76-125
13,55,108.0,0.008710645,3.142025454545455e-05,10,76-125
13,56,107.0,0.008683805,7.79298181818189e-06,10,76-125
13,57,106.0,0.008809567,3.5174606060605292e-06,10,76-125
13,58,105.0,0.0089575425,5.706906060606088e-06,10,76-125
13,59,104.0,0.009146704,3.568848484848451e-05,10,76-125
13,60,103.0,0.009073988,4.6397315151515246e-05,10,76-125
13,61,102.0,0.009097013,5.141293333333366e-05,10,76-125
13,62,101.0,0.0092540635,5.927270606060586e-05,10,76-125
13,63,100.0,0.009500318,7.737649696969684e-05,10,76-125
13,64,99.0,0.009615334,9.955133333333325e-05,10,76-125
13,65,98.0,0.0097522875,0.00011100419696969686,10,76-125
13,66,97.0,0.009824252,0.00011196709393939411,10,76-125
13,67,96.0,0.010094869,0.0001222514515151516,10,76-125
13,68,95.0,0.010067346,0.00012532016969696907,10,76-125
13,69,94.0,0.009790007,0.00011241990909090907,10,76-125
13,70,93.0,0.009797657,8.729157575757591e-05,10,76-125
13,71,92.0,0.00982595,5.6469751515151546e-05,10,76-125
13,72,91.0,0.009981042,3.574192424242439e-05,10,76-125
13,73,90.0,0.010182484,3.360694848484829e-05,10,76-125
13,74,89.0,0.010304441,3.752322727272738e-05,10,76-125
13,75,88.0,0.010186888,3.5804945454545496e-05,10,76-125
13,76,87.0,0.01012233,3.0095066666666527e-05,10,76-125
13,77,86.0,0.010059171,3.5368218181817845e-05,10,76-125
13,78,85.0,0.010252088,4.976195151515152e-05,10,76-125
13,79,84.0,0.010015276,3.0510103030302766e-05,10,76-125
13,80,83.0,0.009950018,5.4781939393935184e-06,10,76-125
13,81,82.0,0.010059993,-1.3515678787878385e-05,10,76-125
13,82,81.0,0.010344392,-9.494296969696529e-06,10,76-125
13,83,80.0,0.010276177,-1.685090909092037e-07,10,76-125
13,84,79.0,0.010184466,1.1149654545454454e-05,10,76-125
13,85,78.0,0.010044202,8.434430303030183e-06,10,76-125
13,86,77.0,0.010329204,1.869043030303014e-05,10,76-125
13,87,76.0,0.010367807,2.4333884848485128e-05,10,76-125
13,88,75.0,0.01037592,3.953995757575782e-05,10,31-75
13,89,74.0,0.010320672,3.444404242424239e-05,10,31-75
13,90,73.0,0.010439402,2.7772006060606194e-05,10,31-75
13,91,72.0,0.01044351,2.2723781818181798e-05,10,31-75
13,92,71.0,0.01087624,5.559025454545429e-05,10,31-75
13,93,70.0,0.010757593,7.099076363636363e-05,10,31-75
13,94,69.0,0.010705636,7.16078424242428e-05,10,31-75
13,95,68.0,0.010995907,7.238973939393939e-05,10,31-75
13,96,67.0,0.010994663,8.056809696969717e-05,10,31-75
13,97,66.0,0.010555769,5.931414545454547e-05,10,31-75
13,98,65.0,0.010567122,3.694198787878783e-05,10,31-75
13,99,64.0,0.011019991,3.327097575757588e-05,10,31-75
13,100,63.0,0.010765546,1.515988484848559e-05,10,31-75
13,101,62.0,0.010984011,5.285672727272382e-06,10,31-75
13,102,61.0,0.010967228,1.679316363636363e-05,10,31-75
13,103,60.0,0.010963528,1.908615151515179e-05,10,31-75
13,104,59.0,0.011093494,2.2508212121212128e-05,10,31-75
13,105,58.0,0.011295035,5.1573509090909676e-05,10,31-75
13,106,57.0,0.011387685,8.198371515151531e-05,10,31-75
13,107,56.0,0.0112008685,6.818042727272722e-05,10,31-75
13,108,55.0,0.010927739,3.2416645454545446e-05,10,31-75
13,109,54.0,0.011243216,3.968085151515159e-05,10,31-75
13,110,53.0,0.011249915,2.764170000000014e-05,10,31-75
13,111,52.0,0.011156221,1.91851606060604e-05,10,31-75
13,112,51.0,0.011103751,4.660360606060359e-06,10,31-75
13,113,50.0,0.011082679,-1.2915312121212018e-05,10,31-75
13,114,49.0,0.0112530915,-1.3975612121211943e-05,10,31-75
13,115,48.0,0.011305139,-6.954060606060145e-07,10,31-75
13,116,47.0,0.0107533345,-1.1459433333333073e-05,10,31-75
13,117,46.0,0.011068996,-9.770896969697559e-06,10,31-75
13,118,45.0,0.0109085925,-3.344182121212102e-05,10,31-75
13,119,44.0,0.010793598,-4.2121293939394626e-05,10,31-75
13,120,43.0,0.010853636,-4.162945151515133e-05,10,31-75
13,121,42.0,0.011082213,-3.011265757575796e-05,10,31-75
13,122,41.0,0.010791027,-3.707966969696916e-05,10,31-75
13,123,40.0,0.011040661,-2.804448787878763e-05,10,31-75
13,124,39.0,0.0117375245,3.087157272727258e-05,10,31-75
13,125,38.0,0.011677084,8.408879696969685e-05,10,31-75
13,126,37.0,0.012107726,0.00011950019393939337,10,31-75
13,127,36.0,0.012125901,0.000160530187878787,10,31-75
13,128,35.0,0.012268861,0.00018585346363636233,10,31-75
13,129,34.0,0.012021179,0.00017351240909090968,10,31-75
13,130,33.0,0.01270201,0.00018743035454545388,10,31-75
13,131,32.0,0.013104575,0.00021614032424242344,10,31-75
13,132,31.0,0.013548985,0.00022516496060606155,10,31-75
13,133,30.0,0.013651422,0.00022298954242424106,10,0-30
13,134,29.0,0.014318589,0.0002720170303030271,10,0-30
13,135,28.0,0.015171542,0.00033225423030303086,10,0-30
13,136,27.0,0.01606855,0.00042777153939393866,10,0-30
13,137,26.0,0.016968464,0.0005255767454545434,10,0-30
13,138,25.0,0.017612353,0.0006093361030303025,10,0-30
13,139,24.0,0.018709606,0.0006716638909090971,10,0-30
13,140,23.0,0.02018613,0.0007788462424242389,10,0-30
13,141,22.0,0.020900896,0.0008611368909090838,10,0-30
13,142,21.0,0.022249468,0.0009521124848484904,10,0-30
13,143,20.0,0.024507303,0.0010676114484848545,10,0-30
13,144,19.0,0.02640351,0.0011994312484848474,10,0-30
13,145,18.0,0.02828599,0.001344311418181814,10,0-30
13,146,17.0,0.030461065,0.0015086695696969628,10,0-30
13,147,16.0,0.032322325,0.0016600905333333383,10,0-30
13,148,15.0,0.03482754,0.001804978115151511,10,0-30
13,149,14.0,0.037712414,0.0019717037272727017,10,0-30
13,150,13.0,0.040875707,0.002179070460606067,10,0-30
13,151,12.0,0.044791415,0.0023968895818182053,10,0-30
13,152,11.0,0.04858774,0.0026221037272727466,10,0-30
13,153,10.0,0.05292156,0.0029149786060605914,10,0-30
13,154,9.0,0.05573324,0.0031432164121212173,10,0-30
13,155,8.0,0.060982626,0.0034277711515151655,10,0-30
13,156,7.0,0.06534762,0.003699098612121227,10,0-30
13,157,6.0,0.07205825,0.004037677103030268,10,0-30
13,158,5.0,0.077501185,0.0043585097151515205,10,0-30
13,159,4.0,0.08668182,0.004855172866666688,10,0-30
13,160,3.0,0.094305314,0.005384980606060586,10,0-30
13,161,2.0,0.10261134,0.005981259909090912,10,0-30
13,162,1.0,0.111986324,0.0066411427333333325,10,0-30
13,163,0.0,0.12228276,0.007383102987878792,10,0-30
19,39,119.0,0.0100978,1.787876666666676e-05,10,76-125
19,40,118.0,0.009920512,8.691906060605441e-06,10,76-125
19,41,117.0,0.009861613,-9.349336363636508e-06,10,76-125
19,42,116.0,0.009290034,-4.527423333333336e-05,10,76-125
19,43,115.0,0.008894098,-0.00010564377575757553,10,76-125
19,44,114.0,0.008994346,-0.00013880923636363617,10,76-125
19,45,113.0,0.009107959,-0.00014906601515151565,10,76-125
19,46,112.0,0.008980633,-0.00014863254848484882,10,76-125
19,47,111.0,0.008834837,-0.0001505858666666674,10,76-125
19,48,110.0,0.008723065,-0.00015044373939393935,10,76-125
19,49,109.0,0.008498646,-0.0001373902848484845,10,76-125
19,50,108.0,0.008742,-0.00010349849090909116,10,76-125
19,51,107.0,0.00867496,-6.290503030303036e-05,10,76-125
19,52,106.0,0.008620917,-4.898096363636418e-05,10,76-125
19,53,105.0,0.008589667,-5.504666666666705e-05,10,76-125
19,54,104.0,0.008650463,-4.74229515151517e-05,10,76-125
19,55,103.0,0.008653486,-2.789186666666648e-05,10,76-125
19,56,102.0,0.008713496,-8.067145454545526e-06,10,76-125
19,57,101.0,0.00857293,-2.391369696969977e-06,10,76-125
19,58,100.0,0.008345168,-1.3415812121212353e-05,10,76-125
19,59,99.0,0.008109889,-4.76543515151518e-05,10,76-125
19,60,98.0,0.008135975,-5.953421212121175e-05,10,76-125
19,61,97.0,0.008155213,-6.748830303030292e-05,10,76-125
19,62,96.0,0.008351206,-6.205476969696906e-05,10,76-125
19,63,95.0,0.0083672935,-5.455784545454601e-05,10,76-125
19,64,94.0,0.008811248,-1.609671818181803e-05,10,76-125
19,65,93.0,0.008852668,2.2876306060605874e-05,10,76-125
19,66,92.0,0.008929704,6.763763333333394e-05,10,76-125
19,67,91.0,0.009078906,0.00010854548181818188,10,76-125
19,68,90.0,0.009293646,0.00013984924545454525,10,76-125
19,69,89.0,0.009537994,0.0001572991121212119,10,76-125
19,70,88.0,0.009666604,0.00016619277272727272,10,76-125
19,71,87.0,0.009636807,0.00015619059696969723,10,76-125
19,72,86.0,0.009814657,0.00015099681515151506,10,76-125
19,73,85.0,0.009939344,0.00013593784242424208,10,76-125
19,74,84.0,0.009900698,0.00012931271515151542,10,76-125
19,75,83.0,0.009881616,0.00011120263030303016,10,76-125
19,76,82.0,0.010078339,9.64865272727272e-05,10,76-125
19,77,81.0,0.010213664,8.517573939393919e-05,10,76-125
19,78,80.0,0.010252801,7.656105454545478e-05,10,76-125
19,79,79.0,0.010501969,8.620109696969642e-05,10,76-125
19,80,78.0,0.010346651,8.425870303030333e-05,10,76-125
19,81,77.0,0.011160871,0.00011649884848484812,10,76-125
19,82,76.0,0.011100568,0.00013883290303030326,10,76-125
19,83,75.0,0.011372405,0.00016872009696969646,10,31-75
19,84,74.0,0.011262253,0.00017265216363636309,10,31-75
19,85,73.0,0.011392623,0.00016591949090909066,10,31-75
19,86,72.0,0.011226676,0.00014493479393939336,10,31-75
19,87,71.0,0.01117726,0.0001163571090909093,10,31-75
19,88,70.0,0.011138067,7.657080606060595e-05,10,31-75
19,89,69.0,0.011554761,6.539396969696911e-05,10,31-75
19,90,68.0,0.011388143,2.2013230303030333e-05,10,31-75
19,91,67.0,0.011398181,2.0837206060605977e-05,10,31-75
19,92,66.0,0.011039382,-6.806357575757655e-06,10,31-75
19,93,65.0,0.010973326,-1.9188860606060313e-05,10,31-75
19,94,64.0,0.010853399,-4.061898181818128e-05,10,31-75
19,95,63.0,0.0107763,-5.260736363636384e-05,10,31-75
19,96,62.0,0.010772662,-6.838673333333373e-05,10,31-75
19,97,61.0,0.011046146,-6.703999393939403e-05,10,31-75
19,98,60.0,0.010893299,-7.505396969696989e-05,10,31-75
19,99,59.0,0.010344667,-8.224684242424237e-05,10,31-75
19,100,58.0,0.01032174,-8.713033939393875e-05,10,31-75
19,101,57.0,0.010533,-6.689526666666751e-05,10,31-75
19,102,56.0,0.010485145,-6.270335757575736e-05,10,31-75
19,103,55.0,0.010432591,-5.906373939394003e-05,10,31-75
19,104,54.0,0.010677758,-4.3492145454545296e-05,10,31-75
19,105,53.0,0.010780389,-2.5333448484848634e-05,10,31-75
19,106,52.0,0.010869037,-2.6315030303034863e-06,10,31-75
19,107,51.0,0.010671881,2.6380563636363546e-05,10,31-75
19,108,50.0,0.010608061,4.625828484848462e-05,10,31-75
19,109,49.0,0.010432311,2.343160606060596e-05,10,31-75
19,110,48.0,0.010505018,1.9799454545457177e-06,10,31-75
19,111,47.0,0.009595864,-5.7199484848484473e-05,10,31-75
19,112,46.0,0.009753791,-9.959582424242438e-05,10,31-75
19,113,45.0,0.0098924795,-0.00012906603939393942,10,31-75
19,114,44.0,0.010314214,-0.0001126412818181813,10,31-75
19,115,43.0,0.010133701,-9.481402727272723e-05,10,31-75
19,116,42.0,0.010184563,-6.0463972727272605e-05,10,31-75
19,117,41.0,0.010250752,-2.735068787878769e-05,10,31-75
19,118,40.0,0.010293348,8.935942424242288e-06,10,31-75
19,119,39.0,0.01011781,2.7745809090910128e-05,10,31-75
19,120,38.0,0.01065713,8.463239696969674e-05,10,31-75
19,121,37.0,0.010731706,8.313271818181838e-05,10,31-75
19,122,36.0,0.011442064,0.00011714052424242392,10,31-75
19,123,35.0,0.01179957,0.0001594306424242426,10,31-75
19,124,34.0,0.011731189,0.00020299027272727198,10,31-75
19,125,33.0,0.012073814,0.00023602888484848452,10,31-75
19,126,32.0,0.011921519,0.00024063477575757495,10,31-75
19,127,31.0,0.011607656,0.00021147945454545313,10,31-75
19,128,30.0,0.011761629,0.00017711507272727176,10,0-30
19,129,29.0,0.011985666,0.00012547101212121242,10,0-30
19,130,28.0,0.012193106,9.845584848484809e-05,10,0-30
19,131,27.0,0.01193676,4.381201818181867e-05,10,0-30
19,132,26.0,0.012330639,4.340298181818216e-05,10,0-30
19,133,25.0,0.012291329,5.391289090909115e-05,10,0-30
19,134,24.0,0.012468436,6.356373333333212e-05,10,0-30
19,135,23.0,0.013045933,0.00011861975151515157,10,0-30
19,136,22.0,0.013412616,0.00017174039999999952,10,0-30
19,137,21.0,0.013815562,0.00020784181818181711,10,0-30
19,138,20.0,0.014527643,0.00026628638787878776,10,0-30
19,139,19.0,0.01566898,0.00036839406060606414,10,0-30
19,140,18.0,0.01595843,0.00045547301818181615,10,0-30
19,141,17.0,0.016174626,0.0004916144606060564,10,0-30
19,142,16.0,0.016473161,0.0005189301575757608,10,0-30
19,143,15.0,0.016983751,0.0005212631636363659,10,0-30
19,144,14.0,0.016786251,0.0004677527333333328,10,0-30
19,145,13.0,0.01690469,0.0004068652606060602,10,0-30
19,146,12.0,0.01789771,0.00037781523636363503,10,0-30
19,147,11.0,0.018373068,0.00034719212121212114,10,0-30
19,148,10.0,0.019362593,0.0003627726666666656,10,0-30
19,149,9.0,0.020234197,0.00044337892727272174,10,0-30
19,150,8.0,0.020800877,0.0005188557090909102,10,0-30
19,151,7.0,0.021869473,0.0006083362848484918,10,0-30
19,152,6.0,0.021857966,0.0006480630909090958,10,0-30
19,153,5.0,0.022858089,0.0007111110303030277,10,0-30
19,154,4.0,0.024004752,0.0007523334606060609,10,0-30
19,155,3.0,0.024942752,0.0007651184787878815,10,0-30
19,156,2.0,0.026000911,0.0008043915393939417,10,0-30
19,157,1.0,0.0273853,0.0008526466424242353,10,0-30
19,158,0.0,0.028489469,0.0009178583030303037,10,0-30
23,39,129.0,0.010997622,3.216693939393926e-05,10,RUL > 125
23,40,128.0,0.010973013,4.5544066666666683e-05,10,RUL > 125
23,41,127.0,0.010609294,3.175216969696985e-05,10,RUL > 125
23,42,126.0,0.01032512,1.1857696969696612e-06,10,RUL > 125
23,43,125.0,0.010475813,-2.866993939393929e-06,10,76-125
23,44,124.0,0.010655968,-1.0327151515151233e-05,10,76-125
23,45,123.0,0.010828152,-5.799472727273034e-06,10,76-125
23,46,122.0,0.010617899,-6.606012121212351e-06,10,76-125
23,47,121.0,0.010457307,-3.565836969697034e-05,10,76-125
23,48,120.0,0.0103998,-4.398826666666652e-05,10,76-125
23,49,119.0,0.01061074,-2.101538181818179e-05,10,76-125
23,50,118.0,0.010680677,8.821127272727326e-06,10,76-125
23,51,117.0,0.010664587,1.7075533333333204e-05,10,76-125
23,52,116.0,0.0105968835,2.021869696969626e-06,10,76-125
23,53,115.0,0.011151173,2.3954275757575602e-05,10,76-125
23,54,114.0,0.010960124,3.92899787878789e-05,10,76-125
23,55,113.0,0.011296738,8.077863939393957e-05,10,76-125
23,56,112.0,0.011448758,0.00011086260303030254,10,76-125
23,57,111.0,0.011328452,0.00011360726969696975,10,76-125
23,58,110.0,0.0111868465,9.423486666666665e-05,10,76-125
23,59,109.0,0.010802378,5.841416363636338e-05,10,76-125
23,60,108.0,0.0107380245,2.142285151515171e-05,10,76-125
23,61,107.0,0.010852896,-1.1070530303030086e-05,10,76-125
23,62,106.0,0.010848273,-5.061217575757531e-05,10,76-125
23,63,105.0,0.010710708,-6.375187878787955e-05,10,76-125
23,64,104.0,0.010643944,-8.793088484848544e-05,10,76-125
23,65,103.0,0.010447647,-9.654358181818181e-05,10,76-125
23,66,102.0,0.010620143,-7.532072727272774e-05,10,76-125
23,67,101.0,0.010708448,-4.725781818181854e-05,10,76-125
23,68,100.0,0.0106085185,-2.657077575757591e-05,10,76-125
23,69,99.0,0.010299054,-4.138481212121186e-05,10,76-125
23,70,98.0,0.010245877,-5.728874848484819e-05,10,76-125
23,71,97.0,0.010324498,-5.5280742424242166e-05,10,76-125
23,72,96.0,0.010373225,-4.451827575757537e-05,10,76-125
23,73,95.0,0.010545233,-2.7786396969697353e-05,10,76-125
23,74,94.0,0.010456867,-1.8319657575757956e-05,10,76-125
23,75,93.0,0.010170508,-3.529136666666619e-05,10,76-125
23,76,92.0,0.010451135,-2.209715454545472e-05,10,76-125
23,77,91.0,0.010562529,5.108675757575745e-06,10,76-125
23,78,90.0,0.010554693,2.6993836363636304e-05,10,76-125
23,79,89.0,0.010247308,1.2134006060606125e-05,10,76-125
23,80,88.0,0.010126538,-1.2231187878788399e-05,10,76-125
23,81,87.0,0.010339088,-1.831481212121191e-05,10,76-125
23,82,86.0,0.010256332,-2.584078181818174e-05,10,76-125
23,83,85.0,0.009839656,-4.3210448484847846e-05,10,76-125
23,84,84.0,0.009725342,-6.41540424242422e-05,10,76-125
23,85,83.0,0.009364495,-0.0001150038303030305,10,76-125
23,86,82.0,0.009623337,-0.0001232566424242416,10,76-125
23,87,81.0,0.009670239,-0.00011149098181818162,10,76-125
23,88,80.0,0.009641,-9.102693939393931e-05,10,76-125
23,89,79.0,0.009737824,-7.469885454545463e-05,10,76-125
23,90,78.0,0.009769374,-5.8525630303030295e-05,10,76-125
23,91,77.0,0.009522216,-3.7334490909091344e-05,10,76-125
23,92,76.0,0.009315672,-2.3024975757575754e-05,10,76-125
23,93,75.0,0.009365527,-2.2372557575757638e-05,10,31-75
23,94,74.0,0.009272576,-2.8664109090908885e-05,10,31-75
23,95,73.0,0.00940611,-4.624038181818201e-05,10,31-75
23,96,72.0,0.009220949,-5.716463636363657e-05,10,31-75
23,97,71.0,0.009209965,-6.068378787878788e-05,10,31-75
23,98,70.0,0.009048072,-6.940365454545455e-05,10,31-75
23,99,69.0,0.009200451,-5.6170000000000074e-05,10,31-75
23,100,68.0,0.00941355,-2.269581818181799e-05,10,31-75
23,101,67.0,0.009475072,1.9699272727269184e-06,10,31-75
23,102,66.0,0.009820788,3.229475151515143e-05,10,31-75
23,103,65.0,0.009643339,5.01415878787882e-05,10,31-75
23,104,64.0,0.009566228,5.4218218181818134e-05,10,31-75
23,105,63.0,0.009933162,8.365227878787956e-05,10,31-75
23,106,62.0,0.009857749,9.024032727272683e-05,10,31-75
23,107,61.0,0.0102601005,0.00011032376666666672,10,31-75
23,108,60.0,0.010197189,0.00010345388787878731,10,31-75
23,109,59.0,0.010067488,8.573931818181766e-05,10,31-75
23,110,58.0,0.009886167,6.183157272727274e-05,10,31-75
23,111,57.0,0.009667177,2.4351693939394094e-05,10,31-75
23,112,56.0,0.009694025,9.05543939393927e-06,10,31-75
23,113,55.0,0.009711243,-1.5595063636363468e-05,10,31-75
23,114,54.0,0.010014845,-2.9649269696969523e-05,10,31-75
23,115,53.0,0.010113596,-1.9292572727273153e-05,10,31-75
23,116,52.0,0.009934639,-2.5911778787879186e-05,10,31-75
23,117,51.0,0.010021834,-1.8834606060605132e-06,10,31-75
23,118,50.0,0.0100860065,2.4339154545454127e-05,10,31-75
23,119,49.0,0.009947347,3.569945757575777e-05,10,31-75
23,120,48.0,0.010087599,4.40780575757577e-05,10,31-75
23,121,47.0,0.010078992,3.494625151515155e-05,10,31-75
23,122,46.0,0.010608237,5.148052424242412e-05,10,31-75
23,123,45.0,0.010493885,5.1843924242424196e-05,10,31-75
23,124,44.0,0.010493402,6.293454242424192e-05,10,31-75
23,125,43.0,0.0105440775,7.757198787878792e-05,10,31-75
23,126,42.0,0.010555277,7.567189090909038e-05,10,31-75
23,127,41.0,0.010226902,5.4150545454545126e-05,10,31-75
23,128,40.0,0.010372078,4.2340384848484885e-05,10,31-75
23,129,39.0,0.010539054,2.6926506060605922e-05,10,31-75
23,130,38.0,0.0106633175,2.0468563636363878e-05,10,31-75
23,131,37.0,0.01089135,1.8896551515151402e-05,10,31-75
23,132,36.0,0.010942028,4.5525030303030385e-05,10,31-75
23,133,35.0,0.011043815,6.603610909090896e-05,10,31-75
23,134,34.0,0.010764707,6.462509696969623e-05,10,31-75
23,135,33.0,0.0102936495,3.760986060606049e-05,10,31-75
23,136,32.0,0.010396097,1.9964793939394155e-05,10,31-75
23,137,31.0,0.01046701,-1.3774503030302509e-05,10,31-75
23,138,30.0,0.0104873385,-3.96369727272725e-05,10,0-30
23,139,29.0,0.010531582,-5.335152424242549e-05,10,0-30
23,140,28.0,0.010702237,-4.9382818181818373e-05,10,0-30
23,141,27.0,0.010882255,-2.086453333333341e-05,10,0-30
23,142,26.0,0.011067122,2.1226181818182448e-05,10,0-30
23,143,25.0,0.011222914,7.708415151515193e-05,10,0-30
23,144,24.0,0.010953718,9.748060606060593e-05,10,0-30
23,145,23.0,0.011028124,8.824069393939398e-05,10,0-30
23,146,22.0,0.01135955,9.500567575757518e-05,10,0-30
23,147,21.0,0.011473236,0.00010102102727272735,10,0-30
23,148,20.0,0.011363792,9.022526060606037e-05,10,0-30
23,149,19.0,0.011494875,7.890536363636296e-05,10,0-30
23,150,18.0,0.011800358,8.39488969696968e-05,10,0-30
23,151,17.0,0.012008717,9.904810909091008e-05,10,0-30
23,152,16.0,0.011905653,0.00010719603030303137,10,0-30
23,153,15.0,0.012361197,0.0001404139272727274,10,0-30
23,154,14.0,0.012603346,0.00015509618181818173,10,0-30
23,155,13.0,0.012420212,0.00014475421818181864,10,0-30
23,156,12.0,0.012567041,0.00014764238181818242,10,0-30
23,157,11.0,0.0132938735,0.0001831187666666649,10,0-30
23,158,10.0,0.01406267,0.00023116490606060584,10,0-30
23,159,9.0,0.015202595,0.0003174139666666678,10,0-30
23,160,8.0,0.015942076,0.00041942182727272543,10,0-30
23,161,7.0,0.016497206,0.0005153974636363637,10,0-30
23,162,6.0,0.017464098,0.0006028358030303023,10,0-30
23,163,5.0,0.017875934,0.000675732433333333,10,0-30
23,164,4.0,0.019065835,0.0007628307242424253,10,0-30
23,165,3.0,0.02000161,0.0008104291545454527,10,0-30
23,166,2.0,0.020830467,0.0008211308333333352,10,0-30
23,167,1.0,0.02202028,0.0008450241636363615,10,0-30
23,168,0.0,0.023507169,0.0008954990060606063,10,0-30
31,39,195.0,0.010190678,1.4620709090908768e-05,10,RUL > 125
31,40,194.0,0.009889817,-1.1514206060606267e-05,10,RUL > 125
31,41,193.0,0.010000194,-2.618673333333309e-05,10,RUL > 125
31,42,192.0,0.0101282615,-2.8831669696969638e-05,10,RUL > 125
31,43,191.0,0.01022635,-1.7228778787878663e-05,10,RUL > 125
31,44,190.0,0.010293648,-1.868776060606038e-05,10,RUL > 125
31,45,189.0,0.01044277,-7.812209090909152e-06,10,RUL > 125
31,46,188.0,0.010640844,2.4637172727273085e-05,10,RUL > 125
31,47,187.0,0.010723112,6.187865151515127e-05,10,RUL > 125
31,48,186.0,0.010562329,8.11636212121215e-05,10,RUL > 125
31,49,185.0,0.010729002,9.608767575757562e-05,10,RUL > 125
31,50,184.0,0.010620093,7.848870000000018e-05,10,RUL > 125
31,51,183.0,0.010493392,5.248539696969717e-05,10,RUL > 125
31,52,182.0,0.010703666,4.051126060606038e-05,10,RUL > 125
31,53,181.0,0.010774844,3.1984193939393595e-05,10,RUL > 125
31,54,180.0,0.0108166,2.3572848484848256e-05,10,RUL > 125
31,55,179.0,0.010840872,2.0088084848484726e-05,10,RUL > 125
31,56,178.0,0.010600892,1.1892957575757629e-05,10,RUL > 125
31,57,177.0,0.010566257,7.777448484848905e-06,10,RUL > 125
31,58,176.0,0.010492076,-9.20189090909099e-06,10,RUL > 125
31,59,175.0,0.010304079,-2.4472527272727347e-05,10,RUL > 125
31,60,174.0,0.010040533,-5.6228418181817914e-05,10,RUL > 125
31,61,173.0,0.009984471,-9.246399999999981e-05,10,RUL > 125
31,62,172.0,0.009935933,-0.00011116010303030228,10,RUL > 125
31,63,171.0,0.010006131,-0.00011197616969697048,10,RUL > 125
31,64,170.0,0.010180961,-9.115458787878827e-05,10,RUL > 125
31,65,169.0,0.009943512,-7.396192121212123e-05,10,RUL > 125
31,66,168.0,0.009865066,-6.616970303030346e-05,10,RUL > 125
31,67,167.0,0.009696602,-6.0956327272727416e-05,10,RUL > 125
31,68,166.0,0.010033746,-3.175740606060662e-05,10,RUL > 125
31,69,165.0,0.010166016,-2.32137575757617e-06,10,RUL > 125
31,70,164.0,0.010117156,8.553321212121125e-06,10,RUL > 125
31,71,163.0,0.010540024,3.782731515151547e-05,10,RUL > 125
31,72,162.0,0.010504221,5.517857575757585e-05,10,RUL > 125
31,73,161.0,0.01035714,6.229876363636342e-05,10,RUL > 125
31,74,160.0,0.0102018025,6.834667575757585e-05,10,RUL > 125
31,75,159.0,0.010532368,7.634287575757572e-05,10,RUL > 125
31,76,158.0,0.010410243,6.531033030303026e-05,10,RUL > 125
31,77,157.0,0.010420344,3.698960909090952e-05,10,RUL > 125
31,78,156.0,0.010288069,1.5157524242424139e-05,10,RUL > 125
31,79,155.0,0.009840897,-2.5330463636363842e-05,10,RUL > 125
31,80,154.0,0.009817989,-6.638447575757665e-05,10,RUL > 125
31,81,153.0,0.009894977,-7.142167575757574e-05,10,RUL > 125
31,82,152.0,0.009786506,-7.6943590909091e-05,10,RUL > 125
31,83,151.0,0.009703985,-8.807247575757508e-05,10,RUL > 125
31,84,150.0,0.009714218,-0.00010108199999999994,10,RUL > 125
31,85,149.0,0.009589104,-9.2968109090909e-05,10,RUL > 125
31,86,148.0,0.009653691,-7.803945454545414e-05,10,RUL > 125
31,87,147.0,0.009438194,-6.502145454545427e-05,10,RUL > 125
31,88,146.0,0.009483154,-4.64645757575754e-05,10,RUL > 125
31,89,145.0,0.009538958,-4.491876363636366e-05,10,RUL > 125
31,90,144.0,0.009629288,-3.6313193939393654e-05,10,RUL > 125
31,91,143.0,0.009817725,-1.0009424242424462e-05,10,RUL > 125
31,92,142.0,0.010191824,3.040473333333333e-05,10,RUL > 125
31,93,141.0,0.010172211,5.9334745454545285e-05,10,RUL > 125
31,94,140.0,0.010049592,7.658318181818206e-05,10,RUL > 125
31,95,139.0,0.010094611,8.388112727272765e-05,10,RUL > 125
31,96,138.0,0.010351461,0.00010336751515151514,10,RUL > 125
31,97,137.0,0.010215624,9.26203272727274e-05,10,RUL > 125
31,98,136.0,0.009881994,5.7249078787878545e-05,10,RUL > 125
31,99,135.0,0.009835781,1.824296363636374e-05,10,RUL > 125
31,100,134.0,0.009811234,-1.9677933333332446e-05,10,RUL > 125
31,101,133.0,0.009462168,-6.628173333333424e-05,10,RUL > 125
31,102,132.0,0.0094508575,-8.425275454545409e-05,10,RUL > 125
31,103,131.0,0.009234712,-0.00010633965151515235,10,RUL > 125
31,104,130.0,0.009317232,-0.00012073643333333305,10,RUL > 125
31,105,129.0,0.00897718,-0.00014180314848484868,10,RUL > 125
31,106,128.0,0.009107045,-0.00012511836666666634,10,RUL > 125
31,107,127.0,0.009022744,-0.00010700379090909033,10,RUL > 125
31,108,126.0,0.009155144,-8.945024545454461e-05,10,RUL > 125
31,109,125.0,0.009293167,-5.8638736363635944e-05,10,76-125
31,110,124.0,0.009332146,-2.0760427272727322e-05,10,76-125
31,111,123.0,0.009258297,-4.374184848484761e-06,10,76-125
31,112,122.0,0.009045079,2.0991151515150023e-06,10,76-125
31,113,121.0,0.009226198,8.960460606060516e-06,10,76-125
31,114,120.0,0.009415446,3.1748957575757764e-05,10,76-125
31,115,119.0,0.009639152,4.2878993939393747e-05,10,76-125
31,116,118.0,0.009764553,6.148284848484843e-05,10,76-125
31,117,117.0,0.009635769,5.947226060606096e-05,10,76-125
31,118,116.0,0.009506794,5.182273333333332e-05,10,76-125
31,119,115.0,0.009804588,6.535562424242504e-05,10,76-125
31,120,114.0,0.009801346,7.511123636363635e-05,10,76-125
31,121,113.0,0.009861447,7.75345454545455e-05,10,76-125
31,122,112.0,0.009780054,5.399279393939413e-05,10,76-125
31,123,111.0,0.009774744,3.332721818181873e-05,10,76-125
31,124,110.0,0.00975142,1.7356915151514967e-05,10,76-125
31,125,109.0,0.010009227,2.6290133333333243e-05,10,76-125
31,126,108.0,0.010130966,4.5737969696969395e-05,10,76-125
31,127,107.0,0.01033236,6.314396363636341e-05,10,76-125
31,128,106.0,0.010430589,6.886604242424185e-05,10,76-125
31,129,105.0,0.010410402,8.214243030303097e-05,10,76-125
31,130,104.0,0.01025807,7.955046666666611e-05,10,76-125
31,131,103.0,0.010329355,7.931746060605986e-05,10,76-125
31,132,102.0,0.010311549,6.70154060606063e-05,10,76-125
31,133,101.0,0.010276471,4.600364242424297e-05,10,76-125
31,134,100.0,0.01031718,1.9575896969697324e-05,10,76-125
31,135,99.0,0.0106752245,2.300728787878769e-05,10,76-125
31,136,98.0,0.010841133,3.553146969696961e-05,10,76-125
31,137,97.0,0.011084278,6.613628787878755e-05,10,76-125
31,138,96.0,0.010948854,8.678878484848485e-05,10,76-125
31,139,95.0,0.010983015,0.00010167680909090989,10,76-125
31,140,94.0,0.01121002,0.00011185069393939342,10,76-125
31,141,93.0,0.011529057,0.00013264014242424176,10,76-125
31,142,92.0,0.011340936,0.00012743953636363674,10,76-125
31,143,91.0,0.0110170385,8.975584242424257e-05,10,76-125
31,144,90.0,0.010680744,2.746616969696966e-05,10,76-125
31,145,89.0,0.010578996,-2.091059696969669e-05,10,76-125
31,146,88.0,0.010351729,-6.945677272727227e-05,10,76-125
31,147,87.0,0.01064352,-7.994523939394012e-05,10,76-125
31,148,86.0,0.01083288,-8.379072424242418e-05,10,76-125
31,149,85.0,0.010752725,-8.83251545454532e-05,10,76-125
31,150,84.0,0.010304496,-9.938337878787988e-05,10,76-125
31,151,83.0,0.010247944,-8.12810757575755e-05,10,76-125
31,152,82.0,0.00994332,-7.680738484848554e-05,10,76-125
31,153,81.0,0.009817741,-8.383582424242324e-05,10,76-125
31,154,80.0,0.009726579,-0.00010371943030303058,10,76-125
31,155,79.0,0.00949238,-0.00013159509090909156,10,76-125
31,156,78.0,0.009245132,-0.0001749370363636374,10,76-125
31,157,77.0,0.009369301,-0.00017864009696969574,10,76-125
31,158,76.0,0.009362455,-0.00015464749696969754,10,76-125
31,159,75.0,0.009359993,-0.00011830952121212177,10,31-75
31,160,74.0,0.009457945,-8.962904242424168e-05,10,31-75
31,161,73.0,0.009553854,-4.922607272727252e-05,10,31-75
31,162,72.0,0.009752534,-9.881066666667144e-06,10,31-75
31,163,71.0,0.009673564,1.9097109090908697e-05,10,31-75
31,164,70.0,0.0096243,4.10582909090909e-05,10,31-75
31,165,69.0,0.009301723,3.105084242424252e-05,10,31-75
31,166,68.0,0.009288507,6.150315151514838e-06,10,31-75
31,167,67.0,0.010084588,3.2424563636363514e-05,10,31-75
31,168,66.0,0.010187721,5.5197703030302946e-05,10,31-75
31,169,65.0,0.010483929,8.396028484848444e-05,10,31-75
31,170,64.0,0.010552783,0.00010938520606060491,10,31-75
31,171,63.0,0.010242958,0.00011103375151515255,10,31-75
31,172,62.0,0.010704958,0.00014277485454545293,10,31-75
31,173,61.0,0.010680441,0.000156369466666667,10,31-75
31,174,60.0,0.010500538,0.00014466235151515264,10,31-75
31,175,59.0,0.010697033,0.00011154694545454573,10,31-75
31,176,58.0,0.0112640485,9.156574242424203e-05,10,31-75
31,177,57.0,0.011438433,0.00011022253030303043,10,31-75
31,178,56.0,0.011551655,0.00012552035454545292,10,31-75
31,179,55.0,0.011444866,0.00013820799090908984,10,31-75
31,180,54.0,0.011319869,0.00013702015454545373,10,31-75
31,181,53.0,0.011488385,0.00011507108787878717,10,31-75
31,182,52.0,0.011736502,0.00012235959090909203,10,31-75
31,183,51.0,0.01168677,0.00011279740909090912,10,31-75
31,184,50.0,0.011705585,8.007003939393947e-05,10,31-75
31,185,49.0,0.011843193,5.3341596969697074e-05,10,31-75
31,186,48.0,0.011980216,5.799532121212113e-05,10,31-75
31,187,47.0,0.012200692,7.761982424242372e-05,10,31-75
31,188,46.0,0.012705501,0.0001230879939393927,10,31-75
31,189,45.0,0.013074283,0.00016756626666666796,10,31-75
31,190,44.0,0.013067975,0.00018361682424242442,10,31-75
31,191,43.0,0.0128466515,0.00017764042727272638,10,31-75
31,192,42.0,0.012476702,0.00015156226363636385,10,31-75
31,193,41.0,0.012630002,0.00012155833030303024,10,31-75
31,194,40.0,0.012448405,7.147032424242408e-05,10,31-75
31,195,39.0,0.012203918,8.216651515151628e-06,10,31-75
31,196,38.0,0.012256445,-4.7409469696970153e-05,10,31-75
31,197,37.0,0.011958197,-0.00010795349393939564,10,31-75
31,198,36.0,0.011734309,-0.0001441163242424236,10,31-75
31,199,35.0,0.011712785,-0.00014509569999999987,10,31-75
31,200,34.0,0.012003374,-0.00011414229393939475,10,31-75
31,201,33.0,0.012568736,-5.420160606060514e-05,10,31-75
31,202,32.0,0.012514755,-1.849996363636352e-05,10,31-75
31,203,31.0,0.012645668,3.410113939393999e-05,10,31-75
31,204,30.0,0.012445627,6.349455757575807e-05,10,0-30
31,205,29.0,0.012829251,9.754746060606106e-05,10,0-30
31,206,28.0,0.012967554,0.00013506616969697138,10,0-30
31,207,27.0,0.0130562885,0.0001489222393939404,10,0-30
31,208,26.0,0.013152699,0.0001398009969696973,10,0-30
31,209,25.0,0.012964492,0.00010178637878787866,10,0-30
31,210,24.0,0.013155694,7.840135454545316e-05,10,0-30
31,211,23.0,0.0141191725,0.0001312929878787884,10,0-30
31,212,22.0,0.014106834,0.00016111970909090965,10,0-30
31,213,21.0,0.013831238,0.00016534352727272606,10,0-30
31,214,20.0,0.013928647,0.00014717395151515167,10,0-30
31,215,19.0,0.014421288,0.00016347463636363801,10,0-30
31,216,18.0,0.014222799,0.0001588714303030284,10,0-30
31,217,17.0,0.014215443,0.00014456753030303,10,0-30
31,218,16.0,0.014632299,0.00014537823939393907,10,0-30
31,219,15.0,0.014815767,0.00012571461515151495,10,0-30
31,220,14.0,0.015104319,0.00011209729393939308,10,0-30
31,221,13.0,0.016006654,0.00018831044848484913,10,0-30
31,222,12.0,0.0154226385,0.00020896708181818353,10,0-30
31,223,11.0,0.016046368,0.00022932311212120961,10,0-30
31,224,10.0,0.01668302,0.00026404948787878417,10,0-30
31,225,9.0,0.016873255,0.00030860871212120953,10,0-30
31,226,8.0,0.01757805,0.0003486578878787888,10,0-30
31,227,7.0,0.017997595,0.0003704312272727269,10,0-30
31,228,6.0,0.018492516,0.00040114639090908295,10,0-30
31,229,5.0,0.01971729,0.0004641081000000003,10,0-30
31,230,4.0,0.020609206,0.000535544172727271,10,0-30
31,231,3.0,0.021514062,0.0006497657909091013,10,0-30
31,232,2.0,0.022231383,0.0006974231818181779,10,0-30
31,233,1.0,0.02301549,0.0007469017757575766,10,0-30
31,234,0.0,0.024516841,0.0008362415030303092,10,0-30
32,39,152.0,0.010854265,0.0001122987181818182,10,RUL > 125
32,40,151.0,0.010792278,0.00011552759393939348,10,RUL > 125
32,41,150.0,0.010640821,9.73636303030304e-05,10,RUL > 125
32,42,149.0,0.010716038,8.190509696969734e-05,10,RUL > 125
32,43,148.0,0.010720386,7.404415151515148e-05,10,RUL > 125
32,44,147.0,0.010766735,4.7881836363636595e-05,10,RUL > 125
32,45,146.0,0.010763918,1.5520769696969464e-05,10,RUL > 125
32,46,145.0,0.0107197715,9.198936363636234e-06,10,RUL > 125
32,47,144.0,0.01065266,-4.72124545454568e-06,10,RUL > 125
32,48,143.0,0.010646696,-1.3701245454545386e-05,10,RUL > 125
32,49,142.0,0.010637853,-1.0122730303030364e-05,10,RUL > 125
32,50,141.0,0.010465693,-1.744405151515181e-05,10,RUL > 125
32,51,140.0,0.009820245,-6.611015454545464e-05,10,RUL > 125
32,52,139.0,0.009694411,-0.00010667908787878831,10,RUL > 125
32,53,138.0,0.0098139495,-0.00012805451515151585,10,RUL > 125
32,54,137.0,0.009756726,-0.00013847418181818223,10,RUL > 125
32,55,136.0,0.009861693,-0.00013111364242424236,10,RUL > 125
32,56,135.0,0.009478094,-0.00013668372424242362,10,RUL > 125
32,57,134.0,0.009306391,-0.0001410428878787875,10,RUL > 125
32,58,133.0,0.009218838,-0.00013425685757575804,10,RUL > 125
32,59,132.0,0.009549302,-9.272768181818186e-05,10,RUL > 125
32,60,131.0,0.009328648,-6.15169545454543e-05,10,RUL > 125
32,61,130.0,0.009458789,-5.2455130303029805e-05,10,RUL > 125
32,62,129.0,0.009398611,-5.0683390909090304e-05,10,RUL > 125
32,63,128.0,0.009263053,-4.475103636363657e-05,10,RUL > 125
32,64,127.0,0.0094678765,-2.478385757575763e-05,10,RUL > 125
32,65,126.0,0.009702816,1.8497209090908954e-05,10,RUL > 125
32,66,125.0,0.009400975,2.1666736363635878e-05,10,76-125
32,67,124.0,0.009388269,1.3631118181817933e-05,10,76-125
32,68,123.0,0.009377308,-1.83170000000057e-06,10,76-125
32,69,122.0,0.009189379,-7.43510606060605e-06,10,76-125
32,70,121.0,0.009223888,-2.1503766666666798e-05,10,76-125
32,71,120.0,0.00947587,-1.188206969696936e-05,10,76-125
32,72,119.0,0.009842734,1.3531481818182096e-05,10,76-125
32,73,118.0,0.009803563,2.238792424242391e-05,10,76-125
32,74,117.0,0.009739786,3.486888484848497e-05,10,76-125
32,75,116.0,0.009812219,6.366749696969687e-05,10,76-125
32,76,115.0,0.009950374,7.855300606060608e-05,10,76-125
32,77,114.0,0.009810018,7.827628484848438e-05,10,76-125
32,78,113.0,0.010015305,8.335419393939397e-05,10,76-125
32,79,112.0,0.009961866,6.525535151515131e-05,10,76-125
32,80,111.0,0.009879894,3.5622430303029806e-05,10,76-125
32,81,110.0,0.010016705,2.22991393939393e-05,10,76-125
32,82,109.0,0.01004925,2.865305454545483e-05,10,76-125
32,83,108.0,0.009778447,1.5121272727273077e-05,10,76-125
32,84,107.0,0.009958896,7.484799999999886e-06,10,76-125
32,85,106.0,0.009911381,-5.70412121212331e-07,10,76-125
32,86,105.0,0.009896353,-1.436963636363493e-06,10,76-125
32,87,104.0,0.009916358,-9.914599999999539e-06,10,76-125
32,88,103.0,0.0102039855,9.693366666666537e-06,10,76-125
32,89,102.0,0.010107445,1.8185851515151758e-05,10,76-125
32,90,101.0,0.010383974,3.4532342424242465e-05,10,76-125
32,91,100.0,0.010305178,4.959154242424222e-05,10,76-125
32,92,99.0,0.010321171,6.419611212121221e-05,10,76-125
32,93,98.0,0.010620573,7.378215454545467e-05,10,76-125
32,94,97.0,0.010388049,7.250741515151534e-05,10,76-125
32,95,96.0,0.01011854,4.8162663636363586e-05,10,76-125
32,96,95.0,0.009954042,1.1332409090908766e-05,10,76-125
32,97,94.0,0.009881456,-2.8822675757576164e-05,10,76-125
32,98,93.0,0.009871969,-4.989701212121276e-05,10,76-125
32,99,92.0,0.009806363,-7.696144848484826e-05,10,76-125
32,100,91.0,0.00961639,-9.23033030303023e-05,10,76-125
32,101,90.0,0.009432112,-0.00011364570303030441,10,76-125
32,102,89.0,0.009102535,-0.00014131621212121206,10,76-125
32,103,88.0,0.009188619,-0.00012955975151515204,10,76-125
32,104,87.0,0.009300448,-0.00010984810909090936,10,76-125
32,105,86.0,0.009276059,-9.625100000000027e-05,10,76-125
32,106,85.0,0.009105202,-9.272800606060602e-05,10,76-125
32,107,84.0,0.009172773,-8.006941818181795e-05,10,76-125
32,108,83.0,0.009287024,-5.322132727272707e-05,10,76-125
32,109,82.0,0.009434313,-1.562278181818195e-05,10,76-125
32,110,81.0,0.009419748,1.3026139393939065e-05,10,76-125
32,111,80.0,0.009581588,4.0601036363636196e-05,10,76-125
32,112,79.0,0.009412858,3.5188848484848444e-05,10,76-125
32,113,78.0,0.0092163365,2.103474848484889e-05,10,76-125
32,114,77.0,0.009111144,8.262172727273195e-06,10,76-125
32,115,76.0,0.009101053,-4.392160606061129e-06,10,76-125
32,116,75.0,0.009164315,-2.2865021212121115e-05,10,31-75
32,117,74.0,0.009233963,-3.375068787878818e-05,10,31-75
32,118,73.0,0.009387206,-2.940260909090936e-05,10,31-75
32,119,72.0,0.009188554,-2.728515454545512e-05,10,31-75
32,120,71.0,0.0089702755,-3.506590303030272e-05,10,31-75
32,121,70.0,0.009273232,-1.0084266666666756e-05,10,31-75
32,122,69.0,0.00898864,-8.136848484848147e-06,10,31-75
32,123,68.0,0.008796906,-2.4607045454545113e-05,10,31-75
32,124,67.0,0.008871268,-3.89499606060606e-05,10,31-75
32,125,66.0,0.008931656,-4.7764130303029995e-05,10,31-75
32,126,65.0,0.008906227,-5.169457272727292e-05,10,31-75
32,127,64.0,0.009093742,-3.7625384848484914e-05,10,31-75
32,128,63.0,0.008979001,-1.7898948484848364e-05,10,31-75
32,129,62.0,0.008803193,-1.605756666666673e-05,10,31-75
32,130,61.0,0.008867372,-2.0596369696969694e-05,10,31-75
32,131,60.0,0.009079192,7.863060606060497e-06,10,31-75
32,132,59.0,0.009075811,1.9517272727272653e-05,10,31-75
32,133,58.0,0.0092249485,2.5467372727273137e-05,10,31-75
32,134,57.0,0.009635681,5.3590136363635526e-05,10,31-75
32,135,56.0,0.009801143,8.549835454545445e-05,10,31-75
32,136,55.0,0.010229258,0.00012852379696969644,10,31-75
32,137,54.0,0.010133657,0.00016279889999999957,10,31-75
32,138,53.0,0.010038378,0.00017162253636363633,10,31-75
32,139,52.0,0.00972474,0.0001387771787878798,10,31-75
32,140,51.0,0.009619361,9.329220909090908e-05,10,31-75
32,141,50.0,0.0094884755,4.567434545454573e-05,10,31-75
32,142,49.0,0.010095587,2.5985242424242067e-05,10,31-75
32,143,48.0,0.010587002,3.06821727272721e-05,10,31-75
32,144,47.0,0.010712582,5.310134848484853e-05,10,31-75
32,145,46.0,0.010947393,8.630585151515089e-05,10,31-75
32,146,45.0,0.011053485,0.00013994425151515031,10,31-75
32,147,44.0,0.010987021,0.00017359331212121274,10,31-75
32,148,43.0,0.010647006,0.00017200036060606056,10,31-75
32,149,42.0,0.010757088,0.00014812537272727196,10,31-75
32,150,41.0,0.010724556,0.00010293733636363552,10,31-75
32,151,40.0,0.010404291,1.81582969696957e-05,10,31-75
32,152,39.0,0.010446239,-3.4959363636363956e-05,10,31-75
32,153,38.0,0.010612926,-5.0474333333332865e-05,10,31-75
32,154,37.0,0.010714354,-5.239909696969713e-05,10,31-75
32,155,36.0,0.010876538,-2.9844872727272534e-05,10,31-75
32,156,35.0,0.010741585,-6.720072727272716e-06,10,31-75
32,157,34.0,0.010617861,9.005818181817742e-06,10,31-75
32,158,33.0,0.010994014,2.70561454545452e-05,10,31-75
32,159,32.0,0.011732354,8.851220606060679e-05,10,31-75
32,160,31.0,0.011873236,0.00014366253333333298,10,31-75
32,161,30.0,0.01270995,0.00020917741212121197,10,0-30
32,162,29.0,0.013264898,0.00027981133333333303,10,0-30
32,163,28.0,0.013755704,0.0003541633939393941,10,0-30
32,164,27.0,0.01353357,0.0003850666424242431,10,0-30
32,165,26.0,0.013711132,0.0004022950424242417,10,0-30
32,166,25.0,0.013890298,0.0003859405515151524,10,0-30
32,167,24.0,0.01463266,0.0003636640484848478,10,0-30
32,168,23.0,0.01496584,0.00033597363636363647,10,0-30
32,169,22.0,0.015700392,0.00034942901818181733,10,0-30
32,170,21.0,0.016365845,0.00036047653939393656,10,0-30
32,171,20.0,0.016822519,0.0003977586181818214,10,0-30
32,172,19.0,0.016687084,0.0004148005454545414,10,0-30
32,173,18.0,0.017204717,0.0004513163575757588,10,0-30
32,174,17.0,0.017843943,0.0004660838909090958,10,0-30
32,175,16.0,0.018175803,0.00045854339999999916,10,0-30
32,176,15.0,0.018861871,0.0004462519757575749,10,0-30
32,177,14.0,0.019843837,0.00047675164242424214,10,0-30
32,178,13.0,0.021234553,0.0005421547636363574,10,0-30
32,179,12.0,0.022551125,0.000652356636363632,10,0-30
32,180,11.0,0.023641245,0.00078334394545454,10,0-30
32,181,10.0,0.025203662,0.0009418122666666599,10,0-30
32,182,9.0,0.02587383,0.001026216593939408,10,0-30
32,183,8.0,0.026652608,0.0010762540909091006,10,0-30
32,184,7.0,0.028587738,0.0011599393090909033,10,0-30
32,185,6.0,0.030191703,0.0012230097090909062,10,0-30
32,186,5.0,0.03144679,0.0012546299939393947,10,0-30
32,187,4.0,0.03345452,0.0013086827515151449,10,0-30
32,188,3.0,0.034308255,0.0013370392969696864,10,0-30
32,189,2.0,0.03575639,0.0013736873757575884,10,0-30
32,190,1.0,0.037648454,0.0014261497939393906,10,0-30
32,191,0.0,0.040186908,0.0015514501212121157,10,0-30
34,39,156.0,0.011535211,-9.277321212121224e-06,10,RUL > 125
34,40,155.0,0.011458984,-4.435927272727872e-06,10,RUL > 125
34,41,154.0,0.011551471,1.9499496969696695e-05,10,RUL > 125
34,42,153.0,0.011273151,7.3929696969699785e-06,10,RUL > 125
34,43,152.0,0.0109713115,-2.3726233333333384e-05,10,RUL > 125
34,44,151.0,0.010965663,-5.909621515151462e-05,10,RUL > 125
34,45,150.0,0.01096863,-0.00010090186363636373,10,RUL > 125
34,46,149.0,0.010928127,-9.897577878787862e-05,10,RUL > 125
34,47,148.0,0.010710848,-9.924858484848547e-05,10,RUL > 125
34,48,147.0,0.010809624,-9.577676666666676e-05,10,RUL > 125
34,49,146.0,0.010975909,-7.562851818181837e-05,10,RUL > 125
34,50,145.0,0.010830579,-6.170974242424298e-05,10,RUL > 125
34,51,144.0,0.01088671,-3.094644545454518e-05,10,RUL > 125
34,52,143.0,0.010691114,-2.134897878787907e-05,10,RUL > 125
34,53,142.0,0.010637645,-2.7735642424242737e-05,10,RUL > 125
34,54,141.0,0.010972074,-1.2212848484848488e-05,10,RUL > 125
34,55,140.0,0.010358807,-3.002089090909095e-05,10,RUL > 125
34,56,139.0,0.010195162,-5.2063430303030485e-05,10,RUL > 125
34,57,138.0,0.010247397,-7.685763030303015e-05,10,RUL > 125
34,58,137.0,0.010319908,-8.549403030303033e-05,10,RUL > 125
34,59,136.0,0.010399485,-7.276824848484895e-05,10,RUL > 125
34,60,135.0,0.010320847,-6.703352121212113e-05,10,RUL > 125
34,61,134.0,0.0102607,-5.4658903030302774e-05,10,RUL > 125
34,62,133.0,0.009928806,-6.58393272727265e-05,10,RUL > 125
34,63,132.0,0.010075736,-6.332989090909125e-05,10,RUL > 125
34,64,131.0,0.010308705,-1.9006769696970186e-05,10,RUL > 125
34,65,130.0,0.010091911,-1.9352406060606015e-05,10,RUL > 125
34,66,129.0,0.009562005,-5.6276569696970684e-05,10,RUL > 125
34,67,128.0,0.009700761,-7.447526060606085e-05,10,RUL > 125
34,68,127.0,0.009566634,-8.853001212121204e-05,10,RUL > 125
34,69,126.0,0.009608439,-8.586876363636368e-05,10,RUL > 125
34,70,125.0,0.010093835,-5.238546666666637e-05,10,76-125
34,71,124.0,0.010064997,-2.173329090909104e-05,10,76-125
34,72,123.0,0.0099959895,-1.4599269696969552e-05,10,76-125
34,73,122.0,0.010063035,5.172766666666283e-06,10,76-125
34,74,121.0,0.009890411,3.1214166666666806e-05,10,76-125
34,75,120.0,0.0098587265,4.6144618181818286e-05,10,76-125
34,76,119.0,0.009589598,1.3894745454545527e-05,10,76-125
34,77,118.0,0.009774901,6.682484848494615e-07,10,76-125
34,78,117.0,0.009417419,-4.189773333333314e-05,10,76-125
34,79,116.0,0.009353781,-8.333921212121214e-05,10,76-125
34,80,115.0,0.009478451,-8.2534012121213e-05,10,76-125
34,81,114.0,0.00962492,-6.82029272727266e-05,10,76-125
34,82,113.0,0.009589605,-5.506434848484866e-05,10,76-125
34,83,112.0,0.009918158,-1.4609124242423855e-05,10,76-125
34,84,111.0,0.00977485,8.277118181817823e-06,10,76-125
34,85,110.0,0.009751792,2.919409090909088e-05,10,76-125
34,86,109.0,0.009894137,4.122961212121209e-05,10,76-125
34,87,108.0,0.009669729,4.968684848484868e-05,10,76-125
34,88,107.0,0.0097542675,4.0197954545454535e-05,10,76-125
34,89,106.0,0.009709597,1.994694242424216e-05,10,76-125
34,90,105.0,0.009580249,-3.361003030302599e-06,10,76-125
34,91,104.0,0.009802087,-6.038009090909234e-06,10,76-125
34,92,103.0,0.010004559,-2.1729000000001745e-06,10,76-125
34,93,102.0,0.010298274,3.458681515151493e-05,10,76-125
34,94,101.0,0.010242265,5.413016060606074e-05,10,76-125
34,95,100.0,0.010231731,6.589608787878782e-05,10,76-125
34,96,99.0,0.010111341,7.476751212121205e-05,10,76-125
34,97,98.0,0.010011067,6.057613636363624e-05,10,76-125
34,98,97.0,0.009981135,4.625057575757575e-05,10,76-125
34,99,96.0,0.010008712,2.7701272727273024e-05,10,76-125
34,100,95.0,0.009998281,-3.6658303030299143e-06,10,76-125
34,101,94.0,0.010146668,-1.7216951515152283e-05,10,76-125
34,102,93.0,0.0103878975,-8.288706060606206e-06,10,76-125
34,103,92.0,0.010500547,2.171853030303044e-05,10,76-125
34,104,91.0,0.010464416,4.35692575757577e-05,10,76-125
34,105,90.0,0.010229261,4.9198342424242396e-05,10,76-125
34,106,89.0,0.010431661,5.787136666666664e-05,10,76-125
34,107,88.0,0.010360222,5.2080118181818406e-05,10,76-125
34,108,87.0,0.010570463,5.1528912121212393e-05,10,76-125
34,109,86.0,0.010554815,4.481927575757637e-05,10,76-125
34,110,85.0,0.010391088,2.1864245454545943e-05,10,76-125
34,111,84.0,0.010317887,4.7603030303166237e-08,10,76-125
34,112,83.0,0.010373774,-4.7140727272729125e-06,10,76-125
34,113,82.0,0.010231934,-9.531315151515135e-06,10,76-125
34,114,81.0,0.010298972,-9.844757575757539e-06,10,76-125
34,115,80.0,0.010318695,-2.2754018181818595e-05,10,76-125
34,116,79.0,0.010332698,-2.2490193939394146e-05,10,76-125
34,117,78.0,0.010206711,-3.266143636363687e-05,10,76-125
34,118,77.0,0.010228503,-2.5767218181818362e-05,10,76-125
34,119,76.0,0.010004094,-2.8011721212121582e-05,10,76-125
34,120,75.0,0.01002238,-3.3498533333333053e-05,10,31-75
34,121,74.0,0.010021683,-3.943424242424279e-05,10,31-75
34,122,73.0,0.010213094,-2.7613199999999663e-05,10,31-75
34,123,72.0,0.01012643,-2.8027648484848266e-05,10,31-75
34,124,71.0,0.010068221,-2.5869096969696845e-05,10,31-75
34,125,70.0,0.010205463,-1.2112769696969364e-05,10,31-75
34,126,69.0,0.010302255,9.229163636363632e-06,10,31-75
34,127,68.0,0.0104612,3.121069696969688e-05,10,31-75
34,128,67.0,0.010562717,5.709760606060545e-05,10,31-75
34,129,66.0,0.010624703,6.73538909090911e-05,10,31-75
34,130,65.0,0.010770995,7.928627272727224e-05,10,31-75
34,131,64.0,0.010803259,8.385792121212039e-05,10,31-75
34,132,63.0,0.010604635,8.08826181818183e-05,10,31-75
34,133,62.0,0.010668578,7.087156363636373e-05,10,31-75
34,134,61.0,0.010845562,6.0062090909090364e-05,10,31-75
34,135,60.0,0.010850563,4.925255151515152e-05,10,31-75
34,136,59.0,0.010994133,4.4907509090909025e-05,10,31-75
34,137,58.0,0.010782474,3.1227363636363904e-05,10,31-75
34,138,57.0,0.010482929,4.0819696969696785e-06,10,31-75
34,139,56.0,0.010614468,-1.0789042424243036e-05,10,31-75
34,140,55.0,0.011492573,3.211344242424214e-05,10,31-75
34,141,54.0,0.011769118,8.350473333333315e-05,10,31-75
34,142,53.0,0.011884344,0.00011623209696969807,10,31-75
34,143,52.0,0.011890478,0.00013804528484848564,10,31-75
34,144,51.0,0.012379642,0.00018352816969696934,10,31-75
34,145,50.0,0.012541642,0.00021958590909090854,10,31-75
34,146,49.0,0.012772797,0.0002573255090909072,10,31-75
34,147,48.0,0.013040306,0.0002739863454545458,10,31-75
34,148,47.0,0.013409772,0.00026346254545454476,10,31-75
34,149,46.0,0.013617994,0.0002375886909090885,10,31-75
34,150,45.0,0.0142656565,0.00026917583939394023,10,31-75
34,151,44.0,0.014296993,0.0002872954515151544,10,31-75
34,152,43.0,0.014078911,0.0002705605060606077,10,31-75
34,153,42.0,0.014248428,0.00023688006363636313,10,31-75
34,154,41.0,0.014372524,0.00021399821515151544,10,31-75
34,155,40.0,0.014855254,0.00020409094848484932,10,31-75
34,156,39.0,0.01547381,0.00021528965151515144,10,31-75
34,157,38.0,0.016335096,0.0002585619727272703,10,31-75
34,158,37.0,0.017340751,0.00034138242121212143,10,31-75
34,159,36.0,0.01826085,0.0004406233242424267,10,31-75
34,160,35.0,0.018491264,0.0005393327212121191,10,31-75
34,161,34.0,0.019019527,0.0006177260787878785,10,31-75
34,162,33.0,0.019832535,0.0006686836909090902,10,31-75
34,163,32.0,0.02040425,0.0006923859939393939,10,31-75
34,164,31.0,0.021805065,0.0007261534303030309,10,31-75
34,165,30.0,0.023580313,0.0007988431696969676,10,0-30
34,166,29.0,0.02440884,0.0008522040666666695,10,0-30
34,167,28.0,0.025747124,0.0009276779454545432,10,0-30
34,168,27.0,0.027196001,0.0010351399575757583,10,0-30
34,169,26.0,0.02846893,0.001153916818181815,10,0-30
34,170,25.0,0.029052166,0.0011961331818181723,10,0-30
34,171,24.0,0.030418037,0.0012200582000000096,10,0-30
34,172,23.0,0.032416433,0.0012690234121212035,10,0-30
34,173,22.0,0.03500103,0.001344548878787882,10,0-30
34,174,21.0,0.036636468,0.0014257370545454674,10,0-30
34,175,20.0,0.039225746,0.001586733860606055,10,0-30
34,176,19.0,0.04176424,0.001751787496969692,10,0-30
34,177,18.0,0.044395097,0.001939192872727271,10,0-30
34,178,17.0,0.047036033,0.0021412050666666407,10,0-30
34,179,16.0,0.050254434,0.002363143103030291,10,0-30
34,180,15.0,0.053400427,0.002531496442424229,10,0-30
34,181,14.0,0.05699664,0.0026919344848484674,10,0-30
34,182,13.0,0.06064761,0.0028625778606060966,10,0-30
34,183,12.0,0.065172724,0.0031101560181818456,10,0-30
34,184,11.0,0.07005097,0.0033671320181817973,10,0-30
34,185,10.0,0.075198516,0.0036724775212121103,10,0-30
34,186,9.0,0.0819546,0.004079536054545457,10,0-30
34,187,8.0,0.08826615,0.0045190955393939174,10,0-30
34,188,7.0,0.09487945,0.004963672539393898,10,0-30
34,189,6.0,0.10215796,0.005439899036363689,10,0-30
34,190,5.0,0.11059751,0.005957063842424234,10,0-30
34,191,4.0,0.120231576,0.006546172715151489,10,0-30
34,192,3.0,0.12989435,0.0071392559151515446,10,0-30
34,193,2.0,0.13983451,0.007736849503030278,10,0-30
34,194,1.0,0.15039457,0.00833067141818174,10,0-30
34,195,0.0,0.16192818,0.008922907248484852,10,0-30
40,39,149.0,0.010176416,1.5863066666666508e-05,10,RUL > 125
40,40,148.0,0.0102560455,4.277373636363601e-05,10,RUL > 125
40,41,147.0,0.010132769,5.2999087878787985e-05,10,RUL > 125
40,42,146.0,0.0101668015,5.997201818181844e-05,10,RUL > 125
40,43,145.0,0.0101673985,5.872994848484839e-05,10,RUL > 125
40,44,144.0,0.0102783805,5.527563636363672e-05,10,RUL > 125
40,45,143.0,0.010305386,4.502261212121172e-05,10,RUL > 125
40,46,142.0,0.010306717,4.596753333333307e-05,10,RUL > 125
40,47,141.0,0.010195743,3.123960606060547e-05,10,RUL > 125
40,48,140.0,0.0102321785,8.946790909090652e-06,10,RUL > 125
40,49,139.0,0.010131043,9.728030303028772e-07,10,RUL > 125
40,50,138.0,0.00994985,-1.1025830303030544e-05,10,RUL > 125
40,51,137.0,0.00980221,-3.558452727272697e-05,10,RUL > 125
40,52,136.0,0.009703751,-5.923810606060663e-05,10,RUL > 125
40,53,135.0,0.0095990775,-8.294861515151587e-05,10,RUL > 125
40,54,134.0,0.009628266,-9.077948484848522e-05,10,RUL > 125
40,55,133.0,0.009738932,-8.289348484848484e-05,10,RUL > 125
40,56,132.0,0.009593067,-7.600891515151481e-05,10,RUL > 125
40,57,131.0,0.009570292,-6.911458181818185e-05,10,RUL > 125
40,58,130.0,0.009678777,-4.6292627272727226e-05,10,RUL > 125
40,59,129.0,0.009641275,-2.5550706060606094e-05,10,RUL > 125
40,60,128.0,0.009424889,-2.2754609090909033e-05,10,RUL > 125
40,61,127.0,0.009327877,-2.8729578787878904e-05,10,RUL > 125
40,62,126.0,0.009328642,-3.547726363636311e-05,10,RUL > 125
40,63,125.0,0.009243886,-4.927946060606119e-05,10,76-125
40,64,124.0,0.009310312,-5.320716969697001e-05,10,76-125
40,65,123.0,0.009601205,-3.003626666666656e-05,10,76-125
40,66,122.0,0.009341572,-2.9082078787879196e-05,10,76-125
40,67,121.0,0.00948948,-1.8530090909091192e-05,10,76-125
40,68,120.0,0.009806313,1.7515569696969267e-05,10,76-125
40,69,119.0,0.009726141,4.5142187878787596e-05,10,76-125
40,70,118.0,0.009682589,5.493883030303032e-05,10,76-125
40,71,117.0,0.009839068,6.367958787878841e-05,10,76-125
40,72,116.0,0.009776731,6.28748909090908e-05,10,76-125
40,73,115.0,0.0099473735,6.029618484848503e-05,10,76-125
40,74,114.0,0.009901287,5.110494848484845e-05,10,76-125
40,75,113.0,0.009842364,5.0929263636363845e-05,10,76-125
40,76,112.0,0.010026268,4.055269999999983e-05,10,76-125
40,77,111.0,0.010135142,3.767590606060597e-05,10,76-125
40,78,110.0,0.009902758,3.5419615151515156e-05,10,76-125
40,79,109.0,0.0099519715,2.9333866666666498e-05,10,76-125
40,80,108.0,0.009947736,1.7376284848484394e-05,10,76-125
40,81,107.0,0.010044025,1.7888860606060583e-05,10,76-125
40,82,106.0,0.009776479,-2.8321090909088953e-06,10,76-125
40,83,105.0,0.009691736,-1.6796203030302887e-05,10,76-125
40,84,104.0,0.009723843,-2.8982803030302656e-05,10,76-125
40,85,103.0,0.00946206,-5.7225839393939876e-05,10,76-125
40,86,102.0,0.009480711,-6.758153636363591e-05,10,76-125
40,87,101.0,0.009655875,-5.451175454545428e-05,10,76-125
40,88,100.0,0.009855117,-4.025719696969684e-05,10,76-125
40,89,99.0,0.009910356,-1.913123636363633e-05,10,76-125
40,90,98.0,0.009976167,5.806478787878855e-06,10,76-125
40,91,97.0,0.010138082,4.5650569696969454e-05,10,76-125
40,92,96.0,0.009933576,5.536330303030327e-05,10,76-125
40,93,95.0,0.009877794,5.447964242424244e-05,10,76-125
40,94,94.0,0.009750464,4.6535927272727983e-05,10,76-125
40,95,93.0,0.0098554725,2.6545069696969314e-05,10,76-125
40,96,92.0,0.009938517,7.5586757575753245e-06,10,76-125
40,97,91.0,0.009860988,-9.528136363636307e-06,10,76-125
40,98,90.0,0.009767487,-2.0918421212121492e-05,10,76-125
40,99,89.0,0.009323907,-5.1759196969696694e-05,10,76-125
40,100,88.0,0.009178332,-7.904455454545381e-05,10,76-125
40,101,87.0,0.009020193,-9.449061515151605e-05,10,76-125
40,102,86.0,0.009241119,-9.796973030302989e-05,10,76-125
40,103,85.0,0.0092319995,-9.727165454545536e-05,10,76-125
40,104,84.0,0.009422067,-8.686711515151499e-05,10,76-125
40,105,83.0,0.009481494,-6.223996666666654e-05,10,76-125
40,106,82.0,0.009642792,-1.874537272727292e-05,10,76-125
40,107,81.0,0.009699723,2.6270493939393826e-05,10,76-125
40,108,80.0,0.009756203,7.008841515151437e-05,10,76-125
40,109,79.0,0.009598413,7.586438484848448e-05,10,76-125
40,110,78.0,0.009717113,7.508255454545454e-05,10,76-125
40,111,77.0,0.009814401,6.25340636363637e-05,10,76-125
40,112,76.0,0.009725002,5.0210900000000214e-05,10,76-125
40,113,75.0,0.009873699,3.952526666666666e-05,10,31-75
40,114,74.0,0.009744863,2.6705206060606416e-05,10,31-75
40,115,73.0,0.009874334,2.0996321212120887e-05,10,31-75
40,116,72.0,0.0098210415,1.837207575757551e-05,10,31-75
40,117,71.0,0.009762478,1.418825757575763e-05,10,31-75
40,118,70.0,0.009573526,2.7026333333335165e-06,10,31-75
40,119,69.0,0.009951487,3.527996969696705e-06,10,31-75
40,120,68.0,0.010320016,2.80885909090909e-05,10,31-75
40,121,67.0,0.010359384,5.397448181818185e-05,10,31-75
40,122,66.0,0.010664872,8.395756666666605e-05,10,31-75
40,123,65.0,0.010515829,0.00010433180303030317,10,31-75
40,124,64.0,0.0104425615,0.00010433716969696946,10,31-75
40,125,63.0,0.010279367,9.561546666666645e-05,10,31-75
40,126,62.0,0.010442645,8.733751212121171e-05,10,31-75
40,127,61.0,0.010600383,7.622462727272745e-05,10,31-75
40,128,60.0,0.010546367,3.941219090909129e-05,10,31-75
40,129,59.0,0.010833024,3.164097878787846e-05,10,31-75
40,130,58.0,0.011119457,5.337668787878739e-05,10,31-75
40,131,57.0,0.011543547,9.117891818181717e-05,10,31-75
40,132,56.0,0.011573204,0.0001366111787878795,10,31-75
40,133,55.0,0.011714495,0.00016880393636363577,10,31-75
40,134,54.0,0.011798849,0.00018618403636363434,10,31-75
40,135,53.0,0.012490412,0.00021396627272727263,10,31-75
40,136,52.0,0.012238996,0.0002121195636363636,10,31-75
40,137,51.0,0.012326494,0.0002037873878787876,10,31-75
40,138,50.0,0.012359509,0.00017273240606060616,10,31-75
40,139,49.0,0.012399403,0.0001409864484848493,10,31-75
40,140,48.0,0.01244005,0.00011156672121212111,10,31-75
40,141,47.0,0.012990178,0.0001244194545454538,10,31-75
40,142,46.0,0.013211472,0.00013378498181818222,10,31-75
40,143,45.0,0.013722634,0.000160593678787879,10,31-75
40,144,44.0,0.01400139,0.00018388976969696913,10,31-75
40,145,43.0,0.014943957,0.0002780053393939388,10,31-75
40,146,42.0,0.015126687,0.00033558699393939197,10,31-75
40,147,41.0,0.015083835,0.00036166215151515265,10,31-75
40,148,40.0,0.015708607,0.00039059446666666567,10,31-75
40,149,39.0,0.01554741,0.0003727986909090872,10,31-75
40,150,38.0,0.016149027,0.0003523705272727277,10,31-75
40,151,37.0,0.016595434,0.00034800973939394227,10,31-75
40,152,36.0,0.01719152,0.0003472155939393956,10,31-75
40,153,35.0,0.017867299,0.00036911658181817974,10,31-75
40,154,34.0,0.018085519,0.000371265848484849,10,31-75
40,155,33.0,0.019102296,0.0004422088848484868,10,31-75
40,156,32.0,0.019840548,0.0005151981030303046,10,31-75
40,157,31.0,0.020616421,0.000570513157575752,10,31-75
40,158,30.0,0.02118148,0.0006312394303030307,10,0-30
40,159,29.0,0.022265019,0.0006739835090909117,10,0-30
40,160,28.0,0.02286578,0.0007081786060606035,10,0-30
40,161,27.0,0.023757635,0.0007393656181818177,10,0-30
40,162,26.0,0.02528759,0.0008069292303030298,10,0-30
40,163,25.0,0.025604328,0.0008386872121212119,10,0-30
40,164,24.0,0.027030354,0.0008689942606060615,10,0-30
40,165,23.0,0.027898127,0.0009059972727272699,10,0-30
40,166,22.0,0.029304286,0.0009623005333333365,10,0-30
40,167,21.0,0.030755233,0.0010347592484848467,10,0-30
40,168,20.0,0.03247919,0.0011160278909090916,10,0-30
40,169,19.0,0.034667965,0.0012519782545454504,10,0-30
40,170,18.0,0.036428347,0.0013736614484848384,10,0-30
40,171,17.0,0.038150843,0.0014843612181818305,10,0-30
40,172,16.0,0.040043585,0.00162583533333332,10,0-30
40,173,15.0,0.04280924,0.0017604186787878817,10,0-30
40,174,14.0,0.046070825,0.001959430672727291,10,0-30
40,175,13.0,0.048034206,0.002092594121212114,10,0-30
40,176,12.0,0.051767487,0.002279061327272723,10,0-30
40,177,11.0,0.055296615,0.0024824749999999974,10,0-30
40,178,10.0,0.058521517,0.0026792515878787575,10,0-30
40,179,9.0,0.061967805,0.0028942612848484738,10,0-30
40,180,8.0,0.06610426,0.0031213474484848304,10,0-30
40,181,7.0,0.07023461,0.0033288504606060407,10,0-30
40,182,6.0,0.075946145,0.003585180400000044,10,0-30
40,183,5.0,0.081418194,0.0038891801939394286,10,0-30
40,184,4.0,0.08634571,0.0042114052666666416,10,0-30
40,185,3.0,0.091459475,0.004455274618181805,10,0-30
40,186,2.0,0.096242875,0.004682575200000004,10,0-30
40,187,1.0,0.10277341,0.004962266369696946,10,0-30
40,188,0.0,0.10936904,0.005241236339393898,10,0-30
45,39,119.0,0.009806121,3.542308484848478e-05,10,76-125
45,40,118.0,0.0097907055,-6.943333333358549e-08,10,76-125
45,41,117.0,0.009860111,-1.4597924242424084e-05,10,76-125
45,42,116.0,0.009755952,-2.4865912121211995e-05,10,76-125
45,43,115.0,0.009710087,-3.782881515151508e-05,10,76-125
45,44,114.0,0.0098207425,-3.569374242424193e-05,10,76-125
45,45,113.0,0.009961523,-3.6476627272727244e-05,10,76-125
45,46,112.0,0.010460404,5.486827272727363e-06,10,76-125
45,47,111.0,0.0102840755,3.724720606060605e-05,10,76-125
45,48,110.0,0.010264722,6.854443939393951e-05,10,76-125
45,49,109.0,0.010508351,8.680869999999998e-05,10,76-125
45,50,108.0,0.010539631,9.723956363636421e-05,10,76-125
45,51,107.0,0.010623641,0.00010780193939393947,10,76-125
45,52,106.0,0.010600011,0.00010087656363636382,10,76-125
45,53,105.0,0.010693041,8.573686666666661e-05,10,76-125
45,54,104.0,0.010684692,6.560420909090903e-05,10,76-125
45,55,103.0,0.010779278,4.9544039393939274e-05,10,76-125
45,56,102.0,0.01064212,4.934907575757609e-05,10,76-125
45,57,101.0,0.010549369,3.0137115151514937e-05,10,76-125
45,58,100.0,0.010813962,2.0851587878787823e-05,10,76-125
45,59,99.0,0.010597395,9.337793939393518e-06,10,76-125
45,60,98.0,0.010546757,-3.932060606060316e-06,10,76-125
45,61,97.0,0.010561405,-1.0888642424242378e-05,10,76-125
45,62,96.0,0.010352589,-3.0056145454545074e-05,10,76-125
45,63,95.0,0.010470069,-3.361459393939476e-05,10,76-125
45,64,94.0,0.010204399,-4.951804242424263e-05,10,76-125
45,65,93.0,0.010431591,-4.090173333333337e-05,10,76-125
45,66,92.0,0.010416683,-3.802806666666719e-05,10,76-125
45,67,91.0,0.0102761015,-4.627331212121242e-05,10,76-125
45,68,90.0,0.01042337,-2.5533863636363746e-05,10,76-125
45,69,89.0,0.0103699025,-1.7414175757576017e-05,10,76-125
45,70,88.0,0.010699302,8.054375757576018e-06,10,76-125
45,71,87.0,0.010600367,2.7253975757575685e-05,10,76-125
45,72,86.0,0.010787396,4.22618242424239e-05,10,76-125
45,73,85.0,0.010816168,6.140066666666633e-05,10,76-125
45,74,84.0,0.010577543,4.56171272727272e-05,10,76-125
45,75,83.0,0.010255829,2.2908727272727042e-05,10,76-125
45,76,82.0,0.009843878,-2.113314545454553e-05,10,76-125
45,77,81.0,0.010042969,-5.674451818181694e-05,10,76-125
45,78,80.0,0.010275347,-6.703697878787867e-05,10,76-125
45,79,79.0,0.010184551,-8.405223030303009e-05,10,76-125
45,80,78.0,0.009948011,-8.97630121212132e-05,10,76-125
45,81,77.0,0.0100897765,-8.523023939393921e-05,10,76-125
45,82,76.0,0.010084511,-6.232709999999955e-05,10,76-125
45,83,75.0,0.01005455,-3.062024545454521e-05,10,31-75
45,84,74.0,0.010124423,-1.7787363636363872e-06,10,31-75
45,85,73.0,0.010019459,5.382227272727059e-06,10,31-75
45,86,72.0,0.010299131,3.199718181818289e-06,10,31-75
45,87,71.0,0.010511099,2.0333615151514976e-05,10,31-75
45,88,70.0,0.010296996,3.560673030303027e-05,10,31-75
45,89,69.0,0.010447475,5.277231212121205e-05,10,31-75
45,90,68.0,0.010535063,5.575913030303039e-05,10,31-75
45,91,67.0,0.0106167905,6.553906363636306e-05,10,31-75
45,92,66.0,0.010643027,7.001099696969681e-05,10,31-75
45,93,65.0,0.010404115,5.2684075757575586e-05,10,31-75
45,94,64.0,0.010476205,3.971038484848517e-05,10,31-75
45,95,63.0,0.010172106,-1.112148484848267e-06,10,31-75
45,96,62.0,0.009958297,-3.680245757575763e-05,10,31-75
45,97,61.0,0.010531909,-2.2942318181818226e-05,10,31-75
45,98,60.0,0.010691883,-1.4882100000000225e-05,10,31-75
45,99,59.0,0.010998359,1.5140415151515068e-05,10,31-75
45,100,58.0,0.011217342,5.6269275757575526e-05,10,31-75
45,101,57.0,0.011460926,0.00010786298787878841,10,31-75
45,102,56.0,0.011377581,0.0001464277636363628,10,31-75
45,103,55.0,0.0113125015,0.00015661159696969787,10,31-75
45,104,54.0,0.011702973,0.0001818891303030299,10,31-75
45,105,53.0,0.011744697,0.00017429933636363716,10,31-75
45,106,52.0,0.012116786,0.00015368966363636292,10,31-75
45,107,51.0,0.011947845,0.0001359423242424247,10,31-75
45,108,50.0,0.011637527,9.477062121212139e-05,10,31-75
45,109,49.0,0.011547887,5.767884545454536e-05,10,31-75
45,110,48.0,0.011654356,3.43323909090908e-05,10,31-75
45,111,47.0,0.0116369,2.0975584848485066e-05,10,31-75
45,112,46.0,0.011753046,6.264663636363405e-06,10,31-75
45,113,45.0,0.011746053,-1.7717418181817984e-05,10,31-75
45,114,44.0,0.011833927,-1.6130109090908927e-05,10,31-75
45,115,43.0,0.011891608,-1.0202284848485243e-05,10,31-75
45,116,42.0,0.0124067115,4.684728787878709e-05,10,31-75
45,117,41.0,0.012159462,7.563354242424304e-05,10,31-75
45,118,40.0,0.0125297615,0.00010136503030302996,10,31-75
45,119,39.0,0.012324914,9.913205454545512e-05,10,31-75
45,120,38.0,0.012541892,0.00010641366666666648,10,31-75
45,121,37.0,0.012553199,0.00010239027878787854,10,31-75
45,122,36.0,0.012591503,9.709261212121255e-05,10,31-75
45,123,35.0,0.012728179,8.862068484848511e-05,10,31-75
45,124,34.0,0.012602046,6.722248484848482e-05,10,31-75
45,125,33.0,0.012548737,3.7451387878788e-05,10,31-75
45,126,32.0,0.012466728,2.958210606060594e-05,10,31-75
45,127,31.0,0.012233023,-8.245493939393915e-06,10,31-75
45,128,30.0,0.012533379,-5.895054545453844e-06,10,0-30
45,129,29.0,0.013142976,1.6005781818182192e-05,10,0-30
45,130,28.0,0.013064287,3.8163787878787514e-05,10,0-30
45,131,27.0,0.01345171,7.587569696969626e-05,10,0-30
45,132,26.0,0.01385833,0.00012742943636363764,10,0-30
45,133,25.0,0.013765469,0.00016767428484848384,10,0-30
45,134,24.0,0.013679982,0.00018227412727272506,10,0-30
45,135,23.0,0.014174294,0.00020721661818181867,10,0-30
45,136,22.0,0.014498149,0.00022465293939393944,10,0-30
45,137,21.0,0.0150803,0.00023363933333333262,10,0-30
45,138,20.0,0.015271555,0.00023856910303030274,10,0-30
45,139,19.0,0.016311292,0.00030766158787879,10,0-30
45,140,18.0,0.0167999,0.0003597556545454529,10,0-30
45,141,17.0,0.017523982,0.00043189314545454146,10,0-30
45,142,16.0,0.018411629,0.000530194872727276,10,0-30
45,143,15.0,0.018357752,0.0005641756181818215,10,0-30
45,144,14.0,0.018437423,0.0005411388848484842,10,0-30
45,145,13.0,0.01993113,0.0005748652606060592,10,0-30
45,146,12.0,0.020451413,0.0005887812121212094,10,0-30
45,147,11.0,0.021114305,0.0006055042000000014,10,0-30
45,148,10.0,0.022154018,0.0006185496848484829,10,0-30
45,149,9.0,0.023479044,0.0006897613212121129,10,0-30
45,150,8.0,0.024707295,0.0007736604909090926,10,0-30
45,151,7.0,0.02497835,0.0008247694000000093,10,0-30
45,152,6.0,0.02582112,0.0008906680727272789,10,0-30
45,153,5.0,0.0276031,0.0009603618424242382,10,0-30
45,154,4.0,0.028152216,0.0009532539696969706,10,0-30
45,155,3.0,0.03040458,0.0010508277151515199,10,0-30
45,156,2.0,0.03250305,0.0011705980848484873,10,0-30
45,157,1.0,0.035216253,0.001336473696969685,10,0-30
45,158,0.0,0.03810574,0.0015583391878787893,10,0-30
46,39,217.0,0.00968372,-3.79359000000002e-05,10,RUL > 125
46,40,216.0,0.0097352415,-1.1794084848485279e-05,10,RUL > 125
46,41,215.0,0.009747818,1.3844848484829053e-07,10,RUL > 125
46,42,214.0,0.009925734,1.3803593939393896e-05,10,RUL > 125
46,43,213.0,0.009884973,1.331030909090855e-05,10,RUL > 125
46,44,212.0,0.009771875,7.637884848484562e-06,10,RUL > 125
46,45,211.0,0.009272486,-2.0860672727273187e-05,10,RUL > 125
46,46,210.0,0.009531994,-3.216530909090917e-05,10,RUL > 125
46,47,209.0,0.009635027,-2.9104172727272946e-05,10,RUL > 125
46,48,208.0,0.009189753,-5.029797878787903e-05,10,RUL > 125
46,49,207.0,0.009151825,-7.375190606060582e-05,10,RUL > 125
46,50,206.0,0.009361203,-7.590323636363658e-05,10,RUL > 125
46,51,205.0,0.00903304,-9.05821333333333e-05,10,RUL > 125
46,52,204.0,0.008860737,-9.413433333333313e-05,10,RUL > 125
46,53,203.0,0.008948935,-8.268407878787894e-05,10,RUL > 125
46,54,202.0,0.008931748,-6.836524848484887e-05,10,RUL > 125
46,55,201.0,0.008593004,-9.56326060606063e-05,10,RUL > 125
46,56,200.0,0.008805669,-8.57633757575757e-05,10,RUL > 125
46,57,199.0,0.008978134,-5.081415757575754e-05,10,RUL > 125
46,58,198.0,0.0089126155,-4.116126969696975e-05,10,RUL > 125
46,59,197.0,0.008947094,-2.8797027272727607e-05,10,RUL > 125
46,60,196.0,0.009271146,1.7682900000000047e-05,10,RUL > 125
46,61,195.0,0.009431705,5.213465757575759e-05,10,RUL > 125
46,62,194.0,0.009476771,7.272539090909061e-05,10,RUL > 125
46,63,193.0,0.0095964065,9.825448484848483e-05,10,RUL > 125
46,64,192.0,0.00988979,0.00013079237575757582,10,RUL > 125
46,65,191.0,0.00996047,0.00013298997575757554,10,RUL > 125
46,66,190.0,0.00997224,0.0001334318969696977,10,RUL > 125
46,67,189.0,0.010085842,0.00013742770303030316,10,RUL > 125
46,68,188.0,0.010153819,0.00012733668181818148,10,RUL > 125
46,69,187.0,0.010057169,9.922751818181804e-05,10,RUL > 125
46,70,186.0,0.010474688,0.00010204013030303021,10,RUL > 125
46,71,185.0,0.010354949,9.443706969696972e-05,10,RUL > 125
46,72,184.0,0.0102962665,7.544670909090922e-05,10,RUL > 125
46,73,183.0,0.0105747925,6.969109696969647e-05,10,RUL > 125
46,74,182.0,0.010921146,9.052716969696985e-05,10,RUL > 125
46,75,181.0,0.011019355,0.00010893081212121197,10,RUL > 125
46,76,180.0,0.010812499,0.0001040010969696972,10,RUL > 125
46,77,179.0,0.010910461,0.0001018032727272725,10,RUL > 125
46,78,178.0,0.010900393,9.35927030303029e-05,10,RUL > 125
46,79,177.0,0.010914389,7.065283636363597e-05,10,RUL > 125
46,80,176.0,0.010585665,4.722662424242378e-05,10,RUL > 125
46,81,175.0,0.01077241,2.46587272727274e-05,10,RUL > 125
46,82,174.0,0.010860391,-2.082506060605854e-06,10,RUL > 125
46,83,173.0,0.010772323,-2.1896921212120995e-05,10,RUL > 125
46,84,172.0,0.010682708,-2.5903503030303026e-05,10,RUL > 125
46,85,171.0,0.010579293,-2.611347878787877e-05,10,RUL > 125
46,86,170.0,0.010544348,-3.668586060606029e-05,10,RUL > 125
46,87,169.0,0.010425779,-4.3944527272726496e-05,10,RUL > 125
46,88,168.0,0.010409929,-4.686400606060564e-05,10,RUL > 125
46,89,167.0,0.010129085,-5.8224163636363964e-05,10,RUL > 125
46,90,166.0,0.0098004555,-9.990566363636275e-05,10,RUL > 125
46,91,165.0,0.009791063,-0.00012013212424242456,10,RUL > 125
46,92,164.0,0.009876158,-0.00011795652424242457,10,RUL > 125
46,93,163.0,0.009765044,-0.00011578279090909106,10,RUL > 125
46,94,162.0,0.009666651,-0.00011274083939393905,10,RUL > 125
46,95,161.0,0.009682588,-0.00010340808787878777,10,RUL > 125
46,96,160.0,0.00982112,-7.797956060606106e-05,10,RUL > 125
46,97,159.0,0.009763296,-5.484326969696967e-05,10,RUL > 125
46,98,158.0,0.009544112,-3.668903939393951e-05,10,RUL > 125
46,99,157.0,0.009635887,-2.1757081818181528e-05,10,RUL > 125
46,100,156.0,0.009261365,-4.3184072727272e-05,10,RUL > 125
46,101,155.0,0.009319658,-5.552318181818236e-05,10,RUL > 125
46,102,154.0,0.00923939,-6.085354545454518e-05,10,RUL > 125
46,103,153.0,0.008838378,-8.774649090909159e-05,10,RUL > 125
46,104,152.0,0.008448554,-0.00013122978181818158,10,RUL > 125
46,105,151.0,0.008446999,-0.00015897061212121255,10,RUL > 125
46,106,150.0,0.008559518,-0.0001563617393939389,10,RUL > 125
46,107,149.0,0.0084371865,-0.00014898828181818098,10,RUL > 125
46,108,148.0,0.008625956,-0.000129856518181817,10,RUL > 125
46,109,147.0,0.008753918,-8.649751212121124e-05,10,RUL > 125
46,110,146.0,0.009036199,-4.201896060606063e-05,10,RUL > 125
46,111,145.0,0.009438129,3.099853030303019e-05,10,RUL > 125
46,112,144.0,0.009517773,0.00010157302727272687,10,RUL > 125
46,113,143.0,0.009608835,0.00014700606969696986,10,RUL > 125
46,114,142.0,0.009270704,0.00013866846363636362,10,RUL > 125
46,115,141.0,0.00963855,0.00014032606363636346,10,RUL > 125
46,116,140.0,0.00972723,0.0001398789787878783,10,RUL > 125
46,117,139.0,0.009566844,0.00010837404848484848,10,RUL > 125
46,118,138.0,0.009931512,9.565191515151537e-05,10,RUL > 125
46,119,137.0,0.010159195,8.805473333333342e-05,10,RUL > 125
46,120,136.0,0.010157166,8.213195151515136e-05,10,RUL > 125
46,121,135.0,0.010631022,0.00011526371515151504,10,RUL > 125
46,122,134.0,0.010363285,0.00012464193333333321,10,RUL > 125
46,123,133.0,0.010373587,0.00013040424848484875,10,RUL > 125
46,124,132.0,0.010346247,0.00010286350303030275,10,RUL > 125
46,125,131.0,0.010377739,8.852668484848464e-05,10,RUL > 125
46,126,130.0,0.010207459,6.185399999999938e-05,10,RUL > 125
46,127,129.0,0.010348449,2.6358321212121562e-05,10,RUL > 125
46,128,128.0,0.010370375,6.895806060605987e-06,10,RUL > 125
46,129,127.0,0.01050324,4.53978787878789e-06,10,RUL > 125
46,130,126.0,0.010560531,1.003224242424146e-06,10,RUL > 125
46,131,125.0,0.010491205,2.0386369696969795e-05,10,76-125
46,132,124.0,0.010555833,2.7140296969696868e-05,10,76-125
46,133,123.0,0.010598049,3.4549800000000155e-05,10,76-125
46,134,122.0,0.010430403,2.8271557575756895e-05,10,76-125
46,135,121.0,0.010311039,1.656194545454514e-05,10,76-125
46,136,120.0,0.0103848595,-1.6646090909090231e-06,10,76-125
46,137,119.0,0.010372286,-1.3327966666666528e-05,10,76-125
46,138,118.0,0.010382648,-2.3253324242424318e-05,10,76-125
46,139,117.0,0.010236647,-3.243346969697035e-05,10,76-125
46,140,116.0,0.010060138,-4.419054848484857e-05,10,76-125
46,141,115.0,0.009494509,-8.535648181818102e-05,10,76-125
46,142,114.0,0.00980086,-9.34226636363642e-05,10,76-125
46,143,113.0,0.009810208,-8.901336666666732e-05,10,76-125
46,144,112.0,0.009897125,-8.148995454545455e-05,10,76-125
46,145,111.0,0.009799468,-8.0786912121212e-05,10,76-125
46,146,110.0,0.009716955,-7.346235151515141e-05,10,76-125
46,147,109.0,0.009601127,-6.519810303030329e-05,10,76-125
46,148,108.0,0.009582034,-4.793710909090878e-05,10,76-125
46,149,107.0,0.009989051,-8.5041757575761e-06,10,76-125
46,150,106.0,0.01023345,3.549350909090866e-05,10,76-125
46,151,105.0,0.0098417355,1.8315596969697315e-05,10,76-125
46,152,104.0,0.010240564,3.910656060606027e-05,10,76-125
46,153,103.0,0.010503008,6.950610606060548e-05,10,76-125
46,154,102.0,0.010472443,9.563536060606102e-05,10,76-125
46,155,101.0,0.010593294,0.0001148724696969705,10,76-125
46,156,100.0,0.010769612,0.00012860392424242421,10,76-125
46,157,99.0,0.010321197,9.739503333333286e-05,10,76-125
46,158,98.0,0.010405595,6.0788681818181634e-05,10,76-125
46,159,97.0,0.0103274435,3.707143030303017e-05,10,76-125
46,160,96.0,0.010146587,1.5680818181818465e-05,10,76-125
46,161,95.0,0.010111768,-3.26704272727275e-05,10,76-125
46,162,94.0,0.009960082,-6.598000909090888e-05,10,76-125
46,163,93.0,0.009918497,-8.066181515151522e-05,10,76-125
46,164,92.0,0.009993086,-8.62278151515152e-05,10,76-125
46,165,91.0,0.010062454,-7.414298484848458e-05,10,76-125
46,166,90.0,0.0099995565,-4.7299969696970333e-05,10,76-125
46,167,89.0,0.010073537,-3.698198181818238e-05,10,76-125
46,168,88.0,0.009884271,-2.835912121212115e-05,10,76-125
46,169,87.0,0.00998929,-1.2898972727272283e-05,10,76-125
46,170,86.0,0.009995581,-5.053948484848411e-06,10,76-125
46,171,85.0,0.010054722,5.526057575757173e-06,10,76-125
46,172,84.0,0.010129947,1.0788312121212006e-05,10,76-125
46,173,83.0,0.009868689,-3.0311727272725495e-06,10,76-125
46,174,82.0,0.0100578945,-9.54024242423902e-07,10,76-125
46,175,81.0,0.010009192,2.3056000000001842e-06,10,76-125
46,176,80.0,0.009760133,-1.1567378787879212e-05,10,76-125
46,177,79.0,0.009919239,-8.927712121211962e-06,10,76-125
46,178,78.0,0.009742512,-2.6675154545453855e-05,10,76-125
46,179,77.0,0.009642919,-4.1135384848484466e-05,10,76-125
46,180,76.0,0.009708069,-4.742414242424258e-05,10,76-125
46,181,75.0,0.00965966,-4.892566363636357e-05,10,31-75
46,182,74.0,0.009726404,-3.698297272727385e-05,10,31-75
46,183,73.0,0.009497488,-5.005237878787897e-05,10,31-75
46,184,72.0,0.009600744,-4.037653333333291e-05,10,31-75
46,185,71.0,0.009645108,-2.5986448484848422e-05,10,31-75
46,186,70.0,0.009516884,-3.078119393939411e-05,10,31-75
46,187,69.0,0.009734197,-1.0166963636363949e-05,10,31-75
46,188,68.0,0.009561245,-8.525345454545275e-06,10,31-75
46,189,67.0,0.009906477,7.504751515151562e-06,10,31-75
46,190,66.0,0.010136836,3.724857575757587e-05,10,31-75
46,191,65.0,0.010085169,5.574975757575746e-05,10,31-75
46,192,64.0,0.010096058,7.413680000000032e-05,10,31-75
46,193,63.0,0.010592462,9.985870303030299e-05,10,31-75
46,194,62.0,0.010637339,0.00012163976363636213,10,31-75
46,195,61.0,0.010644944,0.0001342284545454547,10,31-75
46,196,60.0,0.010566264,0.00012185801818181915,10,31-75
46,197,59.0,0.011000853,0.00013496021212121338,10,31-75
46,198,58.0,0.010892738,0.0001152816848484847,10,31-75
46,199,57.0,0.011106178,0.00011412149696969662,10,31-75
46,200,56.0,0.010784035,9.620530909090984e-05,10,31-75
46,201,55.0,0.010287382,3.990965454545488e-05,10,31-75
46,202,54.0,0.010106112,-2.7998587878788312e-05,10,31-75
46,203,53.0,0.010452484,-4.404207878788006e-05,10,31-75
46,204,52.0,0.010255332,-6.615081212121268e-05,10,31-75
46,205,51.0,0.010204213,-8.591046666666707e-05,10,31-75
46,206,50.0,0.010303131,-0.00010017773333333408,10,31-75
46,207,49.0,0.009986028,-9.957943636363781e-05,10,31-75
46,208,48.0,0.009911553,-9.795016969697042e-05,10,31-75
46,209,47.0,0.010142162,-5.761974545454601e-05,10,31-75
46,210,46.0,0.010323396,-1.7194987878787726e-05,10,31-75
46,211,45.0,0.010515058,6.1573636363634275e-06,10,31-75
46,212,44.0,0.010503142,1.401537575757561e-05,10,31-75
46,213,43.0,0.010723296,5.2160769696969174e-05,10,31-75
46,214,42.0,0.010935089,8.543247272727233e-05,10,31-75
46,215,41.0,0.010918227,0.00010613701818181995,10,31-75
46,216,40.0,0.010981467,0.00012823083636363434,10,31-75
46,217,39.0,0.011263287,0.00013633419999999982,10,31-75
46,218,38.0,0.011717297,0.00014875481818181797,10,31-75
46,219,37.0,0.011945076,0.0001670858727272728,10,31-75
46,220,36.0,0.011942584,0.0001755097636363631,10,31-75
46,221,35.0,0.012145821,0.00018817025454545468,10,31-75
46,222,34.0,0.011997103,0.00017215763030303187,10,31-75
46,223,33.0,0.011548811,0.00012826103030302936,10,31-75
46,224,32.0,0.011301022,7.496195757575735e-05,10,31-75
46,225,31.0,0.011714312,3.864629090909143e-05,10,31-75
46,226,30.0,0.011346102,-2.3187072727273893e-05,10,0-30
46,227,29.0,0.011734113,-4.948801818181827e-05,10,0-30
46,228,28.0,0.011871084,-4.375746666666575e-05,10,0-30
46,229,27.0,0.012054978,-1.4675151515151112e-05,10,0-30
46,230,26.0,0.01234008,2.8459903030302573e-05,10,0-30
46,231,25.0,0.012518681,9.006783030303328e-05,10,0-30
46,232,24.0,0.012509255,0.00013672756363636255,10,0-30
46,233,23.0,0.012658505,0.0001554341696969696,10,0-30
46,234,22.0,0.013030474,0.00016445989090909185,10,0-30
46,235,21.0,0.013388414,0.0001995992242424236,10,0-30
46,236,20.0,0.0133974645,0.00019039274242424283,10,0-30
46,237,19.0,0.01359628,0.00019303314242424339,10,0-30
46,238,18.0,0.013719872,0.0001889746030303018,10,0-30
46,239,17.0,0.01386576,0.00018272363939393716,10,0-30
46,240,16.0,0.014164017,0.00018979916666666535,10,0-30
46,241,15.0,0.013830848,0.00016850024545454612,10,0-30
46,242,14.0,0.014325156,0.00015763012424242434,10,0-30
46,243,13.0,0.014817631,0.0001615613545454519,10,0-30
46,244,12.0,0.014727027,0.00015917725757575986,10,0-30
46,245,11.0,0.0150694,0.00017876643939393583,10,0-30
46,246,10.0,0.015786532,0.0002176996909090911,10,0-30
46,247,9.0,0.016132114,0.00025977884242424473,10,0-30
46,248,8.0,0.016675564,0.0003090028060606035,10,0-30
46,249,7.0,0.01743799,0.0003737129393939412,10,0-30
46,250,6.0,0.01818604,0.0004558098424242466,10,0-30
46,251,5.0,0.018904032,0.0005061068848484896,10,0-30
46,252,4.0,0.019578287,0.0005646421999999991,10,0-30
46,253,3.0,0.021399165,0.0006916554848484768,10,0-30
46,254,2.0,0.022704154,0.0008040335515151478,10,0-30
46,255,1.0,0.023365226,0.0008786025090909051,10,0-30
46,256,0.0,0.02551368,0.001017613199999992,10,0-30
54,39,218.0,0.009979393,8.580878787878689e-07,10,RUL > 125
54,40,217.0,0.009832019,3.692060606058379e-07,10,RUL > 125
54,41,216.0,0.0101920245,1.09244030303028e-05,10,RUL > 125
54,42,215.0,0.010313004,2.949578484848515e-05,10,RUL > 125
54,43,214.0,0.010561767,4.7315124242424376e-05,10,RUL > 125
54,44,213.0,0.010626368,6.816013030303022e-05,10,RUL > 125
54,45,212.0,0.010402032,7.340511818181819e-05,10,RUL > 125
54,46,211.0,0.010225562,6.720363939393923e-05,10,RUL > 125
54,47,210.0,0.010354477,6.584640909090893e-05,10,RUL > 125
54,48,209.0,0.010659565,6.229167575757582e-05,10,RUL > 125
54,49,208.0,0.0107286135,6.252453333333332e-05,10,RUL > 125
54,50,207.0,0.01048578,3.0605533333333324e-05,10,RUL > 125
54,51,206.0,0.01041785,1.1057251515151431e-05,10,RUL > 125
54,52,205.0,0.010368893,-5.8333909090914566e-06,10,RUL > 125
54,53,204.0,0.010479174,-8.019484848485549e-07,10,RUL > 125
54,54,203.0,0.0103478,2.371499999999995e-06,10,RUL > 125
54,55,202.0,0.01056284,5.695251515151314e-06,10,RUL > 125
54,56,201.0,0.0103370985,-1.7008024242423807e-05,10,RUL > 125
54,57,200.0,0.010385911,-2.9806424242424125e-05,10,RUL > 125
54,58,199.0,0.010457553,-1.873889696969717e-05,10,RUL > 125
54,59,198.0,0.010183989,-1.5541178787878947e-05,10,RUL > 125
54,60,197.0,0.010290853,-1.6101906060605982e-05,10,RUL > 125
54,61,196.0,0.010367103,-1.4669457575757418e-05,10,RUL > 125
54,62,195.0,0.010262737,-2.1578384848484714e-05,10,RUL > 125
54,63,194.0,0.01044048,-1.0153433333333621e-05,10,RUL > 125
54,64,193.0,0.010821815,1.3782360606060608e-05,10,RUL > 125
54,65,192.0,0.010668388,3.793977272727246e-05,10,RUL > 125
54,66,191.0,0.010722485,4.87191272727274e-05,10,RUL > 125
54,67,190.0,0.010764322,6.03633151515151e-05,10,RUL > 125
54,68,189.0,0.010935797,8.155001818181779e-05,10,RUL > 125
54,69,188.0,0.010868903,7.505346060606047e-05,10,RUL > 125
54,70,187.0,0.011270952,8.930912727272718e-05,10,RUL > 125
54,71,186.0,0.010892611,7.613135757575773e-05,10,RUL > 125
54,72,185.0,0.010771996,4.304706060606086e-05,10,RUL > 125
54,73,184.0,0.0105392225,2.9427242424242384e-06,10,RUL > 125
54,74,183.0,0.010567075,-1.1416930303030417e-05,10,RUL > 125
54,75,182.0,0.010501587,-3.6489366666666155e-05,10,RUL > 125
54,76,181.0,0.010559348,-5.27829060606058e-05,10,RUL > 125
54,77,180.0,0.010375327,-7.434740303030196e-05,10,RUL > 125
54,78,179.0,0.010212851,-8.86274696969693e-05,10,RUL > 125
54,79,178.0,0.010287206,-9.454842727272716e-05,10,RUL > 125
54,80,177.0,0.010441245,-5.821311818181877e-05,10,RUL > 125
54,81,176.0,0.010929754,-1.039754242424254e-05,10,RUL > 125
54,82,175.0,0.010915004,2.812226969697019e-05,10,RUL > 125
54,83,174.0,0.0107169775,3.858897272727275e-05,10,RUL > 125
54,84,173.0,0.010570896,4.0789821212120893e-05,10,RUL > 125
54,85,172.0,0.010409866,2.9795033333333237e-05,10,RUL > 125
54,86,171.0,0.010578996,3.298802121212138e-05,10,RUL > 125
54,87,170.0,0.010816265,3.661673030303084e-05,10,RUL > 125
54,88,169.0,0.011058875,3.7302275757575746e-05,10,RUL > 125
54,89,168.0,0.011291922,4.5401639393938967e-05,10,RUL > 125
54,90,167.0,0.011091262,4.064680303030291e-05,10,RUL > 125
54,91,166.0,0.0108588515,4.7903303030302476e-05,10,RUL > 125
54,92,165.0,0.010710896,4.696559393939363e-05,10,RUL > 125
54,93,164.0,0.010509186,2.4297790909090785e-05,10,RUL > 125
54,94,163.0,0.010066876,-2.9716093939393517e-05,10,RUL > 125
54,95,162.0,0.010132836,-8.475816060606098e-05,10,RUL > 125
54,96,161.0,0.010186316,-0.00012224986363636446,10,RUL > 125
54,97,160.0,0.01011371,-0.000143124203030303,10,RUL > 125
54,98,159.0,0.010164581,-0.0001365339424242425,10,RUL > 125
54,99,158.0,0.010206404,-0.00010128603333333337,10,RUL > 125
54,100,157.0,0.010043272,-7.515577272727272e-05,10,RUL > 125
54,101,156.0,0.010398227,-3.2455454545454566e-05,10,RUL > 125
54,102,155.0,0.010368877,4.36358181818167e-06,10,RUL > 125
54,103,154.0,0.010712252,5.061051515151536e-05,10,RUL > 125
54,104,153.0,0.010644269,6.120054545454546e-05,10,RUL > 125
54,105,152.0,0.010507205,6.171298787878806e-05,10,RUL > 125
54,106,151.0,0.010741095,7.401059393939352e-05,10,RUL > 125
54,107,150.0,0.010740746,7.472416969696995e-05,10,RUL > 125
54,108,149.0,0.010702064,6.911878181818144e-05,10,RUL > 125
54,109,148.0,0.010440397,4.5513903030303294e-05,10,RUL > 125
54,110,147.0,0.010323163,1.8026969696971264e-06,10,RUL > 125
54,111,146.0,0.00993425,-4.285089696969677e-05,10,RUL > 125
54,112,145.0,0.009810028,-9.061293939393918e-05,10,RUL > 125
54,113,144.0,0.009899781,-0.00010381376969696975,10,RUL > 125
54,114,143.0,0.010193313,-9.568783030302973e-05,10,RUL > 125
54,115,142.0,0.010215185,-9.004033939393975e-05,10,RUL > 125
54,116,141.0,0.010406018,-5.485147272727339e-05,10,RUL > 125
54,117,140.0,0.010055562,-3.474011515151531e-05,10,RUL > 125
54,118,139.0,0.009779334,-2.396927878787906e-05,10,RUL > 125
54,119,138.0,0.009576833,-3.050381212121259e-05,10,RUL > 125
54,120,137.0,0.009650655,-3.0359848484848362e-05,10,RUL > 125
54,121,136.0,0.009632297,-4.899315151515162e-05,10,RUL > 125
54,122,135.0,0.009617565,-7.305144848484811e-05,10,RUL > 125
54,123,134.0,0.009542181,-9.290518181818157e-05,10,RUL > 125
54,124,133.0,0.009592402,-8.611624242424208e-05,10,RUL > 125
54,125,132.0,0.0096571855,-6.705175454545434e-05,10,RUL > 125
54,126,131.0,0.0094515635,-3.9717181818181787e-05,10,RUL > 125
54,127,130.0,0.009915201,1.1121212121210831e-06,10,RUL > 125
54,128,129.0,0.009909051,2.4892115151514956e-05,10,RUL > 125
54,129,128.0,0.009704465,2.244047878787895e-05,10,RUL > 125
54,130,127.0,0.009784068,2.77052363636365e-05,10,RUL > 125
54,131,126.0,0.009735078,2.7456818181817835e-05,10,RUL > 125
54,132,125.0,0.00978617,2.776727272727258e-05,10,76-125
54,133,124.0,0.009689285,1.5723793939394014e-05,10,76-125
54,134,123.0,0.0094068665,-1.0159342424241913e-05,10,76-125
54,135,122.0,0.009496998,-2.4558400000000314e-05,10,76-125
54,136,121.0,0.009466365,-5.239481515151506e-05,10,76-125
54,137,120.0,0.009640459,-4.0005439393939406e-05,10,76-125
54,138,119.0,0.0096334135,-2.5080157575757517e-05,10,76-125
54,139,118.0,0.009548378,-2.5091181818182323e-05,10,76-125
54,140,117.0,0.009460031,-2.2722303030303087e-05,10,76-125
54,141,116.0,0.009443102,-2.06151030303031e-05,10,76-125
54,142,115.0,0.009440638,-1.1697066666666608e-05,10,76-125
54,143,114.0,0.009601491,3.7240363636359173e-06,10,76-125
54,144,113.0,0.009464483,-6.0917545454544734e-06,10,76-125
54,145,112.0,0.009668723,5.432030303033037e-07,10,76-125
54,146,111.0,0.009483779,-7.033409090908799e-06,10,76-125
54,147,110.0,0.009396468,-7.97725151515185e-06,10,76-125
54,148,109.0,0.009636336,6.650381818181817e-06,10,76-125
54,149,108.0,0.009452181,5.528739393939621e-06,10,76-125
54,150,107.0,0.0090900175,-2.007105151515229e-05,10,76-125
54,151,106.0,0.009179901,-3.741169393939473e-05,10,76-125
54,152,105.0,0.00925796,-4.746852424242461e-05,10,76-125
54,153,104.0,0.009192667,-4.8148978787878174e-05,10,76-125
54,154,103.0,0.009393862,-4.203358484848489e-05,10,76-125
54,155,102.0,0.009280935,-2.760583333333332e-05,10,76-125
54,156,101.0,0.0093934685,-1.4669030303030738e-05,10,76-125
54,157,100.0,0.00944236,-3.791478787879277e-06,10,76-125
54,158,99.0,0.009459412,2.3451115151515066e-05,10,76-125
54,159,98.0,0.009364044,3.5359351515151186e-05,10,76-125
54,160,97.0,0.009528846,3.31808818181819e-05,10,76-125
54,161,96.0,0.009632005,3.730236666666621e-05,10,76-125
54,162,95.0,0.009789654,4.9746772727272795e-05,10,76-125
54,163,94.0,0.009930516,5.907691818181828e-05,10,76-125
54,164,93.0,0.010274702,9.16502212121213e-05,10,76-125
54,165,92.0,0.010187279,0.0001012496818181817,10,76-125
54,166,91.0,0.010233183,0.00010986924242424259,10,76-125
54,167,90.0,0.0101926625,0.00010935966969696898,10,76-125
54,168,89.0,0.010643243,0.0001254694393939398,10,76-125
54,169,88.0,0.010684077,0.00012309918484848455,10,76-125
54,170,87.0,0.0108892415,0.00012690612121212005,10,76-125
54,171,86.0,0.010850632,0.0001189947090909098,10,76-125
54,172,85.0,0.010714165,9.937833939393866e-05,10,76-125
54,173,84.0,0.01086116,8.596448484848492e-05,10,76-125
54,174,83.0,0.010797698,8.075426666666724e-05,10,76-125
54,175,82.0,0.01111755,8.082297575757585e-05,10,76-125
54,176,81.0,0.010889203,6.022064848484823e-05,10,76-125
54,177,80.0,0.011009324,3.551725151515153e-05,10,76-125
54,178,79.0,0.010876377,2.3701972727272834e-05,10,76-125
54,179,78.0,0.010766354,5.7818393939390744e-06,10,76-125
54,180,77.0,0.011082592,1.779138787878775e-05,10,76-125
54,181,76.0,0.011325034,3.8107436363636325e-05,10,76-125
54,182,75.0,0.011384594,4.682408484848526e-05,10,31-75
54,183,74.0,0.011845946,8.237864242424317e-05,10,31-75
54,184,73.0,0.011632299,9.011212727272665e-05,10,31-75
54,185,72.0,0.011742946,0.00011508799393939368,10,31-75
54,186,71.0,0.012513361,0.0001592828060606062,10,31-75
54,187,70.0,0.012502923,0.00019122957575757493,10,31-75
54,188,69.0,0.012409649,0.0001911213090909083,10,31-75
54,189,68.0,0.012434,0.000166421296969698,10,31-75
54,190,67.0,0.012447532,0.0001433280363636356,10,31-75
54,191,66.0,0.012109021,0.00010138861212121256,10,31-75
54,192,65.0,0.012064261,5.147552727272741e-05,10,31-75
54,193,64.0,0.012126967,2.7501181818181838e-05,10,31-75
54,194,63.0,0.011976435,-2.2333448484847144e-05,10,31-75
54,195,62.0,0.012082965,-6.315223030303038e-05,10,31-75
54,196,61.0,0.012140336,-5.360212727272733e-05,10,31-75
54,197,60.0,0.012319467,-3.045559393939381e-05,10,31-75
54,198,59.0,0.012295651,-1.2602672727272845e-05,10,31-75
54,199,58.0,0.01245131,1.6745933333332827e-05,10,31-75
54,200,57.0,0.012644228,5.730965454545506e-05,10,31-75
54,201,56.0,0.012985576,9.154076363636269e-05,10,31-75
54,202,55.0,0.013065522,0.00011652365454545417,10,31-75
54,203,54.0,0.013217911,0.00014186257575757666,10,31-75
54,204,53.0,0.013537316,0.00016136455757575737,10,31-75
54,205,52.0,0.014020108,0.00019538287878787946,10,31-75
54,206,51.0,0.0143731525,0.0002290023848484879,10,31-75
54,207,50.0,0.014514612,0.00025521548787879085,10,31-75
54,208,49.0,0.014718885,0.00026437520303030396,10,31-75
54,209,48.0,0.015068061,0.00027358561515151357,10,31-75
54,210,47.0,0.015239818,0.00027330759696969197,10,31-75
54,211,46.0,0.015239748,0.0002643205969696978,10,31-75
54,212,45.0,0.015936222,0.00027132952424242454,10,31-75
54,213,44.0,0.016313111,0.00027425893636363457,10,31-75
54,214,43.0,0.017006561,0.0002987889848484837,10,31-75
54,215,42.0,0.017960329,0.00036547742121212416,10,31-75
54,216,41.0,0.017956901,0.0004077549212121146,10,31-75
54,217,40.0,0.0190427,0.00047524907878787744,10,31-75
54,218,39.0,0.02037684,0.0005742467939393933,10,31-75
54,219,38.0,0.021518342,0.0006902053818181833,10,31-75
54,220,37.0,0.022542218,0.0007952769939393899,10,31-75
54,221,36.0,0.02417362,0.0009008155636363652,10,31-75
54,222,35.0,0.025280738,0.0010048846303030406,10,31-75
54,223,34.0,0.026391365,0.0010813924242424103,10,31-75
54,224,33.0,0.027124764,0.001121973145454532,10,31-75
54,225,32.0,0.028397795,0.0011729315696969618,10,31-75
54,226,31.0,0.029972576,0.0011830438666666687,10,31-75
54,227,30.0,0.031877138,0.001223783418181815,10,0-30
54,228,29.0,0.03304033,0.0012613435272727026,10,0-30
54,229,28.0,0.034535997,0.0013030887575757584,10,0-30
54,230,27.0,0.03572984,0.0013204213393939348,10,0-30
54,231,26.0,0.037657805,0.0013918258181818389,10,0-30
54,232,25.0,0.039859712,0.001493697515151507,10,0-30
54,233,24.0,0.041809455,0.0015992457939393951,10,0-30
54,234,23.0,0.044476632,0.0017122837818181955,10,0-30
54,235,22.0,0.046159856,0.00179167704848484,10,0-30
54,236,21.0,0.048731145,0.0019010101333333418,10,0-30
54,237,20.0,0.051112782,0.002039844896969705,10,0-30
54,238,19.0,0.054690354,0.002218206763636348,10,0-30
54,239,18.0,0.057853,0.0024063631939393645,10,0-30
54,240,17.0,0.06156132,0.0025937508181818002,10,0-30
54,241,16.0,0.06435873,0.002749146593939406,10,0-30
54,242,15.0,0.06705057,0.002874516230303032,10,0-30
54,243,14.0,0.070520066,0.0029895278121211404,10,0-30
54,244,13.0,0.07498187,0.0031777149151515525,10,0-30
54,245,12.0,0.07909042,0.003332459218181757,10,0-30
54,246,11.0,0.08319342,0.003483264436363642,10,0-30
54,247,10.0,0.08712494,0.003589567454545485,10,0-30
54,248,9.0,0.09211692,0.00377015408484846,10,0-30
54,249,8.0,0.0979514,0.004026172800000014,10,0-30
54,250,7.0,0.10245457,0.004288999090909135,10,0-30
54,251,6.0,0.10849915,0.004572347987878826,10,0-30
54,252,5.0,0.11593266,0.004905581672727269,10,0-30
54,253,4.0,0.12172061,0.005193311272727211,10,0-30
54,254,3.0,0.12942873,0.0055783247272727,10,0-30
54,255,2.0,0.13841504,0.006067441939393909,10,0-30
54,256,1.0,0.14535217,0.006489395090909042,10,0-30
54,257,0.0,0.15450433,0.006919218909090921,10,0-30
71,39,169.0,0.009690428,-7.641888181818218e-05,10,RUL > 125
71,40,168.0,0.009748429,-0.00012373077272727297,10,RUL > 125
71,41,167.0,0.009966315,-0.00014696483939393904,10,RUL > 125
71,42,166.0,0.0097032925,-0.00014664427272727292,10,RUL > 125
71,43,165.0,0.009808267,-0.0001311862181818181,10,RUL > 125
71,44,164.0,0.00980786,-0.00010688144242424245,10,RUL > 125
71,45,163.0,0.0099715935,-6.361654848484873e-05,10,RUL > 125
71,46,162.0,0.009890334,-1.4389396969696729e-05,10,RUL > 125
71,47,161.0,0.009910004,1.0284966666666406e-05,10,RUL > 125
71,48,160.0,0.009895043,2.0588793939394104e-05,10,RUL > 125
71,49,159.0,0.009766688,6.720721212121478e-06,10,RUL > 125
71,50,158.0,0.009946299,5.591981818181723e-06,10,RUL > 125
71,51,157.0,0.009952414,1.6924096969696984e-05,10,RUL > 125
71,52,156.0,0.009813827,3.3305848484846515e-06,10,RUL > 125
71,53,155.0,0.010003546,5.743869696969497e-06,10,RUL > 125
71,54,154.0,0.009899219,7.243939393886365e-08,10,RUL > 125
71,55,153.0,0.009829562,4.097212121212972e-07,10,RUL > 125
71,56,152.0,0.009749308,-7.326193939393706e-06,10,RUL > 125
71,57,151.0,0.009932995,-2.0220787878786755e-06,10,RUL > 125
71,58,150.0,0.0097315395,-8.982524242423965e-06,10,RUL > 125
71,59,149.0,0.009536459,-3.31588636363639e-05,10,RUL > 125
71,60,148.0,0.009317751,-5.450000909090889e-05,10,RUL > 125
71,61,147.0,0.009132531,-7.791763333333342e-05,10,RUL > 125
71,62,146.0,0.008591631,-0.00013014005151515057,10,RUL > 125
71,63,145.0,0.008684567,-0.0001498308030303038,10,RUL > 125
71,64,144.0,0.0091122985,-0.00013715825454545513,10,RUL > 125
71,65,143.0,0.009194355,-0.00011511526666666625,10,RUL > 125
71,66,142.0,0.009065914,-9.77289393939399e-05,10,RUL > 125
71,67,141.0,0.009265585,-4.892210303030323e-05,10,RUL > 125
71,68,140.0,0.009242294,-6.726233333333727e-06,10,RUL > 125
71,69,139.0,0.009105022,2.0906954545454316e-05,10,RUL > 125
71,70,138.0,0.009140646,4.1132275757575735e-05,10,RUL > 125
71,71,137.0,0.008936549,4.002376060606076e-05,10,RUL > 125
71,72,136.0,0.00903707,1.0713748484849067e-05,10,RUL > 125
71,73,135.0,0.009014738,-1.901790000000017e-05,10,RUL > 125
71,74,134.0,0.008921866,-2.9301933333333538e-05,10,RUL > 125
71,75,133.0,0.008972272,-2.905784242424244e-05,10,RUL > 125
71,76,132.0,0.008944848,-3.618042424242415e-05,10,RUL > 125
71,77,131.0,0.008851314,-3.362599393939355e-05,10,RUL > 125
71,78,130.0,0.008893439,-2.5305103030303106e-05,10,RUL > 125
71,79,129.0,0.0090698525,-1.2284578787879138e-05,10,RUL > 125
71,80,128.0,0.008871593,-7.276978787879095e-06,10,RUL > 125
71,81,127.0,0.008957942,-7.904651515151557e-06,10,RUL > 125
71,82,126.0,0.008929186,-3.658742424242207e-06,10,RUL > 125
71,83,125.0,0.008941412,1.0729242424242477e-06,10,76-125
71,84,124.0,0.009116629,1.0059215151515258e-05,10,76-125
71,85,123.0,0.009174179,2.318423333333299e-05,10,76-125
71,86,122.0,0.009129489,2.9595990909091225e-05,10,76-125
71,87,121.0,0.008651991,1.4887303030303654e-06,10,76-125
71,88,120.0,0.008451128,-3.2350324242424204e-05,10,76-125
71,89,119.0,0.00838587,-5.262666060606094e-05,10,76-125
71,90,118.0,0.008569889,-6.779219999999944e-05,10,76-125
71,91,117.0,0.008641539,-6.963593939393908e-05,10,76-125
71,92,116.0,0.00857405,-7.324277575757591e-05,10,76-125
71,93,115.0,0.008806164,-5.9069103030303005e-05,10,76-125
71,94,114.0,0.008260602,-6.133285454545432e-05,10,76-125
71,95,113.0,0.008185596,-5.347509090909091e-05,10,76-125
71,96,112.0,0.008567298,-1.5793727272727738e-05,10,76-125
71,97,111.0,0.008390452,-1.2777272727272965e-05,10,76-125
71,98,110.0,0.008618955,-7.517715151515504e-06,10,76-125
71,99,109.0,0.008617058,-8.746430303030223e-06,10,76-125
71,100,108.0,0.008416143,-1.1468490909090687e-05,10,76-125
71,101,107.0,0.008475229,-4.327424242424423e-06,10,76-125
71,102,106.0,0.008562889,5.111709090908954e-06,10,76-125
71,103,105.0,0.00840917,2.177572121212124e-05,10,76-125
71,104,104.0,0.008377326,5.144036363636483e-06,10,76-125
71,105,103.0,0.008499627,-1.1231921212120908e-05,10,76-125
71,106,102.0,0.008530835,-4.265260606060736e-06,10,76-125
71,107,101.0,0.008475646,-1.1656666666666438e-05,10,76-125
71,108,100.0,0.008463672,-5.500321212121377e-06,10,76-125
71,109,99.0,0.008138827,-1.5307042424242265e-05,10,76-125
71,110,98.0,0.008220227,-2.8271357575757596e-05,10,76-125
71,111,97.0,0.008258761,-3.28200121212122e-05,10,76-125
71,112,96.0,0.008203678,-3.190533939393933e-05,10,76-125
71,113,95.0,0.008036374,-4.6010199999999894e-05,10,76-125
71,114,94.0,0.0077987383,-7.068120181818166e-05,10,76-125
71,115,93.0,0.007924141,-7.334547212121216e-05,10,76-125
71,116,92.0,0.007849229,-7.103973030303038e-05,10,76-125
71,117,91.0,0.007853722,-6.390629151515175e-05,10,76-125
71,118,90.0,0.008248465,-2.8501210303030196e-05,10,76-125
71,119,89.0,0.008346772,-6.78169272727298e-06,10,76-125
71,120,88.0,0.00846023,2.403256424242409e-05,10,76-125
71,121,87.0,0.00871193,6.823571818181801e-05,10,76-125
71,122,86.0,0.008917716,0.00011449840545454475,10,76-125
71,123,85.0,0.009086223,0.0001501437775757577,10,76-125
71,124,84.0,0.0093444185,0.00017130471818181764,10,76-125
71,125,83.0,0.009307041,0.0001800515484848483,10,76-125
71,126,82.0,0.0093537895,0.00016959173939393876,10,76-125
71,127,81.0,0.009713157,0.0001607962303030298,10,76-125
71,128,80.0,0.009716174,0.0001559428787878777,10,76-125
71,129,79.0,0.009816532,0.0001453269878787881,10,76-125
71,130,78.0,0.009778322,0.00012237550909090879,10,76-125
71,131,77.0,0.010062975,0.00011575368484848405,10,76-125
71,132,76.0,0.010189304,0.00011336529696969711,10,76-125
71,133,75.0,0.010814469,0.00014089743030302985,10,31-75
71,134,74.0,0.011103291,0.00018044808787878616,10,31-75
71,135,73.0,0.011118685,0.00019702691818181822,10,31-75
71,136,72.0,0.011011087,0.0001888940121212118,10,31-75
71,137,71.0,0.011057773,0.00018717699393939357,10,31-75
71,138,70.0,0.01116835,0.00017539420606060575,10,31-75
71,139,69.0,0.011223136,0.00015568814545454613,10,31-75
71,140,68.0,0.011275779,0.00011925644242424187,10,31-75
71,141,67.0,0.011494108,9.555946666666681e-05,10,31-75
71,142,66.0,0.011689097,7.357312121212162e-05,10,31-75
71,143,65.0,0.0119338855,8.843723333333377e-05,10,31-75
71,144,64.0,0.012120533,0.0001191682333333329,10,31-75
71,145,63.0,0.011818714,0.00012213243939393942,10,31-75
71,146,62.0,0.011888402,0.0001132394090909084,10,31-75
71,147,61.0,0.012203966,0.0001140372393939394,10,31-75
71,148,60.0,0.012325498,0.00011494263939393926,10,31-75
71,149,59.0,0.012208089,9.907027575757525e-05,10,31-75
71,150,58.0,0.0120756,6.754194848484792e-05,10,31-75
71,151,57.0,0.0122732455,5.165475151515182e-05,10,31-75
71,152,56.0,0.012377973,4.50351393939393e-05,10,31-75
71,153,55.0,0.012502634,5.318443939393939e-05,10,31-75
71,154,54.0,0.012460604,6.459043939393907e-05,10,31-75
71,155,53.0,0.012675576,6.347884545454569e-05,10,31-75
71,156,52.0,0.012613866,5.326091212121218e-05,10,31-75
71,157,51.0,0.01238909,4.3026566666665913e-05,10,31-75
71,158,50.0,0.012261806,3.170766363636341e-05,10,31-75
71,159,49.0,0.012446534,2.3409590909090413e-05,10,31-75
71,160,48.0,0.012889142,2.7530930303030526e-05,10,31-75
71,161,47.0,0.012804948,3.0375121212120798e-05,10,31-75
71,162,46.0,0.012612337,2.3250212121211742e-05,10,31-75
71,163,45.0,0.012688101,2.572784242424254e-05,10,31-75
71,164,44.0,0.012719486,2.486729696969689e-05,10,31-75
71,165,43.0,0.013047556,5.309498181818128e-05,10,31-75
71,166,42.0,0.013268626,8.475818181818188e-05,10,31-75
71,167,41.0,0.013694975,0.00011675523030302984,10,31-75
71,168,40.0,0.013749173,0.00012739402424242414,10,31-75
71,169,39.0,0.014045087,0.00014846009090909072,10,31-75
71,170,38.0,0.0141744185,0.0001867114030303018,10,31-75
71,171,37.0,0.014425031,0.0002174404454545473,10,31-75
71,172,36.0,0.014871163,0.00024002585757575584,10,31-75
71,173,35.0,0.015363316,0.0002671272030303034,10,31-75
71,174,34.0,0.015524574,0.0002726899242424268,10,31-75
71,175,33.0,0.016570104,0.0003231518212121198,10,31-75
71,176,32.0,0.017402383,0.00039105120303030194,10,31-75
71,177,31.0,0.01841251,0.0004923655424242423,10,31-75
71,178,30.0,0.018707054,0.0005561768757575689,10,0-30
71,179,29.0,0.019751698,0.0006366008636363606,10,0-30
71,180,28.0,0.0214463,0.0007489087454545411,10,0-30
71,181,27.0,0.022550065,0.0008499854727272664,10,0-30
71,182,26.0,0.023931718,0.000957681963636377,10,0-30
71,183,25.0,0.025843197,0.0010926262363636463,10,0-30
71,184,24.0,0.02790163,0.0012235703454545376,10,0-30
71,185,23.0,0.029278154,0.0013492746606060557,10,0-30
71,186,22.0,0.030489871,0.0014425209272727287,10,0-30
71,187,21.0,0.03275424,0.0015679838121212043,10,0-30
71,188,20.0,0.03514907,0.0016698709030302896,10,0-30
71,189,19.0,0.03710611,0.0017488514000000151,10,0-30
71,190,18.0,0.038171504,0.0017885612545454524,10,0-30
71,191,17.0,0.042295836,0.0019240892606060538,10,0-30
71,192,16.0,0.04581882,0.002104547551515158,10,0-30
71,193,15.0,0.047598045,0.0022441882060605977,10,0-30
71,194,14.0,0.050670873,0.0024249713999999773,10,0-30
71,195,13.0,0.05416465,0.0026121016909090916,10,0-30
71,196,12.0,0.05916836,0.0028512882545454676,10,0-30
71,197,11.0,0.063948646,0.003154557575757611,10,0-30
71,198,10.0,0.06859793,0.0034929655272727105,10,0-30
71,199,9.0,0.07322998,0.0038090593575757464,10,0-30
71,200,8.0,0.0787749,0.004060764545454583,10,0-30
71,201,7.0,0.085086785,0.004439547460606015,10,0-30
71,202,6.0,0.0914216,0.004880053169696967,10,0-30
71,203,5.0,0.09752329,0.005219232363636418,10,0-30
71,204,4.0,0.10548346,0.005592303363636367,10,0-30
71,205,3.0,0.11335724,0.005963376745454559,10,0-30
71,206,2.0,0.12264248,0.00645701249090917,10,0-30
71,207,1.0,0.13274552,0.007051025606060689,10,0-30
71,208,0.0,0.14395906,0.007732737121212162,10,0-30
74,39,127.0,0.0093243625,-3.122948181818198e-05,10,RUL > 125
74,40,126.0,0.009312089,-5.974337272727305e-05,10,RUL > 125
74,41,125.0,0.009369127,-7.908724545454507e-05,10,76-125
74,42,124.0,0.009451784,-8.736484545454517e-05,10,76-125
74,43,123.0,0.0094512375,-8.383530909090898e-05,10,76-125
74,44,122.0,0.009225835,-7.826844848484844e-05,10,76-125
74,45,121.0,0.009071214,-8.510174545454561e-05,10,76-125
74,46,120.0,0.008877247,-8.091664242424281e-05,10,76-125
74,47,119.0,0.008850641,-7.512347272727344e-05,10,76-125
74,48,118.0,0.009080066,-5.6092830303030667e-05,10,76-125
74,49,117.0,0.009105632,-5.311422727272718e-05,10,76-125
74,50,116.0,0.009101736,-4.8515087878788074e-05,10,76-125
74,51,115.0,0.009650006,-7.658045454545245e-06,10,76-125
74,52,114.0,0.009631781,3.431077878787898e-05,10,76-125
74,53,113.0,0.009577121,7.107993333333347e-05,10,76-125
74,54,112.0,0.009772503,0.00010195359393939405,10,76-125
74,55,111.0,0.009836731,0.0001193962545454549,10,76-125
74,56,110.0,0.009674833,0.00010579798787878805,10,76-125
74,57,109.0,0.010024802,9.984749696969685e-05,10,76-125
74,58,108.0,0.010097235,9.89106424242424e-05,10,76-125
74,59,107.0,0.009972643,8.055293939393929e-05,10,76-125
74,60,106.0,0.009852055,4.484875151515174e-05,10,76-125
74,61,105.0,0.009878942,3.806768484848477e-05,10,76-125
74,62,104.0,0.00972396,1.8843072727272967e-05,10,76-125
74,63,103.0,0.009609075,-1.140931515151591e-05,10,76-125
74,64,102.0,0.009509658,-3.444630303030362e-05,10,76-125
74,65,101.0,0.009446851,-5.344126060606017e-05,10,76-125
74,66,100.0,0.009597297,-7.029745454545543e-05,10,76-125
74,67,99.0,0.009876621,-4.7646696969697373e-05,10,76-125
74,68,98.0,0.009988934,-1.2244775757575887e-05,10,76-125
74,69,97.0,0.010131613,2.394624242424179e-05,10,76-125
74,70,96.0,0.010308924,5.984266060606051e-05,10,76-125
74,71,95.0,0.0103684785,9.524216666666707e-05,10,76-125
74,72,94.0,0.010128099,0.00010126415454545429,10,76-125
74,73,93.0,0.010493624,0.00011466621515151522,10,76-125
74,74,92.0,0.010407688,0.00010603125151515164,10,76-125
74,75,91.0,0.010375568,8.057194242424213e-05,10,76-125
74,76,90.0,0.010588199,6.54832454545451e-05,10,76-125
74,77,89.0,0.010453653,4.966634242424232e-05,10,76-125
74,78,88.0,0.010630258,4.3975645454545685e-05,10,76-125
74,79,87.0,0.010686132,4.307093030303029e-05,10,76-125
74,80,86.0,0.010695977,4.780250606060637e-05,10,76-125
74,81,85.0,0.010234175,2.662363030303058e-05,10,76-125
74,82,84.0,0.010551013,8.329448484848366e-06,10,76-125
74,83,83.0,0.0106893005,1.6820324242424483e-05,10,76-125
74,84,82.0,0.010740702,2.0014015151515037e-05,10,76-125
74,85,81.0,0.010866579,2.389585757575746e-05,10,76-125
74,86,80.0,0.01075869,3.0116596969696808e-05,10,76-125
74,87,79.0,0.010538278,1.3278572727272897e-05,10,76-125
74,88,78.0,0.010614219,1.1330693939393932e-05,10,76-125
74,89,77.0,0.010815693,2.42916515151514e-05,10,76-125
74,90,76.0,0.010876354,3.9647287878787955e-05,10,76-125
74,91,75.0,0.010853297,2.077208181818186e-05,10,31-75
74,92,74.0,0.011102387,2.910162727272724e-05,10,31-75
74,93,73.0,0.011054433,3.735134545454564e-05,10,31-75
74,94,72.0,0.011199888,5.2535890909090876e-05,10,31-75
74,95,71.0,0.011260307,7.384192727272762e-05,10,31-75
74,96,70.0,0.010795278,5.7817684848485e-05,10,31-75
74,97,69.0,0.0108643,3.042065454545446e-05,10,31-75
74,98,68.0,0.011113782,1.7742684848484916e-05,10,31-75
74,99,67.0,0.011228812,1.8715369696969957e-05,10,31-75
74,100,66.0,0.011183878,1.6273672727273225e-05,10,31-75
74,101,65.0,0.011145551,6.476715151514671e-06,10,31-75
74,102,64.0,0.011214654,1.3512539393939237e-05,10,31-75
74,103,63.0,0.011080801,8.689545454545586e-06,10,31-75
74,104,62.0,0.010861926,1.3053030303029854e-06,10,31-75
74,105,61.0,0.010820463,-2.1611515151489007e-07,10,31-75
74,106,60.0,0.0106049655,-3.916243333333313e-05,10,31-75
74,107,59.0,0.010588482,-7.20995666666663e-05,10,31-75
74,108,58.0,0.010512035,-8.92311545454535e-05,10,31-75
74,109,57.0,0.010448905,-9.48436272727261e-05,10,31-75
74,110,56.0,0.010472961,-9.268613636363592e-05,10,31-75
74,111,55.0,0.010926761,-5.9713875757575435e-05,10,31-75
74,112,54.0,0.010698841,-3.191474848484874e-05,10,31-75
74,113,53.0,0.01065252,-9.313475757575715e-06,10,31-75
74,114,52.0,0.010405038,-9.61160303030323e-06,10,31-75
74,115,51.0,0.010388701,-8.027003030303093e-06,10,31-75
74,116,50.0,0.01026512,-2.2316206060606415e-05,10,31-75
74,117,49.0,0.01047265,-2.2265151515151667e-05,10,31-75
74,118,48.0,0.010417968,-2.8889193939393734e-05,10,31-75
74,119,47.0,0.010397355,-3.970604242424338e-05,10,31-75
74,120,46.0,0.010318167,-5.261365454545416e-05,10,31-75
74,121,45.0,0.0102141425,-3.906570606060621e-05,10,31-75
74,122,44.0,0.010078133,-3.949332424242399e-05,10,31-75
74,123,43.0,0.010031316,-3.803893030303025e-05,10,31-75
74,124,42.0,0.010124281,-4.0482772727272465e-05,10,31-75
74,125,41.0,0.0101727,-3.7971596969697016e-05,10,31-75
74,126,40.0,0.010091752,-4.549630606060621e-05,10,31-75
74,127,39.0,0.009974039,-4.3504960606060424e-05,10,31-75
74,128,38.0,0.0105670085,-6.771521212121073e-06,10,31-75
74,129,37.0,0.010484121,2.2260030303030573e-05,10,31-75
74,130,36.0,0.010862687,6.560972727272674e-05,10,31-75
74,131,35.0,0.011120823,0.00010950436060605969,10,31-75
74,132,34.0,0.011652411,0.00016233733636363722,10,31-75
74,133,33.0,0.011709406,0.0001960758393939383,10,31-75
74,134,32.0,0.012195383,0.00024217936060605733,10,31-75
74,135,31.0,0.0120097,0.00025627838484848503,10,31-75
74,136,30.0,0.011727323,0.00022731182727272697,10,0-30
74,137,29.0,0.011856188,0.0001777016333333327,10,0-30
74,138,28.0,0.011733534,0.00013811859393939396,10,0-30
74,139,27.0,0.011773568,8.105369090909048e-05,10,0-30
74,140,26.0,0.012056972,4.9055260606060464e-05,10,0-30
74,141,25.0,0.013047251,7.380493333333268e-05,10,0-30
74,142,24.0,0.013011835,0.00010871138181818263,10,0-30
74,143,23.0,0.01358876,0.00016240826666666792,10,0-30
74,144,22.0,0.0134759,0.00021956756969696936,10,0-30
74,145,21.0,0.01338442,0.00024383676969696961,10,0-30
74,146,20.0,0.013874088,0.0002593267272727255,10,0-30
74,147,19.0,0.01382183,0.0002545358545454548,10,0-30
74,148,18.0,0.013915823,0.00022286897575757533,10,0-30
74,149,17.0,0.014340827,0.00019060107878787863,10,0-30
74,150,16.0,0.015366426,0.00020205025454545487,10,0-30
74,151,15.0,0.015441437,0.00024349494545454823,10,0-30
74,152,14.0,0.015351792,0.00024866840606060773,10,0-30
74,153,13.0,0.015905794,0.00029415870909090767,10,0-30
74,154,12.0,0.015510704,0.0002824893878787884,10,0-30
74,155,11.0,0.015636971,0.0002469444000000008,10,0-30
74,156,10.0,0.016258992,0.0002506687151515153,10,0-30
74,157,9.0,0.016560353,0.00023843910909090863,10,0-30
74,158,8.0,0.01694972,0.00022051968484848507,10,0-30
74,159,7.0,0.017328212,0.00021480436969697076,10,0-30
74,160,6.0,0.017501323,0.00025069401212121146,10,0-30
74,161,5.0,0.017977634,0.0002916874484848486,10,0-30
74,162,4.0,0.018388886,0.0003183946969696967,10,0-30
74,163,3.0,0.019548975,0.00040849973333333334,10,0-30
74,164,2.0,0.02068087,0.0004898453939393938,10,0-30
74,165,1.0,0.021443184,0.0005585209393939374,10,0-30
74,166,0.0,0.022772653,0.0006708027030303055,10,0-30
77,39,115.0,0.010332966,7.516352727272734e-05,10,76-125
77,40,114.0,0.010233184,6.823056363636318e-05,10,76-125
77,41,113.0,0.009877931,3.7340127272727105e-05,10,76-125
77,42,112.0,0.009712613,-1.7020381818182008e-05,10,76-125
77,43,111.0,0.009652392,-6.524804242424232e-05,10,76-125
77,44,110.0,0.009516459,-0.00011753740606060587,10,76-125
77,45,109.0,0.009528859,-0.00011441114545454584,10,76-125
77,46,108.0,0.0091630425,-0.00011761012424242434,10,76-125
77,47,107.0,0.009082832,-0.00014421322121212145,10,76-125
77,48,106.0,0.009163851,-0.00013840082727272746,10,76-125
77,49,105.0,0.009275502,-0.00011043788787878785,10,76-125
77,50,104.0,0.00956451,-6.054526363636376e-05,10,76-125
77,51,103.0,0.009638954,-2.2170451515151357e-05,10,76-125
77,52,102.0,0.009689573,1.0840887878787839e-05,10,76-125
77,53,101.0,0.009662594,3.8645184848485063e-05,10,76-125
77,54,100.0,0.009889137,6.962051212121235e-05,10,76-125
77,55,99.0,0.010150443,0.00011115825151515184,10,76-125
77,56,98.0,0.009957999,0.00011027692727272734,10,76-125
77,57,97.0,0.010013683,9.744970909090907e-05,10,76-125
77,58,96.0,0.01028972,9.379727878787944e-05,10,76-125
77,59,95.0,0.010426894,9.142356969696985e-05,10,76-125
77,60,94.0,0.010686601,0.00010852663030303058,10,76-125
77,61,93.0,0.011148301,0.00014217515757575778,10,76-125
77,62,92.0,0.011364185,0.0001726786606060599,10,76-125
77,63,91.0,0.011012548,0.00016190503636363628,10,76-125
77,64,90.0,0.011016948,0.0001501112000000003,10,76-125
77,65,89.0,0.0101874275,9.682075454545461e-05,10,76-125
77,66,88.0,0.010208965,3.142718484848397e-05,10,76-125
77,67,87.0,0.010443014,-2.0529821212121582e-05,10,76-125
77,68,86.0,0.010461217,-5.829548181818133e-05,10,76-125
77,69,85.0,0.010604232,-8.119414242424245e-05,10,76-125
77,70,84.0,0.010604953,-8.888922727272714e-05,10,76-125
77,71,83.0,0.010731231,-5.7926748484848124e-05,10,76-125
77,72,82.0,0.010981678,6.144136363636213e-06,10,76-125
77,73,81.0,0.011172503,6.181763939393917e-05,10,76-125
77,74,80.0,0.011367133,0.00012646180909090926,10,76-125
77,75,79.0,0.0114078475,0.000133780736363636,10,76-125
77,76,78.0,0.011428334,0.00012885997272727277,10,76-125
77,77,77.0,0.0114557,0.0001262549363636359,10,76-125
77,78,76.0,0.011422505,0.00011077781515151519,10,76-125
77,79,75.0,0.011216297,8.19353424242424e-05,10,31-75
77,80,74.0,0.011467468,5.942220303030285e-05,10,31-75
77,81,73.0,0.011257898,2.344177878787876e-05,10,31-75
77,82,72.0,0.011260157,-2.102803030302604e-06,10,31-75
77,83,71.0,0.011387385,-1.1361512121211844e-05,10,31-75
77,84,70.0,0.011117831,-2.4952463636363945e-05,10,31-75
77,85,69.0,0.010934197,-4.2823672727272956e-05,10,31-75
77,86,68.0,0.011103108,-4.437456969696935e-05,10,31-75
77,87,67.0,0.010916867,-5.0317533333332684e-05,10,31-75
77,88,66.0,0.01081605,-5.7441296969697044e-05,10,31-75
77,89,65.0,0.010913542,-6.564354545454574e-05,10,31-75
77,90,64.0,0.010983707,-4.960412121212097e-05,10,31-75
77,91,63.0,0.010553355,-6.514600606060603e-05,10,31-75
77,92,62.0,0.010452737,-7.748563030303021e-05,10,31-75
77,93,61.0,0.010573367,-6.497666060606049e-05,10,31-75
77,94,60.0,0.010814734,-4.740559999999963e-05,10,31-75
77,95,59.0,0.011297463,-1.2072230303030063e-05,10,31-75
77,96,58.0,0.011456602,3.879895757575757e-05,10,31-75
77,97,57.0,0.011409747,7.041357575757555e-05,10,31-75
77,98,56.0,0.011548094,9.687895757575776e-05,10,31-75
77,99,55.0,0.012044886,0.00014806829090908993,10,31-75
77,100,54.0,0.012299601,0.00020411557575757526,10,31-75
77,101,53.0,0.012060647,0.00020248864242424335,10,31-75
77,102,52.0,0.011805886,0.00016198758181818192,10,31-75
77,103,51.0,0.011503545,9.663538787878829e-05,10,31-75
77,104,50.0,0.011486546,3.517222424242441e-05,10,31-75
77,105,49.0,0.011889764,1.974152727272777e-05,10,31-75
77,106,48.0,0.011738576,-5.059272727269515e-07,10,31-75
77,107,47.0,0.011820482,-2.282731515151471e-05,10,31-75
77,108,46.0,0.011683802,-4.835944848484733e-05,10,31-75
77,109,45.0,0.011881179,-3.165104242424259e-05,10,31-75
77,110,44.0,0.011246745,-3.0582799999999696e-05,10,31-75
77,111,43.0,0.011181271,-3.625424242424228e-05,10,31-75
77,112,42.0,0.010904106,-6.336873939393937e-05,10,31-75
77,113,41.0,0.011004007,-9.425949090909104e-05,10,31-75
77,114,40.0,0.011155315,-0.00011197533939393915,10,31-75
77,115,39.0,0.011204536,-9.611028484848513e-05,10,31-75
77,116,38.0,0.01086671,-0.00010044550909090927,10,31-75
77,117,37.0,0.011202756,-7.04224787878789e-05,10,31-75
77,118,36.0,0.011306579,-3.63607878787883e-05,10,31-75
77,119,35.0,0.011020766,-1.5803030303043787e-07,10,31-75
77,120,34.0,0.01084864,-5.210315151514797e-06,10,31-75
77,121,33.0,0.010864698,-8.926127272727336e-06,10,31-75
77,122,32.0,0.010798005,-3.092015757575723e-05,10,31-75
77,123,31.0,0.010857632,-4.171566666666632e-05,10,31-75
77,124,30.0,0.010838186,-4.1710424242424115e-05,10,0-30
77,125,29.0,0.01091417,-3.0435212121211918e-05,10,0-30
77,126,28.0,0.010681418,-5.085770909090889e-05,10,0-30
77,127,27.0,0.0110984845,-2.3882093939393807e-05,10,0-30
77,128,26.0,0.011291981,2.183330606060557e-05,10,0-30
77,129,25.0,0.011508817,6.049886969697009e-05,10,0-30
77,130,24.0,0.011470493,7.968319696969671e-05,10,0-30
77,131,23.0,0.011472361,9.250233636363565e-05,10,0-30
77,132,22.0,0.011924543,0.00011817413636363701,10,0-30
77,133,21.0,0.011979161,0.00013714522727272652,10,0-30
77,134,20.0,0.011688378,0.00012536473636363488,10,0-30
77,135,19.0,0.011766391,0.00011259974242424221,10,0-30
77,136,18.0,0.012401833,0.00010864846969696946,10,0-30
77,137,17.0,0.012445476,0.00011402864242424267,10,0-30
77,138,16.0,0.0127162365,0.0001307501666666668,10,0-30
77,139,15.0,0.012703827,0.0001439868393939402,10,0-30
77,140,14.0,0.013157423,0.00016492520909090842,10,0-30
77,141,13.0,0.013406024,0.0001791005303030288,10,0-30
77,142,12.0,0.013732474,0.0002177893424242441,10,0-30
77,143,11.0,0.013597432,0.00023083911212121318,10,0-30
77,144,10.0,0.014143469,0.00023467177878787877,10,0-30
77,145,9.0,0.014591988,0.00023841130606060544,10,0-30
77,146,8.0,0.015326722,0.0002903403727272715,10,0-30
77,147,7.0,0.016027503,0.00034795019090909173,10,0-30
77,148,6.0,0.016884483,0.0004269365636363623,10,0-30
77,149,5.0,0.018212661,0.0005270175090909019,10,0-30
77,150,4.0,0.019645356,0.0006687114424242445,10,0-30
77,151,3.0,0.020278482,0.0007828713090909192,10,0-30
77,152,2.0,0.021197503,0.0008856204060606122,10,0-30
77,153,1.0,0.022885278,0.0009809419575757526,10,0-30
77,154,0.0,0.025193874,0.0011260094424242442,10,0-30
78,39,192.0,0.0098510785,1.3746130303030188e-05,10,RUL > 125
78,40,191.0,0.010083835,3.5659372727272575e-05,10,RUL > 125
78,41,190.0,0.0099992445,4.174310909090911e-05,10,RUL > 125
78,42,189.0,0.009954089,5.988726666666699e-05,10,RUL > 125
78,43,188.0,0.010163879,8.255320606060579e-05,10,RUL > 125
78,44,187.0,0.010177768,8.282653939393968e-05,10,RUL > 125
78,45,186.0,0.010668732,8.926036363636362e-05,10,RUL > 125
78,46,185.0,0.01075189,8.684371515151508e-05,10,RUL > 125
78,47,184.0,0.010728115,9.435762424242445e-05,10,RUL > 125
78,48,183.0,0.0105810445,0.00010303454242424238,10,RUL > 125
78,49,182.0,0.0106647955,9.349316060606073e-05,10,RUL > 125
78,50,181.0,0.010435733,7.711132424242429e-05,10,RUL > 125
78,51,180.0,0.010692517,6.483109090909109e-05,10,RUL > 125
78,52,179.0,0.010956843,5.555496969696979e-05,10,RUL > 125
78,53,178.0,0.010895189,4.4747309090908904e-05,10,RUL > 125
78,54,177.0,0.010807617,2.1224563636363282e-05,10,RUL > 125
78,55,176.0,0.011045465,3.5771745454545315e-05,10,RUL > 125
78,56,175.0,0.011047763,5.142167878787859e-05,10,RUL > 125
78,57,174.0,0.011201259,7.027278181818195e-05,10,RUL > 125
78,58,173.0,0.011815993,0.00010711505151515203,10,RUL > 125
78,59,172.0,0.011726196,0.00012967363030303016,10,RUL > 125
78,60,171.0,0.011495386,0.00011150627878787871,10,RUL > 125
78,61,170.0,0.011397068,9.22507818181816e-05,10,RUL > 125
78,62,169.0,0.011294842,7.65010424242422e-05,10,RUL > 125
78,63,168.0,0.011322241,5.403856969696904e-05,10,RUL > 125
78,64,167.0,0.011353606,2.2272393939393485e-05,10,RUL > 125
78,65,166.0,0.011343296,-8.176606060601012e-07,10,RUL > 125
78,66,165.0,0.011231437,-3.3465987878789e-05,10,RUL > 125
78,67,164.0,0.010676125,-8.839734545454595e-05,10,RUL > 125
78,68,163.0,0.010385511,-0.00011183284848484866,10,RUL > 125
78,69,162.0,0.010527039,-0.00011619593333333334,10,RUL > 125
78,70,161.0,0.010529586,-0.00012127218787878767,10,RUL > 125
78,71,160.0,0.010336783,-0.0001317128363636364,10,RUL > 125
78,72,159.0,0.010418477,-0.00013166057575757443,10,RUL > 125
78,73,158.0,0.010420632,-0.00011904156363636385,10,RUL > 125
78,74,157.0,0.01046071,-9.121688484848497e-05,10,RUL > 125
78,75,156.0,0.009984316,-7.92416848484844e-05,10,RUL > 125
78,76,155.0,0.009909151,-6.235117575757568e-05,10,RUL > 125
78,77,154.0,0.010039953,-5.93191030303021e-05,10,RUL > 125
78,78,153.0,0.0099238055,-7.428543939393923e-05,10,RUL > 125
78,79,152.0,0.010069566,-6.626957272727287e-05,10,RUL > 125
78,80,151.0,0.010460005,-3.124210606060626e-05,10,RUL > 125
78,81,150.0,0.010610571,-1.2075757575890678e-08,10,RUL > 125
78,82,149.0,0.010621527,3.3943178787878826e-05,10,RUL > 125
78,83,148.0,0.010513602,5.969406969696967e-05,10,RUL > 125
78,84,147.0,0.010545574,8.87338454545451e-05,10,RUL > 125
78,85,146.0,0.010325485,7.298051212121223e-05,10,RUL > 125
78,86,145.0,0.010491632,5.7143360606060656e-05,10,RUL > 125
78,87,144.0,0.01024868,2.9714039393939896e-05,10,RUL > 125
78,88,143.0,0.009885457,-2.7800636363635803e-05,10,RUL > 125
78,89,142.0,0.009890095,-7.488013333333393e-05,10,RUL > 125
78,90,141.0,0.010337595,-6.934586666666623e-05,10,RUL > 125
78,91,140.0,0.010857459,-2.3933890909091413e-05,10,RUL > 125
78,92,139.0,0.010598338,5.082030303029931e-06,10,RUL > 125
78,93,138.0,0.0108118765,3.8831584848485005e-05,10,RUL > 125
78,94,137.0,0.011131908,8.85534212121213e-05,10,RUL > 125
78,95,136.0,0.0110393455,0.00011144671515151551,10,RUL > 125
78,96,135.0,0.011318758,0.0001520043030303032,10,RUL > 125
78,97,134.0,0.0111851655,0.00015905245757575771,10,RUL > 125
78,98,133.0,0.011246168,0.00013386181515151536,10,RUL > 125
78,99,132.0,0.011172726,8.84809787878786e-05,10,RUL > 125
78,100,131.0,0.011142284,5.572596060606084e-05,10,RUL > 125
78,101,130.0,0.01118741,5.0336154545454546e-05,10,RUL > 125
78,102,129.0,0.01097419,1.2042027272727663e-05,10,RUL > 125
78,103,128.0,0.010819594,-2.5004490909091592e-05,10,RUL > 125
78,104,127.0,0.010860677,-3.856823030303041e-05,10,RUL > 125
78,105,126.0,0.010834042,-5.64679727272725e-05,10,RUL > 125
78,106,125.0,0.010669777,-6.221159696969712e-05,10,76-125
78,107,124.0,0.010654056,-6.985246060606014e-05,10,76-125
78,108,123.0,0.010679558,-6.559778181818089e-05,10,76-125
78,109,122.0,0.010371991,-7.61476181818175e-05,10,76-125
78,110,121.0,0.009881083,-0.00010579784242424193,10,76-125
78,111,120.0,0.009696283,-0.0001272323818181817,10,76-125
78,112,119.0,0.009704678,-0.0001443494121212117,10,76-125
78,113,118.0,0.009931033,-0.00014403818181818215,10,76-125
78,114,117.0,0.010236041,-0.00011358084848484794,10,76-125
78,115,116.0,0.010401726,-6.829047272727296e-05,10,76-125
78,116,115.0,0.010179801,-4.081590303030299e-05,10,76-125
78,117,114.0,0.010747937,2.2538939393940284e-05,10,76-125
78,118,113.0,0.010963715,9.822567272727222e-05,10,76-125
78,119,112.0,0.0109199695,0.0001475774939393955,10,76-125
78,120,111.0,0.010694804,0.00014527819696969678,10,76-125
78,121,110.0,0.010409556,0.00010523663333333363,10,76-125
78,122,109.0,0.010597473,6.735902121212174e-05,10,76-125
78,123,108.0,0.010498333,2.8342348484848655e-05,10,76-125
78,124,107.0,0.010015928,-2.3529821212120805e-05,10,76-125
78,125,106.0,0.01016837,-5.337326969696953e-05,10,76-125
78,126,105.0,0.01028847,-8.863225151515151e-05,10,76-125
78,127,104.0,0.010502447,-7.566122727272712e-05,10,76-125
78,128,103.0,0.01044194,-4.862974848484826e-05,10,76-125
78,129,102.0,0.010398002,-2.058670909090872e-05,10,76-125
78,130,101.0,0.010137038,-1.546222424242419e-05,10,76-125
78,131,100.0,0.010298897,-1.376480000000024e-05,10,76-125
78,132,99.0,0.010353538,4.782163636363556e-06,10,76-125
78,133,98.0,0.010362216,2.0149927272727887e-05,10,76-125
78,134,97.0,0.0107130455,2.4143415151515537e-05,10,76-125
78,135,96.0,0.01059219,2.3257675757575962e-05,10,76-125
78,136,95.0,0.010676326,2.9830627272726993e-05,10,76-125
78,137,94.0,0.010850186,5.545069999999988e-05,10,76-125
78,138,93.0,0.010607901,5.960640909090895e-05,10,76-125
78,139,92.0,0.010434432,4.93593242424239e-05,10,76-125
78,140,91.0,0.010922783,4.791039090909073e-05,10,76-125
78,141,90.0,0.010836953,4.304623939393944e-05,10,76-125
78,142,89.0,0.010619724,2.345407575757582e-05,10,76-125
78,143,88.0,0.010241567,-1.9412796969697444e-05,10,76-125
78,144,87.0,0.010110735,-4.456491515151512e-05,10,76-125
78,145,86.0,0.010118721,-7.003773333333268e-05,10,76-125
78,146,85.0,0.00998712,-9.134070303030281e-05,10,76-125
78,147,84.0,0.009409078,-0.00012422855757575812,10,76-125
78,148,83.0,0.009112748,-0.00017196422424242404,10,76-125
78,149,82.0,0.009050735,-0.00021652395151514834,10,76-125
78,150,81.0,0.009141245,-0.00020681795151515276,10,76-125
78,151,80.0,0.009191807,-0.0001784816242424254,10,76-125
78,152,79.0,0.009210262,-0.00014367943030303178,10,76-125
78,153,78.0,0.009279255,-0.0001132400606060601,10,76-125
78,154,77.0,0.0092573315,-8.10542636363635e-05,10,76-125
78,155,76.0,0.009605419,-1.9005190909090706e-05,10,76-125
78,156,75.0,0.009414863,3.0098360606060904e-05,10,31-75
78,157,74.0,0.009172289,3.4370918181817624e-05,10,31-75
78,158,73.0,0.009161063,2.1145984848484762e-05,10,31-75
78,159,72.0,0.009281102,9.748796969696894e-06,10,31-75
78,160,71.0,0.009708434,2.490230000000012e-05,10,31-75
78,161,70.0,0.009317892,1.5249293939393798e-05,10,31-75
78,162,69.0,0.009400639,9.811790909090634e-06,10,31-75
78,163,68.0,0.009506077,1.2417384848484779e-05,10,31-75
78,164,67.0,0.009072728,-1.2825163636363737e-05,10,31-75
78,165,66.0,0.0089407,-1.982578787878786e-05,10,31-75
78,166,65.0,0.009146399,-2.02530000000006e-05,10,31-75
78,167,64.0,0.009229451,-2.906759393939406e-05,10,31-75
78,168,63.0,0.0094893165,-2.514897878787868e-05,10,31-75
78,169,62.0,0.009687284,-6.4083666666664586e-06,10,31-75
78,170,61.0,0.009899462,4.747097272727198e-05,10,31-75
78,171,60.0,0.009784233,6.671346969697039e-05,10,31-75
78,172,59.0,0.010039737,9.975639696969579e-05,10,31-75
78,173,58.0,0.0104449475,0.0001541842727272731,10,31-75
78,174,57.0,0.0104913935,0.0001708753848484865,10,31-75
78,175,56.0,0.010748967,0.00017561814848484792,10,31-75
78,176,55.0,0.010810365,0.00017550477272727243,10,31-75
78,177,54.0,0.010743975,0.00015713763939393898,10,31-75
78,178,53.0,0.01056479,0.00012796327878787745,10,31-75
78,179,52.0,0.010765245,0.00010988461818181798,10,31-75
78,180,51.0,0.011191945,0.00011615950909090844,10,31-75
78,181,50.0,0.011407344,0.00011083504242424156,10,31-75
78,182,49.0,0.011267994,9.526919393939495e-05,10,31-75
78,183,48.0,0.011520202,0.00010558621515151569,10,31-75
78,184,47.0,0.0115365395,0.00010685738484848396,10,31-75
78,185,46.0,0.011475972,0.00010932800303030281,10,31-75
78,186,45.0,0.01140203,0.00010304643939393925,10,31-75
78,187,44.0,0.011732092,0.00010317056060606088,10,31-75
78,188,43.0,0.011858863,8.628662121212115e-05,10,31-75
78,189,42.0,0.011779323,6.274206969697022e-05,10,31-75
78,190,41.0,0.011859485,5.972480303030296e-05,10,31-75
78,191,40.0,0.012066141,7.424822121212126e-05,10,31-75
78,192,39.0,0.0116090495,4.6563957575757506e-05,10,31-75
78,193,38.0,0.011745109,3.898098181818201e-05,10,31-75
78,194,37.0,0.011629945,2.3479354545454583e-05,10,31-75
78,195,36.0,0.0116498405,3.892915151515596e-06,10,31-75
78,196,35.0,0.011445486,-3.387709696969685e-05,10,31-75
78,197,34.0,0.01133927,-5.596331515151574e-05,10,31-75
78,198,33.0,0.011520183,-5.496867272727214e-05,10,31-75
78,199,32.0,0.011675939,-4.667570303030301e-05,10,31-75
78,200,31.0,0.011855176,-2.200889696969668e-05,10,31-75
78,201,30.0,0.011939403,2.1081406060605937e-05,10,0-30
78,202,29.0,0.011736822,2.4185287878787604e-05,10,0-30
78,203,28.0,0.011813043,3.89685545454549e-05,10,0-30
78,204,27.0,0.01191773,5.0960978787878343e-05,10,0-30
78,205,26.0,0.012502175,9.267028484848508e-05,10,0-30
78,206,25.0,0.012159536,9.173523030303036e-05,10,0-30
78,207,24.0,0.012419224,8.922875757575847e-05,10,0-30
78,208,23.0,0.012410521,8.52180909090909e-05,10,0-30
78,209,22.0,0.012848568,0.00010469265454545375,10,0-30
78,210,21.0,0.013638896,0.0001650114666666627,10,0-30
78,211,20.0,0.014264652,0.00024345670909091058,10,0-30
78,212,19.0,0.014873915,0.00031344424242424275,10,0-30
78,213,18.0,0.015455724,0.00038222284242423864,10,0-30
78,214,17.0,0.015818123,0.0004335940848484819,10,0-30
78,215,16.0,0.016295211,0.0005026738181818228,10,0-30
78,216,15.0,0.017208714,0.0005527621939393848,10,0-30
78,217,14.0,0.017991131,0.0006016382363636351,10,0-30
78,218,13.0,0.019080235,0.0006418014848484844,10,0-30
78,219,12.0,0.020283418,0.0006959510121212132,10,0-30
78,220,11.0,0.020509806,0.0007250181151515112,10,0-30
78,221,10.0,0.021090085,0.0007441701090909101,10,0-30
78,222,9.0,0.022219807,0.0007828283151515229,10,0-30
78,223,8.0,0.024171986,0.0008777151636363533,10,0-30
78,224,7.0,0.02549991,0.000963542503030292,10,0-30
78,225,6.0,0.027360614,0.0010653136606060534,10,0-30
78,226,5.0,0.029090496,0.001188216121212124,10,0-30
78,227,4.0,0.031196522,0.001334132260606057,10,0-30
78,228,3.0,0.032588612,0.0014685221696969348,10,0-30
78,229,2.0,0.034193326,0.0016069162303030302,10,0-30
78,230,1.0,0.036313675,0.0017074532787878735,10,0-30
78,231,0.0,0.03842565,0.0017703121818182068,10,0-30
81,39,201.0,0.009686536,-0.00013337146060606075,10,RUL > 125
81,40,200.0,0.009445892,-0.000157694296969697,10,RUL > 125
81,41,199.0,0.009722892,-0.00014887671515151536,10,RUL > 125
81,42,198.0,0.00979924,-0.00012418815151515113,10,RUL > 125
81,43,197.0,0.009898803,-9.327279393939387e-05,10,RUL > 125
81,44,196.0,0.009799594,-5.7158399999999774e-05,10,RUL > 125
81,45,195.0,0.009862661,-2.0923236363636606e-05,10,RUL > 125
81,46,194.0,0.009933685,1.1741806060605961e-05,10,RUL > 125
81,47,193.0,0.00986688,2.1810503030302775e-05,10,RUL > 125
81,48,192.0,0.009821027,3.2135478787878745e-05,10,RUL > 125
81,49,191.0,0.0099679865,3.5707324242424396e-05,10,RUL > 125
81,50,190.0,0.010325468,3.932370606060586e-05,10,RUL > 125
81,51,189.0,0.010470886,5.867711818181853e-05,10,RUL > 125
81,52,188.0,0.0105708325,7.950543030303053e-05,10,RUL > 125
81,53,187.0,0.0104269665,8.977140303030321e-05,10,RUL > 125
81,54,186.0,0.010656593,9.95465424242423e-05,10,RUL > 125
81,55,185.0,0.010646139,0.00010256806363636384,10,RUL > 125
81,56,184.0,0.010903835,0.0001148839606060604,10,RUL > 125
81,57,183.0,0.010885177,0.00010996908787878785,10,RUL > 125
81,58,182.0,0.010930617,9.213290000000014e-05,10,RUL > 125
81,59,181.0,0.01084674,6.60693272727272e-05,10,RUL > 125
81,60,180.0,0.010603235,3.99042060606063e-05,10,RUL > 125
81,61,179.0,0.010736927,2.7359036363636447e-05,10,RUL > 125
81,62,178.0,0.010925241,2.852390000000029e-05,10,RUL > 125
81,63,177.0,0.010914679,1.522572727272705e-05,10,RUL > 125
81,64,176.0,0.010741628,1.8851757575755998e-06,10,RUL > 125
81,65,175.0,0.010429745,-3.019483636363618e-05,10,RUL > 125
81,66,174.0,0.010588262,-3.382577575757594e-05,10,RUL > 125
81,67,173.0,0.0105692595,-3.5911954545454915e-05,10,RUL > 125
81,68,172.0,0.010438047,-3.829654242424263e-05,10,RUL > 125
81,69,171.0,0.010299512,-4.785883939393977e-05,10,RUL > 125
81,70,170.0,0.010358517,-6.380328181818118e-05,10,RUL > 125
81,71,169.0,0.009965867,-8.928591818181797e-05,10,RUL > 125
81,72,168.0,0.010068123,-8.729050606060549e-05,10,RUL > 125
81,73,167.0,0.009974498,-8.071673636363706e-05,10,RUL > 125
81,74,166.0,0.009849661,-8.109285757575783e-05,10,RUL > 125
81,75,165.0,0.009734703,-9.771989393939318e-05,10,RUL > 125
81,76,164.0,0.0099240905,-8.502415151515153e-05,10,RUL > 125
81,77,163.0,0.009765617,-7.418868787878712e-05,10,RUL > 125
81,78,162.0,0.010185511,-3.945629393939374e-05,10,RUL > 125
81,79,161.0,0.010229802,-8.48265151515192e-06,10,RUL > 125
81,80,160.0,0.01008629,1.9441699999999614e-05,10,RUL > 125
81,81,159.0,0.0099969655,1.9616860606060326e-05,10,RUL > 125
81,82,158.0,0.009785583,1.4702181818181968e-05,10,RUL > 125
81,83,157.0,0.010267546,3.325945454545474e-05,10,RUL > 125
81,84,156.0,0.010021868,2.6541545454545686e-05,10,RUL > 125
81,85,155.0,0.010141586,1.660248484848489e-05,10,RUL > 125
81,86,154.0,0.009950906,3.95661515151553e-06,10,RUL > 125
81,87,153.0,0.009954246,-1.9397009090908484e-05,10,RUL > 125
81,88,152.0,0.009969507,-1.6211693939393633e-05,10,RUL > 125
81,89,151.0,0.010118905,6.935666666666466e-07,10,RUL > 125
81,90,150.0,0.010206087,1.4130948484848608e-05,10,RUL > 125
81,91,149.0,0.01017425,1.8424715151514907e-05,10,RUL > 125
81,92,148.0,0.010003671,-2.826896969697113e-06,10,RUL > 125
81,93,147.0,0.010011837,5.854284848484709e-06,10,RUL > 125
81,94,146.0,0.010361059,2.030490909090926e-05,10,RUL > 125
81,95,145.0,0.010442794,4.3083599999999894e-05,10,RUL > 125
81,96,144.0,0.010477543,5.13946848484849e-05,10,RUL > 125
81,97,143.0,0.010605712,6.053599393939394e-05,10,RUL > 125
81,98,142.0,0.010746465,7.047558181818196e-05,10,RUL > 125
81,99,141.0,0.0108537655,8.6810118181818e-05,10,RUL > 125
81,100,140.0,0.010730173,9.330797878787896e-05,10,RUL > 125
81,101,139.0,0.010517218,7.971508787878753e-05,10,RUL > 125
81,102,138.0,0.010584258,5.424980303030288e-05,10,RUL > 125
81,103,137.0,0.010796111,3.3847118181818176e-05,10,RUL > 125
81,104,136.0,0.011080535,4.2733584848484934e-05,10,RUL > 125
81,105,135.0,0.011041712,4.623051212121263e-05,10,RUL > 125
81,106,134.0,0.011142834,5.030017272727263e-05,10,RUL > 125
81,107,133.0,0.01142,6.99684454545455e-05,10,RUL > 125
81,108,132.0,0.011164037,7.518847575757526e-05,10,RUL > 125
81,109,131.0,0.011440768,9.759481212121158e-05,10,RUL > 125
81,110,130.0,0.011211311,9.213063030303023e-05,10,RUL > 125
81,111,129.0,0.011276689,7.020354545454525e-05,10,RUL > 125
81,112,128.0,0.011512543,5.6404848484848324e-05,10,RUL > 125
81,113,127.0,0.010971665,1.597530909090889e-05,10,RUL > 125
81,114,126.0,0.011079021,-1.764775757575508e-06,10,RUL > 125
81,115,125.0,0.0111360615,-1.8963409090909695e-05,10,76-125
81,116,124.0,0.011104254,-3.2299160606060586e-05,10,76-125
81,117,123.0,0.011064689,-2.8847633333333816e-05,10,76-125
81,118,122.0,0.011219791,-2.9693396969696896e-05,10,76-125
81,119,121.0,0.011228,-1.2318469696970369e-05,10,76-125
81,120,120.0,0.011580886,1.1586657575757897e-05,10,76-125
81,121,119.0,0.011720817,4.3003221212121586e-05,10,76-125
81,122,118.0,0.012042402,0.00010230101515151503,10,76-125
81,123,117.0,0.012000224,0.00011681712424242439,10,76-125
81,124,116.0,0.0118207885,0.00011623552727272688,10,76-125
81,125,115.0,0.011795665,0.00010909513636363621,10,76-125
81,126,114.0,0.011613208,8.188685151515114e-05,10,76-125
81,127,113.0,0.011444253,3.66560333333333e-05,10,76-125
81,128,112.0,0.0113332905,-8.88792727272639e-06,10,76-125
81,129,111.0,0.01138221,-5.2592036363636834e-05,10,76-125
81,130,110.0,0.011519327,-6.716051515151513e-05,10,76-125
81,131,109.0,0.011636008,-6.528967272727214e-05,10,76-125
81,132,108.0,0.011367057,-5.562189696969718e-05,10,76-125
81,133,107.0,0.011199489,-4.9720060606060106e-05,10,76-125
81,134,106.0,0.011291243,-4.106994848484823e-05,10,76-125
81,135,105.0,0.01124881,-2.9990530303030515e-05,10,76-125
81,136,104.0,0.011116106,-3.168476666666687e-05,10,76-125
81,137,103.0,0.011543302,-1.5315590909090405e-05,10,76-125
81,138,102.0,0.011684191,1.4034545454574133e-07,10,76-125
81,139,101.0,0.011407527,-4.865212121216657e-07,10,76-125
81,140,100.0,0.011470883,1.117665454545423e-05,10,76-125
81,141,99.0,0.011409587,2.786234545454538e-05,10,76-125
81,142,98.0,0.011361883,2.6760430303030425e-05,10,76-125
81,143,97.0,0.0116261225,2.8963093939393892e-05,10,76-125
81,144,96.0,0.011920056,4.814411212121184e-05,10,76-125
81,145,95.0,0.011884097,5.4912887878787926e-05,10,76-125
81,146,94.0,0.011651843,3.246588181818156e-05,10,76-125
81,147,93.0,0.0117064705,3.498450909090928e-05,10,76-125
81,148,92.0,0.011518438,3.466161818181791e-05,10,76-125
81,149,91.0,0.01163534,2.4280060606060905e-05,10,76-125
81,150,90.0,0.0113509325,-1.5226969697013832e-07,10,76-125
81,151,89.0,0.011000586,-4.632686363636486e-05,10,76-125
81,152,88.0,0.010972356,-9.226395454545579e-05,10,76-125
81,153,87.0,0.010963195,-0.00011636323030302949,10,76-125
81,154,86.0,0.010922878,-0.00011503056363636383,10,76-125
81,155,85.0,0.011088439,-9.497755757575803e-05,10,76-125
81,156,84.0,0.011186489,-7.541563030303072e-05,10,76-125
81,157,83.0,0.011657229,-2.089448787878808e-05,10,76-125
81,158,82.0,0.011571884,1.7032839393938944e-05,10,76-125
81,159,81.0,0.011447157,5.5302512121212516e-05,10,76-125
81,160,80.0,0.011163839,6.143898181818179e-05,10,76-125
81,161,79.0,0.011017078,3.8481672727272e-05,10,76-125
81,162,78.0,0.0109573435,1.018421515151508e-05,10,76-125
81,163,77.0,0.011169564,-6.966342424242508e-06,10,76-125
81,164,76.0,0.011020722,-3.7424796969697653e-05,10,76-125
81,165,75.0,0.010818529,-6.906054848484862e-05,10,31-75
81,166,74.0,0.010585735,-0.00010358585151515195,10,31-75
81,167,73.0,0.010055372,-0.00012837551212121194,10,31-75
81,168,72.0,0.0101114735,-0.00013637830909090854,10,31-75
81,169,71.0,0.010116727,-0.00013470773939393835,10,31-75
81,170,70.0,0.010192036,-0.00013169084848484763,10,31-75
81,171,69.0,0.010279001,-0.00012193504848484991,10,31-75
81,172,68.0,0.010361812,-0.00010269819696969672,10,31-75
81,173,67.0,0.010070688,-7.79742393939394e-05,10,31-75
81,174,66.0,0.009760845,-6.675390000000013e-05,10,31-75
81,175,65.0,0.0098592425,-4.837472121212129e-05,10,31-75
81,176,64.0,0.010004462,-2.596636363636371e-05,10,31-75
81,177,63.0,0.009951587,-3.4753896969696906e-05,10,31-75
81,178,62.0,0.0101613905,-2.7099503030302687e-05,10,31-75
81,179,61.0,0.01046489,-3.1454121212119554e-06,10,31-75
81,180,60.0,0.010341776,1.4893812121211916e-05,10,31-75
81,181,59.0,0.010599544,5.0975745454544405e-05,10,31-75
81,182,58.0,0.010551047,8.6047751515153e-05,10,31-75
81,183,57.0,0.010396821,9.100540606060635e-05,10,31-75
81,184,56.0,0.010221167,6.177260606060602e-05,10,31-75
81,185,55.0,0.010511231,4.934165151515157e-05,10,31-75
81,186,54.0,0.010127001,1.7731106060605834e-05,10,31-75
81,187,53.0,0.009736765,-4.017536060605995e-05,10,31-75
81,188,52.0,0.009720728,-8.236576969696888e-05,10,31-75
81,189,51.0,0.009741709,-9.783709696969851e-05,10,31-75
81,190,50.0,0.009769859,-0.00011121473939393944,10,31-75
81,191,49.0,0.01007775,-8.368146666666648e-05,10,31-75
81,192,48.0,0.010506567,-2.966653333333315e-05,10,31-75
81,193,47.0,0.010630718,2.1377690909091297e-05,10,31-75
81,194,46.0,0.010643452,5.857111515151355e-05,10,31-75
81,195,45.0,0.010891565,0.00012351696969696956,10,31-75
81,196,44.0,0.010901992,0.00015880612727272775,10,31-75
81,197,43.0,0.011263082,0.00017838153939394102,10,31-75
81,198,42.0,0.0112956725,0.00018016466969696901,10,31-75
81,199,41.0,0.011477041,0.000174149124242424,10,31-75
81,200,40.0,0.011283197,0.00013840260909091004,10,31-75
81,201,39.0,0.0112193925,0.00010135842424242407,10,31-75
81,202,38.0,0.011164799,7.608612121212052e-05,10,31-75
81,203,37.0,0.011297406,5.834509090909061e-05,10,31-75
81,204,36.0,0.011767433,5.9009763636363274e-05,10,31-75
81,205,35.0,0.011779454,6.324698181818183e-05,10,31-75
81,206,34.0,0.011361713,3.4631169696970195e-05,10,31-75
81,207,33.0,0.011769201,4.6742266666667623e-05,10,31-75
81,208,32.0,0.011792322,5.61524333333334e-05,10,31-75
81,209,31.0,0.01173137,6.830918484848431e-05,10,31-75
81,210,30.0,0.012022305,8.032940909090804e-05,10,0-30
81,211,29.0,0.012623889,0.00011195078787878829,10,0-30
81,212,28.0,0.012344903,0.00010769098181818243,10,0-30
81,213,27.0,0.012874249,0.00012684076969696813,10,0-30
81,214,26.0,0.0134731615,0.00019088039696969563,10,0-30
81,215,25.0,0.013523508,0.00023779210000000173,10,0-30
81,216,24.0,0.013965896,0.0002598446090909043,10,0-30
81,217,23.0,0.014582836,0.0003111484030303027,10,0-30
81,218,22.0,0.015038097,0.00035472134848484846,10,0-30
81,219,21.0,0.01576652,0.00039462026363636414,10,0-30
81,220,20.0,0.016140617,0.000425409227272725,10,0-30
81,221,19.0,0.015700141,0.0004223588939393947,10,0-30
81,222,18.0,0.015670344,0.0003617963000000025,10,0-30
81,223,17.0,0.016257366,0.0003282344454545421,10,0-30
81,224,16.0,0.016786093,0.0003224322666666631,10,0-30
81,225,15.0,0.016744247,0.0002775472666666656,10,0-30
81,226,14.0,0.017359154,0.000256655921212121,10,0-30
81,227,13.0,0.018190831,0.00028112770909090795,10,0-30
81,228,12.0,0.018476557,0.0003078020121212046,10,0-30
81,229,11.0,0.018474603,0.00034125296363636407,10,0-30
81,230,10.0,0.019067017,0.00039913195757575675,10,0-30
81,231,9.0,0.019157615,0.0003971160787878833,10,0-30
81,232,8.0,0.020307498,0.0004139258484848467,10,0-30
81,233,7.0,0.020512836,0.00042486274545454523,10,0-30
81,234,6.0,0.020922715,0.00044182369090909365,10,0-30
81,235,5.0,0.022349453,0.0004836761030303004,10,0-30
81,236,4.0,0.023037357,0.0005361024606060636,10,0-30
81,237,3.0,0.023751644,0.0006141083575757602,10,0-30
81,238,2.0,0.024731778,0.00069722071515151,10,0-30
81,239,1.0,0.027130427,0.0008352173454545344,10,0-30
81,240,0.0,0.027999787,0.0009552087999999937,10,0-30
84,39,228.0,0.009648908,3.0309899999999745e-05,10,RUL > 125
84,40,227.0,0.009693255,6.982893636363612e-05,10,RUL > 125
84,41,226.0,0.009708752,7.681648181818177e-05,10,RUL > 125
84,42,225.0,0.009470154,5.238203636363644e-05,10,RUL > 125
84,43,224.0,0.009636874,4.352772121212126e-05,10,RUL > 125
84,44,223.0,0.009790466,4.711343636363655e-05,10,RUL > 125
84,45,222.0,0.009547763,2.145570909090908e-05,10,RUL > 125
84,46,221.0,0.00961498,1.6970442424242527e-05,10,RUL > 125
84,47,220.0,0.00962635,7.477315151514814e-06,10,RUL > 125
84,48,219.0,0.009347425,-1.9782563636363373e-05,10,RUL > 125
84,49,218.0,0.0093086455,-3.344351212121212e-05,10,RUL > 125
84,50,217.0,0.009393129,-3.5415409090909056e-05,10,RUL > 125
84,51,216.0,0.009539849,-2.4713372727272564e-05,10,RUL > 125
84,52,215.0,0.009684769,-1.996583333333365e-05,10,RUL > 125
84,53,214.0,0.009785314,-1.2207484848484468e-06,10,RUL > 125
84,54,213.0,0.010137328,4.516529393939352e-05,10,RUL > 125
84,55,212.0,0.010343029,8.238680303030311e-05,10,RUL > 125
84,56,211.0,0.010119225,0.00010224236666666642,10,RUL > 125
84,57,210.0,0.0098222345,0.0001005443878787876,10,RUL > 125
84,58,209.0,0.009543381,6.266686060606058e-05,10,RUL > 125
84,59,208.0,0.009773456,3.237835454545456e-05,10,RUL > 125
84,60,207.0,0.009295475,-2.398367575757562e-05,10,RUL > 125
84,61,206.0,0.009618603,-5.175552424242389e-05,10,RUL > 125
84,62,205.0,0.009577938,-7.303872424242332e-05,10,RUL > 125
84,63,204.0,0.009357443,-9.83510030303039e-05,10,RUL > 125
84,64,203.0,0.009224913,-0.0001022382757575762,10,RUL > 125
84,65,202.0,0.009354596,-7.427895454545462e-05,10,RUL > 125
84,66,201.0,0.009216498,-5.6791512121212616e-05,10,RUL > 125
84,67,200.0,0.009334034,-4.1750236363636595e-05,10,RUL > 125
84,68,199.0,0.009225424,-4.5305793939393965e-05,10,RUL > 125
84,69,198.0,0.0089269765,-4.594794848484873e-05,10,RUL > 125
84,70,197.0,0.008938276,-6.757880909090896e-05,10,RUL > 125
84,71,196.0,0.008989781,-6.0528754545454256e-05,10,RUL > 125
84,72,195.0,0.009040016,-4.5827524242423574e-05,10,RUL > 125
84,73,194.0,0.008933864,-4.5095803030303164e-05,10,RUL > 125
84,74,193.0,0.00893466,-4.802170606060622e-05,10,RUL > 125
84,75,192.0,0.0089363605,-3.869110303030254e-05,10,RUL > 125
84,76,191.0,0.008821638,-3.975510303030288e-05,10,RUL > 125
84,77,190.0,0.0089280335,-2.239379696969685e-05,10,RUL > 125
84,78,189.0,0.0091074975,2.4370060606061106e-06,10,RUL > 125
84,79,188.0,0.009405744,2.5068712121211965e-05,10,RUL > 125
84,80,187.0,0.009589154,5.2654657575758006e-05,10,RUL > 125
84,81,186.0,0.009647903,7.898933030302993e-05,10,RUL > 125
84,82,185.0,0.009590997,9.759180303030326e-05,10,RUL > 125
84,83,184.0,0.009558013,0.00010063979090909105,10,RUL > 125
84,84,183.0,0.009544417,9.543380303030257e-05,10,RUL > 125
84,85,182.0,0.0091296155,6.032465151515112e-05,10,RUL > 125
84,86,181.0,0.008844081,-3.4976060606021065e-07,10,RUL > 125
84,87,180.0,0.008782875,-5.754168484848419e-05,10,RUL > 125
84,88,179.0,0.00899601,-8.938429999999988e-05,10,RUL > 125
84,89,178.0,0.008965801,-0.00010164021515151559,10,RUL > 125
84,90,177.0,0.009581981,-6.27263363636359e-05,10,RUL > 125
84,91,176.0,0.009355736,-3.21495484848485e-05,10,RUL > 125
84,92,175.0,0.009453269,3.49490606060634e-06,10,RUL > 125
84,93,174.0,0.009593508,4.6259257575757495e-05,10,RUL > 125
84,94,173.0,0.0095465435,8.512526666666678e-05,10,RUL > 125
84,95,172.0,0.009521729,9.495854848484856e-05,10,RUL > 125
84,96,171.0,0.009656927,8.837774242424239e-05,10,RUL > 125
84,97,170.0,0.0094815865,5.8299830303030254e-05,10,RUL > 125
84,98,169.0,0.009508448,3.5426860606060146e-05,10,RUL > 125
84,99,168.0,0.009532999,5.667733333333342e-06,10,RUL > 125
84,100,167.0,0.009598458,1.3682636363636525e-05,10,RUL > 125
84,101,166.0,0.0096484665,9.14255454545429e-06,10,RUL > 125
84,102,165.0,0.009463557,-2.5295484848488035e-06,10,RUL > 125
84,103,164.0,0.009275474,-1.5236160606060689e-05,10,RUL > 125
84,104,163.0,0.009546859,-1.2415963636363815e-05,10,RUL > 125
84,105,162.0,0.009742023,-6.085818181816356e-07,10,RUL > 125
84,106,161.0,0.00980444,2.0946333333333065e-05,10,RUL > 125
84,107,160.0,0.010069605,4.3487390909090964e-05,10,RUL > 125
84,108,159.0,0.009966611,5.5073863636363324e-05,10,RUL > 125
84,109,158.0,0.009719962,4.928999696969681e-05,10,RUL > 125
84,110,157.0,0.009574107,3.764811818181817e-05,10,RUL > 125
84,111,156.0,0.009827857,4.34762121212124e-05,10,RUL > 125
84,112,155.0,0.009852663,3.615563030303004e-05,10,RUL > 125
84,113,154.0,0.009683822,2.3702363636365945e-06,10,RUL > 125
84,114,153.0,0.009406629,-3.339211515151508e-05,10,RUL > 125
84,115,152.0,0.009540903,-4.711973939393965e-05,10,RUL > 125
84,116,151.0,0.010219466,-1.7235884848484943e-05,10,RUL > 125
84,117,150.0,0.010172206,2.271720000000007e-05,10,RUL > 125
84,118,149.0,0.010067204,4.8832987878787714e-05,10,RUL > 125
84,119,148.0,0.010080041,5.798639999999991e-05,10,RUL > 125
84,120,147.0,0.009640558,2.9079751515151684e-05,10,RUL > 125
84,121,146.0,0.0097846715,2.4145039393939042e-05,10,RUL > 125
84,122,145.0,0.010010252,3.3691912121212564e-05,10,RUL > 125
84,123,144.0,0.01030472,4.613443939393979e-05,10,RUL > 125
84,124,143.0,0.010643401,5.1044906060606135e-05,10,RUL > 125
84,125,142.0,0.01060774,4.7970651515151355e-05,10,RUL > 125
84,126,141.0,0.010611112,7.738650000000002e-05,10,RUL > 125
84,127,140.0,0.010772214,0.00010769183939393868,10,RUL > 125
84,128,139.0,0.010901804,0.0001307927666666653,10,RUL > 125
84,129,138.0,0.011149797,0.0001581600212121217,10,RUL > 125
84,130,137.0,0.011113182,0.00014126448787878717,10,RUL > 125
84,131,136.0,0.010862683,0.00010246295151515112,10,RUL > 125
84,132,135.0,0.010944915,7.011869090909069e-05,10,RUL > 125
84,133,134.0,0.01117299,5.8516836363636435e-05,10,RUL > 125
84,134,133.0,0.010820551,3.974528484848494e-05,10,RUL > 125
84,135,132.0,0.010735482,1.1808933333333377e-05,10,RUL > 125
84,136,131.0,0.011266865,1.1533521212121036e-05,10,RUL > 125
84,137,130.0,0.011143875,7.341175757576153e-06,10,RUL > 125
84,138,129.0,0.0113595715,1.9048445454545366e-05,10,RUL > 125
84,139,128.0,0.011224183,3.4355057575757725e-05,10,RUL > 125
84,140,127.0,0.011263655,4.847203939393884e-05,10,RUL > 125
84,141,126.0,0.010912404,2.4906027272726888e-05,10,RUL > 125
84,142,125.0,0.010993659,1.0651560606060963e-05,10,76-125
84,143,124.0,0.010758489,-1.8161969696975996e-06,10,76-125
84,144,123.0,0.011171772,-1.021292424242445e-05,10,76-125
84,145,122.0,0.011187021,-2.7706378787878537e-05,10,76-125
84,146,121.0,0.010370521,-5.978386363636307e-05,10,76-125
84,147,120.0,0.010433575,-8.575659696969772e-05,10,76-125
84,148,119.0,0.01052364,-8.382723030302982e-05,10,76-125
84,149,118.0,0.010398009,-8.764386060605944e-05,10,76-125
84,150,117.0,0.010327158,-8.267939393939476e-05,10,76-125
84,151,116.0,0.010316428,-9.03654545454554e-05,10,76-125
84,152,115.0,0.010006734,-0.00010230296363636489,10,76-125
84,153,114.0,0.009819056,-0.00012819272727272662,10,76-125
84,154,113.0,0.009828754,-0.0001146142424242424,10,76-125
84,155,112.0,0.009911026,-7.925258787878853e-05,10,76-125
84,156,111.0,0.009997945,-7.811662424242527e-05,10,76-125
84,157,110.0,0.0102121895,-5.657492424242406e-05,10,76-125
84,158,109.0,0.010341215,-1.9307675757576066e-05,10,76-125
84,159,108.0,0.010299236,9.50562121212137e-06,10,76-125
84,160,107.0,0.010065319,2.2033657575757945e-05,10,76-125
84,161,106.0,0.010064865,3.699540303030256e-05,10,76-125
84,162,105.0,0.010096839,3.610416666666634e-05,10,76-125
84,163,104.0,0.009818863,6.446554545454694e-06,10,76-125
84,164,103.0,0.009993786,-1.3020930303030568e-05,10,76-125
84,165,102.0,0.010115494,-2.2365384848484867e-05,10,76-125
84,166,101.0,0.009726038,-4.963669393939439e-05,10,76-125
84,167,100.0,0.009790049,-5.583768484848498e-05,10,76-125
84,168,99.0,0.009634913,-5.6782084848485015e-05,10,76-125
84,169,98.0,0.009635841,-5.191323030302967e-05,10,76-125
84,170,97.0,0.009806358,-4.5296763636363116e-05,10,76-125
84,171,96.0,0.009708529,-4.090776969697011e-05,10,76-125
84,172,95.0,0.009766981,-2.6879660606060676e-05,10,76-125
84,173,94.0,0.009858545,-2.2390606060605944e-05,10,76-125
84,174,93.0,0.009523184,-2.501343030302986e-05,10,76-125
84,175,92.0,0.009450125,-1.780315757575729e-05,10,76-125
84,176,91.0,0.009455408,-2.820337575757571e-05,10,76-125
84,177,90.0,0.009518996,-2.7587393939394057e-05,10,76-125
84,178,89.0,0.009771513,-2.0254666666666203e-05,10,76-125
84,179,88.0,0.009787966,-1.3618393939393907e-05,10,76-125
84,180,87.0,0.009867216,6.864466666666689e-06,10,76-125
84,181,86.0,0.010028787,2.8900684848484693e-05,10,76-125
84,182,85.0,0.01024959,6.299558787878908e-05,10,76-125
84,183,84.0,0.010186949,9.392816969697075e-05,10,76-125
84,184,83.0,0.010040435,9.053102424242403e-05,10,76-125
84,185,82.0,0.010213096,8.541144242424226e-05,10,76-125
84,186,81.0,0.01012454,6.656560000000017e-05,10,76-125
84,187,80.0,0.009804031,2.6365957575757412e-05,10,76-125
84,188,79.0,0.009625267,-1.0204951515151158e-05,10,76-125
84,189,78.0,0.009343921,-5.925246060606161e-05,10,76-125
84,190,77.0,0.009367076,-9.637127272727291e-05,10,76-125
84,191,76.0,0.009307611,-0.00011989992727272658,10,76-125
84,192,75.0,0.009200898,-0.00012578756363636431,10,31-75
84,193,74.0,0.009300648,-0.00011769893939393856,10,31-75
84,194,73.0,0.009523302,-9.649010909090823e-05,10,31-75
84,195,72.0,0.009618595,-5.230446666666649e-05,10,31-75
84,196,71.0,0.009727058,-9.00321212121137e-07,10,31-75
84,197,70.0,0.0096836155,3.1584930303031104e-05,10,31-75
84,198,69.0,0.009444616,4.0575827272727186e-05,10,31-75
84,199,68.0,0.009642136,4.3773851515151314e-05,10,31-75
84,200,67.0,0.009531804,3.888270606060624e-05,10,31-75
84,201,66.0,0.009709186,3.7705906060606126e-05,10,31-75
84,202,65.0,0.009562517,1.6547203030302676e-05,10,31-75
84,203,64.0,0.010195407,3.2176512121212135e-05,10,31-75
84,204,63.0,0.010637083,7.589527575757577e-05,10,31-75
84,205,62.0,0.010949468,0.0001295057121212127,10,31-75
84,206,61.0,0.011132636,0.0001842062030303063,10,31-75
84,207,60.0,0.01107506,0.0002158327090909116,10,31-75
84,208,59.0,0.0107735535,0.00019821411212121276,10,31-75
84,209,58.0,0.010681127,0.00017261373636363604,10,31-75
84,210,57.0,0.010723854,0.00012939462727272596,10,31-75
84,211,56.0,0.010449752,6.8600875757575e-05,10,31-75
84,212,55.0,0.01003506,-3.356693030303095e-05,10,31-75
84,213,54.0,0.010097606,-9.585826363636243e-05,10,31-75
84,214,53.0,0.01044002,-0.00010884193636363562,10,31-75
84,215,52.0,0.010295385,-0.00010650048181818274,10,31-75
84,216,51.0,0.010321885,-8.257409393939303e-05,10,31-75
84,217,50.0,0.010486246,-4.369367575757583e-05,10,31-75
84,218,49.0,0.010687951,-6.774460606060788e-06,10,31-75
84,219,48.0,0.010856914,3.4236757575757533e-05,10,31-75
84,220,47.0,0.0110974265,8.908455454545365e-05,10,31-75
84,221,46.0,0.0112267975,0.00012818733333333358,10,31-75
84,222,45.0,0.011469691,0.00014347398181818326,10,31-75
84,223,44.0,0.011578501,0.00015147598787878584,10,31-75
84,224,43.0,0.011679597,0.00016986967878787675,10,31-75
84,225,42.0,0.011400066,0.0001483487151515143,10,31-75
84,226,41.0,0.011667129,0.0001297714181818182,10,31-75
84,227,40.0,0.011616574,0.00010308798787878734,10,31-75
84,228,39.0,0.011778489,8.498233939393896e-05,10,31-75
84,229,38.0,0.011997929,7.689170303030297e-05,10,31-75
84,230,37.0,0.012032887,7.291154848484818e-05,10,31-75
84,231,36.0,0.012390417,8.571884848485e-05,10,31-75
84,232,35.0,0.012496048,0.00010637626060605967,10,31-75
84,233,34.0,0.011962096,9.272232727272759e-05,10,31-75
84,234,33.0,0.011661033,6.473687272727288e-05,10,31-75
84,235,32.0,0.01188087,3.0332145454545483e-05,10,31-75
84,236,31.0,0.012012766,1.5098018181818142e-05,10,31-75
84,237,30.0,0.01260574,2.4648054545454974e-05,10,0-30
84,238,29.0,0.013329506,7.2480678787878e-05,10,0-30
84,239,28.0,0.0135789635,0.00012974920303029995,10,0-30
84,240,27.0,0.013443693,0.0001628058151515135,10,0-30
84,241,26.0,0.01401322,0.0002336621909090925,10,0-30
84,242,25.0,0.01476009,0.000332628657575757,10,0-30
84,243,24.0,0.01553736,0.0004109519363636266,10,0-30
84,244,23.0,0.015835332,0.00044212083333333805,10,0-30
84,245,22.0,0.016059717,0.0004495871484848412,10,0-30
84,246,21.0,0.01639356,0.0004334034575757576,10,0-30
84,247,20.0,0.017331509,0.0004548116878787922,10,0-30
84,248,19.0,0.017473012,0.0004749072818181792,10,0-30
84,249,18.0,0.01839868,0.0005119000424242434,10,0-30
84,250,17.0,0.019205488,0.0005254616727272775,10,0-30
84,251,16.0,0.019418236,0.0005187562666666706,10,0-30
84,252,15.0,0.020067602,0.0005317468121212111,10,0-30
84,253,14.0,0.020602707,0.0005614094242424186,10,0-30
84,254,13.0,0.021222034,0.0005833201636363617,10,0-30
84,255,12.0,0.021974567,0.0005959437999999972,10,0-30
84,256,11.0,0.022754697,0.000601681030303026,10,0-30
84,257,10.0,0.023123804,0.0006129766121212133,10,0-30
84,258,9.0,0.024662022,0.0006473988909090978,10,0-30
84,259,8.0,0.02570155,0.0007130943818181815,10,0-30
84,260,7.0,0.027414821,0.000837508581818172,10,0-30
84,261,6.0,0.028456751,0.0009334314606060601,10,0-30
84,262,5.0,0.029304119,0.0010093077212121112,10,0-30
84,263,4.0,0.031169528,0.0011106494484848456,10,0-30
84,264,3.0,0.031247117,0.001129429090909089,10,0-30
84,265,2.0,0.03352593,0.0012011603333333255,10,0-30
84,266,1.0,0.034314487,0.0012278959212121245,10,0-30
84,267,0.0,0.035736434,0.0012166807212121106,10,0-30
91,39,96.0,0.010493279,-0.00011868945454545468,10,76-125
91,40,95.0,0.010330031,-0.0001341163333333333,10,76-125
91,41,94.0,0.010270868,-0.00014183391515151493,10,76-125
91,42,93.0,0.010875908,-0.0001001331212121212,10,76-125
91,43,92.0,0.010918022,-5.342329090909099e-05,10,76-125
91,44,91.0,0.010888155,-4.628593939394147e-06,10,76-125
91,45,90.0,0.010464305,7.87127272727243e-06,10,76-125
91,46,89.0,0.010455372,2.589723030303022e-05,10,76-125
91,47,88.0,0.010330039,9.541751515151313e-06,10,76-125
91,48,87.0,0.010276692,-1.3887169696969617e-05,10,76-125
91,49,86.0,0.0103390105,-2.6785221212121095e-05,10,76-125
91,50,85.0,0.010555633,-3.688077878787931e-05,10,76-125
91,51,84.0,0.010654495,-4.826263333333314e-05,10,76-125
91,52,83.0,0.010599583,-2.6953712121212348e-05,10,76-125
91,53,82.0,0.010273064,-1.7297924242424206e-05,10,76-125
91,54,81.0,0.010141034,-9.017233333333597e-06,10,76-125
91,55,80.0,0.01038185,-6.801778787878618e-06,10,76-125
91,56,79.0,0.0102378875,-1.2034903030302726e-05,10,76-125
91,57,78.0,0.010252206,-2.220637575757551e-05,10,76-125
91,58,77.0,0.0101554645,-4.026769393939411e-05,10,76-125
91,59,76.0,0.010137861,-5.3665212121212795e-05,10,76-125
91,60,75.0,0.009814712,-6.780936363636324e-05,10,31-75
91,61,74.0,0.00967753,-7.386450909090868e-05,10,31-75
91,62,73.0,0.009465679,-8.329396363636285e-05,10,31-75
91,63,72.0,0.009551222,-9.60810787878793e-05,10,31-75
91,64,71.0,0.009484727,-0.0001125475939393946,10,31-75
91,65,70.0,0.009699113,-9.331069090909055e-05,10,31-75
91,66,69.0,0.009537515,-8.421012424242494e-05,10,31-75
91,67,68.0,0.009545756,-6.521611818181846e-05,10,31-75
91,68,67.0,0.009307954,-5.7079533333333375e-05,10,31-75
91,69,66.0,0.009255688,-4.269453333333328e-05,10,31-75
91,70,65.0,0.009419319,-3.0234466666666633e-05,10,31-75
91,71,64.0,0.009508784,-1.7247315151515015e-05,10,31-75
91,72,63.0,0.008926064,-4.812288484848456e-05,10,31-75
91,73,62.0,0.009076565,-5.854565454545495e-05,10,31-75
91,74,61.0,0.009011192,-7.121380606060643e-05,10,31-75
91,75,60.0,0.009140521,-5.679543030303003e-05,10,31-75
91,76,59.0,0.009176711,-4.4405442424242444e-05,10,31-75
91,77,58.0,0.009323201,-1.9102309090908576e-05,10,31-75
91,78,57.0,0.009558239,5.865248484848407e-06,10,31-75
91,79,56.0,0.009561135,2.4472612121211685e-05,10,31-75
91,80,55.0,0.009235152,3.250543030303084e-05,10,31-75
91,81,54.0,0.009081832,4.037200000000005e-05,10,31-75
91,82,53.0,0.0089494,7.342181818181737e-06,10,31-75
91,83,52.0,0.009111926,-7.072042424242077e-06,10,31-75
91,84,51.0,0.009180908,-2.2510430303030197e-05,10,31-75
91,85,50.0,0.009413441,-1.870043030303067e-05,10,31-75
91,86,49.0,0.009559465,-7.820939393939233e-06,10,31-75
91,87,48.0,0.009546264,7.465054545454545e-06,10,31-75
91,88,47.0,0.009566592,3.682525454545439e-05,10,31-75
91,89,46.0,0.00944282,5.9526072727273164e-05,10,31-75
91,90,45.0,0.009516738,6.596070303030298e-05,10,31-75
91,91,44.0,0.009628019,6.483070909090907e-05,10,31-75
91,92,43.0,0.009851805,6.0457975757575685e-05,10,31-75
91,93,42.0,0.010082504,6.856564848484858e-05,10,31-75
91,94,41.0,0.010070726,6.88651030303032e-05,10,31-75
91,95,40.0,0.010115421,7.631899393939435e-05,10,31-75
91,96,39.0,0.010037367,8.074147878787895e-05,10,31-75
91,97,38.0,0.009860059,6.881979999999998e-05,10,31-75
91,98,37.0,0.009890633,5.611741818181811e-05,10,31-75
91,99,36.0,0.009994161,3.688278181818164e-05,10,31-75
91,100,35.0,0.010237778,2.9181290909091084e-05,10,31-75
91,101,34.0,0.010344752,2.599359999999972e-05,10,31-75
91,102,33.0,0.010305811,2.6913248484848144e-05,10,31-75
91,103,32.0,0.010294245,3.707885454545489e-05,10,31-75
91,104,31.0,0.0102873435,4.3516257575757796e-05,10,31-75
91,105,30.0,0.010549616,6.461343333333402e-05,10,0-30
91,106,29.0,0.010616726,7.890458484848456e-05,10,0-30
91,107,28.0,0.010614456,7.422885151515191e-05,10,0-30
91,108,27.0,0.010635982,6.362132424242414e-05,10,0-30
91,109,26.0,0.011322762,8.834185757575715e-05,10,0-30
91,110,25.0,0.011438095,0.0001194901606060596,10,0-30
91,111,24.0,0.011695492,0.0001572606030303028,10,0-30
91,112,23.0,0.011853518,0.00018468197272727242,10,0-30
91,113,22.0,0.012271923,0.00021539428181818198,10,0-30
91,114,21.0,0.01265547,0.00024259538181818155,10,0-30
91,115,20.0,0.012523692,0.00025138886060606077,10,0-30
91,116,19.0,0.012674186,0.0002489369090909088,10,0-30
91,117,18.0,0.012902504,0.0002338484242424251,10,0-30
91,118,17.0,0.013406204,0.00021993563636363563,10,0-30
91,119,16.0,0.013882628,0.0002442164969696983,10,0-30
91,120,15.0,0.013863552,0.00024411703636363605,10,0-30
91,121,14.0,0.014240865,0.000252358606060606,10,0-30
91,122,13.0,0.014715582,0.00026617589090909005,10,0-30
91,123,12.0,0.015007534,0.0002891198121212124,10,0-30
91,124,11.0,0.015517153,0.00033227201212121104,10,0-30
91,125,10.0,0.015707415,0.0003423298727272722,10,0-30
91,126,9.0,0.017190404,0.000404720393939392,10,0-30
91,127,8.0,0.018841239,0.0005176356242424221,10,0-30
91,128,7.0,0.019411944,0.0006232755515151466,10,0-30
91,129,6.0,0.020362224,0.0007397136848484872,10,0-30
91,130,5.0,0.02036814,0.0007766622181818153,10,0-30
91,131,4.0,0.02064451,0.0007749961878787809,10,0-30
91,132,3.0,0.022292076,0.0008172252545454587,10,0-30
91,133,2.0,0.023540735,0.0008551901696969667,10,0-30
91,134,1.0,0.025016487,0.0009041925090909017,10,0-30
91,135,0.0,0.026202222,0.0009154119939393954,10,0-30
