unit_number,cycle,RUL_linear,erro_reconstrucao,slope,horizonte,faixa_RUL
1,34,158.0,0.009995125,-2.8267500000000366e-05,5,RUL > 125
1,35,157.0,0.010162072,2.1887799999999208e-05,5,RUL > 125
1,36,156.0,0.010273501,6.817549999999967e-05,5,RUL > 125
1,37,155.0,0.010269823,7.75300000000006e-05,5,RUL > 125
1,38,154.0,0.010272574,6.626490000000092e-05,5,RUL > 125
1,39,153.0,0.010267194,2.093170000000011e-05,5,RUL > 125
1,40,152.0,0.00999713,-5.553710000000001e-05,5,RUL > 125
1,41,151.0,0.009936991,-9.411079999999868e-05,5,RUL > 125
1,42,150.0,0.009905132,-0.00010650869999999958,5,RUL > 125
1,43,149.0,0.009636962,-0.00013524620000000148,5,RUL > 125
1,44,148.0,0.0094558215,-0.0001382646000000006,5,RUL > 125
1,45,147.0,0.009535267,-0.00012527584999999942,5,RUL > 125
1,46,146.0,0.009525621,-8.607169999999976e-05,5,RUL > 125
1,47,145.0,0.009401453,-4.012185000000069e-05,5,RUL > 125
1,48,144.0,0.009425238,-1.9498099999999447e-05,5,RUL > 125
1,49,143.0,0.009336592,-4.977329999999887e-05,5,RUL > 125
1,50,142.0,0.009175219,-7.656649999999919e-05,5,RUL > 125
1,51,141.0,0.009318665,-4.155949999999979e-05,5,RUL > 125
1,52,140.0,0.009623968,3.795329999999981e-05,5,RUL > 125
1,53,139.0,0.009584261,9.440870000000033e-05,5,RUL > 125
1,54,138.0,0.009558056,0.0001031270000000004,5,RUL > 125
1,55,137.0,0.009239113,-2.250159999999889e-05,5,RUL > 125
1,56,136.0,0.009339652,-9.137800000000029e-05,5,RUL > 125
1,57,135.0,0.00924575,-8.954259999999978e-05,5,RUL > 125
1,58,134.0,0.009089611,-9.302529999999956e-05,5,RUL > 125
1,59,133.0,0.009481255,2.342429999999873e-05,5,RUL > 125
1,60,132.0,0.009212421,-1.8956999999999137e-06,5,RUL > 125
1,61,131.0,0.009170528,-2.7633999999993614e-06,5,RUL > 125
1,62,130.0,0.009215076,-5.979699999999242e-06,5,RUL > 125
1,63,129.0,0.009612271,2.6468700000001182e-05,5,RUL > 125
1,64,128.0,0.0094345305,8.859619999999933e-05,5,RUL > 125
1,65,127.0,0.00948666,8.517185000000026e-05,5,RUL > 125
1,66,126.0,0.009529154,5.025450000000034e-05,5,RUL > 125
1,67,125.0,0.009627674,1.2542949999999197e-05,5,76-125
1,68,124.0,0.009458629,1.8921100000000353e-05,5,76-125
1,69,123.0,0.009316033,-4.117789999999945e-05,5,76-125
1,70,122.0,0.009252812,-8.64324999999994e-05,5,76-125
1,71,121.0,0.009087255,-0.0001286654999999985,5,76-125
1,72,120.0,0.009200284,-7.454680000000057e-05,5,76-125
1,73,119.0,0.00904317,-5.9825399999999876e-05,5,76-125
1,74,118.0,0.009252697,-4.43149999999939e-06,5,76-125
1,75,117.0,0.009375279,6.284610000000046e-05,5,76-125
1,76,116.0,0.009563458,0.00010584569999999905,5,76-125
1,77,115.0,0.009630407,0.00014852350000000048,5,76-125
1,78,114.0,0.009994064,0.00017378620000000063,5,76-125
1,79,113.0,0.010096575,0.00018731979999999922,5,76-125
1,80,112.0,0.0104132155,0.00021656830000000036,5,76-125
1,81,111.0,0.010230175,0.00016186874999999903,5,76-125
1,82,110.0,0.009856665,-1.41198000000016e-05,5,76-125
1,83,109.0,0.009891868,-9.659644999999844e-05,5,76-125
1,84,108.0,0.009762923,-0.0001638891999999995,5,76-125
1,85,107.0,0.00998796,-5.78171999999992e-05,5,76-125
1,86,106.0,0.009914984,2.127299999999893e-05,5,76-125
1,87,105.0,0.010180529,7.293830000000083e-05,5,76-125
1,88,104.0,0.010115819,8.983609999999979e-05,5,76-125
1,89,103.0,0.00971356,-3.4796499999998324e-05,5,76-125
1,90,102.0,0.010116563,-6.381099999999249e-06,5,76-125
1,91,101.0,0.010320208,2.8010200000000944e-05,5,76-125
1,92,100.0,0.0103460755,0.00010671609999999941,5,76-125
1,93,99.0,0.010071983,9.463584999999979e-05,5,76-125
1,94,98.0,0.010226125,-2.9101000000008406e-06,5,76-125
1,95,97.0,0.010613979,4.675914999999951e-05,5,76-125
1,96,96.0,0.010484989,8.198229999999982e-05,5,76-125
1,97,95.0,0.010531924,0.00011787459999999998,5,76-125
1,98,94.0,0.010931846,0.00013293870000000166,5,76-125
1,99,93.0,0.011079886,0.00013786710000000002,5,76-125
1,100,92.0,0.011216162,0.00020103079999999875,5,76-125
1,101,91.0,0.011367087,0.00019546419999999997,5,76-125
1,102,90.0,0.011475398,0.00013743049999999853,5,76-125
1,103,89.0,0.011552307,0.00012040779999999972,5,76-125
1,104,88.0,0.011141082,3.5060000000011744e-06,5,76-125
1,105,87.0,0.010844365,-0.0001379760000000015,5,76-125
1,106,86.0,0.01057952,-0.00024996979999999795,5,76-125
1,107,85.0,0.0110091325,-0.0001647911000000006,5,76-125
1,108,84.0,0.011330914,5.44431499999984e-05,5,76-125
1,109,83.0,0.011467204,0.00019970719999999568,5,76-125
1,110,82.0,0.011323284,0.0001945599500000004,5,76-125
1,111,81.0,0.011579859,0.0001133822999999988,5,76-125
1,112,80.0,0.01147782,4.064670000000014e-05,5,76-125
1,113,79.0,0.011566128,3.5238399999999876e-05,5,76-125
1,114,78.0,0.011616226,5.721530000000049e-05,5,76-125
1,115,77.0,0.011387488,-2.4633600000001065e-05,5,76-125
1,116,76.0,0.011527145,-7.998999999999267e-06,5,76-125
1,117,75.0,0.01177682,3.323029999999984e-05,5,31-75
1,118,74.0,0.011478256,1.1339200000000926e-05,5,31-75
1,119,73.0,0.011604916,3.8596699999999996e-05,5,31-75
1,120,72.0,0.0112470295,-7.32134999999998e-05,5,31-75
1,121,71.0,0.011303871,-0.00011771244999999895,5,31-75
1,122,70.0,0.011680737,1.0391700000000414e-05,5,31-75
1,123,69.0,0.012024212,0.00012722994999999577,5,31-75
1,124,68.0,0.0122479815,0.00027222450000000375,5,31-75
1,125,67.0,0.011971348,0.00019021985000000093,5,31-75
1,126,66.0,0.012057181,7.000240000000042e-05,5,31-75
1,127,65.0,0.01200564,-2.279444999999931e-05,5,31-75
1,128,64.0,0.0117123965,-0.0001036878000000003,5,31-75
1,129,63.0,0.011948472,-3.9053649999999355e-05,5,31-75
1,130,62.0,0.012081068,-9.394000000005008e-07,5,31-75
1,131,61.0,0.012099798,5.569874999999947e-05,5,31-75
1,132,60.0,0.012505318,0.00017371690000000107,5,31-75
1,133,59.0,0.012254493,0.00010362920000000033,5,31-75
1,134,58.0,0.012150233,2.9302499999999013e-05,5,31-75
1,135,57.0,0.012049162,-4.56356999999979e-05,5,31-75
1,136,56.0,0.012055646,-0.00011046749999999804,5,31-75
1,137,55.0,0.011890466,-8.226409999999899e-05,5,31-75
1,138,54.0,0.01157387,-0.00013114219999999717,5,31-75
1,139,53.0,0.011548996,-0.00014821079999999967,5,31-75
1,140,52.0,0.011681147,-0.0001090467999999985,5,31-75
1,141,51.0,0.011940454,2.072529999999873e-05,5,31-75
1,142,50.0,0.012063854,0.0001371425999999996,5,31-75
1,143,49.0,0.012017601,0.00013199170000000127,5,31-75
1,144,48.0,0.011988545,6.919430000000093e-05,5,31-75
1,145,47.0,0.0122397635,5.233100000000048e-05,5,31-75
1,146,46.0,0.011625788,-6.539695000000012e-05,5,31-75
1,147,45.0,0.011445511,-0.00015069369999999165,5,31-75
1,148,44.0,0.01138665,-0.00019980424999999617,5,31-75
1,149,43.0,0.011497995,-0.0001722675000000017,5,31-75
1,150,42.0,0.011825779,4.524660000000189e-05,5,31-75
1,151,41.0,0.011656701,8.615090000000091e-05,5,31-75
1,152,40.0,0.012328786,0.00020429780000000235,5,31-75
1,153,39.0,0.012103082,0.0001713181000000018,5,31-75
1,154,38.0,0.012160714,0.00011162509999999914,5,31-75
1,155,37.0,0.011922566,3.63657999999978e-05,5,31-75
1,156,36.0,0.012011075,-8.159379999999757e-05,5,31-75
1,157,35.0,0.012010702,-3.343989999999908e-05,5,31-75
1,158,34.0,0.011908165,-4.169619999999909e-05,5,31-75
1,159,33.0,0.011979297,1.0552000000005322e-06,5,31-75
1,160,32.0,0.012565633,0.00010777110000000193,5,31-75
1,161,31.0,0.012376935,0.00013899340000000137,5,31-75
1,162,30.0,0.012497516,0.00015763400000000163,5,0-30
1,163,29.0,0.013044313,0.00020619149999999753,5,0-30
1,164,28.0,0.013099898,0.0001735907999999978,5,0-30
1,165,27.0,0.012897991,0.00016444939999999891,5,0-30
1,166,26.0,0.012889197,6.370399999999992e-05,5,0-30
1,167,25.0,0.012521633,-0.00012560610000000172,5,0-30
1,168,24.0,0.012095857,-0.0002384440000000037,5,0-30
1,169,23.0,0.012013022,-0.0002563278000000013,5,0-30
1,170,22.0,0.011686562,-0.00029138809999999717,5,0-30
1,171,21.0,0.011695934,-0.00020606929999999972,5,0-30
1,172,20.0,0.011919116,-6.705700000000038e-05,5,0-30
1,173,19.0,0.012042868,2.9224600000002024e-05,5,0-30
1,174,18.0,0.012282645,0.0001539100000000005,5,0-30
1,175,17.0,0.01235385,0.00016793610000000154,5,0-30
1,176,16.0,0.012120092,7.129339999999986e-05,5,0-30
1,177,15.0,0.012628917,0.00010095449999999924,5,0-30
1,178,14.0,0.012862839,0.00014354550000000163,5,0-30
1,179,13.0,0.013160906,0.00023568589999999642,5,0-30
1,180,12.0,0.013576027,0.000344385899999993,5,0-30
1,181,11.0,0.014592714,0.0004640781999999971,5,0-30
1,182,10.0,0.015623846,0.0006953822000000005,5,0-30
1,183,9.0,0.016078822,0.0007883651000000172,5,0-30
1,184,8.0,0.017639121,0.0009612295999999609,5,0-30
1,185,7.0,0.018172387,0.0009174620999999892,5,0-30
1,186,6.0,0.01848796,0.0007821792999999889,5,0-30
1,187,5.0,0.019302921,0.0007297037000000016,5,0-30
1,188,4.0,0.019855127,0.0005562545999999839,5,0-30
1,189,3.0,0.021205299,0.0007432990999999976,5,0-30
1,190,2.0,0.022611434,0.0010149326000000046,5,0-30
1,191,1.0,0.023352735,0.001085593499999962,5,0-30
1,192,0.0,0.024626328,0.0011689837999999866,5,0-30
5,34,235.0,0.009627526,3.181479999999904e-05,5,RUL > 125
5,35,234.0,0.009611878,-6.403600000000376e-06,5,RUL > 125
5,36,233.0,0.009665366,-1.1444600000000255e-05,5,RUL > 125
5,37,232.0,0.009360348,-7.24472000000001e-05,5,RUL > 125
5,38,231.0,0.009231792,-0.00010429979999999863,5,RUL > 125
5,39,230.0,0.0091761295,-0.00013050710000000136,5,RUL > 125
5,40,229.0,0.009335235,-8.444804999999996e-05,5,RUL > 125
5,41,228.0,0.009405471,1.9368900000000285e-05,5,RUL > 125
5,42,227.0,0.009597028,9.598135000000019e-05,5,RUL > 125
5,43,226.0,0.009552376,0.00010142860000000072,5,RUL > 125
5,44,225.0,0.0095143225,5.050799999999967e-05,5,RUL > 125
5,45,224.0,0.009578072,2.6249650000000458e-05,5,RUL > 125
5,46,223.0,0.009573771,-2.0817999999993238e-06,5,RUL > 125
5,47,222.0,0.009554455,6.360650000000254e-06,5,RUL > 125
5,48,221.0,0.00967374,2.9521800000000382e-05,5,RUL > 125
5,49,220.0,0.00956557,7.496500000000198e-06,5,RUL > 125
5,50,219.0,0.009728801,3.21175000000001e-05,5,RUL > 125
5,51,218.0,0.010005209,9.565689999999947e-05,5,RUL > 125
5,52,217.0,0.010332384,0.00017569270000000005,5,RUL > 125
5,53,216.0,0.010386903,0.00022462490000000015,5,RUL > 125
5,54,215.0,0.010155927,0.00012359459999999975,5,RUL > 125
5,55,214.0,0.0102131,2.3932500000000723e-05,5,RUL > 125
5,56,213.0,0.009958716,-9.211389999999996e-05,5,RUL > 125
5,57,212.0,0.009985817,-9.993830000000146e-05,5,RUL > 125
5,58,211.0,0.009821955,-8.95226999999979e-05,5,RUL > 125
5,59,210.0,0.009574606,-0.00014137490000000084,5,RUL > 125
5,60,209.0,0.009604983,-0.00011186770000000069,5,RUL > 125
5,61,208.0,0.009557159,-0.0001074288000000001,5,RUL > 125
5,62,207.0,0.009565367,-5.3062300000000415e-05,5,RUL > 125
5,63,206.0,0.009468809,-2.5120999999999423e-05,5,RUL > 125
5,64,205.0,0.009303221,-6.918739999999954e-05,5,RUL > 125
5,65,204.0,0.009612279,-1.519060000000086e-05,5,RUL > 125
5,66,203.0,0.009423045,-1.4117399999999807e-05,5,RUL > 125
5,67,202.0,0.009631012,4.4422999999999856e-05,5,RUL > 125
5,68,201.0,0.009919704,0.00012516989999999882,5,RUL > 125
5,69,200.0,0.010065919,0.00014039390000000106,5,RUL > 125
5,70,199.0,0.0099934535,0.00015757239999999987,5,RUL > 125
5,71,198.0,0.0101185255,0.0001048776499999999,5,RUL > 125
5,72,197.0,0.009858904,-6.899350000000257e-06,5,RUL > 125
5,73,196.0,0.01007301,-1.203674999999999e-05,5,RUL > 125
5,74,195.0,0.01033035,6.28277500000003e-05,5,RUL > 125
5,75,194.0,0.010564207,0.00013628090000000222,5,RUL > 125
5,76,193.0,0.010678384,0.00021301569999999947,5,RUL > 125
5,77,192.0,0.0110319145,0.0002265843000000006,5,RUL > 125
5,78,191.0,0.011160998,0.00021290035000000025,5,RUL > 125
5,79,190.0,0.011064014,0.00014822279999999926,5,RUL > 125
5,80,189.0,0.010834239,3.438094999999944e-05,5,RUL > 125
5,81,188.0,0.010636448,-0.00011176919999999964,5,RUL > 125
5,82,187.0,0.010557518,-0.00016345260000000172,5,RUL > 125
5,83,186.0,0.01035494,-0.00016948689999999884,5,RUL > 125
5,84,185.0,0.010298423,-0.00013531399999999958,5,RUL > 125
5,85,184.0,0.010627439,-2.77112999999994e-05,5,RUL > 125
5,86,183.0,0.010589107,3.3567699999998943e-05,5,RUL > 125
5,87,182.0,0.010520862,6.225280000000053e-05,5,RUL > 125
5,88,181.0,0.010658527,6.136309999999945e-05,5,RUL > 125
5,89,180.0,0.010824054,4.626500000000055e-05,5,RUL > 125
5,90,179.0,0.010487576,1.0013000000000065e-05,5,RUL > 125
5,91,178.0,0.0104452735,-3.221279999999962e-05,5,RUL > 125
5,92,177.0,0.010345547,-0.00010047405000000028,5,RUL > 125
5,93,176.0,0.010439764,-9.106090000000006e-05,5,RUL > 125
5,94,175.0,0.010548535,1.1640850000000034e-05,5,RUL > 125
5,95,174.0,0.010128689,-4.3018100000001525e-05,5,RUL > 125
5,96,173.0,0.010137264,-7.276410000000151e-05,5,RUL > 125
5,97,172.0,0.010064649,-0.00011615009999999988,5,RUL > 125
5,98,171.0,0.010021391,-0.00011183280000000153,5,RUL > 125
5,99,170.0,0.009983689,-4.0587299999999265e-05,5,RUL > 125
5,100,169.0,0.009862864,-6.29759999999992e-05,5,RUL > 125
5,101,168.0,0.010119416,-4.899300000001888e-06,5,RUL > 125
5,102,167.0,0.0102482615,5.894679999999909e-05,5,RUL > 125
5,103,166.0,0.010410662,0.00012393434999999955,5,RUL > 125
5,104,165.0,0.010171666,9.08850000000003e-05,5,RUL > 125
5,105,164.0,0.009761811,-7.918054999999963e-05,5,RUL > 125
5,106,163.0,0.009612557,-0.00019202599999999808,5,RUL > 125
5,107,162.0,0.009710925,-0.0001958583000000009,5,RUL > 125
5,108,161.0,0.009525638,-0.00013429419999999928,5,RUL > 125
5,109,160.0,0.009704982,-2.0057699999999247e-05,5,RUL > 125
5,110,159.0,0.009843626,4.561949999999948e-05,5,RUL > 125
5,111,158.0,0.010024391,9.449199999999773e-05,5,RUL > 125
5,112,157.0,0.009855683,9.794989999999958e-05,5,RUL > 125
5,113,156.0,0.009727857,5.780700000002105e-06,5,RUL > 125
5,114,155.0,0.009877941,-2.2790399999998846e-05,5,RUL > 125
5,115,154.0,0.009862273,-3.0197800000001776e-05,5,RUL > 125
5,116,153.0,0.010051532,5.2611400000000524e-05,5,RUL > 125
5,117,152.0,0.010214613,0.00011471030000000022,5,RUL > 125
5,118,151.0,0.010100977,7.98412000000004e-05,5,RUL > 125
5,119,150.0,0.010027314,3.795270000000098e-05,5,RUL > 125
5,120,149.0,0.010107365,-7.563299999999894e-06,5,RUL > 125
5,121,148.0,0.010272551,1.2226399999998654e-05,5,RUL > 125
5,122,147.0,0.010363961,7.71205000000001e-05,5,RUL > 125
5,123,146.0,0.01070384,0.00016096479999999703,5,RUL > 125
5,124,145.0,0.010804833,0.00018262250000000173,5,RUL > 125
5,125,144.0,0.010930336,0.00017564420000000216,5,RUL > 125
5,126,143.0,0.011022559,0.0001543692000000008,5,RUL > 125
5,127,142.0,0.01105425,9.185460000000078e-05,5,RUL > 125
5,128,141.0,0.011368556,0.00012513599999999854,5,RUL > 125
5,129,140.0,0.011330164,0.00011456529999999959,5,RUL > 125
5,130,139.0,0.011408697,0.00010481899999999962,5,RUL > 125
5,131,138.0,0.011139713,2.110670000000246e-05,5,RUL > 125
5,132,137.0,0.011034441,-8.58680999999991e-05,5,RUL > 125
5,133,136.0,0.010939644,-0.00011552960000000238,5,RUL > 125
5,134,135.0,0.011058826,-8.998110000000024e-05,5,RUL > 125
5,135,134.0,0.010944502,-3.660370000000077e-05,5,RUL > 125
5,136,133.0,0.011079037,9.404999999999794e-06,5,RUL > 125
5,137,132.0,0.011027106,1.9513500000000056e-05,5,RUL > 125
5,138,131.0,0.010799531,-4.359859999999875e-05,5,RUL > 125
5,139,130.0,0.01073627,-6.959699999999941e-05,5,RUL > 125
5,140,129.0,0.010944625,-5.5965999999999674e-05,5,RUL > 125
5,141,128.0,0.011192825,4.7653199999999613e-05,5,RUL > 125
5,142,127.0,0.011000376,8.582449999999938e-05,5,RUL > 125
5,143,126.0,0.0113047715,0.00011927540000000131,5,RUL > 125
5,144,125.0,0.0113712605,9.652174999999957e-05,5,76-125
5,145,124.0,0.011009629,4.492500000015733e-07,5,76-125
5,146,123.0,0.011041094,-2.1370650000000327e-05,5,76-125
5,147,122.0,0.011141166,-6.573774999999701e-05,5,76-125
5,148,121.0,0.011223348,-1.6428800000000838e-05,5,76-125
5,149,120.0,0.011219332,6.016599999999963e-05,5,76-125
5,150,119.0,0.011336362,6.687019999999913e-05,5,76-125
5,151,118.0,0.011090517,1.1715999999993212e-06,5,76-125
5,152,117.0,0.011157317,-2.608769999999943e-05,5,76-125
5,153,116.0,0.01083748,-9.42749000000017e-05,5,76-125
5,154,115.0,0.011034811,-8.561390000000071e-05,5,76-125
5,155,114.0,0.011093897,-1.1574599999999747e-05,5,76-125
5,156,113.0,0.011056398,5.457899999999185e-06,5,76-125
5,157,112.0,0.010815052,-2.326899999998446e-06,5,76-125
5,158,111.0,0.010820016,-7.084349999999803e-05,5,76-125
5,159,110.0,0.0108623095,-6.995569999999853e-05,5,76-125
5,160,109.0,0.010972599,-1.2034049999999053e-05,5,76-125
5,161,108.0,0.010909216,3.409109999999915e-05,5,76-125
5,162,107.0,0.010771797,-4.953150000002068e-06,5,76-125
5,163,106.0,0.011001412,7.740300000000884e-06,5,76-125
5,164,105.0,0.010820273,-2.1245600000000053e-05,5,76-125
5,165,104.0,0.01101819,2.6642400000000357e-05,5,76-125
5,166,103.0,0.010593688,-3.394399999999827e-05,5,76-125
5,167,102.0,0.010306251,-0.00016169070000000244,5,76-125
5,168,101.0,0.010448726,-0.00014550330000000176,5,76-125
5,169,100.0,0.0106255915,-9.301590000000043e-05,5,76-125
5,170,99.0,0.010867125,8.662144999999763e-05,5,76-125
5,171,98.0,0.010597583,0.0001001062999999998,5,76-125
5,172,97.0,0.010866642,8.078235000000085e-05,5,76-125
5,173,96.0,0.010776474,3.0128199999999167e-05,5,76-125
5,174,95.0,0.010656246,-2.4286700000000606e-05,5,76-125
5,175,94.0,0.0109051885,4.0481499999999426e-05,5,76-125
5,176,93.0,0.010810972,1.7374499999997368e-06,5,76-125
5,177,92.0,0.010367397,-6.634280000000058e-05,5,76-125
5,178,91.0,0.010064607,-0.00017210695000000043,5,76-125
5,179,90.0,0.010107024,-0.00023426939999999794,5,76-125
5,180,89.0,0.010238662,-0.00014049929999999946,5,76-125
5,181,88.0,0.010529073,4.974069999999935e-05,5,76-125
5,182,87.0,0.010398492,0.00010898190000000052,5,76-125
5,183,86.0,0.010574349,0.00010944800000000196,5,76-125
5,184,85.0,0.010294584,1.5712000000002515e-05,5,76-125
5,185,84.0,0.010228882,-7.042899999999829e-05,5,76-125
5,186,83.0,0.010255839,-6.307729999999801e-05,5,76-125
5,187,82.0,0.010501587,-1.842689999999972e-05,5,76-125
5,188,81.0,0.010353076,3.896889999999725e-05,5,76-125
5,189,80.0,0.010717326,0.00010741249999999932,5,76-125
5,190,79.0,0.01069143,0.00010869210000000019,5,76-125
5,191,78.0,0.010840643,0.00010164659999999552,5,76-125
5,192,77.0,0.010994425,0.00014060149999999837,5,76-125
5,193,76.0,0.011087481,0.00010433050000000455,5,76-125
5,194,75.0,0.011263262,0.0001390502000000013,5,31-75
5,195,74.0,0.01169245,0.00019724509999999423,5,31-75
5,196,73.0,0.012056699,0.0002729516999999959,5,31-75
5,197,72.0,0.01213296,0.0002884395000000009,5,31-75
5,198,71.0,0.0119246645,0.0001763314999999987,5,31-75
5,199,70.0,0.012564823,0.000161271149999997,5,31-75
5,200,69.0,0.012217937,7.543390000000011e-05,5,31-75
5,201,68.0,0.012339982,7.073165000000106e-05,5,31-75
5,202,67.0,0.012348382,6.225940000000247e-05,5,31-75
5,203,66.0,0.012298152,-4.028969999999984e-05,5,31-75
5,204,65.0,0.012605699,7.336939999999769e-05,5,31-75
5,205,64.0,0.012873895,0.00013251429999999566,5,31-75
5,206,63.0,0.012947345,0.00017736689999999948,5,31-75
5,207,62.0,0.013142379,0.00020300999999999918,5,31-75
5,208,61.0,0.013654294,0.000236567399999999,5,31-75
5,209,60.0,0.014218165,0.00033954890000000525,5,31-75
5,210,59.0,0.014671476,0.0004524047999999961,5,31-75
5,211,58.0,0.015002128,0.00047366799999999225,5,31-75
5,212,57.0,0.01570188,0.0004879135000000074,5,31-75
5,213,56.0,0.01575312,0.0004100314000000088,5,31-75
5,214,55.0,0.01619198,0.0003792000000000017,5,31-75
5,215,54.0,0.016905557,0.0004296957999999991,5,31-75
5,216,53.0,0.017326728,0.00044021329999998846,5,31-75
5,217,52.0,0.017842151,0.0005312809999999831,5,31-75
5,218,51.0,0.018387191,0.0005327015999999952,5,31-75
5,219,50.0,0.018613502,0.0004476353000000102,5,31-75
5,220,49.0,0.01865049,0.00034188750000000286,5,31-75
5,221,48.0,0.018971814,0.0002522624999999976,5,31-75
5,222,47.0,0.019744262,0.00030724539999999465,5,31-75
5,223,46.0,0.020190725,0.00042482179999999515,5,31-75
5,224,45.0,0.021175833,0.000626959700000022,5,31-75
5,225,44.0,0.021565014,0.0006617971000000076,5,31-75
5,226,43.0,0.021797825,0.0005481415000000023,5,31-75
5,227,42.0,0.023067683,0.000637590799999993,5,31-75
5,228,41.0,0.023978833,0.000710866899999991,5,31-75
5,229,40.0,0.024192933,0.0007436845999999859,5,31-75
5,230,39.0,0.02531794,0.0008165480000000068,5,31-75
5,231,38.0,0.026453692,0.000811112500000013,5,31-75
5,232,37.0,0.027869452,0.0010041996999999934,5,31-75
5,233,36.0,0.029299667,0.0012764979999999957,5,31-75
5,234,35.0,0.029964678,0.001213945100000009,5,31-75
5,235,34.0,0.03120158,0.001159100199999983,5,31-75
5,236,33.0,0.032754045,0.001167109899999996,5,31-75
5,237,32.0,0.03467526,0.0013540552999999507,5,31-75
5,238,31.0,0.0354076,0.0014359523999999727,5,31-75
5,239,30.0,0.036452573,0.0013155540999999873,5,0-30
5,240,29.0,0.038706027,0.0013681276999999914,5,0-30
5,241,28.0,0.04043558,0.0014819066999999736,5,0-30
5,242,27.0,0.042779904,0.001872761499999994,5,0-30
5,243,26.0,0.045008324,0.0021185378999999346,5,0-30
5,244,25.0,0.047269616,0.0021699921999999124,5,0-30
5,245,24.0,0.04887807,0.0021374691999999904,5,0-30
5,246,23.0,0.05184794,0.0022005817999999856,5,0-30
5,247,22.0,0.05422773,0.002301713600000023,5,0-30
5,248,21.0,0.05727262,0.0025355667999999295,5,0-30
5,249,20.0,0.06025715,0.002818284000000088,5,0-30
5,250,19.0,0.063791744,0.0029917027999999467,5,0-30
5,251,18.0,0.066760965,0.003158559399999985,5,0-30
5,252,17.0,0.069658026,0.003127462700000033,5,0-30
5,253,16.0,0.073588215,0.0032528411999999634,5,0-30
5,254,15.0,0.077670306,0.0034584373999999606,5,0-30
5,255,14.0,0.08124491,0.003698016999999876,5,0-30
5,256,13.0,0.08653641,0.00414134629999998,5,0-30
5,257,12.0,0.090893984,0.00434776419999994,5,0-30
5,258,11.0,0.09543097,0.004517040199999972,5,0-30
5,259,10.0,0.10162145,0.004964764000000206,5,0-30
5,260,9.0,0.1050474,0.004774944600000017,5,0-30
5,261,8.0,0.1100395,0.00479074620000004,5,0-30
5,262,7.0,0.11412977,0.0045815650000000825,5,0-30
5,263,6.0,0.119870596,0.004558066199999974,5,0-30
5,264,5.0,0.1269594,0.005365509600000122,5,0-30
5,265,4.0,0.13382202,0.0060394669999998575,5,0-30
5,266,3.0,0.14191328,0.006951844399999931,5,0-30
5,267,2.0,0.14965524,0.007452316800000122,5,0-30
5,268,1.0,0.15789448,0.0077703379999997865,5,0-30
5,269,0.0,0.1662214,0.00807799599999996,5,0-30
11,34,206.0,0.010727384,2.950909999999809e-05,5,RUL > 125
11,35,205.0,0.010935406,-2.560740000000044e-05,5,RUL > 125
11,36,204.0,0.010959413,-2.440000000000719e-06,5,RUL > 125
11,37,203.0,0.011033453,6.649510000000117e-05,5,RUL > 125
11,38,202.0,0.011076187,7.956530000000039e-05,5,RUL > 125
11,39,201.0,0.011243178,7.323179999999955e-05,5,RUL > 125
11,40,200.0,0.010984398,2.5969499999999505e-05,5,RUL > 125
11,41,199.0,0.01084941,-4.59875e-05,5,RUL > 125
11,42,198.0,0.011016083,-5.139760000000005e-05,5,RUL > 125
11,43,197.0,0.01097336,-5.07951000000004e-05,5,RUL > 125
11,44,196.0,0.010562638,-7.195700000000103e-05,5,RUL > 125
11,45,195.0,0.010483297,-0.00011856709999999825,5,RUL > 125
11,46,194.0,0.010522252,-0.00014777249999999842,5,RUL > 125
11,47,193.0,0.010256504,-0.00014740979999999917,5,RUL > 125
11,48,192.0,0.010386955,-5.781590000000007e-05,5,RUL > 125
11,49,191.0,0.010435041,-2.31808999999995e-05,5,RUL > 125
11,50,190.0,0.010944679,0.0001023390999999982,5,RUL > 125
11,51,189.0,0.010937135,0.00019189859999999993,5,RUL > 125
11,52,188.0,0.011009477,0.0001747138000000006,5,RUL > 125
11,53,187.0,0.010771541,7.377979999999987e-05,5,RUL > 125
11,54,186.0,0.010946712,-1.615279999999991e-05,5,RUL > 125
11,55,185.0,0.010249212,-0.0001438611000000001,5,RUL > 125
11,56,184.0,0.010165731,-0.00022098210000000138,5,RUL > 125
11,57,183.0,0.010125523,-0.00020730170000000115,5,RUL > 125
11,58,182.0,0.009935736,-0.00021456409999999864,5,RUL > 125
11,59,181.0,0.01001131,-7.057990000000168e-05,5,RUL > 125
11,60,180.0,0.00983852,-7.686350000000174e-05,5,RUL > 125
11,61,179.0,0.009755327,-8.376080000000145e-05,5,RUL > 125
11,62,178.0,0.009766751,-5.9395299999999285e-05,5,RUL > 125
11,63,177.0,0.009687899,-7.185909999999908e-05,5,RUL > 125
11,64,176.0,0.009780468,-1.835319999999957e-05,5,RUL > 125
11,65,175.0,0.009696079,-1.0477900000000239e-05,5,RUL > 125
11,66,174.0,0.009747556,-3.021000000000941e-06,5,RUL > 125
11,67,173.0,0.010021619,6.345279999999919e-05,5,RUL > 125
11,68,172.0,0.009843505,4.516139999999954e-05,5,RUL > 125
11,69,171.0,0.009612678,-7.08529999999948e-06,5,RUL > 125
11,70,170.0,0.009701343,-5.0136699999999374e-05,5,RUL > 125
11,71,169.0,0.009810168,-5.6506400000000086e-05,5,RUL > 125
11,72,168.0,0.009747937,6.353999999993771e-07,5,RUL > 125
11,73,167.0,0.009740602,3.024419999999991e-05,5,RUL > 125
11,74,166.0,0.009796724,1.2119599999999392e-05,5,RUL > 125
11,75,165.0,0.00953269,-5.061690000000168e-05,5,RUL > 125
11,76,164.0,0.009757156,-1.894739999999983e-05,5,RUL > 125
11,77,163.0,0.009883922,2.4707200000000657e-05,5,RUL > 125
11,78,162.0,0.009883486,5.2475600000001216e-05,5,RUL > 125
11,79,161.0,0.009656066,3.730819999999906e-05,5,RUL > 125
11,80,160.0,0.009124075,-0.00014940180000000153,5,RUL > 125
11,81,159.0,0.009226702,-0.0002073850999999992,5,RUL > 125
11,82,158.0,0.00922144,-0.00017534560000000233,5,RUL > 125
11,83,157.0,0.009267518,-6.797309999999946e-05,5,RUL > 125
11,84,156.0,0.009439797,6.72260000000008e-05,5,RUL > 125
11,85,155.0,0.009418427,6.0180699999999056e-05,5,RUL > 125
11,86,154.0,0.009540085,7.881989999999856e-05,5,RUL > 125
11,87,153.0,0.009596362,7.579760000000044e-05,5,RUL > 125
11,88,152.0,0.0095335515,3.6544399999999765e-05,5,RUL > 125
11,89,151.0,0.009574632,3.058765000000037e-05,5,RUL > 125
11,90,150.0,0.009530835,-4.022999999999891e-06,5,RUL > 125
11,91,149.0,0.009229771,-7.358984999999962e-05,5,RUL > 125
11,92,148.0,0.009282861,-8.462420000000055e-05,5,RUL > 125
11,93,147.0,0.00959423,-2.0877799999999277e-05,5,RUL > 125
11,94,146.0,0.009559604,4.2199699999999324e-05,5,RUL > 125
11,95,145.0,0.009573554,9.643089999999994e-05,5,RUL > 125
11,96,144.0,0.009619569,6.527399999999939e-05,5,RUL > 125
11,97,143.0,0.009351758,-4.249789999999915e-05,5,RUL > 125
11,98,142.0,0.009493808,-3.533880000000148e-05,5,RUL > 125
11,99,141.0,0.009611814,-4.924100000000133e-06,5,RUL > 125
11,100,140.0,0.009458961,-6.11600000000004e-06,5,RUL > 125
11,101,139.0,0.00930999,-1.1838300000001225e-05,5,RUL > 125
11,102,138.0,0.0093979975,-4.9344499999998904e-05,5,RUL > 125
11,103,137.0,0.009407354,-4.698835000000072e-05,5,RUL > 125
11,104,136.0,0.0094721895,1.238210000000028e-05,5,RUL > 125
11,105,135.0,0.009535791,5.257940000000071e-05,5,RUL > 125
11,106,134.0,0.00937869,8.982200000000364e-06,5,RUL > 125
11,107,133.0,0.00947233,3.6452499999987214e-06,5,RUL > 125
11,108,132.0,0.009737373,4.669059999999889e-05,5,RUL > 125
11,109,131.0,0.009983041,0.00012531829999999698,5,RUL > 125
11,110,130.0,0.0100263255,0.00018059820000000283,5,RUL > 125
11,111,129.0,0.010198825,0.00017419424999999848,5,RUL > 125
11,112,128.0,0.010189958,0.00011209539999999888,5,RUL > 125
11,113,127.0,0.010316339,8.302284999999904e-05,5,RUL > 125
11,114,126.0,0.010135142,3.3514700000000894e-05,5,RUL > 125
11,115,125.0,0.010340705,2.2894399999999196e-05,5,76-125
11,116,124.0,0.010169216,-1.711799999999492e-06,5,76-125
11,117,123.0,0.010035897,-5.268099999999943e-05,5,76-125
11,118,122.0,0.010464315,3.5353800000000366e-05,5,76-125
11,119,121.0,0.010356277,3.262429999999967e-05,5,76-125
11,120,120.0,0.010667766,0.00013174799999999984,5,76-125
11,121,119.0,0.010755198,0.00016420529999999875,5,76-125
11,122,118.0,0.010630699,7.316890000000047e-05,5,76-125
11,123,117.0,0.010443489,1.3735700000001953e-05,5,76-125
11,124,116.0,0.010223923,-0.00011993950000000154,5,76-125
11,125,115.0,0.010562202,-7.92768000000012e-05,5,76-125
11,126,114.0,0.010520292,-1.021009999999992e-05,5,76-125
11,127,113.0,0.010618204,6.457990000000029e-05,5,76-125
11,128,112.0,0.010891998,0.00013921519999999878,5,76-125
11,129,111.0,0.011075849,0.00013989999999999803,5,76-125
11,130,110.0,0.011074485,0.00015660310000000015,5,76-125
11,131,109.0,0.011278217,0.00015025130000000065,5,76-125
11,132,108.0,0.01103428,4.8693200000000796e-05,5,76-125
11,133,107.0,0.010984779,-2.223450000000154e-05,5,76-125
11,134,106.0,0.011392664,3.429200000000118e-05,5,76-125
11,135,105.0,0.011305327,4.1260399999999426e-05,5,76-125
11,136,104.0,0.011580202,0.00014123919999999628,5,76-125
11,137,103.0,0.011613311,0.00014446019999999834,5,76-125
11,138,102.0,0.011586195,6.950459999999917e-05,5,76-125
11,139,101.0,0.011610301,6.159410000000107e-05,5,76-125
11,140,100.0,0.011420432,-3.225499999999798e-05,5,76-125
11,141,99.0,0.011144768,-0.00011028489999999984,5,76-125
11,142,98.0,0.011134572,-0.00013687790000000035,5,76-125
11,143,97.0,0.0111141475,-0.00012781670000000143,5,76-125
11,144,96.0,0.011308225,-2.5503450000000177e-05,5,76-125
11,145,95.0,0.011411209,7.065350000000085e-05,5,76-125
11,146,94.0,0.011390833,8.095834999999872e-05,5,76-125
11,147,93.0,0.011509453,8.732190000000009e-05,5,76-125
11,148,92.0,0.011411899,3.0559199999999584e-05,5,76-125
11,149,91.0,0.011642717,4.8408200000000056e-05,5,76-125
11,150,90.0,0.011266306,-1.1579000000001227e-05,5,76-125
11,151,89.0,0.011323264,-5.1797100000001436e-05,5,76-125
11,152,88.0,0.011548363,-4.6524999999988336e-06,5,76-125
11,153,87.0,0.011686472,3.69567000000024e-05,5,76-125
11,154,86.0,0.011824292,0.00014791799999999916,5,76-125
11,155,85.0,0.011329459,2.883189999999919e-05,5,76-125
11,156,84.0,0.01123247,-9.887989999999314e-05,5,76-125
11,157,83.0,0.011394853,-0.0001175059999999976,5,76-125
11,158,82.0,0.011445856,-6.91478000000006e-05,5,76-125
11,159,81.0,0.011493567,5.41602000000001e-05,5,76-125
11,160,80.0,0.011512974,6.597219999999962e-05,5,76-125
11,161,79.0,0.011119626,-4.833360000000038e-05,5,76-125
11,162,78.0,0.011136715,-9.922230000000366e-05,5,76-125
11,163,77.0,0.010999782,-0.00013638289999999648,5,76-125
11,164,76.0,0.010645546,-0.00018546999999999734,5,76-125
11,165,75.0,0.010796201,-0.00011380190000000003,5,31-75
11,166,74.0,0.01035147,-0.00017740709999999798,5,31-75
11,167,73.0,0.010241967,-0.00018097060000000242,5,31-75
11,168,72.0,0.010253633,-0.00013380600000000232,5,31-75
11,169,71.0,0.0100946585,-0.00015009220000000053,5,31-75
11,170,70.0,0.009978184,-8.938804999999921e-05,5,31-75
11,171,69.0,0.010190214,-3.7895499999999976e-05,5,31-75
11,172,68.0,0.009833568,-7.445744999999978e-05,5,31-75
11,173,67.0,0.009617676,-0.00010985810000000264,5,31-75
11,174,66.0,0.009778089,-9.727280000000053e-05,5,31-75
11,175,65.0,0.009764817,-9.062729999999893e-05,5,31-75
11,176,64.0,0.009839904,1.5981299999999172e-05,5,31-75
11,177,63.0,0.009944609,7.156810000000013e-05,5,31-75
11,178,62.0,0.010289649,0.00012029120000000078,5,31-75
11,179,61.0,0.010385188,0.00016904869999999765,5,31-75
11,180,60.0,0.010135284,0.00010313389999999862,5,31-75
11,181,59.0,0.00996737,-1.0884299999997429e-05,5,31-75
11,182,58.0,0.010034191,-9.28734000000002e-05,5,31-75
11,183,57.0,0.01010034,-6.707890000000189e-05,5,31-75
11,184,56.0,0.010713583,0.00012895679999999158,5,31-75
11,185,55.0,0.010825394,0.00023954399999999695,5,31-75
11,186,54.0,0.010928871,0.00025144139999999697,5,31-75
11,187,53.0,0.010618576,0.0001251759999999973,5,31-75
11,188,52.0,0.011222644,8.113039999999857e-05,5,31-75
11,189,51.0,0.011381294,0.00014055729999999986,5,31-75
11,190,50.0,0.011635176,0.00021753280000000165,5,31-75
11,191,49.0,0.0117801465,0.0002735672999999945,5,31-75
11,192,48.0,0.011931962,0.00018174884999999817,5,31-75
11,193,47.0,0.011987866,0.00015099300000000386,5,31-75
11,194,46.0,0.012531446,0.00020002595000000195,5,31-75
11,195,45.0,0.013254208,0.00035476069999998796,5,31-75
11,196,44.0,0.013714216,0.00048308499999999215,5,31-75
11,197,43.0,0.014028566,0.0005264170000000011,5,31-75
11,198,42.0,0.014216445,0.0004144355999999945,5,31-75
11,199,41.0,0.014519398,0.0003032608999999958,5,31-75
11,200,40.0,0.014875821,0.0002814041999999993,5,31-75
11,201,39.0,0.015045171,0.0002692586000000038,5,31-75
11,202,38.0,0.015359165,0.0002811212999999974,5,31-75
11,203,37.0,0.01594941,0.00033433679999999964,5,31-75
11,204,36.0,0.016575254,0.00043031049999998775,5,31-75
11,205,35.0,0.01766355,0.0006452846999999821,5,31-75
11,206,34.0,0.018062834,0.0007121477999999979,5,31-75
11,207,33.0,0.019096637,0.0007782033999999943,5,31-75
11,208,32.0,0.01972774,0.0007738058999999963,5,31-75
11,209,31.0,0.02049634,0.0007330486000000064,5,31-75
11,210,30.0,0.02225731,0.0009788654999999921,5,0-30
11,211,29.0,0.023475446,0.0011287187999999778,5,0-30
11,212,28.0,0.024377469,0.0012278564000000186,5,0-30
11,213,27.0,0.026285242,0.0013697963000000289,5,0-30
11,214,26.0,0.026986891,0.0012268958000000007,5,0-30
11,215,25.0,0.028187755,0.0012034039999999906,5,0-30
11,216,24.0,0.029730951,0.001260947699999976,5,0-30
11,217,23.0,0.030984627,0.0012142829999999551,5,0-30
11,218,22.0,0.032436103,0.0013695295999999928,5,0-30
11,219,21.0,0.034240235,0.0014810112000000352,5,0-30
11,220,20.0,0.036029644,0.0015852994000000226,5,0-30
11,221,19.0,0.038935337,0.0019494960999999617,5,0-30
11,222,18.0,0.041662015,0.002314692599999972,5,0-30
11,223,17.0,0.04494963,0.0027051160999999784,5,0-30
11,224,16.0,0.048032038,0.0030019081000000943,5,0-30
11,225,15.0,0.050597925,0.002969519900000047,5,0-30
11,226,14.0,0.053484634,0.00292935330000001,5,0-30
11,227,13.0,0.058397714,0.0032348763999999505,5,0-30
11,228,12.0,0.06292077,0.003757725299999955,5,0-30
11,229,11.0,0.06821349,0.004466726599999916,5,0-30
11,230,10.0,0.07337473,0.004959596800000036,5,0-30
11,231,9.0,0.07919646,0.005205145200000072,5,0-30
11,232,8.0,0.083968244,0.005307791799999979,5,0-30
11,233,7.0,0.0900006,0.005416773399999983,5,0-30
11,234,6.0,0.09589525,0.005584518000000036,5,0-30
11,235,5.0,0.1017684,0.0057070885999999,5,0-30
11,236,4.0,0.110056326,0.006394396399999978,5,0-30
11,237,3.0,0.116604835,0.0067369545999997745,5,0-30
11,238,2.0,0.12606347,0.007517287499999862,5,0-30
11,239,1.0,0.13446732,0.008140498399999913,5,0-30
11,240,0.0,0.14400941,0.008576865299999967,5,0-30
13,34,129.0,0.009278463,-9.808670000000156e-05,5,RUL > 125
13,35,128.0,0.008783961,-0.00017766845000000074,5,RUL > 125
13,36,127.0,0.008931582,-0.000194628700000001,5,RUL > 125
13,37,126.0,0.009166311,-9.603409999999942e-05,5,RUL > 125
13,38,125.0,0.009229902,2.852279999999935e-05,5,76-125
13,39,124.0,0.009191743,0.00011138839999999917,5,76-125
13,40,123.0,0.009275454,7.131759999999983e-05,5,76-125
13,41,122.0,0.009261768,2.3646600000000052e-05,5,76-125
13,42,121.0,0.009053401,-2.8297699999999256e-05,5,76-125
13,43,120.0,0.008690154,-0.00012252310000000205,5,76-125
13,44,119.0,0.008723033,-0.00016764560000000114,5,76-125
13,45,118.0,0.008409393,-0.00020351179999999813,5,76-125
13,46,117.0,0.008329237,-0.00017290889999999875,5,76-125
13,47,116.0,0.008581084,-6.119359999999993e-05,5,76-125
13,48,115.0,0.00859853,-7.731499999998959e-06,5,76-125
13,49,114.0,0.0089259185,0.00013023440000000023,5,76-125
13,50,113.0,0.008736465,0.00011592904999999933,5,76-125
13,51,112.0,0.008693596,3.62959000000002e-05,5,76-125
13,52,111.0,0.008681111,-6.716049999999676e-06,5,76-125
13,53,110.0,0.0087374635,-4.32263999999998e-05,5,76-125
13,54,109.0,0.008843126,2.5718949999999402e-05,5,76-125
13,55,108.0,0.008710645,1.9611299999999525e-05,5,76-125
13,56,107.0,0.008683805,-2.1430499999995445e-06,5,76-125
13,57,106.0,0.008809567,-1.5114000000002033e-06,5,76-125
13,58,105.0,0.0089575425,3.2775499999999144e-05,5,76-125
13,59,104.0,0.009146704,0.00011458554999999906,5,76-125
13,60,103.0,0.009073988,0.00011175030000000049,5,76-125
13,61,102.0,0.009097013,6.913374999999958e-05,5,76-125
13,62,101.0,0.0092540635,5.433510000000043e-05,5,76-125
13,63,100.0,0.009500318,8.873035000000062e-05,5,76-125
13,64,99.0,0.009615334,0.00014859969999999936,5,76-125
13,65,98.0,0.0097522875,0.000167181950000001,5,76-125
13,66,97.0,0.009824252,0.00013923465000000024,5,76-125
13,67,96.0,0.010094869,0.00013980199999999953,5,76-125
13,68,95.0,0.010067346,0.00012466054999999896,5,76-125
13,69,94.0,0.009790007,3.185330000000065e-05,5,76-125
13,70,93.0,0.009797657,-3.5805199999999974e-05,5,76-125
13,71,92.0,0.00982595,-8.075269999999916e-05,5,76-125
13,72,91.0,0.009981042,-1.3666500000001056e-05,5,76-125
13,73,90.0,0.010182484,9.68339000000007e-05,5,76-125
13,74,89.0,0.010304441,0.00013701020000000028,5,76-125
13,75,88.0,0.010186888,0.0001045274999999998,5,76-125
13,76,87.0,0.01012233,2.8698000000001405e-05,5,76-125
13,77,86.0,0.010059171,-4.287370000000095e-05,5,76-125
13,78,85.0,0.010252088,-2.3242299999999362e-05,5,76-125
13,79,84.0,0.010015276,-2.1346600000001226e-05,5,76-125
13,80,83.0,0.009950018,-3.8851900000001436e-05,5,76-125
13,81,82.0,0.010059993,-3.004260000000018e-05,5,76-125
13,82,81.0,0.010344392,2.2932500000000204e-05,5,76-125
13,83,80.0,0.010276177,9.161759999999974e-05,5,76-125
13,84,79.0,0.010184466,6.85080000000001e-05,5,76-125
13,85,78.0,0.010044202,-1.915079999999752e-05,5,76-125
13,86,77.0,0.010329204,-2.623510000000059e-05,5,76-125
13,87,76.0,0.010367807,3.27998000000001e-05,5,76-125
13,88,75.0,0.01037592,7.065129999999948e-05,5,31-75
13,89,74.0,0.010320672,5.9965600000000956e-05,5,31-75
13,90,73.0,0.010439402,1.7326100000000234e-05,5,31-75
13,91,72.0,0.01044351,2.1488800000000085e-05,5,31-75
13,92,71.0,0.01087624,0.00011234779999999934,5,31-75
13,93,70.0,0.010757593,0.00013106799999999886,5,31-75
13,94,69.0,0.010705636,8.465509999999926e-05,5,31-75
13,95,68.0,0.010995907,9.341899999999907e-05,5,31-75
13,96,67.0,0.010994663,4.7515999999999164e-05,5,31-75
13,97,66.0,0.010555769,-1.1462099999999194e-05,5,31-75
13,98,65.0,0.010567122,-7.171660000000265e-05,5,31-75
13,99,64.0,0.011019991,-3.793730000000017e-05,5,31-75
13,100,63.0,0.010765546,5.987999999992576e-07,5,31-75
13,101,62.0,0.010984011,0.00010549080000000028,5,31-75
13,102,61.0,0.010967228,7.642319999999985e-05,5,31-75
13,103,60.0,0.010963528,8.875599999999988e-06,5,31-75
13,104,59.0,0.011093494,6.354130000000103e-05,5,31-75
13,105,58.0,0.011295035,7.48314000000011e-05,5,31-75
13,106,57.0,0.011387685,0.00011724209999999978,5,31-75
13,107,56.0,0.0112008685,7.68872000000002e-05,5,31-75
13,108,55.0,0.010927739,-4.2567649999999206e-05,5,31-75
13,109,54.0,0.011243216,-5.6358399999998305e-05,5,31-75
13,110,53.0,0.011249915,-2.331924999999899e-05,5,31-75
13,111,52.0,0.011156221,2.3288100000000083e-05,5,31-75
13,112,51.0,0.011103751,2.650290000000065e-05,5,31-75
13,113,50.0,0.011082679,-4.672379999999818e-05,5,31-75
13,114,49.0,0.0112530915,-6.7188999999997605e-06,5,31-75
13,115,48.0,0.011305139,4.471765000000015e-05,5,31-75
13,116,47.0,0.0107533345,-4.783730000000011e-05,5,31-75
13,117,46.0,0.011068996,-5.271229999999921e-05,5,31-75
13,118,45.0,0.0109085925,-9.25140999999983e-05,5,31-75
13,119,44.0,0.010793598,-8.678240000000027e-05,5,31-75
13,120,43.0,0.010853636,-7.479500000000104e-06,5,31-75
13,121,42.0,0.011082213,-2.852250000000856e-06,5,31-75
13,122,41.0,0.010791027,5.348399999999739e-06,5,31-75
13,123,40.0,0.011040661,4.3151700000000395e-05,5,31-75
13,124,39.0,0.0117375245,0.00017262250000000127,5,31-75
13,125,38.0,0.011677084,0.0002136239500000018,5,31-75
13,126,37.0,0.012107726,0.00032698210000000195,5,31-75
13,127,36.0,0.012125901,0.00025406815000000063,5,31-75
13,128,35.0,0.012268861,0.00015114899999999867,5,31-75
13,129,34.0,0.012021179,8.493249999999892e-05,5,31-75
13,130,33.0,0.01270201,0.00010838460000000077,5,31-75
13,131,32.0,0.013104575,0.0002390496999999988,5,31-75
13,132,31.0,0.013548985,0.0003643643999999991,5,31-75
13,133,30.0,0.013651422,0.00041074610000000315,5,0-30
13,134,29.0,0.014318589,0.0003780004999999995,5,0-30
13,135,28.0,0.015171542,0.0004903537999999968,5,0-30
13,136,27.0,0.01606855,0.0006559249999999834,5,0-30
13,137,26.0,0.016968464,0.0008384044999999883,5,0-30
13,138,25.0,0.017612353,0.0008384449999999882,5,0-30
13,139,24.0,0.018709606,0.000861993099999999,5,0-30
13,140,23.0,0.02018613,0.0009976301999999747,5,0-30
13,141,22.0,0.020900896,0.0010438640999999994,5,0-30
13,142,21.0,0.022249468,0.0011465519999999995,5,0-30
13,143,20.0,0.024507303,0.001365873200000024,5,0-30
13,144,19.0,0.02640351,0.001604116699999976,5,0-30
13,145,18.0,0.02828599,0.0018924230000000207,5,0-30
13,146,17.0,0.030461065,0.002020188099999998,5,0-30
13,147,16.0,0.032322325,0.0019687598999999427,5,0-30
13,148,15.0,0.03482754,0.002088439499999969,5,0-30
13,149,14.0,0.037712414,0.002321932300000047,5,0-30
13,150,13.0,0.040875707,0.00262193730000003,5,0-30
13,151,12.0,0.044791415,0.0030986347000000526,5,0-30
13,152,11.0,0.04858774,0.0034599401000000142,5,0-30
13,153,10.0,0.05292156,0.003813032500000031,5,0-30
13,154,9.0,0.05573324,0.0037845211000000147,5,0-30
13,155,8.0,0.060982626,0.003952792200000055,5,0-30
13,156,7.0,0.06534762,0.004158082599999882,5,0-30
13,157,6.0,0.07205825,0.004788775999999945,5,0-30
13,158,5.0,0.077501185,0.005461151399999932,5,0-30
13,159,4.0,0.08668182,0.006355195299999865,5,0-30
13,160,3.0,0.094305314,0.00725389580000003,5,0-30
13,161,2.0,0.10261134,0.0077910309000000484,5,0-30
13,162,1.0,0.111986324,0.008489979800000099,5,0-30
13,163,0.0,0.12228276,0.008888288999999841,5,0-30
19,34,124.0,0.010019665,1.801744999999973e-05,5,76-125
19,35,123.0,0.0100839175,4.319549999999959e-05,5,76-125
19,36,122.0,0.010171,4.492539999999987e-05,5,76-125
19,37,121.0,0.0100380555,4.848510000000058e-05,5,76-125
19,38,120.0,0.00994217,-2.0085199999998633e-05,5,76-125
19,39,119.0,0.0100978,-2.0106500000000042e-05,5,76-125
19,40,118.0,0.009920512,-4.412314999999976e-05,5,76-125
19,41,117.0,0.009861613,-3.745430000000015e-05,5,76-125
19,42,116.0,0.009290034,-0.00015404589999999947,5,76-125
19,43,115.0,0.008894098,-0.00030378820000000255,5,76-125
19,44,114.0,0.008994346,-0.0002819847000000015,5,76-125
19,45,113.0,0.009107959,-0.00018029959999999885,5,76-125
19,46,112.0,0.008980633,-4.049409999999962e-05,5,76-125
19,47,111.0,0.008834837,-1.3223500000000147e-05,5,76-125
19,48,110.0,0.008723065,-8.156840000000037e-05,5,76-125
19,49,109.0,0.008498646,-0.00014761939999999866,5,76-125
19,50,108.0,0.008742,-8.134569999999987e-05,5,76-125
19,51,107.0,0.00867496,-3.0081899999999997e-05,5,76-125
19,52,106.0,0.008620917,-2.798199999999556e-06,5,76-125
19,53,105.0,0.008589667,6.095900000000293e-06,5,76-125
19,54,104.0,0.008650463,-2.6836699999999356e-05,5,76-125
19,55,103.0,0.008653486,-1.3402000000009272e-06,5,76-125
19,56,102.0,0.008713496,2.4897699999999414e-05,5,76-125
19,57,101.0,0.00857293,2.955899999999198e-06,5,76-125
19,58,100.0,0.008345168,-6.911459999999908e-05,5,76-125
19,59,99.0,0.008109889,-0.000145552200000002,5,76-125
19,60,98.0,0.008135975,-0.000161808300000001,5,76-125
19,61,97.0,0.008155213,-0.0001044626999999998,5,76-125
19,62,96.0,0.008351206,5.739999999999765e-06,5,76-125
19,63,95.0,0.0083672935,7.300399999999976e-05,5,76-125
19,64,94.0,0.008811248,0.00015626264999999965,5,76-125
19,65,93.0,0.008852668,0.00018549520000000114,5,76-125
19,66,92.0,0.008929704,0.00016423704999999977,5,76-125
19,67,91.0,0.009078906,0.00015416810000000054,5,76-125
19,68,90.0,0.009293646,0.0001191033999999984,5,76-125
19,69,89.0,0.009537994,0.00017345940000000013,5,76-125
19,70,88.0,0.009666604,0.00019328879999999914,5,76-125
19,71,87.0,0.009636807,0.00014887600000000023,5,76-125
19,72,86.0,0.009814657,0.00011408350000000021,5,76-125
19,73,85.0,0.009939344,9.507529999999953e-05,5,76-125
19,74,84.0,0.009900698,7.707250000000009e-05,5,76-125
19,75,83.0,0.009881616,5.7565899999999685e-05,5,76-125
19,76,82.0,0.010078339,4.6963600000000426e-05,5,76-125
19,77,81.0,0.010213664,7.262810000000061e-05,5,76-125
19,78,80.0,0.010252801,0.0001036254000000006,5,76-125
19,79,79.0,0.010501969,0.00014151680000000068,5,76-125
19,80,78.0,0.010346651,8.249290000000057e-05,5,76-125
19,81,77.0,0.011160871,0.00019882639999999825,5,76-125
19,82,76.0,0.011100568,0.0002354436000000002,5,76-125
19,83,75.0,0.011372405,0.00024947889999999963,5,31-75
19,84,74.0,0.011262253,0.0002042737999999994,5,31-75
19,85,73.0,0.011392623,6.251889999999932e-05,5,31-75
19,86,72.0,0.011226676,2.72433999999984e-05,5,31-75
19,87,71.0,0.01117726,-4.2586699999999787e-05,5,31-75
19,88,70.0,0.011138067,-4.63734999999999e-05,5,31-75
19,89,69.0,0.011554761,2.3566700000000206e-05,5,31-75
19,90,68.0,0.011388143,7.004349999999909e-05,5,31-75
19,91,67.0,0.011398181,6.919180000000082e-05,5,31-75
19,92,66.0,0.011039382,-3.539499999999989e-05,5,31-75
19,93,65.0,0.010973326,-0.00015116309999999968,5,31-75
19,94,64.0,0.010853399,-0.0001494342999999995,5,31-75
19,95,63.0,0.0107763,-0.00014297450000000088,5,31-75
19,96,62.0,0.010772662,-7.304660000000082e-05,5,31-75
19,97,61.0,0.011046146,6.4902999999997945e-06,5,31-75
19,98,60.0,0.010893299,3.496460000000021e-05,5,31-75
19,99,59.0,0.010344667,-7.426290000000095e-05,5,31-75
19,100,58.0,0.01032174,-0.0001603322999999984,5,31-75
19,101,57.0,0.010533,-0.00015978510000000165,5,31-75
19,102,56.0,0.010485145,-6.279750000000055e-05,5,31-75
19,103,55.0,0.010432591,3.392529999999991e-05,5,31-75
19,104,54.0,0.010677758,6.116270000000075e-05,5,31-75
19,105,53.0,0.010780389,6.873910000000132e-05,5,31-75
19,106,52.0,0.010869037,0.00011155819999999967,5,31-75
19,107,51.0,0.010671881,6.698589999999986e-05,5,31-75
19,108,50.0,0.010608061,-2.4790199999999775e-05,5,31-75
19,109,49.0,0.010432311,-9.571319999999718e-05,5,31-75
19,110,48.0,0.010505018,-9.676080000000122e-05,5,31-75
19,111,47.0,0.009595864,-0.0002255076999999969,5,31-75
19,112,46.0,0.009753791,-0.0002544986999999976,5,31-75
19,113,45.0,0.0098924795,-0.00018308899999999598,5,31-75
19,114,44.0,0.010314214,-8.49925000000121e-06,5,31-75
19,115,43.0,0.010133701,0.00016360970000000007,5,31-75
19,116,42.0,0.010184563,0.00011027655000000089,5,31-75
19,117,41.0,0.010250752,5.868939999999999e-05,5,31-75
19,118,40.0,0.010293348,7.531900000001388e-06,5,31-75
19,119,39.0,0.01011781,7.700299999999575e-06,5,31-75
19,120,38.0,0.01065713,8.121919999999959e-05,5,31-75
19,121,37.0,0.010731706,0.00013256899999999777,5,31-75
19,122,36.0,0.011442064,0.00029113279999999934,5,31-75
19,123,35.0,0.01179957,0.00041484539999999597,5,31-75
19,124,34.0,0.011731189,0.00032159820000000384,5,31-75
19,125,33.0,0.012073814,0.00029733410000000134,5,31-75
19,126,32.0,0.011921519,0.0001233154000000004,5,31-75
19,127,31.0,0.011607656,-1.934979999999948e-05,5,31-75
19,128,30.0,0.011761629,-4.05278000000007e-05,5,0-30
19,129,29.0,0.011985666,-3.36186000000004e-05,5,0-30
19,130,28.0,0.012193106,9.211840000000214e-05,5,0-30
19,131,27.0,0.01193676,0.00010896850000000073,5,0-30
19,132,26.0,0.012330639,0.00010891140000000086,5,0-30
19,133,25.0,0.012291329,7.488589999999944e-05,5,0-30
19,134,24.0,0.012468436,9.052289999999945e-05,5,0-30
19,135,23.0,0.013045933,0.0002356142999999987,5,0-30
19,136,22.0,0.013412616,0.00029185579999999294,5,0-30
19,137,21.0,0.013815562,0.0003992645999999941,5,0-30
19,138,20.0,0.014527643,0.000488804299999994,5,0-30
19,139,19.0,0.01566898,0.0006361120999999998,5,0-30
19,140,18.0,0.01595843,0.0006945045999999833,5,0-30
19,141,17.0,0.016174626,0.0006148915000000017,5,0-30
19,142,16.0,0.016473161,0.0004396681999999986,5,0-30
19,143,15.0,0.016983751,0.00031442730000000383,5,0-30
19,144,14.0,0.016786251,0.0002464766999999983,5,0-30
19,145,13.0,0.01690469,0.0001773218000000026,5,0-30
19,146,12.0,0.01789771,0.00027700369999999997,5,0-30
19,147,11.0,0.018373068,0.00038900929999998525,5,0-30
19,148,10.0,0.019362593,0.0006621061999999912,5,0-30
19,149,9.0,0.020234197,0.0008123897000000143,5,0-30
19,150,8.0,0.020800877,0.0007667463000000053,5,0-30
19,151,7.0,0.021869473,0.0008431094000000117,5,0-30
19,152,6.0,0.021857966,0.0006626022000000021,5,0-30
19,153,5.0,0.022858089,0.0006304873000000055,5,0-30
19,154,4.0,0.024004752,0.0007396366000000014,5,0-30
19,155,3.0,0.024942752,0.0008293344000000138,5,0-30
19,156,2.0,0.026000911,0.001037055299999974,5,0-30
19,157,1.0,0.0273853,0.0011050580999999887,5,0-30
19,158,0.0,0.028489469,0.0011411981999999844,5,0-30
23,34,134.0,0.010501378,1.607339999999958e-05,5,RUL > 125
23,35,133.0,0.010568425,1.1032599999999082e-05,5,RUL > 125
23,36,132.0,0.01070766,2.1678199999999616e-05,5,RUL > 125
23,37,131.0,0.010399046,-4.949919999999952e-05,5,RUL > 125
23,38,130.0,0.010767527,3.629190000000026e-05,5,RUL > 125
23,39,129.0,0.010997622,9.18260999999997e-05,5,RUL > 125
23,40,128.0,0.010973013,0.00011292820000000091,5,RUL > 125
23,41,127.0,0.010609294,6.259819999999978e-05,5,RUL > 125
23,42,126.0,0.01032512,-0.0001273141999999995,5,RUL > 125
23,43,125.0,0.010475813,-0.00016915110000000183,5,76-125
23,44,124.0,0.010655968,-7.675710000000045e-05,5,76-125
23,45,123.0,0.010828152,7.685640000000061e-05,5,76-125
23,46,122.0,0.010617899,9.378970000000022e-05,5,76-125
23,47,121.0,0.010457307,-7.5081000000013054e-06,5,76-125
23,48,120.0,0.0103998,-8.831809999999913e-05,5,76-125
23,49,119.0,0.01061074,-6.529229999999952e-05,5,76-125
23,50,118.0,0.010680677,2.7898899999998934e-05,5,76-125
23,51,117.0,0.010664587,6.954369999999903e-05,5,76-125
23,52,116.0,0.0105968835,4.480139999999918e-05,5,76-125
23,53,115.0,0.011151173,9.970725000000044e-05,5,76-125
23,54,114.0,0.010960124,0.00010454799999999998,5,76-125
23,55,113.0,0.011296738,0.00016275425000000017,5,76-125
23,56,112.0,0.011448758,0.00018493140000000124,5,76-125
23,57,111.0,0.011328452,8.431919999999912e-05,5,76-125
23,58,110.0,0.0111868465,4.851590000000152e-05,5,76-125
23,59,109.0,0.010802378,-0.00012506315000000167,5,76-125
23,60,108.0,0.0107380245,-0.0001947541000000017,5,76-125
23,61,107.0,0.010852896,-0.0001399933999999994,5,76-125
23,62,106.0,0.010848273,-6.266289999999923e-05,5,76-125
23,63,105.0,0.010710708,-7.309149999999357e-06,5,76-125
23,64,104.0,0.010643944,-3.303489999999959e-05,5,76-125
23,65,103.0,0.010447647,-0.00010148270000000103,5,76-125
23,66,102.0,0.010620143,-7.193210000000004e-05,5,76-125
23,67,101.0,0.010708448,-2.83209999999966e-06,5,76-125
23,68,100.0,0.0106085185,1.8995000000000366e-05,5,76-125
23,69,99.0,0.010299054,-3.088104999999955e-05,5,76-125
23,70,98.0,0.010245877,-0.00011579259999999959,5,76-125
23,71,97.0,0.010324498,-0.00011305414999999958,5,76-125
23,72,96.0,0.010373225,-4.451430000000032e-05,5,76-125
23,73,95.0,0.010545233,6.197060000000025e-05,5,76-125
23,74,94.0,0.010456867,6.427149999999939e-05,5,76-125
23,75,93.0,0.010170508,-2.243380000000204e-05,5,76-125
23,76,92.0,0.010451135,-2.1890499999999156e-05,5,76-125
23,77,91.0,0.010562529,2.8860000000010685e-06,5,76-125
23,78,90.0,0.010554693,5.8767300000000456e-05,5,76-125
23,79,89.0,0.010247308,2.571580000000045e-05,5,76-125
23,80,88.0,0.010126538,-9.644150000000218e-05,5,76-125
23,81,87.0,0.010339088,-8.750369999999951e-05,5,76-125
23,82,86.0,0.010256332,-5.0494200000001154e-05,5,76-125
23,83,85.0,0.009839656,-6.855100000000022e-05,5,76-125
23,84,84.0,0.009725342,-0.00013018239999999922,5,76-125
23,85,83.0,0.009364495,-0.0002480175999999959,5,76-125
23,86,82.0,0.009623337,-0.00017411509999999873,5,76-125
23,87,81.0,0.009670239,-4.408390000000035e-05,5,76-125
23,88,80.0,0.009641,1.3706000000000597e-05,5,76-125
23,89,79.0,0.009737824,7.643210000000134e-05,5,76-125
23,90,78.0,0.009769374,3.5965900000000956e-05,5,76-125
23,91,77.0,0.009522216,-1.6767200000000753e-05,5,76-125
23,92,76.0,0.009315672,-8.662640000000005e-05,5,76-125
23,93,75.0,0.009365527,-0.00011982960000000006,5,31-75
23,94,74.0,0.009272576,-0.00011502850000000047,5,31-75
23,95,73.0,0.00940611,-2.753080000000112e-05,5,31-75
23,96,72.0,0.009220949,-1.488630000000069e-05,5,31-75
23,97,71.0,0.009209965,-3.627509999999936e-05,5,31-75
23,98,70.0,0.009048072,-6.45153000000012e-05,5,31-75
23,99,69.0,0.009200451,-5.841950000000038e-05,5,31-75
23,100,68.0,0.00941355,3.756879999999963e-05,5,31-75
23,101,67.0,0.009475072,8.956919999999973e-05,5,31-75
23,102,66.0,0.009820788,0.00018200529999999796,5,31-75
23,103,65.0,0.009643339,0.00012930140000000012,5,31-75
23,104,64.0,0.009566228,4.736230000000101e-05,5,31-75
23,105,63.0,0.009933162,6.616200000000027e-05,5,31-75
23,106,62.0,0.009857749,3.637450000000086e-05,5,31-75
23,107,61.0,0.0102601005,0.00015250440000000122,5,31-75
23,108,60.0,0.010197189,0.00015888604999999845,5,31-75
23,109,59.0,0.010067488,6.0809199999998984e-05,5,31-75
23,110,58.0,0.009886167,-1.3577650000001029e-05,5,31-75
23,111,57.0,0.009667177,-0.00014968689999999782,5,31-75
23,112,56.0,0.009694025,-0.00014066389999999883,5,31-75
23,113,55.0,0.009711243,-9.046319999999758e-05,5,31-75
23,114,54.0,0.010014845,3.0142199999999303e-05,5,31-75
23,115,53.0,0.010113596,0.00012136580000000022,5,31-75
23,116,52.0,0.009934639,8.835810000000111e-05,5,31-75
23,117,51.0,0.010021834,5.409759999999983e-05,5,31-75
23,118,50.0,0.0100860065,5.0561000000003945e-06,5,31-75
23,119,49.0,0.009947347,-1.811305000000072e-05,5,31-75
23,120,48.0,0.010087599,2.3143299999999637e-05,5,31-75
23,121,47.0,0.010078992,1.1590849999999384e-05,5,31-75
23,122,46.0,0.010608237,0.00011761059999999957,5,31-75
23,123,45.0,0.010493885,0.0001613713999999977,5,31-75
23,124,44.0,0.010493402,0.0001226499000000022,5,31-75
23,125,43.0,0.0105440775,8.153359999999879e-05,5,31-75
23,126,42.0,0.010555277,-5.5727499999994945e-06,5,31-75
23,127,41.0,0.010226902,-4.7209099999999744e-05,5,31-75
23,128,40.0,0.010372078,-5.5982350000000065e-05,5,31-75
23,129,39.0,0.010539054,-1.932460000000029e-05,5,31-75
23,130,38.0,0.0106633175,5.282330000000078e-05,5,31-75
23,131,37.0,0.01089135,0.0001620135500000004,5,31-75
23,132,36.0,0.010942028,0.00014921960000000058,5,31-75
23,133,35.0,0.011043815,0.00012882325000000073,5,31-75
23,134,34.0,0.010764707,3.552439999999891e-05,5,31-75
23,135,33.0,0.0102936495,-0.00013727219999999787,5,31-75
23,136,32.0,0.010396097,-0.00018420274999999544,5,31-75
23,137,31.0,0.01046701,-0.00015222199999999857,5,31-75
23,138,30.0,0.0104873385,-3.813765000000064e-05,5,0-30
23,139,29.0,0.010531582,5.671065000000105e-05,5,0-30
23,140,28.0,0.010702237,6.76851999999985e-05,5,0-30
23,141,27.0,0.010882255,0.00010453884999999971,5,0-30
23,142,26.0,0.011067122,0.00015102400000000028,5,0-30
23,143,25.0,0.011222914,0.0001747549000000014,5,0-30
23,144,24.0,0.010953718,8.436210000000028e-05,5,0-30
23,145,23.0,0.011028124,1.7833400000000133e-05,5,0-30
23,146,22.0,0.01135955,3.900659999999906e-05,5,0-30
23,147,21.0,0.011473236,9.064759999999493e-05,5,0-30
23,148,20.0,0.011363792,0.0001265259999999991,5,0-30
23,149,19.0,0.011494875,9.377440000000027e-05,5,0-30
23,150,18.0,0.011800358,9.032550000000056e-05,5,0-30
23,151,17.0,0.012008717,0.0001507528000000032,5,0-30
23,152,16.0,0.011905653,0.00015975640000000094,5,0-30
23,153,15.0,0.012361197,0.0001837939000000017,5,0-30
23,154,14.0,0.012603346,0.00019584560000000014,5,0-30
23,155,13.0,0.012420212,0.00015206830000000216,5,0-30
23,156,12.0,0.012567041,0.00013817910000000057,5,0-30
23,157,11.0,0.0132938735,0.00018290479999999806,5,0-30
23,158,10.0,0.01406267,0.00037923094999999375,5,0-30
23,159,9.0,0.015202595,0.0007060394999999829,5,0-30
23,160,8.0,0.015942076,0.0008658791500000037,5,0-30
23,161,7.0,0.016497206,0.0008286071000000055,5,0-30
23,162,6.0,0.017464098,0.00080974670000001,5,0-30
23,163,5.0,0.017875934,0.0006868699999999894,5,0-30
23,164,4.0,0.019065835,0.0007626245999999867,5,0-30
23,165,3.0,0.02000161,0.0008610544999999946,5,0-30
23,166,2.0,0.020830467,0.0008858413999999907,5,0-30
23,167,1.0,0.02202028,0.00100533240000001,5,0-30
23,168,0.0,0.023507169,0.0010901338000000162,5,0-30
31,34,200.0,0.010080727,-3.4887000000014617e-06,5,RUL > 125
31,35,199.0,0.010182449,-2.0443500000001198e-05,5,RUL > 125
31,36,198.0,0.010391327,1.251189999999965e-05,5,RUL > 125
31,37,197.0,0.010441265,4.8286600000000935e-05,5,RUL > 125
31,38,196.0,0.010354712,8.067860000000059e-05,5,RUL > 125
31,39,195.0,0.010190678,-2.015700000001391e-06,5,RUL > 125
31,40,194.0,0.009889817,-0.00012536070000000052,5,RUL > 125
31,41,193.0,0.010000194,-0.00013470369999999963,5,RUL > 125
31,42,192.0,0.0101282615,-6.433849999999992e-05,5,RUL > 125
31,43,191.0,0.01022635,3.0978850000000954e-05,5,RUL > 125
31,44,190.0,0.010293648,0.00010338180000000024,5,RUL > 125
31,45,189.0,0.01044277,0.00010505385000000097,5,RUL > 125
31,46,188.0,0.010640844,0.00012415849999999987,5,RUL > 125
31,47,187.0,0.010723112,0.0001340719999999999,5,RUL > 125
31,48,186.0,0.010562329,8.177040000000038e-05,5,RUL > 125
31,49,185.0,0.010729002,4.939490000000092e-05,5,RUL > 125
31,50,184.0,0.010620093,-3.5611999999999868e-06,5,RUL > 125
31,51,183.0,0.010493392,-4.016759999999992e-05,5,RUL > 125
31,52,182.0,0.010703666,4.7064000000000935e-06,5,RUL > 125
31,53,181.0,0.010774844,1.7525700000000404e-05,5,RUL > 125
31,54,180.0,0.0108166,6.744660000000011e-05,5,RUL > 125
31,55,179.0,0.010840872,8.078939999999984e-05,5,RUL > 125
31,56,178.0,0.010600892,-1.3951999999999866e-05,5,RUL > 125
31,57,177.0,0.010566257,-6.328820000000054e-05,5,RUL > 125
31,58,176.0,0.010492076,-9.236629999999861e-05,5,RUL > 125
31,59,175.0,0.010304079,-0.0001182402000000015,5,RUL > 125
31,60,174.0,0.010040533,-0.00013828960000000063,5,RUL > 125
31,61,173.0,0.009984471,-0.00016151149999999966,5,RUL > 125
31,62,172.0,0.009935933,-0.0001431893999999998,5,RUL > 125
31,63,171.0,0.010006131,-7.004960000000002e-05,5,RUL > 125
31,64,170.0,0.010180961,3.0251599999999804e-05,5,RUL > 125
31,65,169.0,0.009943512,1.6310999999999417e-05,5,RUL > 125
31,66,168.0,0.009865066,-2.043530000000005e-05,5,RUL > 125
31,67,167.0,0.009696602,-9.349529999999915e-05,5,RUL > 125
31,68,166.0,0.010033746,-5.413399999999992e-05,5,RUL > 125
31,69,165.0,0.010166016,6.136879999999984e-05,5,RUL > 125
31,70,164.0,0.010117156,9.735939999999978e-05,5,RUL > 125
31,71,163.0,0.010540024,0.00017702539999999966,5,RUL > 125
31,72,162.0,0.010504221,0.00013149579999999957,5,RUL > 125
31,73,161.0,0.01035714,7.693130000000029e-05,5,RUL > 125
31,74,160.0,0.0102018025,-1.359100000002263e-06,5,RUL > 125
31,75,159.0,0.010532368,-3.17730500000018e-05,5,RUL > 125
31,76,158.0,0.010410243,-1.2728000000002494e-06,5,RUL > 125
31,77,157.0,0.010420344,3.348484999999928e-05,5,RUL > 125
31,78,156.0,0.010288069,6.050900000000329e-06,5,RUL > 125
31,79,155.0,0.009840897,-0.0001505116000000011,5,RUL > 125
31,80,154.0,0.009817989,-0.0001763955000000013,5,RUL > 125
31,81,153.0,0.009894977,-0.00015208139999999941,5,RUL > 125
31,82,152.0,0.009786506,-9.490460000000126e-05,5,RUL > 125
31,83,151.0,0.009703985,-3.0530699999999027e-05,5,RUL > 125
31,84,150.0,0.009714218,-3.9853399999999214e-05,5,RUL > 125
31,85,149.0,0.009589104,-6.840339999999867e-05,5,RUL > 125
31,86,148.0,0.009653691,-3.8051100000000046e-05,5,RUL > 125
31,87,147.0,0.009438194,-5.921089999999985e-05,5,RUL > 125
31,88,146.0,0.009483154,-6.130380000000017e-05,5,RUL > 125
31,89,145.0,0.009538958,-2.7082899999998836e-05,5,RUL > 125
31,90,144.0,0.009629288,5.195799999998151e-06,5,RUL > 125
31,91,143.0,0.009817725,9.05195999999995e-05,5,RUL > 125
31,92,142.0,0.010191824,0.00016961069999999934,5,RUL > 125
31,93,141.0,0.010172211,0.00018290419999999926,5,RUL > 125
31,94,140.0,0.010049592,0.00011950939999999871,5,RUL > 125
31,95,139.0,0.010094611,4.115399999999777e-05,5,RUL > 125
31,96,138.0,0.010351461,2.4167399999999307e-05,5,RUL > 125
31,97,137.0,0.010215624,3.8869499999999584e-05,5,RUL > 125
31,98,136.0,0.009881994,-2.1418300000001556e-05,5,RUL > 125
31,99,135.0,0.009835781,-9.871269999999902e-05,5,RUL > 125
31,100,134.0,0.009811234,-0.00014602969999999888,5,RUL > 125
31,101,133.0,0.009462168,-0.00015776720000000124,5,RUL > 125
31,102,132.0,0.0094508575,-0.0001235885999999982,5,RUL > 125
31,103,131.0,0.009234712,-0.0001562514499999996,5,RUL > 125
31,104,130.0,0.009317232,-0.00012154599999999925,5,RUL > 125
31,105,129.0,0.00897718,-0.00011036015000000009,5,RUL > 125
31,106,128.0,0.009107045,-9.451569999999987e-05,5,RUL > 125
31,107,127.0,0.009022744,-6.341230000000078e-05,5,RUL > 125
31,108,126.0,0.009155144,-2.786120000000062e-05,5,RUL > 125
31,109,125.0,0.009293167,6.800729999999975e-05,5,76-125
31,110,124.0,0.009332146,7.206250000000142e-05,5,76-125
31,111,123.0,0.009258297,6.481079999999973e-05,5,76-125
31,112,122.0,0.009045079,-2.5499999999998767e-05,5,76-125
31,113,121.0,0.009226198,-4.210049999999814e-05,5,76-125
31,114,120.0,0.009415446,1.3450099999999846e-05,5,76-125
31,115,119.0,0.009639152,0.00011320769999999898,5,76-125
31,116,118.0,0.009764553,0.00018519020000000216,5,76-125
31,117,117.0,0.009635769,0.00011682490000000019,5,76-125
31,118,116.0,0.009506794,1.793130000000126e-05,5,76-125
31,119,115.0,0.009804588,7.311299999999905e-06,5,76-125
31,120,114.0,0.009801346,2.4240499999999623e-05,5,76-125
31,121,113.0,0.009861447,7.459079999999969e-05,5,76-125
31,122,112.0,0.009780054,6.0337900000000776e-05,5,76-125
31,123,111.0,0.009774744,-8.098000000000043e-06,5,76-125
31,124,110.0,0.00975142,-1.8655499999999266e-05,5,76-125
31,125,109.0,0.010009227,2.6692600000000494e-05,5,76-125
31,126,108.0,0.010130966,9.363070000000049e-05,5,76-125
31,127,107.0,0.01033236,0.00014947780000000054,5,76-125
31,128,106.0,0.010430589,0.00016814709999999884,5,76-125
31,129,105.0,0.010410402,0.0001101972999999994,5,76-125
31,130,104.0,0.01025807,3.322499999999868e-05,5,76-125
31,131,103.0,0.010329355,-1.785289999999902e-05,5,76-125
31,132,102.0,0.010311549,-3.1912699999999326e-05,5,76-125
31,133,101.0,0.010276471,-2.143829999999961e-05,5,76-125
31,134,100.0,0.01031718,6.533600000000031e-06,5,76-125
31,135,99.0,0.0106752245,6.973699999999948e-05,5,76-125
31,136,98.0,0.010841133,0.00014579214999999607,5,76-125
31,137,97.0,0.011084278,0.0002139566999999971,5,76-125
31,138,96.0,0.010948854,0.0001672401499999981,5,76-125
31,139,95.0,0.010983015,7.233020000000043e-05,5,76-125
31,140,94.0,0.01121002,6.365109999999923e-05,5,76-125
31,141,93.0,0.011529057,0.0001150723999999995,5,76-125
31,142,92.0,0.011340936,0.00013302059999999936,5,76-125
31,143,91.0,0.0110170385,1.9896299999997582e-05,5,76-125
31,144,90.0,0.010680744,-0.00015705704999999598,5,76-125
31,145,89.0,0.010578996,-0.00025603140000000305,5,76-125
31,146,88.0,0.010351729,-0.00024164565000000065,5,76-125
31,147,87.0,0.01064352,-0.00010760519999999639,5,76-125
31,148,86.0,0.01083288,3.687959999999897e-05,5,76-125
31,149,85.0,0.010752725,8.28609000000014e-05,5,76-125
31,150,84.0,0.010304496,1.4738999999981539e-06,5,76-125
31,151,83.0,0.010247944,-0.00013195360000000335,5,76-125
31,152,82.0,0.00994332,-0.0002283900999999996,5,76-125
31,153,81.0,0.009817741,-0.00022311440000000068,5,76-125
31,154,80.0,0.009726579,-0.0001586037000000013,5,76-125
31,155,79.0,0.00949238,-0.00017278690000000252,5,76-125
31,156,78.0,0.009245132,-0.00017217369999999289,5,76-125
31,157,77.0,0.009369301,-0.00013783269999999805,5,76-125
31,158,76.0,0.009362455,-8.513269999999906e-05,5,76-125
31,159,75.0,0.009359993,-1.4745100000000502e-05,5,31-75
31,160,74.0,0.009457945,4.1631800000000505e-05,5,31-75
31,161,73.0,0.009553854,4.645959999999976e-05,5,31-75
31,162,72.0,0.009752534,9.740190000000016e-05,5,31-75
31,163,71.0,0.009673564,9.217309999999926e-05,5,31-75
31,164,70.0,0.0096243,4.5241999999999646e-05,5,31-75
31,165,69.0,0.009301723,-6.324960000000061e-05,5,31-75
31,166,68.0,0.009288507,-0.00012998949999999999,5,31-75
31,167,67.0,0.010084588,4.8625500000002545e-05,5,31-75
31,168,66.0,0.010187721,0.0001909707000000053,5,31-75
31,169,65.0,0.010483929,0.0003263626000000014,5,31-75
31,170,64.0,0.010552783,0.00029278929999999837,5,31-75
31,171,63.0,0.010242958,6.818020000000034e-05,5,31-75
31,172,62.0,0.010704958,7.935030000000038e-05,5,31-75
31,173,61.0,0.010680441,5.451990000000074e-05,5,31-75
31,174,60.0,0.010500538,3.3299299999999866e-05,5,31-75
31,175,59.0,0.010697033,7.037299999999939e-05,5,31-75
31,176,58.0,0.0112640485,0.00011347729999999709,5,31-75
31,177,57.0,0.011438433,0.0002279494499999996,5,31-75
31,178,56.0,0.011551655,0.00028436339999999996,5,31-75
31,179,55.0,0.011444866,0.00017832724999999926,5,31-75
31,180,54.0,0.011319869,1.1807400000000437e-05,5,31-75
31,181,53.0,0.011488385,-1.318819999999966e-05,5,31-75
31,182,52.0,0.011736502,4.132130000000006e-05,5,31-75
31,183,51.0,0.01168677,9.004410000000286e-05,5,31-75
31,184,50.0,0.011705585,9.6981699999998e-05,5,31-75
31,185,49.0,0.011843193,6.786990000000005e-05,5,31-75
31,186,48.0,0.011980216,6.438509999999864e-05,5,31-75
31,187,47.0,0.012200692,0.00013024750000000112,5,31-75
31,188,46.0,0.012705501,0.0002357330999999916,5,31-75
31,189,45.0,0.013074283,0.0003187464999999992,5,31-75
31,190,44.0,0.013067975,0.0003049108999999999,5,31-75
31,191,43.0,0.0128466515,0.00016543929999999818,5,31-75
31,192,42.0,0.012476702,-6.85229499999995e-05,5,31-75
31,193,41.0,0.012630002,-0.00014798350000000776,5,31-75
31,194,40.0,0.012448405,-0.00014557895000000054,5,31-75
31,195,39.0,0.012203918,-0.0001313763999999971,5,31-75
31,196,38.0,0.012256445,-8.66597999999978e-05,5,31-75
31,197,37.0,0.011958197,-0.0001535569999999996,5,31-75
31,198,36.0,0.011734309,-0.00016739129999999582,5,31-75
31,199,35.0,0.011712785,-0.00015044019999999747,5,31-75
31,200,34.0,0.012003374,-7.515540000000033e-05,5,31-75
31,201,33.0,0.012568736,0.00014901430000000573,5,31-75
31,202,32.0,0.012514755,0.00024168429999999656,5,31-75
31,203,31.0,0.012645668,0.0002377146999999981,5,31-75
31,204,30.0,0.012445627,9.6143799999999e-05,5,0-30
31,205,29.0,0.012829251,4.51901999999976e-05,5,0-30
31,206,28.0,0.012967554,0.00010891809999999894,5,0-30
31,207,27.0,0.0130562885,0.00013431679999999905,5,0-30
31,208,26.0,0.013152699,0.00016411814999999942,5,0-30
31,209,25.0,0.012964492,4.556269999999919e-05,5,0-30
31,210,24.0,0.013155694,2.8448349999999634e-05,5,0-30
31,211,23.0,0.0141191725,0.00021287629999999539,5,0-30
31,212,22.0,0.014106834,0.00030629505000000695,5,0-30
31,213,21.0,0.013831238,0.00026846320000000195,5,0-30
31,214,20.0,0.013928647,0.00012579715000000108,5,0-30
31,215,19.0,0.014421288,4.2604400000000916e-05,5,0-30
31,216,18.0,0.014222799,8.21979999999962e-05,5,0-30
31,217,17.0,0.014215443,0.00010625619999999873,5,0-30
31,218,16.0,0.014632299,0.00012014589999999934,5,0-30
31,219,15.0,0.014815767,0.00011984580000000419,5,0-30
31,220,14.0,0.015104319,0.0002363364000000025,5,0-30
31,221,13.0,0.016006654,0.0004054441999999924,5,0-30
31,222,12.0,0.0154226385,0.0002771565999999968,5,0-30
31,223,11.0,0.016046368,0.00027795214999999944,5,0-30
31,224,10.0,0.01668302,0.0003197116000000069,5,0-30
31,225,9.0,0.016873255,0.0002993583500000061,5,0-30
31,226,8.0,0.01757805,0.0005137710000000024,5,0-30
31,227,7.0,0.017997595,0.0004797483999999935,5,0-30
31,228,6.0,0.018492516,0.00047433319999999575,5,0-30
31,229,5.0,0.01971729,0.0006602535999999881,5,0-30
31,230,4.0,0.020609206,0.0007782007000000068,5,0-30
31,231,3.0,0.021514062,0.0009149624000000143,5,0-30
31,232,2.0,0.022231383,0.0009274505999999971,5,0-30
31,233,1.0,0.02301549,0.0008218576999999978,5,0-30
31,234,0.0,0.024516841,0.0009316698000000061,5,0-30
32,34,157.0,0.009999103,5.942079999999919e-05,5,RUL > 125
32,35,156.0,0.010047996,4.1245899999998785e-05,5,RUL > 125
32,36,155.0,0.010604872,0.00010856999999999902,5,RUL > 125
32,37,154.0,0.010566697,0.00012977790000000012,5,RUL > 125
32,38,153.0,0.010661309,0.00018431129999999958,5,RUL > 125
32,39,152.0,0.010854265,0.000166897499999999,5,RUL > 125
32,40,151.0,0.010792278,6.62379999999994e-05,5,RUL > 125
32,41,150.0,0.010640821,2.7921699999999696e-05,5,RUL > 125
32,42,149.0,0.010716038,-1.0398600000000136e-05,5,RUL > 125
32,43,148.0,0.010720386,-3.439980000000099e-05,5,RUL > 125
32,44,147.0,0.010766735,2.8478999999987374e-06,5,RUL > 125
32,45,146.0,0.010763918,2.9689100000000827e-05,5,RUL > 125
32,46,145.0,0.0107197715,5.0999000000011554e-06,5,RUL > 125
32,47,144.0,0.01065266,-1.8241550000000672e-05,5,RUL > 125
32,48,143.0,0.010646696,-3.513359999999997e-05,5,RUL > 125
32,49,142.0,0.010637853,-3.252054999999927e-05,5,RUL > 125
32,50,141.0,0.010465693,-5.229639999999885e-05,5,RUL > 125
32,51,140.0,0.009820245,-0.000184583299999999,5,RUL > 125
32,52,139.0,0.009694411,-0.0002722177999999989,5,RUL > 125
32,53,138.0,0.0098139495,-0.00024190889999999867,5,RUL > 125
32,54,137.0,0.009756726,-0.00014242294999999974,5,RUL > 125
32,55,136.0,0.009861693,1.4521099999999047e-05,5,RUL > 125
32,56,135.0,0.009478094,-3.84890500000009e-05,5,RUL > 125
32,57,134.0,0.009306391,-0.00012937490000000044,5,RUL > 125
32,58,133.0,0.009218838,-0.00016310779999999714,5,RUL > 125
32,59,132.0,0.009549302,-8.840380000000011e-05,5,RUL > 125
32,60,131.0,0.009328648,-5.598099999998875e-06,5,RUL > 125
32,61,130.0,0.009458789,4.1460600000000245e-05,5,RUL > 125
32,62,129.0,0.009398611,2.6903300000000095e-05,5,RUL > 125
32,63,128.0,0.009263053,-5.0253499999999474e-05,5,RUL > 125
32,64,127.0,0.0094678765,8.272099999999338e-06,5,RUL > 125
32,65,126.0,0.009702816,5.573195000000031e-05,5,RUL > 125
32,66,125.0,0.009400975,4.44490999999996e-05,5,76-125
32,67,124.0,0.009388269,1.8353049999999233e-05,5,76-125
32,68,123.0,0.009377308,-4.956839999999834e-05,5,76-125
32,69,122.0,0.009189379,-0.0001050540999999997,5,76-125
32,70,121.0,0.009223888,-5.530639999999988e-05,5,76-125
32,71,120.0,0.00947587,2.178200000000378e-06,5,76-125
32,72,119.0,0.009842734,0.00012173429999999962,5,76-125
32,73,118.0,0.009803563,0.00018472140000000103,5,76-125
32,74,117.0,0.009739786,0.00013594889999999954,5,76-125
32,75,116.0,0.009812219,5.697499999999895e-05,5,76-125
32,76,115.0,0.009950374,2.2393599999999633e-05,5,76-125
32,77,114.0,0.009810018,2.2349799999999682e-05,5,76-125
32,78,113.0,0.010015305,5.488370000000041e-05,5,76-125
32,79,112.0,0.009961866,3.642249999999949e-05,5,76-125
32,80,111.0,0.009879894,1.0888000000001409e-06,5,76-125
32,81,110.0,0.010016705,2.7796300000000444e-05,5,76-125
32,82,109.0,0.01004925,1.2272899999998754e-05,5,76-125
32,83,108.0,0.009778447,-1.9748199999999893e-05,5,76-125
32,84,107.0,0.009958896,-8.025400000000103e-06,5,76-125
32,85,106.0,0.009911381,-3.0100199999998848e-05,5,76-125
32,86,105.0,0.009896353,-1.728600000000058e-05,5,76-125
32,87,104.0,0.009916358,2.1327899999999864e-05,5,76-125
32,88,103.0,0.0102039855,4.951560000000002e-05,5,76-125
32,89,102.0,0.010107445,6.997604999999999e-05,5,76-125
32,90,101.0,0.010383974,0.00011663289999999871,5,76-125
32,91,100.0,0.010305178,9.576285000000027e-05,5,76-125
32,92,99.0,0.010321171,4.321040000000008e-05,5,76-125
32,93,98.0,0.010620573,9.634529999999998e-05,5,76-125
32,94,97.0,0.010388049,3.235449999999937e-05,5,76-125
32,95,96.0,0.01011854,-3.0639800000001305e-05,5,76-125
32,96,95.0,0.009954042,-0.00012362910000000057,5,76-125
32,97,94.0,0.009881456,-0.00019122409999999823,5,76-125
32,98,93.0,0.009871969,-0.00012692440000000265,5,76-125
32,99,92.0,0.009806363,-7.064270000000073e-05,5,76-125
32,100,91.0,0.00961639,-7.503969999999976e-05,5,76-125
32,101,90.0,0.009432112,-0.00011542670000000115,5,76-125
32,102,89.0,0.009102535,-0.00019131189999999806,5,76-125
32,103,88.0,0.009188619,-0.0001749343000000007,5,76-125
32,104,87.0,0.009300448,-8.753769999999941e-05,5,76-125
32,105,86.0,0.009276059,-1.1419299999999203e-05,5,76-125
32,106,85.0,0.009105202,9.277400000000009e-06,5,76-125
32,107,84.0,0.009172773,-2.2693800000000057e-05,5,76-125
32,108,83.0,0.009287024,-1.3013399999999522e-05,5,76-125
32,109,82.0,0.009434313,4.98329999999982e-05,5,76-125
32,110,81.0,0.009419748,8.90632000000005e-05,5,76-125
32,111,80.0,0.009581588,9.503539999999912e-05,5,76-125
32,112,79.0,0.009412858,3.989429999999993e-05,5,76-125
32,113,78.0,0.0092163365,-4.428429999999833e-05,5,76-125
32,114,77.0,0.009111144,-9.824594999999774e-05,5,76-125
32,115,76.0,0.009101053,-0.00012627840000000077,5,76-125
32,116,75.0,0.009164315,-6.123694999999942e-05,5,31-75
32,117,74.0,0.009233963,8.842399999999704e-06,5,31-75
32,118,73.0,0.009387206,6.850340000000025e-05,5,31-75
32,119,72.0,0.009188554,3.978929999999935e-05,5,31-75
32,120,71.0,0.0089702755,-4.3348799999999825e-05,5,31-75
32,121,70.0,0.009273232,-3.3839249999999454e-05,5,31-75
32,122,69.0,0.00898864,-7.124540000000015e-05,5,31-75
32,123,68.0,0.008796906,-7.649314999999898e-05,5,31-75
32,124,67.0,0.008871268,-6.74341000000017e-05,5,31-75
32,125,66.0,0.008931656,-8.00524000000009e-05,5,31-75
32,126,65.0,0.008906227,-3.007599999999848e-06,5,31-75
32,127,64.0,0.009093742,6.286310000000029e-05,5,31-75
32,128,63.0,0.008979001,3.775519999999968e-05,5,31-75
32,129,62.0,0.008803193,-1.841519999999929e-05,5,31-75
32,130,61.0,0.008867372,-3.6825900000000504e-05,5,31-75
32,131,60.0,0.009079192,-1.4072899999999741e-05,5,31-75
32,132,59.0,0.009075811,4.696190000000027e-05,5,31-75
32,133,58.0,0.0092249485,0.0001051950000000006,5,31-75
32,134,57.0,0.009635681,0.00016823744999999957,5,31-75
32,135,56.0,0.009801143,0.00020037719999999916,5,31-75
32,136,55.0,0.010229258,0.0002883088499999934,5,31-75
32,137,54.0,0.010133657,0.00024109939999999771,5,31-75
32,138,53.0,0.010038378,0.0001137908,5,31-75
32,139,52.0,0.00972474,-3.4368599999998985e-05,5,31-75
32,140,51.0,0.009619361,-0.00016287109999999476,5,31-75
32,141,50.0,0.0094884755,-0.00017093800000000172,5,31-75
32,142,49.0,0.010095587,-1.2184650000000637e-05,5,31-75
32,143,48.0,0.010587002,0.0002200750000000059,5,31-75
32,144,47.0,0.010712582,0.00032849684999999406,5,31-75
32,145,46.0,0.010947393,0.00035348300000000393,5,31-75
32,146,45.0,0.011053485,0.00022761870000000025,5,31-75
32,147,44.0,0.010987021,0.00011409409999999763,5,31-75
32,148,43.0,0.010647006,-9.152399999997114e-06,5,31-75
32,149,42.0,0.010757088,-7.870890000000302e-05,5,31-75
32,150,41.0,0.010724556,-8.877910000000148e-05,5,31-75
32,151,40.0,0.010404291,-0.00010879100000000111,5,31-75
32,152,39.0,0.010446239,-7.54330999999998e-05,5,31-75
32,153,38.0,0.010612926,-5.6664099999999456e-05,5,31-75
32,154,37.0,0.010714354,1.8823100000000206e-05,5,31-75
32,155,36.0,0.010876538,0.00012126090000000257,5,31-75
32,156,35.0,0.010741585,8.54303999999994e-05,5,31-75
32,157,34.0,0.010617861,3.7101000000008884e-06,5,31-75
32,158,33.0,0.010994014,3.006430000000033e-05,5,31-75
32,159,32.0,0.011732354,0.00019640609999999398,5,31-75
32,160,31.0,0.011873236,0.00033777950000000155,5,31-75
32,161,30.0,0.01270995,0.0005063400000000029,5,0-30
32,162,29.0,0.013264898,0.0005519364000000067,5,0-30
32,163,28.0,0.013755704,0.0005438361999999907,5,0-30
32,164,27.0,0.01353357,0.00043664219999999427,5,0-30
32,165,26.0,0.013711132,0.0002271035999999984,5,0-30
32,166,25.0,0.013890298,0.000120622799999999,5,0-30
32,167,24.0,0.01463266,0.00021106400000000418,5,0-30
32,168,23.0,0.01496584,0.00037860680000000626,5,0-30
32,169,22.0,0.015700392,0.0005054062000000016,5,0-30
32,170,21.0,0.016365845,0.0006018825999999939,5,0-30
32,171,20.0,0.016822519,0.0005779722999999968,5,0-30
32,172,19.0,0.016687084,0.00045646149999999927,5,0-30
32,173,18.0,0.017204717,0.0003329889000000063,5,0-30
32,174,17.0,0.017843943,0.00033383940000000165,5,0-30
32,175,16.0,0.018175803,0.00038634270000000725,5,0-30
32,176,15.0,0.018861871,0.0005320659999999907,5,0-30
32,177,14.0,0.019843837,0.0006296167999999995,5,0-30
32,178,13.0,0.021234553,0.0008449254000000023,5,0-30
32,179,12.0,0.022551125,0.0011123325999999871,5,0-30
32,180,11.0,0.023641245,0.001226603599999974,5,0-30
32,181,10.0,0.025203662,0.0013126341999999953,5,0-30
32,182,9.0,0.02587383,0.001193109100000001,5,0-30
32,183,8.0,0.026652608,0.0010435551000000207,5,0-30
32,184,7.0,0.028587738,0.0011341931999999573,5,0-30
32,185,6.0,0.030191703,0.0012689989999999833,5,0-30
32,186,5.0,0.03144679,0.0014685014999999766,5,0-30
32,187,4.0,0.03345452,0.0016462876000000095,5,0-30
32,188,3.0,0.034308255,0.001470385099999959,5,0-30
32,189,2.0,0.03575639,0.0013990838999999979,5,0-30
32,190,1.0,0.037648454,0.0014705198000000061,5,0-30
32,191,0.0,0.040186908,0.001680497499999938,5,0-30
34,34,161.0,0.011282471,-0.00013095440000000165,5,RUL > 125
34,35,160.0,0.011125907,-0.0001721949000000011,5,RUL > 125
34,36,159.0,0.011786426,2.6660699999999702e-05,5,RUL > 125
34,37,158.0,0.011775162,0.00012064790000000082,5,RUL > 125
34,38,157.0,0.011557003,0.0001198318999999992,5,RUL > 125
34,39,156.0,0.011535211,5.891849999999944e-05,5,RUL > 125
34,40,155.0,0.011458984,-8.948350000000072e-05,5,RUL > 125
34,41,154.0,0.011551471,-5.4540099999999915e-05,5,RUL > 125
34,42,153.0,0.011273151,-5.514439999999948e-05,5,RUL > 125
34,43,152.0,0.0109713115,-0.00013136320000000154,5,RUL > 125
34,44,151.0,0.010965663,-0.00015668015000000086,5,RUL > 125
34,45,150.0,0.01096863,-0.00014731699999999818,5,RUL > 125
34,46,149.0,0.010928127,-6.927294999999902e-05,5,RUL > 125
34,47,148.0,0.010710848,-5.584630000000054e-05,5,RUL > 125
34,48,147.0,0.010809624,-5.698600000000028e-05,5,RUL > 125
34,49,146.0,0.010975909,-1.0394499999998784e-05,5,RUL > 125
34,50,145.0,0.010830579,6.9965000000001e-06,5,RUL > 125
34,51,144.0,0.01088671,3.726789999999961e-05,5,RUL > 125
34,52,143.0,0.010691114,-3.262189999999972e-05,5,RUL > 125
34,53,142.0,0.010637645,-8.159930000000034e-05,5,RUL > 125
34,54,141.0,0.010972074,3.392499999999794e-06,5,RUL > 125
34,55,140.0,0.010358807,-7.748460000000096e-05,5,RUL > 125
34,56,139.0,0.010195162,-0.0001270742000000016,5,RUL > 125
34,57,138.0,0.010247397,-0.00015574080000000008,5,RUL > 125
34,58,137.0,0.010319908,-0.00014157419999999969,5,RUL > 125
34,59,136.0,0.010399485,2.0610199999998802e-05,5,RUL > 125
34,60,135.0,0.010320847,4.034579999999978e-05,5,RUL > 125
34,61,134.0,0.0102607,2.754499999998579e-06,5,RUL > 125
34,62,133.0,0.009928806,-9.20988999999988e-05,5,RUL > 125
34,63,132.0,0.010075736,-0.00010395389999999829,5,RUL > 125
34,64,131.0,0.010308705,-2.092479999999949e-05,5,RUL > 125
34,65,130.0,0.010091911,4.232100000000338e-06,5,RUL > 125
34,66,129.0,0.009562005,-7.17426999999997e-05,5,RUL > 125
34,67,128.0,0.009700761,-0.0001496650000000002,5,RUL > 125
34,68,127.0,0.009566634,-0.0001875291999999989,5,RUL > 125
34,69,126.0,0.009608439,-9.623149999999938e-05,5,RUL > 125
34,70,125.0,0.010093835,9.713380000000001e-05,5,76-125
34,71,124.0,0.010064997,0.00012556729999999843,5,76-125
34,72,123.0,0.0099959895,0.00013152690000000006,5,76-125
34,73,122.0,0.010063035,8.11346500000007e-05,5,76-125
34,74,121.0,0.009890411,-4.088100000000095e-05,5,76-125
34,75,120.0,0.0098587265,-5.1811950000001173e-05,5,76-125
34,76,119.0,0.009589598,-0.00010170914999999902,5,76-125
34,77,118.0,0.009774901,-8.770810000000003e-05,5,76-125
34,78,117.0,0.009417419,-0.00010298094999999952,5,76-125
34,79,116.0,0.009353781,-0.00011820699999999988,5,76-125
34,80,115.0,0.009478451,-6.43414000000011e-05,5,76-125
34,81,114.0,0.00962492,-2.3893000000000427e-05,5,76-125
34,82,113.0,0.009589605,6.155109999999947e-05,5,76-125
34,83,112.0,0.009918158,0.00012399079999999952,5,76-125
34,84,111.0,0.00977485,8.860360000000072e-05,5,76-125
34,85,110.0,0.009751792,4.389889999999994e-05,5,76-125
34,86,109.0,0.009894137,4.426979999999906e-05,5,76-125
34,87,108.0,0.009669729,-3.7757099999999456e-05,5,76-125
34,88,107.0,0.0097542675,-1.232280000000019e-05,5,76-125
34,89,106.0,0.009709597,-2.2425949999998257e-05,5,76-125
34,90,105.0,0.009580249,-5.87907999999992e-05,5,76-125
34,91,104.0,0.009802087,9.069750000000053e-06,5,76-125
34,92,103.0,0.010004559,5.930729999999964e-05,5,76-125
34,93,102.0,0.010298274,0.00016016639999999946,5,76-125
34,94,101.0,0.010242265,0.00018202190000000032,5,76-125
34,95,100.0,0.010231731,0.00010969940000000005,5,76-125
34,96,99.0,0.010111341,1.4702099999999588e-05,5,76-125
34,97,98.0,0.010011067,-7.05337999999986e-05,5,76-125
34,98,97.0,0.009981135,-7.42924000000019e-05,5,76-125
34,99,96.0,0.010008712,-5.7624399999999875e-05,5,76-125
34,100,95.0,0.009998281,-2.2847500000000204e-05,5,76-125
34,101,94.0,0.010146668,2.883479999999878e-05,5,76-125
34,102,93.0,0.0103878975,9.514809999999912e-05,5,76-125
34,103,92.0,0.010500547,0.00013732865000000037,5,76-125
34,104,91.0,0.010464416,0.00012861490000000048,5,76-125
34,105,90.0,0.010229261,2.417045000000005e-05,5,76-125
34,106,89.0,0.010431661,-1.837589999999988e-05,5,76-125
34,107,88.0,0.010360222,-3.134050000000013e-05,5,76-125
34,108,87.0,0.010570463,3.4305499999999016e-05,5,76-125
34,109,86.0,0.010554815,7.899099999999998e-05,5,76-125
34,110,85.0,0.010391088,1.1344700000000186e-05,5,76-125
34,111,84.0,0.010317887,-2.640449999999889e-05,5,76-125
34,112,83.0,0.010373774,-6.303059999999954e-05,5,76-125
34,113,82.0,0.010231934,-6.630759999999915e-05,5,76-125
34,114,81.0,0.010298972,-2.7018499999998905e-05,5,76-125
34,115,80.0,0.010318695,-7.318600000000254e-06,5,76-125
34,116,79.0,0.010332698,4.608999999999819e-07,5,76-125
34,117,78.0,0.010206711,-1.6720000000001495e-06,5,76-125
34,118,77.0,0.010228503,-2.529219999999863e-05,5,76-125
34,119,76.0,0.010004094,-7.333969999999948e-05,5,76-125
34,120,75.0,0.01002238,-8.232529999999973e-05,5,31-75
34,121,74.0,0.010021683,-5.7617899999999596e-05,5,31-75
34,122,73.0,0.010213094,-1.3228999999995323e-06,5,31-75
34,123,72.0,0.01012643,4.353860000000028e-05,5,31-75
34,124,71.0,0.010068221,1.9642900000001157e-05,5,31-75
34,125,70.0,0.010205463,2.2268699999998468e-05,5,31-75
34,126,69.0,0.010302255,2.5735500000000398e-05,5,31-75
34,127,68.0,0.0104612,9.035740000000003e-05,5,31-75
34,128,67.0,0.010562717,0.00012447289999999834,5,31-75
34,129,66.0,0.010624703,0.00010989419999999953,5,31-75
34,130,65.0,0.010770995,0.00011009830000000002,5,31-75
34,131,64.0,0.010803259,8.923960000000007e-05,5,31-75
34,132,63.0,0.010604635,2.6239200000001282e-05,5,31-75
34,133,62.0,0.010668578,-7.86100000000086e-06,5,31-75
34,134,61.0,0.010845562,1.4453000000008523e-06,5,31-75
34,135,60.0,0.010850563,3.3553499999999177e-05,5,31-75
34,136,59.0,0.010994133,9.60980999999988e-05,5,31-75
34,137,58.0,0.010782474,3.763630000000017e-05,5,31-75
34,138,57.0,0.010482929,-7.933549999999685e-05,5,31-75
34,139,56.0,0.010614468,-9.833939999999837e-05,5,31-75
34,140,55.0,0.011492573,8.2887399999995e-05,5,31-75
34,141,54.0,0.011769118,0.0002982931999999993,5,31-75
34,142,53.0,0.011884344,0.00039574799999999964,5,31-75
34,143,52.0,0.011890478,0.0002943791000000008,5,31-75
34,144,51.0,0.012379642,0.0001895497999999983,5,31-75
34,145,50.0,0.012541642,0.0002040346000000031,5,31-75
34,146,49.0,0.012772797,0.00024280699999999867,5,31-75
34,147,48.0,0.013040306,0.00026928109999999414,5,31-75
34,148,47.0,0.013409772,0.0002558923999999968,5,31-75
34,149,46.0,0.013617994,0.00027896790000000397,5,31-75
34,150,45.0,0.0142656565,0.00035634070000000357,5,31-75
34,151,44.0,0.014296993,0.00033692585000000383,5,31-75
34,152,43.0,0.014078911,0.00020172769999999895,5,31-75
34,153,42.0,0.014248428,0.0001074122499999989,5,31-75
34,154,41.0,0.014372524,1.651699999999982e-05,5,31-75
34,155,40.0,0.014855254,0.00014101350000000432,5,31-75
34,156,39.0,0.01547381,0.0003396623999999898,5,31-75
34,157,38.0,0.016335096,0.0005274621999999926,5,31-75
34,158,37.0,0.017340751,0.0007416295999999914,5,31-75
34,159,36.0,0.01826085,0.0008678132999999819,5,31-75
34,160,35.0,0.018491264,0.0007960662000000028,5,31-75
34,161,34.0,0.019019527,0.0006519375000000041,5,31-75
34,162,33.0,0.019832535,0.0005742245000000059,5,31-75
34,163,32.0,0.02040425,0.0005628070999999907,5,31-75
34,164,31.0,0.021805065,0.000801232499999985,5,31-75
34,165,30.0,0.023580313,0.0011094101999999907,5,0-30
34,166,29.0,0.02440884,0.001232867299999988,5,0-30
34,167,28.0,0.025747124,0.0013289523000000118,5,0-30
34,168,27.0,0.027196001,0.0012948683000000172,5,0-30
34,169,26.0,0.02846893,0.0012564395000000043,5,0-30
34,170,25.0,0.029052166,0.0012008457999999882,5,0-30
34,171,24.0,0.030418037,0.0011197990999999945,5,0-30
34,172,23.0,0.032416433,0.0012389970999999976,5,0-30
34,173,22.0,0.03500103,0.0016428467000000459,5,0-30
34,174,21.0,0.036636468,0.001975159700000007,5,0-30
34,175,20.0,0.039225746,0.0021835453000000277,5,0-30
34,176,19.0,0.04176424,0.002292032999999964,5,0-30
34,177,18.0,0.044395097,0.0023915906000000027,5,0-30
34,178,17.0,0.047036033,0.0025968481000000067,5,0-30
34,179,16.0,0.050254434,0.00273291689999997,5,0-30
34,180,15.0,0.053400427,0.0029131710999999354,5,0-30
34,181,14.0,0.05699664,0.0031567479999999822,5,0-30
34,182,13.0,0.06064761,0.0033965360000000016,5,0-30
34,183,12.0,0.065172724,0.0037083763000000836,5,0-30
34,184,11.0,0.07005097,0.004147716999999831,5,0-30
34,185,10.0,0.075198516,0.00458071119999995,5,0-30
34,186,9.0,0.0819546,0.005263977199999905,5,0-30
34,187,8.0,0.08826615,0.0058090482000000415,5,0-30
34,188,7.0,0.09487945,0.006272459399999805,5,0-30
34,189,6.0,0.10215796,0.006684373799999985,5,0-30
34,190,5.0,0.11059751,0.007117763000000026,5,0-30
34,191,4.0,0.120231576,0.00796489119999973,5,0-30
34,192,3.0,0.12989435,0.008810341599999905,5,0-30
34,193,2.0,0.13983451,0.009464994000000393,5,0-30
34,194,1.0,0.15039457,0.009919705400000069,5,0-30
34,195,0.0,0.16192818,0.010389342799999689,5,0-30
40,34,154.0,0.009714047,-5.50015000000008e-05,5,RUL > 125
40,35,153.0,0.009692577,-4.322679999999987e-05,5,RUL > 125
40,36,152.0,0.009970877,2.1604299999999457e-05,5,RUL > 125
40,37,151.0,0.009887643,5.0243200000000244e-05,5,RUL > 125
40,38,150.0,0.009800377,3.677260000000017e-05,5,RUL > 125
40,39,149.0,0.010176416,7.971779999999967e-05,5,RUL > 125
40,40,148.0,0.0102560455,8.591100000000115e-05,5,RUL > 125
40,41,147.0,0.010132769,9.459204999999967e-05,5,RUL > 125
40,42,146.0,0.0101668015,6.892019999999955e-05,5,RUL > 125
40,43,145.0,0.0101673985,-1.072790000000101e-05,5,RUL > 125
40,44,144.0,0.0102783805,7.929949999999472e-06,5,RUL > 125
40,45,143.0,0.010305386,4.568130000000149e-05,5,RUL > 125
40,46,142.0,0.010306717,4.1781850000000444e-05,5,RUL > 125
40,47,141.0,0.010195743,8.502549999999677e-06,5,RUL > 125
40,48,140.0,0.0102321785,-2.0204699999999888e-05,5,RUL > 125
40,49,139.0,0.010131043,-4.232244999999982e-05,5,RUL > 125
40,50,138.0,0.00994985,-7.784339999999822e-05,5,RUL > 125
40,51,137.0,0.00980221,-0.00010693944999999874,5,RUL > 125
40,52,136.0,0.009703751,-0.00013856879999999902,5,RUL > 125
40,53,135.0,0.0095990775,-0.00013100299999999895,5,RUL > 125
40,54,134.0,0.009628266,-8.463004999999925e-05,5,RUL > 125
40,55,133.0,0.009738932,-2.020410000000084e-05,5,RUL > 125
40,56,132.0,0.009593067,-8.151349999999745e-06,5,RUL > 125
40,57,131.0,0.009570292,-9.277000000000789e-06,5,RUL > 125
40,58,130.0,0.009678777,-6.7617999999994225e-06,5,RUL > 125
40,59,129.0,0.009641275,-1.0960400000000945e-05,5,RUL > 125
40,60,128.0,0.009424889,-2.6537300000000292e-05,5,RUL > 125
40,61,127.0,0.009327877,-7.387180000000008e-05,5,RUL > 125
40,62,126.0,0.009328642,-0.00010136679999999926,5,RUL > 125
40,63,125.0,0.009243886,-8.910249999999926e-05,5,76-125
40,64,124.0,0.009310312,-3.131449999999948e-05,5,76-125
40,65,123.0,0.009601205,5.2832599999999444e-05,5,76-125
40,66,122.0,0.009341572,3.831789999999981e-05,5,76-125
40,67,121.0,0.00948948,5.22447999999995e-05,5,76-125
40,68,120.0,0.009806313,8.802770000000097e-05,5,76-125
40,69,119.0,0.009726141,7.146130000000055e-05,5,76-125
40,70,118.0,0.009682589,9.186949999999988e-05,5,76-125
40,71,117.0,0.009839068,5.754519999999982e-05,5,76-125
40,72,116.0,0.009776731,5.376299999999775e-06,5,76-125
40,73,115.0,0.0099473735,5.36607000000015e-05,5,76-125
40,74,114.0,0.009901287,5.457014999999951e-05,5,76-125
40,75,113.0,0.009842364,1.3114799999999904e-05,5,76-125
40,76,112.0,0.010026268,3.9406449999999945e-05,5,76-125
40,77,111.0,0.010135142,5.0051799999999886e-05,5,76-125
40,78,110.0,0.009902758,2.957200000000039e-05,5,76-125
40,79,109.0,0.0099519715,9.570499999999901e-06,5,76-125
40,80,108.0,0.009947736,-3.4023449999999783e-05,5,76-125
40,81,107.0,0.010044025,-1.3725599999999534e-05,5,76-125
40,82,106.0,0.009776479,-1.6050450000000513e-05,5,76-125
40,83,105.0,0.009691736,-6.917280000000043e-05,5,76-125
40,84,104.0,0.009723843,-8.00075000000001e-05,5,76-125
40,85,103.0,0.00946206,-0.00012165659999999874,5,76-125
40,86,102.0,0.009480711,-8.212119999999972e-05,5,76-125
40,87,101.0,0.009655875,-3.148539999999958e-05,5,76-125
40,88,100.0,0.009855117,4.563630000000056e-05,5,76-125
40,89,99.0,0.009910356,0.00012709979999999996,5,76-125
40,90,98.0,0.009976167,0.00012453929999999932,5,76-125
40,91,97.0,0.010138082,0.00010854639999999916,5,76-125
40,92,96.0,0.009933576,3.846439999999996e-05,5,76-125
40,93,95.0,0.009877794,-1.0771499999999428e-05,5,76-125
40,94,94.0,0.009750464,-7.116939999999982e-05,5,76-125
40,95,93.0,0.0098554725,-7.483310000000111e-05,5,76-125
40,96,92.0,0.009938517,-1.2439500000003936e-06,5,76-125
40,97,91.0,0.009860988,1.544409999999966e-05,5,76-125
40,98,90.0,0.009767487,3.9561499999994e-06,5,76-125
40,99,89.0,0.009323907,-0.00012341609999999973,5,76-125
40,100,88.0,0.009178332,-0.00020574509999999802,5,76-125
40,101,87.0,0.009020193,-0.0002270745000000025,5,76-125
40,102,86.0,0.009241119,-0.00013564499999999904,5,76-125
40,103,85.0,0.0092319995,-1.2102799999999965e-05,5,76-125
40,104,84.0,0.009422067,6.992764999999978e-05,5,76-125
40,105,83.0,0.009481494,0.00011035500000000097,5,76-125
40,106,82.0,0.009642792,0.00010528404999999982,5,76-125
40,107,81.0,0.009699723,0.00011561720000000075,5,76-125
40,108,80.0,0.009756203,8.865009999999873e-05,5,76-125
40,109,79.0,0.009598413,3.47249000000015e-05,5,76-125
40,110,78.0,0.009717113,4.733200000000178e-06,5,76-125
40,111,77.0,0.009814401,1.902660000000024e-05,5,76-125
40,112,76.0,0.009725002,1.5358599999999287e-05,5,76-125
40,113,75.0,0.009873699,5.5846100000000604e-05,5,31-75
40,114,74.0,0.009744863,1.1479800000000672e-05,5,31-75
40,115,73.0,0.009874334,1.3972699999999679e-05,5,31-75
40,116,72.0,0.0098210415,1.9271400000000982e-05,5,31-75
40,117,71.0,0.009762478,-1.4626349999999755e-05,5,31-75
40,118,70.0,0.009573526,-4.5452999999999234e-05,5,31-75
40,119,69.0,0.009951487,-9.320949999999972e-06,5,31-75
40,120,68.0,0.010320016,0.00011869579999999992,5,31-75
40,121,67.0,0.010359384,0.0001940301999999978,5,31-75
40,122,66.0,0.010664872,0.00025905890000000014,5,31-75
40,123,65.0,0.010515829,0.00014735399999999822,5,31-75
40,124,64.0,0.0104425615,4.015360000000171e-05,5,31-75
40,125,63.0,0.010279367,-3.823445000000186e-05,5,31-75
40,126,62.0,0.010442645,-6.809160000000076e-05,5,31-75
40,127,61.0,0.010600383,1.6919150000001015e-05,5,31-75
40,128,60.0,0.010546367,5.28626999999994e-05,5,31-75
40,129,59.0,0.010833024,0.00012110359999999878,5,31-75
40,130,58.0,0.011119457,0.0001586265000000006,5,31-75
40,131,57.0,0.011543547,0.0002459417999999979,5,31-75
40,132,56.0,0.011573204,0.0002764197000000008,5,31-75
40,133,55.0,0.011714495,0.00022166890000000145,5,31-75
40,134,54.0,0.011798849,0.0001529732000000007,5,31-75
40,135,53.0,0.012490412,0.00021193749999999826,5,31-75
40,136,52.0,0.012238996,0.00021075009999999591,5,31-75
40,137,51.0,0.012326494,0.0001664144999999976,5,31-75
40,138,50.0,0.012359509,9.574020000000084e-05,5,31-75
40,139,49.0,0.012399403,-6.150499999998632e-06,5,31-75
40,140,48.0,0.01244005,4.7501699999999464e-05,5,31-75
40,141,47.0,0.012990178,0.00014079090000000013,5,31-75
40,142,46.0,0.013211472,0.0002294701000000009,5,31-75
40,143,45.0,0.013722634,0.0003417884000000061,5,31-75
40,144,44.0,0.01400139,0.000385513599999996,5,31-75
40,145,43.0,0.014943957,0.0004697476000000055,5,31-75
40,146,42.0,0.015126687,0.0005051752999999988,5,31-75
40,147,41.0,0.015083835,0.0003847698999999925,5,31-75
40,148,40.0,0.015708607,0.0003554311999999972,5,31-75
40,149,39.0,0.01554741,0.00017888260000000237,5,31-75
40,150,38.0,0.016149027,0.0002508255000000018,5,31-75
40,151,37.0,0.016595434,0.000346361800000004,5,31-75
40,152,36.0,0.01719152,0.00040138500000000367,5,31-75
40,153,35.0,0.017867299,0.000568227100000004,5,31-75
40,154,34.0,0.018085519,0.000514484900000001,5,31-75
40,155,33.0,0.019102296,0.0005907723000000088,5,31-75
40,156,32.0,0.019840548,0.0006533052999999835,5,31-75
40,157,31.0,0.020616421,0.0007253272999999907,5,31-75
40,158,30.0,0.02118148,0.0007706046999999902,5,0-30
40,159,29.0,0.022265019,0.0007666377999999848,5,0-30
40,160,28.0,0.02286578,0.0007699062000000038,5,0-30
40,161,27.0,0.023757635,0.0007966728000000045,5,0-30
40,162,26.0,0.02528759,0.0009704836000000112,5,0-30
40,163,25.0,0.025604328,0.000910042799999985,5,0-30
40,164,24.0,0.027030354,0.0010175840999999848,5,0-30
40,165,23.0,0.027898127,0.0010023747999999928,5,0-30
40,166,22.0,0.029304286,0.0010327190999999884,5,0-30
40,167,21.0,0.030755233,0.0012575742000000111,5,0-30
40,168,20.0,0.03247919,0.00137547780000002,5,0-30
40,169,19.0,0.034667965,0.001671458000000004,5,0-30
40,170,18.0,0.036428347,0.0018160853999999779,5,0-30
40,171,17.0,0.038150843,0.0018740376999999875,5,0-30
40,172,16.0,0.040043585,0.0018611667999999966,5,0-30
40,173,15.0,0.04280924,0.0019897788000000456,5,0-30
40,174,14.0,0.046070825,0.0023943353000000092,5,0-30
40,175,13.0,0.048034206,0.002579396600000034,5,0-30
40,176,12.0,0.051767487,0.002867276999999957,5,0-30
40,177,11.0,0.055296615,0.0030671412000000038,5,0-30
40,178,10.0,0.058521517,0.0032163793000000124,5,0-30
40,179,9.0,0.061967805,0.00346212279999996,5,0-30
40,180,8.0,0.06610426,0.003534473599999925,5,0-30
40,181,7.0,0.07023461,0.003745873299999981,5,0-30
40,182,6.0,0.075946145,0.004311606100000003,5,0-30
40,183,5.0,0.081418194,0.004874266300000111,5,0-30
40,184,4.0,0.08634571,0.00516664839999979,5,0-30
40,185,3.0,0.091459475,0.005284929499999932,5,0-30
40,186,2.0,0.096242875,0.005063474099999916,5,0-30
40,187,1.0,0.10277341,0.005260759700000031,5,0-30
40,188,0.0,0.10936904,0.005736059499999827,5,0-30
45,34,124.0,0.0100413645,0.00011091669999999916,5,76-125
45,35,123.0,0.009842298,4.469549999999055e-06,5,76-125
45,36,122.0,0.010096995,9.69529999999934e-06,5,76-125
45,37,121.0,0.010154292,4.66532499999999e-05,5,76-125
45,38,120.0,0.0101867765,6.028179999999969e-05,5,76-125
45,39,119.0,0.009806121,1.7427499999995157e-06,5,76-125
45,40,118.0,0.0097907055,-9.607500000000116e-05,5,76-125
45,41,117.0,0.009860111,-9.844329999999962e-05,5,76-125
45,42,116.0,0.009755952,-8.076589999999962e-05,5,76-125
45,43,115.0,0.009710087,-2.2682150000001194e-05,5,76-125
45,44,114.0,0.0098207425,-8.994999999999957e-06,5,76-125
45,45,113.0,0.009961523,2.6761450000000902e-05,5,76-125
45,46,112.0,0.010460404,0.00016603399999999934,5,76-125
45,47,111.0,0.0102840755,0.00017876385000000012,5,76-125
45,48,110.0,0.010264722,0.00012105115000000079,5,76-125
45,49,109.0,0.010508351,8.979740000000031e-05,5,76-125
45,50,108.0,0.010539631,3.827294999999959e-05,5,76-125
45,51,107.0,0.010623641,9.540399999999975e-05,5,76-125
45,52,106.0,0.010600011,7.858680000000105e-05,5,76-125
45,53,105.0,0.010693041,4.297600000000082e-05,5,76-125
45,54,104.0,0.010684692,3.595219999999977e-05,5,76-125
45,55,103.0,0.010779278,3.9595499999998825e-05,5,76-125
45,56,102.0,0.01064212,1.7045499999999436e-05,5,76-125
45,57,101.0,0.010549369,-3.29916000000005e-05,5,76-125
45,58,100.0,0.010813962,2.863100000000362e-06,5,76-125
45,59,99.0,0.010597395,-1.919240000000143e-05,5,76-125
45,60,98.0,0.010546757,-1.4269999999999582e-05,5,76-125
45,61,97.0,0.010561405,-2.4313300000000335e-05,5,76-125
45,62,96.0,0.010352589,-9.587360000000023e-05,5,76-125
45,63,95.0,0.010470069,-4.4881999999999195e-05,5,76-125
45,64,94.0,0.010204399,-7.760520000000008e-05,5,76-125
45,65,93.0,0.010431591,-4.078180000000005e-05,5,76-125
45,66,92.0,0.010416683,8.970999999999772e-06,5,76-125
45,67,91.0,0.0102761015,-1.7565100000000063e-05,5,76-125
45,68,90.0,0.01042337,2.82452500000006e-05,5,76-125
45,69,89.0,0.0103699025,-1.1668999999999398e-05,5,76-125
45,70,88.0,0.010699302,6.590389999999935e-05,5,76-125
45,71,87.0,0.010600367,9.244629999999955e-05,5,76-125
45,72,86.0,0.010787396,9.585164999999904e-05,5,76-125
45,73,85.0,0.010816168,9.806250000000044e-05,5,76-125
45,74,84.0,0.010577543,-2.7717000000009958e-06,5,76-125
45,75,83.0,0.010255829,-8.98929000000027e-05,5,76-125
45,76,82.0,0.009843878,-0.0002447374999999977,5,76-125
45,77,81.0,0.010042969,-0.00022800630000000067,5,76-125
45,78,80.0,0.010275347,-8.172519999999907e-05,5,76-125
45,79,79.0,0.010184551,2.8891300000000724e-05,5,76-125
45,80,78.0,0.009948011,3.498479999999852e-05,5,76-125
45,81,77.0,0.0100897765,-2.3372100000000836e-05,5,76-125
45,82,76.0,0.010084511,-4.7644650000001245e-05,5,76-125
45,83,75.0,0.01005455,-1.235019999999997e-05,5,31-75
45,84,74.0,0.010124423,3.175975000000088e-05,5,31-75
45,85,73.0,0.010019459,-1.0072299999998974e-05,5,31-75
45,86,72.0,0.010299131,3.9414899999998625e-05,5,31-75
45,87,71.0,0.010511099,0.00010878060000000001,5,31-75
45,88,70.0,0.010296996,8.367859999999951e-05,5,31-75
45,89,69.0,0.010447475,8.538970000000069e-05,5,31-75
45,90,68.0,0.010535063,4.082400000000021e-05,5,31-75
45,91,67.0,0.0106167905,4.4945000000000695e-05,5,31-75
45,92,66.0,0.010643027,8.613774999999961e-05,5,31-75
45,93,65.0,0.010404115,2.1243999999992673e-06,5,31-75
45,94,64.0,0.010476205,-3.303914999999941e-05,5,31-75
45,95,63.0,0.010172106,-0.0001056191000000018,5,31-75
45,96,62.0,0.009958297,-0.0001601469000000012,5,31-75
45,97,61.0,0.010531909,-2.623199999999889e-05,5,31-75
45,98,60.0,0.010691883,7.911590000000195e-05,5,31-75
45,99,59.0,0.010998359,0.00023860919999999923,5,31-75
45,100,58.0,0.011217342,0.0002984539999999971,5,31-75
45,101,57.0,0.011460926,0.00023834930000000027,5,31-75
45,102,56.0,0.011377581,0.0001833962999999991,5,31-75
45,103,55.0,0.0113125015,7.885240000000082e-05,5,31-75
45,104,54.0,0.011702973,8.228375000000016e-05,5,31-75
45,105,53.0,0.011744697,8.929340000000156e-05,5,31-75
45,106,52.0,0.012116786,0.00019106054999999856,5,31-75
45,107,51.0,0.011947845,0.00016845000000000025,5,31-75
45,108,50.0,0.011637527,7.2256000000000295e-06,5,31-75
45,109,49.0,0.011547887,-8.728789999999607e-05,5,31-75
45,110,48.0,0.011654356,-0.00013248180000000168,5,31-75
45,111,47.0,0.0116369,-6.050610000000055e-05,5,31-75
45,112,46.0,0.011753046,3.2005099999999115e-05,5,31-75
45,113,45.0,0.011746053,4.9502199999999534e-05,5,31-75
45,114,44.0,0.011833927,4.6829500000000464e-05,5,31-75
45,115,43.0,0.011891608,5.902969999999957e-05,5,31-75
45,116,42.0,0.0124067115,0.00014528860000000238,5,31-75
45,117,41.0,0.012159462,0.00013996024999999915,5,31-75
45,118,40.0,0.0125297615,0.0001659523000000003,5,31-75
45,119,39.0,0.012324914,9.896620000000031e-05,5,31-75
45,120,38.0,0.012541892,4.3581299999998986e-05,5,31-75
45,121,37.0,0.012553199,7.996044999999983e-05,5,31-75
45,122,36.0,0.012591503,3.5176800000000446e-05,5,31-75
45,123,35.0,0.012728179,8.561410000000061e-05,5,31-75
45,124,34.0,0.012602046,2.952880000000083e-05,5,31-75
45,125,33.0,0.012548737,1.618999999993307e-07,5,31-75
45,126,32.0,0.012466728,-4.289920000000021e-05,5,31-75
45,127,31.0,0.012233023,-0.00011256299999999936,5,31-75
45,128,30.0,0.012533379,-4.5304800000000874e-05,5,0-30
45,129,29.0,0.013142976,0.00012551289999999872,5,0-30
45,130,28.0,0.013064287,0.00021050710000000095,5,0-30
45,131,27.0,0.01345171,0.0002968281999999997,5,0-30
45,132,26.0,0.01385833,0.00029586360000000194,5,0-30
45,133,25.0,0.013765469,0.00020390290000000353,5,0-30
45,134,24.0,0.013679982,0.00015451489999999921,5,0-30
45,135,23.0,0.014174294,0.00012668199999999952,5,0-30
45,136,22.0,0.014498149,0.000168846299999995,5,0-30
45,137,21.0,0.0150803,0.0003447828999999935,5,0-30
45,138,20.0,0.015271555,0.0004089151999999934,5,0-30
45,139,19.0,0.016311292,0.0005047402000000008,5,0-30
45,140,18.0,0.0167999,0.0005834493999999861,5,0-30
45,141,17.0,0.017523982,0.0006415709000000009,5,0-30
45,142,16.0,0.018411629,0.0007492838000000005,5,0-30
45,143,15.0,0.018357752,0.0005704649000000069,5,0-30
45,144,14.0,0.018437423,0.00041088159999999894,5,0-30
45,145,13.0,0.01993113,0.00048400900000000323,5,0-30
45,146,12.0,0.020451413,0.0005652945999999981,5,0-30
45,147,11.0,0.021114305,0.0007527095999999776,5,0-30
45,148,10.0,0.022154018,0.000861636499999989,5,0-30
45,149,9.0,0.023479044,0.0008798433000000185,5,0-30
45,150,8.0,0.024707295,0.0010876503000000113,5,0-30
45,151,7.0,0.02497835,0.0010281367000000135,5,0-30
45,152,6.0,0.02582112,0.0008833510000000012,5,0-30
45,153,5.0,0.0276031,0.0009361937000000055,5,0-30
45,154,4.0,0.028152216,0.0009514592000000043,5,0-30
45,155,3.0,0.03040458,0.0013183556000000217,5,0-30
45,156,2.0,0.03250305,0.001616533999999955,5,0-30
45,157,1.0,0.035216253,0.0019577139999999776,5,0-30
45,158,0.0,0.03810574,0.002471872099999965,5,0-30
46,34,222.0,0.009709109,-0.00014895990000000095,5,RUL > 125
46,35,221.0,0.00978672,-4.6682199999999646e-05,5,RUL > 125
46,36,220.0,0.009738807,-7.217000000001486e-07,5,RUL > 125
46,37,219.0,0.0098323915,3.9071900000000957e-05,5,RUL > 125
46,38,218.0,0.009796998,2.2144949999999755e-05,5,RUL > 125
46,39,217.0,0.00968372,-1.4780900000001231e-05,5,RUL > 125
46,40,216.0,0.0097352415,-1.558025000000047e-05,5,RUL > 125
46,41,215.0,0.009747818,-2.309034999999961e-05,5,RUL > 125
46,42,214.0,0.009925734,3.215700000000065e-05,5,RUL > 125
46,43,213.0,0.009884973,5.929984999999938e-05,5,RUL > 125
46,44,212.0,0.009771875,2.1042199999999434e-05,5,RUL > 125
46,45,211.0,0.009272486,-0.00011045229999999917,5,RUL > 125
46,46,210.0,0.009531994,-0.00013999669999999767,5,RUL > 125
46,47,209.0,0.009635027,-7.397730000000051e-05,5,RUL > 125
46,48,208.0,0.009189753,-8.017029999999815e-05,5,RUL > 125
46,49,207.0,0.009151825,-5.8356299999998654e-05,5,RUL > 125
46,50,206.0,0.009361203,-8.247839999999903e-05,5,RUL > 125
46,51,205.0,0.00903304,-0.00010325239999999873,5,RUL > 125
46,52,204.0,0.008860737,-7.768169999999955e-05,5,RUL > 125
46,53,203.0,0.008948935,-9.062459999999975e-05,5,RUL > 125
46,54,202.0,0.008931748,-9.430149999999966e-05,5,RUL > 125
46,55,201.0,0.008593004,-8.090610000000102e-05,5,RUL > 125
46,56,200.0,0.008805669,-4.660670000000018e-05,5,RUL > 125
46,57,199.0,0.008978134,-6.7680999999995575e-06,5,RUL > 125
46,58,198.0,0.0089126155,3.4686499999999594e-05,5,RUL > 125
46,59,197.0,0.008947094,8.151264999999869e-05,5,RUL > 125
46,60,196.0,0.009271146,8.99914000000004e-05,5,RUL > 125
46,61,195.0,0.009431705,0.00012656724999999936,5,RUL > 125
46,62,194.0,0.009476771,0.00016129220000000018,5,RUL > 125
46,63,193.0,0.0095964065,0.00015042500000000074,5,RUL > 125
46,64,192.0,0.00988979,0.00014019895000000001,5,RUL > 125
46,65,191.0,0.00996047,0.00014705490000000145,5,RUL > 125
46,66,190.0,0.00997224,0.00013550014999999958,5,RUL > 125
46,67,189.0,0.010085842,0.0001061320999999988,5,RUL > 125
46,68,188.0,0.010153819,6.53429999999994e-05,5,RUL > 125
46,69,187.0,0.010057169,3.749770000000067e-05,5,RUL > 125
46,70,186.0,0.010474688,9.762229999999947e-05,5,RUL > 125
46,71,185.0,0.010354949,8.590829999999967e-05,5,RUL > 125
46,72,184.0,0.0102962665,5.8267499999998974e-05,5,RUL > 125
46,73,183.0,0.0105747925,8.568254999999994e-05,5,RUL > 125
46,74,182.0,0.010921146,0.00011127595000000124,5,RUL > 125
46,75,181.0,0.011019355,0.00019536915000000198,5,RUL > 125
46,76,180.0,0.010812499,0.00014770274999999997,5,RUL > 125
46,77,179.0,0.010910461,5.626899999999905e-05,5,RUL > 125
46,78,178.0,0.010900393,-1.5039999999999548e-05,5,RUL > 125
46,79,177.0,0.010914389,-1.2203800000000329e-05,5,RUL > 125
46,80,176.0,0.010585665,-4.497400000000105e-05,5,RUL > 125
46,81,175.0,0.01077241,-5.908299999999925e-05,5,RUL > 125
46,82,174.0,0.010860391,-2.2198300000000204e-05,5,RUL > 125
46,83,173.0,0.010772323,-9.405999999999721e-07,5,RUL > 125
46,84,172.0,0.010682708,1.9399900000000068e-05,5,RUL > 125
46,85,171.0,0.010579293,-5.639169999999846e-05,5,RUL > 125
46,86,170.0,0.010544348,-8.251160000000049e-05,5,RUL > 125
46,87,169.0,0.010425779,-8.314480000000023e-05,5,RUL > 125
46,88,168.0,0.010409929,-6.990720000000102e-05,5,RUL > 125
46,89,167.0,0.010129085,-0.00010348349999999853,5,RUL > 125
46,90,166.0,0.0098004555,-0.00017844789999999866,5,RUL > 125
46,91,165.0,0.009791063,-0.00018789055000000045,5,RUL > 125
46,92,164.0,0.009876158,-0.00014055640000000048,5,RUL > 125
46,93,163.0,0.009765044,-6.523794999999988e-05,5,RUL > 125
46,94,162.0,0.009666651,-2.936279999999975e-05,5,RUL > 125
46,95,161.0,0.009682588,-4.264570000000087e-05,5,RUL > 125
46,96,160.0,0.00982112,-1.9253199999999797e-05,5,RUL > 125
46,97,159.0,0.009763296,1.509729999999981e-05,5,RUL > 125
46,98,158.0,0.009544112,-1.6437000000000903e-05,5,RUL > 125
46,99,157.0,0.009635887,-3.704100000000029e-05,5,RUL > 125
46,100,156.0,0.009261365,-0.00012469189999999894,5,RUL > 125
46,101,155.0,0.009319658,-0.00011700230000000123,5,RUL > 125
46,102,154.0,0.00923939,-9.256729999999915e-05,5,RUL > 125
46,103,153.0,0.008838378,-0.00016169929999999992,5,RUL > 125
46,104,152.0,0.008448554,-0.0002106901999999979,5,RUL > 125
46,105,151.0,0.008446999,-0.00025361540000000133,5,RUL > 125
46,106,150.0,0.008559518,-0.00017511229999999907,5,RUL > 125
46,107,149.0,0.0084371865,-6.914190000000106e-05,5,RUL > 125
46,108,148.0,0.008625956,3.449914999999925e-05,5,RUL > 125
46,109,147.0,0.008753918,6.80275999999998e-05,5,RUL > 125
46,110,146.0,0.009036199,0.00012700935000000115,5,RUL > 125
46,111,145.0,0.009438129,0.00024121279999999757,5,RUL > 125
46,112,144.0,0.009517773,0.0002467844999999962,5,RUL > 125
46,113,143.0,0.009608835,0.0002191407999999965,5,RUL > 125
46,114,142.0,0.009270704,6.397159999999954e-05,5,RUL > 125
46,115,141.0,0.00963855,1.5377299999999393e-05,5,RUL > 125
46,116,140.0,0.00972723,4.486290000000102e-05,5,RUL > 125
46,117,139.0,0.009566844,3.7254399999999485e-05,5,RUL > 125
46,118,138.0,0.009931512,0.0001249910000000003,5,RUL > 125
46,119,137.0,0.010159195,0.00012455719999999887,5,RUL > 125
46,120,136.0,0.010157166,0.0001452223000000002,5,RUL > 125
46,121,135.0,0.010631022,0.00023540099999999915,5,RUL > 125
46,122,134.0,0.010363285,0.0001335372999999998,5,RUL > 125
46,123,133.0,0.010373587,6.349030000000007e-05,5,RUL > 125
46,124,132.0,0.010346247,1.207269999999889e-05,5,RUL > 125
46,125,131.0,0.010377739,-5.236040000000067e-05,5,RUL > 125
46,126,130.0,0.010207459,-3.0749999999999955e-05,5,RUL > 125
46,127,129.0,0.010348449,-1.8906399999999443e-05,5,RUL > 125
46,128,128.0,0.010370375,1.8965999999989505e-06,5,RUL > 125
46,129,127.0,0.01050324,4.1391799999998806e-05,5,RUL > 125
46,130,126.0,0.010560531,8.609350000000005e-05,5,RUL > 125
46,131,125.0,0.010491205,4.7566800000001044e-05,5,76-125
46,132,124.0,0.010555833,3.588810000000044e-05,5,76-125
46,133,123.0,0.010598049,1.8492000000000137e-05,5,76-125
46,134,122.0,0.010430403,-1.5341199999999707e-05,5,76-125
46,135,121.0,0.010311039,-4.857619999999941e-05,5,76-125
46,136,120.0,0.0103848595,-6.289569999999857e-05,5,76-125
46,137,119.0,0.010372286,-4.970695000000034e-05,5,76-125
46,138,118.0,0.010382648,-3.4263000000000556e-06,5,76-125
46,139,117.0,0.010236647,-1.5099549999999172e-05,5,76-125
46,140,116.0,0.010060138,-7.850819999999687e-05,5,76-125
46,141,115.0,0.009494509,-0.00020780639999999997,5,76-125
46,142,114.0,0.00980086,-0.0001905713999999988,5,76-125
46,143,113.0,0.009810208,-0.00011121560000000064,5,76-125
46,144,112.0,0.009897125,-1.0327000000011067e-06,5,76-125
46,145,111.0,0.009799468,7.061830000000058e-05,5,76-125
46,146,110.0,0.009716955,-1.785500000000077e-05,5,76-125
46,147,109.0,0.009601127,-5.9833199999996444e-05,5,76-125
46,148,108.0,0.009582034,-8.285229999999864e-05,5,76-125
46,149,107.0,0.009989051,2.4424500000001145e-05,5,76-125
46,150,106.0,0.01023345,0.0001420914000000018,5,76-125
46,151,105.0,0.0098417355,0.0001132633000000027,5,76-125
46,152,104.0,0.010240564,0.00011697445000000093,5,76-125
46,153,103.0,0.010503008,0.00010350280000000125,5,76-125
46,154,102.0,0.010472443,0.00011392584999999991,5,76-125
46,155,101.0,0.010593294,0.00017349960000000088,5,76-125
46,156,100.0,0.010769612,0.00011483819999999808,5,76-125
46,157,99.0,0.010321197,-6.645299999997738e-06,5,76-125
46,158,98.0,0.010405595,-4.057929999999882e-05,5,76-125
46,159,97.0,0.0103274435,-8.957179999999766e-05,5,76-125
46,160,96.0,0.010146587,-0.00012398034999999995,5,76-125
46,161,95.0,0.010111768,-6.778660000000142e-05,5,76-125
46,162,94.0,0.009960082,-0.00011067015000000274,5,76-125
46,163,93.0,0.009918497,-0.00010043979999999788,5,76-125
46,164,92.0,0.009993086,-5.00272999999986e-05,5,76-125
46,165,91.0,0.010062454,-6.562399999999809e-06,5,76-125
46,166,90.0,0.0099995565,2.229059999999985e-05,5,76-125
46,167,89.0,0.010073537,3.165505000000035e-05,5,76-125
46,168,88.0,0.009884271,-2.065470000000076e-05,5,76-125
46,169,87.0,0.00998929,-2.616135000000079e-05,5,76-125
46,170,86.0,0.009995581,-9.219799999999281e-06,5,76-125
46,171,85.0,0.010054722,7.367999999999654e-06,5,76-125
46,172,84.0,0.010129947,5.567839999999932e-05,5,76-125
46,173,83.0,0.009868689,-1.0683600000001174e-05,5,76-125
46,174,82.0,0.0100578945,-6.1406000000008345e-06,5,76-125
46,175,81.0,0.010009192,-1.631125000000005e-05,5,76-125
46,176,80.0,0.009760133,-5.991249999999979e-05,5,76-125
46,177,79.0,0.009919239,-1.9666150000000398e-05,5,76-125
46,178,78.0,0.009742512,-7.207179999999977e-05,5,76-125
46,179,77.0,0.009642919,-7.501669999999879e-05,5,76-125
46,180,76.0,0.009708069,-3.8044799999999104e-05,5,76-125
46,181,75.0,0.00965966,-5.536009999999958e-05,5,31-75
46,182,74.0,0.009726404,-1.5474999999985412e-06,5,31-75
46,183,73.0,0.009497488,-2.72527000000008e-05,5,31-75
46,184,72.0,0.009600744,-3.768219999999839e-05,5,31-75
46,185,71.0,0.009645108,-1.54763999999995e-05,5,31-75
46,186,70.0,0.009516884,-2.71419999999984e-05,5,31-75
46,187,69.0,0.009734197,3.89558000000001e-05,5,31-75
46,188,68.0,0.009561245,1.0091000000004602e-06,5,31-75
46,189,67.0,0.009906477,5.670989999999946e-05,5,31-75
46,190,66.0,0.010136836,0.00014121840000000117,5,31-75
46,191,65.0,0.010085169,0.00012775349999999438,5,31-75
46,192,64.0,0.010096058,0.0001248317999999992,5,31-75
46,193,63.0,0.010592462,0.0001331192000000052,5,31-75
46,194,62.0,0.010637339,0.00015082990000000134,5,31-75
46,195,61.0,0.010644944,0.0001660830999999952,5,31-75
46,196,60.0,0.010566264,9.928939999999988e-05,5,31-75
46,197,59.0,0.011000853,7.457069999999955e-05,5,31-75
46,198,58.0,0.010892738,8.667069999999908e-05,5,31-75
46,199,57.0,0.011106178,0.00012489419999999756,5,31-75
46,200,56.0,0.010784035,5.408670000000033e-05,5,31-75
46,201,55.0,0.010287382,-0.00015356450000000396,5,31-75
46,202,54.0,0.010106112,-0.00023920479999999577,5,31-75
46,203,53.0,0.010452484,-0.0001985310999999967,5,31-75
46,204,52.0,0.010255332,-8.923040000000035e-05,5,31-75
46,205,51.0,0.010204213,-1.7117999999997256e-06,5,31-75
46,206,50.0,0.010303131,1.4576699999999979e-05,5,31-75
46,207,49.0,0.009986028,-8.85112999999997e-05,5,31-75
46,208,48.0,0.009911553,-9.057429999999904e-05,5,31-75
46,209,47.0,0.010142162,-5.156800000000038e-05,5,31-75
46,210,46.0,0.010323396,1.966639999999803e-05,5,31-75
46,211,45.0,0.010515058,0.00014699029999999655,5,31-75
46,212,44.0,0.010503142,0.00015560740000000205,5,31-75
46,213,43.0,0.010723296,0.00013420140000000097,5,31-75
46,214,42.0,0.010935089,0.00014316240000000077,5,31-75
46,215,41.0,0.010918227,0.00012382849999999964,5,31-75
46,216,40.0,0.010981467,0.00011515809999999887,5,31-75
46,217,39.0,0.011263287,0.00011263599999999768,5,31-75
46,218,38.0,0.011717297,0.0001909475999999976,5,31-75
46,219,37.0,0.011945076,0.0002789528000000071,5,31-75
46,220,36.0,0.011942584,0.0002604023000000031,5,31-75
46,221,35.0,0.012145821,0.00019903549999999773,5,31-75
46,222,34.0,0.011997103,7.603569999999959e-05,5,31-75
46,223,33.0,0.011548811,-7.38010999999966e-05,5,31-75
46,224,32.0,0.011301022,-0.0001880134000000091,5,31-75
46,225,31.0,0.011714312,-0.0001559099000000023,5,31-75
46,226,30.0,0.011346102,-0.00011365010000000116,5,0-30
46,227,29.0,0.011734113,4.156839999999985e-05,5,0-30
46,228,28.0,0.011871084,0.00011599249999999892,5,0-30
46,229,27.0,0.012054978,0.0001206313999999951,5,0-30
46,230,26.0,0.01234008,0.00023088210000000179,5,0-30
46,231,25.0,0.012518681,0.00020381320000000287,5,0-30
46,232,24.0,0.012509255,0.00017400449999999996,5,0-30
46,233,23.0,0.012658505,0.00013762289999999974,5,0-30
46,234,22.0,0.013030474,0.0001520612000000011,5,0-30
46,235,21.0,0.013388414,0.00022606849999999521,5,0-30
46,236,20.0,0.0133974645,0.00025063279999999906,5,0-30
46,237,19.0,0.01359628,0.00022425404999999547,5,0-30
46,238,18.0,0.013719872,0.00015866619999999732,5,0-30
46,239,17.0,0.01386576,0.00012770994999999918,5,0-30
46,240,16.0,0.014164017,0.00018025849999999934,5,0-30
46,241,15.0,0.013830848,9.132809999999983e-05,5,0-30
46,242,14.0,0.014325156,0.00011756560000000037,5,0-30
46,243,13.0,0.014817631,0.00020648809999999207,5,0-30
46,244,12.0,0.014727027,0.00021128029999998893,5,0-30
46,245,11.0,0.0150694,0.0002878974999999998,5,0-30
46,246,10.0,0.015786532,0.00031745209999999724,5,0-30
46,247,9.0,0.016132114,0.0003688471000000052,5,0-30
46,248,8.0,0.016675564,0.0004959787999999856,5,0-30
46,249,7.0,0.01743799,0.0005626212000000161,5,0-30
46,250,6.0,0.01818604,0.0006104891999999902,5,0-30
46,251,5.0,0.018904032,0.0007054311999999962,5,0-30
46,252,4.0,0.019578287,0.000727148800000007,5,0-30
46,253,3.0,0.021399165,0.0009314596999999878,5,0-30
46,254,2.0,0.022704154,0.0011531360999999859,5,0-30
46,255,1.0,0.023365226,0.0012048254999999586,5,0-30
46,256,0.0,0.02551368,0.0013836846999999962,5,0-30
54,34,223.0,0.009941719,-3.073430000000114e-05,5,RUL > 125
54,35,222.0,0.010015748,2.3275999999999297e-05,5,RUL > 125
54,36,221.0,0.010058669,3.9099899999999615e-05,5,RUL > 125
54,37,220.0,0.010056201,6.032300000000058e-05,5,RUL > 125
54,38,219.0,0.009827853,-1.8727899999998493e-05,5,RUL > 125
54,39,218.0,0.009979393,-3.0352600000000405e-05,5,RUL > 125
54,40,217.0,0.009832019,-5.3010800000000445e-05,5,RUL > 125
54,41,216.0,0.0101920245,2.7581300000000037e-05,5,RUL > 125
54,42,215.0,0.010313004,0.00011829335000000021,5,RUL > 125
54,43,214.0,0.010561767,0.00016457330000000135,5,RUL > 125
54,44,213.0,0.010626368,0.00019584405000000083,5,RUL > 125
54,45,212.0,0.010402032,7.333789999999932e-05,5,RUL > 125
54,46,211.0,0.010225562,-3.346189999999852e-05,5,RUL > 125
54,47,210.0,0.010354477,-8.153860000000032e-05,5,RUL > 125
54,48,209.0,0.010659565,1.8839000000002339e-06,5,RUL > 125
54,49,208.0,0.0107286135,0.00010871659999999928,5,RUL > 125
54,50,207.0,0.01048578,8.94572499999995e-05,5,RUL > 125
54,51,206.0,0.01041785,-4.703899999999803e-06,5,RUL > 125
54,52,205.0,0.010368893,-8.921074999999915e-05,5,RUL > 125
54,53,204.0,0.010479174,-6.157659999999891e-05,5,RUL > 125
54,54,203.0,0.0103478,-2.1463599999999633e-05,5,RUL > 125
54,55,202.0,0.01056284,2.688869999999961e-05,5,RUL > 125
54,56,201.0,0.0103370985,2.007699999998589e-06,5,RUL > 125
54,57,200.0,0.010385911,-1.9722750000001003e-05,5,RUL > 125
54,58,199.0,0.010457553,4.257700000001269e-06,5,RUL > 125
54,59,198.0,0.010183989,-6.372475000000066e-05,5,RUL > 125
54,60,197.0,0.010290853,-2.944130000000065e-05,5,RUL > 125
54,61,196.0,0.010367103,-2.043159999999949e-05,5,RUL > 125
54,62,195.0,0.010262737,-2.0651799999999405e-05,5,RUL > 125
54,63,194.0,0.01044048,4.8486600000000675e-05,5,RUL > 125
54,64,193.0,0.010821815,0.00011353009999999952,5,RUL > 125
54,65,192.0,0.010668388,0.00011616480000000059,5,RUL > 125
54,66,191.0,0.010722485,0.00011474039999999979,5,RUL > 125
54,67,190.0,0.010764322,5.483540000000055e-05,5,RUL > 125
54,68,189.0,0.010935797,3.2389800000000386e-05,5,RUL > 125
54,69,188.0,0.010868903,6.143420000000142e-05,5,RUL > 125
54,70,187.0,0.011270952,0.0001201514999999991,5,RUL > 125
54,71,186.0,0.010892611,5.917329999999919e-05,5,RUL > 125
54,72,185.0,0.010771996,-3.038940000000081e-05,5,RUL > 125
54,73,184.0,0.0105392225,-0.00011583169999999981,5,RUL > 125
54,74,183.0,0.010567075,-0.000176114250000001,5,RUL > 125
54,75,182.0,0.010501587,-9.869690000000038e-05,5,RUL > 125
54,76,181.0,0.010559348,-4.629314999999949e-05,5,RUL > 125
54,77,180.0,0.010375327,-3.355180000000054e-05,5,RUL > 125
54,78,179.0,0.010212851,-8.347080000000043e-05,5,RUL > 125
54,79,178.0,0.010287206,-7.752590000000028e-05,5,RUL > 125
54,80,177.0,0.010441245,-3.243269999999981e-05,5,RUL > 125
54,81,176.0,0.010929754,0.0001337247999999992,5,RUL > 125
54,82,175.0,0.010915004,0.00020468540000000133,5,RUL > 125
54,83,174.0,0.0107169775,0.0001333302000000001,5,RUL > 125
54,84,173.0,0.010570896,4.652549999999932e-06,5,RUL > 125
54,85,172.0,0.010409866,-0.00013838839999999708,5,RUL > 125
54,86,171.0,0.010578996,-9.791275000000063e-05,5,RUL > 125
54,87,170.0,0.010816265,2.0667500000000754e-05,5,RUL > 125
54,88,169.0,0.011058875,0.00013823569999999927,5,RUL > 125
54,89,168.0,0.011291922,0.00022439909999999916,5,RUL > 125
54,90,167.0,0.011091262,0.0001500188999999998,5,RUL > 125
54,91,166.0,0.0108588515,1.1755999999999645e-05,5,RUL > 125
54,92,165.0,0.010710896,-0.00011290284999999992,5,RUL > 125
54,93,164.0,0.010509186,-0.00019458379999999902,5,RUL > 125
54,94,163.0,0.010066876,-0.00023984374999999971,5,RUL > 125
54,95,162.0,0.010132836,-0.00020960510000000244,5,RUL > 125
54,96,161.0,0.010186316,-0.00014255100000000096,5,RUL > 125
54,97,160.0,0.01011371,-6.715119999999966e-05,5,RUL > 125
54,98,159.0,0.010164581,1.7628399999998918e-05,5,RUL > 125
54,99,158.0,0.010206404,1.2540099999999341e-05,5,RUL > 125
54,100,157.0,0.010043272,-1.9339399999999593e-05,5,RUL > 125
54,101,156.0,0.010398227,4.477249999999908e-05,5,RUL > 125
54,102,155.0,0.010368877,6.0041499999998324e-05,5,RUL > 125
54,103,154.0,0.010712252,0.00013373009999999953,5,RUL > 125
54,104,153.0,0.010644269,0.0001516019000000001,5,RUL > 125
54,105,152.0,0.010507205,4.9334800000001126e-05,5,RUL > 125
54,106,151.0,0.010741095,5.393889999999993e-05,5,RUL > 125
54,107,150.0,0.010740746,1.53813999999996e-05,5,RUL > 125
54,108,149.0,0.010702064,3.4913099999998844e-05,5,RUL > 125
54,109,148.0,0.010440397,-1.726469999999675e-05,5,RUL > 125
54,110,147.0,0.010323163,-0.00011362130000000187,5,RUL > 125
54,111,146.0,0.00993425,-0.00019918929999999756,5,RUL > 125
54,112,145.0,0.009810028,-0.00022902189999999723,5,RUL > 125
54,113,144.0,0.009899781,-0.00015943669999999687,5,RUL > 125
54,114,143.0,0.010193313,-2.9416899999999962e-05,5,RUL > 125
54,115,142.0,0.010215185,9.45154999999992e-05,5,RUL > 125
54,116,141.0,0.010406018,0.00015073840000000096,5,RUL > 125
54,117,140.0,0.010055562,5.242670000000052e-05,5,RUL > 125
54,118,139.0,0.009779334,-9.875809999999927e-05,5,RUL > 125
54,119,138.0,0.009576833,-0.0001903387999999975,5,RUL > 125
54,120,137.0,0.009650655,-0.00019894549999999943,5,RUL > 125
54,121,136.0,0.009632297,-9.752089999999986e-05,5,RUL > 125
54,122,135.0,0.009617565,-2.6807399999999218e-05,5,RUL > 125
54,123,134.0,0.009542181,-1.0239399999999497e-05,5,RUL > 125
54,124,133.0,0.009592402,-2.066219999999915e-05,5,RUL > 125
54,125,132.0,0.0096571855,2.4613999999994404e-06,5,RUL > 125
54,126,131.0,0.0094515635,-2.16998500000001e-05,5,RUL > 125
54,127,130.0,0.009915201,6.052015000000049e-05,5,RUL > 125
54,128,129.0,0.009909051,8.913134999999859e-05,5,RUL > 125
54,129,128.0,0.009704465,5.52046499999993e-05,5,RUL > 125
54,130,127.0,0.009784068,4.542729999999975e-05,5,RUL > 125
54,131,126.0,0.009735078,-4.852289999999871e-05,5,RUL > 125
54,132,125.0,0.00978617,-2.1514899999999756e-05,5,76-125
54,133,124.0,0.009689285,-2.825800000000815e-06,5,76-125
54,134,123.0,0.0094068665,-8.001959999999985e-05,5,76-125
54,135,122.0,0.009496998,-8.554634999999922e-05,5,76-125
54,136,121.0,0.009466365,-8.318969999999828e-05,5,76-125
54,137,120.0,0.009640459,-3.815350000000224e-06,5,76-125
54,138,119.0,0.0096334135,5.9655499999999754e-05,5,76-125
54,139,118.0,0.009548378,2.6980850000000977e-05,5,76-125
54,140,117.0,0.009460031,-1.0474899999998518e-05,5,76-125
54,141,116.0,0.009443102,-5.6809650000000104e-05,5,76-125
54,142,115.0,0.009440638,-4.9082699999999685e-05,5,76-125
54,143,114.0,0.009601491,8.683300000000193e-06,5,76-125
54,144,113.0,0.009464483,1.67293000000002e-05,5,76-125
54,145,112.0,0.009668723,4.750870000000042e-05,5,76-125
54,146,111.0,0.009483779,1.535139999999976e-05,5,76-125
54,147,110.0,0.009396468,-3.907499999999732e-05,5,76-125
54,148,109.0,0.009636336,7.145100000001548e-06,5,76-125
54,149,108.0,0.009452181,-2.8052700000001325e-05,5,76-125
54,150,107.0,0.0090900175,-7.318100000000182e-05,5,76-125
54,151,106.0,0.009179901,-9.794525000000309e-05,5,76-125
54,152,105.0,0.00925796,-0.00010290319999999859,5,76-125
54,153,104.0,0.009192667,-3.510854999999872e-05,5,76-125
54,154,103.0,0.009393862,6.204549999999894e-05,5,76-125
54,155,102.0,0.009280935,3.3797000000000456e-05,5,76-125
54,156,101.0,0.0093934685,3.5928499999999356e-05,5,76-125
54,157,100.0,0.00944236,4.989925000000028e-05,5,76-125
54,158,99.0,0.009459412,2.92524999999993e-05,5,76-125
54,159,98.0,0.009364044,2.3216150000001023e-05,5,76-125
54,160,97.0,0.009528846,1.9243900000000773e-05,5,76-125
54,161,96.0,0.009632005,4.487240000000002e-05,5,76-125
54,162,95.0,0.009789654,9.284450000000025e-05,5,76-125
54,163,94.0,0.009930516,0.0001393751999999983,5,76-125
54,164,93.0,0.010274702,0.00017902229999999713,5,76-125
54,165,92.0,0.010187279,0.00015955959999999897,5,76-125
54,166,91.0,0.010233183,0.00011438209999999909,5,76-125
54,167,90.0,0.0101926625,4.827739999999887e-05,5,76-125
54,168,89.0,0.010643243,7.424655000000124e-05,5,76-125
54,169,88.0,0.010684077,0.00014036560000000027,5,76-125
54,170,87.0,0.0108892415,0.00018035314999999833,5,76-125
54,171,86.0,0.010850632,0.0001561937500000006,5,76-125
54,172,85.0,0.010714165,3.083990000000032e-05,5,76-125
54,173,84.0,0.01086116,1.790894999999935e-05,5,76-125
54,174,83.0,0.010797698,-1.7255899999999192e-05,5,76-125
54,175,82.0,0.01111755,6.173690000000161e-05,5,76-125
54,176,81.0,0.010889203,6.064659999999898e-05,5,76-125
54,177,80.0,0.011009324,3.878329999999951e-05,5,76-125
54,178,79.0,0.010876377,4.913199999998775e-06,5,76-125
54,179,78.0,0.010766354,-7.152179999999948e-05,5,76-125
54,180,77.0,0.011082592,1.4380799999998915e-05,5,76-125
54,181,76.0,0.011325034,8.376349999999883e-05,5,76-125
54,182,75.0,0.011384594,0.00015751140000000108,5,31-75
54,183,74.0,0.011845946,0.0002461186000000045,5,31-75
54,184,73.0,0.011632299,0.00016203259999999478,5,31-75
54,185,72.0,0.011742946,0.00010835289999999945,5,31-75
54,186,71.0,0.012513361,0.000215453399999997,5,31-75
54,187,70.0,0.012502923,0.00021950160000000268,5,31-75
54,188,69.0,0.012409649,0.00023146769999999383,5,31-75
54,189,68.0,0.012434,0.0001278395999999987,5,31-75
54,190,67.0,0.012447532,-2.0058099999999506e-05,5,31-75
54,191,66.0,0.012109021,-7.499209999999817e-05,5,31-75
54,192,65.0,0.012064261,-0.00010157549999999948,5,31-75
54,193,64.0,0.012126967,-9.973370000000417e-05,5,31-75
54,194,63.0,0.011976435,-9.242480000000005e-05,5,31-75
54,195,62.0,0.012082965,-1.3993799999998431e-05,5,31-75
54,196,61.0,0.012140336,1.0814800000000036e-05,5,31-75
54,197,60.0,0.012319467,5.4890099999999754e-05,5,31-75
54,198,59.0,0.012295651,8.74933999999993e-05,5,31-75
54,199,58.0,0.01245131,8.920049999999941e-05,5,31-75
54,200,57.0,0.012644228,0.00011396269999999928,5,31-75
54,201,56.0,0.012985576,0.00016807950000000398,5,31-75
54,202,55.0,0.013065522,0.0002074007999999975,5,31-75
54,203,54.0,0.013217911,0.00019544959999999982,5,31-75
54,204,53.0,0.013537316,0.0002018510999999942,5,31-75
54,205,52.0,0.014020108,0.00025408579999999315,5,31-75
54,206,51.0,0.0143731525,0.0003417457999999988,5,31-75
54,207,50.0,0.014514612,0.0003429238499999981,5,31-75
54,208,49.0,0.014718885,0.00028576419999999815,5,31-75
54,209,48.0,0.015068061,0.0002441638500000011,5,31-75
54,210,47.0,0.015239818,0.00022867799999999846,5,31-75
54,211,46.0,0.015239748,0.0001971204999999973,5,31-75
54,212,45.0,0.015936222,0.0002606361000000041,5,31-75
54,213,44.0,0.016313111,0.0003186504000000093,5,31-75
54,214,43.0,0.017006561,0.0004606849000000015,5,31-75
54,215,42.0,0.017960329,0.0006511500999999971,5,31-75
54,216,41.0,0.017956901,0.0005688575999999887,5,31-75
54,217,40.0,0.0190427,0.0006409517999999796,5,31-75
54,218,39.0,0.02037684,0.0007822928999999942,5,31-75
54,219,38.0,0.021518342,0.0009535965000000256,5,31-75
54,220,37.0,0.022542218,0.001164627600000016,5,31-75
54,221,36.0,0.02417362,0.0012427217999999788,5,31-75
54,222,35.0,0.025280738,0.0012463073999999872,5,31-75
54,223,34.0,0.026391365,0.0012484565999999928,5,31-75
54,224,33.0,0.027124764,0.001138283700000031,5,31-75
54,225,32.0,0.028397795,0.0010292376000000164,5,31-75
54,226,31.0,0.029972576,0.0011390106000000021,5,31-75
54,227,30.0,0.031877138,0.0013819357999999798,5,0-30
54,228,29.0,0.03304033,0.001531047499999982,5,0-30
54,229,28.0,0.034535997,0.0015344157999999735,5,0-30
54,230,27.0,0.03572984,0.0014173387000000072,5,0-30
54,231,26.0,0.037657805,0.0014250844000000178,5,0-30
54,232,25.0,0.039859712,0.001676057199999994,5,0-30
54,233,24.0,0.041809455,0.0018676787999999938,5,0-30
54,234,23.0,0.044476632,0.0021645234000000177,5,0-30
54,235,22.0,0.046159856,0.0021621021999999636,5,0-30
54,236,21.0,0.048731145,0.0022093266999999917,5,0-30
54,237,20.0,0.051112782,0.0022861166999999264,5,0-30
54,238,19.0,0.054690354,0.002538036999999948,5,0-30
54,239,18.0,0.057853,0.0029345496999999667,5,0-30
54,240,17.0,0.06156132,0.0032400567999999867,5,0-30
54,241,16.0,0.06435873,0.003336286199999949,5,0-30
54,242,15.0,0.06705057,0.0031226161999999974,5,0-30
54,243,14.0,0.070520066,0.003082338199999916,5,0-30
54,244,13.0,0.07498187,0.003300243599999866,5,0-30
54,245,12.0,0.07909042,0.003739467999999977,5,0-30
54,246,11.0,0.08319342,0.004085605399999965,5,0-30
54,247,10.0,0.08712494,0.004142129800000042,5,0-30
54,248,9.0,0.09211692,0.004230461999999893,5,0-30
54,249,8.0,0.0979514,0.004664546000000149,5,0-30
54,250,7.0,0.10245457,0.004934875999999921,5,0-30
54,251,6.0,0.10849915,0.005308606999999985,5,0-30
54,252,5.0,0.11593266,0.005817923000000061,5,0-30
54,253,4.0,0.12172061,0.00610165099999993,5,0-30
54,254,3.0,0.12942873,0.006716977999999919,5,0-30
54,255,2.0,0.13841504,0.0073327849999997455,5,0-30
54,256,1.0,0.14535217,0.007553344999999951,5,0-30
54,257,0.0,0.15450433,0.0081490879999999,5,0-30
71,34,174.0,0.010772252,0.0001280918999999997,5,RUL > 125
71,35,173.0,0.010747346,5.404959999999932e-05,5,RUL > 125
71,36,172.0,0.010762219,-3.5278200000000444e-05,5,RUL > 125
71,37,171.0,0.010219309,-0.00012191629999999912,5,RUL > 125
71,38,170.0,0.0099597545,-0.00021530319999999852,5,RUL > 125
71,39,169.0,0.009690428,-0.00029163005000000064,5,RUL > 125
71,40,168.0,0.009748429,-0.00025564610000000155,5,RUL > 125
71,41,167.0,0.009966315,-7.173135000000047e-05,5,RUL > 125
71,42,166.0,0.0097032925,-2.3703699999999124e-05,5,RUL > 125
71,43,165.0,0.009808267,1.9054150000000286e-05,5,RUL > 125
71,44,164.0,0.00980786,-3.9186000000007006e-06,5,RUL > 125
71,45,163.0,0.0099715935,1.1512450000000298e-05,5,RUL > 125
71,46,162.0,0.009890334,5.374095000000005e-05,5,RUL > 125
71,47,161.0,0.009910004,2.859479999999974e-05,5,RUL > 125
71,48,160.0,0.009895043,1.1277649999999175e-05,5,RUL > 125
71,49,159.0,0.009766688,-4.051019999999902e-05,5,RUL > 125
71,50,158.0,0.009946299,-3.138599999999354e-06,5,RUL > 125
71,51,157.0,0.009952414,1.3607600000000301e-05,5,RUL > 125
71,52,156.0,0.009813827,2.329400000000479e-06,5,RUL > 125
71,53,155.0,0.010003546,3.4124400000000245e-05,5,RUL > 125
71,54,154.0,0.009899219,-4.30280000000056e-06,5,RUL > 125
71,55,153.0,0.009829562,-1.6031199999999905e-05,5,RUL > 125
71,56,152.0,0.009749308,-3.030220000000072e-05,5,RUL > 125
71,57,151.0,0.009932995,-2.9101300000000046e-05,5,RUL > 125
71,58,150.0,0.0097315395,-2.3192599999999216e-05,5,RUL > 125
71,59,149.0,0.009536459,-6.039745000000188e-05,5,RUL > 125
71,60,148.0,0.009317751,-0.0001259650000000008,5,RUL > 125
71,61,147.0,0.009132531,-0.00020147165000000046,5,RUL > 125
71,62,146.0,0.008591631,-0.0002683744999999995,5,RUL > 125
71,63,145.0,0.008684567,-0.00024299039999999824,5,RUL > 125
71,64,144.0,0.0091122985,-8.588690000000003e-05,5,RUL > 125
71,65,143.0,0.009194355,6.443155000000078e-05,5,RUL > 125
71,66,142.0,0.009065914,0.0001458353999999986,5,RUL > 125
71,67,141.0,0.009265585,0.00011156514999999929,5,RUL > 125
71,68,140.0,0.009242294,3.312210000000055e-05,5,RUL > 125
71,69,139.0,0.009105022,-2.2859999999952428e-07,5,RUL > 125
71,70,138.0,0.009140646,-1.1099000000003574e-06,5,RUL > 125
71,71,137.0,0.008936549,-7.597199999999887e-05,5,RUL > 125
71,72,136.0,0.00903707,-5.7892100000001044e-05,5,RUL > 125
71,73,135.0,0.009014738,-2.8414400000000458e-05,5,RUL > 125
71,74,134.0,0.008921866,-3.593710000000066e-05,5,RUL > 125
71,75,133.0,0.008972272,-4.375800000000279e-06,5,RUL > 125
71,76,132.0,0.008944848,-2.2690999999999793e-05,5,RUL > 125
71,77,131.0,0.008851314,-3.0386599999999998e-05,5,RUL > 125
71,78,130.0,0.008893439,-1.7781200000000076e-05,5,RUL > 125
71,79,129.0,0.0090698525,1.4375199999999984e-05,5,RUL > 125
71,80,128.0,0.008871593,7.2028500000000085e-06,5,RUL > 125
71,81,127.0,0.008957942,1.9141000000000022e-05,5,RUL > 125
71,82,126.0,0.008929186,-4.041650000000036e-06,5,RUL > 125
71,83,125.0,0.008941412,-1.992880000000002e-05,5,76-125
71,84,124.0,0.009116629,4.735419999999969e-05,5,76-125
71,85,123.0,0.009174179,6.199169999999845e-05,5,76-125
71,86,122.0,0.009129489,6.333729999999844e-05,5,76-125
71,87,121.0,0.008651991,-5.659819999999993e-05,5,76-125
71,88,120.0,0.008451128,-0.00018531900000000006,5,76-125
71,89,119.0,0.00838587,-0.0002254978999999984,5,76-125
71,90,118.0,0.008569889,-0.00013853209999999997,5,76-125
71,91,117.0,0.008641539,9.785700000000386e-06,5,76-125
71,92,116.0,0.00857405,5.015129999999967e-05,5,76-125
71,93,115.0,0.008806164,8.447490000000008e-05,5,76-125
71,94,114.0,0.008260602,-4.539489999999997e-05,5,76-125
71,95,113.0,0.008185596,-0.00012253340000000109,5,76-125
71,96,112.0,0.008567298,-6.340720000000039e-05,5,76-125
71,97,111.0,0.008390452,-5.24728000000007e-05,5,76-125
71,98,110.0,0.008618955,9.215620000000023e-05,5,76-125
71,99,109.0,0.008617058,9.145809999999962e-05,5,76-125
71,100,108.0,0.008416143,-7.5704000000003595e-06,5,76-125
71,101,107.0,0.008475229,-3.32580000000069e-06,5,76-125
71,102,106.0,0.008562889,-2.539609999999876e-05,5,76-125
71,103,105.0,0.00840917,-2.6902999999999373e-05,5,76-125
71,104,104.0,0.008377326,-1.436929999999845e-05,5,76-125
71,105,103.0,0.008499627,-1.367670000000014e-05,5,76-125
71,106,102.0,0.008530835,2.6348999999998373e-06,5,76-125
71,107,101.0,0.008475646,2.864610000000047e-05,5,76-125
71,108,100.0,0.008463672,1.4871100000000465e-05,5,76-125
71,109,99.0,0.008138827,-7.887629999999748e-05,5,76-125
71,110,98.0,0.008220227,-9.58035000000019e-05,5,76-125
71,111,97.0,0.008258761,-6.772149999999973e-05,5,76-125
71,112,96.0,0.008203678,-4.000540000000087e-05,5,76-125
71,113,95.0,0.008036374,-2.2145499999998228e-05,5,76-125
71,114,94.0,0.0077987383,-0.00010653643999999798,5,76-125
71,115,93.0,0.007924141,-0.0001074179700000008,5,76-125
71,116,92.0,0.007849229,-8.211310000000058e-05,5,76-125
71,117,91.0,0.007853722,-3.148133000000027e-05,5,76-125
71,118,90.0,0.008248465,8.290343999999986e-05,5,76-125
71,119,89.0,0.008346772,0.00012444979999999846,5,76-125
71,120,88.0,0.00846023,0.00017150519999999955,5,76-125
71,121,87.0,0.00871193,0.00019281809999999866,5,76-125
71,122,86.0,0.008917716,0.0001703659999999996,5,76-125
71,123,85.0,0.009086223,0.00019363879999999723,5,76-125
71,124,84.0,0.0093444185,0.00021426700000000184,5,76-125
71,125,83.0,0.009307041,0.00016169245000000182,5,76-125
71,126,82.0,0.0093537895,0.00010929650000000092,5,76-125
71,127,81.0,0.009713157,0.00012632390000000016,5,76-125
71,128,80.0,0.009716174,0.00011496269999999825,5,76-125
71,129,79.0,0.009816532,0.00013813664999999867,5,76-125
71,130,78.0,0.009778322,9.52439999999999e-05,5,76-125
71,131,77.0,0.010062975,7.617839999999988e-05,5,76-125
71,132,76.0,0.010189304,0.00011927030000000059,5,76-125
71,133,75.0,0.010814469,0.00024068560000000468,5,31-75
71,134,74.0,0.011103291,0.0003401431999999993,5,31-75
71,135,73.0,0.011118685,0.0003025406999999979,5,31-75
71,136,72.0,0.011011087,0.00019477819999999806,5,31-75
71,137,71.0,0.011057773,3.944040000000027e-05,5,31-75
71,138,70.0,0.01116835,6.920600000000044e-06,5,31-75
71,139,69.0,0.011223136,3.6616500000000994e-05,5,31-75
71,140,68.0,0.011275779,6.947469999999892e-05,5,31-75
71,141,67.0,0.011494108,9.80098999999998e-05,5,31-75
71,142,66.0,0.011689097,0.00013124659999999916,5,31-75
71,143,65.0,0.0119338855,0.0001834817000000032,5,31-75
71,144,64.0,0.012120533,0.00021292854999999748,5,31-75
71,145,63.0,0.011818714,0.00010806480000000153,5,31-75
71,146,62.0,0.011888402,2.8343849999998185e-05,5,31-75
71,147,61.0,0.012203966,3.0802999999999705e-05,5,31-75
71,148,60.0,0.012325498,7.951819999999915e-05,5,31-75
71,149,59.0,0.012208089,0.00012158460000000193,5,31-75
71,150,58.0,0.0120756,3.7851899999999135e-05,5,31-75
71,151,57.0,0.0122732455,-1.1133900000001045e-05,5,31-75
71,152,56.0,0.012377973,1.701065000000073e-05,5,31-75
71,153,55.0,0.012502634,8.914630000000273e-05,5,31-75
71,154,54.0,0.012460604,9.993964999999887e-05,5,31-75
71,155,53.0,0.012675576,8.872920000000062e-05,5,31-75
71,156,52.0,0.012613866,6.447279999999984e-05,5,31-75
71,157,51.0,0.01238909,-7.382599999997497e-06,5,31-75
71,158,50.0,0.012261806,-6.840819999999782e-05,5,31-75
71,159,49.0,0.012446534,-8.101439999999757e-05,5,31-75
71,160,48.0,0.012889142,6.079960000000175e-05,5,31-75
71,161,47.0,0.012804948,0.00014590520000000066,5,31-75
71,162,46.0,0.012612337,0.0001059476000000002,5,31-75
71,163,45.0,0.012688101,2.0632900000001867e-05,5,31-75
71,164,44.0,0.012719486,-4.561589999999872e-05,5,31-75
71,165,43.0,0.013047556,5.9236500000000116e-05,5,31-75
71,166,42.0,0.013268626,0.00016720329999999763,5,31-75
71,167,41.0,0.013694975,0.00025628880000000274,5,31-75
71,168,40.0,0.013749173,0.00027067930000000294,5,31-75
71,169,39.0,0.014045087,0.0002475609000000004,5,31-75
71,170,38.0,0.0141744185,0.0002161696999999988,5,31-75
71,171,37.0,0.014425031,0.00018853574999999856,5,31-75
71,172,36.0,0.014871163,0.0002623924000000013,5,31-75
71,173,35.0,0.015363316,0.0003333202500000083,5,31-75
71,174,34.0,0.015524574,0.0003638596000000006,5,31-75
71,175,33.0,0.016570104,0.0004943557000000071,5,31-75
71,176,32.0,0.017402383,0.000626922799999989,5,31-75
71,177,31.0,0.01841251,0.0007976197000000008,5,31-75
71,178,30.0,0.018707054,0.000820736600000003,5,0-30
71,179,29.0,0.019751698,0.0007667858999999938,5,0-30
71,180,28.0,0.0214463,0.0009427021999999779,5,0-30
71,181,27.0,0.022550065,0.001101435599999994,5,0-30
71,182,26.0,0.023931718,0.0013247695000000027,5,0-30
71,183,25.0,0.025843197,0.0014668416000000314,5,0-30
71,184,24.0,0.02790163,0.0016203791999999276,5,0-30
71,185,23.0,0.029278154,0.0017426089999999783,5,0-30
71,186,22.0,0.030489871,0.0016551262999999756,5,0-30
71,187,21.0,0.03275424,0.0016410327000000084,5,0-30
71,188,20.0,0.03514907,0.0017970965999999406,5,0-30
71,189,19.0,0.03710611,0.0020315110999999924,5,0-30
71,190,18.0,0.038171504,0.0019715136000000087,5,0-30
71,191,17.0,0.042295836,0.0022105625999999275,5,0-30
71,192,16.0,0.04581882,0.002652922599999973,5,0-30
71,193,15.0,0.047598045,0.002863118600000123,5,0-30
71,194,14.0,0.050670873,0.0030300947000000225,5,0-30
71,195,13.0,0.05416465,0.0028589680999999184,5,0-30
71,196,12.0,0.05916836,0.0033265684999999536,5,0-30
71,197,11.0,0.063948646,0.004119868900000009,5,0-30
71,198,10.0,0.06859793,0.004563810999999922,5,0-30
71,199,9.0,0.07322998,0.0047560229999999174,5,0-30
71,200,8.0,0.0787749,0.0048494413999999805,5,0-30
71,201,7.0,0.085086785,0.005245324800000086,5,0-30
71,202,6.0,0.0914216,0.005750414499999927,5,0-30
71,203,5.0,0.09752329,0.0061233319999999545,5,0-30
71,204,4.0,0.10548346,0.006585362499999834,5,0-30
71,205,3.0,0.11335724,0.007060276999999822,5,0-30
71,206,2.0,0.12264248,0.00782757099999997,5,0-30
71,207,1.0,0.13274552,0.008760347999999944,5,0-30
71,208,0.0,0.14395906,0.009633947999999939,5,0-30
74,34,132.0,0.010071299,6.134059999999918e-05,5,RUL > 125
74,35,131.0,0.009858084,3.0130199999998982e-05,5,RUL > 125
74,36,130.0,0.010038993,3.1127899999999306e-05,5,RUL > 125
74,37,129.0,0.009873656,-1.7766800000000157e-05,5,RUL > 125
74,38,128.0,0.009698504,-7.300179999999945e-05,5,RUL > 125
74,39,127.0,0.0093243625,-0.0001407931999999995,5,RUL > 125
74,40,126.0,0.009312089,-0.00020031015000000074,5,RUL > 125
74,41,125.0,0.009369127,-0.0001395472999999994,5,76-125
74,42,124.0,0.009451784,-4.4867549999999926e-05,5,76-125
74,43,123.0,0.0094512375,3.9344499999999135e-05,5,76-125
74,44,122.0,0.009225835,-9.039750000000574e-06,5,76-125
74,45,121.0,0.009071214,-8.217749999999832e-05,5,76-125
74,46,120.0,0.008877247,-0.0001529097499999978,5,76-125
74,47,119.0,0.008850641,-0.00015497809999999996,5,76-125
74,48,118.0,0.009080066,-5.121109999999986e-05,5,76-125
74,49,117.0,0.009105632,2.716550000000038e-05,5,76-125
74,50,116.0,0.009101736,7.039689999999954e-05,5,76-125
74,51,115.0,0.009650006,0.00016203999999999982,5,76-125
74,52,114.0,0.009631781,0.00016478040000000028,5,76-125
74,53,113.0,0.009577121,0.0001473023000000006,5,76-125
74,54,112.0,0.009772503,0.0001268649000000007,5,76-125
74,55,111.0,0.009836731,5.141719999999936e-05,5,76-125
74,56,110.0,0.009674833,3.4571399999999864e-05,5,76-125
74,57,109.0,0.010024802,7.976919999999912e-05,5,76-125
74,58,108.0,0.010097235,8.37534999999994e-05,5,76-125
74,59,107.0,0.009972643,6.942259999999897e-05,5,76-125
74,60,106.0,0.009852055,3.0228499999999753e-05,5,76-125
74,61,105.0,0.009878942,-5.368999999999964e-05,5,76-125
74,62,104.0,0.00972396,-8.402509999999995e-05,5,76-125
74,63,103.0,0.009609075,-8.552309999999846e-05,5,76-125
74,64,102.0,0.009509658,-9.546609999999911e-05,5,76-125
74,65,101.0,0.009446851,-0.0001078484000000011,5,76-125
74,66,100.0,0.009597297,-4.155499999999949e-05,5,76-125
74,67,99.0,0.009876621,6.227309999999993e-05,5,76-125
74,68,98.0,0.009988934,0.0001388321999999993,5,76-125
74,69,97.0,0.010131613,0.00017611610000000112,5,76-125
74,70,96.0,0.010308924,0.0001678245999999999,5,76-125
74,71,95.0,0.0103684785,0.00013037049999999853,5,76-125
74,72,94.0,0.010128099,5.151954999999978e-05,5,76-125
74,73,93.0,0.010493624,5.431970000000004e-05,5,76-125
74,74,92.0,0.010407688,3.226734999999971e-05,5,76-125
74,75,91.0,0.010375568,2.937679999999976e-05,5,76-125
74,76,90.0,0.010588199,8.021439999999984e-05,5,76-125
74,77,89.0,0.010453653,1.0056900000000668e-05,5,76-125
74,78,88.0,0.010630258,5.232250000000038e-05,5,76-125
74,79,87.0,0.010686132,6.63186999999999e-05,5,76-125
74,80,86.0,0.010695977,4.4803499999999714e-05,5,76-125
74,81,85.0,0.010234175,-3.732369999999914e-05,5,76-125
74,82,84.0,0.010551013,-6.104470000000084e-05,5,76-125
74,83,83.0,0.0106893005,-1.3862700000000422e-05,5,76-125
74,84,82.0,0.010740702,5.445754999999981e-05,5,76-125
74,85,81.0,0.010866579,0.00014544969999999874,5,76-125
74,86,80.0,0.01075869,5.926324999999875e-05,5,76-125
74,87,79.0,0.010538278,-2.840570000000043e-05,5,76-125
74,88,78.0,0.010614219,-5.8126700000000976e-05,5,76-125
74,89,77.0,0.010815693,-2.46243000000001e-05,5,76-125
74,90,76.0,0.010876354,5.1274299999999104e-05,5,76-125
74,91,75.0,0.010853297,8.921729999999998e-05,5,31-75
74,92,74.0,0.011102387,0.00010139400000000077,5,31-75
74,93,73.0,0.011054433,7.03513000000006e-05,5,31-75
74,94,72.0,0.011199888,8.482039999999999e-05,5,31-75
74,95,71.0,0.011260307,9.115210000000042e-05,5,31-75
74,96,70.0,0.010795278,-4.08344000000009e-05,5,31-75
74,97,69.0,0.0108643,-7.848759999999788e-05,5,31-75
74,98,68.0,0.011113782,-5.682190000000122e-05,5,31-75
74,99,67.0,0.011228812,2.555139999999942e-05,5,31-75
74,100,66.0,0.011183878,0.00011417119999999865,5,31-75
74,101,65.0,0.011145551,6.325979999999988e-05,5,31-75
74,102,64.0,0.011214654,1.1848300000000408e-05,5,31-75
74,103,63.0,0.011080801,-2.6524600000000064e-05,5,31-75
74,104,62.0,0.010861926,-7.086539999999959e-05,5,31-75
74,105,61.0,0.010820463,-0.00010029040000000144,5,31-75
74,106,60.0,0.0106049655,-0.000147971499999999,5,31-75
74,107,59.0,0.010588482,-0.00012415985000000039,5,31-75
74,108,58.0,0.010512035,-9.317629999999962e-05,5,31-75
74,109,57.0,0.010448905,-8.360464999999837e-05,5,31-75
74,110,56.0,0.010472961,-4.0358600000000796e-05,5,31-75
74,111,55.0,0.010926761,6.374839999999852e-05,5,31-75
74,112,54.0,0.010698841,8.514679999999827e-05,5,31-75
74,113,53.0,0.01065252,6.331100000000018e-05,5,31-75
74,114,52.0,0.010405038,-4.100869999999766e-05,5,31-75
74,115,51.0,0.010388701,-0.00013699229999999957,5,31-75
74,116,50.0,0.01026512,-0.0001131261000000003,5,31-75
74,117,49.0,0.01047265,-4.9965800000000896e-05,5,31-75
74,118,48.0,0.010417968,1.0980900000000801e-05,5,31-75
74,119,47.0,0.010397355,1.701559999999969e-05,5,31-75
74,120,46.0,0.010318167,3.07989999999949e-06,5,31-75
74,121,45.0,0.0102141425,-6.168159999999913e-05,5,31-75
74,122,44.0,0.010078133,-8.628824999999905e-05,5,31-75
74,123,43.0,0.010031316,-9.721119999999838e-05,5,31-75
74,124,42.0,0.010124281,-5.705984999999985e-05,5,31-75
74,125,41.0,0.0101727,-3.6736999999998938e-06,5,31-75
74,126,40.0,0.010091752,1.686220000000053e-05,5,31-75
74,127,39.0,0.009974039,-1.4708299999999362e-05,5,31-75
74,128,38.0,0.0105670085,6.867939999999921e-05,5,31-75
74,129,37.0,0.010484121,0.00010980984999999959,5,31-75
74,130,36.0,0.010862687,0.00020519520000000075,5,31-75
74,131,35.0,0.011120823,0.0002589246499999994,5,31-75
74,132,34.0,0.011652411,0.00028075070000000004,5,31-75
74,133,33.0,0.011709406,0.00032402940000000337,5,31-75
74,134,32.0,0.012195383,0.0003253975000000013,5,31-75
74,135,31.0,0.0120097,0.00023207260000000058,5,31-75
74,136,30.0,0.011727323,4.5011800000000476e-05,5,0-30
74,137,29.0,0.011856188,-1.7449599999999478e-05,5,0-30
74,138,28.0,0.011733534,-0.00010772099999999964,5,0-30
74,139,27.0,0.011773568,-4.6605299999998874e-05,5,0-30
74,140,26.0,0.012056972,5.766779999999846e-05,5,0-30
74,141,25.0,0.013047251,0.00027055639999999876,5,0-30
74,142,24.0,0.013011835,0.00038302849999999886,5,0-30
74,143,23.0,0.01358876,0.0004585247000000077,5,0-30
74,144,22.0,0.0134759,0.00033793649999999925,5,0-30
74,145,21.0,0.01338442,0.00011384030000000212,5,0-30
74,146,20.0,0.013874088,0.0001520165999999986,5,0-30
74,147,19.0,0.01382183,8.643279999999708e-05,5,0-30
74,148,18.0,0.013915823,0.00013172559999999952,5,0-30
74,149,17.0,0.014340827,0.00019545490000000203,5,0-30
74,150,16.0,0.015366426,0.00035036730000000517,5,0-30
74,151,15.0,0.015441437,0.00046898170000000744,5,0-30
74,152,14.0,0.015351792,0.0003972547999999988,5,0-30
74,153,13.0,0.015905794,0.00031152999999999953,5,0-30
74,154,12.0,0.015510704,7.529129999999907e-05,5,0-30
74,155,11.0,0.015636971,5.4997999999999584e-05,5,0-30
74,156,10.0,0.016258992,0.00015455769999999863,5,0-30
74,157,9.0,0.016560353,0.0002057405999999973,5,0-30
74,158,8.0,0.01694972,0.000380141399999995,5,0-30
74,159,7.0,0.017328212,0.000407320999999994,5,0-30
74,160,6.0,0.017501323,0.00032525210000000176,5,0-30
74,161,5.0,0.017977634,0.0003386165000000001,5,0-30
74,162,4.0,0.018388886,0.0003527754000000032,5,0-30
74,163,3.0,0.019548975,0.0005329088999999894,5,0-30
74,164,2.0,0.02068087,0.0007930434999999881,5,0-30
74,165,1.0,0.021443184,0.0009223083999999953,5,0-30
74,166,0.0,0.022772653,0.0010661742999999884,5,0-30
77,34,120.0,0.009826202,-1.4482700000000831e-05,5,76-125
77,35,119.0,0.010590974,0.00016265329999999914,5,76-125
77,36,118.0,0.010602288,0.00026904580000000047,5,76-125
77,37,117.0,0.010055172,0.00012797140000000003,5,76-125
77,38,116.0,0.010298327,4.0844800000000893e-05,5,76-125
77,39,115.0,0.010332966,-8.199770000000042e-05,5,76-125
77,40,114.0,0.010233184,-4.604140000000091e-05,5,76-125
77,41,113.0,0.009877931,-4.1962500000000275e-05,5,76-125
77,42,112.0,0.009712613,-0.00016264629999999882,5,76-125
77,43,111.0,0.009652392,-0.0001881719000000023,5,76-125
77,44,110.0,0.009516459,-0.00016589890000000065,5,76-125
77,45,109.0,0.009528859,-8.942979999999918e-05,5,76-125
77,46,108.0,0.0091630425,-0.0001222673999999981,5,76-125
77,47,107.0,0.009082832,-0.00014925365000000018,5,76-125
77,48,106.0,0.009163851,-0.00011512429999999988,5,76-125
77,49,105.0,0.009275502,-5.0590549999999654e-05,5,76-125
77,50,104.0,0.00956451,9.956049999999894e-05,5,76-125
77,51,103.0,0.009638954,0.00015129029999999907,5,76-125
77,52,102.0,0.009689573,0.0001414896000000002,5,76-125
77,53,101.0,0.009662594,8.99247000000005e-05,5,76-125
77,54,100.0,0.009889137,6.728939999999873e-05,5,76-125
77,55,99.0,0.010150443,0.0001222541999999996,5,76-125
77,56,98.0,0.009957999,0.00010247010000000054,5,76-125
77,57,97.0,0.010013683,7.7104e-05,5,76-125
77,58,96.0,0.01028972,6.644059999999997e-05,5,76-125
77,59,95.0,0.010426894,8.846229999999892e-05,5,76-125
77,60,94.0,0.010686601,0.00018704150000000105,5,76-125
77,61,93.0,0.011148301,0.0002666117000000004,5,76-125
77,62,92.0,0.011364185,0.0002870337000000005,5,76-125
77,63,91.0,0.011012548,0.00018488920000000078,5,76-125
77,64,90.0,0.011016948,5.249410000000121e-05,5,76-125
77,65,89.0,0.0101874275,-0.0002268984000000018,5,76-125
77,66,88.0,0.010208965,-0.00031355604999999947,5,76-125
77,67,87.0,0.010443014,-0.00019470509999999801,5,76-125
77,68,86.0,0.010461217,-8.558755000000061e-05,5,76-125
77,69,85.0,0.010604232,0.00010858610000000042,5,76-125
77,70,84.0,0.010604953,9.531939999999938e-05,5,76-125
77,71,83.0,0.010731231,7.201699999999967e-05,5,76-125
77,72,82.0,0.010981678,0.00011679209999999944,5,76-125
77,73,81.0,0.011172503,0.00015132670000000067,5,76-125
77,74,80.0,0.011367133,0.0001965632000000012,5,76-125
77,75,79.0,0.0114078475,0.00017386879999999985,5,76-125
77,76,78.0,0.011428334,0.00011286565000000033,5,76-125
77,77,77.0,0.0114557,6.275949999999945e-05,5,76-125
77,78,76.0,0.011422505,1.5859650000000654e-05,5,76-125
77,79,75.0,0.011216297,-3.8892999999999636e-05,5,31-75
77,80,74.0,0.011467468,-1.6113499999999838e-05,5,31-75
77,81,73.0,0.011257898,-3.506409999999921e-05,5,31-75
77,82,72.0,0.011260157,-2.830950000000037e-05,5,31-75
77,83,71.0,0.011387385,1.3486500000000595e-05,5,31-75
77,84,70.0,0.011117831,-5.697869999999969e-05,5,31-75
77,85,69.0,0.010934197,-7.897279999999815e-05,5,31-75
77,86,68.0,0.011103108,-7.67285999999991e-05,5,31-75
77,87,67.0,0.010916867,-9.557589999999969e-05,5,31-75
77,88,66.0,0.01081605,-6.208920000000035e-05,5,31-75
77,89,65.0,0.010913542,-3.2836799999999075e-05,5,31-75
77,90,64.0,0.010983707,-2.4212700000001365e-05,5,31-75
77,91,63.0,0.010553355,-5.5936699999999034e-05,5,31-75
77,92,62.0,0.010452737,-0.0001086813000000005,5,31-75
77,93,61.0,0.010573367,-0.00012113200000000074,5,31-75
77,94,60.0,0.010814734,-3.1793400000001036e-05,5,31-75
77,95,59.0,0.011297463,0.00018502130000000084,5,31-75
77,96,58.0,0.011456602,0.00027318260000000017,5,31-75
77,97,57.0,0.011409747,0.0002314627999999986,5,31-75
77,98,56.0,0.011548094,0.0001579004000000009,5,31-75
77,99,55.0,0.012044886,0.0001586337999999992,5,31-75
77,100,54.0,0.012299601,0.00023211369999999828,5,31-75
77,101,53.0,0.012060647,0.00020533070000000128,5,31-75
77,102,52.0,0.011805886,5.3134500000001244e-05,5,31-75
77,103,51.0,0.011503545,-0.00015763970000000016,5,31-75
77,104,50.0,0.011486546,-0.00021832119999999847,5,31-75
77,105,49.0,0.011889764,-6.611059999999991e-05,5,31-75
77,106,48.0,0.011738576,2.515990000000011e-05,5,31-75
77,107,47.0,0.011820482,8.859039999999992e-05,5,31-75
77,108,46.0,0.011683802,3.2523000000001206e-05,5,31-75
77,109,45.0,0.011881179,-7.194399999999761e-06,5,31-75
77,110,44.0,0.011246745,-9.229650000000102e-05,5,31-75
77,111,43.0,0.011181271,-0.00017154789999999738,5,31-75
77,112,42.0,0.010904106,-0.0002259299999999958,5,31-75
77,113,41.0,0.011004007,-0.00020969829999999636,5,31-75
77,114,40.0,0.011155315,-3.601239999999828e-05,5,31-75
77,115,39.0,0.011204536,2.9773899999999895e-05,5,31-75
77,116,38.0,0.01086671,1.2573699999999285e-05,5,31-75
77,117,37.0,0.011202756,1.0889300000000006e-05,5,31-75
77,118,36.0,0.011306579,3.0074800000000873e-05,5,31-75
77,119,35.0,0.011020766,7.2328999999998965e-06,5,31-75
77,120,34.0,0.01084864,-2.1813000000000613e-05,5,31-75
77,121,33.0,0.010864698,-0.00011340549999999796,5,31-75
77,122,32.0,0.010798005,-0.00011732159999999925,5,31-75
77,123,31.0,0.010857632,-3.7690299999999465e-05,5,31-75
77,124,30.0,0.010838186,-2.797399999999984e-06,5,0-30
77,125,29.0,0.01091417,1.391249999999955e-05,5,0-30
77,126,28.0,0.010681418,-1.7663599999999646e-05,5,0-30
77,127,27.0,0.0110984845,3.2493700000001433e-05,5,0-30
77,128,26.0,0.011291981,0.00010919044999999934,5,0-30
77,129,25.0,0.011508817,0.00017998569999999755,5,0-30
77,130,24.0,0.011470493,0.00019884824999999995,5,0-30
77,131,23.0,0.011472361,9.26265000000008e-05,5,0-30
77,132,22.0,0.011924543,0.00012286680000000118,5,0-30
77,133,21.0,0.011979161,0.00013947380000000264,5,0-30
77,134,20.0,0.011688378,9.425699999999934e-05,5,0-30
77,135,19.0,0.011766391,3.518950000000084e-05,5,0-30
77,136,18.0,0.012401833,7.41809999999971e-05,5,0-30
77,137,17.0,0.012445476,0.00016460849999999646,5,0-30
77,138,16.0,0.0127162365,0.00027348019999999654,5,0-30
77,139,15.0,0.012703827,0.00021892754999999994,5,0-30
77,140,14.0,0.013157423,0.00017695309999999457,5,0-30
77,141,13.0,0.013406024,0.00023622824999999914,5,0-30
77,142,12.0,0.013732474,0.0002734671999999992,5,0-30
77,143,11.0,0.013597432,0.00023622610000000141,5,0-30
77,144,10.0,0.014143469,0.00021634999999999724,5,0-30
77,145,9.0,0.014591988,0.00027829230000000343,5,0-30
77,146,8.0,0.015326722,0.00041830519999999904,5,0-30
77,147,7.0,0.016027503,0.0006043394999999824,5,0-30
77,148,6.0,0.016884483,0.0006917542999999897,5,0-30
77,149,5.0,0.018212661,0.0008799107000000182,5,0-30
77,150,4.0,0.019645356,0.0010822426000000117,5,0-30
77,151,3.0,0.020278482,0.0011262831000000179,5,0-30
77,152,2.0,0.021197503,0.0010691861000000035,5,0-30
77,153,1.0,0.022885278,0.0010897381000000074,5,0-30
77,154,0.0,0.025193874,0.0013703832000000091,5,0-30
78,34,197.0,0.00953481,-2.16442000000011e-05,5,RUL > 125
78,35,196.0,0.009342421,-9.60219000000006e-05,5,RUL > 125
78,36,195.0,0.009382773,-0.000154428,5,RUL > 125
78,37,194.0,0.009800114,-1.906829999999898e-05,5,RUL > 125
78,38,193.0,0.010106617,0.00016013069999999956,5,RUL > 125
78,39,192.0,0.0098510785,0.00017411589999999984,5,RUL > 125
78,40,191.0,0.010083835,0.0001453088499999992,5,RUL > 125
78,41,190.0,0.0099992445,3.754789999999965e-05,5,RUL > 125
78,42,189.0,0.009954089,-1.568900000000095e-05,5,RUL > 125
78,43,188.0,0.010163879,4.9585499999999954e-05,5,RUL > 125
78,44,187.0,0.010177768,3.525005000000023e-05,5,RUL > 125
78,45,186.0,0.010668732,0.00015626539999999992,5,RUL > 125
78,46,185.0,0.01075189,0.00021004549999999918,5,RUL > 125
78,47,184.0,0.010728115,0.00017025939999999992,5,RUL > 125
78,48,183.0,0.0105810445,8.65936000000005e-05,5,RUL > 125
78,49,182.0,0.0106647955,-1.7871850000000228e-05,5,RUL > 125
78,50,181.0,0.010435733,-6.956334999999872e-05,5,RUL > 125
78,51,180.0,0.010692517,-2.165074999999883e-05,5,RUL > 125
78,52,179.0,0.010956843,7.79318500000014e-05,5,RUL > 125
78,53,178.0,0.010895189,9.818970000000053e-05,5,RUL > 125
78,54,177.0,0.010807617,9.464399999999894e-05,5,RUL > 125
78,55,176.0,0.011045465,5.566699999999883e-05,5,RUL > 125
78,56,175.0,0.011047763,3.321160000000037e-05,5,RUL > 125
78,57,174.0,0.011201259,8.522859999999937e-05,5,RUL > 125
78,58,173.0,0.011815993,0.00021725459999999728,5,RUL > 125
78,59,172.0,0.011726196,0.00021296919999999923,5,RUL > 125
78,60,171.0,0.011495386,0.0001420182999999993,5,RUL > 125
78,61,170.0,0.011397068,7.101099999999821e-06,5,RUL > 125
78,62,169.0,0.011294842,-0.0001371430000000001,5,RUL > 125
78,63,168.0,0.011322241,-0.00010084539999999892,5,RUL > 125
78,64,167.0,0.011353606,-3.58386999999999e-05,5,RUL > 125
78,65,166.0,0.011343296,-4.878000000000531e-06,5,RUL > 125
78,66,165.0,0.011231437,-1.0575499999999674e-05,5,RUL > 125
78,67,164.0,0.010676125,-0.0001414400999999994,5,RUL > 125
78,68,163.0,0.010385511,-0.0002603360999999976,5,RUL > 125
78,69,162.0,0.010527039,-0.0002478439999999994,5,RUL > 125
78,70,161.0,0.010529586,-0.00015527880000000012,5,RUL > 125
78,71,160.0,0.010336783,-5.346089999999947e-05,5,RUL > 125
78,72,159.0,0.010418477,-1.2432400000001458e-05,5,RUL > 125
78,73,158.0,0.010420632,-3.239230000000044e-05,5,RUL > 125
78,74,157.0,0.01046071,-5.390299999999408e-06,5,RUL > 125
78,75,156.0,0.009984316,-6.627010000000185e-05,5,RUL > 125
78,76,155.0,0.009909151,-0.00014549679999999868,5,RUL > 125
78,77,154.0,0.010039953,-0.0001312917000000005,5,RUL > 125
78,78,153.0,0.0099238055,-0.00010181719999999945,5,RUL > 125
78,79,152.0,0.010069566,1.851545000000043e-05,5,RUL > 125
78,80,151.0,0.010460005,0.00011313210000000005,5,RUL > 125
78,81,150.0,0.010610571,0.00016774354999999833,5,RUL > 125
78,82,149.0,0.010621527,0.00019364480000000044,5,RUL > 125
78,83,148.0,0.010513602,0.00010495939999999948,5,RUL > 125
78,84,147.0,0.010545574,7.416900000000579e-06,5,RUL > 125
78,85,146.0,0.010325485,-6.461249999999815e-05,5,RUL > 125
78,86,145.0,0.010491632,-4.479070000000076e-05,5,RUL > 125
78,87,144.0,0.01024868,-5.837860000000073e-05,5,RUL > 125
78,88,143.0,0.009885457,-0.0001397039000000011,5,RUL > 125
78,89,142.0,0.009890095,-0.0001476954999999981,5,RUL > 125
78,90,141.0,0.010337595,-6.666590000000177e-05,5,RUL > 125
78,91,140.0,0.010857459,0.0001669696000000003,5,RUL > 125
78,92,139.0,0.010598338,0.0002393125999999998,5,RUL > 125
78,93,138.0,0.0108118765,0.00021043060000000037,5,RUL > 125
78,94,137.0,0.011131908,0.0001543043500000003,5,RUL > 125
78,95,136.0,0.0110393455,8.973429999999974e-05,5,RUL > 125
78,96,135.0,0.011318758,0.0001668309000000002,5,RUL > 125
78,97,134.0,0.0111851655,9.33427999999996e-05,5,RUL > 125
78,98,133.0,0.011246168,3.743399999999991e-05,5,RUL > 125
78,99,132.0,0.011172726,1.9417099999999994e-05,5,RUL > 125
78,100,131.0,0.011142284,-3.653875000000088e-05,5,RUL > 125
78,101,130.0,0.01118741,-9.939500000001528e-06,5,RUL > 125
78,102,129.0,0.01097419,-5.292719999999932e-05,5,RUL > 125
78,103,128.0,0.010819594,-8.74358000000001e-05,5,RUL > 125
78,104,127.0,0.010860677,-9.31029999999996e-05,5,RUL > 125
78,105,126.0,0.010834042,-8.202489999999989e-05,5,RUL > 125
78,106,125.0,0.010669777,-5.9437799999999e-05,5,76-125
78,107,124.0,0.010654056,-5.219760000000101e-05,5,76-125
78,108,123.0,0.010679558,-5.422240000000022e-05,5,76-125
78,109,122.0,0.010371991,-9.143209999999783e-05,5,76-125
78,110,121.0,0.009881083,-0.0001859453000000021,5,76-125
78,111,120.0,0.009696283,-0.0002714020999999965,5,76-125
78,112,119.0,0.009704678,-0.00026254679999999827,5,76-125
78,113,118.0,0.009931033,-0.00010583209999999972,5,76-125
78,114,117.0,0.010236041,9.446659999999931e-05,5,76-125
78,115,116.0,0.010401726,0.00019422490000000007,5,76-125
78,116,115.0,0.010179801,0.00014209390000000156,5,76-125
78,117,114.0,0.010747937,0.00015775679999999916,5,76-125
78,118,113.0,0.010963715,0.00018015590000000062,5,76-125
78,119,112.0,0.0109199695,0.00018204009999999753,5,76-125
78,120,111.0,0.010694804,0.00012020384999999949,5,76-125
78,121,110.0,0.010409556,-9.456729999999932e-05,5,76-125
78,122,109.0,0.010597473,-0.00012428974999999896,5,76-125
78,123,108.0,0.010498333,-9.406039999999893e-05,5,76-125
78,124,107.0,0.010015928,-0.00012689750000000042,5,76-125
78,125,106.0,0.01016837,-0.00010639170000000247,5,76-125
78,126,105.0,0.01028847,-9.479689999999986e-05,5,76-125
78,127,104.0,0.010502447,2.8076999999999803e-05,5,76-125
78,128,103.0,0.01044194,0.00011861009999999843,5,76-125
78,129,102.0,0.010398002,6.127339999999918e-05,5,76-125
78,130,101.0,0.010137038,-4.0730900000000495e-05,5,76-125
78,131,100.0,0.010298897,-7.120019999999996e-05,5,76-125
78,132,99.0,0.010353538,-2.7590899999998876e-05,5,76-125
78,133,98.0,0.010362216,1.449280000000051e-05,5,76-125
78,134,97.0,0.0107130455,0.0001215334000000005,5,76-125
78,135,96.0,0.01059219,9.460934999999955e-05,5,76-125
78,136,95.0,0.010676326,8.755499999999778e-05,5,76-125
78,137,94.0,0.010850186,9.392204999999907e-05,5,76-125
78,138,93.0,0.010607901,4.770700000000051e-06,5,76-125
78,139,92.0,0.010434432,-3.839409999999892e-05,5,76-125
78,140,91.0,0.010922783,7.715999999999751e-06,5,76-125
78,141,90.0,0.010836953,2.884159999999971e-05,5,76-125
78,142,89.0,0.010619724,4.261669999999948e-05,5,76-125
78,143,88.0,0.010241567,-6.887890000000464e-05,5,76-125
78,144,87.0,0.010110735,-0.00022194819999999597,5,76-125
78,145,86.0,0.010118721,-0.00019454530000000172,5,76-125
78,146,85.0,0.00998712,-0.00013880540000000115,5,76-125
78,147,84.0,0.009409078,-0.00017885929999999267,5,76-125
78,148,83.0,0.009112748,-0.00027056169999999373,5,76-125
78,149,82.0,0.009050735,-0.00030103440000000577,5,76-125
78,150,81.0,0.009141245,-0.00020500930000000127,5,76-125
78,151,80.0,0.009191807,-4.0604500000000184e-05,5,76-125
78,152,79.0,0.009210262,3.3610000000000825e-05,5,76-125
78,153,78.0,0.009279255,5.2605700000000884e-05,5,76-125
78,154,77.0,0.0092573315,3.19620999999996e-05,5,76-125
78,155,76.0,0.009605419,8.742935000000197e-05,5,76-125
78,156,75.0,0.009414863,7.353659999999921e-05,5,31-75
78,157,74.0,0.009172289,-5.640049999997934e-06,5,31-75
78,158,73.0,0.009161063,-6.256669999999793e-05,5,31-75
78,159,72.0,0.009281102,-9.024339999999909e-05,5,31-75
78,160,71.0,0.009708434,6.959550000000104e-05,5,31-75
78,161,70.0,0.009317892,8.385770000000033e-05,5,31-75
78,162,69.0,0.009400639,5.159419999999985e-05,5,31-75
78,163,68.0,0.009506077,1.4215500000001602e-05,5,31-75
78,164,67.0,0.009072728,-0.00010832269999999861,5,31-75
78,165,66.0,0.0089407,-0.00010822949999999923,5,31-75
78,166,65.0,0.009146399,-0.00010738569999999874,5,31-75
78,167,64.0,0.009229451,-4.795809999999839e-05,5,31-75
78,168,63.0,0.0094893165,0.00011219280000000252,5,31-75
78,169,62.0,0.009687284,0.00018360855000000082,5,31-75
78,170,61.0,0.009899462,0.0001963958999999976,5,31-75
78,171,60.0,0.009784233,0.0001519709499999995,5,31-75
78,172,59.0,0.010039737,0.00011977899999999982,5,31-75
78,173,58.0,0.0104449475,0.00016556020000000357,5,31-75
78,174,57.0,0.0104913935,0.00018445775000000127,5,31-75
78,175,56.0,0.010748967,0.00023811245000000263,5,31-75
78,176,55.0,0.010810365,0.000184527549999998,5,31-75
78,177,54.0,0.010743975,9.170265000000058e-05,5,31-75
78,178,53.0,0.01056479,1.418009999999899e-05,5,31-75
78,179,52.0,0.010765245,-2.130190000000068e-05,5,31-75
78,180,51.0,0.011191945,7.844299999999647e-05,5,31-75
78,181,50.0,0.011407344,0.00019538929999999777,5,31-75
78,182,49.0,0.011267994,0.00020485070000000075,5,31-75
78,183,48.0,0.011520202,0.00015859630000000197,5,31-75
78,184,47.0,0.0115365395,8.02046999999977e-05,5,31-75
78,185,46.0,0.011475972,4.058014999999903e-05,5,31-75
78,186,45.0,0.01140203,2.2384200000001855e-05,5,31-75
78,187,44.0,0.011732092,2.8927050000000416e-05,5,31-75
78,188,43.0,0.011858863,9.007669999999598e-05,5,31-75
78,189,42.0,0.011779323,0.00010635350000000002,5,31-75
78,190,41.0,0.011859485,9.62140999999986e-05,5,31-75
78,191,40.0,0.012066141,6.687199999999823e-05,5,31-75
78,192,39.0,0.0116090495,-2.128089999999924e-05,5,31-75
78,193,38.0,0.011745109,-3.188635000000431e-05,5,31-75
78,194,37.0,0.011629945,-7.801120000000136e-05,5,31-75
78,195,36.0,0.0116498405,-8.117054999999943e-05,5,31-75
78,196,35.0,0.011445486,-4.223954999999877e-05,5,31-75
78,197,34.0,0.01133927,-9.961370000000029e-05,5,31-75
78,198,33.0,0.011520183,-5.300944999999927e-05,5,31-75
78,199,32.0,0.011675939,1.2689399999999355e-05,5,31-75
78,200,31.0,0.011855176,0.00011560489999999939,5,31-75
78,201,30.0,0.011939403,0.0001535259000000022,5,0-30
78,202,29.0,0.011736822,6.967419999999963e-05,5,0-30
78,203,28.0,0.011813043,1.5585400000001482e-05,5,0-30
78,204,27.0,0.01191773,-1.252000000004174e-07,5,0-30
78,205,26.0,0.012502175,0.00013064519999999514,5,0-30
78,206,25.0,0.012159536,0.00015345600000000095,5,0-30
78,207,24.0,0.012419224,0.0001454168000000001,5,0-30
78,208,23.0,0.012410521,9.026310000000217e-05,5,0-30
78,209,22.0,0.012848568,9.437710000000153e-05,5,0-30
78,210,21.0,0.013638896,0.00033880639999999687,5,0-30
78,211,20.0,0.014264652,0.0004919230999999896,5,0-30
78,212,19.0,0.014873915,0.0006342872000000107,5,0-30
78,213,18.0,0.015455724,0.0006449331000000125,5,0-30
78,214,17.0,0.015818123,0.0005549526000000006,5,0-30
78,215,16.0,0.016295211,0.0005005325999999973,5,0-30
78,216,15.0,0.017208714,0.0005509084999999888,5,0-30
78,217,14.0,0.017991131,0.0006461404999999743,5,0-30
78,218,13.0,0.019080235,0.0008220143999999932,5,0-30
78,219,12.0,0.020283418,0.0009847935000000254,5,0-30
78,220,11.0,0.020509806,0.0008894471000000113,5,0-30
78,221,10.0,0.021090085,0.0007627478999999921,5,0-30
78,222,9.0,0.022219807,0.0007085810999999929,5,0-30
78,223,8.0,0.024171986,0.0009487136999999859,5,0-30
78,224,7.0,0.02549991,0.001306210900000048,5,0-30
78,225,6.0,0.027360614,0.0015821161000000238,5,0-30
78,226,5.0,0.029090496,0.0016930006000000035,5,0-30
78,227,4.0,0.031196522,0.0017639657999999735,5,0-30
78,228,3.0,0.032588612,0.0018013311999999792,5,0-30
78,229,2.0,0.034193326,0.001716353999999971,5,0-30
78,230,1.0,0.036313675,0.0017443162000000132,5,0-30
78,231,0.0,0.03842565,0.0018183319000000242,5,0-30
81,34,206.0,0.010650297,-4.6540000000001204e-05,5,RUL > 125
81,35,205.0,0.010445835,-8.771380000000047e-05,5,RUL > 125
81,36,204.0,0.010228141,-0.00013030200000000046,5,RUL > 125
81,37,203.0,0.009890317,-0.00018870639999999945,5,RUL > 125
81,38,202.0,0.009927416,-0.00020012799999999864,5,RUL > 125
81,39,201.0,0.009686536,-0.00018193230000000093,5,RUL > 125
81,40,200.0,0.009445892,-0.0001768279000000014,5,RUL > 125
81,41,199.0,0.009722892,-8.163739999999938e-05,5,RUL > 125
81,42,198.0,0.00979924,-2.1999599999999582e-05,5,RUL > 125
81,43,197.0,0.009898803,7.778820000000138e-05,5,RUL > 125
81,44,196.0,0.009799594,8.83315000000004e-05,5,RUL > 125
81,45,195.0,0.009862661,2.7989200000000772e-05,5,RUL > 125
81,46,194.0,0.009933685,2.3274800000001016e-05,5,RUL > 125
81,47,193.0,0.00986688,7.024500000000049e-06,5,RUL > 125
81,48,192.0,0.009821027,4.708500000001361e-06,5,RUL > 125
81,49,191.0,0.0099679865,9.799300000000145e-06,5,RUL > 125
81,50,190.0,0.010325468,8.846724999999907e-05,5,RUL > 125
81,51,189.0,0.010470886,0.00017124529999999998,5,RUL > 125
81,52,188.0,0.0105708325,0.0002002510500000006,5,RUL > 125
81,53,187.0,0.0104269665,0.00011633245000000033,5,RUL > 125
81,54,186.0,0.010656593,6.183305000000024e-05,5,RUL > 125
81,55,185.0,0.010646139,4.362664999999938e-05,5,RUL > 125
81,56,184.0,0.010903835,8.851775000000154e-05,5,RUL > 125
81,57,183.0,0.010885177,0.00011636629999999935,5,RUL > 125
81,58,182.0,0.010930617,7.870859999999917e-05,5,RUL > 125
81,59,181.0,0.01084674,4.279839999999803e-05,5,RUL > 125
81,60,180.0,0.010603235,-6.396370000000025e-05,5,RUL > 125
81,61,179.0,0.010736927,-6.23881999999988e-05,5,RUL > 125
81,62,178.0,0.010925241,-1.2056499999999458e-05,5,RUL > 125
81,63,177.0,0.010914679,4.5788400000000695e-05,5,RUL > 125
81,64,176.0,0.010741628,4.5453800000001106e-05,5,RUL > 125
81,65,175.0,0.010429745,-7.979770000000084e-05,5,RUL > 125
81,66,174.0,0.010588262,-0.00011588919999999932,5,RUL > 125
81,67,173.0,0.0105692595,-8.442049999999901e-05,5,RUL > 125
81,68,172.0,0.010438047,-4.676474999999992e-05,5,RUL > 125
81,69,171.0,0.010299512,-4.106809999999899e-05,5,RUL > 125
81,70,170.0,0.010358517,-7.292375000000079e-05,5,RUL > 125
81,71,169.0,0.009965867,-0.00012863149999999994,5,RUL > 125
81,72,168.0,0.010068123,-0.00010734930000000085,5,RUL > 125
81,73,167.0,0.009974498,-9.404219999999972e-05,5,RUL > 125
81,74,166.0,0.009849661,-0.00010090810000000009,5,RUL > 125
81,75,165.0,0.009734703,-6.807900000000127e-05,5,RUL > 125
81,76,164.0,0.0099240905,-5.2785999999999965e-05,5,RUL > 125
81,77,163.0,0.009765617,-3.433324999999952e-05,5,RUL > 125
81,78,162.0,0.010185511,7.026140000000081e-05,5,RUL > 125
81,79,161.0,0.010229802,0.00012516184999999982,5,RUL > 125
81,80,160.0,0.01008629,7.885840000000035e-05,5,RUL > 125
81,81,159.0,0.0099969655,3.634760000000098e-05,5,RUL > 125
81,82,158.0,0.009785583,-0.00010326925000000119,5,RUL > 125
81,83,157.0,0.010267546,-2.25218999999994e-05,5,RUL > 125
81,84,156.0,0.010021868,1.4173650000000711e-05,5,RUL > 125
81,85,155.0,0.010141586,5.2552599999998566e-05,5,RUL > 125
81,86,154.0,0.009950906,2.0468599999999488e-05,5,RUL > 125
81,87,153.0,0.009954246,-6.975619999999961e-05,5,RUL > 125
81,88,152.0,0.009969507,-2.920619999999955e-05,5,RUL > 125
81,89,151.0,0.010118905,-2.676100000000195e-06,5,RUL > 125
81,90,150.0,0.010206087,6.750209999999909e-05,5,RUL > 125
81,91,149.0,0.01017425,6.765879999999993e-05,5,RUL > 125
81,92,148.0,0.010003671,1.236729999999926e-05,5,RUL > 125
81,93,147.0,0.010011837,-4.165519999999929e-05,5,RUL > 125
81,94,146.0,0.010361059,1.4753100000000623e-05,5,RUL > 125
81,95,145.0,0.010442794,8.944760000000027e-05,5,RUL > 125
81,96,144.0,0.010477543,0.0001378700999999992,5,RUL > 125
81,97,143.0,0.010605712,0.00013042339999999944,5,RUL > 125
81,98,142.0,0.010746465,9.33730000000008e-05,5,RUL > 125
81,99,141.0,0.0108537655,0.0001090864999999991,5,RUL > 125
81,100,140.0,0.010730173,7.533134999999977e-05,5,RUL > 125
81,101,139.0,0.010517218,-1.9328000000001605e-05,5,RUL > 125
81,102,138.0,0.010584258,-6.609614999999907e-05,5,RUL > 125
81,103,137.0,0.010796111,-2.612239999999987e-05,5,RUL > 125
81,104,136.0,0.011080535,9.796170000000037e-05,5,RUL > 125
81,105,135.0,0.011041712,0.0001545265000000022,5,RUL > 125
81,106,134.0,0.011142834,0.00013627529999999982,5,RUL > 125
81,107,133.0,0.01142,0.00013100770000000074,5,RUL > 125
81,108,132.0,0.011164037,5.45291999999991e-05,5,RUL > 125
81,109,131.0,0.011440768,8.193149999999987e-05,5,RUL > 125
81,110,130.0,0.011211311,1.5772199999999798e-05,5,RUL > 125
81,111,129.0,0.011276689,-2.393479999999996e-05,5,RUL > 125
81,112,128.0,0.011512543,5.329329999999907e-05,5,RUL > 125
81,113,127.0,0.010971665,-6.369739999999805e-05,5,RUL > 125
81,114,126.0,0.011079021,-5.6960399999999035e-05,5,RUL > 125
81,115,125.0,0.0111360615,-7.147770000000061e-05,5,76-125
81,116,124.0,0.011104254,-6.521814999999917e-05,5,76-125
81,117,123.0,0.011064689,2.112809999999971e-05,5,76-125
81,118,122.0,0.011219791,2.101675000000073e-05,5,76-125
81,119,121.0,0.011228,2.9941399999998954e-05,5,76-125
81,120,120.0,0.011580886,0.00011165750000000042,5,76-125
81,121,119.0,0.011720817,0.0001673350999999989,5,76-125
81,122,118.0,0.012042402,0.00021380389999999972,5,76-125
81,123,117.0,0.012000224,0.0002005963999999984,5,76-125
81,124,116.0,0.0118207885,7.592120000000055e-05,5,76-125
81,125,115.0,0.011795665,-7.191750000001554e-06,5,76-125
81,126,114.0,0.011613208,-0.00010629470000000057,5,76-125
81,127,113.0,0.011444253,-0.0001319522500000001,5,76-125
81,128,112.0,0.0113332905,-0.00013264079999999957,5,76-125
81,129,111.0,0.01138221,-0.00011068274999999956,5,76-125
81,130,110.0,0.011519327,-2.4980499999999277e-05,5,76-125
81,131,109.0,0.011636008,5.6954649999999446e-05,5,76-125
81,132,108.0,0.011367057,3.2133100000000683e-05,5,76-125
81,133,107.0,0.011199489,-5.1771200000002666e-05,5,76-125
81,134,106.0,0.011291243,-8.926869999999978e-05,5,76-125
81,135,105.0,0.01124881,-8.502100000000017e-05,5,76-125
81,136,104.0,0.011116106,-4.52580999999995e-05,5,76-125
81,137,103.0,0.011543302,5.12488999999995e-05,5,76-125
81,138,102.0,0.011684191,0.00010803879999999825,5,76-125
81,139,101.0,0.011407527,8.855190000000047e-05,5,76-125
81,140,100.0,0.011470883,5.737790000000048e-05,5,76-125
81,141,99.0,0.011409587,-4.807380000000071e-05,5,76-125
81,142,98.0,0.011361883,-6.425560000000075e-05,5,76-125
81,143,97.0,0.0116261225,3.2819100000000236e-05,5,76-125
81,144,96.0,0.011920056,0.00011148814999999825,5,76-125
81,145,95.0,0.011884097,0.00015071930000000206,5,76-125
81,146,94.0,0.011651843,8.378944999999871e-05,5,76-125
81,147,93.0,0.0117064705,-1.0751699999996999e-05,5,76-125
81,148,92.0,0.011518438,-9.808624999999766e-05,5,76-125
81,149,91.0,0.01163534,-6.309190000000125e-05,5,76-125
81,150,90.0,0.0113509325,-6.729515000000136e-05,5,76-125
81,151,89.0,0.011000586,-0.00015792745000000404,5,76-125
81,152,88.0,0.010972356,-0.000172691800000001,5,76-125
81,153,87.0,0.010963195,-0.0001722866500000003,5,76-125
81,154,86.0,0.010922878,-8.935000000000116e-05,5,76-125
81,155,85.0,0.011088439,1.2622799999999962e-05,5,76-125
81,156,84.0,0.011186489,5.53509999999986e-05,5,76-125
81,157,83.0,0.011657229,0.00016516789999999838,5,76-125
81,158,82.0,0.011571884,0.0001866801999999976,5,76-125
81,159,81.0,0.011447157,0.00011028309999999955,5,76-125
81,160,80.0,0.011163839,-2.5537200000000278e-05,5,76-125
81,161,79.0,0.011017078,-0.00016883470000000143,5,76-125
81,162,78.0,0.0109573435,-0.00016591600000000263,5,76-125
81,163,77.0,0.011169564,-7.61681499999993e-05,5,76-125
81,164,76.0,0.011020722,-1.3374799999999218e-05,5,76-125
81,165,75.0,0.010818529,-3.337194999999954e-05,5,31-75
81,166,74.0,0.010585735,-0.0001094251999999977,5,31-75
81,167,73.0,0.010055372,-0.0002663371000000034,5,31-75
81,168,72.0,0.0101114735,-0.00025816540000000353,5,31-75
81,169,71.0,0.010116727,-0.00018778655000000082,5,31-75
81,170,70.0,0.010192036,-7.260430000000085e-05,5,31-75
81,171,69.0,0.010279001,5.278204999999986e-05,5,31-75
81,172,68.0,0.010361812,6.629510000000004e-05,5,31-75
81,173,67.0,0.010070688,7.769799999999419e-06,5,31-75
81,174,66.0,0.009760845,-0.0001070695000000009,5,31-75
81,175,65.0,0.0098592425,-0.0001440484000000018,5,31-75
81,176,64.0,0.010004462,-9.261454999999923e-05,5,31-75
81,177,63.0,0.009951587,5.414999999996861e-07,5,31-75
81,178,62.0,0.0101613905,8.934354999999965e-05,5,31-75
81,179,61.0,0.01046489,0.00013682234999999815,5,31-75
81,180,60.0,0.010341776,0.00011879309999999708,5,31-75
81,181,59.0,0.010599544,0.0001476299500000006,5,31-75
81,182,58.0,0.010551047,9.13967000000006e-05,5,31-75
81,183,57.0,0.010396821,7.313300000000528e-06,5,31-75
81,184,56.0,0.010221167,-4.4394099999995286e-05,5,31-75
81,185,55.0,0.010511231,-5.065059999999901e-05,5,31-75
81,186,54.0,0.010127001,-7.336819999999666e-05,5,31-75
81,187,53.0,0.009736765,-0.0001414278000000038,5,31-75
81,188,52.0,0.009720728,-0.00017753439999999206,5,31-75
81,189,51.0,0.009741709,-0.00019453169999999787,5,31-75
81,190,50.0,0.009769859,-7.09340000000008e-05,5,31-75
81,191,49.0,0.01007775,7.311009999999685e-05,5,31-75
81,192,48.0,0.010506567,0.00019077189999999782,5,31-75
81,193,47.0,0.010630718,0.00025147260000001124,5,31-75
81,194,46.0,0.010643452,0.00023001540000000182,5,31-75
81,195,45.0,0.010891565,0.00017645149999999689,5,31-75
81,196,44.0,0.010901992,0.00010516969999999893,5,31-75
81,197,43.0,0.011263082,0.00015232680000000054,5,31-75
81,198,42.0,0.0112956725,0.00016759579999999665,5,31-75
81,199,41.0,0.011477041,0.00015646324999999734,5,31-75
81,200,40.0,0.011283197,9.763689999999921e-05,5,31-75
81,201,39.0,0.0112193925,-9.985450000000721e-06,5,31-75
81,202,38.0,0.011164799,-5.193954999999809e-05,5,31-75
81,203,37.0,0.011297406,-4.7766799999998514e-05,5,31-75
81,204,36.0,0.011767433,0.00010464854999999514,5,31-75
81,205,35.0,0.011779454,0.00017227569999999536,5,31-75
81,206,34.0,0.011361713,8.758760000000194e-05,5,31-75
81,207,33.0,0.011769201,5.37870000000007e-05,5,31-75
81,208,32.0,0.011792322,3.952499999999728e-06,5,31-75
81,209,31.0,0.01173137,3.34440999999994e-05,5,31-75
81,210,30.0,0.012022305,0.0001283352999999994,5,0-30
81,211,29.0,0.012623889,0.00019393589999999552,5,0-30
81,212,28.0,0.012344903,0.00019976810000000347,5,0-30
81,213,27.0,0.012874249,0.0002608356000000046,5,0-30
81,214,26.0,0.0134731615,0.0003152073000000005,5,0-30
81,215,25.0,0.013523508,0.0002927496499999974,5,0-30
81,216,24.0,0.013965896,0.00038912449999999385,5,0-30
81,217,23.0,0.014582836,0.000390990849999988,5,0-30
81,218,22.0,0.015038097,0.0004189198999999968,5,0-30
81,219,21.0,0.01576652,0.0005558225000000135,5,0-30
81,220,20.0,0.016140617,0.0005533126000000071,5,0-30
81,221,19.0,0.015700141,0.0003337129999999981,5,0-30
81,222,18.0,0.015670344,0.0001198115,5,0-30
81,223,17.0,0.016257366,5.114189999999984e-05,5,0-30
81,224,16.0,0.016786093,0.00018481770000001055,5,0-30
81,225,15.0,0.016744247,0.0003203961000000052,5,0-30
81,226,14.0,0.017359154,0.0003864501000000011,5,0-30
81,227,13.0,0.018190831,0.0004439990999999918,5,0-30
81,228,12.0,0.018476557,0.0004827511999999956,5,0-30
81,229,11.0,0.018474603,0.00045781149999999353,5,0-30
81,230,10.0,0.019067017,0.00036994980000000136,5,0-30
81,231,9.0,0.019157615,0.0002524028000000041,5,0-30
81,232,8.0,0.020307498,0.00043448939999999654,5,0-30
81,233,7.0,0.020512836,0.0005316946999999998,5,0-30
81,234,6.0,0.020922715,0.000506661700000006,5,0-30
81,235,5.0,0.022349453,0.0006998892999999872,5,0-30
81,236,4.0,0.023037357,0.0007296334999999978,5,0-30
81,237,3.0,0.023751644,0.0008592257999999746,5,0-30
81,238,2.0,0.024731778,0.0009020316999999862,5,0-30
81,239,1.0,0.027130427,0.0011256368999999833,5,0-30
81,240,0.0,0.027999787,0.0013303642999999944,5,0-30
84,34,233.0,0.009312695,-6.586340000000152e-05,5,RUL > 125
84,35,232.0,0.009159486,3.4159649999998835e-05,5,RUL > 125
84,36,231.0,0.009492673,0.00010192229999999931,5,RUL > 125
84,37,230.0,0.00943049,7.085980000000046e-05,5,RUL > 125
84,38,229.0,0.009427811,5.012359999999977e-05,5,RUL > 125
84,39,228.0,0.009648908,9.139819999999966e-05,5,RUL > 125
84,40,227.0,0.009693255,6.1958200000001e-05,5,RUL > 125
84,41,226.0,0.009708752,8.219679999999906e-05,5,RUL > 125
84,42,225.0,0.009470154,1.4453000000000048e-05,5,RUL > 125
84,43,224.0,0.009636874,-2.471689999999962e-05,5,RUL > 125
84,44,223.0,0.009790466,1.2254400000000297e-05,5,RUL > 125
84,45,222.0,0.009547763,-1.6659999999949837e-07,5,RUL > 125
84,46,221.0,0.00961498,2.0054100000001167e-05,5,RUL > 125
84,47,220.0,0.00962635,-1.9653400000000228e-05,5,RUL > 125
84,48,219.0,0.009347425,-8.074949999999895e-05,5,RUL > 125
84,49,218.0,0.0093086455,-7.457899999999923e-05,5,RUL > 125
84,50,217.0,0.009393129,-7.614064999999884e-05,5,RUL > 125
84,51,216.0,0.009539849,-1.2729800000000665e-05,5,RUL > 125
84,52,215.0,0.009684769,9.05891500000001e-05,5,RUL > 125
84,53,214.0,0.009785314,0.0001244977000000005,5,RUL > 125
84,54,213.0,0.010137328,0.00017338629999999884,5,RUL > 125
84,55,212.0,0.010343029,0.00020589189999999972,5,RUL > 125
84,56,211.0,0.010119225,0.0001426627000000015,5,RUL > 125
84,57,210.0,0.0098222345,5.573799999999837e-06,5,RUL > 125
84,58,209.0,0.009543381,-0.00017086884999999613,5,RUL > 125
84,59,208.0,0.009773456,-0.0001714990000000008,5,RUL > 125
84,60,207.0,0.009295475,-0.000169627850000001,5,RUL > 125
84,61,206.0,0.009618603,-6.551689999999994e-05,5,RUL > 125
84,62,205.0,0.009577938,-8.573899999999535e-06,5,RUL > 125
84,63,204.0,0.009357443,-5.4956299999999107e-05,5,RUL > 125
84,64,203.0,0.009224913,-4.0228399999998295e-05,5,RUL > 125
84,65,202.0,0.009354596,-8.810390000000079e-05,5,RUL > 125
84,66,201.0,0.009216498,-7.257269999999985e-05,5,RUL > 125
84,67,200.0,0.009334034,-5.523300000000177e-06,5,RUL > 125
84,68,199.0,0.009225424,-1.954000000000289e-06,5,RUL > 125
84,69,198.0,0.0089269765,-8.463129999999987e-05,5,RUL > 125
84,70,197.0,0.008938276,-9.635014999999952e-05,5,RUL > 125
84,71,196.0,0.008989781,-9.756539999999838e-05,5,RUL > 125
84,72,195.0,0.009040016,-3.08011500000006e-05,5,RUL > 125
84,73,194.0,0.008933864,1.1551499999999293e-05,5,RUL > 125
84,74,193.0,0.00893466,-6.314900000000794e-06,5,RUL > 125
84,75,192.0,0.0089363605,-2.1219700000000972e-05,5,RUL > 125
84,76,191.0,0.008821638,-4.3425949999999204e-05,5,RUL > 125
84,77,190.0,0.0089280335,-1.2468300000000448e-05,5,RUL > 125
84,78,189.0,0.0091074975,3.373480000000044e-05,5,RUL > 125
84,79,188.0,0.009405744,0.0001224626500000002,5,RUL > 125
84,80,187.0,0.009589154,0.00020127425000000045,5,RUL > 125
84,81,186.0,0.009647903,0.00019213954999999864,5,RUL > 125
84,82,185.0,0.009590997,0.00012091580000000041,5,RUL > 125
84,83,184.0,0.009558013,3.0638100000000536e-05,5,RUL > 125
84,84,183.0,0.009544417,-1.793639999999975e-05,5,RUL > 125
84,85,182.0,0.0091296155,-0.00010831549999999752,5,RUL > 125
84,86,181.0,0.008844081,-0.00019222294999999854,5,RUL > 125
84,87,180.0,0.008782875,-0.0002250612000000013,5,RUL > 125
84,88,179.0,0.00899601,-0.00014435545000000098,5,RUL > 125
84,89,178.0,0.008965801,-1.75699999999997e-05,5,RUL > 125
84,90,177.0,0.009581981,0.00016587259999999764,5,RUL > 125
84,91,176.0,0.009355736,0.00017316930000000027,5,RUL > 125
84,92,175.0,0.009453269,0.00013044529999999935,5,RUL > 125
84,93,174.0,0.009593508,0.00011267020000000034,5,RUL > 125
84,94,173.0,0.0095465435,1.6689700000000607e-05,5,RUL > 125
84,95,172.0,0.009521729,4.252604999999905e-05,5,RUL > 125
84,96,171.0,0.009656927,3.35536999999996e-05,5,RUL > 125
84,97,170.0,0.0094815865,-1.1345949999999669e-05,5,RUL > 125
84,98,169.0,0.009508448,-1.1633350000001748e-05,5,RUL > 125
84,99,168.0,0.009532999,-1.2593900000000366e-05,5,RUL > 125
84,100,167.0,0.009598458,-6.5525499999996075e-06,5,RUL > 125
84,101,166.0,0.0096484665,4.237699999999997e-05,5,RUL > 125
84,102,165.0,0.009463557,2.5685500000003403e-06,5,RUL > 125
84,103,164.0,0.009275474,-6.499510000000065e-05,5,RUL > 125
84,104,163.0,0.009546859,-4.7619049999999264e-05,5,RUL > 125
84,105,162.0,0.009742023,2.704150000000116e-05,5,RUL > 125
84,106,161.0,0.00980444,0.00011483149999999971,5,RUL > 125
84,107,160.0,0.010069605,0.00018458430000000187,5,RUL > 125
84,108,159.0,0.009966611,0.00011670859999999941,5,RUL > 125
84,109,158.0,0.009719962,1.1804900000001282e-05,5,RUL > 125
84,110,157.0,0.009574107,-8.103090000000107e-05,5,RUL > 125
84,111,156.0,0.009827857,-8.759999999999969e-05,5,RUL > 125
84,112,155.0,0.009852663,-1.2000100000001691e-05,5,RUL > 125
84,113,154.0,0.009683822,2.0627599999999196e-05,5,RUL > 125
84,114,153.0,0.009406629,-4.789909999999871e-05,5,RUL > 125
84,115,152.0,0.009540903,-0.00010199420000000034,5,RUL > 125
84,116,151.0,0.010219466,5.9068700000002195e-05,5,RUL > 125
84,117,150.0,0.010172206,0.0001789604999999976,5,RUL > 125
84,118,149.0,0.010067204,0.00019524530000000027,5,RUL > 125
84,119,148.0,0.010080041,9.260140000000007e-05,5,RUL > 125
84,120,147.0,0.009640558,-0.00012499809999999916,5,RUL > 125
84,121,146.0,0.0097846715,-0.00012017149999999869,5,RUL > 125
84,122,145.0,0.010010252,-4.09273499999995e-05,5,RUL > 125
84,123,144.0,0.01030472,8.190519999999764e-05,5,RUL > 125
84,124,143.0,0.010643401,0.00025257345000000245,5,RUL > 125
84,125,142.0,0.01060774,0.00022792860000000076,5,RUL > 125
84,126,141.0,0.010611112,0.0001504740000000008,5,RUL > 125
84,127,140.0,0.010772214,9.026990000000134e-05,5,RUL > 125
84,128,139.0,0.010901804,6.812799999999849e-05,5,RUL > 125
84,129,138.0,0.011149797,0.00013748059999999887,5,RUL > 125
84,130,137.0,0.011113182,0.0001381723000000001,5,RUL > 125
84,131,136.0,0.010862683,3.92316000000014e-05,5,RUL > 125
84,132,135.0,0.010944915,-2.008919999999855e-05,5,RUL > 125
84,133,134.0,0.01117299,-1.2188099999999867e-05,5,RUL > 125
84,134,133.0,0.010820551,-2.749550000000025e-05,5,RUL > 125
84,135,132.0,0.010735482,-3.787659999999914e-05,5,RUL > 125
84,136,131.0,0.011266865,2.0639199999999448e-05,5,RUL > 125
84,137,130.0,0.011143875,3.8808399999998034e-05,5,RUL > 125
84,138,129.0,0.0113595715,0.00014864339999999803,5,RUL > 125
84,139,128.0,0.011224183,0.00010701085000000104,5,RUL > 125
84,140,127.0,0.011263655,7.388799999999695e-06,5,RUL > 125
84,141,126.0,0.010912404,-5.5885850000000545e-05,5,RUL > 125
84,142,125.0,0.010993659,-0.0001043604000000005,5,76-125
84,143,124.0,0.010758489,-0.00012013840000000291,5,76-125
84,144,123.0,0.011171772,-3.3768100000000386e-05,5,76-125
84,145,122.0,0.011187021,7.273470000000119e-05,5,76-125
84,146,121.0,0.010370521,-8.177440000000102e-05,5,76-125
84,147,120.0,0.010433575,-0.00014510789999998947,5,76-125
84,148,119.0,0.01052364,-0.00020497099999999645,5,76-125
84,149,118.0,0.010398009,-0.00014249050000000115,5,76-125
84,150,117.0,0.010327158,-1.2229200000001731e-05,5,76-125
84,151,116.0,0.010316428,-4.3077600000001595e-05,5,76-125
84,152,115.0,0.010006734,-0.00011153930000000032,5,76-125
84,153,114.0,0.009819056,-0.00014783300000000078,5,76-125
84,154,113.0,0.009828754,-0.00014941800000000074,5,76-125
84,155,112.0,0.009911026,-9.887840000000077e-05,5,76-125
84,156,111.0,0.009997945,7.4391999999991435e-06,5,76-125
84,157,110.0,0.0102121895,9.554579999999929e-05,5,76-125
84,158,109.0,0.010341215,0.00013260854999999855,5,76-125
84,159,108.0,0.010299236,0.00011196899999999834,5,76-125
84,160,107.0,0.010065319,2.217944999999981e-05,5,76-125
84,161,106.0,0.010064865,-5.7054500000001336e-05,5,76-125
84,162,105.0,0.010096839,-7.231230000000259e-05,5,76-125
84,163,104.0,0.009818863,-9.292259999999682e-05,5,76-125
84,164,103.0,0.009993786,-3.890679999999888e-05,5,76-125
84,165,102.0,0.010115494,-1.795000000011909e-07,5,76-125
84,166,101.0,0.009726038,-4.449709999999931e-05,5,76-125
84,167,100.0,0.009790049,-3.253760000000211e-05,5,76-125
84,168,99.0,0.009634913,-0.00010431910000000157,5,76-125
84,169,98.0,0.009635841,-0.00010504309999999992,5,76-125
84,170,97.0,0.009806358,6.432000000003759e-07,5,76-125
84,171,96.0,0.009708529,8.405000000004082e-07,5,76-125
84,172,95.0,0.009766981,3.368239999999934e-05,5,76-125
84,173,94.0,0.009858545,4.060309999999993e-05,5,76-125
84,174,93.0,0.009523184,-4.1633199999999675e-05,5,76-125
84,175,92.0,0.009450125,-7.606050000000233e-05,5,76-125
84,176,91.0,0.009455408,-0.00010315659999999758,5,76-125
84,177,90.0,0.009518996,-7.46874e-05,5,76-125
84,178,89.0,0.009771513,5.655290000000014e-05,5,76-125
84,179,88.0,0.009787966,9.917869999999902e-05,5,76-125
84,180,87.0,0.009867216,0.0001092585999999974,5,76-125
84,181,86.0,0.010028787,0.00011152849999999997,5,76-125
84,182,85.0,0.01024959,0.00011969749999999992,5,76-125
84,183,84.0,0.010186949,0.00011803400000000244,5,76-125
84,184,83.0,0.010040435,5.046000000000033e-05,5,76-125
84,185,82.0,0.010213096,1.594630000000067e-05,5,76-125
84,186,81.0,0.01012454,-2.2395299999999087e-05,5,76-125
84,187,80.0,0.009804031,-6.817310000000232e-05,5,76-125
84,188,79.0,0.009625267,-0.00012394009999999465,5,76-125
84,189,78.0,0.009343921,-0.0002237622999999988,5,76-125
84,190,77.0,0.009367076,-0.0001975038000000009,5,76-125
84,191,76.0,0.009307611,-0.0001251030999999966,5,76-125
84,192,75.0,0.009200898,-8.850479999999883e-05,5,31-75
84,193,74.0,0.009300648,-2.5272400000001493e-05,5,31-75
84,194,73.0,0.009523302,3.0548900000001086e-05,5,31-75
84,195,72.0,0.009618595,9.443719999999645e-05,5,31-75
84,196,71.0,0.009727058,0.00013702669999999788,5,31-75
84,197,70.0,0.0096836155,9.696909999999944e-05,5,31-75
84,198,69.0,0.009444616,-9.235149999998927e-06,5,31-75
84,199,68.0,0.009642136,-2.3535999999999207e-05,5,31-75
84,200,67.0,0.009531804,-4.319875000000097e-05,5,31-75
84,201,66.0,0.009709186,1.3832900000000958e-05,5,31-75
84,202,65.0,0.009562517,3.028520000000092e-05,5,31-75
84,203,64.0,0.010195407,0.00011372549999999957,5,31-75
84,204,63.0,0.010637083,0.0002696778999999916,5,31-75
84,205,62.0,0.010949468,0.00035551299999999036,5,31-75
84,206,61.0,0.011132636,0.000389429899999999,5,31-75
84,207,60.0,0.01107506,0.00022548589999999975,5,31-75
84,208,59.0,0.0107735535,3.985330000000169e-05,5,31-75
84,209,58.0,0.010681127,-8.957645000000278e-05,5,31-75
84,210,57.0,0.010723854,-0.00012114970000000021,5,31-75
84,211,56.0,0.010449752,-0.00013003154999999768,5,31-75
84,212,55.0,0.01003506,-0.00017083620000000484,5,31-75
84,213,54.0,0.010097606,-0.00018558360000000483,5,31-75
84,214,53.0,0.01044002,-9.198139999999866e-05,5,31-75
84,215,52.0,0.010295385,9.622599999999736e-06,5,31-75
84,216,51.0,0.010321885,7.71428999999994e-05,5,31-75
84,217,50.0,0.010486246,6.591450000000058e-05,5,31-75
84,218,49.0,0.010687951,6.867229999999866e-05,5,31-75
84,219,48.0,0.010856914,0.000148912400000004,5,31-75
84,220,47.0,0.0110974265,0.00019217510000000252,5,31-75
84,221,46.0,0.0112267975,0.00018905784999999806,5,31-75
84,222,45.0,0.011469691,0.0001933363499999981,5,31-75
84,223,44.0,0.011578501,0.00018154384999999844,5,31-75
84,224,43.0,0.011679597,0.00015160445000000434,5,31-75
84,225,42.0,0.011400066,5.5644300000000405e-05,5,31-75
84,226,41.0,0.011667129,2.164409999999951e-05,5,31-75
84,227,40.0,0.011616574,6.367800000001182e-06,5,31-75
84,228,39.0,0.011778489,4.142919999999951e-05,5,31-75
84,229,38.0,0.011997929,0.00013070859999999817,5,31-75
84,230,37.0,0.012032887,0.00011128710000000153,5,31-75
84,231,36.0,0.012390417,0.00018020840000000275,5,31-75
84,232,35.0,0.012496048,0.0001827605999999995,5,31-75
84,233,34.0,0.011962096,3.914950000000004e-05,5,31-75
84,234,33.0,0.011661033,-0.00011720290000000144,5,31-75
84,235,32.0,0.01188087,-0.00018541089999999746,5,31-75
84,236,31.0,0.012012766,-0.00010477899999999928,5,31-75
84,237,30.0,0.01260574,0.00016390209999999155,5,0-30
84,238,29.0,0.013329506,0.00040618159999999053,5,0-30
84,239,28.0,0.0135789635,0.0004712926999999958,5,0-30
84,240,27.0,0.013443693,0.00038350774999999874,5,0-30
84,241,26.0,0.01401322,0.00029291469999999565,5,0-30
84,242,25.0,0.01476009,0.000329542449999999,5,0-30
84,243,24.0,0.01553736,0.0005233189999999771,5,0-30
84,244,23.0,0.015835332,0.0006307417999999766,5,0-30
84,245,22.0,0.016059717,0.0005168235999999965,5,0-30
84,246,21.0,0.01639356,0.00037892969999999695,5,0-30
84,247,20.0,0.017331509,0.000414652600000003,5,0-30
84,248,19.0,0.017473012,0.00045471519999998637,5,0-30
84,249,18.0,0.01839868,0.0005757378000000173,5,0-30
84,250,17.0,0.019205488,0.0006691026999999883,5,0-30
84,251,16.0,0.019418236,0.0005905929999999957,5,0-30
84,252,15.0,0.020067602,0.0006208736000000063,5,0-30
84,253,14.0,0.020602707,0.0005270167999999948,5,0-30
84,254,13.0,0.021222034,0.0005217562999999937,5,0-30
84,255,12.0,0.021974567,0.0006267093999999777,5,0-30
84,256,11.0,0.022754697,0.0006746049999999953,5,0-30
84,257,10.0,0.023123804,0.0006574856999999901,5,0-30
84,258,9.0,0.024662022,0.0008029212999999944,5,0-30
84,259,8.0,0.02570155,0.000936129100000042,5,0-30
84,260,7.0,0.027414821,0.0011897994000000065,5,0-30
84,261,6.0,0.028456751,0.001341869300000011,5,0-30
84,262,5.0,0.029304119,0.0012039395000000247,5,0-30
84,263,4.0,0.031169528,0.0012825253999999948,5,0-30
84,264,3.0,0.031247117,0.0010377369000000231,5,0-30
84,265,2.0,0.03352593,0.0012081355999999756,5,0-30
84,266,1.0,0.034314487,0.001237713799999989,5,0-30
84,267,0.0,0.035736434,0.001220118200000024,5,0-30
91,34,101.0,0.011308404,-6.400900000000811e-06,5,76-125
91,35,100.0,0.011034359,-6.456490000000099e-05,5,76-125
91,36,99.0,0.011020913,-0.00010060910000000098,5,76-125
91,37,98.0,0.010504911,-0.0001931800999999993,5,76-125
91,38,97.0,0.010410662,-0.00023249319999999886,5,76-125
91,39,96.0,0.010493279,-0.00016924110000000132,5,76-125
91,40,95.0,0.010330031,-0.00013933960000000082,5,76-125
91,41,94.0,0.010270868,-5.4871699999999375e-05,5,76-125
91,42,93.0,0.010875908,7.080810000000013e-05,5,76-125
91,43,92.0,0.010918022,0.00013953630000000154,5,76-125
91,44,91.0,0.010888155,0.00017634020000000046,5,76-125
91,45,90.0,0.010464305,3.991210000000042e-05,5,76-125
91,46,89.0,0.010455372,-0.00012947889999999782,5,76-125
91,47,88.0,0.010330039,-0.0001608749000000004,5,76-125
91,48,87.0,0.010276692,-0.0001357191999999998,5,76-125
91,49,86.0,0.0103390105,-4.292689999999982e-05,5,76-125
91,50,85.0,0.010555633,2.0949350000000247e-05,5,76-125
91,51,84.0,0.010654495,9.278530000000012e-05,5,76-125
91,52,83.0,0.010599583,9.612664999999939e-05,5,76-125
91,53,82.0,0.010273064,-8.794300000000779e-06,5,76-125
91,54,81.0,0.010141034,-0.00012106289999999884,5,76-125
91,55,80.0,0.01038185,-0.00010038390000000003,5,76-125
91,56,79.0,0.0102378875,-6.146049999999914e-05,5,76-125
91,57,78.0,0.010252206,5.513749999999467e-06,5,76-125
91,58,77.0,0.0101554645,-1.0078299999999046e-05,5,76-125
91,59,76.0,0.010137861,-5.704010000000132e-05,5,76-125
91,60,75.0,0.009814712,-9.606960000000082e-05,5,31-75
91,61,74.0,0.00967753,-0.00014901044999999943,5,31-75
91,62,73.0,0.009465679,-0.0001839901999999997,5,31-75
91,63,72.0,0.009551222,-0.00015223109999999812,5,31-75
91,64,71.0,0.009484727,-7.86277999999993e-05,5,31-75
91,65,70.0,0.009699113,6.22140000000081e-06,5,31-75
91,66,69.0,0.009537515,2.9156300000000173e-05,5,31-75
91,67,68.0,0.009545756,4.18559999999985e-06,5,31-75
91,68,67.0,0.009307954,-5.069029999999867e-05,5,31-75
91,69,66.0,0.009255688,-0.00011164109999999954,5,31-75
91,70,65.0,0.009419319,-5.264599999999976e-05,5,31-75
91,71,64.0,0.009508784,3.7420999999995453e-06,5,31-75
91,72,63.0,0.008926064,-5.106840000000078e-05,5,31-75
91,73,62.0,0.009076565,-8.515010000000086e-05,5,31-75
91,74,61.0,0.009011192,-0.00012484730000000211,5,31-75
91,75,60.0,0.009140521,-6.513979999999961e-05,5,31-75
91,76,59.0,0.009176711,5.652500000000086e-05,5,31-75
91,77,58.0,0.009323201,6.587910000000074e-05,5,31-75
91,78,57.0,0.009558239,0.00012767740000000025,5,31-75
91,79,56.0,0.009561135,0.0001222755999999992,5,31-75
91,80,55.0,0.009235152,3.5481600000000104e-05,5,31-75
91,81,54.0,0.009081832,-8.05824999999987e-05,5,31-75
91,82,53.0,0.0089494,-0.00016969810000000188,5,31-75
91,83,52.0,0.009111926,-0.00011841699999999987,5,31-75
91,84,51.0,0.009180908,-7.839399999999268e-06,5,31-75
91,85,50.0,0.009413441,8.947259999999865e-05,5,31-75
91,86,49.0,0.009559465,0.0001521644999999978,5,31-75
91,87,48.0,0.009546264,0.00012472330000000114,5,31-75
91,88,47.0,0.009566592,9.041909999999903e-05,5,31-75
91,89,46.0,0.00944282,6.588500000001584e-06,5,31-75
91,90,45.0,0.009516738,-1.8889800000000376e-05,5,31-75
91,91,44.0,0.009628019,1.1365600000000774e-05,5,31-75
91,92,43.0,0.009851805,7.55624999999996e-05,5,31-75
91,93,42.0,0.010082504,0.00016144350000000035,5,31-75
91,94,41.0,0.010070726,0.0001562461000000001,5,31-75
91,95,40.0,0.010115421,0.00011937249999999915,5,31-75
91,96,39.0,0.010037367,4.040409999999904e-05,5,31-75
91,97,38.0,0.009860059,-4.782489999999935e-05,5,31-75
91,98,37.0,0.009890633,-6.155480000000243e-05,5,31-75
91,99,36.0,0.009994161,-3.8925400000000134e-05,5,31-75
91,100,35.0,0.010237778,5.3492400000000064e-05,5,31-75
91,101,34.0,0.010344752,0.00013165309999999968,5,31-75
91,102,33.0,0.010305811,0.00011809469999999938,5,31-75
91,103,32.0,0.010294245,6.682009999999955e-05,5,31-75
91,104,31.0,0.0102873435,4.862400000000691e-06,5,31-75
91,105,30.0,0.010549616,3.912605000000007e-05,5,0-30
91,106,29.0,0.010616726,8.772009999999934e-05,5,0-30
91,107,28.0,0.010614456,9.698045000000052e-05,5,0-30
91,108,27.0,0.010635982,7.621169999999955e-05,5,0-30
91,109,26.0,0.011322762,0.00015655479999999755,5,0-30
91,110,25.0,0.011438095,0.0002351044000000026,5,0-30
91,111,24.0,0.011695492,0.0002964184999999968,5,0-30
91,112,23.0,0.011853518,0.0002807801999999977,5,0-30
91,113,22.0,0.012271923,0.00023137449999999617,5,0-30
91,114,21.0,0.01265547,0.0003011180999999965,5,0-30
91,115,20.0,0.012523692,0.00024583519999999944,5,0-30
91,116,19.0,0.012674186,0.0001893105000000003,5,0-30
91,117,18.0,0.012902504,0.00012798779999999974,5,0-30
91,118,17.0,0.013406204,0.00018802799999999994,5,0-30
91,119,16.0,0.013882628,0.0003449889999999954,5,0-30
91,120,15.0,0.013863552,0.0003358855999999992,5,0-30
91,121,14.0,0.014240865,0.0003134069999999993,5,0-30
91,122,13.0,0.014715582,0.00029769930000000033,5,0-30
91,123,12.0,0.015007534,0.00031018419999999483,5,0-30
91,124,11.0,0.015517153,0.00040738710000000453,5,0-30
91,125,10.0,0.015707415,0.00037346710000000236,5,0-30
91,126,9.0,0.017190404,0.0005649525000000034,5,0-30
91,127,8.0,0.018841239,0.000934066099999999,5,0-30
91,128,7.0,0.019411944,0.001092340599999995,5,0-30
91,129,6.0,0.020362224,0.0011531157999999956,5,0-30
91,130,5.0,0.02036814,0.0007876457000000017,5,0-30
91,131,4.0,0.02064451,0.0004562737999999997,5,0-30
91,132,3.0,0.022292076,0.0006042550000000032,5,0-30
91,133,2.0,0.023540735,0.0008280958000000161,5,0-30
91,134,1.0,0.025016487,0.0012192919000000037,5,0-30
91,135,0.0,0.026202222,0.0013839834999999955,5,0-30
