unit_number,cycle,RUL_linear,erro_reconstrucao,slope,horizonte,faixa_RUL,trend_score
1,39,153.0,0.010267194,3.105635757575749e-05,10,RUL > 125,22.01927626158506
1,40,152.0,0.00999713,2.167823636363597e-05,10,RUL > 125,15.3152996806735
1,41,151.0,0.009936991,5.604024242424364e-06,10,RUL > 125,3.8246034975272765
1,42,150.0,0.009905132,-1.3902296969697106e-05,10,RUL > 125,0.0
1,43,149.0,0.009636962,-4.562458181818183e-05,10,RUL > 125,0.0
1,44,148.0,0.0094558215,-8.431694242424214e-05,10,RUL > 125,0.0
1,45,147.0,0.009535267,-0.0001010091,10,RUL > 125,0.0
1,46,146.0,0.009525621,-0.0001032011666666,10,RUL > 125,0.0
1,47,145.0,0.009401453,-0.0001033460212121,10,RUL > 125,0.0
1,48,144.0,0.009425238,-9.148441515151524e-05,10,RUL > 125,0.0
1,49,143.0,0.009336592,-7.454597272727287e-05,10,RUL > 125,0.0
1,50,142.0,0.009175219,-7.313393636363673e-05,10,RUL > 125,0.0
1,51,141.0,0.009318665,-5.79442818181816e-05,10,RUL > 125,0.0
1,52,140.0,0.009623968,-2.073080909090905e-05,10,RUL > 125,0.0
1,53,139.0,0.009584261,-1.5312424242455564e-07,10,RUL > 125,0.0
1,54,138.0,0.009558056,7.557963636363618e-06,10,RUL > 125,5.221382622173075
1,55,137.0,0.009239113,1.9293212121210653e-06,10,RUL > 125,1.1977316007217218
1,56,136.0,0.009339652,4.731303030302964e-06,10,RUL > 125,3.2007362606478478
1,57,135.0,0.00924575,-3.612339393939425e-06,10,RUL > 125,0.0
1,58,134.0,0.009089611,-1.6999678787878415e-05,10,RUL > 125,0.0
1,59,133.0,0.009481255,-1.086614545454572e-05,10,RUL > 125,0.0
1,60,132.0,0.009212421,-3.1907975757575485e-05,10,RUL > 125,0.0
1,61,131.0,0.009170528,-4.612274545454543e-05,10,RUL > 125,0.0
1,62,130.0,0.009215076,-3.5758490909090585e-05,10,RUL > 125,0.0
1,63,129.0,0.009612271,-1.4199212121213652e-06,10,RUL > 125,0.0
1,64,128.0,0.0094345305,2.1137196969696597e-05,10,RUL > 125,14.928536133447007
1,65,127.0,0.00948666,2.6772154545454464e-05,10,RUL > 125,18.956701558893148
1,66,126.0,0.009529154,3.842699696969718e-05,10,RUL > 125,27.288198763828742
1,67,125.0,0.009627674,4.689853030303016e-05,10,76-125,33.34409842501773
1,68,124.0,0.009458629,3.111077878787833e-05,10,76-125,22.05817941961754
1,69,123.0,0.009316033,2.918171818181801e-05,10,76-125,20.679184967138944
1,70,122.0,0.009252812,7.88466363636357e-06,10,76-125,5.454925044950953
1,71,121.0,0.009087255,-2.572522727272715e-05,10,76-125,0.0
1,72,120.0,0.009200284,-4.9190663636363096e-05,10,76-125,0.0
1,73,119.0,0.00904317,-5.45669909090912e-05,10,76-125,0.0
1,74,118.0,0.009252697,-5.346574545454528e-05,10,76-125,0.0
1,75,117.0,0.009375279,-3.999886666666615e-05,10,76-125,0.0
1,76,116.0,0.009563458,-1.2084672727272688e-05,10,76-125,0.0
1,77,115.0,0.009630407,2.563347878787876e-05,10,76-125,18.14271595992557
1,78,114.0,0.009994064,7.188467272727285e-05,10,76-125,51.20551329380151
1,79,113.0,0.010096575,0.0001077308545454,10,76-125,76.83025816415054
1,80,112.0,0.0104132155,0.0001471724878787,10,76-125,100.0
1,81,111.0,0.010230175,0.0001515274636363,10,76-125,100.0
1,82,110.0,0.009856665,0.0001291908575757,10,76-125,92.17100227347908
1,83,109.0,0.009891868,9.034401515151504e-05,10,76-125,64.40122664747355
1,84,108.0,0.009762923,4.81450272727273e-05,10,76-125,34.23516032366602
1,85,107.0,0.00998796,2.020836060606021e-05,10,76-125,14.264554821148662
1,86,106.0,0.009914984,-6.589984848484301e-06,10,76-125,0.0
1,87,105.0,0.010180529,-1.870171212121169e-05,10,76-125,0.0
1,88,104.0,0.010115819,-1.6767421212121064e-05,10,76-125,0.0
1,89,103.0,0.00971356,-3.141628181818159e-05,10,76-125,0.0
1,90,102.0,0.010116563,1.6688121212117784e-06,10,76-125,1.011505937279338
1,91,101.0,0.010320208,3.725490303030271e-05,10,76-125,26.450324082685512
1,92,100.0,0.0103460755,4.8259972727272645e-05,10,76-125,34.317329408275235
1,93,99.0,0.010071983,4.072916060606077e-05,10,76-125,28.93390697707504
1,94,98.0,0.010226125,3.082654848484892e-05,10,76-125,21.854996580326482
1,95,97.0,0.010613979,5.146750606060589e-05,10,76-125,36.61024372051143
1,96,96.0,0.010484989,5.261946969696976e-05,10,76-125,37.433728197366264
1,97,95.0,0.010531924,6.712537272727284e-05,10,76-125,47.80331417311915
1,98,94.0,0.010931846,9.487186969696956e-05,10,76-125,67.63797632770446
1,99,93.0,0.011079886,9.39847727272727e-05,10,76-125,67.00383253969726
1,100,92.0,0.011216162,0.0001108362515151,10,76-125,79.0501600067919
1,101,91.0,0.011367087,0.0001361678636363,10,76-125,97.15853486952656
1,102,90.0,0.011475398,0.0001564424060606,10,76-125,100.0
1,103,89.0,0.011552307,0.0001489503939393,10,76-125,100.0
1,104,88.0,0.011141082,0.0001113607393939,10,76-125,79.42509165641725
1,105,87.0,0.010844365,7.23530666666669e-05,10,76-125,51.540346031544324
1,106,86.0,0.01057952,7.507412121212286e-06,10,76-125,5.185245728008592
1,107,85.0,0.0110091325,-3.192166363636354e-05,10,76-125,0.0
1,108,84.0,0.011330914,-3.292189999999938e-05,10,76-125,0.0
1,109,83.0,0.011467204,-2.1455990909090208e-05,10,76-125,0.0
1,110,82.0,0.011323284,-1.344996060606092e-05,10,76-125,0.0
1,111,81.0,0.011579859,1.731428787878784e-05,10,76-125,12.195718713335149
1,112,80.0,0.01147782,4.715445151515095e-05,10,76-125,33.52704443027928
1,113,79.0,0.011566128,8.690932424242438e-05,10,76-125,61.945928097114475
1,114,78.0,0.011616226,0.0001018142878787,10,76-125,72.60078368031778
1,115,77.0,0.011387488,7.870217878787825e-05,10,76-125,56.07902686189732
1,116,76.0,0.011527145,3.8968081818181845e-05,10,76-125,27.674994804366023
1,117,75.0,0.01177682,3.000709090909127e-05,10,31-75,21.26920500516224
1,118,74.0,0.011478256,1.6907587878788146e-05,10,31-75,11.90498806336972
1,119,73.0,0.011604916,1.8016848484847925e-05,10,31-75,12.697946157741614
1,120,72.0,0.0112470295,-1.1658875757575097e-05,10,31-75,0.0
1,121,71.0,0.011303871,-2.0204857575757804e-05,10,31-75,0.0
1,122,70.0,0.011680737,-1.1651803030303014e-05,10,31-75,0.0
1,123,69.0,0.012024212,1.9063851515151555e-05,10,31-75,13.446399247282256
1,124,68.0,0.0122479815,5.977244848484864e-05,10,31-75,42.54705539724462
1,125,67.0,0.011971348,6.248510303030274e-05,10,31-75,44.48620420258552
1,126,66.0,0.012057181,7.2112933333333e-05,10,31-75,51.36868603626874
1,127,65.0,0.01200564,8.914975757575734e-05,10,31-75,63.547508227934735
1,128,64.0,0.0117123965,6.751363939393888e-05,10,31-75,48.080867702403175
1,129,63.0,0.011948472,6.43603000000003e-05,10,31-75,45.82669408164574
1,130,62.0,0.012081068,4.041605454545485e-05,10,31-75,28.71008222047769
1,131,61.0,0.012099798,1.1173321212121811e-05,10,31-75,7.805831252265068
1,132,60.0,0.012505318,1.9526660606060745e-05,10,31-75,13.777239640225556
1,133,59.0,0.012254493,2.7102048484848243e-05,10,31-75,19.192527178317
1,134,58.0,0.012150233,4.111720909090888e-05,10,31-75,29.21130453846692
1,135,57.0,0.012049162,3.2362003030302815e-05,10,31-75,22.95262062259971
1,136,56.0,0.012055646,2.873946969696948e-05,10,31-75,20.36304238182708
1,137,55.0,0.011890466,1.268965757575826e-05,10,31-75,8.889788607973388
1,138,54.0,0.01157387,-3.878254545454567e-05,10,31-75,0.0
1,139,53.0,0.011548996,-7.419403636363785e-05,10,31-75,0.0
1,140,52.0,0.011681147,-8.871542424242367e-05,10,31-75,0.0
1,141,51.0,0.011940454,-8.299659999999937e-05,10,31-75,0.0
1,142,50.0,0.012063854,-4.158075757575731e-05,10,31-75,0.0
1,143,49.0,0.012017601,-1.405839393939383e-05,10,31-75,0.0
1,144,48.0,0.011988545,7.799848484847833e-06,10,31-75,5.394294693027903
1,145,47.0,0.0122397635,3.858270606060592e-05,10,31-75,27.399507849654803
1,146,46.0,0.011625788,3.399793636363609e-05,10,31-75,24.122072211732863
1,147,45.0,0.011445511,1.3778275757575358e-05,10,31-75,9.667990406754082
1,148,44.0,0.01138665,-2.5364990909090485e-05,10,31-75,0.0
1,149,43.0,0.011497995,-5.782382727272506e-05,10,31-75,0.0
1,150,42.0,0.011825779,-6.297527575757626e-05,10,31-75,0.0
1,151,41.0,0.011656701,-6.181514242424302e-05,10,31-75,0.0
1,152,40.0,0.012328786,-1.232973030303103e-05,10,31-75,0.0
1,153,39.0,0.012103082,1.8549724242423332e-05,10,31-75,13.07887390632985
1,154,38.0,0.012160714,4.959954242424289e-05,10,31-75,35.274924610326984
1,155,37.0,0.011922566,8.232047272727323e-05,10,31-75,58.66557455987389
1,156,36.0,0.012011075,8.278228484848487e-05,10,31-75,58.99570226619765
1,157,35.0,0.012010702,6.65351393939395e-05,10,31-75,47.38138419861364
1,158,34.0,0.011908165,3.392019999999969e-05,10,31-75,24.06650215142803
1,159,33.0,0.011979297,6.286793939393456e-06,10,31-75,4.3126833543668965
1,160,32.0,0.012565633,2.6653654545454808e-05,10,31-75,18.871991497371557
1,161,31.0,0.012376935,1.648810303030293e-05,10,31-75,11.605118128157404
1,162,30.0,0.012497516,4.897525454545453e-05,10,0-30,34.82865064729326
1,163,29.0,0.013044313,9.419555151515148e-05,10,0-30,67.15450835479186
1,164,28.0,0.013099898,0.000134881030303,10,0-30,96.23863840680767
1,165,27.0,0.012897991,0.0001372928181818,10,0-30,97.96271182107567
1,166,26.0,0.012889197,0.0001333022,10,0-30,95.11000708107213
1,167,25.0,0.012521633,9.85938666666663e-05,10,0-30,70.29865643139296
1,168,24.0,0.012095857,2.7632484848485168e-05,10,0-30,19.571711119220808
1,169,23.0,0.012013022,-4.5380090909090025e-05,10,0-30,0.0
1,170,22.0,0.011686562,-9.751929696969592e-05,10,0-30,0.0
1,171,21.0,0.011695934,-0.0001510717636363,10,0-30,0.0
1,172,20.0,0.011919116,-0.0001761573757575,10,0-30,0.0
1,173,19.0,0.012042868,-0.0001510288363636,10,0-30,0.0
1,174,18.0,0.012282645,-9.69771575757579e-05,10,0-30,0.0
1,175,17.0,0.01235385,-4.259593939393962e-05,10,0-30,0.0
1,176,16.0,0.012120092,5.044224242424129e-06,10,0-30,3.424428877780931
1,177,15.0,0.012628917,6.525669696969662e-05,10,0-30,46.46748600106312
1,178,14.0,0.012862839,0.0001085430727272,10,0-30,77.41087463798539
1,179,13.0,0.013160906,0.0001532685636363,10,0-30,100.0
1,180,12.0,0.013576027,0.0001849592727272,10,0-30,100.0
1,181,11.0,0.014592714,0.000249827830303,10,0-30,100.0
1,182,10.0,0.015623846,0.0003507062666666,10,0-30,100.0
1,183,9.0,0.016078822,0.000439745890909,10,0-30,100.0
1,184,8.0,0.017639121,0.0005809572121212,10,0-30,100.0
1,185,7.0,0.018172387,0.0006910757878787,10,0-30,100.0
1,186,6.0,0.01848796,0.0007322958484848,10,0-30,100.0
1,187,5.0,0.019302921,0.0007747037151515,10,0-30,100.0
1,188,4.0,0.019855127,0.000781929690909,10,0-30,100.0
1,189,3.0,0.021205299,0.0007979175393939,10,0-30,100.0
1,190,2.0,0.022611434,0.0008207705999999,10,0-30,100.0
1,191,1.0,0.023352735,0.0008423173090909,10,0-30,100.0
1,192,0.0,0.024626328,0.0008958927878787,10,0-30,100.0
5,39,230.0,0.0091761295,-4.635306666666685e-05,10,RUL > 125,0.0
5,40,229.0,0.009335235,-5.642397272727275e-05,10,RUL > 125,0.0
5,41,228.0,0.009405471,-5.343567575757562e-05,10,RUL > 125,0.0
5,42,227.0,0.009597028,-3.535848181818164e-05,10,RUL > 125,0.0
5,43,226.0,0.009552376,-1.339864545454556e-05,10,RUL > 125,0.0
5,44,225.0,0.0095143225,1.1794727272728392e-06,10,RUL > 125,0.6617002818732286
5,45,224.0,0.009578072,1.95637999999999e-05,10,RUL > 125,13.803788841453143
5,46,223.0,0.009573771,4.1689163636363743e-05,10,RUL > 125,29.620167869548553
5,47,222.0,0.009554455,4.353663636363616e-05,10,RUL > 125,30.94083899517855
5,48,221.0,0.00967374,4.096735151515149e-05,10,RUL > 125,29.10417842486421
5,49,220.0,0.00956557,2.343010606060617e-05,10,RUL > 125,16.56762870859401
5,50,219.0,0.009728801,2.0682912121212127e-05,10,RUL > 125,14.603789319408559
5,51,218.0,0.010005209,3.292442121212107e-05,10,RUL > 125,23.354666857053903
5,52,217.0,0.010332384,6.85127545454544e-05,10,RUL > 125,48.7950880057979
5,53,216.0,0.010386903,9.518464545454563e-05,10,RUL > 125,67.86156496624291
5,54,215.0,0.010155927,9.66054666666665e-05,10,RUL > 125,68.87724304464194
5,55,214.0,0.0102131,9.761775757575756e-05,10,RUL > 125,69.60088207575667
5,56,213.0,0.009958716,7.677051515151496e-05,10,RUL > 125,54.69817162581443
5,57,212.0,0.009985817,5.144777575757576e-05,10,RUL > 125,36.59613945735931
5,58,211.0,0.009821955,1.991081212121187e-05,10,RUL > 125,14.051851441762746
5,59,210.0,0.009574606,-3.412579393939412e-05,10,RUL > 125,0.0
5,60,209.0,0.009604983,-7.573293333333291e-05,10,RUL > 125,0.0
5,61,208.0,0.009557159,-0.000100020630303,10,RUL > 125,0.0
5,62,207.0,0.009565367,-9.661804242424186e-05,10,RUL > 125,0.0
5,63,206.0,0.009468809,-8.555047878787955e-05,10,RUL > 125,0.0
5,64,205.0,0.009303221,-8.778497575757595e-05,10,RUL > 125,0.0
5,65,204.0,0.009612279,-5.901439999999949e-05,10,RUL > 125,0.0
5,66,203.0,0.009423045,-5.02419333333338e-05,10,RUL > 125,0.0
5,67,202.0,0.009631012,-2.1826096969697e-05,10,RUL > 125,0.0
5,68,201.0,0.009919704,1.571310909090893e-05,10,RUL > 125,11.051111509717629
5,69,200.0,0.010065919,4.355290909090875e-05,10,RUL > 125,30.952471600481413
5,70,199.0,0.0099934535,6.350986969696976e-05,10,RUL > 125,45.218761564432675
5,71,198.0,0.0101185255,8.23919393939397e-05,10,RUL > 125,58.71666270949479
5,72,197.0,0.009858904,8.0855593939394e-05,10,RUL > 125,57.618401798327234
5,73,196.0,0.01007301,8.100253333333307e-05,10,RUL > 125,57.72344184136994
5,74,195.0,0.01033035,7.682335151515178e-05,10,RUL > 125,54.73594185040738
5,75,194.0,0.010564207,9.355382424242426e-05,10,RUL > 125,66.69576779147573
5,76,193.0,0.010678384,9.235801212121202e-05,10,RUL > 125,65.84093810070407
5,77,192.0,0.0110319145,0.0001090939181818,10,RUL > 125,77.80464807552283
5,78,191.0,0.011160998,0.0001351362393939,10,RUL > 125,96.42107535019223
5,79,190.0,0.011064014,0.0001505902030303,10,RUL > 125,100.0
5,80,189.0,0.010834239,0.000136581830303,10,RUL > 125,97.45446011681894
5,81,188.0,0.010636448,0.0001099316515151,10,RUL > 125,78.40350412786657
5,82,187.0,0.010557518,5.539025151515173e-05,10,RUL > 125,39.414429448689226
5,83,186.0,0.01035494,-4.3951727272723056e-06,10,RUL > 125,0.0
5,84,185.0,0.010298423,-5.3524675757575566e-05,10,RUL > 125,0.0
5,85,184.0,0.010627439,-6.873039090909138e-05,10,RUL > 125,0.0
5,86,183.0,0.010589107,-7.918159090909028e-05,10,RUL > 125,0.0
5,87,182.0,0.010520862,-6.87044e-05,10,RUL > 125,0.0
5,88,181.0,0.010658527,-3.591806666666682e-05,10,RUL > 125,0.0
5,89,180.0,0.010824054,5.5219696969697375e-06,10,RUL > 125,3.765946572686708
5,90,179.0,0.010487576,1.6198933333333227e-05,10,RUL > 125,11.398404349081003
5,91,178.0,0.0104452735,1.5584396969696727e-05,10,RUL > 125,10.959101284346392
5,92,177.0,0.010345547,6.585500000000278e-06,10,RUL > 125,4.526214230071101
5,93,176.0,0.010439764,-8.210142424242243e-06,10,RUL > 125,0.0
5,94,175.0,0.010548535,-2.186879090909081e-05,10,RUL > 125,0.0
5,95,174.0,0.010128689,-3.952539090909087e-05,10,RUL > 125,0.0
5,96,173.0,0.010137264,-5.322427575757605e-05,10,RUL > 125,0.0
5,97,172.0,0.010064649,-6.995676060606071e-05,10,RUL > 125,0.0
5,98,171.0,0.010021391,-7.434125151515179e-05,10,RUL > 125,0.0
5,99,170.0,0.009983689,-6.202422121212109e-05,10,RUL > 125,0.0
5,100,169.0,0.009862864,-6.854326969696918e-05,10,RUL > 125,0.0
5,101,168.0,0.010119416,-5.631647272727356e-05,10,RUL > 125,0.0
5,102,167.0,0.0102482615,-3.976038484848471e-05,10,RUL > 125,0.0
5,103,166.0,0.010410662,-6.885736363636096e-06,10,RUL > 125,0.0
5,104,165.0,0.010171666,2.0556918181818308e-05,10,RUL > 125,14.513722194029416
5,105,164.0,0.009761811,2.222221212121148e-06,10,RUL > 125,1.4071119975128767
5,106,163.0,0.009612557,-1.923493030303027e-05,10,RUL > 125,0.0
5,107,162.0,0.009710925,-3.380746969696953e-05,10,RUL > 125,0.0
5,108,161.0,0.009525638,-5.708287575757454e-05,10,RUL > 125,0.0
5,109,160.0,0.009704982,-6.708022121212003e-05,10,RUL > 125,0.0
5,110,159.0,0.009843626,-7.419189999999942e-05,10,RUL > 125,0.0
5,111,158.0,0.010024391,-5.410701515151487e-05,10,RUL > 125,0.0
5,112,157.0,0.009855683,-3.348286666666694e-05,10,RUL > 125,0.0
5,113,156.0,0.009727857,-4.245818181818312e-06,10,RUL > 125,0.0
5,114,155.0,0.009877941,2.552098787878809e-05,10,RUL > 125,18.06230151410517
5,115,154.0,0.009862273,3.06698121212118e-05,10,RUL > 125,21.742953145673248
5,116,153.0,0.010051532,3.497386666666623e-05,10,RUL > 125,24.8197187603464
5,117,152.0,0.010214613,4.941020606060624e-05,10,RUL > 125,35.139576973095075
5,118,151.0,0.010100977,3.91904424242424e-05,10,RUL > 125,27.833949915078442
5,119,150.0,0.010027314,2.9935157575757717e-05,10,RUL > 125,21.217783257549115
5,120,149.0,0.010107365,3.0382169696969718e-05,10,RUL > 125,21.537331141843406
5,121,148.0,0.010272551,4.869349090909066e-05,10,RUL > 125,34.62723111167301
5,122,147.0,0.010363961,5.773561212121236e-05,10,RUL > 125,41.091017138396225
5,123,146.0,0.01070384,7.06339090909095e-05,10,RUL > 125,50.3114013563702
5,124,145.0,0.010804833,8.721641818181825e-05,10,RUL > 125,62.165455071789886
5,125,144.0,0.010930336,9.836495757575748e-05,10,RUL > 125,70.13502011769006
5,126,143.0,0.011022559,0.000114214890909,10,RUL > 125,81.46538997233921
5,127,142.0,0.01105425,0.0001308954666666,10,RUL > 125,93.38954692293743
5,128,141.0,0.011368556,0.0001469668545454,10,RUL > 125,100.0
5,129,140.0,0.011330164,0.0001406686727272,10,RUL > 125,100.0
5,130,139.0,0.011408697,0.0001281987212121,10,RUL > 125,91.46177077644444
5,131,138.0,0.011139713,9.629559393939394e-05,10,RUL > 125,68.6557296455601
5,132,137.0,0.011034441,5.4233303030302776e-05,10,RUL > 125,38.58738153873862
5,133,136.0,0.010939644,2.1531836363636622e-05,10,RUL > 125,15.21064522492041
5,134,135.0,0.011058826,-7.941575757570331e-07,10,RUL > 125,0.0
5,135,134.0,0.010944502,-2.406784242424252e-05,10,RUL > 125,0.0
5,136,133.0,0.011079037,-3.402676363636376e-05,10,RUL > 125,0.0
5,137,132.0,0.011027106,-4.539013333333287e-05,10,RUL > 125,0.0
5,138,131.0,0.010799531,-4.788393333333354e-05,10,RUL > 125,0.0
5,139,130.0,0.01073627,-4.9490527272728086e-05,10,RUL > 125,0.0
5,140,129.0,0.010944625,-2.729805454545457e-05,10,RUL > 125,0.0
5,141,128.0,0.011192825,-3.874551515151278e-06,10,RUL > 125,0.0
5,142,127.0,0.011000376,1.3898181818179768e-06,10,RUL > 125,0.8120663274036634
5,143,126.0,0.0113047715,1.735068787878803e-05,10,RUL > 125,12.221739356705704
5,144,125.0,0.0113712605,4.0457909090908986e-05,10,76-125,28.740002061156073
5,145,124.0,0.011009629,3.243109090909097e-05,10,76-125,23.00200828895041
5,146,123.0,0.011041094,3.430012727272707e-05,10,76-125,24.338094241272408
5,147,122.0,0.011141166,3.862548484848451e-05,10,76-125,27.430088387655015
5,148,121.0,0.011223348,3.087928484848468e-05,10,76-125,21.89269531963469
5,149,120.0,0.011219332,1.355945454545495e-05,10,76-125,9.511565441851115
5,150,119.0,0.011336362,1.06581151515147e-05,10,76-125,7.4375347367338485
5,151,118.0,0.011090517,6.14538787878777e-06,10,76-125,4.211598830371389
5,152,117.0,0.011157317,-6.313539393939617e-06,10,76-125,0.0
5,153,116.0,0.01083748,-1.782740303030263e-05,10,76-125,0.0
5,154,115.0,0.011034811,-8.481018181818285e-06,10,76-125,0.0
5,155,114.0,0.011093897,-1.594235151515148e-05,10,76-125,0.0
5,156,113.0,0.011056398,-2.4372848484849177e-05,10,76-125,0.0
5,157,112.0,0.010815052,-3.9481709090908383e-05,10,76-125,0.0
5,158,111.0,0.010820016,-4.488810909090894e-05,10,76-125,0.0
5,159,110.0,0.0108623095,-4.336645151515173e-05,10,76-125,0.0
5,160,109.0,0.010972599,-2.369945757575732e-05,10,76-125,0.0
5,161,108.0,0.010909216,-1.947013636363644e-05,10,76-125,0.0
5,162,107.0,0.010771797,-1.6085475757576217e-05,10,76-125,0.0
5,163,106.0,0.011001412,-1.6825857575757558e-05,10,76-125,0.0
5,164,105.0,0.010820273,-1.6278203030303353e-05,10,76-125,0.0
5,165,104.0,0.01101819,1.6044515151515817e-06,10,76-125,0.9654975752629522
5,166,103.0,0.010593688,-5.24982121212157e-06,10,76-125,0.0
5,167,102.0,0.010306251,-3.8263603030302935e-05,10,76-125,0.0
5,168,101.0,0.010448726,-5.700780303030308e-05,10,76-125,0.0
5,169,100.0,0.0106255915,-5.8784742424241786e-05,10,76-125,0.0
5,170,99.0,0.010867125,-3.716518484848482e-05,10,76-125,0.0
5,171,98.0,0.010597583,-3.319497878787961e-05,10,76-125,0.0
5,172,97.0,0.010866642,-1.9932724242424498e-05,10,76-125,0.0
5,173,96.0,0.010776474,2.5693060606059666e-06,10,76-125,1.6552265871200078
5,174,95.0,0.010656246,9.164033333333815e-06,10,76-125,6.369486106043936
5,175,94.0,0.0109051885,4.452011515151485e-05,10,76-125,31.643881599622613
5,176,93.0,0.010810972,4.780669696969695e-05,10,76-125,33.99330394573859
5,177,92.0,0.010367397,5.102066666666643e-06,10,76-125,3.4657776990143088
5,178,91.0,0.010064607,-4.5361212121211175e-05,10,76-125,0.0
5,179,90.0,0.010107024,-7.70638151515146e-05,10,76-125,0.0
5,180,89.0,0.010238662,-7.91982636363633e-05,10,76-125,0.0
5,181,88.0,0.010529073,-7.584384545454509e-05,10,76-125,0.0
5,182,87.0,0.010398492,-6.08443363636371e-05,10,76-125,0.0
5,183,86.0,0.010574349,-3.658928181818204e-05,10,76-125,0.0
5,184,85.0,0.010294584,-3.3159336363636155e-05,10,76-125,0.0
5,185,84.0,0.010228882,-1.233318787878778e-05,10,76-125,0.0
5,186,83.0,0.010255839,1.1879896969696729e-05,10,76-125,8.310928939134325
5,187,82.0,0.010501587,2.6654636363636583e-05,10,76-125,18.872693352887012
5,188,81.0,0.010353076,1.151623030303072e-05,10,76-125,8.050960789710548
5,189,80.0,0.010717326,1.5577212121211763e-05,10,76-125,10.953965175003049
5,190,79.0,0.01069143,1.9603951515151517e-05,10,76-125,13.832491266083425
5,191,78.0,0.010840643,4.564221818181816e-05,10,76-125,32.44602013743551
5,192,77.0,0.010994425,6.758658787878855e-05,10,76-125,48.13301513396048
5,193,76.0,0.011087481,9.910710909090886e-05,10,76-125,70.66554923589254
5,194,75.0,0.011263262,0.0001153449030303,10,31-75,82.2731823463117
5,195,74.0,0.01169245,0.0001388712666666,10,31-75,99.09107020298667
5,196,73.0,0.012056699,0.0001663226727272,10,31-75,100.0
5,197,72.0,0.01213296,0.0001924883636363,10,31-75,100.0
5,198,71.0,0.0119246645,0.000177617530303,10,31-75,100.0
5,199,70.0,0.012564823,0.0002028982090909,10,31-75,100.0
5,200,69.0,0.012217937,0.000185137530303,10,31-75,100.0
5,201,68.0,0.012339982,0.0001654782696969,10,31-75,100.0
5,202,67.0,0.012348382,0.0001383555181818,10,31-75,98.72238593398077
5,203,66.0,0.012298152,9.828508181818134e-05,10,31-75,70.07792070555185
5,204,65.0,0.012605699,7.203386969696899e-05,10,31-75,51.31216717128532
5,205,64.0,0.012873895,7.275209999999979e-05,10,31-75,51.825596143070825
5,206,63.0,0.012947345,8.743941515151649e-05,10,31-75,62.32486508885589
5,207,62.0,0.013142379,0.0001070533060606,10,31-75,76.34591070565745
5,208,61.0,0.013654294,0.0001284680848484,10,31-75,91.65432613680493
5,209,60.0,0.014218165,0.000202351490909,10,31-75,100.0
5,210,59.0,0.014671476,0.0002577947090909,10,31-75,100.0
5,211,58.0,0.015002128,0.0003096699575757,10,31-75,100.0
5,212,57.0,0.01570188,0.000368005060606,10,31-75,100.0
5,213,56.0,0.01575312,0.0003851379454545,10,31-75,100.0
5,214,55.0,0.01619198,0.0004048333818181,10,31-75,100.0
5,215,54.0,0.016905557,0.000437860860606,10,31-75,100.0
5,216,53.0,0.017326728,0.0004498893393939,10,31-75,100.0
5,217,52.0,0.017842151,0.0004499506363636,10,31-75,100.0
5,218,51.0,0.018387191,0.0004569021212121,10,31-75,100.0
5,219,50.0,0.018613502,0.0004564207939393,10,31-75,100.0
5,220,49.0,0.01865049,0.0004349009151515,10,31-75,100.0
5,221,48.0,0.018971814,0.0004047207939393,10,31-75,100.0
5,222,47.0,0.019744262,0.0004152069272727,10,31-75,100.0
5,223,46.0,0.020190725,0.0004044630181818,10,31-75,100.0
5,224,45.0,0.021175833,0.0004229204545454,10,31-75,100.0
5,225,44.0,0.021565014,0.0004497674060606,10,31-75,100.0
5,226,43.0,0.021797825,0.0004609129393939,10,31-75,100.0
5,227,42.0,0.023067683,0.0005214898727272,10,31-75,100.0
5,228,41.0,0.023978833,0.0006047621151515,10,31-75,100.0
5,229,40.0,0.024192933,0.000647022460606,10,31-75,100.0
5,230,39.0,0.02531794,0.0006854832242424,10,31-75,100.0
5,231,38.0,0.026453692,0.0007264981212121,10,31-75,100.0
5,232,37.0,0.027869452,0.0008055433939393,10,31-75,100.0
5,233,36.0,0.029299667,0.0008938774424242,10,31-75,100.0
5,234,35.0,0.029964678,0.0009737472666666,10,31-75,100.0
5,235,34.0,0.03120158,0.0010404984181818,10,31-75,100.0
5,236,33.0,0.032754045,0.0010906433515151,10,31-75,100.0
5,237,32.0,0.03467526,0.0011974363636363,10,31-75,100.0
5,238,31.0,0.0354076,0.0012642206242424,10,31-75,100.0
5,239,30.0,0.036452573,0.0012637462363636,10,0-30,100.0
5,240,29.0,0.038706027,0.001312586290909,10,0-30,100.0
5,241,28.0,0.04043558,0.0013692025575757,10,0-30,100.0
5,242,27.0,0.042779904,0.0014785976121212,10,0-30,100.0
5,243,26.0,0.045008324,0.0016241577636363,10,0-30,100.0
5,244,25.0,0.047269616,0.0017469872181818,10,0-30,100.0
5,245,24.0,0.04887807,0.0018302538363636,10,0-30,100.0
5,246,23.0,0.05184794,0.0019647505454545,10,0-30,100.0
5,247,22.0,0.05422773,0.002125693830303,10,0-30,100.0
5,248,21.0,0.05727262,0.0022645450545454,10,0-30,100.0
5,249,20.0,0.06025715,0.0023708231454545,10,0-30,100.0
5,250,19.0,0.063791744,0.0025315872121212,10,0-30,100.0
5,251,18.0,0.066760965,0.0026655430242424,10,0-30,100.0
5,252,17.0,0.069658026,0.0027947130363636,10,0-30,100.0
5,253,16.0,0.073588215,0.0029610229090908,10,0-30,100.0
5,254,15.0,0.077670306,0.0031543221696969,10,0-30,100.0
5,255,14.0,0.08124491,0.0032813368848484,10,0-30,100.0
5,256,13.0,0.08653641,0.0035026448727272,10,0-30,100.0
5,257,12.0,0.090893984,0.0036998250787878,10,0-30,100.0
5,258,11.0,0.09543097,0.0039030304727273,10,0-30,100.0
5,259,10.0,0.10162145,0.0041803416242424,10,0-30,100.0
5,260,9.0,0.1050474,0.004378776921212,10,0-30,100.0
5,261,8.0,0.1100395,0.004547388090909,10,0-30,100.0
5,262,7.0,0.11412977,0.0046076539939393,10,0-30,100.0
5,263,6.0,0.119870596,0.0047040170181818,10,0-30,100.0
5,264,5.0,0.1269594,0.0048981829212121,10,0-30,100.0
5,265,4.0,0.13382202,0.005107536921212,10,0-30,100.0
5,266,3.0,0.14191328,0.0054737007393939,10,0-30,100.0
5,267,2.0,0.14965524,0.0058814234303029,10,0-30,100.0
5,268,1.0,0.15789448,0.0063287672969696,10,0-30,100.0
5,269,0.0,0.1662214,0.0068858720121212,10,0-30,100.0
11,39,201.0,0.011243178,4.967295757575728e-05,10,RUL > 125,35.327405639874826
11,40,200.0,0.010984398,2.653789090909031e-05,10,RUL > 125,18.78923753316542
11,41,199.0,0.01084941,1.584548484848495e-05,10,RUL > 125,11.145740695947703
11,42,198.0,0.011016083,2.2939333333333864e-05,10,RUL > 125,16.216798430784095
11,43,197.0,0.01097336,1.362626666666676e-05,10,RUL > 125,9.559326276435558
11,44,196.0,0.010562638,-2.5959054545454545e-05,10,RUL > 125,0.0
11,45,195.0,0.010483297,-5.400701212121211e-05,10,RUL > 125,0.0
11,46,194.0,0.010522252,-7.284957575757604e-05,10,RUL > 125,0.0
11,47,193.0,0.010256504,-9.59525636363643e-05,10,RUL > 125,0.0
11,48,192.0,0.010386955,-9.967354545454569e-05,10,RUL > 125,0.0
11,49,191.0,0.010435041,-8.128459393939359e-05,10,RUL > 125,0.0
11,50,190.0,0.010944679,-4.255360606060595e-05,10,RUL > 125,0.0
11,51,189.0,0.010937135,-1.2751866666666622e-05,10,RUL > 125,0.0
11,52,188.0,0.011009477,3.104399999999992e-05,10,RUL > 125,22.010442413461142
11,53,187.0,0.010771541,5.909341212121228e-05,10,RUL > 125,42.061644324339994
11,54,186.0,0.010946712,7.176243030303007e-05,10,RUL > 125,51.11812794968182
11,55,185.0,0.010249212,3.644115151515159e-05,10,RUL > 125,25.868611501150184
11,56,184.0,0.010165731,2.000757575757767e-06,10,RUL > 125,1.248798088135739
11,57,183.0,0.010125523,-4.8027866666666106e-05,10,RUL > 125,0.0
11,58,182.0,0.009935736,-9.81241272727272e-05,10,RUL > 125,0.0
11,59,181.0,0.01001131,-0.0001354231151515,10,RUL > 125,0.0
11,60,180.0,0.00983852,-0.0001430350121212,10,RUL > 125,0.0
11,61,179.0,0.009755327,-0.0001422796545454,10,RUL > 125,0.0
11,62,178.0,0.009766751,-0.0001217534242424,10,RUL > 125,0.0
11,63,177.0,0.009687899,-0.0001063272666666,10,RUL > 125,0.0
11,64,176.0,0.009780468,-6.103876969697031e-05,10,RUL > 125,0.0
11,65,175.0,0.009696079,-5.271701818181813e-05,10,RUL > 125,0.0
11,66,174.0,0.009747556,-4.0448187878788525e-05,10,RUL > 125,0.0
11,67,173.0,0.010021619,-1.0842212121212169e-05,10,RUL > 125,0.0
11,68,172.0,0.009843505,-2.3445696969700502e-06,10,RUL > 125,0.0
11,69,171.0,0.009612678,-2.812727272728392e-07,10,RUL > 125,0.0
11,70,170.0,0.009701343,-6.91333333332771e-08,10,RUL > 125,0.0
11,71,169.0,0.009810168,2.1954666666668063e-06,10,RUL > 125,1.3879864347160331
11,72,168.0,0.009747937,1.1625090909094451e-06,10,RUL > 125,0.6495737782447297
11,73,167.0,0.009740602,-5.299290909091546e-06,10,RUL > 125,0.0
11,74,166.0,0.009796724,-3.167448484848421e-06,10,RUL > 125,0.0
11,75,165.0,0.00953269,-2.1260436363635855e-05,10,RUL > 125,0.0
11,76,164.0,0.009757156,-2.1697551515151588e-05,10,RUL > 125,0.0
11,77,163.0,0.009883922,2.9343454545455108e-06,10,RUL > 125,1.9161760345336059
11,78,162.0,0.009883486,1.733724848484828e-05,10,RUL > 125,12.212132167782057
11,79,161.0,0.009656066,3.462339393939196e-06,10,RUL > 125,2.2936140015310236
11,80,160.0,0.009124075,-3.404517575757644e-05,10,RUL > 125,0.0
11,81,159.0,0.009226702,-5.170266666666624e-05,10,RUL > 125,0.0
11,82,158.0,0.00922144,-6.672359393939409e-05,10,RUL > 125,0.0
11,83,157.0,0.009267518,-7.333839393939369e-05,10,RUL > 125,0.0
11,84,156.0,0.009439797,-6.108033939393931e-05,10,RUL > 125,0.0
11,85,155.0,0.009418427,-6.326380000000014e-05,10,RUL > 125,0.0
11,86,154.0,0.009540085,-4.246196363636347e-05,10,RUL > 125,0.0
11,87,153.0,0.009596362,-7.5082424242424624e-06,10,RUL > 125,0.0
11,88,152.0,0.0095335515,2.747596060606076e-05,10,RUL > 125,19.459819320018866
11,89,151.0,0.009574632,5.3781215151515147e-05,10,RUL > 125,38.264205234727015
11,90,150.0,0.009530835,4.321855454545446e-05,10,RUL > 125,30.713457304147763
11,91,149.0,0.009229771,1.8145596969696867e-05,10,RUL > 125,12.789982377761838
11,92,148.0,0.009282861,-4.419542424242983e-06,10,RUL > 125,0.0
11,93,147.0,0.00959423,-7.67354848484846e-06,10,RUL > 125,0.0
11,94,146.0,0.009559604,-5.29112424242408e-06,10,RUL > 125,0.0
11,95,145.0,0.009573554,-5.024663636363636e-06,10,RUL > 125,0.0
11,96,144.0,0.009619569,3.981912121212077e-06,10,RUL > 125,2.665032041128933
11,97,143.0,0.009351758,1.1689727272724075e-06,10,RUL > 125,0.6541943270545297
11,98,142.0,0.009493808,4.8817454545455165e-06,10,RUL > 125,3.3082804548510563
11,99,141.0,0.009611814,1.8251648484848548e-05,10,RUL > 125,12.865793604538062
11,100,140.0,0.009458961,1.9913624242424795e-05,10,RUL > 125,14.053861694597797
11,101,139.0,0.00930999,-5.749824242424958e-06,10,RUL > 125,0.0
11,102,138.0,0.0093979975,-2.4045881818181583e-05,10,RUL > 125,0.0
11,103,137.0,0.009407354,-2.2469245454545623e-05,10,RUL > 125,0.0
11,104,136.0,0.0094721895,-1.739936363636364e-05,10,RUL > 125,0.0
11,105,135.0,0.009535791,-6.870739393938969e-06,10,RUL > 125,0.0
11,106,134.0,0.00937869,-1.3858606060604885e-06,10,RUL > 125,0.0
11,107,133.0,0.00947233,-5.727666666666288e-06,10,RUL > 125,0.0
11,108,132.0,0.009737373,1.2395939393939214e-05,10,RUL > 125,8.679823331585437
11,109,131.0,0.009983041,4.883438181818148e-05,10,RUL > 125,34.727947378145174
11,110,130.0,0.0100263255,7.294387575757548e-05,10,RUL > 125,51.96268758798757
11,111,129.0,0.010198825,8.965388787878799e-05,10,RUL > 125,63.90788720670897
11,112,128.0,0.010189958,0.0001009736545454,10,RUL > 125,71.99985455473848
11,113,127.0,0.010316339,0.0001102111757575,10,RUL > 125,78.60332282635221
11,114,126.0,0.010135142,0.000102869590909,10,RUL > 125,73.35517004842654
11,115,125.0,0.010340705,0.0001029448454545,10,76-125,73.40896597398859
11,116,124.0,0.010169216,7.343622121212142e-05,10,76-125,52.31464213435535
11,117,123.0,0.010035897,3.3316184848484864e-05,10,76-125,23.634720205057228
11,118,122.0,0.010464315,2.7402821212121447e-05,10,76-125,19.407535416556684
11,119,121.0,0.010356277,2.316292424242375e-05,10,76-125,16.376633027110906
11,120,120.0,0.010667766,3.427489696969697e-05,10,76-125,24.320058287501144
11,121,119.0,0.010755198,5.3880818181818e-05,10,76-125,38.33540674379635
11,122,118.0,0.010630699,5.936083636363619e-05,10,76-125,42.252813303480586
11,123,117.0,0.010443489,5.771248484848479e-05,10,76-125,41.07448454180901
11,124,116.0,0.010223923,3.04667939393936e-05,10,76-125,21.597825021859997
11,125,115.0,0.010562202,3.430075151515149e-05,10,76-125,24.338540482742253
11,126,114.0,0.010520292,2.173129696969664e-05,10,76-125,15.353230205599955
11,127,113.0,0.010618204,1.3590969696970329e-06,10,76-125,0.7901051816754742
11,128,112.0,0.010891998,1.7424048484848787e-05,10,76-125,12.274181394281111
11,129,111.0,0.011075849,3.113066666666704e-05,10,76-125,22.07239632624818
11,130,110.0,0.011074485,5.680673333333288e-05,10,76-125,40.427005499007215
11,131,109.0,0.011278217,9.449432727272631e-05,10,76-125,67.36808905357157
11,132,108.0,0.01103428,0.0001042367090909,10,76-125,74.3324583631638
11,133,107.0,0.010984779,9.390647878787915e-05,10,76-125,66.947863894779
11,134,106.0,0.011392664,8.46256969696962e-05,10,76-125,60.31347065605338
11,135,105.0,0.011305327,7.896645454545423e-05,10,76-125,56.26794513770314
11,136,104.0,0.011580202,7.649881818181791e-05,10,76-125,54.50394827544876
11,137,103.0,0.011613311,6.951719999999955e-05,10,76-125,49.5131186914506
11,138,102.0,0.011586195,6.724755757575777e-05,10,76-125,47.890658359044835
11,139,101.0,0.011610301,7.01350121212123e-05,10,76-125,49.95476344079125
11,140,100.0,0.011420432,5.609683636363601e-05,10,76-125,39.91953363422085
11,141,99.0,0.011144768,3.6411278787878485e-05,10,76-125,25.84725689722504
11,142,98.0,0.011134572,1.524672727272688e-06,10,76-125,0.9084674821881982
11,143,97.0,0.0111141475,-3.899172424242503e-05,10,76-125,0.0
11,144,96.0,0.011308225,-4.329784545454546e-05,10,76-125,0.0
11,145,95.0,0.011411209,-4.6785621212120935e-05,10,76-125,0.0
11,146,94.0,0.011390833,-3.434323333333297e-05,10,76-125,0.0
11,147,93.0,0.011509453,-1.0928015151515662e-05,10,76-125,0.0
11,148,92.0,0.011411899,6.617227272726886e-06,10,76-125,4.548894561080308
11,149,91.0,0.011642717,4.047228787878712e-05,10,76-125,28.75028077850431
11,150,90.0,0.011266306,4.074498484848414e-05,10,76-125,28.945218981709807
11,151,89.0,0.011323264,2.761507575757551e-05,10,76-125,19.559266181144892
11,152,88.0,0.011548363,2.3919972727272763e-05,10,76-125,16.917811286406856
11,153,87.0,0.011686472,2.138080606060613e-05,10,76-125,15.102680783896158
11,154,86.0,0.011824292,3.236032727272716e-05,10,76-125,22.95142270253786
11,155,85.0,0.011329459,1.6959200000000276e-05,10,76-125,11.941883134788721
11,156,84.0,0.01123247,-4.0997272727273e-06,10,76-125,0.0
11,157,83.0,0.011394853,-6.473848484848397e-06,10,76-125,0.0
11,158,82.0,0.011445856,-1.118049696969696e-05,10,76-125,0.0
11,159,81.0,0.011493567,1.6915393939391087e-06,10,76-125,1.0277525927304405
11,160,80.0,0.011512974,-7.664048484848098e-06,10,76-125,0.0
11,161,79.0,0.011119626,-3.766769696969742e-05,10,76-125,0.0
11,162,78.0,0.011136715,-4.926427878787925e-05,10,76-125,0.0
11,163,77.0,0.010999782,-5.413299393939441e-05,10,76-125,0.0
11,164,76.0,0.010645546,-6.0812157575757774e-05,10,76-125,0.0
11,165,75.0,0.010796201,-7.797481212121164e-05,10,31-75,0.0
11,166,74.0,0.01035147,-0.0001193977212121,10,31-75,0.0
11,167,73.0,0.010241967,-0.0001452891999999,10,31-75,0.0
11,168,72.0,0.010253633,-0.0001531697757575,10,31-75,0.0
11,169,71.0,0.0100946585,-0.0001520897666666,10,31-75,0.0
11,170,70.0,0.009978184,-0.0001391126454545,10,31-75,0.0
11,171,69.0,0.010190214,-0.0001221899363636,10,31-75,0.0
11,172,68.0,0.009833568,-0.0001123157787878,10,31-75,0.0
11,173,67.0,0.009617676,-0.0001075506939393,10,31-75,0.0
11,174,66.0,0.009778089,-0.0001008987424242,10,31-75,0.0
11,175,65.0,0.009764817,-7.441242121212084e-05,10,31-75,0.0
11,176,64.0,0.009839904,-6.097755454545424e-05,10,31-75,0.0
11,177,63.0,0.009944609,-4.293090606060604e-05,10,31-75,0.0
11,178,62.0,0.010289649,-1.6818212121213949e-06,10,31-75,0.0
11,179,61.0,0.010385188,3.374362424242361e-05,10,31-75,23.940276469676686
11,180,60.0,0.010135284,4.4251406060604805e-05,10,31-75,31.451794142892947
11,181,59.0,0.00996737,5.783133333333277e-05,10,31-75,41.15944371871406
11,182,58.0,0.010034191,5.398078181818185e-05,10,31-75,38.406866033132445
11,183,57.0,0.01010034,3.691376363636351e-05,10,31-75,26.206459618144496
11,184,56.0,0.010713583,5.8140090909090655e-05,10,31-75,41.38015994856877
11,185,55.0,0.010825394,7.324107878787892e-05,10,31-75,52.175144018211014
11,186,54.0,0.010928871,8.61365878787881e-05,10,31-75,61.393535313116274
11,187,53.0,0.010618576,7.58876484848477e-05,10,31-75,54.06705188194135
11,188,52.0,0.011222644,0.0001134212424242,10,31-75,80.89804809913991
11,189,51.0,0.011381294,0.0001546687090909,10,31-75,100.0
11,190,50.0,0.011635176,0.0001810300060606,10,31-75,100.0
11,191,49.0,0.0117801465,0.0001859240090909,10,31-75,100.0
11,192,48.0,0.011931962,0.0001815805424242,10,31-75,100.0
11,193,47.0,0.011987866,0.0001616930333333,10,31-75,100.0
11,194,46.0,0.012531446,0.0001894591060606,10,31-75,100.0
11,195,45.0,0.013254208,0.0002420679242424,10,31-75,100.0
11,196,44.0,0.013714216,0.0002972263848484,10,31-75,100.0
11,197,43.0,0.014028566,0.0003150831181818,10,31-75,100.0
11,198,42.0,0.014216445,0.0003421257848484,10,31-75,100.0
11,199,41.0,0.014519398,0.000359981330303,10,31-75,100.0
11,200,40.0,0.014875821,0.0003761659727272,10,31-75,100.0
11,201,39.0,0.015045171,0.0003719720424242,10,31-75,100.0
11,202,38.0,0.015359165,0.0003554500363636,10,31-75,100.0
11,203,37.0,0.01594941,0.000333308290909,10,31-75,100.0
11,204,36.0,0.016575254,0.0003335234424242,10,31-75,100.0
11,205,35.0,0.01766355,0.0003922684727272,10,31-75,100.0
11,206,34.0,0.018062834,0.000450013260606,10,31-75,100.0
11,207,33.0,0.019096637,0.0005323934484848,10,31-75,100.0
11,208,32.0,0.01972774,0.0006002915393939,10,31-75,100.0
11,209,31.0,0.02049634,0.0006635065575757,10,31-75,100.0
11,210,30.0,0.02225731,0.0007740882363636,10,0-30,100.0
11,211,29.0,0.023475446,0.0008729311030303,10,0-30,100.0
11,212,28.0,0.024377469,0.0009397230060606,10,0-30,100.0
11,213,27.0,0.026285242,0.0010406121454545,10,0-30,100.0
11,214,26.0,0.026986891,0.0010962131696969,10,0-30,100.0
11,215,25.0,0.028187755,0.0011636672727272,10,0-30,100.0
11,216,24.0,0.029730951,0.0012143485151514,10,0-30,100.0
11,217,23.0,0.030984627,0.0012609005636363,10,0-30,100.0
11,218,22.0,0.032436103,0.0012846007151515,10,0-30,100.0
11,219,21.0,0.034240235,0.0013039073030303,10,0-30,100.0
11,220,20.0,0.036029644,0.0013716233515151,10,0-30,100.0
11,221,19.0,0.038935337,0.001512103430303,10,0-30,100.0
11,222,18.0,0.041662015,0.0016740536484848,10,0-30,100.0
11,223,17.0,0.04494963,0.0019330035393939,10,0-30,100.0
11,224,16.0,0.048032038,0.0021806263696969,10,0-30,100.0
11,225,15.0,0.050597925,0.0023931715818181,10,0-30,100.0
11,226,14.0,0.053484634,0.0025944149575757,10,0-30,100.0
11,227,13.0,0.058397714,0.0028592994848484,10,0-30,100.0
11,228,12.0,0.06292077,0.0031353813818181,10,0-30,100.0
11,229,11.0,0.06821349,0.0034509214484848,10,0-30,100.0
11,230,10.0,0.07337473,0.0037554805999999,10,0-30,100.0
11,231,9.0,0.07919646,0.0041186338181818,10,0-30,100.0
11,232,8.0,0.083968244,0.0044358310848484,10,0-30,100.0
11,233,7.0,0.0900006,0.0047884375090909,10,0-30,100.0
11,234,6.0,0.09589525,0.0051219918,10,0-30,100.0
11,235,5.0,0.1017684,0.0053667987151514,10,0-30,100.0
11,236,4.0,0.110056326,0.0056358734060606,10,0-30,100.0
11,237,3.0,0.116604835,0.0059039606848485,10,0-30,100.0
11,238,2.0,0.12606347,0.0062839697151514,10,0-30,100.0
11,239,1.0,0.13446732,0.0067098525030302,10,0-30,100.0
11,240,0.0,0.14400941,0.0071972188666666,10,0-30,100.0
13,39,124.0,0.009191743,-6.745823333333347e-05,10,76-125,0.0
13,40,123.0,0.009275454,-3.810617878787883e-05,10,76-125,0.0
13,41,122.0,0.009261768,-1.77570575757574e-05,10,76-125,0.0
13,42,121.0,0.009053401,-3.5883999999994658e-06,10,76-125,0.0
13,43,120.0,0.008690154,-8.900006060606018e-06,10,76-125,0.0
13,44,119.0,0.008723033,-1.5900539393938725e-05,10,76-125,0.0
13,45,118.0,0.008409393,-6.624302424242466e-05,10,76-125,0.0
13,46,117.0,0.008329237,-0.0001065760363636,10,76-125,0.0
13,47,116.0,0.008581084,-0.0001102221878787,10,76-125,0.0
13,48,115.0,0.00859853,-0.0001015836787878,10,76-125,0.0
13,49,114.0,0.0089259185,-6.99785545454548e-05,10,76-125,0.0
13,50,113.0,0.008736465,-3.990440909090926e-05,10,76-125,0.0
13,51,112.0,0.008693596,-6.547772727272845e-06,10,76-125,0.0
13,52,111.0,0.008681111,1.912366363636354e-05,10,76-125,13.489156111987896
13,53,110.0,0.0087374635,2.816501212121232e-05,10,76-125,19.952389752425624
13,54,109.0,0.008843126,4.458825454545468e-05,10,76-125,31.69259123888593
13,55,108.0,0.008710645,3.142025454545455e-05,10,76-125,22.27940904378461
13,56,107.0,0.008683805,7.79298181818189e-06,10,76-125,5.389386036861473
13,57,106.0,0.008809567,3.517460606060529e-06,10,76-125,2.3330175565517504
13,58,105.0,0.0089575425,5.706906060606088e-06,10,76-125,3.8981488574230734
13,59,104.0,0.009146704,3.568848484848451e-05,10,76-125,25.330565597025277
13,60,103.0,0.009073988,4.6397315151515246e-05,10,76-125,32.985803350583105
13,61,102.0,0.009097013,5.141293333333366e-05,10,76-125,36.571232251442694
13,62,101.0,0.0092540635,5.927270606060586e-05,10,76-125,42.1898131060828
13,63,100.0,0.009500318,7.737649696969684e-05,10,76-125,55.1313594494372
13,64,99.0,0.009615334,9.955133333333324e-05,10,76-125,70.98310419711837
13,65,98.0,0.0097522875,0.0001110041969696,10,76-125,79.17021629188056
13,66,97.0,0.009824252,0.0001119670939393,10,76-125,79.85854592515038
13,67,96.0,0.010094869,0.0001222514515151,10,76-125,87.21034814420983
13,68,95.0,0.010067346,0.0001253201696969,10,76-125,89.40403005115873
13,69,94.0,0.009790007,0.0001124199090909,10,76-125,80.18224212219724
13,70,93.0,0.009797657,8.729157575757591e-05,10,76-125,62.21918167825624
13,71,92.0,0.00982595,5.6469751515151546e-05,10,76-125,40.186113089303596
13,72,91.0,0.009981042,3.574192424242439e-05,10,76-125,25.368766899542887
13,73,90.0,0.010182484,3.360694848484829e-05,10,76-125,23.842573416235773
13,74,89.0,0.010304441,3.752322727272738e-05,10,76-125,26.642136429382496
13,75,88.0,0.010186888,3.5804945454545496e-05,10,76-125,25.413817791998245
13,76,87.0,0.01012233,3.0095066666666527e-05,10,76-125,21.332094725302582
13,77,86.0,0.010059171,3.5368218181817845e-05,10,76-125,25.10162206085038
13,78,85.0,0.010252088,4.976195151515152e-05,10,76-125,35.39102321017994
13,79,84.0,0.010015276,3.051010303030277e-05,10,76-125,21.628784648487592
13,80,83.0,0.009950018,5.4781939393935184e-06,10,76-125,3.7346533480669066
13,81,82.0,0.010059993,-1.3515678787878384e-05,10,76-125,0.0
13,82,81.0,0.010344392,-9.494296969696527e-06,10,76-125,0.0
13,83,80.0,0.010276177,-1.685090909092037e-07,10,76-125,0.0
13,84,79.0,0.010184466,1.1149654545454454e-05,10,76-125,7.7889130683882035
13,85,78.0,0.010044202,8.434430303030183e-06,10,76-125,5.8479273078706315
13,86,77.0,0.010329204,1.869043030303014e-05,10,76-125,13.179458033338268
13,87,76.0,0.010367807,2.4333884848485128e-05,10,76-125,17.213697541702484
13,88,75.0,0.01037592,3.953995757575782e-05,10,31-75,28.083801813708686
13,89,74.0,0.010320672,3.444404242424239e-05,10,31-75,24.440972396030098
13,90,73.0,0.010439402,2.7772006060606198e-05,10,31-75,19.67144825392438
13,91,72.0,0.01044351,2.27237818181818e-05,10,31-75,16.062710818044387
13,92,71.0,0.01087624,5.559025454545429e-05,10,31-75,39.557402182878945
13,93,70.0,0.010757593,7.099076363636363e-05,10,31-75,50.566499841600276
13,94,69.0,0.010705636,7.16078424242428e-05,10,31-75,51.007620365524865
13,95,68.0,0.010995907,7.238973939393939e-05,10,31-75,51.56656163477999
13,96,67.0,0.010994663,8.056809696969717e-05,10,31-75,57.41288377309214
13,97,66.0,0.010555769,5.931414545454547e-05,10,31-75,42.21943617452206
13,98,65.0,0.010567122,3.694198787878783e-05,10,31-75,26.226635797994042
13,99,64.0,0.011019991,3.327097575757588e-05,10,31-75,23.602402358034052
13,100,63.0,0.010765546,1.515988484848559e-05,10,31-75,10.655637588949267
13,101,62.0,0.010984011,5.285672727272382e-06,10,31-75,3.5970290128513853
13,102,61.0,0.010967228,1.679316363636363e-05,10,31-75,11.823191568725248
13,103,60.0,0.010963528,1.908615151515179e-05,10,31-75,13.462340465611005
13,104,59.0,0.011093494,2.2508212121212128e-05,10,31-75,15.908610207980725
13,105,58.0,0.011295035,5.157350909090968e-05,10,31-75,36.68602028775645
13,106,57.0,0.011387685,8.198371515151531e-05,10,31-75,58.42484245050345
13,107,56.0,0.0112008685,6.818042727272722e-05,10,31-75,48.55752291113038
13,108,55.0,0.010927739,3.2416645454545446e-05,10,31-75,22.991681914745662
13,109,54.0,0.011243216,3.968085151515159e-05,10,31-75,28.18452024640151
13,110,53.0,0.011249915,2.764170000000014e-05,10,31-75,19.578298596450903
13,111,52.0,0.011156221,1.91851606060604e-05,10,31-75,13.533117395417662
13,112,51.0,0.011103751,4.660360606060359e-06,10,31-75,3.150022867212412
13,113,50.0,0.011082679,-1.2915312121212018e-05,10,31-75,0.0
13,114,49.0,0.0112530915,-1.3975612121211944e-05,10,31-75,0.0
13,115,48.0,0.011305139,-6.954060606060145e-07,10,31-75,0.0
13,116,47.0,0.0107533345,-1.1459433333333072e-05,10,31-75,0.0
13,117,46.0,0.011068996,-9.77089696969756e-06,10,31-75,0.0
13,118,45.0,0.0109085925,-3.344182121212102e-05,10,31-75,0.0
13,119,44.0,0.010793598,-4.212129393939463e-05,10,31-75,0.0
13,120,43.0,0.010853636,-4.162945151515133e-05,10,31-75,0.0
13,121,42.0,0.011082213,-3.011265757575796e-05,10,31-75,0.0
13,122,41.0,0.010791027,-3.707966969696916e-05,10,31-75,0.0
13,123,40.0,0.011040661,-2.804448787878763e-05,10,31-75,0.0
13,124,39.0,0.0117375245,3.087157272727258e-05,10,31-75,21.887182287884983
13,125,38.0,0.011677084,8.408879696969685e-05,10,31-75,59.929666166340155
13,126,37.0,0.012107726,0.0001195001939393,10,31-75,85.24360385299948
13,127,36.0,0.012125901,0.0001605301878787,10,31-75,100.0
13,128,35.0,0.012268861,0.0001858534636363,10,31-75,100.0
13,129,34.0,0.012021179,0.0001735124090909,10,31-75,100.0
13,130,33.0,0.01270201,0.0001874303545454,10,31-75,100.0
13,131,32.0,0.013104575,0.0002161403242424,10,31-75,100.0
13,132,31.0,0.013548985,0.000225164960606,10,31-75,100.0
13,133,30.0,0.013651422,0.0002229895424242,10,0-30,100.0
13,134,29.0,0.014318589,0.000272017030303,10,0-30,100.0
13,135,28.0,0.015171542,0.000332254230303,10,0-30,100.0
13,136,27.0,0.01606855,0.0004277715393939,10,0-30,100.0
13,137,26.0,0.016968464,0.0005255767454545,10,0-30,100.0
13,138,25.0,0.017612353,0.0006093361030303,10,0-30,100.0
13,139,24.0,0.018709606,0.000671663890909,10,0-30,100.0
13,140,23.0,0.02018613,0.0007788462424242,10,0-30,100.0
13,141,22.0,0.020900896,0.000861136890909,10,0-30,100.0
13,142,21.0,0.022249468,0.0009521124848484,10,0-30,100.0
13,143,20.0,0.024507303,0.0010676114484848,10,0-30,100.0
13,144,19.0,0.02640351,0.0011994312484848,10,0-30,100.0
13,145,18.0,0.02828599,0.0013443114181818,10,0-30,100.0
13,146,17.0,0.030461065,0.0015086695696969,10,0-30,100.0
13,147,16.0,0.032322325,0.0016600905333333,10,0-30,100.0
13,148,15.0,0.03482754,0.0018049781151515,10,0-30,100.0
13,149,14.0,0.037712414,0.0019717037272727,10,0-30,100.0
13,150,13.0,0.040875707,0.002179070460606,10,0-30,100.0
13,151,12.0,0.044791415,0.0023968895818182,10,0-30,100.0
13,152,11.0,0.04858774,0.0026221037272727,10,0-30,100.0
13,153,10.0,0.05292156,0.0029149786060605,10,0-30,100.0
13,154,9.0,0.05573324,0.0031432164121212,10,0-30,100.0
13,155,8.0,0.060982626,0.0034277711515151,10,0-30,100.0
13,156,7.0,0.06534762,0.0036990986121212,10,0-30,100.0
13,157,6.0,0.07205825,0.0040376771030302,10,0-30,100.0
13,158,5.0,0.077501185,0.0043585097151515,10,0-30,100.0
13,159,4.0,0.08668182,0.0048551728666666,10,0-30,100.0
13,160,3.0,0.094305314,0.0053849806060605,10,0-30,100.0
13,161,2.0,0.10261134,0.0059812599090909,10,0-30,100.0
13,162,1.0,0.111986324,0.0066411427333333,10,0-30,100.0
13,163,0.0,0.12228276,0.0073831029878787,10,0-30,100.0
19,39,119.0,0.0100978,1.787876666666676e-05,10,76-125,12.599237977883613
19,40,118.0,0.009920512,8.691906060605441e-06,10,76-125,6.0319845843649835
19,41,117.0,0.009861613,-9.349336363636508e-06,10,76-125,0.0
19,42,116.0,0.009290034,-4.527423333333336e-05,10,76-125,0.0
19,43,115.0,0.008894098,-0.0001056437757575,10,76-125,0.0
19,44,114.0,0.008994346,-0.0001388092363636,10,76-125,0.0
19,45,113.0,0.009107959,-0.0001490660151515,10,76-125,0.0
19,46,112.0,0.008980633,-0.0001486325484848,10,76-125,0.0
19,47,111.0,0.008834837,-0.0001505858666666,10,76-125,0.0
19,48,110.0,0.008723065,-0.0001504437393939,10,76-125,0.0
19,49,109.0,0.008498646,-0.0001373902848484,10,76-125,0.0
19,50,108.0,0.008742,-0.000103498490909,10,76-125,0.0
19,51,107.0,0.00867496,-6.290503030303036e-05,10,76-125,0.0
19,52,106.0,0.008620917,-4.898096363636418e-05,10,76-125,0.0
19,53,105.0,0.008589667,-5.504666666666705e-05,10,76-125,0.0
19,54,104.0,0.008650463,-4.74229515151517e-05,10,76-125,0.0
19,55,103.0,0.008653486,-2.789186666666648e-05,10,76-125,0.0
19,56,102.0,0.008713496,-8.067145454545526e-06,10,76-125,0.0
19,57,101.0,0.00857293,-2.391369696969977e-06,10,76-125,0.0
19,58,100.0,0.008345168,-1.3415812121212352e-05,10,76-125,0.0
19,59,99.0,0.008109889,-4.76543515151518e-05,10,76-125,0.0
19,60,98.0,0.008135975,-5.953421212121175e-05,10,76-125,0.0
19,61,97.0,0.008155213,-6.748830303030292e-05,10,76-125,0.0
19,62,96.0,0.008351206,-6.205476969696906e-05,10,76-125,0.0
19,63,95.0,0.0083672935,-5.455784545454601e-05,10,76-125,0.0
19,64,94.0,0.008811248,-1.609671818181803e-05,10,76-125,0.0
19,65,93.0,0.008852668,2.2876306060605874e-05,10,76-125,16.171743205886703
19,66,92.0,0.008929704,6.763763333333394e-05,10,76-125,48.16950512210351
19,67,91.0,0.009078906,0.0001085454818181,10,76-125,77.41259678345669
19,68,90.0,0.009293646,0.0001398492454545,10,76-125,99.79018111682682
19,69,89.0,0.009537994,0.0001572991121212,10,76-125,100.0
19,70,88.0,0.009666604,0.0001661927727272,10,76-125,100.0
19,71,87.0,0.009636807,0.0001561905969696,10,76-125,100.0
19,72,86.0,0.009814657,0.0001509968151515,10,76-125,100.0
19,73,85.0,0.009939344,0.0001359378424242,10,76-125,96.99410355283189
19,74,84.0,0.009900698,0.0001293127151515,10,76-125,92.25811250759655
19,75,83.0,0.009881616,0.000111202630303,10,76-125,79.3120669237818
19,76,82.0,0.010078339,9.64865272727272e-05,10,76-125,68.79221888111479
19,77,81.0,0.010213664,8.517573939393919e-05,10,76-125,60.70667004505964
19,78,80.0,0.010252801,7.656105454545478e-05,10,76-125,54.5484381167363
19,79,79.0,0.010501969,8.620109696969642e-05,10,76-125,61.439649819948016
19,80,78.0,0.010346651,8.425870303030333e-05,10,76-125,60.05112399627186
19,81,77.0,0.011160871,0.0001164988484848,10,76-125,83.09808353148921
19,82,76.0,0.011100568,0.0001388329030303,10,76-125,99.06364584863077
19,83,75.0,0.011372405,0.0001687200969696,10,31-75,100.0
19,84,74.0,0.011262253,0.0001726521636363,10,31-75,100.0
19,85,73.0,0.011392623,0.000165919490909,10,31-75,100.0
19,86,72.0,0.011226676,0.0001449347939393,10,31-75,100.0
19,87,71.0,0.01117726,0.0001163571090909,10,31-75,82.99676072324164
19,88,70.0,0.011138067,7.657080606060595e-05,10,31-75,54.55540901503492
19,89,69.0,0.011554761,6.539396969696911e-05,10,31-75,46.56561579998736
19,90,68.0,0.011388143,2.2013230303030333e-05,10,31-75,15.55477104958099
19,91,67.0,0.011398181,2.0837206060605977e-05,10,31-75,14.714086780155386
19,92,66.0,0.011039382,-6.806357575757655e-06,10,31-75,0.0
19,93,65.0,0.010973326,-1.9188860606060316e-05,10,31-75,0.0
19,94,64.0,0.010853399,-4.061898181818128e-05,10,31-75,0.0
19,95,63.0,0.0107763,-5.260736363636384e-05,10,31-75,0.0
19,96,62.0,0.010772662,-6.838673333333373e-05,10,31-75,0.0
19,97,61.0,0.011046146,-6.703999393939403e-05,10,31-75,0.0
19,98,60.0,0.010893299,-7.505396969696989e-05,10,31-75,0.0
19,99,59.0,0.010344667,-8.224684242424237e-05,10,31-75,0.0
19,100,58.0,0.01032174,-8.713033939393875e-05,10,31-75,0.0
19,101,57.0,0.010533,-6.689526666666751e-05,10,31-75,0.0
19,102,56.0,0.010485145,-6.270335757575736e-05,10,31-75,0.0
19,103,55.0,0.010432591,-5.906373939394003e-05,10,31-75,0.0
19,104,54.0,0.010677758,-4.3492145454545296e-05,10,31-75,0.0
19,105,53.0,0.010780389,-2.5333448484848637e-05,10,31-75,0.0
19,106,52.0,0.010869037,-2.6315030303034863e-06,10,31-75,0.0
19,107,51.0,0.010671881,2.6380563636363542e-05,10,31-75,18.67677168547135
19,108,50.0,0.010608061,4.625828484848462e-05,10,31-75,32.88641714363691
19,109,49.0,0.010432311,2.343160606060596e-05,10,31-75,16.568700987853628
19,110,48.0,0.010505018,1.9799454545457177e-06,10,31-75,1.2339204841840719
19,111,47.0,0.009595864,-5.7199484848484473e-05,10,31-75,0.0
19,112,46.0,0.009753791,-9.959582424242438e-05,10,31-75,0.0
19,113,45.0,0.0098924795,-0.0001290660393939,10,31-75,0.0
19,114,44.0,0.010314214,-0.0001126412818181,10,31-75,0.0
19,115,43.0,0.010133701,-9.481402727272724e-05,10,31-75,0.0
19,116,42.0,0.010184563,-6.0463972727272605e-05,10,31-75,0.0
19,117,41.0,0.010250752,-2.735068787878769e-05,10,31-75,0.0
19,118,40.0,0.010293348,8.935942424242288e-06,10,31-75,6.206434671936643
19,119,39.0,0.01011781,2.7745809090910128e-05,10,31-75,19.652721275741765
19,120,38.0,0.01065713,8.463239696969674e-05,10,31-75,60.31826017008074
19,121,37.0,0.010731706,8.313271818181838e-05,10,31-75,59.24621052970805
19,122,36.0,0.011442064,0.0001171405242424,10,31-75,83.55678726907034
19,123,35.0,0.01179957,0.0001594306424242,10,31-75,100.0
19,124,34.0,0.011731189,0.0002029902727272,10,31-75,100.0
19,125,33.0,0.012073814,0.0002360288848484,10,31-75,100.0
19,126,32.0,0.011921519,0.0002406347757575,10,31-75,100.0
19,127,31.0,0.011607656,0.0002114794545454,10,31-75,100.0
19,128,30.0,0.011761629,0.0001771150727272,10,0-30,100.0
19,129,29.0,0.011985666,0.0001254710121212,10,0-30,89.51186018653895
19,130,28.0,0.012193106,9.845584848484807e-05,10,0-30,70.19999374216972
19,131,27.0,0.01193676,4.381201818181867e-05,10,0-30,31.137696469948462
19,132,26.0,0.012330639,4.340298181818216e-05,10,0-30,30.845295663802336
19,133,25.0,0.012291329,5.391289090909115e-05,10,0-30,38.358334023969185
19,134,24.0,0.012468436,6.356373333333212e-05,10,0-30,45.25726613785077
19,135,23.0,0.013045933,0.0001186197515151,10,0-30,84.6142170857386
19,136,22.0,0.013412616,0.0001717403999999,10,0-30,100.0
19,137,21.0,0.013815562,0.0002078418181818,10,0-30,100.0
19,138,20.0,0.014527643,0.0002662863878787,10,0-30,100.0
19,139,19.0,0.01566898,0.000368394060606,10,0-30,100.0
19,140,18.0,0.01595843,0.0004554730181818,10,0-30,100.0
19,141,17.0,0.016174626,0.000491614460606,10,0-30,100.0
19,142,16.0,0.016473161,0.0005189301575757,10,0-30,100.0
19,143,15.0,0.016983751,0.0005212631636363,10,0-30,100.0
19,144,14.0,0.016786251,0.0004677527333333,10,0-30,100.0
19,145,13.0,0.01690469,0.000406865260606,10,0-30,100.0
19,146,12.0,0.01789771,0.0003778152363636,10,0-30,100.0
19,147,11.0,0.018373068,0.0003471921212121,10,0-30,100.0
19,148,10.0,0.019362593,0.0003627726666666,10,0-30,100.0
19,149,9.0,0.020234197,0.0004433789272727,10,0-30,100.0
19,150,8.0,0.020800877,0.0005188557090909,10,0-30,100.0
19,151,7.0,0.021869473,0.0006083362848484,10,0-30,100.0
19,152,6.0,0.021857966,0.000648063090909,10,0-30,100.0
19,153,5.0,0.022858089,0.000711111030303,10,0-30,100.0
19,154,4.0,0.024004752,0.000752333460606,10,0-30,100.0
19,155,3.0,0.024942752,0.0007651184787878,10,0-30,100.0
19,156,2.0,0.026000911,0.0008043915393939,10,0-30,100.0
19,157,1.0,0.0273853,0.0008526466424242,10,0-30,100.0
19,158,0.0,0.028489469,0.0009178583030303,10,0-30,100.0
23,39,129.0,0.010997622,3.216693939393926e-05,10,RUL > 125,22.813178828194403
23,40,128.0,0.010973013,4.554406666666668e-05,10,RUL > 125,32.37585624809422
23,41,127.0,0.010609294,3.175216969696985e-05,10,RUL > 125,22.516679532433468
23,42,126.0,0.01032512,1.1857696969696612e-06,10,RUL > 125,0.6662016885434304
23,43,125.0,0.010475813,-2.866993939393929e-06,10,76-125,0.0
23,44,124.0,0.010655968,-1.0327151515151231e-05,10,76-125,0.0
23,45,123.0,0.010828152,-5.799472727273034e-06,10,76-125,0.0
23,46,122.0,0.010617899,-6.606012121212351e-06,10,76-125,0.0
23,47,121.0,0.010457307,-3.565836969697034e-05,10,76-125,0.0
23,48,120.0,0.0103998,-4.398826666666652e-05,10,76-125,0.0
23,49,119.0,0.01061074,-2.101538181818179e-05,10,76-125,0.0
23,50,118.0,0.010680677,8.821127272727326e-06,10,76-125,6.1243587348187445
23,51,117.0,0.010664587,1.7075533333333204e-05,10,76-125,12.025044348490598
23,52,116.0,0.0105968835,2.021869696969626e-06,10,76-125,1.263890147939224
23,53,115.0,0.011151173,2.39542757575756e-05,10,76-125,16.942332905034185
23,54,114.0,0.010960124,3.92899787878789e-05,10,76-125,27.905103767292005
23,55,113.0,0.011296738,8.077863939393957e-05,10,76-125,57.56339062297003
23,56,112.0,0.011448758,0.0001108626030303,10,76-125,79.06899746226686
23,57,111.0,0.011328452,0.0001136072696969,10,76-125,81.03103022331844
23,58,110.0,0.0111868465,9.423486666666663e-05,10,76-125,67.18261290250148
23,59,109.0,0.010802378,5.841416363636338e-05,10,76-125,41.5760816159842
23,60,108.0,0.0107380245,2.142285151515171e-05,10,76-125,15.132737096480712
23,61,107.0,0.010852896,-1.1070530303030086e-05,10,76-125,0.0
23,62,106.0,0.010848273,-5.061217575757531e-05,10,76-125,0.0
23,63,105.0,0.010710708,-6.375187878787955e-05,10,76-125,0.0
23,64,104.0,0.010643944,-8.793088484848544e-05,10,76-125,0.0
23,65,103.0,0.010447647,-9.65435818181818e-05,10,76-125,0.0
23,66,102.0,0.010620143,-7.532072727272774e-05,10,76-125,0.0
23,67,101.0,0.010708448,-4.725781818181854e-05,10,76-125,0.0
23,68,100.0,0.0106085185,-2.657077575757591e-05,10,76-125,0.0
23,69,99.0,0.010299054,-4.138481212121186e-05,10,76-125,0.0
23,70,98.0,0.010245877,-5.728874848484819e-05,10,76-125,0.0
23,71,97.0,0.010324498,-5.5280742424242166e-05,10,76-125,0.0
23,72,96.0,0.010373225,-4.451827575757537e-05,10,76-125,0.0
23,73,95.0,0.010545233,-2.7786396969697356e-05,10,76-125,0.0
23,74,94.0,0.010456867,-1.831965757575796e-05,10,76-125,0.0
23,75,93.0,0.010170508,-3.529136666666619e-05,10,76-125,0.0
23,76,92.0,0.010451135,-2.209715454545472e-05,10,76-125,0.0
23,77,91.0,0.010562529,5.108675757575745e-06,10,76-125,3.4705022264194856
23,78,90.0,0.010554693,2.6993836363636304e-05,10,76-125,19.11517143616281
23,79,89.0,0.010247308,1.2134006060606125e-05,10,76-125,8.492579544401767
23,80,88.0,0.010126538,-1.22311878787884e-05,10,76-125,0.0
23,81,87.0,0.010339088,-1.831481212121191e-05,10,76-125,0.0
23,82,86.0,0.010256332,-2.584078181818174e-05,10,76-125,0.0
23,83,85.0,0.009839656,-4.3210448484847846e-05,10,76-125,0.0
23,84,84.0,0.009725342,-6.41540424242422e-05,10,76-125,0.0
23,85,83.0,0.009364495,-0.000115003830303,10,76-125,0.0
23,86,82.0,0.009623337,-0.0001232566424242,10,76-125,0.0
23,87,81.0,0.009670239,-0.0001114909818181,10,76-125,0.0
23,88,80.0,0.009641,-9.102693939393932e-05,10,76-125,0.0
23,89,79.0,0.009737824,-7.469885454545463e-05,10,76-125,0.0
23,90,78.0,0.009769374,-5.8525630303030295e-05,10,76-125,0.0
23,91,77.0,0.009522216,-3.7334490909091344e-05,10,76-125,0.0
23,92,76.0,0.009315672,-2.3024975757575757e-05,10,76-125,0.0
23,93,75.0,0.009365527,-2.237255757575764e-05,10,31-75,0.0
23,94,74.0,0.009272576,-2.8664109090908885e-05,10,31-75,0.0
23,95,73.0,0.00940611,-4.624038181818201e-05,10,31-75,0.0
23,96,72.0,0.009220949,-5.716463636363657e-05,10,31-75,0.0
23,97,71.0,0.009209965,-6.068378787878788e-05,10,31-75,0.0
23,98,70.0,0.009048072,-6.940365454545455e-05,10,31-75,0.0
23,99,69.0,0.009200451,-5.617000000000008e-05,10,31-75,0.0
23,100,68.0,0.00941355,-2.269581818181799e-05,10,31-75,0.0
23,101,67.0,0.009475072,1.9699272727269184e-06,10,31-75,1.2267589584608025
23,102,66.0,0.009820788,3.229475151515143e-05,10,31-75,22.904545686009754
23,103,65.0,0.009643339,5.01415878787882e-05,10,31-75,35.66240734283469
23,104,64.0,0.009566228,5.421821818181813e-05,10,31-75,38.57659809196071
23,105,63.0,0.009933162,8.365227878787956e-05,10,31-75,59.61761990442336
23,106,62.0,0.009857749,9.024032727272684e-05,10,31-75,64.32710507286413
23,107,61.0,0.0102601005,0.0001103237666666,10,31-75,78.68380875746327
23,108,60.0,0.010197189,0.0001034538878787,10,31-75,73.7728563965304
23,109,59.0,0.010067488,8.573931818181766e-05,10,31-75,61.10954594205192
23,110,58.0,0.009886167,6.183157272727274e-05,10,31-75,44.01902620953866
23,111,57.0,0.009667177,2.435169393939409e-05,10,31-75,17.226428420913845
23,112,56.0,0.009694025,9.05543939393927e-06,10,31-75,6.291857420077605
23,113,55.0,0.009711243,-1.5595063636363468e-05,10,31-75,0.0
23,114,54.0,0.010014845,-2.9649269696969523e-05,10,31-75,0.0
23,115,53.0,0.010113596,-1.9292572727273157e-05,10,31-75,0.0
23,116,52.0,0.009934639,-2.5911778787879183e-05,10,31-75,0.0
23,117,51.0,0.010021834,-1.8834606060605128e-06,10,31-75,0.0
23,118,50.0,0.0100860065,2.4339154545454127e-05,10,31-75,17.217464599545902
23,119,49.0,0.009947347,3.569945757575777e-05,10,31-75,25.338409482277434
23,120,48.0,0.010087599,4.40780575757577e-05,10,31-75,31.327875486216872
23,121,47.0,0.010078992,3.494625151515155e-05,10,31-75,24.799977990863336
23,122,46.0,0.010608237,5.148052424242412e-05,10,31-75,36.61954980475383
23,123,45.0,0.010493885,5.18439242424242e-05,10,31-75,36.87932732675418
23,124,44.0,0.010493402,6.293454242424192e-05,10,31-75,44.807487229681925
23,125,43.0,0.0105440775,7.757198787878792e-05,10,31-75,55.271106680965175
23,126,42.0,0.010555277,7.567189090909038e-05,10,31-75,53.9128169661928
23,127,41.0,0.010226902,5.4150545454545126e-05,10,31-75,38.528222050689436
23,128,40.0,0.010372078,4.2340384848484885e-05,10,31-75,30.08569520240175
23,129,39.0,0.010539054,2.692650606060592e-05,10,31-75,19.067040177833803
23,130,38.0,0.0106633175,2.046856363636388e-05,10,31-75,14.450561696297957
23,131,37.0,0.01089135,1.88965515151514e-05,10,31-75,13.32680436717579
23,132,36.0,0.010942028,4.552503030303039e-05,10,31-75,32.36224804948847
23,133,35.0,0.011043815,6.603610909090896e-05,10,31-75,47.02465096932269
23,134,34.0,0.010764707,6.462509696969623e-05,10,31-75,46.01598494741567
23,135,33.0,0.0102936495,3.760986060606049e-05,10,31-75,26.704066513741054
23,136,32.0,0.010396097,1.9964793939394155e-05,10,31-75,14.090440497790441
23,137,31.0,0.01046701,-1.3774503030302509e-05,10,31-75,0.0
23,138,30.0,0.0104873385,-3.96369727272725e-05,10,0-30,0.0
23,139,29.0,0.010531582,-5.335152424242549e-05,10,0-30,0.0
23,140,28.0,0.010702237,-4.938281818181837e-05,10,0-30,0.0
23,141,27.0,0.010882255,-2.086453333333341e-05,10,0-30,0.0
23,142,26.0,0.011067122,2.1226181818182448e-05,10,0-30,14.992147205090445
23,143,25.0,0.011222914,7.708415151515193e-05,10,0-30,54.92237547103951
23,144,24.0,0.010953718,9.748060606060593e-05,10,0-30,69.50283892566125
23,145,23.0,0.011028124,8.824069393939398e-05,10,0-30,62.89766150587902
23,146,22.0,0.01135955,9.500567575757518e-05,10,0-30,67.7336279701171
23,147,21.0,0.011473236,0.0001010210272727,10,0-30,72.03371908338016
23,148,20.0,0.011363792,9.022526060606036e-05,10,0-30,64.31633462341057
23,149,19.0,0.011494875,7.890536363636296e-05,10,0-30,56.22427412785043
23,150,18.0,0.011800358,8.39488969696968e-05,10,0-30,59.82965825404557
23,151,17.0,0.012008717,9.904810909091008e-05,10,0-30,70.62337291834247
23,152,16.0,0.011905653,0.000107196030303,10,0-30,76.44793753565204
23,153,15.0,0.012361197,0.0001404139272727,10,0-30,100.0
23,154,14.0,0.012603346,0.0001550961818181,10,0-30,100.0
23,155,13.0,0.012420212,0.0001447542181818,10,0-30,100.0
23,156,12.0,0.012567041,0.0001476423818181,10,0-30,100.0
23,157,11.0,0.0132938735,0.0001831187666666,10,0-30,100.0
23,158,10.0,0.01406267,0.0002311649060606,10,0-30,100.0
23,159,9.0,0.015202595,0.0003174139666666,10,0-30,100.0
23,160,8.0,0.015942076,0.0004194218272727,10,0-30,100.0
23,161,7.0,0.016497206,0.0005153974636363,10,0-30,100.0
23,162,6.0,0.017464098,0.0006028358030303,10,0-30,100.0
23,163,5.0,0.017875934,0.0006757324333333,10,0-30,100.0
23,164,4.0,0.019065835,0.0007628307242424,10,0-30,100.0
23,165,3.0,0.02000161,0.0008104291545454,10,0-30,100.0
23,166,2.0,0.020830467,0.0008211308333333,10,0-30,100.0
23,167,1.0,0.02202028,0.0008450241636363,10,0-30,100.0
23,168,0.0,0.023507169,0.0008954990060606,10,0-30,100.0
31,39,195.0,0.010190678,1.4620709090908768e-05,10,RUL > 125,10.270206267468986
31,40,194.0,0.009889817,-1.1514206060606268e-05,10,RUL > 125,0.0
31,41,193.0,0.010000194,-2.618673333333309e-05,10,RUL > 125,0.0
31,42,192.0,0.0101282615,-2.883166969696964e-05,10,RUL > 125,0.0
31,43,191.0,0.01022635,-1.7228778787878663e-05,10,RUL > 125,0.0
31,44,190.0,0.010293648,-1.868776060606038e-05,10,RUL > 125,0.0
31,45,189.0,0.01044277,-7.812209090909152e-06,10,RUL > 125,0.0
31,46,188.0,0.010640844,2.4637172727273085e-05,10,RUL > 125,17.430503743145135
31,47,187.0,0.010723112,6.187865151515127e-05,10,RUL > 125,44.052680614750166
31,48,186.0,0.010562329,8.11636212121215e-05,10,RUL > 125,57.83859596898673
31,49,185.0,0.010729002,9.608767575757562e-05,10,RUL > 125,68.50709874283152
31,50,184.0,0.010620093,7.848870000000018e-05,10,RUL > 125,55.92642094413564
31,51,183.0,0.010493392,5.248539696969717e-05,10,RUL > 125,37.337885927529456
31,52,182.0,0.010703666,4.051126060606038e-05,10,RUL > 125,28.77814054327217
31,53,181.0,0.010774844,3.1984193939393595e-05,10,RUL > 125,22.682542721043358
31,54,180.0,0.0108166,2.3572848484848256e-05,10,RUL > 125,16.669668535930064
31,55,179.0,0.010840872,2.008808484848473e-05,10,RUL > 125,14.178575354281117
31,56,178.0,0.010600892,1.1892957575757627e-05,10,RUL > 125,8.320265350467078
31,57,177.0,0.010566257,7.777448484848905e-06,10,RUL > 125,5.378281989416103
31,58,176.0,0.010492076,-9.20189090909099e-06,10,RUL > 125,0.0
31,59,175.0,0.010304079,-2.4472527272727347e-05,10,RUL > 125,0.0
31,60,174.0,0.010040533,-5.622841818181792e-05,10,RUL > 125,0.0
31,61,173.0,0.009984471,-9.24639999999998e-05,10,RUL > 125,0.0
31,62,172.0,0.009935933,-0.0001111601030303,10,RUL > 125,0.0
31,63,171.0,0.010006131,-0.0001119761696969,10,RUL > 125,0.0
31,64,170.0,0.010180961,-9.115458787878828e-05,10,RUL > 125,0.0
31,65,169.0,0.009943512,-7.396192121212123e-05,10,RUL > 125,0.0
31,66,168.0,0.009865066,-6.616970303030346e-05,10,RUL > 125,0.0
31,67,167.0,0.009696602,-6.0956327272727416e-05,10,RUL > 125,0.0
31,68,166.0,0.010033746,-3.175740606060662e-05,10,RUL > 125,0.0
31,69,165.0,0.010166016,-2.32137575757617e-06,10,RUL > 125,0.0
31,70,164.0,0.010117156,8.553321212121125e-06,10,RUL > 125,5.932916811866247
31,71,163.0,0.010540024,3.782731515151547e-05,10,RUL > 125,26.85951451309712
31,72,162.0,0.010504221,5.517857575757585e-05,10,RUL > 125,39.263112432259405
31,73,161.0,0.01035714,6.229876363636342e-05,10,RUL > 125,44.35299895765269
31,74,160.0,0.0102018025,6.834667575757585e-05,10,RUL > 125,48.67636611264462
31,75,159.0,0.010532368,7.634287575757572e-05,10,RUL > 125,54.392472390626644
31,76,158.0,0.010410243,6.531033030303026e-05,10,RUL > 125,46.505825941707116
31,77,157.0,0.010420344,3.698960909090952e-05,10,RUL > 125,26.260677956716172
31,78,156.0,0.010288069,1.515752424242414e-05,10,RUL > 125,10.653950103002481
31,79,155.0,0.009840897,-2.533046363636384e-05,10,RUL > 125,0.0
31,80,154.0,0.009817989,-6.638447575757665e-05,10,RUL > 125,0.0
31,81,153.0,0.009894977,-7.142167575757574e-05,10,RUL > 125,0.0
31,82,152.0,0.009786506,-7.6943590909091e-05,10,RUL > 125,0.0
31,83,151.0,0.009703985,-8.807247575757508e-05,10,RUL > 125,0.0
31,84,150.0,0.009714218,-0.0001010819999999,10,RUL > 125,0.0
31,85,149.0,0.009589104,-9.2968109090909e-05,10,RUL > 125,0.0
31,86,148.0,0.009653691,-7.803945454545414e-05,10,RUL > 125,0.0
31,87,147.0,0.009438194,-6.502145454545427e-05,10,RUL > 125,0.0
31,88,146.0,0.009483154,-4.64645757575754e-05,10,RUL > 125,0.0
31,89,145.0,0.009538958,-4.491876363636366e-05,10,RUL > 125,0.0
31,90,144.0,0.009629288,-3.631319393939365e-05,10,RUL > 125,0.0
31,91,143.0,0.009817725,-1.0009424242424462e-05,10,RUL > 125,0.0
31,92,142.0,0.010191824,3.040473333333333e-05,10,RUL > 125,21.553460821375204
31,93,141.0,0.010172211,5.9334745454545285e-05,10,RUL > 125,42.23416214302277
31,94,140.0,0.010049592,7.658318181818206e-05,10,RUL > 125,54.564255860483456
31,95,139.0,0.010094611,8.388112727272765e-05,10,RUL > 125,59.78121289371162
31,96,138.0,0.010351461,0.0001033675151515,10,RUL > 125,73.71111260720619
31,97,137.0,0.010215624,9.26203272727274e-05,10,RUL > 125,66.02845483169965
31,98,136.0,0.009881994,5.724907878787855e-05,10,RUL > 125,40.743217403382474
31,99,135.0,0.009835781,1.824296363636374e-05,10,RUL > 125,12.85958521593506
31,100,134.0,0.009811234,-1.967793333333245e-05,10,RUL > 125,0.0
31,101,133.0,0.009462168,-6.628173333333424e-05,10,RUL > 125,0.0
31,102,132.0,0.0094508575,-8.425275454545409e-05,10,RUL > 125,0.0
31,103,131.0,0.009234712,-0.0001063396515151,10,RUL > 125,0.0
31,104,130.0,0.009317232,-0.0001207364333333,10,RUL > 125,0.0
31,105,129.0,0.00897718,-0.0001418031484848,10,RUL > 125,0.0
31,106,128.0,0.009107045,-0.0001251183666666,10,RUL > 125,0.0
31,107,127.0,0.009022744,-0.000107003790909,10,RUL > 125,0.0
31,108,126.0,0.009155144,-8.945024545454461e-05,10,RUL > 125,0.0
31,109,125.0,0.009293167,-5.863873636363594e-05,10,76-125,0.0
31,110,124.0,0.009332146,-2.076042727272732e-05,10,76-125,0.0
31,111,123.0,0.009258297,-4.374184848484761e-06,10,76-125,0.0
31,112,122.0,0.009045079,2.0991151515150023e-06,10,76-125,1.3191092804862348
31,113,121.0,0.009226198,8.960460606060516e-06,10,76-125,6.223961563837281
31,114,120.0,0.009415446,3.1748957575757764e-05,10,76-125,22.514383338463077
31,115,119.0,0.009639152,4.287899393939375e-05,10,76-125,30.470721440605203
31,116,118.0,0.009764553,6.148284848484843e-05,10,76-125,43.76973969451826
31,117,117.0,0.009635769,5.947226060606096e-05,10,76-125,42.332465239605696
31,118,116.0,0.009506794,5.182273333333332e-05,10,76-125,36.86417894521163
31,119,115.0,0.009804588,6.535562424242504e-05,10,76-125,46.53820444291132
31,120,114.0,0.009801346,7.511123636363635e-05,10,76-125,53.512031472202025
31,121,113.0,0.009861447,7.75345454545455e-05,10,76-125,55.24434085766473
31,122,112.0,0.009780054,5.399279393939413e-05,10,76-125,38.41545293209363
31,123,111.0,0.009774744,3.332721818181873e-05,10,76-125,23.642607414723916
31,124,110.0,0.00975142,1.7356915151514967e-05,10,76-125,12.226190940299055
31,125,109.0,0.010009227,2.6290133333333243e-05,10,76-125,18.61212732654195
31,126,108.0,0.010130966,4.57379696969694e-05,10,76-125,32.514468379960995
31,127,107.0,0.01033236,6.314396363636341e-05,10,76-125,44.957192577891114
31,128,106.0,0.010430589,6.886604242424185e-05,10,76-125,49.04763684923253
31,129,105.0,0.010410402,8.214243030303097e-05,10,76-125,58.53830042729113
31,130,104.0,0.01025807,7.955046666666611e-05,10,76-125,56.68542786105634
31,131,103.0,0.010329355,7.931746060605986e-05,10,76-125,56.51886281693047
31,132,102.0,0.010311549,6.70154060606063e-05,10,76-125,47.7247041891641
31,133,101.0,0.010276471,4.600364242424297e-05,10,76-125,32.70438528352233
31,134,100.0,0.01031718,1.9575896969697324e-05,10,76-125,13.812436394594888
31,135,99.0,0.0106752245,2.300728787878769e-05,10,76-125,16.265375930582255
31,136,98.0,0.010841133,3.553146969696961e-05,10,76-125,25.218322870065897
31,137,97.0,0.011084278,6.613628787878755e-05,10,76-125,47.0962640603301
31,138,96.0,0.010948854,8.678878484848485e-05,10,76-125,61.85976016904341
31,139,95.0,0.010983015,0.0001016768090909,10,76-125,72.50250657844025
31,140,94.0,0.01121002,0.0001118506939393,10,76-125,79.77533705459223
31,141,93.0,0.011529057,0.0001326401424242,10,76-125,94.63673334286946
31,142,92.0,0.011340936,0.0001274395363636,10,76-125,90.91906533152564
31,143,91.0,0.0110170385,8.975584242424257e-05,10,76-125,63.98076970306244
31,144,90.0,0.010680744,2.746616969696966e-05,10,76-125,19.452820260850416
31,145,89.0,0.010578996,-2.091059696969669e-05,10,76-125,0.0
31,146,88.0,0.010351729,-6.945677272727227e-05,10,76-125,0.0
31,147,87.0,0.01064352,-7.994523939394012e-05,10,76-125,0.0
31,148,86.0,0.01083288,-8.379072424242418e-05,10,76-125,0.0
31,149,85.0,0.010752725,-8.83251545454532e-05,10,76-125,0.0
31,150,84.0,0.010304496,-9.938337878787988e-05,10,76-125,0.0
31,151,83.0,0.010247944,-8.12810757575755e-05,10,76-125,0.0
31,152,82.0,0.00994332,-7.680738484848554e-05,10,76-125,0.0
31,153,81.0,0.009817741,-8.383582424242324e-05,10,76-125,0.0
31,154,80.0,0.009726579,-0.000103719430303,10,76-125,0.0
31,155,79.0,0.00949238,-0.000131595090909,10,76-125,0.0
31,156,78.0,0.009245132,-0.0001749370363636,10,76-125,0.0
31,157,77.0,0.009369301,-0.0001786400969696,10,76-125,0.0
31,158,76.0,0.009362455,-0.0001546474969696,10,76-125,0.0
31,159,75.0,0.009359993,-0.0001183095212121,10,31-75,0.0
31,160,74.0,0.009457945,-8.962904242424168e-05,10,31-75,0.0
31,161,73.0,0.009553854,-4.922607272727252e-05,10,31-75,0.0
31,162,72.0,0.009752534,-9.881066666667144e-06,10,31-75,0.0
31,163,71.0,0.009673564,1.9097109090908697e-05,10,31-75,13.470173519758664
31,164,70.0,0.0096243,4.10582909090909e-05,10,31-75,29.16918670887573
31,165,69.0,0.009301723,3.105084242424252e-05,10,31-75,22.0153337398624
31,166,68.0,0.009288507,6.150315151514838e-06,10,31-75,4.215121105273033
31,167,67.0,0.010084588,3.2424563636363514e-05,10,31-75,22.997342249504733
31,168,66.0,0.010187721,5.519770303030295e-05,10,31-75,39.2767856174869
31,169,65.0,0.010483929,8.396028484848444e-05,10,31-75,59.837798911536744
31,170,64.0,0.010552783,0.0001093852060606,10,31-75,78.01287604289593
31,171,63.0,0.010242958,0.0001110337515151,10,31-75,79.1913434426616
31,172,62.0,0.010704958,0.0001427748545454,10,31-75,100.0
31,173,61.0,0.010680441,0.0001563694666666,10,31-75,100.0
31,174,60.0,0.010500538,0.0001446623515151,10,31-75,100.0
31,175,59.0,0.010697033,0.0001115469454545,10,31-75,79.55820158763382
31,176,58.0,0.0112640485,9.156574242424203e-05,10,31-75,65.2745818579006
31,177,57.0,0.011438433,0.000110222530303,10,31-75,78.61143965544805
31,178,56.0,0.011551655,0.0001255203545454,10,31-75,89.54713275860323
31,179,55.0,0.011444866,0.000138207990909,10,31-75,98.61692564406485
31,180,54.0,0.011319869,0.0001370201545454,10,31-75,97.76779744627223
31,181,53.0,0.011488385,0.0001150710878787,10,31-75,82.07744480759739
31,182,52.0,0.011736502,0.000122359590909,10,31-75,87.28765189703856
31,183,51.0,0.01168677,0.0001127974090909,10,31-75,80.45209906923937
31,184,50.0,0.011705585,8.007003939393947e-05,10,31-75,57.05684590065459
31,185,49.0,0.011843193,5.3341596969697074e-05,10,31-75,37.94994292900613
31,186,48.0,0.011980216,5.799532121212113e-05,10,31-75,41.27667091956636
31,187,47.0,0.012200692,7.761982424242372e-05,10,31-75,55.30530264135817
31,188,46.0,0.012705501,0.0001230879939393,10,31-75,87.80835287180143
31,189,45.0,0.013074283,0.0001675662666666,10,31-75,100.0
31,190,44.0,0.013067975,0.0001836168242424,10,31-75,100.0
31,191,43.0,0.0128466515,0.0001776404272727,10,31-75,100.0
31,192,42.0,0.012476702,0.0001515622636363,10,31-75,100.0
31,193,41.0,0.012630002,0.000121558330303,10,31-75,86.71486847738218
31,194,40.0,0.012448405,7.147032424242408e-05,10,31-75,50.909315102721195
31,195,39.0,0.012203918,8.216651515151628e-06,10,31-75,5.692247522897277
31,196,38.0,0.012256445,-4.7409469696970153e-05,10,31-75,0.0
31,197,37.0,0.011958197,-0.0001079534939393,10,31-75,0.0
31,198,36.0,0.011734309,-0.0001441163242424,10,31-75,0.0
31,199,35.0,0.011712785,-0.0001450956999999,10,31-75,0.0
31,200,34.0,0.012003374,-0.0001141422939393,10,31-75,0.0
31,201,33.0,0.012568736,-5.420160606060514e-05,10,31-75,0.0
31,202,32.0,0.012514755,-1.849996363636352e-05,10,31-75,0.0
31,203,31.0,0.012645668,3.410113939393999e-05,10,31-75,24.19584719102639
31,204,30.0,0.012445627,6.349455757575807e-05,10,0-30,45.20781565110041
31,205,29.0,0.012829251,9.754746060606106e-05,10,0-30,69.5506300873365
31,206,28.0,0.012967554,0.0001350661696969,10,0-30,96.37098582830458
31,207,27.0,0.0130562885,0.0001489222393939,10,0-30,100.0
31,208,26.0,0.013152699,0.0001398009969696,10,0-30,99.75569055037775
31,209,25.0,0.012964492,0.0001017863787878,10,0-30,72.58083278743037
31,210,24.0,0.013155694,7.840135454545316e-05,10,0-30,55.863981797905005
31,211,23.0,0.0141191725,0.0001312929878787,10,0-30,93.6737160903064
31,212,22.0,0.014106834,0.0001611197090909,10,0-30,100.0
31,213,21.0,0.013831238,0.0001653435272727,10,0-30,100.0
31,214,20.0,0.013928647,0.0001471739515151,10,0-30,100.0
31,215,19.0,0.014421288,0.0001634746363636,10,0-30,100.0
31,216,18.0,0.014222799,0.000158871430303,10,0-30,100.0
31,217,17.0,0.014215443,0.000144567530303,10,0-30,100.0
31,218,16.0,0.014632299,0.0001453782393939,10,0-30,100.0
31,219,15.0,0.014815767,0.0001257146151515,10,0-30,89.68600050454415
31,220,14.0,0.015104319,0.0001120972939393,10,0-30,79.95161976489842
31,221,13.0,0.016006654,0.0001883104484848,10,0-30,100.0
31,222,12.0,0.0154226385,0.0002089670818181,10,0-30,100.0
31,223,11.0,0.016046368,0.0002293231121212,10,0-30,100.0
31,224,10.0,0.01668302,0.0002640494878787,10,0-30,100.0
31,225,9.0,0.016873255,0.0003086087121212,10,0-30,100.0
31,226,8.0,0.01757805,0.0003486578878787,10,0-30,100.0
31,227,7.0,0.017997595,0.0003704312272727,10,0-30,100.0
31,228,6.0,0.018492516,0.000401146390909,10,0-30,100.0
31,229,5.0,0.01971729,0.0004641081,10,0-30,100.0
31,230,4.0,0.020609206,0.0005355441727272,10,0-30,100.0
31,231,3.0,0.021514062,0.0006497657909091,10,0-30,100.0
31,232,2.0,0.022231383,0.0006974231818181,10,0-30,100.0
31,233,1.0,0.02301549,0.0007469017757575,10,0-30,100.0
31,234,0.0,0.024516841,0.0008362415030303,10,0-30,100.0
32,39,152.0,0.010854265,0.0001122987181818,10,RUL > 125,80.09560845666351
32,40,151.0,0.010792278,0.0001155275939393,10,RUL > 125,82.40377946142452
32,41,150.0,0.010640821,9.73636303030304e-05,10,RUL > 125,69.41921847316517
32,42,149.0,0.010716038,8.190509696969734e-05,10,RUL > 125,58.36864201996729
32,43,148.0,0.010720386,7.404415151515148e-05,10,RUL > 125,52.74922283790524
32,44,147.0,0.010766735,4.78818363636366e-05,10,RUL > 125,34.04701755488071
32,45,146.0,0.010763918,1.5520769696969464e-05,10,RUL > 125,10.91361714774561
32,46,145.0,0.0107197715,9.198936363636234e-06,10,RUL > 125,6.394436636374874
32,47,144.0,0.01065266,-4.72124545454568e-06,10,RUL > 125,0.0
32,48,143.0,0.010646696,-1.3701245454545386e-05,10,RUL > 125,0.0
32,49,142.0,0.010637853,-1.0122730303030364e-05,10,RUL > 125,0.0
32,50,141.0,0.010465693,-1.744405151515181e-05,10,RUL > 125,0.0
32,51,140.0,0.009820245,-6.611015454545464e-05,10,RUL > 125,0.0
32,52,139.0,0.009694411,-0.0001066790878787,10,RUL > 125,0.0
32,53,138.0,0.0098139495,-0.0001280545151515,10,RUL > 125,0.0
32,54,137.0,0.009756726,-0.0001384741818181,10,RUL > 125,0.0
32,55,136.0,0.009861693,-0.0001311136424242,10,RUL > 125,0.0
32,56,135.0,0.009478094,-0.0001366837242424,10,RUL > 125,0.0
32,57,134.0,0.009306391,-0.0001410428878787,10,RUL > 125,0.0
32,58,133.0,0.009218838,-0.0001342568575757,10,RUL > 125,0.0
32,59,132.0,0.009549302,-9.272768181818186e-05,10,RUL > 125,0.0
32,60,131.0,0.009328648,-6.15169545454543e-05,10,RUL > 125,0.0
32,61,130.0,0.009458789,-5.2455130303029805e-05,10,RUL > 125,0.0
32,62,129.0,0.009398611,-5.0683390909090304e-05,10,RUL > 125,0.0
32,63,128.0,0.009263053,-4.475103636363657e-05,10,RUL > 125,0.0
32,64,127.0,0.0094678765,-2.478385757575763e-05,10,RUL > 125,0.0
32,65,126.0,0.009702816,1.8497209090908957e-05,10,RUL > 125,13.04133330113482
32,66,125.0,0.009400975,2.166673636363588e-05,10,76-125,15.3070788730152
32,67,124.0,0.009388269,1.3631118181817933e-05,10,76-125,9.562794395818933
32,68,123.0,0.009377308,-1.83170000000057e-06,10,76-125,0.0
32,69,122.0,0.009189379,-7.43510606060605e-06,10,76-125,0.0
32,70,121.0,0.009223888,-2.15037666666668e-05,10,76-125,0.0
32,71,120.0,0.00947587,-1.188206969696936e-05,10,76-125,0.0
32,72,119.0,0.009842734,1.3531481818182096e-05,10,76-125,9.491569058321856
32,73,118.0,0.009803563,2.238792424242391e-05,10,76-125,15.822622076229834
32,74,117.0,0.009739786,3.486888484848497e-05,10,76-125,24.74467220948726
32,75,116.0,0.009812219,6.366749696969687e-05,10,76-125,45.33144186797893
32,76,115.0,0.009950374,7.855300606060608e-05,10,76-125,55.97239031417912
32,77,114.0,0.009810018,7.827628484848438e-05,10,76-125,55.77457536984811
32,78,113.0,0.010015305,8.335419393939397e-05,10,76-125,59.40453310396816
32,79,112.0,0.009961866,6.525535151515131e-05,10,76-125,46.466524199060515
32,80,111.0,0.009879894,3.5622430303029806e-05,10,76-125,25.2833463176222
32,81,110.0,0.010016705,2.22991393939393e-05,10,76-125,15.759153975155252
32,82,109.0,0.01004925,2.865305454545483e-05,10,76-125,20.30126826536105
32,83,108.0,0.009778447,1.5121272727273075e-05,10,76-125,10.628035604447996
32,84,107.0,0.009958896,7.484799999999886e-06,10,76-125,5.169081388944951
32,85,106.0,0.009911381,-5.70412121212331e-07,10,76-125,0.0
32,86,105.0,0.009896353,-1.436963636363493e-06,10,76-125,0.0
32,87,104.0,0.009916358,-9.91459999999954e-06,10,76-125,0.0
32,88,103.0,0.0102039855,9.693366666666536e-06,10,76-125,6.747881542602345
32,89,102.0,0.010107445,1.818585151515176e-05,10,76-125,12.818758453897008
32,90,101.0,0.010383974,3.4532342424242465e-05,10,76-125,24.504093901788615
32,91,100.0,0.010305178,4.959154242424222e-05,10,76-125,35.26920578760773
32,92,99.0,0.010321171,6.419611212121221e-05,10,76-125,45.70932391022567
32,93,98.0,0.010620573,7.378215454545467e-05,10,76-125,52.561933560086246
32,94,97.0,0.010388049,7.250741515151534e-05,10,76-125,51.650682484264266
32,95,96.0,0.01011854,4.816266363636359e-05,10,76-125,34.247767728296
32,96,95.0,0.009954042,1.1332409090908766e-05,10,76-125,7.919555674201109
32,97,94.0,0.009881456,-2.8822675757576164e-05,10,76-125,0.0
32,98,93.0,0.009871969,-4.989701212121276e-05,10,76-125,0.0
32,99,92.0,0.009806363,-7.696144848484826e-05,10,76-125,0.0
32,100,91.0,0.00961639,-9.23033030303023e-05,10,76-125,0.0
32,101,90.0,0.009432112,-0.0001136457030303,10,76-125,0.0
32,102,89.0,0.009102535,-0.0001413162121212,10,76-125,0.0
32,103,88.0,0.009188619,-0.0001295597515151,10,76-125,0.0
32,104,87.0,0.009300448,-0.0001098481090909,10,76-125,0.0
32,105,86.0,0.009276059,-9.625100000000028e-05,10,76-125,0.0
32,106,85.0,0.009105202,-9.272800606060602e-05,10,76-125,0.0
32,107,84.0,0.009172773,-8.006941818181795e-05,10,76-125,0.0
32,108,83.0,0.009287024,-5.322132727272707e-05,10,76-125,0.0
32,109,82.0,0.009434313,-1.562278181818195e-05,10,76-125,0.0
32,110,81.0,0.009419748,1.3026139393939065e-05,10,76-125,9.130323591256714
32,111,80.0,0.009581588,4.06010363636362e-05,10,76-125,28.84231699852463
32,112,79.0,0.009412858,3.5188848484848444e-05,10,76-125,24.973399123589367
32,113,78.0,0.0092163365,2.103474848484889e-05,10,76-125,14.855300543115636
32,114,77.0,0.009111144,8.262172727273195e-06,10,76-125,5.7247884906556425
32,115,76.0,0.009101053,-4.392160606061129e-06,10,76-125,0.0
32,116,75.0,0.009164315,-2.2865021212121115e-05,10,31-75,0.0
32,117,74.0,0.009233963,-3.375068787878818e-05,10,31-75,0.0
32,118,73.0,0.009387206,-2.940260909090936e-05,10,31-75,0.0
32,119,72.0,0.009188554,-2.728515454545512e-05,10,31-75,0.0
32,120,71.0,0.0089702755,-3.506590303030272e-05,10,31-75,0.0
32,121,70.0,0.009273232,-1.0084266666666756e-05,10,31-75,0.0
32,122,69.0,0.00898864,-8.136848484848147e-06,10,31-75,0.0
32,123,68.0,0.008796906,-2.4607045454545116e-05,10,31-75,0.0
32,124,67.0,0.008871268,-3.89499606060606e-05,10,31-75,0.0
32,125,66.0,0.008931656,-4.776413030303e-05,10,31-75,0.0
32,126,65.0,0.008906227,-5.169457272727292e-05,10,31-75,0.0
32,127,64.0,0.009093742,-3.7625384848484914e-05,10,31-75,0.0
32,128,63.0,0.008979001,-1.7898948484848364e-05,10,31-75,0.0
32,129,62.0,0.008803193,-1.605756666666673e-05,10,31-75,0.0
32,130,61.0,0.008867372,-2.0596369696969694e-05,10,31-75,0.0
32,131,60.0,0.009079192,7.863060606060497e-06,10,31-75,5.439482057389509
32,132,59.0,0.009075811,1.9517272727272653e-05,10,31-75,13.77052868841375
32,133,58.0,0.0092249485,2.5467372727273137e-05,10,31-75,18.023974570785896
32,134,57.0,0.009635681,5.3590136363635526e-05,10,31-75,38.127612020576805
32,135,56.0,0.009801143,8.549835454545445e-05,10,31-75,60.93729240229789
32,136,55.0,0.010229258,0.0001285237969696,10,31-75,91.69415210485865
32,137,54.0,0.010133657,0.0001627988999999,10,31-75,100.0
32,138,53.0,0.010038378,0.0001716225363636,10,31-75,100.0
32,139,52.0,0.00972474,0.0001387771787878,10,31-75,99.02381121563134
32,140,51.0,0.009619361,9.329220909090908e-05,10,31-75,66.50875145746818
32,141,50.0,0.0094884755,4.567434545454573e-05,10,31-75,32.46898640958135
32,142,49.0,0.010095587,2.5985242424242067e-05,10,31-75,18.39417519433468
32,143,48.0,0.010587002,3.06821727272721e-05,10,31-75,21.751789160017683
32,144,47.0,0.010712582,5.310134848484853e-05,10,31-75,37.77820061734328
32,145,46.0,0.010947393,8.630585151515089e-05,10,31-75,61.514533904253
32,146,45.0,0.011053485,0.0001399442515151,10,31-75,99.85809646904937
32,147,44.0,0.010987021,0.0001735933121212,10,31-75,100.0
32,148,43.0,0.010647006,0.000172000360606,10,31-75,100.0
32,149,42.0,0.010757088,0.0001481253727272,10,31-75,100.0
32,150,41.0,0.010724556,0.0001029373363636,10,31-75,73.40359807903405
32,151,40.0,0.010404291,1.81582969696957e-05,10,31-75,12.799061008827056
32,152,39.0,0.010446239,-3.495936363636396e-05,10,31-75,0.0
32,153,38.0,0.010612926,-5.047433333333287e-05,10,31-75,0.0
32,154,37.0,0.010714354,-5.239909696969713e-05,10,31-75,0.0
32,155,36.0,0.010876538,-2.984487272727253e-05,10,31-75,0.0
32,156,35.0,0.010741585,-6.720072727272716e-06,10,31-75,0.0
32,157,34.0,0.010617861,9.005818181817742e-06,10,31-75,6.2563855556758945
32,158,33.0,0.010994014,2.70561454545452e-05,10,31-75,19.159713266747303
32,159,32.0,0.011732354,8.851220606060679e-05,10,31-75,63.0917527167808
32,160,31.0,0.011873236,0.0001436625333333,10,31-75,100.0
32,161,30.0,0.01270995,0.0002091774121212,10,0-30,100.0
32,162,29.0,0.013264898,0.0002798113333333,10,0-30,100.0
32,163,28.0,0.013755704,0.0003541633939393,10,0-30,100.0
32,164,27.0,0.01353357,0.0003850666424242,10,0-30,100.0
32,165,26.0,0.013711132,0.0004022950424242,10,0-30,100.0
32,166,25.0,0.013890298,0.0003859405515151,10,0-30,100.0
32,167,24.0,0.01463266,0.0003636640484848,10,0-30,100.0
32,168,23.0,0.01496584,0.0003359736363636,10,0-30,100.0
32,169,22.0,0.015700392,0.0003494290181818,10,0-30,100.0
32,170,21.0,0.016365845,0.0003604765393939,10,0-30,100.0
32,171,20.0,0.016822519,0.0003977586181818,10,0-30,100.0
32,172,19.0,0.016687084,0.0004148005454545,10,0-30,100.0
32,173,18.0,0.017204717,0.0004513163575757,10,0-30,100.0
32,174,17.0,0.017843943,0.000466083890909,10,0-30,100.0
32,175,16.0,0.018175803,0.0004585433999999,10,0-30,100.0
32,176,15.0,0.018861871,0.0004462519757575,10,0-30,100.0
32,177,14.0,0.019843837,0.0004767516424242,10,0-30,100.0
32,178,13.0,0.021234553,0.0005421547636363,10,0-30,100.0
32,179,12.0,0.022551125,0.0006523566363636,10,0-30,100.0
32,180,11.0,0.023641245,0.0007833439454545,10,0-30,100.0
32,181,10.0,0.025203662,0.0009418122666666,10,0-30,100.0
32,182,9.0,0.02587383,0.0010262165939394,10,0-30,100.0
32,183,8.0,0.026652608,0.0010762540909091,10,0-30,100.0
32,184,7.0,0.028587738,0.0011599393090909,10,0-30,100.0
32,185,6.0,0.030191703,0.0012230097090909,10,0-30,100.0
32,186,5.0,0.03144679,0.0012546299939393,10,0-30,100.0
32,187,4.0,0.03345452,0.0013086827515151,10,0-30,100.0
32,188,3.0,0.034308255,0.0013370392969696,10,0-30,100.0
32,189,2.0,0.03575639,0.0013736873757575,10,0-30,100.0
32,190,1.0,0.037648454,0.0014261497939393,10,0-30,100.0
32,191,0.0,0.040186908,0.0015514501212121,10,0-30,100.0
34,39,156.0,0.011535211,-9.277321212121224e-06,10,RUL > 125,0.0
34,40,155.0,0.011458984,-4.435927272727872e-06,10,RUL > 125,0.0
34,41,154.0,0.011551471,1.9499496969696692e-05,10,RUL > 125,13.75782163763015
34,42,153.0,0.011273151,7.392969696969978e-06,10,RUL > 125,5.1034362360400385
34,43,152.0,0.0109713115,-2.3726233333333384e-05,10,RUL > 125,0.0
34,44,151.0,0.010965663,-5.909621515151462e-05,10,RUL > 125,0.0
34,45,150.0,0.01096863,-0.0001009018636363,10,RUL > 125,0.0
34,46,149.0,0.010928127,-9.897577878787862e-05,10,RUL > 125,0.0
34,47,148.0,0.010710848,-9.924858484848547e-05,10,RUL > 125,0.0
34,48,147.0,0.010809624,-9.577676666666676e-05,10,RUL > 125,0.0
34,49,146.0,0.010975909,-7.562851818181837e-05,10,RUL > 125,0.0
34,50,145.0,0.010830579,-6.170974242424298e-05,10,RUL > 125,0.0
34,51,144.0,0.01088671,-3.094644545454518e-05,10,RUL > 125,0.0
34,52,143.0,0.010691114,-2.134897878787907e-05,10,RUL > 125,0.0
34,53,142.0,0.010637645,-2.7735642424242737e-05,10,RUL > 125,0.0
34,54,141.0,0.010972074,-1.2212848484848488e-05,10,RUL > 125,0.0
34,55,140.0,0.010358807,-3.002089090909095e-05,10,RUL > 125,0.0
34,56,139.0,0.010195162,-5.206343030303049e-05,10,RUL > 125,0.0
34,57,138.0,0.010247397,-7.685763030303015e-05,10,RUL > 125,0.0
34,58,137.0,0.010319908,-8.549403030303033e-05,10,RUL > 125,0.0
34,59,136.0,0.010399485,-7.276824848484895e-05,10,RUL > 125,0.0
34,60,135.0,0.010320847,-6.703352121212113e-05,10,RUL > 125,0.0
34,61,134.0,0.0102607,-5.465890303030277e-05,10,RUL > 125,0.0
34,62,133.0,0.009928806,-6.58393272727265e-05,10,RUL > 125,0.0
34,63,132.0,0.010075736,-6.332989090909125e-05,10,RUL > 125,0.0
34,64,131.0,0.010308705,-1.9006769696970186e-05,10,RUL > 125,0.0
34,65,130.0,0.010091911,-1.935240606060601e-05,10,RUL > 125,0.0
34,66,129.0,0.009562005,-5.627656969697069e-05,10,RUL > 125,0.0
34,67,128.0,0.009700761,-7.447526060606085e-05,10,RUL > 125,0.0
34,68,127.0,0.009566634,-8.853001212121204e-05,10,RUL > 125,0.0
34,69,126.0,0.009608439,-8.586876363636368e-05,10,RUL > 125,0.0
34,70,125.0,0.010093835,-5.238546666666637e-05,10,76-125,0.0
34,71,124.0,0.010064997,-2.173329090909104e-05,10,76-125,0.0
34,72,123.0,0.0099959895,-1.4599269696969552e-05,10,76-125,0.0
34,73,122.0,0.010063035,5.172766666666283e-06,10,76-125,3.5163177947912128
34,74,121.0,0.009890411,3.1214166666666806e-05,10,76-125,22.13208653837521
34,75,120.0,0.0098587265,4.6144618181818286e-05,10,76-125,32.80516220417458
34,76,119.0,0.009589598,1.3894745454545527e-05,10,76-125,9.751249100389291
34,77,118.0,0.009774901,6.682484848494615e-07,10,76-125,0.2962501803784037
34,78,117.0,0.009417419,-4.189773333333314e-05,10,76-125,0.0
34,79,116.0,0.009353781,-8.333921212121214e-05,10,76-125,0.0
34,80,115.0,0.009478451,-8.2534012121213e-05,10,76-125,0.0
34,81,114.0,0.00962492,-6.82029272727266e-05,10,76-125,0.0
34,82,113.0,0.009589605,-5.506434848484866e-05,10,76-125,0.0
34,83,112.0,0.009918158,-1.4609124242423856e-05,10,76-125,0.0
34,84,111.0,0.00977485,8.277118181817823e-06,10,76-125,5.7354722912796685
34,85,110.0,0.009751792,2.919409090909088e-05,10,76-125,20.688029646366605
34,86,109.0,0.009894137,4.122961212121209e-05,10,76-125,29.291656163886543
34,87,108.0,0.009669729,4.968684848484868e-05,10,76-125,35.33733559568686
34,88,107.0,0.0097542675,4.0197954545454535e-05,10,76-125,28.5541728161069
34,89,106.0,0.009709597,1.994694242424216e-05,10,76-125,14.07767929148847
34,90,105.0,0.009580249,-3.361003030302599e-06,10,76-125,0.0
34,91,104.0,0.009802087,-6.038009090909234e-06,10,76-125,0.0
34,92,103.0,0.010004559,-2.1729000000001745e-06,10,76-125,0.0
34,93,102.0,0.010298274,3.458681515151493e-05,10,76-125,24.543033885573532
34,94,101.0,0.010242265,5.413016060606074e-05,10,76-125,38.51364988386053
34,95,100.0,0.010231731,6.589608787878782e-05,10,76-125,46.924556408199116
34,96,99.0,0.010111341,7.476751212121205e-05,10,76-125,53.26631922138086
34,97,98.0,0.010011067,6.057613636363624e-05,10,76-125,43.1215739597463
34,98,97.0,0.009981135,4.625057575757575e-05,10,76-125,32.88090627810807
34,99,96.0,0.010008712,2.7701272727273024e-05,10,76-125,19.62088432971934
34,100,95.0,0.009998281,-3.6658303030299134e-06,10,76-125,0.0
34,101,94.0,0.010146668,-1.7216951515152283e-05,10,76-125,0.0
34,102,93.0,0.0103878975,-8.288706060606206e-06,10,76-125,0.0
34,103,92.0,0.010500547,2.171853030303044e-05,10,76-125,15.344103917678249
34,104,91.0,0.010464416,4.35692575757577e-05,10,76-125,30.964158361302875
34,105,90.0,0.010229261,4.91983424242424e-05,10,76-125,34.988125650980145
34,106,89.0,0.010431661,5.787136666666664e-05,10,76-125,41.18806166073631
34,107,88.0,0.010360222,5.2080118181818406e-05,10,76-125,37.0481712350847
34,108,87.0,0.010570463,5.1528912121212393e-05,10,76-125,36.65414001731978
34,109,86.0,0.010554815,4.481927575757637e-05,10,76-125,31.85773740843595
34,110,85.0,0.010391088,2.1864245454545943e-05,10,76-125,15.448268807547796
34,111,84.0,0.010317887,4.760303030316624e-08,10,76-125,0.0
34,112,83.0,0.010373774,-4.7140727272729125e-06,10,76-125,0.0
34,113,82.0,0.010231934,-9.531315151515137e-06,10,76-125,0.0
34,114,81.0,0.010298972,-9.84475757575754e-06,10,76-125,0.0
34,115,80.0,0.010318695,-2.2754018181818595e-05,10,76-125,0.0
34,116,79.0,0.010332698,-2.2490193939394143e-05,10,76-125,0.0
34,117,78.0,0.010206711,-3.266143636363687e-05,10,76-125,0.0
34,118,77.0,0.010228503,-2.576721818181836e-05,10,76-125,0.0
34,119,76.0,0.010004094,-2.8011721212121582e-05,10,76-125,0.0
34,120,75.0,0.01002238,-3.3498533333333053e-05,10,31-75,0.0
34,121,74.0,0.010021683,-3.943424242424279e-05,10,31-75,0.0
34,122,73.0,0.010213094,-2.7613199999999663e-05,10,31-75,0.0
34,123,72.0,0.01012643,-2.8027648484848263e-05,10,31-75,0.0
34,124,71.0,0.010068221,-2.5869096969696845e-05,10,31-75,0.0
34,125,70.0,0.010205463,-1.2112769696969364e-05,10,31-75,0.0
34,126,69.0,0.010302255,9.229163636363632e-06,10,31-75,6.416044688124875
34,127,68.0,0.0104612,3.121069696969688e-05,10,31-75,22.129606215642852
34,128,67.0,0.010562717,5.709760606060545e-05,10,31-75,40.634936694131966
34,129,66.0,0.010624703,6.73538909090911e-05,10,31-75,47.96667104434854
34,130,65.0,0.010770995,7.928627272727224e-05,10,31-75,56.496568073210355
34,131,64.0,0.010803259,8.385792121212039e-05,10,31-75,59.764623975384865
34,132,63.0,0.010604635,8.08826181818183e-05,10,31-75,57.63772015476896
34,133,62.0,0.010668578,7.087156363636373e-05,10,31-75,50.48128938309063
34,134,61.0,0.010845562,6.006209090909037e-05,10,31-75,42.7541071067539
34,135,60.0,0.010850563,4.925255151515152e-05,10,31-75,35.026877173562035
34,136,59.0,0.010994133,4.490750909090903e-05,10,31-75,31.920811257337938
34,137,58.0,0.010782474,3.1227363636363904e-05,10,31-75,22.14152042964055
34,138,57.0,0.010482929,4.081969696969679e-06,10,31-75,2.7365584833074306
34,139,56.0,0.010614468,-1.0789042424243036e-05,10,31-75,0.0
34,140,55.0,0.011492573,3.211344242424214e-05,10,31-75,22.77493636748322
34,141,54.0,0.011769118,8.350473333333315e-05,10,31-75,59.512146617234386
34,142,53.0,0.011884344,0.0001162320969696,10,31-75,82.90739545331508
34,143,52.0,0.011890478,0.0001380452848484,10,31-75,98.50061475458466
34,144,51.0,0.012379642,0.0001835281696969,10,31-75,100.0
34,145,50.0,0.012541642,0.0002195859090909,10,31-75,100.0
34,146,49.0,0.012772797,0.0002573255090909,10,31-75,100.0
34,147,48.0,0.013040306,0.0002739863454545,10,31-75,100.0
34,148,47.0,0.013409772,0.0002634625454545,10,31-75,100.0
34,149,46.0,0.013617994,0.000237588690909,10,31-75,100.0
34,150,45.0,0.0142656565,0.0002691758393939,10,31-75,100.0
34,151,44.0,0.014296993,0.0002872954515151,10,31-75,100.0
34,152,43.0,0.014078911,0.0002705605060606,10,31-75,100.0
34,153,42.0,0.014248428,0.0002368800636363,10,31-75,100.0
34,154,41.0,0.014372524,0.0002139982151515,10,31-75,100.0
34,155,40.0,0.014855254,0.0002040909484848,10,31-75,100.0
34,156,39.0,0.01547381,0.0002152896515151,10,31-75,100.0
34,157,38.0,0.016335096,0.0002585619727272,10,31-75,100.0
34,158,37.0,0.017340751,0.0003413824212121,10,31-75,100.0
34,159,36.0,0.01826085,0.0004406233242424,10,31-75,100.0
34,160,35.0,0.018491264,0.0005393327212121,10,31-75,100.0
34,161,34.0,0.019019527,0.0006177260787878,10,31-75,100.0
34,162,33.0,0.019832535,0.000668683690909,10,31-75,100.0
34,163,32.0,0.02040425,0.0006923859939393,10,31-75,100.0
34,164,31.0,0.021805065,0.000726153430303,10,31-75,100.0
34,165,30.0,0.023580313,0.0007988431696969,10,0-30,100.0
34,166,29.0,0.02440884,0.0008522040666666,10,0-30,100.0
34,167,28.0,0.025747124,0.0009276779454545,10,0-30,100.0
34,168,27.0,0.027196001,0.0010351399575757,10,0-30,100.0
34,169,26.0,0.02846893,0.0011539168181818,10,0-30,100.0
34,170,25.0,0.029052166,0.0011961331818181,10,0-30,100.0
34,171,24.0,0.030418037,0.0012200582,10,0-30,100.0
34,172,23.0,0.032416433,0.0012690234121212,10,0-30,100.0
34,173,22.0,0.03500103,0.0013445488787878,10,0-30,100.0
34,174,21.0,0.036636468,0.0014257370545454,10,0-30,100.0
34,175,20.0,0.039225746,0.001586733860606,10,0-30,100.0
34,176,19.0,0.04176424,0.0017517874969696,10,0-30,100.0
34,177,18.0,0.044395097,0.0019391928727272,10,0-30,100.0
34,178,17.0,0.047036033,0.0021412050666666,10,0-30,100.0
34,179,16.0,0.050254434,0.0023631431030302,10,0-30,100.0
34,180,15.0,0.053400427,0.0025314964424242,10,0-30,100.0
34,181,14.0,0.05699664,0.0026919344848484,10,0-30,100.0
34,182,13.0,0.06064761,0.002862577860606,10,0-30,100.0
34,183,12.0,0.065172724,0.0031101560181818,10,0-30,100.0
34,184,11.0,0.07005097,0.0033671320181817,10,0-30,100.0
34,185,10.0,0.075198516,0.0036724775212121,10,0-30,100.0
34,186,9.0,0.0819546,0.0040795360545454,10,0-30,100.0
34,187,8.0,0.08826615,0.0045190955393939,10,0-30,100.0
34,188,7.0,0.09487945,0.0049636725393938,10,0-30,100.0
34,189,6.0,0.10215796,0.0054398990363636,10,0-30,100.0
34,190,5.0,0.11059751,0.0059570638424242,10,0-30,100.0
34,191,4.0,0.120231576,0.0065461727151514,10,0-30,100.0
34,192,3.0,0.12989435,0.0071392559151515,10,0-30,100.0
34,193,2.0,0.13983451,0.0077368495030302,10,0-30,100.0
34,194,1.0,0.15039457,0.0083306714181817,10,0-30,100.0
34,195,0.0,0.16192818,0.0089229072484848,10,0-30,100.0
40,39,149.0,0.010176416,1.5863066666666508e-05,10,RUL > 125,11.158309108604456
40,40,148.0,0.0102560455,4.277373636363601e-05,10,RUL > 125,30.395477763659407
40,41,147.0,0.010132769,5.299908787878799e-05,10,RUL > 125,37.70509933269646
40,42,146.0,0.0101668015,5.997201818181844e-05,10,RUL > 125,42.689718361870824
40,43,145.0,0.0101673985,5.872994848484839e-05,10,RUL > 125,41.801821311704266
40,44,144.0,0.0102783805,5.527563636363672e-05,10,RUL > 125,39.332496482139256
40,45,143.0,0.010305386,4.502261212121172e-05,10,RUL > 125,32.00309298542477
40,46,142.0,0.010306717,4.596753333333307e-05,10,RUL > 125,32.6785725973411
40,47,141.0,0.010195743,3.123960606060547e-05,10,RUL > 125,22.150271961376244
40,48,140.0,0.0102321785,8.946790909090652e-06,10,RUL > 125,6.2141897421385295
40,49,139.0,0.010131043,9.728030303028772e-07,10,RUL > 125,0.5139618620839961
40,50,138.0,0.00994985,-1.1025830303030544e-05,10,RUL > 125,0.0
40,51,137.0,0.00980221,-3.558452727272697e-05,10,RUL > 125,0.0
40,52,136.0,0.009703751,-5.923810606060663e-05,10,RUL > 125,0.0
40,53,135.0,0.0095990775,-8.294861515151587e-05,10,RUL > 125,0.0
40,54,134.0,0.009628266,-9.077948484848522e-05,10,RUL > 125,0.0
40,55,133.0,0.009738932,-8.289348484848484e-05,10,RUL > 125,0.0
40,56,132.0,0.009593067,-7.600891515151481e-05,10,RUL > 125,0.0
40,57,131.0,0.009570292,-6.911458181818185e-05,10,RUL > 125,0.0
40,58,130.0,0.009678777,-4.6292627272727226e-05,10,RUL > 125,0.0
40,59,129.0,0.009641275,-2.555070606060609e-05,10,RUL > 125,0.0
40,60,128.0,0.009424889,-2.2754609090909036e-05,10,RUL > 125,0.0
40,61,127.0,0.009327877,-2.8729578787878904e-05,10,RUL > 125,0.0
40,62,126.0,0.009328642,-3.547726363636311e-05,10,RUL > 125,0.0
40,63,125.0,0.009243886,-4.927946060606119e-05,10,76-125,0.0
40,64,124.0,0.009310312,-5.320716969697001e-05,10,76-125,0.0
40,65,123.0,0.009601205,-3.003626666666656e-05,10,76-125,0.0
40,66,122.0,0.009341572,-2.90820787878792e-05,10,76-125,0.0
40,67,121.0,0.00948948,-1.8530090909091192e-05,10,76-125,0.0
40,68,120.0,0.009806313,1.7515569696969267e-05,10,76-125,12.33960559267165
40,69,119.0,0.009726141,4.51421878787876e-05,10,76-125,32.08857205530472
40,70,118.0,0.009682589,5.493883030303032e-05,10,76-125,39.09172971323719
40,71,117.0,0.009839068,6.367958787878841e-05,10,76-125,45.34008508867935
40,72,116.0,0.009776731,6.28748909090908e-05,10,76-125,44.76484517467499
40,73,115.0,0.0099473735,6.029618484848503e-05,10,76-125,42.921449824121076
40,74,114.0,0.009901287,5.110494848484845e-05,10,76-125,36.35106840787329
40,75,113.0,0.009842364,5.0929263636363845e-05,10,76-125,36.22547959501603
40,76,112.0,0.010026268,4.055269999999983e-05,10,76-125,28.807763611711312
40,77,111.0,0.010135142,3.767590606060597e-05,10,76-125,26.75127929448186
40,78,110.0,0.009902758,3.541961515151516e-05,10,76-125,25.138363330598025
40,79,109.0,0.0099519715,2.9333866666666498e-05,10,76-125,20.78794874361126
40,80,108.0,0.009947736,1.7376284848484394e-05,10,76-125,12.24003742318462
40,81,107.0,0.010044025,1.7888860606060583e-05,10,76-125,12.606453659124528
40,82,106.0,0.009776479,-2.8321090909088957e-06,10,76-125,0.0
40,83,105.0,0.009691736,-1.6796203030302887e-05,10,76-125,0.0
40,84,104.0,0.009723843,-2.8982803030302656e-05,10,76-125,0.0
40,85,103.0,0.00946206,-5.722583939393988e-05,10,76-125,0.0
40,86,102.0,0.009480711,-6.758153636363591e-05,10,76-125,0.0
40,87,101.0,0.009655875,-5.451175454545428e-05,10,76-125,0.0
40,88,100.0,0.009855117,-4.025719696969684e-05,10,76-125,0.0
40,89,99.0,0.009910356,-1.913123636363633e-05,10,76-125,0.0
40,90,98.0,0.009976167,5.806478787878855e-06,10,76-125,3.96932870428529
40,91,97.0,0.010138082,4.5650569696969454e-05,10,76-125,32.45199024175844
40,92,96.0,0.009933576,5.536330303030327e-05,10,76-125,39.39516524776573
40,93,95.0,0.009877794,5.447964242424244e-05,10,76-125,38.7634779540625
40,94,94.0,0.009750464,4.6535927272727983e-05,10,76-125,33.0848906190692
40,95,93.0,0.0098554725,2.6545069696969317e-05,10,76-125,18.79436931006738
40,96,92.0,0.009938517,7.5586757575753245e-06,10,76-125,5.2218916840435785
40,97,91.0,0.009860988,-9.528136363636307e-06,10,76-125,0.0
40,98,90.0,0.009767487,-2.091842121212149e-05,10,76-125,0.0
40,99,89.0,0.009323907,-5.175919696969669e-05,10,76-125,0.0
40,100,88.0,0.009178332,-7.904455454545381e-05,10,76-125,0.0
40,101,87.0,0.009020193,-9.449061515151604e-05,10,76-125,0.0
40,102,86.0,0.009241119,-9.796973030302988e-05,10,76-125,0.0
40,103,85.0,0.0092319995,-9.727165454545536e-05,10,76-125,0.0
40,104,84.0,0.009422067,-8.686711515151499e-05,10,76-125,0.0
40,105,83.0,0.009481494,-6.223996666666654e-05,10,76-125,0.0
40,106,82.0,0.009642792,-1.874537272727292e-05,10,76-125,0.0
40,107,81.0,0.009699723,2.6270493939393822e-05,10,76-125,18.598088050011484
40,108,80.0,0.009756203,7.008841515151437e-05,10,76-125,49.92145346467443
40,109,79.0,0.009598413,7.586438484848448e-05,10,76-125,54.05042180542195
40,110,78.0,0.009717113,7.508255454545454e-05,10,76-125,53.491528193022795
40,111,77.0,0.009814401,6.25340636363637e-05,10,76-125,44.521203830868814
40,112,76.0,0.009725002,5.021090000000021e-05,10,76-125,35.71195530951889
40,113,75.0,0.009873699,3.952526666666666e-05,10,31-75,28.073299975624938
40,114,74.0,0.009744863,2.6705206060606416e-05,10,31-75,18.908843244376087
40,115,73.0,0.009874334,2.0996321212120887e-05,10,31-75,14.827830698078456
40,116,72.0,0.0098210415,1.837207575757551e-05,10,31-75,12.951881382441922
40,117,71.0,0.009762478,1.418825757575763e-05,10,31-75,9.96106707376719
40,118,70.0,0.009573526,2.7026333333335165e-06,10,31-75,1.7505359666583113
40,119,69.0,0.009951487,3.527996969696705e-06,10,31-75,2.3405495060187285
40,120,68.0,0.010320016,2.80885909090909e-05,10,31-75,19.897759831916105
40,121,67.0,0.010359384,5.397448181818185e-05,10,31-75,38.40236246024141
40,122,66.0,0.010664872,8.395756666666605e-05,10,31-75,59.83585581154465
40,123,65.0,0.010515829,0.0001043318030303,10,31-75,74.4004365357961
40,124,64.0,0.0104425615,0.0001043371696969,10,31-75,74.40427291265563
40,125,63.0,0.010279367,9.561546666666644e-05,10,31-75,68.16953873319366
40,126,62.0,0.010442645,8.733751212121171e-05,10,31-75,62.25201941825353
40,127,61.0,0.010600383,7.622462727272745e-05,10,31-75,54.30794212542529
40,128,60.0,0.010546367,3.941219090909129e-05,10,31-75,27.992467449204373
40,129,59.0,0.010833024,3.164097878787846e-05,10,31-75,22.437194395304353
40,130,58.0,0.011119457,5.337668787878739e-05,10,31-75,37.97502776502215
40,131,57.0,0.011543547,9.117891818181716e-05,10,31-75,64.99805944968162
40,132,56.0,0.011573204,0.0001366111787878,10,31-75,97.4754399645234
40,133,55.0,0.011714495,0.0001688039363636,10,31-75,100.0
40,134,54.0,0.011798849,0.0001861840363636,10,31-75,100.0
40,135,53.0,0.012490412,0.0002139662727272,10,31-75,100.0
40,136,52.0,0.012238996,0.0002121195636363,10,31-75,100.0
40,137,51.0,0.012326494,0.0002037873878787,10,31-75,100.0
40,138,50.0,0.012359509,0.0001727324060606,10,31-75,100.0
40,139,49.0,0.012399403,0.0001409864484848,10,31-75,100.0
40,140,48.0,0.01244005,0.0001115667212121,10,31-75,79.57233834411429
40,141,47.0,0.012990178,0.0001244194545454,10,31-75,88.76015126721603
40,142,46.0,0.013211472,0.0001337849818181,10,31-75,95.45512503476725
40,143,45.0,0.013722634,0.0001605936787878,10,31-75,100.0
40,144,44.0,0.01400139,0.0001838897696969,10,31-75,100.0
40,145,43.0,0.014943957,0.0002780053393939,10,31-75,100.0
40,146,42.0,0.015126687,0.0003355869939393,10,31-75,100.0
40,147,41.0,0.015083835,0.0003616621515151,10,31-75,100.0
40,148,40.0,0.015708607,0.0003905944666666,10,31-75,100.0
40,149,39.0,0.01554741,0.000372798690909,10,31-75,100.0
40,150,38.0,0.016149027,0.0003523705272727,10,31-75,100.0
40,151,37.0,0.016595434,0.0003480097393939,10,31-75,100.0
40,152,36.0,0.01719152,0.0003472155939393,10,31-75,100.0
40,153,35.0,0.017867299,0.0003691165818181,10,31-75,100.0
40,154,34.0,0.018085519,0.0003712658484848,10,31-75,100.0
40,155,33.0,0.019102296,0.0004422088848484,10,31-75,100.0
40,156,32.0,0.019840548,0.0005151981030303,10,31-75,100.0
40,157,31.0,0.020616421,0.0005705131575757,10,31-75,100.0
40,158,30.0,0.02118148,0.000631239430303,10,0-30,100.0
40,159,29.0,0.022265019,0.0006739835090909,10,0-30,100.0
40,160,28.0,0.02286578,0.0007081786060606,10,0-30,100.0
40,161,27.0,0.023757635,0.0007393656181818,10,0-30,100.0
40,162,26.0,0.02528759,0.000806929230303,10,0-30,100.0
40,163,25.0,0.025604328,0.0008386872121212,10,0-30,100.0
40,164,24.0,0.027030354,0.000868994260606,10,0-30,100.0
40,165,23.0,0.027898127,0.0009059972727272,10,0-30,100.0
40,166,22.0,0.029304286,0.0009623005333333,10,0-30,100.0
40,167,21.0,0.030755233,0.0010347592484848,10,0-30,100.0
40,168,20.0,0.03247919,0.001116027890909,10,0-30,100.0
40,169,19.0,0.034667965,0.0012519782545454,10,0-30,100.0
40,170,18.0,0.036428347,0.0013736614484848,10,0-30,100.0
40,171,17.0,0.038150843,0.0014843612181818,10,0-30,100.0
40,172,16.0,0.040043585,0.0016258353333333,10,0-30,100.0
40,173,15.0,0.04280924,0.0017604186787878,10,0-30,100.0
40,174,14.0,0.046070825,0.0019594306727272,10,0-30,100.0
40,175,13.0,0.048034206,0.0020925941212121,10,0-30,100.0
40,176,12.0,0.051767487,0.0022790613272727,10,0-30,100.0
40,177,11.0,0.055296615,0.0024824749999999,10,0-30,100.0
40,178,10.0,0.058521517,0.0026792515878787,10,0-30,100.0
40,179,9.0,0.061967805,0.0028942612848484,10,0-30,100.0
40,180,8.0,0.06610426,0.0031213474484848,10,0-30,100.0
40,181,7.0,0.07023461,0.003328850460606,10,0-30,100.0
40,182,6.0,0.075946145,0.0035851804,10,0-30,100.0
40,183,5.0,0.081418194,0.0038891801939394,10,0-30,100.0
40,184,4.0,0.08634571,0.0042114052666666,10,0-30,100.0
40,185,3.0,0.091459475,0.0044552746181818,10,0-30,100.0
40,186,2.0,0.096242875,0.0046825752,10,0-30,100.0
40,187,1.0,0.10277341,0.0049622663696969,10,0-30,100.0
40,188,0.0,0.10936904,0.0052412363393938,10,0-30,100.0
45,39,119.0,0.009806121,3.542308484848478e-05,10,76-125,25.140843653330165
45,40,118.0,0.0097907055,-6.943333333358549e-08,10,76-125,0.0
45,41,117.0,0.009860111,-1.4597924242424084e-05,10,76-125,0.0
45,42,116.0,0.009755952,-2.4865912121211995e-05,10,76-125,0.0
45,43,115.0,0.009710087,-3.782881515151508e-05,10,76-125,0.0
45,44,114.0,0.0098207425,-3.569374242424193e-05,10,76-125,0.0
45,45,113.0,0.009961523,-3.647662727272725e-05,10,76-125,0.0
45,46,112.0,0.010460404,5.486827272727363e-06,10,76-125,3.740824910917949
45,47,111.0,0.0102840755,3.724720606060605e-05,10,76-125,26.444821882039637
45,48,110.0,0.010264722,6.854443939393951e-05,10,76-125,48.8177380097176
45,49,109.0,0.010508351,8.680869999999998e-05,10,76-125,61.87399657165997
45,50,108.0,0.010539631,9.72395636363642e-05,10,76-125,69.33052906416852
45,51,107.0,0.010623641,0.0001078019393939,10,76-125,76.88107336997084
45,52,106.0,0.010600011,0.0001008765636363,10,76-125,71.93044884264505
45,53,105.0,0.010693041,8.573686666666661e-05,10,76-125,61.107793469484264
45,54,104.0,0.010684692,6.560420909090903e-05,10,76-125,46.71590602779296
45,55,103.0,0.010779278,4.954403939393928e-05,10,76-125,35.23524811149436
45,56,102.0,0.01064212,4.934907575757609e-05,10,76-125,35.095877802373295
45,57,101.0,0.010549369,3.0137115151514937e-05,10,76-125,21.362153204107717
45,58,100.0,0.010813962,2.0851587878787823e-05,10,76-125,14.724367663724838
45,59,99.0,0.010597395,9.337793939393518e-06,10,76-125,6.493699368739196
45,60,98.0,0.010546757,-3.932060606060316e-06,10,76-125,0.0
45,61,97.0,0.010561405,-1.0888642424242378e-05,10,76-125,0.0
45,62,96.0,0.010352589,-3.0056145454545078e-05,10,76-125,0.0
45,63,95.0,0.010470069,-3.361459393939476e-05,10,76-125,0.0
45,64,94.0,0.010204399,-4.951804242424263e-05,10,76-125,0.0
45,65,93.0,0.010431591,-4.090173333333337e-05,10,76-125,0.0
45,66,92.0,0.010416683,-3.802806666666719e-05,10,76-125,0.0
45,67,91.0,0.0102761015,-4.627331212121242e-05,10,76-125,0.0
45,68,90.0,0.01042337,-2.5533863636363742e-05,10,76-125,0.0
45,69,89.0,0.0103699025,-1.7414175757576017e-05,10,76-125,0.0
45,70,88.0,0.010699302,8.054375757576018e-06,10,76-125,5.576244236756079
45,71,87.0,0.010600367,2.7253975757575685e-05,10,76-125,19.301132820676376
45,72,86.0,0.010787396,4.22618242424239e-05,10,76-125,30.02953593005898
45,73,85.0,0.010816168,6.140066666666633e-05,10,76-125,43.71099178840702
45,74,84.0,0.010577543,4.56171272727272e-05,10,76-125,32.4280838298175
45,75,83.0,0.010255829,2.290872727272704e-05,10,76-125,16.194919601442788
45,76,82.0,0.009843878,-2.113314545454553e-05,10,76-125,0.0
45,77,81.0,0.010042969,-5.674451818181694e-05,10,76-125,0.0
45,78,80.0,0.010275347,-6.703697878787867e-05,10,76-125,0.0
45,79,79.0,0.010184551,-8.405223030303009e-05,10,76-125,0.0
45,80,78.0,0.009948011,-8.97630121212132e-05,10,76-125,0.0
45,81,77.0,0.0100897765,-8.523023939393921e-05,10,76-125,0.0
45,82,76.0,0.010084511,-6.232709999999955e-05,10,76-125,0.0
45,83,75.0,0.01005455,-3.062024545454521e-05,10,31-75,0.0
45,84,74.0,0.010124423,-1.7787363636363872e-06,10,31-75,0.0
45,85,73.0,0.010019459,5.382227272727059e-06,10,31-75,3.6660513038697675
45,86,72.0,0.010299131,3.199718181818289e-06,10,31-75,2.1058784822424133
45,87,71.0,0.010511099,2.0333615151514976e-05,10,31-75,14.354093388670709
45,88,70.0,0.010296996,3.560673030303027e-05,10,31-75,25.272123128036945
45,89,69.0,0.010447475,5.277231212121205e-05,10,31-75,37.54298803838492
45,90,68.0,0.010535063,5.575913030303039e-05,10,31-75,39.67812349776349
45,91,67.0,0.0106167905,6.553906363636306e-05,10,31-75,46.66933661460767
45,92,66.0,0.010643027,7.001099696969681e-05,10,31-75,49.86611085754638
45,93,65.0,0.010404115,5.268407575757559e-05,10,31-75,37.47991202326165
45,94,64.0,0.010476205,3.971038484848517e-05,10,31-75,28.20563223360516
45,95,63.0,0.010172106,-1.112148484848267e-06,10,31-75,0.0
45,96,62.0,0.009958297,-3.680245757575763e-05,10,31-75,0.0
45,97,61.0,0.010531909,-2.2942318181818226e-05,10,31-75,0.0
45,98,60.0,0.010691883,-1.4882100000000225e-05,10,31-75,0.0
45,99,59.0,0.010998359,1.5140415151515068e-05,10,31-75,10.641719620778934
45,100,58.0,0.011217342,5.6269275757575526e-05,10,31-75,40.042802424679955
45,101,57.0,0.011460926,0.0001078629878787,10,31-75,76.92471405269845
45,102,56.0,0.011377581,0.0001464277636363,10,31-75,100.0
45,103,55.0,0.0113125015,0.0001566115969696,10,31-75,100.0
45,104,54.0,0.011702973,0.000181889130303,10,31-75,100.0
45,105,53.0,0.011744697,0.0001742993363636,10,31-75,100.0
45,106,52.0,0.012116786,0.0001536896636363,10,31-75,100.0
45,107,51.0,0.011947845,0.0001359423242424,10,31-75,96.99730739329985
45,108,50.0,0.011637527,9.47706212121214e-05,10,31-75,67.56559856078059
45,109,49.0,0.011547887,5.767884545454536e-05,10,31-75,41.05043732552068
45,110,48.0,0.011654356,3.43323909090908e-05,10,31-75,24.361157993350798
45,111,47.0,0.0116369,2.0975584848485062e-05,10,31-75,14.813007249645294
45,112,46.0,0.011753046,6.264663636363405e-06,10,31-75,4.2968634443991975
45,113,45.0,0.011746053,-1.7717418181817984e-05,10,31-75,0.0
45,114,44.0,0.011833927,-1.6130109090908927e-05,10,31-75,0.0
45,115,43.0,0.011891608,-1.0202284848485245e-05,10,31-75,0.0
45,116,42.0,0.0124067115,4.684728787878709e-05,10,31-75,33.307467632526944
45,117,41.0,0.012159462,7.563354242424304e-05,10,31-75,53.885403442895864
45,118,40.0,0.0125297615,0.000101365030303,10,31-75,72.27963062650598
45,119,39.0,0.012324914,9.913205454545512e-05,10,31-75,70.68338156491622
45,120,38.0,0.012541892,0.0001064136666666,10,31-75,75.88866266837871
45,121,37.0,0.012553199,0.0001023902787878,10,31-75,73.01253241741378
45,122,36.0,0.012591503,9.709261212121256e-05,10,31-75,69.2254803562426
45,123,35.0,0.012728179,8.862068484848511e-05,10,31-75,63.16929908635874
45,124,34.0,0.012602046,6.722248484848482e-05,10,31-75,47.87273504875107
45,125,33.0,0.012548737,3.7451387878788e-05,10,31-75,26.590781834612066
45,126,32.0,0.012466728,2.958210606060594e-05,10,31-75,20.96540337933069
45,127,31.0,0.012233023,-8.245493939393915e-06,10,31-75,0.0
45,128,30.0,0.012533379,-5.895054545453844e-06,10,0-30,0.0
45,129,29.0,0.013142976,1.6005781818182192e-05,10,0-30,11.260329439954594
45,130,28.0,0.013064287,3.816378787878752e-05,10,0-30,27.10004299771851
45,131,27.0,0.01345171,7.587569696969626e-05,10,0-30,54.058508307394874
45,132,26.0,0.01385833,0.0001274294363636,10,0-30,90.91184531784319
45,133,25.0,0.013765469,0.0001676742848484,10,0-30,100.0
45,134,24.0,0.013679982,0.0001822741272727,10,0-30,100.0
45,135,23.0,0.014174294,0.0002072166181818,10,0-30,100.0
45,136,22.0,0.014498149,0.0002246529393939,10,0-30,100.0
45,137,21.0,0.0150803,0.0002336393333333,10,0-30,100.0
45,138,20.0,0.015271555,0.0002385691030303,10,0-30,100.0
45,139,19.0,0.016311292,0.0003076615878787,10,0-30,100.0
45,140,18.0,0.0167999,0.0003597556545454,10,0-30,100.0
45,141,17.0,0.017523982,0.0004318931454545,10,0-30,100.0
45,142,16.0,0.018411629,0.0005301948727272,10,0-30,100.0
45,143,15.0,0.018357752,0.0005641756181818,10,0-30,100.0
45,144,14.0,0.018437423,0.0005411388848484,10,0-30,100.0
45,145,13.0,0.01993113,0.000574865260606,10,0-30,100.0
45,146,12.0,0.020451413,0.0005887812121212,10,0-30,100.0
45,147,11.0,0.021114305,0.0006055042,10,0-30,100.0
45,148,10.0,0.022154018,0.0006185496848484,10,0-30,100.0
45,149,9.0,0.023479044,0.0006897613212121,10,0-30,100.0
45,150,8.0,0.024707295,0.000773660490909,10,0-30,100.0
45,151,7.0,0.02497835,0.0008247694,10,0-30,100.0
45,152,6.0,0.02582112,0.0008906680727272,10,0-30,100.0
45,153,5.0,0.0276031,0.0009603618424242,10,0-30,100.0
45,154,4.0,0.028152216,0.0009532539696969,10,0-30,100.0
45,155,3.0,0.03040458,0.0010508277151515,10,0-30,100.0
45,156,2.0,0.03250305,0.0011705980848484,10,0-30,100.0
45,157,1.0,0.035216253,0.0013364736969696,10,0-30,100.0
45,158,0.0,0.03810574,0.0015583391878787,10,0-30,100.0
46,39,217.0,0.00968372,-3.79359000000002e-05,10,RUL > 125,0.0
46,40,216.0,0.0097352415,-1.179408484848528e-05,10,RUL > 125,0.0
46,41,215.0,0.009747818,1.3844848484829053e-07,10,RUL > 125,0.0
46,42,214.0,0.009925734,1.3803593939393896e-05,10,RUL > 125,9.68608918092682
46,43,213.0,0.009884973,1.331030909090855e-05,10,RUL > 125,9.333463106133724
46,44,212.0,0.009771875,7.637884848484562e-06,10,RUL > 125,5.278514527621722
46,45,211.0,0.009272486,-2.0860672727273187e-05,10,RUL > 125,0.0
46,46,210.0,0.009531994,-3.216530909090917e-05,10,RUL > 125,0.0
46,47,209.0,0.009635027,-2.9104172727272943e-05,10,RUL > 125,0.0
46,48,208.0,0.009189753,-5.029797878787903e-05,10,RUL > 125,0.0
46,49,207.0,0.009151825,-7.375190606060582e-05,10,RUL > 125,0.0
46,50,206.0,0.009361203,-7.590323636363658e-05,10,RUL > 125,0.0
46,51,205.0,0.00903304,-9.05821333333333e-05,10,RUL > 125,0.0
46,52,204.0,0.008860737,-9.413433333333312e-05,10,RUL > 125,0.0
46,53,203.0,0.008948935,-8.268407878787894e-05,10,RUL > 125,0.0
46,54,202.0,0.008931748,-6.836524848484887e-05,10,RUL > 125,0.0
46,55,201.0,0.008593004,-9.56326060606063e-05,10,RUL > 125,0.0
46,56,200.0,0.008805669,-8.57633757575757e-05,10,RUL > 125,0.0
46,57,199.0,0.008978134,-5.081415757575754e-05,10,RUL > 125,0.0
46,58,198.0,0.0089126155,-4.116126969696975e-05,10,RUL > 125,0.0
46,59,197.0,0.008947094,-2.8797027272727607e-05,10,RUL > 125,0.0
46,60,196.0,0.009271146,1.7682900000000047e-05,10,RUL > 125,12.459222134985607
46,61,195.0,0.009431705,5.213465757575759e-05,10,RUL > 125,37.08715887572565
46,62,194.0,0.009476771,7.272539090909061e-05,10,RUL > 125,51.806503073584686
46,63,193.0,0.0095964065,9.825448484848485e-05,10,RUL > 125,70.0560483748736
46,64,192.0,0.00988979,0.0001307923757575,10,RUL > 125,93.31585209380492
46,65,191.0,0.00996047,0.0001329899757575,10,RUL > 125,94.88681269465201
46,66,190.0,0.00997224,0.0001334318969696,10,RUL > 125,95.2027213281102
46,67,189.0,0.010085842,0.0001374277030303,10,RUL > 125,98.05913463807819
46,68,188.0,0.010153819,0.0001273366818181,10,RUL > 125,90.84553946758382
46,69,187.0,0.010057169,9.922751818181804e-05,10,RUL > 125,70.75162401647233
46,70,186.0,0.010474688,0.000102040130303,10,RUL > 125,72.76222777868648
46,71,185.0,0.010354949,9.443706969696972e-05,10,RUL > 125,67.32715831293923
46,72,184.0,0.0102962665,7.544670909090922e-05,10,RUL > 125,53.75184510398415
46,73,183.0,0.0105747925,6.969109696969647e-05,10,RUL > 125,49.63742943407918
46,74,182.0,0.010921146,9.052716969696984e-05,10,RUL > 125,64.53215519442274
46,75,181.0,0.011019355,0.0001089308121212,10,RUL > 125,77.68805124490672
46,76,180.0,0.010812499,0.0001040010969696,10,RUL > 125,74.1640303691502
46,77,179.0,0.010910461,0.0001018032727272,10,RUL > 125,72.59290946798664
46,78,178.0,0.010900393,9.35927030303029e-05,10,RUL > 125,66.72356040340057
46,79,177.0,0.010914389,7.065283636363597e-05,10,RUL > 125,50.32493157102926
46,80,176.0,0.010585665,4.722662424242378e-05,10,RUL > 125,33.57863730932975
46,81,175.0,0.01077241,2.46587272727274e-05,10,RUL > 125,17.445912071174753
46,82,174.0,0.010860391,-2.082506060605854e-06,10,RUL > 125,0.0
46,83,173.0,0.010772323,-2.1896921212120995e-05,10,RUL > 125,0.0
46,84,172.0,0.010682708,-2.5903503030303026e-05,10,RUL > 125,0.0
46,85,171.0,0.010579293,-2.611347878787877e-05,10,RUL > 125,0.0
46,86,170.0,0.010544348,-3.668586060606029e-05,10,RUL > 125,0.0
46,87,169.0,0.010425779,-4.3944527272726496e-05,10,RUL > 125,0.0
46,88,168.0,0.010409929,-4.686400606060564e-05,10,RUL > 125,0.0
46,89,167.0,0.010129085,-5.822416363636397e-05,10,RUL > 125,0.0
46,90,166.0,0.0098004555,-9.990566363636275e-05,10,RUL > 125,0.0
46,91,165.0,0.009791063,-0.0001201321242424,10,RUL > 125,0.0
46,92,164.0,0.009876158,-0.0001179565242424,10,RUL > 125,0.0
46,93,163.0,0.009765044,-0.000115782790909,10,RUL > 125,0.0
46,94,162.0,0.009666651,-0.0001127408393939,10,RUL > 125,0.0
46,95,161.0,0.009682588,-0.0001034080878787,10,RUL > 125,0.0
46,96,160.0,0.00982112,-7.797956060606106e-05,10,RUL > 125,0.0
46,97,159.0,0.009763296,-5.484326969696967e-05,10,RUL > 125,0.0
46,98,158.0,0.009544112,-3.668903939393951e-05,10,RUL > 125,0.0
46,99,157.0,0.009635887,-2.1757081818181528e-05,10,RUL > 125,0.0
46,100,156.0,0.009261365,-4.3184072727272e-05,10,RUL > 125,0.0
46,101,155.0,0.009319658,-5.552318181818236e-05,10,RUL > 125,0.0
46,102,154.0,0.00923939,-6.085354545454518e-05,10,RUL > 125,0.0
46,103,153.0,0.008838378,-8.774649090909159e-05,10,RUL > 125,0.0
46,104,152.0,0.008448554,-0.0001312297818181,10,RUL > 125,0.0
46,105,151.0,0.008446999,-0.0001589706121212,10,RUL > 125,0.0
46,106,150.0,0.008559518,-0.0001563617393939,10,RUL > 125,0.0
46,107,149.0,0.0084371865,-0.0001489882818181,10,RUL > 125,0.0
46,108,148.0,0.008625956,-0.0001298565181818,10,RUL > 125,0.0
46,109,147.0,0.008753918,-8.649751212121124e-05,10,RUL > 125,0.0
46,110,146.0,0.009036199,-4.201896060606063e-05,10,RUL > 125,0.0
46,111,145.0,0.009438129,3.099853030303019e-05,10,RUL > 125,21.97793827145536
46,112,144.0,0.009517773,0.0001015730272727,10,RUL > 125,72.42831785097555
46,113,143.0,0.009608835,0.0001470060696969,10,RUL > 125,100.0
46,114,142.0,0.009270704,0.0001386684636363,10,RUL > 125,98.94609588084721
46,115,141.0,0.00963855,0.0001403260636363,10,RUL > 125,100.0
46,116,140.0,0.00972723,0.0001398789787878,10,RUL > 125,99.81143607457442
46,117,139.0,0.009566844,0.0001083740484848,10,RUL > 125,77.2900471783028
46,118,138.0,0.009931512,9.565191515151536e-05,10,RUL > 125,68.19559403609603
46,119,137.0,0.010159195,8.805473333333342e-05,10,RUL > 125,62.764727038537025
46,120,136.0,0.010157166,8.213195151515136e-05,10,RUL > 125,58.530809636017224
46,121,135.0,0.010631022,0.0001152637151515,10,RUL > 125,82.2151449605904
46,122,134.0,0.010363285,0.0001246419333333,10,RUL > 125,88.91919086055199
46,123,133.0,0.010373587,0.0001304042484848,10,RUL > 125,93.03839821069336
46,124,132.0,0.010346247,0.0001028635030303,10,RUL > 125,73.3508181110492
46,125,131.0,0.010377739,8.852668484848464e-05,10,RUL > 125,63.102102919412815
46,126,130.0,0.010207459,6.185399999999938e-05,10,RUL > 125,44.03505840913732
46,127,129.0,0.010348449,2.635832121212156e-05,10,RUL > 125,18.660871625336895
46,128,128.0,0.010370375,6.895806060605987e-06,10,RUL > 125,4.748037398716732
46,129,127.0,0.01050324,4.53978787878789e-06,10,RUL > 125,3.063831110713627
46,130,126.0,0.010560531,1.003224242424146e-06,10,RUL > 125,0.5357085519604639
46,131,125.0,0.010491205,2.0386369696969795e-05,10,76-125,14.391805125303906
46,132,124.0,0.010555833,2.7140296969696868e-05,10,76-125,19.219869216330874
46,133,123.0,0.010598049,3.4549800000000155e-05,10,76-125,24.51657349939584
46,134,122.0,0.010430403,2.827155757575689e-05,10,76-125,20.02855407317957
46,135,121.0,0.010311039,1.656194545454514e-05,10,76-125,11.657904594828112
46,136,120.0,0.0103848595,-1.6646090909090231e-06,10,76-125,0.0
46,137,119.0,0.010372286,-1.3327966666666528e-05,10,76-125,0.0
46,138,118.0,0.010382648,-2.325332424242432e-05,10,76-125,0.0
46,139,117.0,0.010236647,-3.243346969697035e-05,10,76-125,0.0
46,140,116.0,0.010060138,-4.419054848484857e-05,10,76-125,0.0
46,141,115.0,0.009494509,-8.535648181818102e-05,10,76-125,0.0
46,142,114.0,0.00980086,-9.34226636363642e-05,10,76-125,0.0
46,143,113.0,0.009810208,-8.901336666666732e-05,10,76-125,0.0
46,144,112.0,0.009897125,-8.148995454545455e-05,10,76-125,0.0
46,145,111.0,0.009799468,-8.0786912121212e-05,10,76-125,0.0
46,146,110.0,0.009716955,-7.346235151515141e-05,10,76-125,0.0
46,147,109.0,0.009601127,-6.519810303030329e-05,10,76-125,0.0
46,148,108.0,0.009582034,-4.793710909090878e-05,10,76-125,0.0
46,149,107.0,0.009989051,-8.5041757575761e-06,10,76-125,0.0
46,150,106.0,0.01023345,3.549350909090866e-05,10,76-125,25.191186623020922
46,151,105.0,0.0098417355,1.8315596969697315e-05,10,76-125,12.911507360536095
46,152,104.0,0.010240564,3.910656060606027e-05,10,76-125,27.773986759139447
46,153,103.0,0.010503008,6.950610606060548e-05,10,76-125,49.505188157369666
46,154,102.0,0.010472443,9.563536060606102e-05,10,76-125,68.18375997226562
46,155,101.0,0.010593294,0.0001148724696969,10,76-125,81.93546203629248
46,156,100.0,0.010769612,0.0001286039242424,10,76-125,91.7514313133689
46,157,99.0,0.010321197,9.739503333333286e-05,10,76-125,69.44166701855667
46,158,98.0,0.010405595,6.0788681818181634e-05,10,76-125,43.273512681524586
46,159,97.0,0.0103274435,3.707143030303017e-05,10,76-125,26.319168082560317
46,160,96.0,0.010146587,1.5680818181818465e-05,10,76-125,11.028028261653077
46,161,95.0,0.010111768,-3.26704272727275e-05,10,76-125,0.0
46,162,94.0,0.009960082,-6.598000909090888e-05,10,76-125,0.0
46,163,93.0,0.009918497,-8.066181515151522e-05,10,76-125,0.0
46,164,92.0,0.009993086,-8.62278151515152e-05,10,76-125,0.0
46,165,91.0,0.010062454,-7.414298484848458e-05,10,76-125,0.0
46,166,90.0,0.0099995565,-4.729996969697033e-05,10,76-125,0.0
46,167,89.0,0.010073537,-3.698198181818238e-05,10,76-125,0.0
46,168,88.0,0.009884271,-2.835912121212115e-05,10,76-125,0.0
46,169,87.0,0.00998929,-1.2898972727272283e-05,10,76-125,0.0
46,170,86.0,0.009995581,-5.053948484848411e-06,10,76-125,0.0
46,171,85.0,0.010054722,5.526057575757173e-06,10,76-125,3.7688688044468552
46,172,84.0,0.010129947,1.0788312121212006e-05,10,76-125,7.5306064102614005
46,173,83.0,0.009868689,-3.031172727272549e-06,10,76-125,0.0
46,174,82.0,0.0100578945,-9.54024242423902e-07,10,76-125,0.0
46,175,81.0,0.010009192,2.305600000000184e-06,10,76-125,1.4667155608111804
46,176,80.0,0.009760133,-1.1567378787879212e-05,10,76-125,0.0
46,177,79.0,0.009919239,-8.927712121211962e-06,10,76-125,0.0
46,178,78.0,0.009742512,-2.6675154545453852e-05,10,76-125,0.0
46,179,77.0,0.009642919,-4.113538484848447e-05,10,76-125,0.0
46,180,76.0,0.009708069,-4.742414242424258e-05,10,76-125,0.0
46,181,75.0,0.00965966,-4.892566363636357e-05,10,31-75,0.0
46,182,74.0,0.009726404,-3.698297272727385e-05,10,31-75,0.0
46,183,73.0,0.009497488,-5.005237878787897e-05,10,31-75,0.0
46,184,72.0,0.009600744,-4.037653333333291e-05,10,31-75,0.0
46,185,71.0,0.009645108,-2.5986448484848426e-05,10,31-75,0.0
46,186,70.0,0.009516884,-3.078119393939411e-05,10,31-75,0.0
46,187,69.0,0.009734197,-1.0166963636363947e-05,10,31-75,0.0
46,188,68.0,0.009561245,-8.525345454545275e-06,10,31-75,0.0
46,189,67.0,0.009906477,7.504751515151562e-06,10,31-75,5.18334378621037
46,190,66.0,0.010136836,3.724857575757587e-05,10,31-75,26.445801013808246
46,191,65.0,0.010085169,5.574975757575746e-05,10,31-75,39.671423377055326
46,192,64.0,0.010096058,7.413680000000032e-05,10,31-75,52.81545287040693
46,193,63.0,0.010592462,9.9858703030303e-05,10,31-75,71.20282829788002
46,194,62.0,0.010637339,0.0001216397636363,10,31-75,86.77308132694986
46,195,61.0,0.010644944,0.0001342284545454,10,31-75,95.77214277327222
46,196,60.0,0.010566264,0.0001218580181818,10,31-75,86.92910120860998
46,197,59.0,0.011000853,0.0001349602121212,10,31-75,96.29524175441216
46,198,58.0,0.010892738,0.0001152816848484,10,31-75,82.22799064945055
46,199,57.0,0.011106178,0.0001141214969696,10,31-75,81.39862704953464
46,200,56.0,0.010784035,9.620530909090984e-05,10,31-75,68.59118926522612
46,201,55.0,0.010287382,3.990965454545488e-05,10,31-75,28.348080742379345
46,202,54.0,0.010106112,-2.7998587878788312e-05,10,31-75,0.0
46,203,53.0,0.010452484,-4.404207878788006e-05,10,31-75,0.0
46,204,52.0,0.010255332,-6.615081212121268e-05,10,31-75,0.0
46,205,51.0,0.010204213,-8.591046666666707e-05,10,31-75,0.0
46,206,50.0,0.010303131,-0.0001001777333333,10,31-75,0.0
46,207,49.0,0.009986028,-9.95794363636378e-05,10,31-75,0.0
46,208,48.0,0.009911553,-9.795016969697042e-05,10,31-75,0.0
46,209,47.0,0.010142162,-5.761974545454601e-05,10,31-75,0.0
46,210,46.0,0.010323396,-1.7194987878787726e-05,10,31-75,0.0
46,211,45.0,0.010515058,6.157363636363428e-06,10,31-75,4.220159734683664
46,212,44.0,0.010503142,1.401537575757561e-05,10,31-75,9.837482015081914
46,213,43.0,0.010723296,5.216076969696917e-05,10,31-75,37.10582519972816
46,214,42.0,0.010935089,8.543247272727233e-05,10,31-75,60.89019659747614
46,215,41.0,0.010918227,0.0001061370181818,10,31-75,75.69089971338015
46,216,40.0,0.010981467,0.0001282308363636,10,31-75,91.48472838369634
46,217,39.0,0.011263287,0.0001363341999999,10,31-75,97.2774408914158
46,218,38.0,0.011717297,0.0001487548181818,10,31-75,100.0
46,219,37.0,0.011945076,0.0001670858727272,10,31-75,100.0
46,220,36.0,0.011942584,0.0001755097636363,10,31-75,100.0
46,221,35.0,0.012145821,0.0001881702545454,10,31-75,100.0
46,222,34.0,0.011997103,0.000172157630303,10,31-75,100.0
46,223,33.0,0.011548811,0.000128261030303,10,31-75,91.50631260702258
46,224,32.0,0.011301022,7.496195757575735e-05,10,31-75,53.40531910675785
46,225,31.0,0.011714312,3.864629090909143e-05,10,31-75,27.44496165916589
46,226,30.0,0.011346102,-2.3187072727273893e-05,10,0-30,0.0
46,227,29.0,0.011734113,-4.948801818181827e-05,10,0-30,0.0
46,228,28.0,0.011871084,-4.375746666666575e-05,10,0-30,0.0
46,229,27.0,0.012054978,-1.4675151515151112e-05,10,0-30,0.0
46,230,26.0,0.01234008,2.8459903030302573e-05,10,0-30,20.163193356233766
46,231,25.0,0.012518681,9.006783030303328e-05,10,0-30,64.20379512421374
46,232,24.0,0.012509255,0.0001367275636363,10,0-30,97.55863800398875
46,233,23.0,0.012658505,0.0001554341696969,10,0-30,100.0
46,234,22.0,0.013030474,0.000164459890909,10,0-30,100.0
46,235,21.0,0.013388414,0.0001995992242424,10,0-30,100.0
46,236,20.0,0.0133974645,0.0001903927424242,10,0-30,100.0
46,237,19.0,0.01359628,0.0001930331424242,10,0-30,100.0
46,238,18.0,0.013719872,0.0001889746030303,10,0-30,100.0
46,239,17.0,0.01386576,0.0001827236393939,10,0-30,100.0
46,240,16.0,0.014164017,0.0001897991666666,10,0-30,100.0
46,241,15.0,0.013830848,0.0001685002454545,10,0-30,100.0
46,242,14.0,0.014325156,0.0001576301242424,10,0-30,100.0
46,243,13.0,0.014817631,0.0001615613545454,10,0-30,100.0
46,244,12.0,0.014727027,0.0001591772575757,10,0-30,100.0
46,245,11.0,0.0150694,0.0001787664393939,10,0-30,100.0
46,246,10.0,0.015786532,0.000217699690909,10,0-30,100.0
46,247,9.0,0.016132114,0.0002597788424242,10,0-30,100.0
46,248,8.0,0.016675564,0.0003090028060606,10,0-30,100.0
46,249,7.0,0.01743799,0.0003737129393939,10,0-30,100.0
46,250,6.0,0.01818604,0.0004558098424242,10,0-30,100.0
46,251,5.0,0.018904032,0.0005061068848484,10,0-30,100.0
46,252,4.0,0.019578287,0.0005646421999999,10,0-30,100.0
46,253,3.0,0.021399165,0.0006916554848484,10,0-30,100.0
46,254,2.0,0.022704154,0.0008040335515151,10,0-30,100.0
46,255,1.0,0.023365226,0.0008786025090909,10,0-30,100.0
46,256,0.0,0.02551368,0.0010176131999999,10,0-30,100.0
54,39,218.0,0.009979393,8.580878787878689e-07,10,RUL > 125,0.431957410250049
54,40,217.0,0.009832019,3.692060606058379e-07,10,RUL > 125,0.08247885417321035
54,41,216.0,0.0101920245,1.09244030303028e-05,10,RUL > 125,7.6278913831022725
54,42,215.0,0.010313004,2.949578484848515e-05,10,RUL > 125,20.903696415707135
54,43,214.0,0.010561767,4.7315124242424376e-05,10,RUL > 125,33.64190178565661
54,44,213.0,0.010626368,6.816013030303022e-05,10,RUL > 125,48.543013564702186
54,45,212.0,0.010402032,7.340511818181819e-05,10,RUL > 125,52.29240804481524
54,46,211.0,0.010225562,6.720363939393923e-05,10,RUL > 125,47.85926332205095
54,47,210.0,0.010354477,6.584640909090893e-05,10,RUL > 125,46.88904338560375
54,48,209.0,0.010659565,6.229167575757582e-05,10,RUL > 125,44.34793216737289
54,49,208.0,0.0107286135,6.252453333333332e-05,10,RUL > 125,44.514391066682954
54,50,207.0,0.01048578,3.0605533333333324e-05,10,RUL > 125,21.697003271616413
54,51,206.0,0.01041785,1.1057251515151431e-05,10,RUL > 125,7.722858499765647
54,52,205.0,0.010368893,-5.8333909090914566e-06,10,RUL > 125,0.0
54,53,204.0,0.010479174,-8.019484848485549e-07,10,RUL > 125,0.0
54,54,203.0,0.0103478,2.371499999999995e-06,10,RUL > 125,1.5138243629569423
54,55,202.0,0.01056284,5.695251515151314e-06,10,RUL > 125,3.8898175725076056
54,56,201.0,0.0103370985,-1.7008024242423807e-05,10,RUL > 125,0.0
54,57,200.0,0.010385911,-2.9806424242424125e-05,10,RUL > 125,0.0
54,58,199.0,0.010457553,-1.873889696969717e-05,10,RUL > 125,0.0
54,59,198.0,0.010183989,-1.5541178787878947e-05,10,RUL > 125,0.0
54,60,197.0,0.010290853,-1.6101906060605982e-05,10,RUL > 125,0.0
54,61,196.0,0.010367103,-1.4669457575757418e-05,10,RUL > 125,0.0
54,62,195.0,0.010262737,-2.1578384848484717e-05,10,RUL > 125,0.0
54,63,194.0,0.01044048,-1.015343333333362e-05,10,RUL > 125,0.0
54,64,193.0,0.010821815,1.3782360606060608e-05,10,RUL > 125,9.670910472294107
54,65,192.0,0.010668388,3.793977272727246e-05,10,RUL > 125,26.93990513048928
54,66,191.0,0.010722485,4.87191272727274e-05,10,RUL > 125,34.64555733902208
54,67,190.0,0.010764322,6.03633151515151e-05,10,RUL > 125,42.96943811188189
54,68,189.0,0.010935797,8.155001818181779e-05,10,RUL > 125,58.114812940082274
54,69,188.0,0.010868903,7.505346060606047e-05,10,RUL > 125,53.47073030782461
54,70,187.0,0.011270952,8.930912727272718e-05,10,RUL > 125,63.66143410839913
54,71,186.0,0.010892611,7.613135757575773e-05,10,RUL > 125,54.24126801767485
54,72,185.0,0.010771996,4.304706060606086e-05,10,RUL > 125,30.590864374555753
54,73,184.0,0.0105392225,2.9427242424242384e-06,10,RUL > 125,1.9221656348431875
54,74,183.0,0.010567075,-1.1416930303030416e-05,10,RUL > 125,0.0
54,75,182.0,0.010501587,-3.648936666666616e-05,10,RUL > 125,0.0
54,76,181.0,0.010559348,-5.27829060606058e-05,10,RUL > 125,0.0
54,77,180.0,0.010375327,-7.434740303030196e-05,10,RUL > 125,0.0
54,78,179.0,0.010212851,-8.86274696969693e-05,10,RUL > 125,0.0
54,79,178.0,0.010287206,-9.454842727272716e-05,10,RUL > 125,0.0
54,80,177.0,0.010441245,-5.821311818181877e-05,10,RUL > 125,0.0
54,81,176.0,0.010929754,-1.039754242424254e-05,10,RUL > 125,0.0
54,82,175.0,0.010915004,2.812226969697019e-05,10,RUL > 125,19.921835209074207
54,83,174.0,0.0107169775,3.858897272727275e-05,10,RUL > 125,27.403987594117957
54,84,173.0,0.010570896,4.078982121212089e-05,10,RUL > 125,28.977270383583935
54,85,172.0,0.010409866,2.979503333333324e-05,10,RUL > 125,21.117615044920612
54,86,171.0,0.010578996,3.298802121212138e-05,10,RUL > 125,23.400131497668372
54,87,170.0,0.010816265,3.661673030303084e-05,10,RUL > 125,25.994124496282506
54,88,169.0,0.011058875,3.730227575757575e-05,10,RUL > 125,26.48418861130793
54,89,168.0,0.011291922,4.5401639393938967e-05,10,RUL > 125,32.274041707713195
54,90,167.0,0.011091262,4.064680303030291e-05,10,RUL > 125,28.875033430161643
54,91,166.0,0.0108588515,4.790330303030248e-05,10,RUL > 125,34.06236306250886
54,92,165.0,0.010710896,4.696559393939363e-05,10,RUL > 125,33.3920390559226
54,93,164.0,0.010509186,2.4297790909090785e-05,10,RUL > 125,17.187895686625183
54,94,163.0,0.010066876,-2.971609393939352e-05,10,RUL > 125,0.0
54,95,162.0,0.010132836,-8.475816060606098e-05,10,RUL > 125,0.0
54,96,161.0,0.010186316,-0.0001222498636363,10,RUL > 125,0.0
54,97,160.0,0.01011371,-0.0001431242030303,10,RUL > 125,0.0
54,98,159.0,0.010164581,-0.0001365339424242,10,RUL > 125,0.0
54,99,158.0,0.010206404,-0.0001012860333333,10,RUL > 125,0.0
54,100,157.0,0.010043272,-7.515577272727272e-05,10,RUL > 125,0.0
54,101,156.0,0.010398227,-3.2455454545454566e-05,10,RUL > 125,0.0
54,102,155.0,0.010368877,4.36358181818167e-06,10,RUL > 125,2.937869707891073
54,103,154.0,0.010712252,5.061051515151536e-05,10,RUL > 125,35.997621335425265
54,104,153.0,0.010644269,6.120054545454546e-05,10,RUL > 125,43.567934571608845
54,105,152.0,0.010507205,6.171298787878806e-05,10,RUL > 125,43.9342554938366
54,106,151.0,0.010741095,7.401059393939352e-05,10,RUL > 125,52.72523410957629
54,107,150.0,0.010740746,7.472416969696995e-05,10,RUL > 125,53.235335766325555
54,108,149.0,0.010702064,6.911878181818144e-05,10,RUL > 125,49.22830832273137
54,109,148.0,0.010440397,4.5513903030303294e-05,10,RUL > 125,32.35429368697975
54,110,147.0,0.010323163,1.8026969696971264e-06,10,RUL > 125,1.107213901431533
54,111,146.0,0.00993425,-4.285089696969677e-05,10,RUL > 125,0.0
54,112,145.0,0.009810028,-9.061293939393918e-05,10,RUL > 125,0.0
54,113,144.0,0.009899781,-0.0001038137696969,10,RUL > 125,0.0
54,114,143.0,0.010193313,-9.568783030302972e-05,10,RUL > 125,0.0
54,115,142.0,0.010215185,-9.004033939393975e-05,10,RUL > 125,0.0
54,116,141.0,0.010406018,-5.485147272727339e-05,10,RUL > 125,0.0
54,117,140.0,0.010055562,-3.474011515151531e-05,10,RUL > 125,0.0
54,118,139.0,0.009779334,-2.396927878787906e-05,10,RUL > 125,0.0
54,119,138.0,0.009576833,-3.050381212121259e-05,10,RUL > 125,0.0
54,120,137.0,0.009650655,-3.035984848484836e-05,10,RUL > 125,0.0
54,121,136.0,0.009632297,-4.899315151515162e-05,10,RUL > 125,0.0
54,122,135.0,0.009617565,-7.305144848484811e-05,10,RUL > 125,0.0
54,123,134.0,0.009542181,-9.290518181818156e-05,10,RUL > 125,0.0
54,124,133.0,0.009592402,-8.611624242424208e-05,10,RUL > 125,0.0
54,125,132.0,0.0096571855,-6.705175454545434e-05,10,RUL > 125,0.0
54,126,131.0,0.0094515635,-3.9717181818181787e-05,10,RUL > 125,0.0
54,127,130.0,0.009915201,1.1121212121210831e-06,10,RUL > 125,0.6135538599990182
54,128,129.0,0.009909051,2.489211515151496e-05,10,RUL > 125,17.612750059111836
54,129,128.0,0.009704465,2.244047878787895e-05,10,RUL > 125,15.860190842295221
54,130,127.0,0.009784068,2.77052363636365e-05,10,RUL > 125,19.62371774642989
54,131,126.0,0.009735078,2.7456818181817835e-05,10,RUL > 125,19.446135303687264
54,132,125.0,0.00978617,2.776727272727258e-05,10,76-125,19.6680646171489
54,133,124.0,0.009689285,1.5723793939394014e-05,10,76-125,11.058749604000521
54,134,123.0,0.0094068665,-1.0159342424241913e-05,10,76-125,0.0
54,135,122.0,0.009496998,-2.4558400000000317e-05,10,76-125,0.0
54,136,121.0,0.009466365,-5.239481515151506e-05,10,76-125,0.0
54,137,120.0,0.009640459,-4.0005439393939406e-05,10,76-125,0.0
54,138,119.0,0.0096334135,-2.508015757575752e-05,10,76-125,0.0
54,139,118.0,0.009548378,-2.5091181818182323e-05,10,76-125,0.0
54,140,117.0,0.009460031,-2.2722303030303087e-05,10,76-125,0.0
54,141,116.0,0.009443102,-2.06151030303031e-05,10,76-125,0.0
54,142,115.0,0.009440638,-1.1697066666666608e-05,10,76-125,0.0
54,143,114.0,0.009601491,3.724036363635917e-06,10,76-125,2.4806888234979985
54,144,113.0,0.009464483,-6.0917545454544734e-06,10,76-125,0.0
54,145,112.0,0.009668723,5.432030303033037e-07,10,76-125,0.20686108208616247
54,146,111.0,0.009483779,-7.033409090908799e-06,10,76-125,0.0
54,147,110.0,0.009396468,-7.97725151515185e-06,10,76-125,0.0
54,148,109.0,0.009636336,6.650381818181817e-06,10,76-125,4.572595182052591
54,149,108.0,0.009452181,5.528739393939621e-06,10,76-125,3.7707859097905296
54,150,107.0,0.0090900175,-2.007105151515229e-05,10,76-125,0.0
54,151,106.0,0.009179901,-3.741169393939473e-05,10,76-125,0.0
54,152,105.0,0.00925796,-4.746852424242461e-05,10,76-125,0.0
54,153,104.0,0.009192667,-4.8148978787878174e-05,10,76-125,0.0
54,154,103.0,0.009393862,-4.203358484848489e-05,10,76-125,0.0
54,155,102.0,0.009280935,-2.760583333333332e-05,10,76-125,0.0
54,156,101.0,0.0093934685,-1.4669030303030738e-05,10,76-125,0.0
54,157,100.0,0.00944236,-3.791478787879277e-06,10,76-125,0.0
54,158,99.0,0.009459412,2.3451115151515062e-05,10,76-125,16.58264711689283
54,159,98.0,0.009364044,3.5359351515151186e-05,10,76-125,25.095283699003744
54,160,97.0,0.009528846,3.31808818181819e-05,10,76-125,23.53799844960529
54,161,96.0,0.009632005,3.730236666666621e-05,10,76-125,26.48425359792941
54,162,95.0,0.009789654,4.97467727272728e-05,10,76-125,35.380172610559406
54,163,94.0,0.009930516,5.907691818181828e-05,10,76-125,42.04985358492394
54,164,93.0,0.010274702,9.16502212121213e-05,10,76-125,65.3349717593229
54,165,92.0,0.010187279,0.0001012496818181,10,76-125,72.1971734345032
54,166,91.0,0.010233183,0.0001098692424242,10,76-125,78.35889081200446
54,167,90.0,0.0101926625,0.0001093596696969,10,76-125,77.99462130078562
54,168,89.0,0.010643243,0.0001254694393939,10,76-125,89.51073591796224
54,169,88.0,0.010684077,0.0001230991848484,10,76-125,87.81635272495204
54,170,87.0,0.0108892415,0.0001269061212121,10,76-125,90.53775199565861
54,171,86.0,0.010850632,0.0001189947090909,10,76-125,84.88225657362128
54,172,85.0,0.010714165,9.937833939393866e-05,10,76-125,70.85943898826588
54,173,84.0,0.01086116,8.596448484848492e-05,10,76-125,61.27050697315782
54,174,83.0,0.010797698,8.075426666666724e-05,10,76-125,57.545967709664595
54,175,82.0,0.01111755,8.082297575757585e-05,10,76-125,57.595084598423895
54,176,81.0,0.010889203,6.022064848484823e-05,10,76-125,42.867452440063616
54,177,80.0,0.011009324,3.551725151515153e-05,10,76-125,25.208158962415784
54,178,79.0,0.010876377,2.3701972727272837e-05,10,76-125,16.761973367320333
54,179,78.0,0.010766354,5.781839393939074e-06,10,76-125,3.951715163555337
54,180,77.0,0.011082592,1.779138787878775e-05,10,76-125,12.53677500322594
54,181,76.0,0.011325034,3.8107436363636325e-05,10,76-125,27.059759957083013
54,182,75.0,0.011384594,4.682408484848526e-05,10,31-75,33.29088088042263
54,183,74.0,0.011845946,8.237864242424317e-05,10,31-75,58.70715733294587
54,184,73.0,0.011632299,9.011212727272664e-05,10,31-75,64.23546093879563
54,185,72.0,0.011742946,0.0001150879939393,10,31-75,82.08953015302791
54,186,71.0,0.012513361,0.0001592828060606,10,31-75,100.0
54,187,70.0,0.012502923,0.0001912295757575,10,31-75,100.0
54,188,69.0,0.012409649,0.0001911213090909,10,31-75,100.0
54,189,68.0,0.012434,0.0001664212969696,10,31-75,100.0
54,190,67.0,0.012447532,0.0001433280363636,10,31-75,100.0
54,191,66.0,0.012109021,0.0001013886121212,10,31-75,72.296488156215
54,192,65.0,0.012064261,5.147552727272741e-05,10,31-75,36.61597770677551
54,193,64.0,0.012126967,2.750118181818184e-05,10,31-75,19.477848775128
54,194,63.0,0.011976435,-2.2333448484847144e-05,10,31-75,0.0
54,195,62.0,0.012082965,-6.315223030303038e-05,10,31-75,0.0
54,196,61.0,0.012140336,-5.360212727272733e-05,10,31-75,0.0
54,197,60.0,0.012319467,-3.045559393939381e-05,10,31-75,0.0
54,198,59.0,0.012295651,-1.2602672727272843e-05,10,31-75,0.0
54,199,58.0,0.01245131,1.6745933333332827e-05,10,31-75,11.789428852476858
54,200,57.0,0.012644228,5.730965454545506e-05,10,31-75,40.786520155711905
54,201,56.0,0.012985576,9.154076363636268e-05,10,31-75,65.25672570044911
54,202,55.0,0.013065522,0.0001165236545454,10,31-75,83.11581621435452
54,203,54.0,0.013217911,0.0001418625757575,10,31-75,100.0
54,204,53.0,0.013537316,0.0001613645575757,10,31-75,100.0
54,205,52.0,0.014020108,0.0001953828787878,10,31-75,100.0
54,206,51.0,0.0143731525,0.0002290023848484,10,31-75,100.0
54,207,50.0,0.014514612,0.0002552154878787,10,31-75,100.0
54,208,49.0,0.014718885,0.0002643752030303,10,31-75,100.0
54,209,48.0,0.015068061,0.0002735856151515,10,31-75,100.0
54,210,47.0,0.015239818,0.0002733075969696,10,31-75,100.0
54,211,46.0,0.015239748,0.0002643205969696,10,31-75,100.0
54,212,45.0,0.015936222,0.0002713295242424,10,31-75,100.0
54,213,44.0,0.016313111,0.0002742589363636,10,31-75,100.0
54,214,43.0,0.017006561,0.0002987889848484,10,31-75,100.0
54,215,42.0,0.017960329,0.0003654774212121,10,31-75,100.0
54,216,41.0,0.017956901,0.0004077549212121,10,31-75,100.0
54,217,40.0,0.0190427,0.0004752490787878,10,31-75,100.0
54,218,39.0,0.02037684,0.0005742467939393,10,31-75,100.0
54,219,38.0,0.021518342,0.0006902053818181,10,31-75,100.0
54,220,37.0,0.022542218,0.0007952769939393,10,31-75,100.0
54,221,36.0,0.02417362,0.0009008155636363,10,31-75,100.0
54,222,35.0,0.025280738,0.001004884630303,10,31-75,100.0
54,223,34.0,0.026391365,0.0010813924242424,10,31-75,100.0
54,224,33.0,0.027124764,0.0011219731454545,10,31-75,100.0
54,225,32.0,0.028397795,0.0011729315696969,10,31-75,100.0
54,226,31.0,0.029972576,0.0011830438666666,10,31-75,100.0
54,227,30.0,0.031877138,0.0012237834181818,10,0-30,100.0
54,228,29.0,0.03304033,0.0012613435272727,10,0-30,100.0
54,229,28.0,0.034535997,0.0013030887575757,10,0-30,100.0
54,230,27.0,0.03572984,0.0013204213393939,10,0-30,100.0
54,231,26.0,0.037657805,0.0013918258181818,10,0-30,100.0
54,232,25.0,0.039859712,0.0014936975151515,10,0-30,100.0
54,233,24.0,0.041809455,0.0015992457939393,10,0-30,100.0
54,234,23.0,0.044476632,0.0017122837818181,10,0-30,100.0
54,235,22.0,0.046159856,0.0017916770484848,10,0-30,100.0
54,236,21.0,0.048731145,0.0019010101333333,10,0-30,100.0
54,237,20.0,0.051112782,0.0020398448969697,10,0-30,100.0
54,238,19.0,0.054690354,0.0022182067636363,10,0-30,100.0
54,239,18.0,0.057853,0.0024063631939393,10,0-30,100.0
54,240,17.0,0.06156132,0.0025937508181818,10,0-30,100.0
54,241,16.0,0.06435873,0.0027491465939394,10,0-30,100.0
54,242,15.0,0.06705057,0.002874516230303,10,0-30,100.0
54,243,14.0,0.070520066,0.0029895278121211,10,0-30,100.0
54,244,13.0,0.07498187,0.0031777149151515,10,0-30,100.0
54,245,12.0,0.07909042,0.0033324592181817,10,0-30,100.0
54,246,11.0,0.08319342,0.0034832644363636,10,0-30,100.0
54,247,10.0,0.08712494,0.0035895674545454,10,0-30,100.0
54,248,9.0,0.09211692,0.0037701540848484,10,0-30,100.0
54,249,8.0,0.0979514,0.0040261728,10,0-30,100.0
54,250,7.0,0.10245457,0.0042889990909091,10,0-30,100.0
54,251,6.0,0.10849915,0.0045723479878788,10,0-30,100.0
54,252,5.0,0.11593266,0.0049055816727272,10,0-30,100.0
54,253,4.0,0.12172061,0.0051933112727272,10,0-30,100.0
54,254,3.0,0.12942873,0.0055783247272727,10,0-30,100.0
54,255,2.0,0.13841504,0.0060674419393939,10,0-30,100.0
54,256,1.0,0.14535217,0.006489395090909,10,0-30,100.0
54,257,0.0,0.15450433,0.0069192189090909,10,0-30,100.0
71,39,169.0,0.009690428,-7.641888181818218e-05,10,RUL > 125,0.0
71,40,168.0,0.009748429,-0.0001237307727272,10,RUL > 125,0.0
71,41,167.0,0.009966315,-0.0001469648393939,10,RUL > 125,0.0
71,42,166.0,0.0097032925,-0.0001466442727272,10,RUL > 125,0.0
71,43,165.0,0.009808267,-0.0001311862181818,10,RUL > 125,0.0
71,44,164.0,0.00980786,-0.0001068814424242,10,RUL > 125,0.0
71,45,163.0,0.0099715935,-6.361654848484873e-05,10,RUL > 125,0.0
71,46,162.0,0.009890334,-1.4389396969696729e-05,10,RUL > 125,0.0
71,47,161.0,0.009910004,1.0284966666666406e-05,10,RUL > 125,7.170788482655556
71,48,160.0,0.009895043,2.0588793939394104e-05,10,RUL > 125,14.536508669854738
71,49,159.0,0.009766688,6.720721212121478e-06,10,RUL > 125,4.6228774975634535
71,50,158.0,0.009946299,5.591981818181723e-06,10,RUL > 125,3.815994936358786
71,51,157.0,0.009952414,1.6924096969696984e-05,10,RUL > 125,11.916789633889188
71,52,156.0,0.009813827,3.3305848484846515e-06,10,RUL > 125,2.199428890550133
71,53,155.0,0.010003546,5.743869696969497e-06,10,RUL > 125,3.9245724178485166
71,54,154.0,0.009899219,7.243939393886365e-08,10,RUL > 125,0.0
71,55,153.0,0.009829562,4.097212121212972e-07,10,RUL > 125,0.11144122529085541
71,56,152.0,0.009749308,-7.326193939393706e-06,10,RUL > 125,0.0
71,57,151.0,0.009932995,-2.0220787878786755e-06,10,RUL > 125,0.0
71,58,150.0,0.0097315395,-8.982524242423965e-06,10,RUL > 125,0.0
71,59,149.0,0.009536459,-3.31588636363639e-05,10,RUL > 125,0.0
71,60,148.0,0.009317751,-5.450000909090889e-05,10,RUL > 125,0.0
71,61,147.0,0.009132531,-7.791763333333342e-05,10,RUL > 125,0.0
71,62,146.0,0.008591631,-0.0001301400515151,10,RUL > 125,0.0
71,63,145.0,0.008684567,-0.0001498308030303,10,RUL > 125,0.0
71,64,144.0,0.0091122985,-0.0001371582545454,10,RUL > 125,0.0
71,65,143.0,0.009194355,-0.0001151152666666,10,RUL > 125,0.0
71,66,142.0,0.009065914,-9.77289393939399e-05,10,RUL > 125,0.0
71,67,141.0,0.009265585,-4.892210303030323e-05,10,RUL > 125,0.0
71,68,140.0,0.009242294,-6.726233333333727e-06,10,RUL > 125,0.0
71,69,139.0,0.009105022,2.090695454545432e-05,10,RUL > 125,14.76394668262423
71,70,138.0,0.009140646,4.1132275757575735e-05,10,RUL > 125,29.22207498792074
71,71,137.0,0.008936549,4.002376060606076e-05,10,RUL > 125,28.42964978384718
71,72,136.0,0.00903707,1.0713748484849067e-05,10,RUL > 125,7.477304383058058
71,73,135.0,0.009014738,-1.901790000000017e-05,10,RUL > 125,0.0
71,74,134.0,0.008921866,-2.9301933333333535e-05,10,RUL > 125,0.0
71,75,133.0,0.008972272,-2.905784242424244e-05,10,RUL > 125,0.0
71,76,132.0,0.008944848,-3.618042424242415e-05,10,RUL > 125,0.0
71,77,131.0,0.008851314,-3.362599393939355e-05,10,RUL > 125,0.0
71,78,130.0,0.008893439,-2.5305103030303103e-05,10,RUL > 125,0.0
71,79,129.0,0.0090698525,-1.2284578787879138e-05,10,RUL > 125,0.0
71,80,128.0,0.008871593,-7.276978787879095e-06,10,RUL > 125,0.0
71,81,127.0,0.008957942,-7.904651515151557e-06,10,RUL > 125,0.0
71,82,126.0,0.008929186,-3.658742424242207e-06,10,RUL > 125,0.0
71,83,125.0,0.008941412,1.0729242424242477e-06,10,76-125,0.5855337948978507
71,84,124.0,0.009116629,1.0059215151515258e-05,10,76-125,7.009409370950063
71,85,123.0,0.009174179,2.318423333333299e-05,10,76-125,16.391865891261926
71,86,122.0,0.009129489,2.9595990909091225e-05,10,76-125,20.975329002701237
71,87,121.0,0.008651991,1.4887303030303654e-06,10,76-125,0.8827739381475996
71,88,120.0,0.008451128,-3.2350324242424204e-05,10,76-125,0.0
71,89,119.0,0.00838587,-5.262666060606094e-05,10,76-125,0.0
71,90,118.0,0.008569889,-6.779219999999944e-05,10,76-125,0.0
71,91,117.0,0.008641539,-6.963593939393908e-05,10,76-125,0.0
71,92,116.0,0.00857405,-7.324277575757591e-05,10,76-125,0.0
71,93,115.0,0.008806164,-5.9069103030303005e-05,10,76-125,0.0
71,94,114.0,0.008260602,-6.133285454545432e-05,10,76-125,0.0
71,95,113.0,0.008185596,-5.347509090909091e-05,10,76-125,0.0
71,96,112.0,0.008567298,-1.5793727272727738e-05,10,76-125,0.0
71,97,111.0,0.008390452,-1.2777272727272963e-05,10,76-125,0.0
71,98,110.0,0.008618955,-7.517715151515504e-06,10,76-125,0.0
71,99,109.0,0.008617058,-8.746430303030223e-06,10,76-125,0.0
71,100,108.0,0.008416143,-1.1468490909090689e-05,10,76-125,0.0
71,101,107.0,0.008475229,-4.327424242424423e-06,10,76-125,0.0
71,102,106.0,0.008562889,5.111709090908954e-06,10,76-125,3.4726706133669314
71,103,105.0,0.00840917,2.177572121212124e-05,10,76-125,15.384987001455222
71,104,104.0,0.008377326,5.144036363636483e-06,10,76-125,3.495779856080704
71,105,103.0,0.008499627,-1.1231921212120908e-05,10,76-125,0.0
71,106,102.0,0.008530835,-4.265260606060736e-06,10,76-125,0.0
71,107,101.0,0.008475646,-1.1656666666666438e-05,10,76-125,0.0
71,108,100.0,0.008463672,-5.500321212121377e-06,10,76-125,0.0
71,109,99.0,0.008138827,-1.5307042424242265e-05,10,76-125,0.0
71,110,98.0,0.008220227,-2.82713575757576e-05,10,76-125,0.0
71,111,97.0,0.008258761,-3.28200121212122e-05,10,76-125,0.0
71,112,96.0,0.008203678,-3.190533939393933e-05,10,76-125,0.0
71,113,95.0,0.008036374,-4.601019999999989e-05,10,76-125,0.0
71,114,94.0,0.0077987383,-7.068120181818166e-05,10,76-125,0.0
71,115,93.0,0.007924141,-7.334547212121216e-05,10,76-125,0.0
71,116,92.0,0.007849229,-7.103973030303038e-05,10,76-125,0.0
71,117,91.0,0.007853722,-6.390629151515175e-05,10,76-125,0.0
71,118,90.0,0.008248465,-2.85012103030302e-05,10,76-125,0.0
71,119,89.0,0.008346772,-6.78169272727298e-06,10,76-125,0.0
71,120,88.0,0.00846023,2.403256424242409e-05,10,76-125,16.998297650755426
71,121,87.0,0.00871193,6.823571818181801e-05,10,76-125,48.59704777451162
71,122,86.0,0.008917716,0.0001144984054545,10,76-125,81.66806115032773
71,123,85.0,0.009086223,0.0001501437775757,10,76-125,100.0
71,124,84.0,0.0093444185,0.0001713047181818,10,76-125,100.0
71,125,83.0,0.009307041,0.0001800515484848,10,76-125,100.0
71,126,82.0,0.0093537895,0.0001695917393939,10,76-125,100.0
71,127,81.0,0.009713157,0.000160796230303,10,76-125,100.0
71,128,80.0,0.009716174,0.0001559428787878,10,76-125,100.0
71,129,79.0,0.009816532,0.0001453269878787,10,76-125,100.0
71,130,78.0,0.009778322,0.0001223755090909,10,76-125,87.29903105457495
71,131,77.0,0.010062975,0.0001157536848484,10,76-125,82.56540118985816
71,132,76.0,0.010189304,0.0001133652969696,10,76-125,80.85805533204258
71,133,75.0,0.010814469,0.000140897430303,10,31-75,100.0
71,134,74.0,0.011103291,0.0001804480878787,10,31-75,100.0
71,135,73.0,0.011118685,0.0001970269181818,10,31-75,100.0
71,136,72.0,0.011011087,0.0001888940121212,10,31-75,100.0
71,137,71.0,0.011057773,0.0001871769939393,10,31-75,100.0
71,138,70.0,0.01116835,0.0001753942060606,10,31-75,100.0
71,139,69.0,0.011223136,0.0001556881454545,10,31-75,100.0
71,140,68.0,0.011275779,0.0001192564424242,10,31-75,85.06935739021331
71,141,67.0,0.011494108,9.55594666666668e-05,10,31-75,68.12950697416251
71,142,66.0,0.011689097,7.357312121212162e-05,10,31-75,52.4125054881305
71,143,65.0,0.0119338855,8.843723333333377e-05,10,31-75,63.03815824977863
71,144,64.0,0.012120533,0.0001191682333333,10,31-75,85.00630087108316
71,145,63.0,0.011818714,0.0001221324393939,10,31-75,87.12527199139384
71,146,62.0,0.011888402,0.0001132394090909,10,31-75,80.7680640244516
71,147,61.0,0.012203966,0.0001140372393939,10,31-75,81.3383952822669
71,148,60.0,0.012325498,0.0001149426393939,10,31-75,81.9856230434641
71,149,59.0,0.012208089,9.907027575757523e-05,10,31-75,70.63921882295799
71,150,58.0,0.0120756,6.754194848484792e-05,10,31-75,48.101104536432985
71,151,57.0,0.0122732455,5.165475151515182e-05,10,31-75,36.74409666544197
71,152,56.0,0.012377973,4.50351393939393e-05,10,31-75,32.012048141909624
71,153,55.0,0.012502634,5.318443939393939e-05,10,31-75,37.83759838967233
71,154,54.0,0.012460604,6.459043939393907e-05,10,31-75,45.99120988096346
71,155,53.0,0.012675576,6.347884545454569e-05,10,31-75,45.196583796631735
71,156,52.0,0.012613866,5.326091212121218e-05,10,31-75,37.8922651359341
71,157,51.0,0.01238909,4.3026566666665913e-05,10,31-75,30.57621422377963
71,158,50.0,0.012261806,3.170766363636341e-05,10,31-75,22.484864248618567
71,159,49.0,0.012446534,2.3409590909090413e-05,10,31-75,16.552963394273085
71,160,48.0,0.012889142,2.753093030303053e-05,10,31-75,19.49911456400322
71,161,47.0,0.012804948,3.03751212121208e-05,10,31-75,21.532292512432544
71,162,46.0,0.012612337,2.3250212121211746e-05,10,31-75,16.439031015146696
71,163,45.0,0.012688101,2.572784242424254e-05,10,31-75,18.21017207335848
71,164,44.0,0.012719486,2.486729696969689e-05,10,31-75,17.595008711359363
71,165,43.0,0.013047556,5.309498181818128e-05,10,31-75,37.77364938759584
71,166,42.0,0.013268626,8.475818181818188e-05,10,31-75,60.40817782623002
71,167,41.0,0.013694975,0.000116755230303,10,31-75,83.28135880231453
71,168,40.0,0.013749173,0.0001273940242424,10,31-75,90.88653086243838
71,169,39.0,0.014045087,0.000148460090909,10,31-75,100.0
71,170,38.0,0.0141744185,0.0001867114030303,10,31-75,100.0
71,171,37.0,0.014425031,0.0002174404454545,10,31-75,100.0
71,172,36.0,0.014871163,0.0002400258575757,10,31-75,100.0
71,173,35.0,0.015363316,0.0002671272030303,10,31-75,100.0
71,174,34.0,0.015524574,0.0002726899242424,10,31-75,100.0
71,175,33.0,0.016570104,0.0003231518212121,10,31-75,100.0
71,176,32.0,0.017402383,0.0003910512030303,10,31-75,100.0
71,177,31.0,0.01841251,0.0004923655424242,10,31-75,100.0
71,178,30.0,0.018707054,0.0005561768757575,10,0-30,100.0
71,179,29.0,0.019751698,0.0006366008636363,10,0-30,100.0
71,180,28.0,0.0214463,0.0007489087454545,10,0-30,100.0
71,181,27.0,0.022550065,0.0008499854727272,10,0-30,100.0
71,182,26.0,0.023931718,0.0009576819636363,10,0-30,100.0
71,183,25.0,0.025843197,0.0010926262363636,10,0-30,100.0
71,184,24.0,0.02790163,0.0012235703454545,10,0-30,100.0
71,185,23.0,0.029278154,0.001349274660606,10,0-30,100.0
71,186,22.0,0.030489871,0.0014425209272727,10,0-30,100.0
71,187,21.0,0.03275424,0.0015679838121212,10,0-30,100.0
71,188,20.0,0.03514907,0.0016698709030302,10,0-30,100.0
71,189,19.0,0.03710611,0.0017488514,10,0-30,100.0
71,190,18.0,0.038171504,0.0017885612545454,10,0-30,100.0
71,191,17.0,0.042295836,0.001924089260606,10,0-30,100.0
71,192,16.0,0.04581882,0.0021045475515151,10,0-30,100.0
71,193,15.0,0.047598045,0.0022441882060605,10,0-30,100.0
71,194,14.0,0.050670873,0.0024249713999999,10,0-30,100.0
71,195,13.0,0.05416465,0.002612101690909,10,0-30,100.0
71,196,12.0,0.05916836,0.0028512882545454,10,0-30,100.0
71,197,11.0,0.063948646,0.0031545575757576,10,0-30,100.0
71,198,10.0,0.06859793,0.0034929655272727,10,0-30,100.0
71,199,9.0,0.07322998,0.0038090593575757,10,0-30,100.0
71,200,8.0,0.0787749,0.0040607645454545,10,0-30,100.0
71,201,7.0,0.085086785,0.004439547460606,10,0-30,100.0
71,202,6.0,0.0914216,0.0048800531696969,10,0-30,100.0
71,203,5.0,0.09752329,0.0052192323636364,10,0-30,100.0
71,204,4.0,0.10548346,0.0055923033636363,10,0-30,100.0
71,205,3.0,0.11335724,0.0059633767454545,10,0-30,100.0
71,206,2.0,0.12264248,0.0064570124909091,10,0-30,100.0
71,207,1.0,0.13274552,0.0070510256060606,10,0-30,100.0
71,208,0.0,0.14395906,0.0077327371212121,10,0-30,100.0
74,39,127.0,0.0093243625,-3.122948181818198e-05,10,RUL > 125,0.0
74,40,126.0,0.009312089,-5.974337272727305e-05,10,RUL > 125,0.0
74,41,125.0,0.009369127,-7.908724545454507e-05,10,76-125,0.0
74,42,124.0,0.009451784,-8.736484545454517e-05,10,76-125,0.0
74,43,123.0,0.0094512375,-8.383530909090898e-05,10,76-125,0.0
74,44,122.0,0.009225835,-7.826844848484844e-05,10,76-125,0.0
74,45,121.0,0.009071214,-8.510174545454561e-05,10,76-125,0.0
74,46,120.0,0.008877247,-8.091664242424281e-05,10,76-125,0.0
74,47,119.0,0.008850641,-7.512347272727344e-05,10,76-125,0.0
74,48,118.0,0.009080066,-5.6092830303030667e-05,10,76-125,0.0
74,49,117.0,0.009105632,-5.311422727272718e-05,10,76-125,0.0
74,50,116.0,0.009101736,-4.851508787878808e-05,10,76-125,0.0
74,51,115.0,0.009650006,-7.658045454545245e-06,10,76-125,0.0
74,52,114.0,0.009631781,3.431077878787898e-05,10,76-125,24.34570850712742
74,53,113.0,0.009577121,7.107993333333347e-05,10,76-125,50.63024305270745
74,54,112.0,0.009772503,0.0001019535939393,10,76-125,72.70036701334554
74,55,111.0,0.009836731,0.0001193962545454,10,76-125,85.16930248209812
74,56,110.0,0.009674833,0.0001057979878787,10,76-125,75.44854293841503
74,57,109.0,0.010024802,9.984749696969683e-05,10,76-125,71.1948176136322
74,58,108.0,0.010097235,9.89106424242424e-05,10,76-125,70.52510448129081
74,59,107.0,0.009972643,8.055293939393929e-05,10,76-125,57.40204833701643
74,60,106.0,0.009852055,4.484875151515174e-05,10,76-125,31.878808237445334
74,61,105.0,0.009878942,3.806768484848477e-05,10,76-125,27.031343473588716
74,62,104.0,0.00972396,1.8843072727272967e-05,10,76-125,13.288574903789335
74,63,103.0,0.009609075,-1.140931515151591e-05,10,76-125,0.0
74,64,102.0,0.009509658,-3.444630303030362e-05,10,76-125,0.0
74,65,101.0,0.009446851,-5.344126060606017e-05,10,76-125,0.0
74,66,100.0,0.009597297,-7.029745454545543e-05,10,76-125,0.0
74,67,99.0,0.009876621,-4.764669696969737e-05,10,76-125,0.0
74,68,98.0,0.009988934,-1.2244775757575888e-05,10,76-125,0.0
74,69,97.0,0.010131613,2.394624242424179e-05,10,76-125,16.93659025388708
74,70,96.0,0.010308924,5.984266060606051e-05,10,76-125,42.59724673148459
74,71,95.0,0.0103684785,9.524216666666707e-05,10,76-125,67.90268416807935
74,72,94.0,0.010128099,0.0001012641545454,10,76-125,72.20751930471393
74,73,93.0,0.010493624,0.0001146662151515,10,76-125,81.78802038878199
74,74,92.0,0.010407688,0.0001060312515151,10,76-125,75.61529211132853
74,75,91.0,0.010375568,8.057194242424213e-05,10,76-125,57.415632707194106
74,76,90.0,0.010588199,6.54832454545451e-05,10,76-125,46.629434828820024
74,77,89.0,0.010453653,4.966634242424232e-05,10,76-125,35.32267678002833
74,78,88.0,0.010630258,4.3975645454545685e-05,10,76-125,31.25466589053374
74,79,87.0,0.010686132,4.307093030303029e-05,10,76-125,30.607927695220628
74,80,86.0,0.010695977,4.780250606060637e-05,10,76-125,33.99030806247365
74,81,85.0,0.010234175,2.662363030303058e-05,10,76-125,18.85052858241035
74,82,84.0,0.010551013,8.329448484848366e-06,10,76-125,5.772880757011091
74,83,83.0,0.0106893005,1.6820324242424483e-05,10,76-125,11.842607405099805
74,84,82.0,0.010740702,2.001401515151504e-05,10,76-125,14.12562642105575
74,85,81.0,0.010866579,2.389585757575746e-05,10,76-125,16.90057250186281
74,86,80.0,0.01075869,3.0116596969696808e-05,10,76-125,21.347485723566535
74,87,79.0,0.010538278,1.3278572727272895e-05,10,76-125,9.31077627646237
74,88,78.0,0.010614219,1.1330693939393932e-05,10,76-125,7.918329593269963
74,89,77.0,0.010815693,2.42916515151514e-05,10,76-125,17.183506923432677
74,90,76.0,0.010876354,3.964728787878796e-05,10,76-125,28.16052718563139
74,91,75.0,0.010853297,2.077208181818186e-05,10,31-75,14.667532530515642
74,92,74.0,0.011102387,2.910162727272724e-05,10,31-75,20.621931753329505
74,93,73.0,0.011054433,3.735134545454564e-05,10,31-75,26.51926622353727
74,94,72.0,0.011199888,5.253589090909088e-05,10,31-75,37.3739816635001
74,95,71.0,0.011260307,7.384192727272762e-05,10,31-75,52.6046622639227
74,96,70.0,0.010795278,5.7817684848485e-05,10,31-75,41.14968706056103
74,97,69.0,0.0108643,3.042065454545446e-05,10,31-75,21.564842145073793
74,98,68.0,0.011113782,1.7742684848484916e-05,10,31-75,12.501959503704821
74,99,67.0,0.011228812,1.871536969696996e-05,10,31-75,13.197286029920201
74,100,66.0,0.011183878,1.6273672727273225e-05,10,31-75,11.451832017087431
74,101,65.0,0.011145551,6.476715151514671e-06,10,31-75,4.448449072198874
74,102,64.0,0.011214654,1.3512539393939237e-05,10,31-75,9.478028012558267
74,103,63.0,0.011080801,8.689545454545586e-06,10,31-75,6.030297098419337
74,104,62.0,0.010861926,1.3053030303029854e-06,10,31-75,0.7516504313330982
74,105,61.0,0.010820463,-2.161151515148901e-07,10,31-75,0.0
74,106,60.0,0.0106049655,-3.916243333333313e-05,10,31-75,0.0
74,107,59.0,0.010588482,-7.20995666666663e-05,10,31-75,0.0
74,108,58.0,0.010512035,-8.92311545454535e-05,10,31-75,0.0
74,109,57.0,0.010448905,-9.48436272727261e-05,10,31-75,0.0
74,110,56.0,0.010472961,-9.268613636363592e-05,10,31-75,0.0
74,111,55.0,0.010926761,-5.971387575757544e-05,10,31-75,0.0
74,112,54.0,0.010698841,-3.191474848484874e-05,10,31-75,0.0
74,113,53.0,0.01065252,-9.313475757575715e-06,10,31-75,0.0
74,114,52.0,0.010405038,-9.61160303030323e-06,10,31-75,0.0
74,115,51.0,0.010388701,-8.027003030303093e-06,10,31-75,0.0
74,116,50.0,0.01026512,-2.231620606060641e-05,10,31-75,0.0
74,117,49.0,0.01047265,-2.2265151515151667e-05,10,31-75,0.0
74,118,48.0,0.010417968,-2.8889193939393734e-05,10,31-75,0.0
74,119,47.0,0.010397355,-3.970604242424338e-05,10,31-75,0.0
74,120,46.0,0.010318167,-5.261365454545416e-05,10,31-75,0.0
74,121,45.0,0.0102141425,-3.906570606060621e-05,10,31-75,0.0
74,122,44.0,0.010078133,-3.949332424242399e-05,10,31-75,0.0
74,123,43.0,0.010031316,-3.803893030303025e-05,10,31-75,0.0
74,124,42.0,0.010124281,-4.048277272727247e-05,10,31-75,0.0
74,125,41.0,0.0101727,-3.7971596969697016e-05,10,31-75,0.0
74,126,40.0,0.010091752,-4.549630606060621e-05,10,31-75,0.0
74,127,39.0,0.009974039,-4.350496060606042e-05,10,31-75,0.0
74,128,38.0,0.0105670085,-6.771521212121073e-06,10,31-75,0.0
74,129,37.0,0.010484121,2.2260030303030573e-05,10,31-75,15.731196730455327
74,130,36.0,0.010862687,6.560972727272674e-05,10,31-75,46.719850715736136
74,131,35.0,0.011120823,0.000109504360606,10,31-75,78.09805400805575
74,132,34.0,0.011652411,0.0001623373363636,10,31-75,100.0
74,133,33.0,0.011709406,0.0001960758393939,10,31-75,100.0
74,134,32.0,0.012195383,0.000242179360606,10,31-75,100.0
74,135,31.0,0.0120097,0.0002562783848484,10,31-75,100.0
74,136,30.0,0.011727323,0.0002273118272727,10,0-30,100.0
74,137,29.0,0.011856188,0.0001777016333333,10,0-30,100.0
74,138,28.0,0.011733534,0.0001381185939393,10,0-30,98.55301996640112
74,139,27.0,0.011773568,8.105369090909048e-05,10,0-30,57.760011979679796
74,140,26.0,0.012056972,4.9055260606060464e-05,10,0-30,34.88584320692236
74,141,25.0,0.013047251,7.380493333333268e-05,10,0-30,52.57821704128911
74,142,24.0,0.013011835,0.0001087113818181,10,0-30,77.53119086958726
74,143,23.0,0.01358876,0.0001624082666666,10,0-30,100.0
74,144,22.0,0.0134759,0.0002195675696969,10,0-30,100.0
74,145,21.0,0.01338442,0.0002438367696969,10,0-30,100.0
74,146,20.0,0.013874088,0.0002593267272727,10,0-30,100.0
74,147,19.0,0.01382183,0.0002545358545454,10,0-30,100.0
74,148,18.0,0.013915823,0.0002228689757575,10,0-30,100.0
74,149,17.0,0.014340827,0.0001906010787878,10,0-30,100.0
74,150,16.0,0.015366426,0.0002020502545454,10,0-30,100.0
74,151,15.0,0.015441437,0.0002434949454545,10,0-30,100.0
74,152,14.0,0.015351792,0.0002486684060606,10,0-30,100.0
74,153,13.0,0.015905794,0.0002941587090909,10,0-30,100.0
74,154,12.0,0.015510704,0.0002824893878787,10,0-30,100.0
74,155,11.0,0.015636971,0.0002469444,10,0-30,100.0
74,156,10.0,0.016258992,0.0002506687151515,10,0-30,100.0
74,157,9.0,0.016560353,0.0002384391090909,10,0-30,100.0
74,158,8.0,0.01694972,0.0002205196848484,10,0-30,100.0
74,159,7.0,0.017328212,0.0002148043696969,10,0-30,100.0
74,160,6.0,0.017501323,0.0002506940121212,10,0-30,100.0
74,161,5.0,0.017977634,0.0002916874484848,10,0-30,100.0
74,162,4.0,0.018388886,0.0003183946969696,10,0-30,100.0
74,163,3.0,0.019548975,0.0004084997333333,10,0-30,100.0
74,164,2.0,0.02068087,0.0004898453939393,10,0-30,100.0
74,165,1.0,0.021443184,0.0005585209393939,10,0-30,100.0
74,166,0.0,0.022772653,0.0006708027030303,10,0-30,100.0
77,39,115.0,0.010332966,7.516352727272734e-05,10,76-125,53.54941177706388
77,40,114.0,0.010233184,6.823056363636318e-05,10,76-125,48.59336303305513
77,41,113.0,0.009877931,3.734012727272711e-05,10,76-125,26.511246874406375
77,42,112.0,0.009712613,-1.7020381818182008e-05,10,76-125,0.0
77,43,111.0,0.009652392,-6.524804242424232e-05,10,76-125,0.0
77,44,110.0,0.009516459,-0.0001175374060606,10,76-125,0.0
77,45,109.0,0.009528859,-0.0001144111454545,10,76-125,0.0
77,46,108.0,0.0091630425,-0.0001176101242424,10,76-125,0.0
77,47,107.0,0.009082832,-0.0001442132212121,10,76-125,0.0
77,48,106.0,0.009163851,-0.0001384008272727,10,76-125,0.0
77,49,105.0,0.009275502,-0.0001104378878787,10,76-125,0.0
77,50,104.0,0.00956451,-6.054526363636376e-05,10,76-125,0.0
77,51,103.0,0.009638954,-2.217045151515136e-05,10,76-125,0.0
77,52,102.0,0.009689573,1.084088787878784e-05,10,76-125,7.5681903398715775
77,53,101.0,0.009662594,3.864518484848506e-05,10,76-125,27.44417098860038
77,54,100.0,0.009889137,6.962051212121235e-05,10,76-125,49.58697165469016
77,55,99.0,0.010150443,0.0001111582515151,10,76-125,79.28034262122252
77,56,98.0,0.009957999,0.0001102769272727,10,76-125,78.65032548371715
77,57,97.0,0.010013683,9.744970909090909e-05,10,76-125,69.48075213913081
77,58,96.0,0.01028972,9.379727878787944e-05,10,76-125,66.86980196466796
77,59,95.0,0.010426894,9.142356969696984e-05,10,76-125,65.1729492800613
77,60,94.0,0.010686601,0.000108526630303,10,76-125,77.39912072435204
77,61,93.0,0.011148301,0.0001421751575757,10,76-125,100.0
77,62,92.0,0.011364185,0.000172678660606,10,76-125,100.0
77,63,91.0,0.011012548,0.0001619050363636,10,76-125,100.0
77,64,90.0,0.011016948,0.0001501112,10,76-125,100.0
77,65,89.0,0.0101874275,9.68207545454546e-05,10,76-125,69.03114219617818
77,66,88.0,0.010208965,3.142718484848397e-05,10,76-125,22.284363190586188
77,67,87.0,0.010443014,-2.0529821212121585e-05,10,76-125,0.0
77,68,86.0,0.010461217,-5.829548181818133e-05,10,76-125,0.0
77,69,85.0,0.010604232,-8.119414242424245e-05,10,76-125,0.0
77,70,84.0,0.010604953,-8.888922727272714e-05,10,76-125,0.0
77,71,83.0,0.010731231,-5.792674848484813e-05,10,76-125,0.0
77,72,82.0,0.010981678,6.144136363636213e-06,10,76-125,4.210704181211187
77,73,81.0,0.011172503,6.181763939393917e-05,10,76-125,44.00906592663663
77,74,80.0,0.011367133,0.0001264618090909,10,76-125,90.2201342140405
77,75,79.0,0.0114078475,0.0001337807363636,10,76-125,95.45209015956148
77,76,78.0,0.011428334,0.0001288599727272,10,76-125,91.93446829986661
77,77,77.0,0.0114557,0.0001262549363636,10,76-125,90.07225065744326
77,78,76.0,0.011422505,0.0001107778151515,10,76-125,79.0083866063221
77,79,75.0,0.011216297,8.19353424242424e-05,10,31-75,58.39026306904128
77,80,74.0,0.011467468,5.942220303030285e-05,10,31-75,42.29668143941917
77,81,73.0,0.011257898,2.344177878787876e-05,10,31-75,16.57597299083358
77,82,72.0,0.011260157,-2.102803030302604e-06,10,31-75,0.0
77,83,71.0,0.011387385,-1.1361512121211844e-05,10,31-75,0.0
77,84,70.0,0.011117831,-2.4952463636363945e-05,10,31-75,0.0
77,85,69.0,0.010934197,-4.282367272727296e-05,10,31-75,0.0
77,86,68.0,0.011103108,-4.437456969696935e-05,10,31-75,0.0
77,87,67.0,0.010916867,-5.031753333333269e-05,10,31-75,0.0
77,88,66.0,0.01081605,-5.744129696969704e-05,10,31-75,0.0
77,89,65.0,0.010913542,-6.564354545454574e-05,10,31-75,0.0
77,90,64.0,0.010983707,-4.960412121212097e-05,10,31-75,0.0
77,91,63.0,0.010553355,-6.514600606060603e-05,10,31-75,0.0
77,92,62.0,0.010452737,-7.748563030303021e-05,10,31-75,0.0
77,93,61.0,0.010573367,-6.497666060606049e-05,10,31-75,0.0
77,94,60.0,0.010814734,-4.740559999999963e-05,10,31-75,0.0
77,95,59.0,0.011297463,-1.2072230303030063e-05,10,31-75,0.0
77,96,58.0,0.011456602,3.879895757575757e-05,10,31-75,27.55409585938211
77,97,57.0,0.011409747,7.041357575757555e-05,10,31-75,50.153895447323535
77,98,56.0,0.011548094,9.687895757575776e-05,10,31-75,69.07274879767807
77,99,55.0,0.012044886,0.000148068290909,10,31-75,100.0
77,100,54.0,0.012299601,0.0002041155757575,10,31-75,100.0
77,101,53.0,0.012060647,0.0002024886424242,10,31-75,100.0
77,102,52.0,0.011805886,0.0001619875818181,10,31-75,100.0
77,103,51.0,0.011503545,9.663538787878828e-05,10,31-75,68.89863230809884
77,104,50.0,0.011486546,3.517222424242441e-05,10,31-75,24.961515236682242
77,105,49.0,0.011889764,1.974152727272777e-05,10,31-75,13.93083768708087
77,106,48.0,0.011738576,-5.059272727269515e-07,10,31-75,0.0
77,107,47.0,0.011820482,-2.282731515151471e-05,10,31-75,0.0
77,108,46.0,0.011683802,-4.835944848484733e-05,10,31-75,0.0
77,109,45.0,0.011881179,-3.165104242424259e-05,10,31-75,0.0
77,110,44.0,0.011246745,-3.0582799999999696e-05,10,31-75,0.0
77,111,43.0,0.011181271,-3.625424242424228e-05,10,31-75,0.0
77,112,42.0,0.010904106,-6.336873939393937e-05,10,31-75,0.0
77,113,41.0,0.011004007,-9.425949090909104e-05,10,31-75,0.0
77,114,40.0,0.011155315,-0.0001119753393939,10,31-75,0.0
77,115,39.0,0.011204536,-9.611028484848512e-05,10,31-75,0.0
77,116,38.0,0.01086671,-0.0001004455090909,10,31-75,0.0
77,117,37.0,0.011202756,-7.04224787878789e-05,10,31-75,0.0
77,118,36.0,0.011306579,-3.63607878787883e-05,10,31-75,0.0
77,119,35.0,0.011020766,-1.580303030304379e-07,10,31-75,0.0
77,120,34.0,0.01084864,-5.210315151514797e-06,10,31-75,0.0
77,121,33.0,0.010864698,-8.926127272727336e-06,10,31-75,0.0
77,122,32.0,0.010798005,-3.092015757575723e-05,10,31-75,0.0
77,123,31.0,0.010857632,-4.171566666666632e-05,10,31-75,0.0
77,124,30.0,0.010838186,-4.171042424242412e-05,10,0-30,0.0
77,125,29.0,0.01091417,-3.043521212121192e-05,10,0-30,0.0
77,126,28.0,0.010681418,-5.085770909090889e-05,10,0-30,0.0
77,127,27.0,0.0110984845,-2.3882093939393807e-05,10,0-30,0.0
77,128,26.0,0.011291981,2.183330606060557e-05,10,0-30,15.426151693926386
77,129,25.0,0.011508817,6.049886969697009e-05,10,0-30,43.06633966365452
77,130,24.0,0.011470493,7.968319696969671e-05,10,0-30,56.78031049511147
77,131,23.0,0.011472361,9.250233636363564e-05,10,0-30,65.9441086952593
77,132,22.0,0.011924543,0.0001181741363636,10,0-30,84.29566782921012
77,133,21.0,0.011979161,0.0001371452272727,10,0-30,97.85720604057
77,134,20.0,0.011688378,0.0001253647363636,10,0-30,89.43588865941172
77,135,19.0,0.011766391,0.0001125997424242,10,0-30,80.31079649120585
77,136,18.0,0.012401833,0.0001086484696969,10,0-30,77.48621796108667
77,137,17.0,0.012445476,0.0001140286424242,10,0-30,81.33224971406278
77,138,16.0,0.0127162365,0.0001307501666666,10,0-30,93.2856788053077
77,139,15.0,0.012703827,0.0001439868393939,10,0-30,100.0
77,140,14.0,0.013157423,0.0001649252090909,10,0-30,100.0
77,141,13.0,0.013406024,0.000179100530303,10,0-30,100.0
77,142,12.0,0.013732474,0.0002177893424242,10,0-30,100.0
77,143,11.0,0.013597432,0.0002308391121212,10,0-30,100.0
77,144,10.0,0.014143469,0.0002346717787878,10,0-30,100.0
77,145,9.0,0.014591988,0.0002384113060606,10,0-30,100.0
77,146,8.0,0.015326722,0.0002903403727272,10,0-30,100.0
77,147,7.0,0.016027503,0.000347950190909,10,0-30,100.0
77,148,6.0,0.016884483,0.0004269365636363,10,0-30,100.0
77,149,5.0,0.018212661,0.0005270175090909,10,0-30,100.0
77,150,4.0,0.019645356,0.0006687114424242,10,0-30,100.0
77,151,3.0,0.020278482,0.0007828713090909,10,0-30,100.0
77,152,2.0,0.021197503,0.0008856204060606,10,0-30,100.0
77,153,1.0,0.022885278,0.0009809419575757,10,0-30,100.0
77,154,0.0,0.025193874,0.0011260094424242,10,0-30,100.0
78,39,192.0,0.0098510785,1.3746130303030188e-05,10,RUL > 125,9.645011137284305
78,40,191.0,0.010083835,3.5659372727272575e-05,10,RUL > 125,25.30975471450297
78,41,190.0,0.0099992445,4.174310909090911e-05,10,RUL > 125,29.658730930927124
78,42,189.0,0.009954089,5.988726666666699e-05,10,RUL > 125,42.62913350058351
78,43,188.0,0.010163879,8.255320606060579e-05,10,RUL > 125,58.83194464413365
78,44,187.0,0.010177768,8.282653939393968e-05,10,RUL > 125,59.027337753692144
78,45,186.0,0.010668732,8.926036363636362e-05,10,RUL > 125,63.62657528446339
78,46,185.0,0.01075189,8.684371515151508e-05,10,RUL > 125,61.8990272521582
78,47,184.0,0.010728115,9.435762424242444e-05,10,RUL > 125,67.27036650414463
78,48,183.0,0.0105810445,0.0001030345424242,10,RUL > 125,73.47308610750429
78,49,182.0,0.0106647955,9.349316060606073e-05,10,RUL > 125,66.65240221874583
78,50,181.0,0.010435733,7.711132424242429e-05,10,RUL > 125,54.941799972296536
78,51,180.0,0.010692517,6.483109090909109e-05,10,RUL > 125,46.16324029998329
78,52,179.0,0.010956843,5.555496969696979e-05,10,RUL > 125,39.53217870873625
78,53,178.0,0.010895189,4.47473090909089e-05,10,RUL > 125,31.806291832394407
78,54,177.0,0.010807617,2.122456363636328e-05,10,RUL > 125,14.990990443221625
78,55,176.0,0.011045465,3.5771745454545315e-05,10,RUL > 125,25.3900846777152
78,56,175.0,0.011047763,5.142167878787859e-05,10,RUL > 125,36.57748396445989
78,57,174.0,0.011201259,7.027278181818195e-05,10,RUL > 125,50.053248499914815
78,58,173.0,0.011815993,0.0001071150515151,10,RUL > 125,76.39004961915438
78,59,172.0,0.011726196,0.000129673630303,10,RUL > 125,92.51611372859001
78,60,171.0,0.011495386,0.0001115062787878,10,RUL > 125,79.52913090545621
78,61,170.0,0.011397068,9.22507818181816e-05,10,RUL > 125,65.76428421406516
78,62,169.0,0.011294842,7.65010424242422e-05,10,RUL > 125,54.505538281462265
78,63,168.0,0.011322241,5.403856969696904e-05,10,RUL > 125,38.44817586239218
78,64,167.0,0.011353606,2.2272393939393485e-05,10,RUL > 125,15.740034911020187
78,65,166.0,0.011343296,-8.176606060601012e-07,10,RUL > 125,0.0
78,66,165.0,0.011231437,-3.3465987878789e-05,10,RUL > 125,0.0
78,67,164.0,0.010676125,-8.839734545454595e-05,10,RUL > 125,0.0
78,68,163.0,0.010385511,-0.0001118328484848,10,RUL > 125,0.0
78,69,162.0,0.010527039,-0.0001161959333333,10,RUL > 125,0.0
78,70,161.0,0.010529586,-0.0001212721878787,10,RUL > 125,0.0
78,71,160.0,0.010336783,-0.0001317128363636,10,RUL > 125,0.0
78,72,159.0,0.010418477,-0.0001316605757575,10,RUL > 125,0.0
78,73,158.0,0.010420632,-0.0001190415636363,10,RUL > 125,0.0
78,74,157.0,0.01046071,-9.121688484848496e-05,10,RUL > 125,0.0
78,75,156.0,0.009984316,-7.92416848484844e-05,10,RUL > 125,0.0
78,76,155.0,0.009909151,-6.235117575757568e-05,10,RUL > 125,0.0
78,77,154.0,0.010039953,-5.93191030303021e-05,10,RUL > 125,0.0
78,78,153.0,0.0099238055,-7.428543939393923e-05,10,RUL > 125,0.0
78,79,152.0,0.010069566,-6.626957272727287e-05,10,RUL > 125,0.0
78,80,151.0,0.010460005,-3.124210606060626e-05,10,RUL > 125,0.0
78,81,150.0,0.010610571,-1.2075757575890678e-08,10,RUL > 125,0.0
78,82,149.0,0.010621527,3.3943178787878826e-05,10,RUL > 125,24.082928603199665
78,83,148.0,0.010513602,5.969406969696967e-05,10,RUL > 125,42.4910260981456
78,84,147.0,0.010545574,8.87338454545451e-05,10,RUL > 125,63.250192266959495
78,85,146.0,0.010325485,7.298051212121223e-05,10,RUL > 125,51.988877196574954
78,86,145.0,0.010491632,5.7143360606060656e-05,10,RUL > 125,40.66764446088652
78,87,144.0,0.01024868,2.9714039393939896e-05,10,RUL > 125,21.05971629733491
78,88,143.0,0.009885457,-2.7800636363635803e-05,10,RUL > 125,0.0
78,89,142.0,0.009890095,-7.488013333333393e-05,10,RUL > 125,0.0
78,90,141.0,0.010337595,-6.934586666666623e-05,10,RUL > 125,0.0
78,91,140.0,0.010857459,-2.3933890909091413e-05,10,RUL > 125,0.0
78,92,139.0,0.010598338,5.082030303029931e-06,10,RUL > 125,3.4514546475684047
78,93,138.0,0.0108118765,3.883158484848501e-05,10,RUL > 125,27.577419557947774
78,94,137.0,0.011131908,8.85534212121213e-05,10,RUL > 125,63.12121548488566
78,95,136.0,0.0110393455,0.0001114467151515,10,RUL > 125,79.48655167089557
78,96,135.0,0.011318758,0.0001520043030303,10,RUL > 125,100.0
78,97,134.0,0.0111851655,0.0001590524575757,10,RUL > 125,100.0
78,98,133.0,0.011246168,0.0001338618151515,10,RUL > 125,95.51004956134312
78,99,132.0,0.011172726,8.84809787878786e-05,10,RUL > 125,63.06942981219038
78,100,131.0,0.011142284,5.572596060606084e-05,10,RUL > 125,39.654412045687955
78,101,130.0,0.01118741,5.033615454545455e-05,10,RUL > 125,35.801493877040635
78,102,129.0,0.01097419,1.2042027272727665e-05,10,RUL > 125,8.426828246681193
78,103,128.0,0.010819594,-2.5004490909091592e-05,10,RUL > 125,0.0
78,104,127.0,0.010860677,-3.856823030303041e-05,10,RUL > 125,0.0
78,105,126.0,0.010834042,-5.64679727272725e-05,10,RUL > 125,0.0
78,106,125.0,0.010669777,-6.221159696969712e-05,10,76-125,0.0
78,107,124.0,0.010654056,-6.985246060606014e-05,10,76-125,0.0
78,108,123.0,0.010679558,-6.559778181818089e-05,10,76-125,0.0
78,109,122.0,0.010371991,-7.61476181818175e-05,10,76-125,0.0
78,110,121.0,0.009881083,-0.0001057978424242,10,76-125,0.0
78,111,120.0,0.009696283,-0.0001272323818181,10,76-125,0.0
78,112,119.0,0.009704678,-0.0001443494121212,10,76-125,0.0
78,113,118.0,0.009931033,-0.0001440381818181,10,76-125,0.0
78,114,117.0,0.010236041,-0.0001135808484848,10,76-125,0.0
78,115,116.0,0.010401726,-6.829047272727296e-05,10,76-125,0.0
78,116,115.0,0.010179801,-4.081590303030299e-05,10,76-125,0.0
78,117,114.0,0.010747937,2.2538939393940284e-05,10,76-125,15.93057568615119
78,118,113.0,0.010963715,9.822567272727222e-05,10,76-125,70.03545194820275
78,119,112.0,0.0109199695,0.0001475774939393,10,76-125,100.0
78,120,111.0,0.010694804,0.0001452781969696,10,76-125,100.0
78,121,110.0,0.010409556,0.0001052366333333,10,76-125,75.04725704747499
78,122,109.0,0.010597473,6.735902121212174e-05,10,76-125,47.970338456039265
78,123,108.0,0.010498333,2.834234848484865e-05,10,76-125,20.079159155579145
78,124,107.0,0.010015928,-2.3529821212120805e-05,10,76-125,0.0
78,125,106.0,0.01016837,-5.337326969696953e-05,10,76-125,0.0
78,126,105.0,0.01028847,-8.863225151515151e-05,10,76-125,0.0
78,127,104.0,0.010502447,-7.566122727272712e-05,10,76-125,0.0
78,128,103.0,0.01044194,-4.862974848484826e-05,10,76-125,0.0
78,129,102.0,0.010398002,-2.058670909090872e-05,10,76-125,0.0
78,130,101.0,0.010137038,-1.546222424242419e-05,10,76-125,0.0
78,131,100.0,0.010298897,-1.376480000000024e-05,10,76-125,0.0
78,132,99.0,0.010353538,4.782163636363556e-06,10,76-125,3.2370941093265855
78,133,98.0,0.010362216,2.0149927272727887e-05,10,76-125,14.222783586874343
78,134,97.0,0.0107130455,2.4143415151515537e-05,10,76-125,17.077539737919032
78,135,96.0,0.01059219,2.325767575757596e-05,10,76-125,16.444366416797237
78,136,95.0,0.010676326,2.9830627272726997e-05,10,76-125,21.14305947357757
78,137,94.0,0.010850186,5.545069999999988e-05,10,76-125,39.45764121974735
78,138,93.0,0.010607901,5.960640909090895e-05,10,76-125,42.42836166496041
78,139,92.0,0.010434432,4.93593242424239e-05,10,76-125,35.10320396087087
78,140,91.0,0.010922783,4.791039090909073e-05,10,76-125,34.06742985278912
78,141,90.0,0.010836953,4.304623939393944e-05,10,76-125,30.590277328738637
78,142,89.0,0.010619724,2.345407575757582e-05,10,76-125,16.58476351454303
78,143,88.0,0.010241567,-1.9412796969697444e-05,10,76-125,0.0
78,144,87.0,0.010110735,-4.456491515151512e-05,10,76-125,0.0
78,145,86.0,0.010118721,-7.003773333333268e-05,10,76-125,0.0
78,146,85.0,0.00998712,-9.13407030303028e-05,10,76-125,0.0
78,147,84.0,0.009409078,-0.0001242285575757,10,76-125,0.0
78,148,83.0,0.009112748,-0.0001719642242424,10,76-125,0.0
78,149,82.0,0.009050735,-0.0002165239515151,10,76-125,0.0
78,150,81.0,0.009141245,-0.0002068179515151,10,76-125,0.0
78,151,80.0,0.009191807,-0.0001784816242424,10,76-125,0.0
78,152,79.0,0.009210262,-0.000143679430303,10,76-125,0.0
78,153,78.0,0.009279255,-0.000113240060606,10,76-125,0.0
78,154,77.0,0.0092573315,-8.10542636363635e-05,10,76-125,0.0
78,155,76.0,0.009605419,-1.9005190909090703e-05,10,76-125,0.0
78,156,75.0,0.009414863,3.0098360606060904e-05,10,31-75,21.334449407232935
78,157,74.0,0.009172289,3.4370918181817624e-05,10,31-75,24.38869932367112
78,158,73.0,0.009161063,2.114598484848476e-05,10,31-75,14.934818173554953
78,159,72.0,0.009281102,9.748796969696894e-06,10,31-75,6.78750605213716
78,160,71.0,0.009708434,2.490230000000012e-05,10,31-75,17.62003072697486
78,161,70.0,0.009317892,1.5249293939393798e-05,10,31-75,10.719551931493111
78,162,69.0,0.009400639,9.811790909090634e-06,10,31-75,6.832537448605905
78,163,68.0,0.009506077,1.241738484848478e-05,10,31-75,8.695153675669138
78,164,67.0,0.009072728,-1.2825163636363737e-05,10,31-75,0.0
78,165,66.0,0.0089407,-1.982578787878786e-05,10,31-75,0.0
78,166,65.0,0.009146399,-2.02530000000006e-05,10,31-75,0.0
78,167,64.0,0.009229451,-2.906759393939406e-05,10,31-75,0.0
78,168,63.0,0.0094893165,-2.514897878787868e-05,10,31-75,0.0
78,169,62.0,0.009687284,-6.4083666666664586e-06,10,31-75,0.0
78,170,61.0,0.009899462,4.747097272727198e-05,10,31-75,33.75331051763572
78,171,60.0,0.009784233,6.671346969697039e-05,10,31-75,47.50886412216598
78,172,59.0,0.010039737,9.97563969696958e-05,10,31-75,71.12969451992143
78,173,58.0,0.0104449475,0.0001541842727272,10,31-75,100.0
78,174,57.0,0.0104913935,0.0001708753848484,10,31-75,100.0
78,175,56.0,0.010748967,0.0001756181484848,10,31-75,100.0
78,176,55.0,0.010810365,0.0001755047727272,10,31-75,100.0
78,177,54.0,0.010743975,0.0001571376393939,10,31-75,100.0
78,178,53.0,0.01056479,0.0001279632787878,10,31-75,91.29346409081322
78,179,52.0,0.010765245,0.0001098846181818,10,31-75,78.36988221598962
78,180,51.0,0.011191945,0.0001161595090909,10,31-75,82.85550580208792
78,181,50.0,0.011407344,0.0001108350424242,10,31-75,79.04929568472839
78,182,49.0,0.011267994,9.526919393939496e-05,10,31-75,67.9220046907422
78,183,48.0,0.011520202,0.0001055862151515,10,31-75,75.29715660297404
78,184,47.0,0.0115365395,0.0001068573848484,10,31-75,76.20585587073006
78,185,46.0,0.011475972,0.0001093280030303,10,31-75,77.97198429423814
78,186,45.0,0.01140203,0.0001030464393939,10,31-75,73.48159069007988
78,187,44.0,0.011732092,0.000103170560606,10,31-75,73.5703190910348
78,188,43.0,0.011858863,8.628662121212115e-05,10,31-75,61.50078706752107
78,189,42.0,0.011779323,6.274206969697022e-05,10,31-75,44.66989755399871
78,190,41.0,0.011859485,5.972480303030296e-05,10,31-75,42.51299590875686
78,191,40.0,0.012066141,7.424822121212126e-05,10,31-75,52.89510264031074
78,192,39.0,0.0116090495,4.656395757575751e-05,10,31-75,33.10492816079162
78,193,38.0,0.011745109,3.898098181818201e-05,10,31-75,27.68421640600016
78,194,37.0,0.011629945,2.3479354545454583e-05,10,31-75,16.602834127846045
78,195,36.0,0.0116498405,3.892915151515596e-06,10,31-75,2.6014123046036537
78,196,35.0,0.011445486,-3.387709696969685e-05,10,31-75,0.0
78,197,34.0,0.01133927,-5.596331515151574e-05,10,31-75,0.0
78,198,33.0,0.011520183,-5.496867272727214e-05,10,31-75,0.0
78,199,32.0,0.011675939,-4.667570303030301e-05,10,31-75,0.0
78,200,31.0,0.011855176,-2.200889696969668e-05,10,31-75,0.0
78,201,30.0,0.011939403,2.1081406060605937e-05,10,0-30,14.888653843645919
78,202,29.0,0.011736822,2.4185287878787604e-05,10,0-30,17.107472575921594
78,203,28.0,0.011813043,3.89685545454549e-05,10,0-30,27.67533273479964
78,204,27.0,0.01191773,5.096097878787834e-05,10,0-30,36.24815126114234
78,205,26.0,0.012502175,9.267028484848508e-05,10,0-30,66.06416714660187
78,206,25.0,0.012159536,9.173523030303036e-05,10,0-30,65.39574074937202
78,207,24.0,0.012419224,8.922875757575847e-05,10,0-30,63.60398160228342
78,208,23.0,0.012410521,8.52180909090909e-05,10,0-30,60.73694514593766
78,209,22.0,0.012848568,0.0001046926545454,10,0-30,74.65839226612832
78,210,21.0,0.013638896,0.0001650114666666,10,0-30,100.0
78,211,20.0,0.014264652,0.0002434567090909,10,0-30,100.0
78,212,19.0,0.014873915,0.0003134442424242,10,0-30,100.0
78,213,18.0,0.015455724,0.0003822228424242,10,0-30,100.0
78,214,17.0,0.015818123,0.0004335940848484,10,0-30,100.0
78,215,16.0,0.016295211,0.0005026738181818,10,0-30,100.0
78,216,15.0,0.017208714,0.0005527621939393,10,0-30,100.0
78,217,14.0,0.017991131,0.0006016382363636,10,0-30,100.0
78,218,13.0,0.019080235,0.0006418014848484,10,0-30,100.0
78,219,12.0,0.020283418,0.0006959510121212,10,0-30,100.0
78,220,11.0,0.020509806,0.0007250181151515,10,0-30,100.0
78,221,10.0,0.021090085,0.0007441701090909,10,0-30,100.0
78,222,9.0,0.022219807,0.0007828283151515,10,0-30,100.0
78,223,8.0,0.024171986,0.0008777151636363,10,0-30,100.0
78,224,7.0,0.02549991,0.0009635425030302,10,0-30,100.0
78,225,6.0,0.027360614,0.001065313660606,10,0-30,100.0
78,226,5.0,0.029090496,0.0011882161212121,10,0-30,100.0
78,227,4.0,0.031196522,0.001334132260606,10,0-30,100.0
78,228,3.0,0.032588612,0.0014685221696969,10,0-30,100.0
78,229,2.0,0.034193326,0.001606916230303,10,0-30,100.0
78,230,1.0,0.036313675,0.0017074532787878,10,0-30,100.0
78,231,0.0,0.03842565,0.0017703121818182,10,0-30,100.0
81,39,201.0,0.009686536,-0.000133371460606,10,RUL > 125,0.0
81,40,200.0,0.009445892,-0.0001576942969696,10,RUL > 125,0.0
81,41,199.0,0.009722892,-0.0001488767151515,10,RUL > 125,0.0
81,42,198.0,0.00979924,-0.0001241881515151,10,RUL > 125,0.0
81,43,197.0,0.009898803,-9.327279393939388e-05,10,RUL > 125,0.0
81,44,196.0,0.009799594,-5.7158399999999774e-05,10,RUL > 125,0.0
81,45,195.0,0.009862661,-2.092323636363661e-05,10,RUL > 125,0.0
81,46,194.0,0.009933685,1.174180606060596e-05,10,RUL > 125,8.212214260613777
81,47,193.0,0.00986688,2.1810503030302772e-05,10,RUL > 125,15.409850882957318
81,48,192.0,0.009821027,3.2135478787878745e-05,10,RUL > 125,22.790689124608743
81,49,191.0,0.0099679865,3.57073242424244e-05,10,RUL > 125,25.344032991284205
81,50,190.0,0.010325468,3.932370606060586e-05,10,RUL > 125,27.929213803981156
81,51,189.0,0.010470886,5.867711818181853e-05,10,RUL > 125,41.764055419553415
81,52,188.0,0.0105708325,7.950543030303053e-05,10,RUL > 125,56.65323348861507
81,53,187.0,0.0104269665,8.977140303030321e-05,10,RUL > 125,63.991893246494634
81,54,186.0,0.010656593,9.95465424242423e-05,10,RUL > 125,70.97967940214926
81,55,185.0,0.010646139,0.0001025680636363,10,RUL > 125,73.13962242124572
81,56,184.0,0.010903835,0.000114883960606,10,RUL > 125,81.94367634529502
81,57,183.0,0.010885177,0.0001099690878787,10,RUL > 125,78.43026561869955
81,58,182.0,0.010930617,9.213290000000014e-05,10,RUL > 125,65.68001606157183
81,59,181.0,0.01084674,6.60693272727272e-05,10,RUL > 125,47.04839708093
81,60,180.0,0.010603235,3.99042060606063e-05,10,RUL > 125,28.344185877512473
81,61,179.0,0.010736927,2.7359036363636447e-05,10,RUL > 125,19.376235693274925
81,62,178.0,0.010925241,2.852390000000029e-05,10,RUL > 125,20.208941771763765
81,63,177.0,0.010914679,1.522572727272705e-05,10,RUL > 125,10.702705232900666
81,64,176.0,0.010741628,1.8851757575756e-06,10,RUL > 125,1.1661740971735728
81,65,175.0,0.010429745,-3.019483636363618e-05,10,RUL > 125,0.0
81,66,174.0,0.010588262,-3.382577575757594e-05,10,RUL > 125,0.0
81,67,173.0,0.0105692595,-3.5911954545454915e-05,10,RUL > 125,0.0
81,68,172.0,0.010438047,-3.829654242424263e-05,10,RUL > 125,0.0
81,69,171.0,0.010299512,-4.785883939393977e-05,10,RUL > 125,0.0
81,70,170.0,0.010358517,-6.380328181818118e-05,10,RUL > 125,0.0
81,71,169.0,0.009965867,-8.928591818181797e-05,10,RUL > 125,0.0
81,72,168.0,0.010068123,-8.729050606060549e-05,10,RUL > 125,0.0
81,73,167.0,0.009974498,-8.071673636363706e-05,10,RUL > 125,0.0
81,74,166.0,0.009849661,-8.109285757575783e-05,10,RUL > 125,0.0
81,75,165.0,0.009734703,-9.771989393939318e-05,10,RUL > 125,0.0
81,76,164.0,0.0099240905,-8.502415151515153e-05,10,RUL > 125,0.0
81,77,163.0,0.009765617,-7.418868787878712e-05,10,RUL > 125,0.0
81,78,162.0,0.010185511,-3.945629393939374e-05,10,RUL > 125,0.0
81,79,161.0,0.010229802,-8.48265151515192e-06,10,RUL > 125,0.0
81,80,160.0,0.01008629,1.944169999999961e-05,10,RUL > 125,13.716505309707658
81,81,159.0,0.0099969655,1.9616860606060326e-05,10,RUL > 125,13.841719366379426
81,82,158.0,0.009785583,1.4702181818181968e-05,10,RUL > 125,10.328447277930287
81,83,157.0,0.010267546,3.325945454545474e-05,10,RUL > 125,23.59416638683078
81,84,156.0,0.010021868,2.654154545454569e-05,10,RUL > 125,18.791849995362544
81,85,155.0,0.010141586,1.660248484848489e-05,10,RUL > 125,11.686884295711604
81,86,154.0,0.009950906,3.95661515151553e-06,10,RUL > 125,2.6469484305018405
81,87,153.0,0.009954246,-1.9397009090908484e-05,10,RUL > 125,0.0
81,88,152.0,0.009969507,-1.6211693939393633e-05,10,RUL > 125,0.0
81,89,151.0,0.010118905,6.935666666666466e-07,10,RUL > 125,0.3143489545501733
81,90,150.0,0.010206087,1.4130948484848608e-05,10,RUL > 125,9.920099507381844
81,91,149.0,0.01017425,1.8424715151514907e-05,10,RUL > 125,12.98951080268731
81,92,148.0,0.010003671,-2.826896969697113e-06,10,RUL > 125,0.0
81,93,147.0,0.010011837,5.854284848484709e-06,10,RUL > 125,4.003503002471268
81,94,146.0,0.010361059,2.030490909090926e-05,10,RUL > 125,14.3335727797259
81,95,145.0,0.010442794,4.308359999999989e-05,10,RUL > 125,30.61698466407934
81,96,144.0,0.010477543,5.13946848484849e-05,10,RUL > 125,36.55818727022566
81,97,143.0,0.010605712,6.053599393939394e-05,10,RUL > 125,43.09287803377836
81,98,142.0,0.010746465,7.047558181818196e-05,10,RUL > 125,50.19822065583573
81,99,141.0,0.0108537655,8.6810118181818e-05,10,RUL > 125,61.875010362960005
81,100,140.0,0.010730173,9.330797878787896e-05,10,RUL > 125,66.52002447013062
81,101,139.0,0.010517218,7.971508787878753e-05,10,RUL > 125,56.803107802040344
81,102,138.0,0.010584258,5.424980303030288e-05,10,RUL > 125,38.59917661059617
81,103,137.0,0.010796111,3.3847118181818176e-05,10,RUL > 125,24.014259406159816
81,104,136.0,0.011080535,4.273358484848493e-05,10,RUL > 125,30.366775339029502
81,105,135.0,0.011041712,4.623051212121263e-05,10,RUL > 125,32.86656373067625
81,106,134.0,0.011142834,5.030017272727263e-05,10,RUL > 125,35.775772172130445
81,107,133.0,0.01142,6.99684454545455e-05,10,RUL > 125,49.83569278610069
81,108,132.0,0.011164037,7.518847575757526e-05,10,RUL > 125,53.5672462723073
81,109,131.0,0.011440768,9.759481212121158e-05,10,RUL > 125,69.5844794524129
81,110,130.0,0.011211311,9.213063030303024e-05,10,RUL > 125,65.67839356224732
81,111,129.0,0.011276689,7.020354545454525e-05,10,RUL > 125,50.00375468874847
81,112,128.0,0.011512543,5.640484848484832e-05,10,RUL > 125,40.13971697377667
81,113,127.0,0.010971665,1.597530909090889e-05,10,RUL > 125,11.2385459243254
81,114,126.0,0.011079021,-1.764775757575508e-06,10,RUL > 125,0.0
81,115,125.0,0.0111360615,-1.896340909090969e-05,10,76-125,0.0
81,116,124.0,0.011104254,-3.2299160606060586e-05,10,76-125,0.0
81,117,123.0,0.011064689,-2.8847633333333816e-05,10,76-125,0.0
81,118,122.0,0.011219791,-2.9693396969696896e-05,10,76-125,0.0
81,119,121.0,0.011228,-1.2318469696970369e-05,10,76-125,0.0
81,120,120.0,0.011580886,1.1586657575757896e-05,10,76-125,8.101305925622228
81,121,119.0,0.011720817,4.300322121212159e-05,10,76-125,30.559525659301105
81,122,118.0,0.012042402,0.0001023010151515,10,76-125,72.94872205350968
81,123,117.0,0.012000224,0.0001168171242424,10,76-125,83.3256038606639
81,124,116.0,0.0118207885,0.0001162355272727,10,76-125,82.90984761522765
81,125,115.0,0.011795665,0.0001090951363636,10,76-125,77.805518896242
81,126,114.0,0.011613208,8.188685151515114e-05,10,76-125,58.355599204970645
81,127,113.0,0.011444253,3.66560333333333e-05,10,76-125,26.022220379108802
81,128,112.0,0.0113332905,-8.88792727272639e-06,10,76-125,0.0
81,129,111.0,0.01138221,-5.2592036363636834e-05,10,76-125,0.0
81,130,110.0,0.011519327,-6.716051515151513e-05,10,76-125,0.0
81,131,109.0,0.011636008,-6.528967272727214e-05,10,76-125,0.0
81,132,108.0,0.011367057,-5.562189696969718e-05,10,76-125,0.0
81,133,107.0,0.011199489,-4.9720060606060106e-05,10,76-125,0.0
81,134,106.0,0.011291243,-4.106994848484823e-05,10,76-125,0.0
81,135,105.0,0.01124881,-2.9990530303030515e-05,10,76-125,0.0
81,136,104.0,0.011116106,-3.168476666666687e-05,10,76-125,0.0
81,137,103.0,0.011543302,-1.5315590909090405e-05,10,76-125,0.0
81,138,102.0,0.011684191,1.4034545454574133e-07,10,76-125,0.0
81,139,101.0,0.011407527,-4.865212121216657e-07,10,76-125,0.0
81,140,100.0,0.011470883,1.117665454545423e-05,10,76-125,7.808214095063903
81,141,99.0,0.011409587,2.786234545454538e-05,10,76-125,19.73602762623183
81,142,98.0,0.011361883,2.6760430303030425e-05,10,76-125,18.94832045090127
81,143,97.0,0.0116261225,2.896309393939389e-05,10,76-125,20.52290080658273
81,144,96.0,0.011920056,4.814411212121184e-05,10,76-125,34.234506125006305
81,145,95.0,0.011884097,5.4912887878787926e-05,10,76-125,39.07318469759502
81,146,94.0,0.011651843,3.246588181818156e-05,10,76-125,23.026878669114666
81,147,93.0,0.0117064705,3.498450909090928e-05,10,76-125,24.8273265275394
81,148,92.0,0.011518438,3.466161818181791e-05,10,76-125,24.596507044214754
81,149,91.0,0.01163534,2.4280060606060905e-05,10,76-125,17.17522112915293
81,150,90.0,0.0113509325,-1.5226969697013834e-07,10,76-125,0.0
81,151,89.0,0.011000586,-4.632686363636486e-05,10,76-125,0.0
81,152,88.0,0.010972356,-9.22639545454558e-05,10,76-125,0.0
81,153,87.0,0.010963195,-0.000116363230303,10,76-125,0.0
81,154,86.0,0.010922878,-0.0001150305636363,10,76-125,0.0
81,155,85.0,0.011088439,-9.497755757575803e-05,10,76-125,0.0
81,156,84.0,0.011186489,-7.541563030303072e-05,10,76-125,0.0
81,157,83.0,0.011657229,-2.089448787878808e-05,10,76-125,0.0
81,158,82.0,0.011571884,1.7032839393938944e-05,10,76-125,11.994524464670368
81,159,81.0,0.011447157,5.530251212121252e-05,10,76-125,39.35170869376535
81,160,80.0,0.011163839,6.143898181818179e-05,10,76-125,43.738381483277
81,161,79.0,0.011017078,3.8481672727272e-05,10,76-125,27.327283884401872
81,162,78.0,0.0109573435,1.018421515151508e-05,10,76-125,7.098765975930772
81,163,77.0,0.011169564,-6.966342424242508e-06,10,76-125,0.0
81,164,76.0,0.011020722,-3.742479696969765e-05,10,76-125,0.0
81,165,75.0,0.010818529,-6.906054848484862e-05,10,31-75,0.0
81,166,74.0,0.010585735,-0.0001035858515151,10,31-75,0.0
81,167,73.0,0.010055372,-0.0001283755121212,10,31-75,0.0
81,168,72.0,0.0101114735,-0.0001363783090909,10,31-75,0.0
81,169,71.0,0.010116727,-0.0001347077393939,10,31-75,0.0
81,170,70.0,0.010192036,-0.0001316908484848,10,31-75,0.0
81,171,69.0,0.010279001,-0.0001219350484848,10,31-75,0.0
81,172,68.0,0.010361812,-0.0001026981969696,10,31-75,0.0
81,173,67.0,0.010070688,-7.79742393939394e-05,10,31-75,0.0
81,174,66.0,0.009760845,-6.675390000000013e-05,10,31-75,0.0
81,175,65.0,0.0098592425,-4.837472121212129e-05,10,31-75,0.0
81,176,64.0,0.010004462,-2.596636363636371e-05,10,31-75,0.0
81,177,63.0,0.009951587,-3.4753896969696906e-05,10,31-75,0.0
81,178,62.0,0.0101613905,-2.7099503030302687e-05,10,31-75,0.0
81,179,61.0,0.01046489,-3.1454121212119554e-06,10,31-75,0.0
81,180,60.0,0.010341776,1.4893812121211916e-05,10,31-75,10.465434744251928
81,181,59.0,0.010599544,5.0975745454544405e-05,10,31-75,36.25870725474364
81,182,58.0,0.010551047,8.6047751515153e-05,10,31-75,61.33003038629007
81,183,57.0,0.010396821,9.100540606060636e-05,10,31-75,64.87402381708627
81,184,56.0,0.010221167,6.177260606060602e-05,10,31-75,43.97687372041566
81,185,55.0,0.010511231,4.934165151515157e-05,10,31-75,35.09057056159241
81,186,54.0,0.010127001,1.7731106060605834e-05,10,31-75,12.493682374307477
81,187,53.0,0.009736765,-4.017536060605995e-05,10,31-75,0.0
81,188,52.0,0.009720728,-8.236576969696888e-05,10,31-75,0.0
81,189,51.0,0.009741709,-9.783709696969853e-05,10,31-75,0.0
81,190,50.0,0.009769859,-0.0001112147393939,10,31-75,0.0
81,191,49.0,0.01007775,-8.368146666666648e-05,10,31-75,0.0
81,192,48.0,0.010506567,-2.966653333333315e-05,10,31-75,0.0
81,193,47.0,0.010630718,2.1377690909091297e-05,10,31-75,15.100453908989225
81,194,46.0,0.010643452,5.857111515151355e-05,10,31-75,41.68827885230754
81,195,45.0,0.010891565,0.0001235169696969,10,31-75,88.11500741034719
81,196,44.0,0.010901992,0.0001588061272727,10,31-75,100.0
81,197,43.0,0.011263082,0.0001783815393939,10,31-75,100.0
81,198,42.0,0.0112956725,0.0001801646696969,10,31-75,100.0
81,199,41.0,0.011477041,0.0001741491242424,10,31-75,100.0
81,200,40.0,0.011283197,0.0001384026090909,10,31-75,98.75604900408187
81,201,39.0,0.0112193925,0.0001013584242424,10,31-75,72.27490826532588
81,202,38.0,0.011164799,7.608612121212052e-05,10,31-75,54.208930674664444
81,203,37.0,0.011297406,5.834509090909061e-05,10,31-75,41.526704780737305
81,204,36.0,0.011767433,5.900976363636328e-05,10,31-75,42.00184796739682
81,205,35.0,0.011779454,6.324698181818183e-05,10,31-75,45.03083541771985
81,206,34.0,0.011361713,3.4631169696970195e-05,10,31-75,24.574740858352335
81,207,33.0,0.011769201,4.674226666666762e-05,10,31-75,33.2323929207992
81,208,32.0,0.011792322,5.61524333333334e-05,10,31-75,39.95927728589591
81,209,31.0,0.01173137,6.830918484848431e-05,10,31-75,48.6495656298121
81,210,30.0,0.012022305,8.032940909090804e-05,10,0-30,57.24225706510274
81,211,29.0,0.012623889,0.0001119507878787,10,0-30,79.84688949142375
81,212,28.0,0.012344903,0.0001076909818181,10,0-30,76.8017550318077
81,213,27.0,0.012874249,0.0001268407696969,10,0-30,90.49103527942961
81,214,26.0,0.0134731615,0.0001908803969696,10,0-30,100.0
81,215,25.0,0.013523508,0.0002377921,10,0-30,100.0
81,216,24.0,0.013965896,0.0002598446090909,10,0-30,100.0
81,217,23.0,0.014582836,0.0003111484030303,10,0-30,100.0
81,218,22.0,0.015038097,0.0003547213484848,10,0-30,100.0
81,219,21.0,0.01576652,0.0003946202636363,10,0-30,100.0
81,220,20.0,0.016140617,0.0004254092272727,10,0-30,100.0
81,221,19.0,0.015700141,0.0004223588939393,10,0-30,100.0
81,222,18.0,0.015670344,0.0003617963,10,0-30,100.0
81,223,17.0,0.016257366,0.0003282344454545,10,0-30,100.0
81,224,16.0,0.016786093,0.0003224322666666,10,0-30,100.0
81,225,15.0,0.016744247,0.0002775472666666,10,0-30,100.0
81,226,14.0,0.017359154,0.0002566559212121,10,0-30,100.0
81,227,13.0,0.018190831,0.0002811277090909,10,0-30,100.0
81,228,12.0,0.018476557,0.0003078020121212,10,0-30,100.0
81,229,11.0,0.018474603,0.0003412529636363,10,0-30,100.0
81,230,10.0,0.019067017,0.0003991319575757,10,0-30,100.0
81,231,9.0,0.019157615,0.0003971160787878,10,0-30,100.0
81,232,8.0,0.020307498,0.0004139258484848,10,0-30,100.0
81,233,7.0,0.020512836,0.0004248627454545,10,0-30,100.0
81,234,6.0,0.020922715,0.000441823690909,10,0-30,100.0
81,235,5.0,0.022349453,0.0004836761030303,10,0-30,100.0
81,236,4.0,0.023037357,0.000536102460606,10,0-30,100.0
81,237,3.0,0.023751644,0.0006141083575757,10,0-30,100.0
81,238,2.0,0.024731778,0.0006972207151515,10,0-30,100.0
81,239,1.0,0.027130427,0.0008352173454545,10,0-30,100.0
81,240,0.0,0.027999787,0.0009552087999999,10,0-30,100.0
84,39,228.0,0.009648908,3.0309899999999745e-05,10,RUL > 125,21.485668943729564
84,40,227.0,0.009693255,6.982893636363612e-05,10,RUL > 125,49.735964316279684
84,41,226.0,0.009708752,7.681648181818177e-05,10,RUL > 125,54.73103102801949
84,42,225.0,0.009470154,5.238203636363644e-05,10,RUL > 125,37.26399830475867
84,43,224.0,0.009636874,4.352772121212126e-05,10,RUL > 125,30.934465973800457
84,44,223.0,0.009790466,4.711343636363655e-05,10,RUL > 125,33.497724632742475
84,45,222.0,0.009547763,2.145570909090908e-05,10,RUL > 125,15.156225427821346
84,46,221.0,0.00961498,1.6970442424242527e-05,10,RUL > 125,11.949919813685057
84,47,220.0,0.00962635,7.477315151514814e-06,10,RUL > 125,5.1637308237495745
84,48,219.0,0.009347425,-1.9782563636363373e-05,10,RUL > 125,0.0
84,49,218.0,0.0093086455,-3.344351212121212e-05,10,RUL > 125,0.0
84,50,217.0,0.009393129,-3.5415409090909056e-05,10,RUL > 125,0.0
84,51,216.0,0.009539849,-2.4713372727272564e-05,10,RUL > 125,0.0
84,52,215.0,0.009684769,-1.996583333333365e-05,10,RUL > 125,0.0
84,53,214.0,0.009785314,-1.2207484848484468e-06,10,RUL > 125,0.0
84,54,213.0,0.010137328,4.516529393939352e-05,10,RUL > 125,32.10508948834653
84,55,212.0,0.010343029,8.238680303030311e-05,10,RUL > 125,58.712990965362685
84,56,211.0,0.010119225,0.0001022423666666,10,RUL > 125,72.90679701752622
84,57,210.0,0.0098222345,0.0001005443878787,10,RUL > 125,71.69299205899645
84,58,209.0,0.009543381,6.266686060606058e-05,10,RUL > 125,44.616134121779666
84,59,208.0,0.009773456,3.237835454545456e-05,10,RUL > 125,22.964309549641733
84,60,207.0,0.009295475,-2.398367575757562e-05,10,RUL > 125,0.0
84,61,206.0,0.009618603,-5.175552424242389e-05,10,RUL > 125,0.0
84,62,205.0,0.009577938,-7.303872424242332e-05,10,RUL > 125,0.0
84,63,204.0,0.009357443,-9.83510030303039e-05,10,RUL > 125,0.0
84,64,203.0,0.009224913,-0.0001022382757575,10,RUL > 125,0.0
84,65,202.0,0.009354596,-7.427895454545462e-05,10,RUL > 125,0.0
84,66,201.0,0.009216498,-5.6791512121212616e-05,10,RUL > 125,0.0
84,67,200.0,0.009334034,-4.17502363636366e-05,10,RUL > 125,0.0
84,68,199.0,0.009225424,-4.5305793939393965e-05,10,RUL > 125,0.0
84,69,198.0,0.0089269765,-4.594794848484873e-05,10,RUL > 125,0.0
84,70,197.0,0.008938276,-6.757880909090896e-05,10,RUL > 125,0.0
84,71,196.0,0.008989781,-6.0528754545454256e-05,10,RUL > 125,0.0
84,72,195.0,0.009040016,-4.582752424242357e-05,10,RUL > 125,0.0
84,73,194.0,0.008933864,-4.509580303030317e-05,10,RUL > 125,0.0
84,74,193.0,0.00893466,-4.802170606060622e-05,10,RUL > 125,0.0
84,75,192.0,0.0089363605,-3.869110303030254e-05,10,RUL > 125,0.0
84,76,191.0,0.008821638,-3.975510303030288e-05,10,RUL > 125,0.0
84,77,190.0,0.0089280335,-2.239379696969685e-05,10,RUL > 125,0.0
84,78,189.0,0.0091074975,2.4370060606061106e-06,10,RUL > 125,1.5606515564083936
84,79,188.0,0.009405744,2.5068712121211965e-05,10,RUL > 125,17.738990904408062
84,80,187.0,0.009589154,5.2654657575758006e-05,10,RUL > 125,37.458882352446224
84,81,186.0,0.009647903,7.898933030302993e-05,10,RUL > 125,56.284297937969775
84,82,185.0,0.009590997,9.759180303030326e-05,10,RUL > 125,69.58232839523173
84,83,184.0,0.009558013,0.000100639790909,10,RUL > 125,71.7611911861364
84,84,183.0,0.009544417,9.543380303030257e-05,10,RUL > 125,68.03967596684207
84,85,182.0,0.0091296155,6.032465151515112e-05,10,RUL > 125,42.9417993016283
84,86,181.0,0.008844081,-3.4976060606021065e-07,10,RUL > 125,0.0
84,87,180.0,0.008782875,-5.754168484848419e-05,10,RUL > 125,0.0
84,88,179.0,0.00899601,-8.938429999999988e-05,10,RUL > 125,0.0
84,89,178.0,0.008965801,-0.0001016402151515,10,RUL > 125,0.0
84,90,177.0,0.009581981,-6.27263363636359e-05,10,RUL > 125,0.0
84,91,176.0,0.009355736,-3.21495484848485e-05,10,RUL > 125,0.0
84,92,175.0,0.009453269,3.49490606060634e-06,10,RUL > 125,2.316894375682372
84,93,174.0,0.009593508,4.6259257575757495e-05,10,RUL > 125,32.88711250049033
84,94,173.0,0.0095465435,8.512526666666678e-05,10,RUL > 125,60.67058947263415
84,95,172.0,0.009521729,9.495854848484856e-05,10,RUL > 125,67.69993890537424
84,96,171.0,0.009656927,8.837774242424239e-05,10,RUL > 125,62.9956310044696
84,97,170.0,0.0094815865,5.8299830303030254e-05,10,RUL > 125,41.49435010796188
84,98,169.0,0.009508448,3.5426860606060146e-05,10,RUL > 125,25.143542764355487
84,99,168.0,0.009532999,5.667733333333342e-06,10,RUL > 125,3.8701461220876103
84,100,167.0,0.009598458,1.3682636363636523e-05,10,RUL > 125,9.59962231439569
84,101,166.0,0.0096484665,9.14255454545429e-06,10,RUL > 125,6.354131933531791
84,102,165.0,0.009463557,-2.5295484848488035e-06,10,RUL > 125,0.0
84,103,164.0,0.009275474,-1.5236160606060689e-05,10,RUL > 125,0.0
84,104,163.0,0.009546859,-1.2415963636363817e-05,10,RUL > 125,0.0
84,105,162.0,0.009742023,-6.085818181816356e-07,10,RUL > 125,0.0
84,106,161.0,0.00980444,2.0946333333333065e-05,10,RUL > 125,14.79209672096907
84,107,160.0,0.010069605,4.348739090909096e-05,10,RUL > 125,30.905635742147368
84,108,159.0,0.009966611,5.507386363636333e-05,10,RUL > 125,39.18825867504426
84,109,158.0,0.009719962,4.928999696969681e-05,10,RUL > 125,35.05364516308308
84,110,157.0,0.009574107,3.764811818181817e-05,10,RUL > 125,26.731415050417084
84,111,156.0,0.009827857,4.34762121212124e-05,10,RUL > 125,30.897644553886337
84,112,155.0,0.009852663,3.615563030303004e-05,10,RUL > 125,25.664505851828622
84,113,154.0,0.009683822,2.3702363636365945e-06,10,RUL > 125,1.512921048914032
84,114,153.0,0.009406629,-3.339211515151508e-05,10,RUL > 125,0.0
84,115,152.0,0.009540903,-4.711973939393965e-05,10,RUL > 125,0.0
84,116,151.0,0.010219466,-1.7235884848484943e-05,10,RUL > 125,0.0
84,117,150.0,0.010172206,2.271720000000007e-05,10,RUL > 125,16.058005786625824
84,118,149.0,0.010067204,4.8832987878787714e-05,10,RUL > 125,34.72695091661097
84,119,148.0,0.010080041,5.798639999999991e-05,10,RUL > 125,41.27029356574663
84,120,147.0,0.009640558,2.9079751515151684e-05,10,RUL > 125,20.606293805902823
84,121,146.0,0.0097846715,2.414503939393904e-05,10,RUL > 125,17.078700832228073
84,122,145.0,0.010010252,3.3691912121212564e-05,10,RUL > 125,23.90330991297448
84,123,144.0,0.01030472,4.613443939393979e-05,10,RUL > 125,32.79788586875343
84,124,143.0,0.010643401,5.1044906060606135e-05,10,RUL > 125,36.308146910392395
84,125,142.0,0.01060774,4.797065151515136e-05,10,RUL > 125,34.11050731816245
84,126,141.0,0.010611112,7.738650000000002e-05,10,RUL > 125,55.13851014405651
84,127,140.0,0.010772214,0.0001076918393939,10,RUL > 125,76.80236807230372
84,128,139.0,0.010901804,0.0001307927666666,10,RUL > 125,93.31613153628517
84,129,138.0,0.011149797,0.0001581600212121,10,RUL > 125,100.0
84,130,137.0,0.011113182,0.0001412644878787,10,RUL > 125,100.0
84,131,136.0,0.010862683,0.0001024629515151,10,RUL > 125,73.06448272290359
84,132,135.0,0.010944915,7.011869090909069e-05,10,RUL > 125,49.94309617595637
84,133,134.0,0.01117299,5.851683636363644e-05,10,RUL > 125,41.64947750665016
84,134,133.0,0.010820551,3.974528484848494e-05,10,RUL > 125,28.230580597715644
84,135,132.0,0.010735482,1.1808933333333375e-05,10,RUL > 125,8.260200382154133
84,136,131.0,0.011266865,1.1533521212121036e-05,10,RUL > 125,8.063321245177292
84,137,130.0,0.011143875,7.341175757576153e-06,10,RUL > 125,5.066411191377515
84,138,129.0,0.0113595715,1.904844545454537e-05,10,RUL > 125,13.435386181107074
84,139,128.0,0.011224183,3.4355057575757725e-05,10,RUL > 125,24.377361324387508
84,140,127.0,0.011263655,4.847203939393884e-05,10,RUL > 125,34.468925867178385
84,141,126.0,0.010912404,2.4906027272726888e-05,10,RUL > 125,17.622695178468476
84,142,125.0,0.010993659,1.0651560606060965e-05,10,76-125,7.432849201302341
84,143,124.0,0.010758489,-1.8161969696976e-06,10,76-125,0.0
84,144,123.0,0.011171772,-1.021292424242445e-05,10,76-125,0.0
84,145,122.0,0.011187021,-2.7706378787878537e-05,10,76-125,0.0
84,146,121.0,0.010370521,-5.978386363636307e-05,10,76-125,0.0
84,147,120.0,0.010433575,-8.575659696969772e-05,10,76-125,0.0
84,148,119.0,0.01052364,-8.382723030302982e-05,10,76-125,0.0
84,149,118.0,0.010398009,-8.764386060605944e-05,10,76-125,0.0
84,150,117.0,0.010327158,-8.267939393939476e-05,10,76-125,0.0
84,151,116.0,0.010316428,-9.03654545454554e-05,10,76-125,0.0
84,152,115.0,0.010006734,-0.0001023029636363,10,76-125,0.0
84,153,114.0,0.009819056,-0.0001281927272727,10,76-125,0.0
84,154,113.0,0.009828754,-0.0001146142424242,10,76-125,0.0
84,155,112.0,0.009911026,-7.925258787878853e-05,10,76-125,0.0
84,156,111.0,0.009997945,-7.811662424242527e-05,10,76-125,0.0
84,157,110.0,0.0102121895,-5.657492424242406e-05,10,76-125,0.0
84,158,109.0,0.010341215,-1.9307675757576063e-05,10,76-125,0.0
84,159,108.0,0.010299236,9.50562121212137e-06,10,76-125,6.6136711712524265
84,160,107.0,0.010065319,2.2033657575757945e-05,10,76-125,15.569373543500648
84,161,106.0,0.010064865,3.699540303030256e-05,10,76-125,26.264819770745184
84,162,105.0,0.010096839,3.610416666666634e-05,10,76-125,25.627716925225197
84,163,104.0,0.009818863,6.446554545454694e-06,10,76-125,4.426888677305402
84,164,103.0,0.009993786,-1.3020930303030568e-05,10,76-125,0.0
84,165,102.0,0.010115494,-2.2365384848484867e-05,10,76-125,0.0
84,166,101.0,0.009726038,-4.963669393939439e-05,10,76-125,0.0
84,167,100.0,0.009790049,-5.583768484848498e-05,10,76-125,0.0
84,168,99.0,0.009634913,-5.6782084848485015e-05,10,76-125,0.0
84,169,98.0,0.009635841,-5.191323030302967e-05,10,76-125,0.0
84,170,97.0,0.009806358,-4.529676363636312e-05,10,76-125,0.0
84,171,96.0,0.009708529,-4.090776969697011e-05,10,76-125,0.0
84,172,95.0,0.009766981,-2.687966060606068e-05,10,76-125,0.0
84,173,94.0,0.009858545,-2.2390606060605944e-05,10,76-125,0.0
84,174,93.0,0.009523184,-2.501343030302986e-05,10,76-125,0.0
84,175,92.0,0.009450125,-1.780315757575729e-05,10,76-125,0.0
84,176,91.0,0.009455408,-2.820337575757571e-05,10,76-125,0.0
84,177,90.0,0.009518996,-2.7587393939394057e-05,10,76-125,0.0
84,178,89.0,0.009771513,-2.0254666666666203e-05,10,76-125,0.0
84,179,88.0,0.009787966,-1.3618393939393908e-05,10,76-125,0.0
84,180,87.0,0.009867216,6.864466666666689e-06,10,76-125,4.7256343439601505
84,181,86.0,0.010028787,2.8900684848484693e-05,10,76-125,20.47828749071404
84,182,85.0,0.01024959,6.299558787878908e-05,10,76-125,44.851125746224696
84,183,84.0,0.010186949,9.392816969697076e-05,10,76-125,66.963369702742
84,184,83.0,0.010040435,9.053102424242404e-05,10,76-125,64.534910627187
84,185,82.0,0.010213096,8.541144242424226e-05,10,76-125,60.87516302563226
84,186,81.0,0.01012454,6.656560000000017e-05,10,76-125,47.40315904935956
84,187,80.0,0.009804031,2.636595757575741e-05,10,76-125,18.666330501568083
84,188,79.0,0.009625267,-1.0204951515151158e-05,10,76-125,0.0
84,189,78.0,0.009343921,-5.925246060606161e-05,10,76-125,0.0
84,190,77.0,0.009367076,-9.637127272727292e-05,10,76-125,0.0
84,191,76.0,0.009307611,-0.0001198999272727,10,76-125,0.0
84,192,75.0,0.009200898,-0.0001257875636363,10,31-75,0.0
84,193,74.0,0.009300648,-0.0001176989393939,10,31-75,0.0
84,194,73.0,0.009523302,-9.649010909090824e-05,10,31-75,0.0
84,195,72.0,0.009618595,-5.230446666666649e-05,10,31-75,0.0
84,196,71.0,0.009727058,-9.00321212121137e-07,10,31-75,0.0
84,197,70.0,0.0096836155,3.1584930303031104e-05,10,31-75,22.397127976742116
84,198,69.0,0.009444616,4.057582727272719e-05,10,31-75,28.82429620829837
84,199,68.0,0.009642136,4.3773851515151314e-05,10,31-75,31.11041291989382
84,200,67.0,0.009531804,3.888270606060624e-05,10,31-75,27.61396370160904
84,201,66.0,0.009709186,3.7705906060606126e-05,10,31-75,26.772724879677373
84,202,65.0,0.009562517,1.6547203030302676e-05,10,31-75,11.64736593099216
84,203,64.0,0.010195407,3.2176512121212135e-05,10,31-75,22.82002191947049
84,204,63.0,0.010637083,7.589527575757577e-05,10,31-75,54.0725042595113
84,205,62.0,0.010949468,0.0001295057121212,10,31-75,92.3960769394684
84,206,61.0,0.011132636,0.0001842062030303,10,31-75,100.0
84,207,60.0,0.01107506,0.0002158327090909,10,31-75,100.0
84,208,59.0,0.0107735535,0.0001982141121212,10,31-75,100.0
84,209,58.0,0.010681127,0.0001726137363636,10,31-75,100.0
84,210,57.0,0.010723854,0.0001293946272727,10,31-75,92.31666762005423
84,211,56.0,0.010449752,6.8600875757575e-05,10,31-75,48.85808170453305
84,212,55.0,0.01003506,-3.356693030303095e-05,10,31-75,0.0
84,213,54.0,0.010097606,-9.585826363636245e-05,10,31-75,0.0
84,214,53.0,0.01044002,-0.0001088419363636,10,31-75,0.0
84,215,52.0,0.010295385,-0.0001065004818181,10,31-75,0.0
84,216,51.0,0.010321885,-8.257409393939303e-05,10,31-75,0.0
84,217,50.0,0.010486246,-4.369367575757583e-05,10,31-75,0.0
84,218,49.0,0.010687951,-6.774460606060788e-06,10,31-75,0.0
84,219,48.0,0.010856914,3.4236757575757533e-05,10,31-75,24.292794233433508
84,220,47.0,0.0110974265,8.908455454545365e-05,10,31-75,63.50089765655553
84,221,46.0,0.0112267975,0.0001281873333333,10,31-75,91.45363011894445
84,222,45.0,0.011469691,0.0001434739818181,10,31-75,100.0
84,223,44.0,0.011578501,0.0001514759878787,10,31-75,100.0
84,224,43.0,0.011679597,0.0001698696787878,10,31-75,100.0
84,225,42.0,0.011400066,0.0001483487151515,10,31-75,100.0
84,226,41.0,0.011667129,0.0001297714181818,10,31-75,92.58601767145278
84,227,40.0,0.011616574,0.0001030879878787,10,31-75,73.5112917424305
84,228,39.0,0.011778489,8.498233939393896e-05,10,31-75,60.568417505833125
84,229,38.0,0.011997929,7.689170303030297e-05,10,31-75,54.78480312512103
84,230,37.0,0.012032887,7.291154848484818e-05,10,31-75,51.939578345273965
84,231,36.0,0.012390417,8.571884848485e-05,10,31-75,61.094913121043795
84,232,35.0,0.012496048,0.000106376260606,10,31-75,75.86192283973132
84,233,34.0,0.011962096,9.27223272727276e-05,10,31-75,66.10136982136416
84,234,33.0,0.011661033,6.473687272727288e-05,10,31-75,46.095888165145354
84,235,32.0,0.01188087,3.0332145454545483e-05,10,31-75,21.501571170085263
84,236,31.0,0.012012766,1.5098018181818142e-05,10,31-75,10.611412026590193
84,237,30.0,0.01260574,2.464805454545497e-05,10,0-30,17.43828264177515
84,238,29.0,0.013329506,7.2480678787878e-05,10,0-30,51.631569918790944
84,239,28.0,0.0135789635,0.0001297492030302,10,0-30,92.5701371072439
84,240,27.0,0.013443693,0.0001628058151515,10,0-30,100.0
84,241,26.0,0.01401322,0.000233662190909,10,0-30,100.0
84,242,25.0,0.01476009,0.0003326286575757,10,0-30,100.0
84,243,24.0,0.01553736,0.0004109519363636,10,0-30,100.0
84,244,23.0,0.015835332,0.0004421208333333,10,0-30,100.0
84,245,22.0,0.016059717,0.0004495871484848,10,0-30,100.0
84,246,21.0,0.01639356,0.0004334034575757,10,0-30,100.0
84,247,20.0,0.017331509,0.0004548116878787,10,0-30,100.0
84,248,19.0,0.017473012,0.0004749072818181,10,0-30,100.0
84,249,18.0,0.01839868,0.0005119000424242,10,0-30,100.0
84,250,17.0,0.019205488,0.0005254616727272,10,0-30,100.0
84,251,16.0,0.019418236,0.0005187562666666,10,0-30,100.0
84,252,15.0,0.020067602,0.0005317468121212,10,0-30,100.0
84,253,14.0,0.020602707,0.0005614094242424,10,0-30,100.0
84,254,13.0,0.021222034,0.0005833201636363,10,0-30,100.0
84,255,12.0,0.021974567,0.0005959437999999,10,0-30,100.0
84,256,11.0,0.022754697,0.000601681030303,10,0-30,100.0
84,257,10.0,0.023123804,0.0006129766121212,10,0-30,100.0
84,258,9.0,0.024662022,0.000647398890909,10,0-30,100.0
84,259,8.0,0.02570155,0.0007130943818181,10,0-30,100.0
84,260,7.0,0.027414821,0.0008375085818181,10,0-30,100.0
84,261,6.0,0.028456751,0.000933431460606,10,0-30,100.0
84,262,5.0,0.029304119,0.0010093077212121,10,0-30,100.0
84,263,4.0,0.031169528,0.0011106494484848,10,0-30,100.0
84,264,3.0,0.031247117,0.001129429090909,10,0-30,100.0
84,265,2.0,0.03352593,0.0012011603333333,10,0-30,100.0
84,266,1.0,0.034314487,0.0012278959212121,10,0-30,100.0
84,267,0.0,0.035736434,0.0012166807212121,10,0-30,100.0
91,39,96.0,0.010493279,-0.0001186894545454,10,76-125,0.0
91,40,95.0,0.010330031,-0.0001341163333333,10,76-125,0.0
91,41,94.0,0.010270868,-0.0001418339151515,10,76-125,0.0
91,42,93.0,0.010875908,-0.0001001331212121,10,76-125,0.0
91,43,92.0,0.010918022,-5.342329090909099e-05,10,76-125,0.0
91,44,91.0,0.010888155,-4.628593939394147e-06,10,76-125,0.0
91,45,90.0,0.010464305,7.87127272727243e-06,10,76-125,5.4453525155590246
91,46,89.0,0.010455372,2.589723030303022e-05,10,76-125,18.33125947954546
91,47,88.0,0.010330039,9.541751515151312e-06,10,76-125,6.639499020977901
91,48,87.0,0.010276692,-1.3887169696969616e-05,10,76-125,0.0
91,49,86.0,0.0103390105,-2.6785221212121092e-05,10,76-125,0.0
91,50,85.0,0.010555633,-3.688077878787931e-05,10,76-125,0.0
91,51,84.0,0.010654495,-4.826263333333314e-05,10,76-125,0.0
91,52,83.0,0.010599583,-2.6953712121212348e-05,10,76-125,0.0
91,53,82.0,0.010273064,-1.7297924242424206e-05,10,76-125,0.0
91,54,81.0,0.010141034,-9.017233333333597e-06,10,76-125,0.0
91,55,80.0,0.01038185,-6.801778787878618e-06,10,76-125,0.0
91,56,79.0,0.0102378875,-1.2034903030302726e-05,10,76-125,0.0
91,57,78.0,0.010252206,-2.220637575757551e-05,10,76-125,0.0
91,58,77.0,0.0101554645,-4.026769393939411e-05,10,76-125,0.0
91,59,76.0,0.010137861,-5.36652121212128e-05,10,76-125,0.0
91,60,75.0,0.009814712,-6.780936363636324e-05,10,31-75,0.0
91,61,74.0,0.00967753,-7.386450909090868e-05,10,31-75,0.0
91,62,73.0,0.009465679,-8.329396363636285e-05,10,31-75,0.0
91,63,72.0,0.009551222,-9.60810787878793e-05,10,31-75,0.0
91,64,71.0,0.009484727,-0.0001125475939393,10,31-75,0.0
91,65,70.0,0.009699113,-9.331069090909056e-05,10,31-75,0.0
91,66,69.0,0.009537515,-8.421012424242494e-05,10,31-75,0.0
91,67,68.0,0.009545756,-6.521611818181846e-05,10,31-75,0.0
91,68,67.0,0.009307954,-5.7079533333333375e-05,10,31-75,0.0
91,69,66.0,0.009255688,-4.269453333333328e-05,10,31-75,0.0
91,70,65.0,0.009419319,-3.0234466666666636e-05,10,31-75,0.0
91,71,64.0,0.009508784,-1.7247315151515015e-05,10,31-75,0.0
91,72,63.0,0.008926064,-4.812288484848456e-05,10,31-75,0.0
91,73,62.0,0.009076565,-5.854565454545495e-05,10,31-75,0.0
91,74,61.0,0.009011192,-7.121380606060643e-05,10,31-75,0.0
91,75,60.0,0.009140521,-5.679543030303003e-05,10,31-75,0.0
91,76,59.0,0.009176711,-4.440544242424245e-05,10,31-75,0.0
91,77,58.0,0.009323201,-1.9102309090908576e-05,10,31-75,0.0
91,78,57.0,0.009558239,5.865248484848407e-06,10,31-75,4.011340389060904
91,79,56.0,0.009561135,2.4472612121211685e-05,10,31-75,17.31286712657525
91,80,55.0,0.009235152,3.250543030303084e-05,10,31-75,23.055150015820804
91,81,54.0,0.009081832,4.037200000000005e-05,10,31-75,28.67858970355117
91,82,53.0,0.0089494,7.342181818181737e-06,10,31-75,5.067130376658476
91,83,52.0,0.009111926,-7.072042424242077e-06,10,31-75,0.0
91,84,51.0,0.009180908,-2.25104303030302e-05,10,31-75,0.0
91,85,50.0,0.009413441,-1.870043030303067e-05,10,31-75,0.0
91,86,49.0,0.009559465,-7.820939393939233e-06,10,31-75,0.0
91,87,48.0,0.009546264,7.465054545454545e-06,10,31-75,5.1549662946891495
91,88,47.0,0.009566592,3.682525454545439e-05,10,31-75,26.143188643155863
91,89,46.0,0.00944282,5.952607272727317e-05,10,31-75,42.37093298727242
91,90,45.0,0.009516738,6.596070303030298e-05,10,31-75,46.970746732756865
91,91,44.0,0.009628019,6.483070909090907e-05,10,31-75,46.16296735617157
91,92,43.0,0.009851805,6.0457975757575685e-05,10,31-75,43.037106514945904
91,93,42.0,0.010082504,6.856564848484858e-05,10,31-75,48.83289938858451
91,94,41.0,0.010070726,6.88651030303032e-05,10,31-75,49.04696532080774
91,95,40.0,0.010115421,7.631899393939435e-05,10,31-75,54.37540040507899
91,96,39.0,0.010037367,8.074147878787895e-05,10,31-75,57.53682625819717
91,97,38.0,0.009860059,6.881979999999998e-05,10,31-75,49.01458032094183
91,98,37.0,0.009890633,5.611741818181811e-05,10,31-75,39.93424660539754
91,99,36.0,0.009994161,3.688278181818164e-05,10,31-75,26.184312177433572
91,100,35.0,0.010237778,2.9181290909091084e-05,10,31-75,20.678879530016715
91,101,34.0,0.010344752,2.599359999999972e-05,10,31-75,18.40014963109927
91,102,33.0,0.010305811,2.6913248484848144e-05,10,31-75,19.057562962153874
91,103,32.0,0.010294245,3.707885454545489e-05,10,31-75,26.32447532334134
91,104,31.0,0.0102873435,4.35162575757578e-05,10,31-75,30.926271160791075
91,105,30.0,0.010549616,6.461343333333402e-05,10,0-30,46.0076471638392
91,106,29.0,0.010616726,7.890458484848456e-05,10,0-30,56.22371740912391
91,107,28.0,0.010614456,7.422885151515191e-05,10,0-30,52.88125615742523
91,108,27.0,0.010635982,6.362132424242414e-05,10,0-30,45.298435162764555
91,109,26.0,0.011322762,8.834185757575715e-05,10,0-30,62.969978618622456
91,110,25.0,0.011438095,0.000119490160606,10,0-30,85.23643149619686
91,111,24.0,0.011695492,0.0001572606030303,10,0-30,100.0
91,112,23.0,0.011853518,0.0001846819727272,10,0-30,100.0
91,113,22.0,0.012271923,0.0002153942818181,10,0-30,100.0
91,114,21.0,0.01265547,0.0002425953818181,10,0-30,100.0
91,115,20.0,0.012523692,0.000251388860606,10,0-30,100.0
91,116,19.0,0.012674186,0.0002489369090909,10,0-30,100.0
91,117,18.0,0.012902504,0.0002338484242424,10,0-30,100.0
91,118,17.0,0.013406204,0.0002199356363636,10,0-30,100.0
91,119,16.0,0.013882628,0.0002442164969696,10,0-30,100.0
91,120,15.0,0.013863552,0.0002441170363636,10,0-30,100.0
91,121,14.0,0.014240865,0.0002523586060606,10,0-30,100.0
91,122,13.0,0.014715582,0.000266175890909,10,0-30,100.0
91,123,12.0,0.015007534,0.0002891198121212,10,0-30,100.0
91,124,11.0,0.015517153,0.0003322720121212,10,0-30,100.0
91,125,10.0,0.015707415,0.0003423298727272,10,0-30,100.0
91,126,9.0,0.017190404,0.0004047203939393,10,0-30,100.0
91,127,8.0,0.018841239,0.0005176356242424,10,0-30,100.0
91,128,7.0,0.019411944,0.0006232755515151,10,0-30,100.0
91,129,6.0,0.020362224,0.0007397136848484,10,0-30,100.0
91,130,5.0,0.02036814,0.0007766622181818,10,0-30,100.0
91,131,4.0,0.02064451,0.0007749961878787,10,0-30,100.0
91,132,3.0,0.022292076,0.0008172252545454,10,0-30,100.0
91,133,2.0,0.023540735,0.0008551901696969,10,0-30,100.0
91,134,1.0,0.025016487,0.0009041925090909,10,0-30,100.0
91,135,0.0,0.026202222,0.0009154119939393,10,0-30,100.0
