timestamp,session_id,vehicle_id,rpm,speed_kmh,coolant_temp_c,engine_load_pct,throttle_pct,intake_temp_c,map_kpa,maf_g_s,battery_voltage,fuel_level_pct,scenario,data_origin
2026-09-16 15:39:27,TEST_NORMAL_001,VEICULO_TESTE_01,1005.7,1.0,29.0,25.4,10.1,27.2,42.8,6.09,14.21,68.74,NORMAL,SIMULADO
2026-09-16 15:39:28,TEST_NORMAL_001,VEICULO_TESTE_01,1092.6,1.4,28.0,26.1,14.6,28.4,40.7,5.66,14.21,68.74,NORMAL,SIMULADO
2026-09-16 15:39:29,TEST_NORMAL_001,VEICULO_TESTE_01,882.0,1.8,29.9,28.8,13.7,28.7,43.1,5.17,14.1,68.73,NORMAL,SIMULADO
2026-09-16 15:39:30,TEST_NORMAL_001,VEICULO_TESTE_01,1118.6,2.6,30.1,31.1,16.6,27.6,44.4,6.0,14.21,68.73,NORMAL,SIMULADO
2026-09-16 15:39:31,TEST_NORMAL_001,VEICULO_TESTE_01,1171.9,3.3,30.6,34.8,21.8,28.4,46.7,6.74,14.19,68.73,NORMAL,SIMULADO
2026-09-16 15:39:32,TEST_NORMAL_001,VEICULO_TESTE_01,1226.7,4.1,29.7,34.4,18.1,29.2,47.5,5.69,14.28,68.73,NORMAL,SIMULADO
2026-09-16 15:39:33,TEST_NORMAL_001,VEICULO_TESTE_01,1164.7,4.9,31.4,32.7,19.4,30.1,45.1,6.45,14.17,68.73,NORMAL,SIMULADO
2026-09-16 15:39:34,TEST_NORMAL_001,VEICULO_TESTE_01,1184.2,5.7,30.2,34.2,17.6,27.5,48.7,6.17,14.08,68.73,NORMAL,SIMULADO
2026-09-16 15:39:35,TEST_NORMAL_001,VEICULO_TESTE_01,1277.5,6.5,31.0,42.0,23.0,28.4,50.1,7.27,14.2,68.73,NORMAL,SIMULADO
2026-09-16 15:39:36,TEST_NORMAL_001,VEICULO_TESTE_01,1242.2,7.3,30.5,31.2,16.9,29.1,43.7,6.41,14.25,68.72,NORMAL,SIMULADO
2026-09-16 15:39:37,TEST_NORMAL_001,VEICULO_TESTE_01,1140.5,7.8,30.4,30.1,16.3,29.3,41.8,6.04,14.17,68.72,NORMAL,SIMULADO
2026-09-16 15:39:38,TEST_NORMAL_001,VEICULO_TESTE_01,1134.3,8.5,31.4,33.8,18.5,26.9,47.7,5.76,14.21,68.72,NORMAL,SIMULADO
2026-09-16 15:39:39,TEST_NORMAL_001,VEICULO_TESTE_01,1332.5,9.2,32.5,29.8,19.1,29.5,45.3,6.09,14.17,68.72,NORMAL,SIMULADO
2026-09-16 15:39:40,TEST_NORMAL_001,VEICULO_TESTE_01,1289.5,10.0,32.9,32.3,21.9,28.1,46.4,6.59,14.22,68.72,NORMAL,SIMULADO
2026-09-16 15:39:41,TEST_NORMAL_001,VEICULO_TESTE_01,1184.7,10.7,33.1,38.4,18.1,28.9,48.1,6.01,14.26,68.72,NORMAL,SIMULADO
2026-09-16 15:39:42,TEST_NORMAL_001,VEICULO_TESTE_01,1328.7,11.5,33.7,42.2,22.2,27.4,51.0,7.18,14.13,68.72,NORMAL,SIMULADO
2026-09-16 15:39:43,TEST_NORMAL_001,VEICULO_TESTE_01,1382.2,12.4,33.5,38.7,17.2,28.1,45.8,7.48,14.17,68.72,NORMAL,SIMULADO
2026-09-16 15:39:44,TEST_NORMAL_001,VEICULO_TESTE_01,1324.9,13.2,32.2,31.7,19.6,27.4,47.6,6.56,14.13,68.71,NORMAL,SIMULADO
2026-09-16 15:39:45,TEST_NORMAL_001,VEICULO_TESTE_01,1387.5,13.9,33.0,38.2,19.4,28.1,49.8,7.03,14.12,68.71,NORMAL,SIMULADO
2026-09-16 15:39:46,TEST_NORMAL_001,VEICULO_TESTE_01,1435.5,14.6,33.2,36.9,18.4,26.0,46.4,6.54,14.17,68.71,NORMAL,SIMULADO
2026-09-16 15:39:47,TEST_NORMAL_001,VEICULO_TESTE_01,1354.3,15.4,34.6,41.0,21.0,28.2,52.1,7.72,14.15,68.71,NORMAL,SIMULADO
2026-09-16 15:39:48,TEST_NORMAL_001,VEICULO_TESTE_01,1464.9,16.1,33.5,36.3,21.6,27.5,52.0,7.25,14.07,68.71,NORMAL,SIMULADO
2026-09-16 15:39:49,TEST_NORMAL_001,VEICULO_TESTE_01,1338.8,16.9,34.3,41.6,22.1,28.3,50.9,7.93,14.19,68.71,NORMAL,SIMULADO
2026-09-16 15:39:50,TEST_NORMAL_001,VEICULO_TESTE_01,1415.7,17.6,35.0,36.1,19.9,29.0,49.3,7.09,14.06,68.71,NORMAL,SIMULADO
2026-09-16 15:39:51,TEST_NORMAL_001,VEICULO_TESTE_01,1466.2,18.4,34.0,36.0,19.4,27.8,44.3,6.9,14.17,68.71,NORMAL,SIMULADO
2026-09-16 15:39:52,TEST_NORMAL_001,VEICULO_TESTE_01,1426.7,19.0,36.4,34.9,21.6,28.2,48.5,6.45,14.11,68.7,NORMAL,SIMULADO
2026-09-16 15:39:53,TEST_NORMAL_001,VEICULO_TESTE_01,1374.6,19.6,34.0,32.4,18.6,27.4,48.6,6.22,14.13,68.7,NORMAL,SIMULADO
2026-09-16 15:39:54,TEST_NORMAL_001,VEICULO_TESTE_01,1497.7,20.2,35.2,35.9,21.6,28.0,47.0,7.39,14.11,68.7,NORMAL,SIMULADO
2026-09-16 15:39:55,TEST_NORMAL_001,VEICULO_TESTE_01,1441.8,20.8,35.1,37.8,20.0,28.6,47.6,7.07,14.16,68.7,NORMAL,SIMULADO
2026-09-16 15:39:56,TEST_NORMAL_001,VEICULO_TESTE_01,1527.3,21.3,36.1,33.5,20.1,29.2,46.8,8.05,14.11,68.7,NORMAL,SIMULADO
2026-09-16 15:39:57,TEST_NORMAL_001,VEICULO_TESTE_01,1498.2,21.9,35.4,40.0,22.7,29.9,51.0,8.07,14.12,68.7,NORMAL,SIMULADO
2026-09-16 15:39:58,TEST_NORMAL_001,VEICULO_TESTE_01,1405.9,22.6,36.9,39.5,18.5,29.3,48.2,6.74,14.18,68.7,NORMAL,SIMULADO
2026-09-16 15:39:59,TEST_NORMAL_001,VEICULO_TESTE_01,1502.5,23.2,37.0,39.4,21.8,28.9,49.9,6.99,14.29,68.69,NORMAL,SIMULADO
2026-09-16 15:40:00,TEST_NORMAL_001,VEICULO_TESTE_01,1601.0,23.8,37.0,34.1,18.5,28.6,43.4,7.21,14.24,68.69,NORMAL,SIMULADO
2026-09-16 15:40:01,TEST_NORMAL_001,VEICULO_TESTE_01,1473.7,24.4,36.7,38.7,17.7,27.7,45.3,7.06,14.18,68.69,NORMAL,SIMULADO
2026-09-16 15:40:02,TEST_NORMAL_001,VEICULO_TESTE_01,1424.3,25.0,37.8,34.1,20.6,29.4,49.0,6.12,14.25,68.69,NORMAL,SIMULADO
2026-09-16 15:40:03,TEST_NORMAL_001,VEICULO_TESTE_01,1569.4,25.6,37.9,34.4,18.0,27.8,42.8,7.35,14.2,68.69,NORMAL,SIMULADO
2026-09-16 15:40:04,TEST_NORMAL_001,VEICULO_TESTE_01,1660.7,26.2,38.2,30.5,20.7,27.8,42.6,6.56,14.14,68.69,NORMAL,SIMULADO
2026-09-16 15:40:05,TEST_NORMAL_001,VEICULO_TESTE_01,1688.6,26.7,38.2,39.2,22.7,28.4,48.0,8.23,14.09,68.69,NORMAL,SIMULADO
2026-09-16 15:40:06,TEST_NORMAL_001,VEICULO_TESTE_01,1701.2,27.3,38.2,38.5,25.5,27.3,51.1,7.43,14.32,68.68,NORMAL,SIMULADO
2026-09-16 15:40:07,TEST_NORMAL_001,VEICULO_TESTE_01,1600.0,28.1,37.9,35.5,22.7,29.7,47.6,7.36,14.07,68.68,NORMAL,SIMULADO
2026-09-16 15:40:08,TEST_NORMAL_001,VEICULO_TESTE_01,1536.8,28.8,38.9,29.0,22.4,29.8,50.3,6.47,14.11,68.68,NORMAL,SIMULADO
2026-09-16 15:40:09,TEST_NORMAL_001,VEICULO_TESTE_01,1714.6,29.4,38.8,39.7,24.0,28.3,50.9,7.62,14.14,68.68,NORMAL,SIMULADO
2026-09-16 15:40:10,TEST_NORMAL_001,VEICULO_TESTE_01,1710.3,30.1,38.0,33.0,19.0,27.4,50.3,8.12,14.07,68.68,NORMAL,SIMULADO
2026-09-16 15:40:11,TEST_NORMAL_001,VEICULO_TESTE_01,1766.1,30.9,39.5,35.5,20.2,28.9,45.9,7.61,14.13,68.68,NORMAL,SIMULADO
2026-09-16 15:40:12,TEST_NORMAL_001,VEICULO_TESTE_01,1643.4,31.6,38.9,35.1,23.7,28.4,52.0,7.37,13.97,68.68,NORMAL,SIMULADO
2026-09-16 15:40:13,TEST_NORMAL_001,VEICULO_TESTE_01,1809.1,32.3,39.2,42.7,23.2,27.7,53.9,8.55,14.09,68.67,NORMAL,SIMULADO
2026-09-16 15:40:14,TEST_NORMAL_001,VEICULO_TESTE_01,1845.6,33.3,39.9,38.2,27.3,27.9,53.9,7.64,14.06,68.67,NORMAL,SIMULADO
2026-09-16 15:40:15,TEST_NORMAL_001,VEICULO_TESTE_01,1767.6,34.2,40.3,39.7,23.2,25.0,52.3,8.91,14.15,68.67,NORMAL,SIMULADO
2026-09-16 15:40:16,TEST_NORMAL_001,VEICULO_TESTE_01,1849.0,34.9,40.2,33.2,16.7,27.8,43.8,8.36,14.09,68.67,NORMAL,SIMULADO
2026-09-16 15:40:17,TEST_NORMAL_001,VEICULO_TESTE_01,1796.1,35.3,40.3,31.7,21.2,29.3,43.2,7.71,14.22,68.67,NORMAL,SIMULADO
2026-09-16 15:40:18,TEST_NORMAL_001,VEICULO_TESTE_01,1741.0,35.5,40.4,27.7,16.0,28.1,40.7,7.55,14.16,68.67,NORMAL,SIMULADO
2026-09-16 15:40:19,TEST_NORMAL_001,VEICULO_TESTE_01,1663.2,35.5,41.4,21.6,13.0,28.7,39.0,6.36,14.12,68.67,NORMAL,SIMULADO
2026-09-16 15:40:20,TEST_NORMAL_001,VEICULO_TESTE_01,1751.3,35.4,41.5,29.6,14.2,28.4,46.5,7.76,14.22,68.66,NORMAL,SIMULADO
2026-09-16 15:40:21,TEST_NORMAL_001,VEICULO_TESTE_01,1675.1,35.3,40.5,27.7,17.0,27.8,42.6,7.53,13.98,68.66,NORMAL,SIMULADO
2026-09-16 15:40:22,TEST_NORMAL_001,VEICULO_TESTE_01,1698.6,35.3,41.7,27.9,17.1,28.3,42.8,7.89,14.13,68.66,NORMAL,SIMULADO
2026-09-16 15:40:23,TEST_NORMAL_001,VEICULO_TESTE_01,1701.3,35.3,41.1,26.6,18.2,29.1,45.5,7.33,14.11,68.66,NORMAL,SIMULADO
2026-09-16 15:40:24,TEST_NORMAL_001,VEICULO_TESTE_01,1714.1,35.4,42.1,30.2,17.2,28.6,44.5,7.82,14.17,68.66,NORMAL,SIMULADO
2026-09-16 15:40:25,TEST_NORMAL_001,VEICULO_TESTE_01,1643.8,35.5,42.5,29.5,18.1,27.9,44.2,7.69,14.05,68.66,NORMAL,SIMULADO
2026-09-16 15:40:26,TEST_NORMAL_001,VEICULO_TESTE_01,1712.1,35.5,43.4,25.0,17.1,30.0,44.0,8.02,14.11,68.66,NORMAL,SIMULADO
2026-09-16 15:40:27,TEST_NORMAL_001,VEICULO_TESTE_01,1711.1,35.6,42.6,22.3,17.8,29.0,41.5,6.06,14.22,68.66,NORMAL,SIMULADO
2026-09-16 15:40:28,TEST_NORMAL_001,VEICULO_TESTE_01,1598.6,35.6,42.3,26.5,14.6,27.1,41.2,7.38,14.25,68.65,NORMAL,SIMULADO
2026-09-16 15:40:29,TEST_NORMAL_001,VEICULO_TESTE_01,1638.5,35.5,42.0,29.2,11.4,27.9,39.8,7.23,14.14,68.65,NORMAL,SIMULADO
2026-09-16 15:40:30,TEST_NORMAL_001,VEICULO_TESTE_01,1849.0,35.5,42.5,22.9,13.7,29.0,38.7,7.3,14.09,68.65,NORMAL,SIMULADO
2026-09-16 15:40:31,TEST_NORMAL_001,VEICULO_TESTE_01,1690.5,35.5,43.2,24.5,13.4,28.6,40.3,6.88,14.23,68.65,NORMAL,SIMULADO
2026-09-16 15:40:32,TEST_NORMAL_001,VEICULO_TESTE_01,1679.0,35.4,43.1,26.4,18.3,28.5,49.4,7.12,13.98,68.65,NORMAL,SIMULADO
2026-09-16 15:40:33,TEST_NORMAL_001,VEICULO_TESTE_01,1634.0,35.4,44.5,18.9,17.8,29.7,49.2,6.31,14.3,68.65,NORMAL,SIMULADO
2026-09-16 15:40:34,TEST_NORMAL_001,VEICULO_TESTE_01,1624.3,35.4,44.1,24.4,15.9,27.7,44.9,7.64,14.16,68.65,NORMAL,SIMULADO
2026-09-16 15:40:35,TEST_NORMAL_001,VEICULO_TESTE_01,1620.8,35.4,43.6,23.3,14.0,29.0,41.1,6.71,14.25,68.65,NORMAL,SIMULADO
2026-09-16 15:40:36,TEST_NORMAL_001,VEICULO_TESTE_01,1622.7,35.4,44.2,26.7,15.2,28.0,40.2,6.35,14.02,68.64,NORMAL,SIMULADO
2026-09-16 15:40:37,TEST_NORMAL_001,VEICULO_TESTE_01,1628.7,35.4,43.6,24.5,15.1,29.7,44.9,7.28,14.15,68.64,NORMAL,SIMULADO
2026-09-16 15:40:38,TEST_NORMAL_001,VEICULO_TESTE_01,1690.6,35.4,44.1,24.9,17.7,29.3,45.6,7.63,14.17,68.64,NORMAL,SIMULADO
2026-09-16 15:40:39,TEST_NORMAL_001,VEICULO_TESTE_01,1637.6,35.4,45.4,29.4,15.6,27.4,42.9,7.27,14.12,68.64,NORMAL,SIMULADO
2026-09-16 15:40:40,TEST_NORMAL_001,VEICULO_TESTE_01,1692.3,35.4,44.4,20.7,14.3,28.5,41.8,7.33,14.0,68.64,NORMAL,SIMULADO
2026-09-16 15:40:41,TEST_NORMAL_001,VEICULO_TESTE_01,1599.7,35.4,44.6,29.6,15.0,28.2,45.5,6.57,14.12,68.64,NORMAL,SIMULADO
2026-09-16 15:40:42,TEST_NORMAL_001,VEICULO_TESTE_01,1567.6,35.4,44.3,25.6,12.2,28.8,39.4,6.38,14.16,68.64,NORMAL,SIMULADO
2026-09-16 15:40:43,TEST_NORMAL_001,VEICULO_TESTE_01,1726.4,35.4,44.9,28.5,16.5,27.6,46.4,7.52,14.34,68.63,NORMAL,SIMULADO
2026-09-16 15:40:44,TEST_NORMAL_001,VEICULO_TESTE_01,1644.2,35.4,46.3,24.2,15.0,28.0,43.4,7.1,14.27,68.63,NORMAL,SIMULADO
2026-09-16 15:40:45,TEST_NORMAL_001,VEICULO_TESTE_01,1682.8,35.3,45.6,17.6,14.0,29.6,43.4,6.64,14.02,68.63,NORMAL,SIMULADO
2026-09-16 15:40:46,TEST_NORMAL_001,VEICULO_TESTE_01,1635.0,35.0,46.3,23.5,14.5,28.4,41.7,7.17,14.12,68.63,NORMAL,SIMULADO
2026-09-16 15:40:47,TEST_NORMAL_001,VEICULO_TESTE_01,1707.9,34.3,46.9,32.4,19.5,27.3,47.6,7.23,14.07,68.63,NORMAL,SIMULADO
2026-09-16 15:40:48,TEST_NORMAL_001,VEICULO_TESTE_01,1672.5,33.6,46.2,25.9,15.2,27.9,41.2,7.19,14.18,68.63,NORMAL,SIMULADO
2026-09-16 15:40:49,TEST_NORMAL_001,VEICULO_TESTE_01,1605.8,32.5,47.3,26.2,19.2,29.6,44.4,6.55,14.16,68.63,NORMAL,SIMULADO
2026-09-16 15:40:50,TEST_NORMAL_001,VEICULO_TESTE_01,1717.6,31.2,46.8,30.9,19.9,28.8,43.9,7.33,14.3,68.63,NORMAL,SIMULADO
2026-09-16 15:40:51,TEST_NORMAL_001,VEICULO_TESTE_01,1579.8,30.1,46.2,25.2,18.3,29.2,43.0,6.19,14.15,68.62,NORMAL,SIMULADO
2026-09-16 15:40:52,TEST_NORMAL_001,VEICULO_TESTE_01,1507.5,29.2,48.2,30.8,16.4,28.7,46.4,7.12,14.28,68.62,NORMAL,SIMULADO
2026-09-16 15:40:53,TEST_NORMAL_001,VEICULO_TESTE_01,1534.1,28.2,46.9,22.0,14.8,27.8,41.0,5.78,14.11,68.62,NORMAL,SIMULADO
2026-09-16 15:40:54,TEST_NORMAL_001,VEICULO_TESTE_01,1495.3,27.1,46.8,24.4,16.2,27.4,48.2,6.08,14.23,68.62,NORMAL,SIMULADO
2026-09-16 15:40:55,TEST_NORMAL_001,VEICULO_TESTE_01,1492.5,26.2,47.8,28.9,14.3,27.1,44.7,7.69,14.08,68.62,NORMAL,SIMULADO
2026-09-16 15:40:56,TEST_NORMAL_001,VEICULO_TESTE_01,1465.1,25.4,47.7,28.6,14.8,29.6,45.0,6.38,14.09,68.62,NORMAL,SIMULADO
2026-09-16 15:40:57,TEST_NORMAL_001,VEICULO_TESTE_01,1537.0,24.7,48.9,32.2,16.1,29.1,43.3,6.97,14.25,68.62,NORMAL,SIMULADO
2026-09-16 15:40:58,TEST_NORMAL_001,VEICULO_TESTE_01,1242.1,24.3,48.1,18.4,13.5,30.2,40.9,6.14,14.09,68.61,NORMAL,SIMULADO
2026-09-16 15:40:59,TEST_NORMAL_001,VEICULO_TESTE_01,1386.7,24.1,49.3,26.8,11.9,28.9,40.6,5.35,14.14,68.61,NORMAL,SIMULADO
2026-09-16 15:41:00,TEST_NORMAL_001,VEICULO_TESTE_01,1548.6,24.0,48.6,20.9,13.0,28.7,41.0,6.51,14.11,68.61,NORMAL,SIMULADO
2026-09-16 15:41:01,TEST_NORMAL_001,VEICULO_TESTE_01,1388.9,24.0,48.1,22.8,14.4,28.9,40.4,6.48,14.26,68.61,NORMAL,SIMULADO
2026-09-16 15:41:02,TEST_NORMAL_001,VEICULO_TESTE_01,1457.0,24.0,49.5,26.8,12.5,29.0,39.9,6.48,14.09,68.61,NORMAL,SIMULADO
2026-09-16 15:41:03,TEST_NORMAL_001,VEICULO_TESTE_01,1532.3,24.0,48.5,25.2,13.6,28.8,42.1,6.68,14.23,68.61,NORMAL,SIMULADO
2026-09-16 15:41:04,TEST_NORMAL_001,VEICULO_TESTE_01,1431.7,24.0,49.9,20.9,12.9,29.6,40.0,6.25,14.02,68.61,NORMAL,SIMULADO
2026-09-16 15:41:05,TEST_NORMAL_001,VEICULO_TESTE_01,1437.6,24.0,49.4,22.7,13.9,28.3,41.9,7.09,14.22,68.61,NORMAL,SIMULADO
2026-09-16 15:41:06,TEST_NORMAL_001,VEICULO_TESTE_01,1409.0,24.1,50.2,22.6,12.4,27.4,42.2,6.77,14.2,68.6,NORMAL,SIMULADO
2026-09-16 15:41:07,TEST_NORMAL_001,VEICULO_TESTE_01,1433.8,24.0,49.7,24.3,11.5,28.2,45.0,7.0,14.17,68.6,NORMAL,SIMULADO
2026-09-16 15:41:08,TEST_NORMAL_001,VEICULO_TESTE_01,1280.4,24.1,50.0,24.2,12.0,30.8,39.8,6.07,14.2,68.6,NORMAL,SIMULADO
2026-09-16 15:41:09,TEST_NORMAL_001,VEICULO_TESTE_01,1427.6,24.1,49.9,27.9,15.3,28.4,39.4,6.86,14.15,68.6,NORMAL,SIMULADO
2026-09-16 15:41:10,TEST_NORMAL_001,VEICULO_TESTE_01,1480.7,24.1,49.4,18.4,12.2,28.8,40.8,6.68,14.15,68.6,NORMAL,SIMULADO
2026-09-16 15:41:11,TEST_NORMAL_001,VEICULO_TESTE_01,1404.9,24.0,50.1,24.6,15.9,28.1,41.1,6.63,14.16,68.6,NORMAL,SIMULADO
2026-09-16 15:41:12,TEST_NORMAL_001,VEICULO_TESTE_01,1359.2,24.0,50.8,23.9,15.1,27.1,43.4,7.0,14.02,68.6,NORMAL,SIMULADO
2026-09-16 15:41:13,TEST_NORMAL_001,VEICULO_TESTE_01,1376.4,24.1,51.4,26.2,15.8,27.1,43.8,5.57,14.21,68.6,NORMAL,SIMULADO
2026-09-16 15:41:14,TEST_NORMAL_001,VEICULO_TESTE_01,1418.1,24.1,50.5,30.0,13.6,29.2,41.4,6.56,14.29,68.59,NORMAL,SIMULADO
2026-09-16 15:41:15,TEST_NORMAL_001,VEICULO_TESTE_01,1428.2,24.1,51.2,24.1,13.8,28.9,36.2,7.18,14.16,68.59,NORMAL,SIMULADO
2026-09-16 15:41:16,TEST_NORMAL_001,VEICULO_TESTE_01,1473.9,24.3,50.5,24.0,10.1,28.0,36.5,6.83,14.24,68.59,NORMAL,SIMULADO
2026-09-16 15:41:17,TEST_NORMAL_001,VEICULO_TESTE_01,1412.2,24.2,52.1,28.1,13.7,29.4,45.7,6.08,14.03,68.59,NORMAL,SIMULADO
2026-09-16 15:41:18,TEST_NORMAL_001,VEICULO_TESTE_01,1314.7,24.2,51.6,29.2,15.9,30.9,38.5,5.95,14.24,68.59,NORMAL,SIMULADO
2026-09-16 15:41:19,TEST_NORMAL_001,VEICULO_TESTE_01,1346.5,24.1,52.3,25.3,17.0,28.3,45.5,6.25,14.17,68.59,NORMAL,SIMULADO
2026-09-16 15:41:20,TEST_NORMAL_001,VEICULO_TESTE_01,1389.9,24.1,51.8,23.1,14.2,27.9,41.8,6.55,14.21,68.59,NORMAL,SIMULADO
2026-09-16 15:41:21,TEST_NORMAL_001,VEICULO_TESTE_01,1479.6,24.0,53.3,31.1,17.7,29.5,42.9,6.49,14.18,68.59,NORMAL,SIMULADO
2026-09-16 15:41:22,TEST_NORMAL_001,VEICULO_TESTE_01,1390.2,24.0,52.0,20.4,12.6,26.8,41.2,6.08,14.16,68.58,NORMAL,SIMULADO
2026-09-16 15:41:23,TEST_NORMAL_001,VEICULO_TESTE_01,1294.7,24.0,53.6,23.6,10.0,28.9,37.7,6.13,14.06,68.58,NORMAL,SIMULADO
2026-09-16 15:41:24,TEST_NORMAL_001,VEICULO_TESTE_01,1260.0,23.9,53.0,29.2,14.3,30.3,42.8,6.9,14.15,68.58,NORMAL,SIMULADO
2026-09-16 15:41:25,TEST_NORMAL_001,VEICULO_TESTE_01,1445.3,24.0,52.3,18.3,13.2,28.1,41.2,6.13,14.14,68.58,NORMAL,SIMULADO
2026-09-16 15:41:26,TEST_NORMAL_001,VEICULO_TESTE_01,1415.9,24.0,53.4,23.4,15.3,28.3,41.6,6.38,14.2,68.58,NORMAL,SIMULADO
2026-09-16 15:41:27,TEST_NORMAL_001,VEICULO_TESTE_01,1464.8,24.1,53.5,26.3,16.1,28.5,42.6,6.61,14.04,68.58,NORMAL,SIMULADO
2026-09-16 15:41:28,TEST_NORMAL_001,VEICULO_TESTE_01,1509.4,24.5,54.4,39.9,21.2,28.8,49.0,7.78,14.11,68.58,NORMAL,SIMULADO
2026-09-16 15:41:29,TEST_NORMAL_001,VEICULO_TESTE_01,1634.1,25.1,51.8,32.3,21.5,27.0,45.8,6.57,14.13,68.58,NORMAL,SIMULADO
2026-09-16 15:41:30,TEST_NORMAL_001,VEICULO_TESTE_01,1617.7,25.6,53.9,35.2,22.0,28.2,47.2,7.51,14.1,68.57,NORMAL,SIMULADO
2026-09-16 15:41:31,TEST_NORMAL_001,VEICULO_TESTE_01,1544.7,26.4,55.0,37.2,22.0,29.1,50.6,6.81,14.15,68.57,NORMAL,SIMULADO
2026-09-16 15:41:32,TEST_NORMAL_001,VEICULO_TESTE_01,1714.7,27.2,53.2,38.3,26.0,27.7,51.7,7.3,14.26,68.57,NORMAL,SIMULADO
2026-09-16 15:41:33,TEST_NORMAL_001,VEICULO_TESTE_01,1687.3,27.8,54.8,39.4,22.5,29.0,49.2,8.33,14.08,68.57,NORMAL,SIMULADO
2026-09-16 15:41:34,TEST_NORMAL_001,VEICULO_TESTE_01,1740.9,28.5,54.3,33.5,19.5,28.2,48.5,6.98,14.33,68.57,NORMAL,SIMULADO
2026-09-16 15:41:35,TEST_NORMAL_001,VEICULO_TESTE_01,1734.7,29.2,54.9,34.0,20.7,31.2,50.9,8.02,14.06,68.57,NORMAL,SIMULADO
2026-09-16 15:41:36,TEST_NORMAL_001,VEICULO_TESTE_01,1671.5,30.0,53.9,40.8,23.7,27.8,52.7,7.32,14.16,68.57,NORMAL,SIMULADO
2026-09-16 15:41:37,TEST_NORMAL_001,VEICULO_TESTE_01,1756.4,30.8,54.3,42.7,23.1,30.1,53.6,8.52,14.12,68.56,NORMAL,SIMULADO
2026-09-16 15:41:38,TEST_NORMAL_001,VEICULO_TESTE_01,1865.9,31.6,54.6,38.1,23.1,27.7,49.5,8.6,14.18,68.56,NORMAL,SIMULADO
2026-09-16 15:41:39,TEST_NORMAL_001,VEICULO_TESTE_01,1831.8,32.5,56.3,40.4,27.3,27.2,54.0,8.2,14.11,68.56,NORMAL,SIMULADO
2026-09-16 15:41:40,TEST_NORMAL_001,VEICULO_TESTE_01,1817.8,33.5,55.4,35.3,22.2,28.3,46.4,8.25,14.09,68.56,NORMAL,SIMULADO
2026-09-16 15:41:41,TEST_NORMAL_001,VEICULO_TESTE_01,1836.5,34.3,56.4,36.0,22.9,28.6,52.0,8.19,14.08,68.56,NORMAL,SIMULADO
2026-09-16 15:41:42,TEST_NORMAL_001,VEICULO_TESTE_01,1852.2,35.0,55.7,37.9,22.7,28.1,43.1,8.26,14.05,68.56,NORMAL,SIMULADO
2026-09-16 15:41:43,TEST_NORMAL_001,VEICULO_TESTE_01,1890.2,35.6,54.9,30.3,21.5,29.4,49.4,8.39,14.13,68.56,NORMAL,SIMULADO
2026-09-16 15:41:44,TEST_NORMAL_001,VEICULO_TESTE_01,1964.1,36.2,55.0,33.5,21.2,28.5,47.7,8.21,14.11,68.55,NORMAL,SIMULADO
2026-09-16 15:41:45,TEST_NORMAL_001,VEICULO_TESTE_01,1801.4,36.6,56.0,32.7,19.6,28.3,46.9,7.44,14.1,68.55,NORMAL,SIMULADO
2026-09-16 15:41:46,TEST_NORMAL_001,VEICULO_TESTE_01,1701.5,37.1,56.4,33.3,21.7,29.2,51.3,7.29,14.14,68.55,NORMAL,SIMULADO
2026-09-16 15:41:47,TEST_NORMAL_001,VEICULO_TESTE_01,1715.3,37.6,55.1,31.7,19.6,29.7,48.3,8.22,14.15,68.55,NORMAL,SIMULADO
2026-09-16 15:41:48,TEST_NORMAL_001,VEICULO_TESTE_01,1870.8,38.1,56.0,32.7,25.1,29.5,52.6,8.7,14.21,68.55,NORMAL,SIMULADO
2026-09-16 15:41:49,TEST_NORMAL_001,VEICULO_TESTE_01,1918.6,38.8,57.1,35.8,22.3,29.0,48.9,7.66,14.17,68.55,NORMAL,SIMULADO
2026-09-16 15:41:50,TEST_NORMAL_001,VEICULO_TESTE_01,1921.9,39.4,55.8,37.6,24.5,30.8,53.1,8.57,14.07,68.55,NORMAL,SIMULADO
2026-09-16 15:41:51,TEST_NORMAL_001,VEICULO_TESTE_01,2047.9,40.0,56.7,43.4,25.7,29.0,55.8,8.11,14.27,68.54,NORMAL,SIMULADO
2026-09-16 15:41:52,TEST_NORMAL_001,VEICULO_TESTE_01,2025.0,40.7,56.0,37.2,24.1,29.1,51.4,8.58,14.16,68.54,NORMAL,SIMULADO
2026-09-16 15:41:53,TEST_NORMAL_001,VEICULO_TESTE_01,1970.6,41.5,57.6,36.0,22.7,28.6,47.8,8.52,14.17,68.54,NORMAL,SIMULADO
2026-09-16 15:41:54,TEST_NORMAL_001,VEICULO_TESTE_01,2145.0,42.2,57.3,40.0,25.2,28.9,54.2,9.19,14.19,68.54,NORMAL,SIMULADO
2026-09-16 15:41:55,TEST_NORMAL_001,VEICULO_TESTE_01,2024.6,43.0,58.7,42.3,25.6,30.9,49.2,9.43,14.11,68.54,NORMAL,SIMULADO
2026-09-16 15:41:56,TEST_NORMAL_001,VEICULO_TESTE_01,2081.7,43.9,57.6,43.5,28.2,27.3,55.7,9.66,14.21,68.54,NORMAL,SIMULADO
2026-09-16 15:41:57,TEST_NORMAL_001,VEICULO_TESTE_01,2044.6,44.6,58.2,40.3,22.2,27.0,50.5,9.08,14.09,68.54,NORMAL,SIMULADO
2026-09-16 15:41:58,TEST_NORMAL_001,VEICULO_TESTE_01,2030.1,45.3,58.0,40.7,23.9,29.4,50.8,9.06,14.19,68.53,NORMAL,SIMULADO
2026-09-16 15:41:59,TEST_NORMAL_001,VEICULO_TESTE_01,2080.2,45.9,57.6,34.4,23.4,28.6,49.0,8.94,13.98,68.53,NORMAL,SIMULADO
2026-09-16 15:42:00,TEST_NORMAL_001,VEICULO_TESTE_01,2037.8,46.5,59.2,32.4,25.2,27.3,49.1,8.78,14.21,68.53,NORMAL,SIMULADO
2026-09-16 15:42:01,TEST_NORMAL_001,VEICULO_TESTE_01,2075.9,46.9,58.3,36.1,23.3,29.4,49.3,9.03,14.13,68.53,NORMAL,SIMULADO
2026-09-16 15:42:02,TEST_NORMAL_001,VEICULO_TESTE_01,1980.1,47.5,57.0,33.4,22.6,28.3,47.9,8.79,14.11,68.53,NORMAL,SIMULADO
2026-09-16 15:42:03,TEST_NORMAL_001,VEICULO_TESTE_01,2111.5,48.1,58.7,42.5,25.3,29.2,52.1,9.04,14.16,68.53,NORMAL,SIMULADO
2026-09-16 15:42:04,TEST_NORMAL_001,VEICULO_TESTE_01,2372.3,49.0,58.4,40.9,28.1,29.4,52.9,9.32,14.08,68.52,NORMAL,SIMULADO
2026-09-16 15:42:05,TEST_NORMAL_001,VEICULO_TESTE_01,2285.1,49.9,58.4,47.8,28.3,29.0,54.3,10.27,14.15,68.52,NORMAL,SIMULADO
2026-09-16 15:42:06,TEST_NORMAL_001,VEICULO_TESTE_01,2320.1,50.8,58.1,41.5,29.3,29.2,53.9,9.68,14.08,68.52,NORMAL,SIMULADO
2026-09-16 15:42:07,TEST_NORMAL_001,VEICULO_TESTE_01,2178.8,51.6,59.3,39.0,27.6,30.1,49.8,9.02,14.15,68.52,NORMAL,SIMULADO
2026-09-16 15:42:08,TEST_NORMAL_001,VEICULO_TESTE_01,2292.8,52.3,60.0,34.1,25.4,28.7,48.5,9.01,14.17,68.52,NORMAL,SIMULADO
2026-09-16 15:42:09,TEST_NORMAL_001,VEICULO_TESTE_01,2131.6,52.8,59.3,46.1,26.1,28.7,52.2,8.81,14.17,68.52,NORMAL,SIMULADO
2026-09-16 15:42:10,TEST_NORMAL_001,VEICULO_TESTE_01,2297.4,53.3,60.5,42.5,28.2,27.4,54.6,9.1,14.12,68.51,NORMAL,SIMULADO
2026-09-16 15:42:11,TEST_NORMAL_001,VEICULO_TESTE_01,2305.3,53.8,59.2,39.1,25.3,29.1,49.9,8.87,14.2,68.51,NORMAL,SIMULADO
2026-09-16 15:42:12,TEST_NORMAL_001,VEICULO_TESTE_01,2399.9,54.5,59.7,42.5,29.8,29.3,56.3,9.97,14.23,68.51,NORMAL,SIMULADO
2026-09-16 15:42:13,TEST_NORMAL_001,VEICULO_TESTE_01,2457.4,55.4,61.5,40.4,28.4,29.6,54.2,9.78,14.03,68.51,NORMAL,SIMULADO
2026-09-16 15:42:14,TEST_NORMAL_001,VEICULO_TESTE_01,2485.9,56.4,61.2,44.3,30.0,28.0,57.4,10.53,14.19,68.51,NORMAL,SIMULADO
2026-09-16 15:42:15,TEST_NORMAL_001,VEICULO_TESTE_01,2370.0,57.3,59.9,51.3,27.9,27.7,52.5,9.7,14.14,68.51,NORMAL,SIMULADO
2026-09-16 15:42:16,TEST_NORMAL_001,VEICULO_TESTE_01,2359.6,58.2,60.1,46.5,29.5,29.2,53.2,10.6,14.13,68.5,NORMAL,SIMULADO
2026-09-16 15:42:17,TEST_NORMAL_001,VEICULO_TESTE_01,2513.6,59.0,61.2,39.8,30.9,28.7,54.8,10.31,14.12,68.5,NORMAL,SIMULADO
2026-09-16 15:42:18,TEST_NORMAL_001,VEICULO_TESTE_01,2461.1,59.8,60.7,39.9,30.8,28.1,54.7,10.63,13.95,68.5,NORMAL,SIMULADO
2026-09-16 15:42:19,TEST_NORMAL_001,VEICULO_TESTE_01,2483.8,60.5,60.8,38.2,23.6,26.9,50.4,10.21,14.18,68.5,NORMAL,SIMULADO
2026-09-16 15:42:20,TEST_NORMAL_001,VEICULO_TESTE_01,2499.0,61.1,59.6,39.2,26.9,28.3,52.0,9.77,14.07,68.5,NORMAL,SIMULADO
2026-09-16 15:42:21,TEST_NORMAL_001,VEICULO_TESTE_01,2509.7,61.8,60.8,42.3,25.7,28.2,56.5,9.74,14.08,68.5,NORMAL,SIMULADO
2026-09-16 15:42:22,TEST_NORMAL_001,VEICULO_TESTE_01,2515.7,62.5,61.0,44.1,30.2,27.3,56.9,10.16,14.12,68.5,NORMAL,SIMULADO
2026-09-16 15:42:23,TEST_NORMAL_001,VEICULO_TESTE_01,2498.4,63.3,61.4,40.0,26.0,29.9,55.3,9.72,14.0,68.49,NORMAL,SIMULADO
2026-09-16 15:42:24,TEST_NORMAL_001,VEICULO_TESTE_01,2485.4,64.1,60.9,45.5,30.1,27.7,57.5,10.12,14.18,68.49,NORMAL,SIMULADO
2026-09-16 15:42:25,TEST_NORMAL_001,VEICULO_TESTE_01,2700.3,64.9,61.9,51.0,36.2,29.7,62.0,10.79,14.26,68.49,NORMAL,SIMULADO
2026-09-16 15:42:26,TEST_NORMAL_001,VEICULO_TESTE_01,2591.8,65.9,62.1,44.4,28.2,31.0,54.2,10.86,14.1,68.49,NORMAL,SIMULADO
2026-09-16 15:42:27,TEST_NORMAL_001,VEICULO_TESTE_01,2551.7,66.5,61.6,35.5,23.9,28.1,48.4,9.84,14.21,68.49,NORMAL,SIMULADO
2026-09-16 15:42:28,TEST_NORMAL_001,VEICULO_TESTE_01,2452.1,66.5,60.6,31.3,20.1,28.3,47.7,9.17,14.15,68.49,NORMAL,SIMULADO
2026-09-16 15:42:29,TEST_NORMAL_001,VEICULO_TESTE_01,2455.9,66.3,62.1,31.5,21.5,28.7,48.3,10.13,14.1,68.48,NORMAL,SIMULADO
2026-09-16 15:42:30,TEST_NORMAL_001,VEICULO_TESTE_01,2442.9,65.8,61.5,31.7,20.3,29.4,44.6,9.88,14.12,68.48,NORMAL,SIMULADO
2026-09-16 15:42:31,TEST_NORMAL_001,VEICULO_TESTE_01,2370.3,65.1,62.4,39.1,22.3,27.8,50.5,9.83,14.21,68.48,NORMAL,SIMULADO
2026-09-16 15:42:32,TEST_NORMAL_001,VEICULO_TESTE_01,2401.6,64.7,60.8,35.4,20.4,28.7,48.0,9.65,14.25,68.48,NORMAL,SIMULADO
2026-09-16 15:42:33,TEST_NORMAL_001,VEICULO_TESTE_01,2352.7,64.5,62.1,30.1,20.6,30.5,45.3,8.38,14.06,68.48,NORMAL,SIMULADO
2026-09-16 15:42:34,TEST_NORMAL_001,VEICULO_TESTE_01,2305.4,64.4,62.0,29.8,20.6,30.2,45.4,9.33,14.16,68.48,NORMAL,SIMULADO
2026-09-16 15:42:35,TEST_NORMAL_001,VEICULO_TESTE_01,2287.9,64.5,63.0,29.5,19.9,28.7,47.9,8.65,14.18,68.47,NORMAL,SIMULADO
2026-09-16 15:42:36,TEST_NORMAL_001,VEICULO_TESTE_01,2346.6,64.4,62.5,29.5,23.9,30.0,46.8,9.38,14.23,68.47,NORMAL,SIMULADO
2026-09-16 15:42:37,TEST_NORMAL_001,VEICULO_TESTE_01,2405.1,64.5,62.2,26.6,20.1,28.5,47.5,8.72,14.31,68.47,NORMAL,SIMULADO
2026-09-16 15:42:38,TEST_NORMAL_001,VEICULO_TESTE_01,2377.1,64.5,63.0,33.5,24.3,30.1,50.1,8.93,14.18,68.47,NORMAL,SIMULADO
2026-09-16 15:42:39,TEST_NORMAL_001,VEICULO_TESTE_01,2390.6,64.6,63.3,24.2,17.5,30.5,44.0,8.62,14.13,68.47,NORMAL,SIMULADO
2026-09-16 15:42:40,TEST_NORMAL_001,VEICULO_TESTE_01,2247.4,64.6,62.4,28.9,20.5,29.2,47.0,7.8,14.09,68.47,NORMAL,SIMULADO
2026-09-16 15:42:41,TEST_NORMAL_001,VEICULO_TESTE_01,2364.0,64.5,62.9,29.3,20.6,30.1,47.4,8.6,14.25,68.47,NORMAL,SIMULADO
2026-09-16 15:42:42,TEST_NORMAL_001,VEICULO_TESTE_01,2297.3,64.4,62.2,37.3,20.6,31.5,47.3,8.36,14.18,68.46,NORMAL,SIMULADO
2026-09-16 15:42:43,TEST_NORMAL_001,VEICULO_TESTE_01,2526.7,64.4,63.7,32.4,22.7,30.2,43.9,9.57,14.12,68.46,NORMAL,SIMULADO
2026-09-16 15:42:44,TEST_NORMAL_001,VEICULO_TESTE_01,2383.1,64.4,62.9,30.0,20.7,29.6,49.0,9.61,14.35,68.46,NORMAL,SIMULADO
2026-09-16 15:42:45,TEST_NORMAL_001,VEICULO_TESTE_01,2422.8,64.3,64.2,29.0,20.3,28.5,47.5,8.8,14.19,68.46,NORMAL,SIMULADO
2026-09-16 15:42:46,TEST_NORMAL_001,VEICULO_TESTE_01,2329.8,64.3,63.2,26.6,19.7,31.4,44.1,8.76,14.15,68.46,NORMAL,SIMULADO
2026-09-16 15:42:47,TEST_NORMAL_001,VEICULO_TESTE_01,2396.1,64.3,64.9,29.5,19.5,28.0,46.1,9.74,14.22,68.46,NORMAL,SIMULADO
2026-09-16 15:42:48,TEST_NORMAL_001,VEICULO_TESTE_01,2485.1,64.3,64.1,36.8,21.1,30.2,48.1,10.26,14.07,68.45,NORMAL,SIMULADO
2026-09-16 15:42:49,TEST_NORMAL_001,VEICULO_TESTE_01,2303.6,64.3,64.4,28.8,17.9,29.2,46.4,8.79,14.21,68.45,NORMAL,SIMULADO
2026-09-16 15:42:50,TEST_NORMAL_001,VEICULO_TESTE_01,2334.4,64.3,64.0,30.4,18.9,28.1,45.3,9.94,14.25,68.45,NORMAL,SIMULADO
2026-09-16 15:42:51,TEST_NORMAL_001,VEICULO_TESTE_01,2430.3,64.3,64.4,35.2,22.2,29.5,48.8,9.56,14.23,68.45,NORMAL,SIMULADO
2026-09-16 15:42:52,TEST_NORMAL_001,VEICULO_TESTE_01,2323.7,64.3,64.8,28.8,19.9,28.8,48.1,8.88,14.17,68.45,NORMAL,SIMULADO
2026-09-16 15:42:53,TEST_NORMAL_001,VEICULO_TESTE_01,2439.0,64.3,64.4,30.8,22.8,28.6,49.6,8.89,14.13,68.45,NORMAL,SIMULADO
2026-09-16 15:42:54,TEST_NORMAL_001,VEICULO_TESTE_01,2328.4,64.4,65.4,23.2,19.3,30.0,49.1,8.48,14.06,68.45,NORMAL,SIMULADO
2026-09-16 15:42:55,TEST_NORMAL_001,VEICULO_TESTE_01,2492.2,64.4,65.5,28.0,21.2,30.4,50.0,9.25,14.16,68.44,NORMAL,SIMULADO
2026-09-16 15:42:56,TEST_NORMAL_001,VEICULO_TESTE_01,2349.2,64.4,64.1,30.7,18.3,29.7,47.0,9.59,14.32,68.44,NORMAL,SIMULADO
2026-09-16 15:42:57,TEST_NORMAL_001,VEICULO_TESTE_01,2385.2,64.4,65.0,27.3,22.0,29.2,50.9,8.62,14.14,68.44,NORMAL,SIMULADO
2026-09-16 15:42:58,TEST_NORMAL_001,VEICULO_TESTE_01,2398.5,64.3,65.1,26.5,20.2,29.5,49.7,9.35,14.3,68.44,NORMAL,SIMULADO
2026-09-16 15:42:59,TEST_NORMAL_001,VEICULO_TESTE_01,2385.8,64.4,64.5,30.2,20.6,30.2,49.5,9.45,14.22,68.44,NORMAL,SIMULADO
2026-09-16 15:43:00,TEST_NORMAL_001,VEICULO_TESTE_01,2352.1,64.4,64.7,25.9,17.4,28.4,44.1,9.3,14.01,68.44,NORMAL,SIMULADO
2026-09-16 15:43:01,TEST_NORMAL_001,VEICULO_TESTE_01,2414.9,64.4,66.4,39.4,21.0,29.0,50.0,9.78,14.17,68.43,NORMAL,SIMULADO
2026-09-16 15:43:02,TEST_NORMAL_001,VEICULO_TESTE_01,2395.9,64.4,66.7,26.3,22.9,29.4,49.4,8.25,14.14,68.43,NORMAL,SIMULADO
2026-09-16 15:43:03,TEST_NORMAL_001,VEICULO_TESTE_01,2511.2,64.5,65.4,28.6,16.5,29.9,45.2,8.96,14.2,68.43,NORMAL,SIMULADO
2026-09-16 15:43:04,TEST_NORMAL_001,VEICULO_TESTE_01,2324.0,64.5,66.0,28.0,18.2,28.5,47.6,9.5,14.02,68.43,NORMAL,SIMULADO
2026-09-16 15:43:05,TEST_NORMAL_001,VEICULO_TESTE_01,2304.5,64.4,66.4,30.1,19.4,31.2,48.6,9.75,14.12,68.43,NORMAL,SIMULADO
2026-09-16 15:43:06,TEST_NORMAL_001,VEICULO_TESTE_01,2326.8,64.4,66.5,30.4,20.6,27.4,44.1,9.04,14.19,68.43,NORMAL,SIMULADO
2026-09-16 15:43:07,TEST_NORMAL_001,VEICULO_TESTE_01,2338.6,64.3,65.9,35.8,22.9,30.2,48.4,9.5,14.08,68.43,NORMAL,SIMULADO
2026-09-16 15:43:08,TEST_NORMAL_001,VEICULO_TESTE_01,2292.1,64.3,66.0,34.3,21.8,29.2,50.4,9.09,14.3,68.42,NORMAL,SIMULADO
2026-09-16 15:43:09,TEST_NORMAL_001,VEICULO_TESTE_01,2420.1,64.3,66.2,28.5,22.1,31.0,46.3,9.22,14.23,68.42,NORMAL,SIMULADO
2026-09-16 15:43:10,TEST_NORMAL_001,VEICULO_TESTE_01,2373.5,64.4,66.3,32.7,22.5,28.5,46.8,9.43,14.18,68.42,NORMAL,SIMULADO
2026-09-16 15:43:11,TEST_NORMAL_001,VEICULO_TESTE_01,2341.1,64.4,65.8,26.8,21.2,29.3,46.5,8.87,14.12,68.42,NORMAL,SIMULADO
2026-09-16 15:43:12,TEST_NORMAL_001,VEICULO_TESTE_01,2343.0,64.5,66.9,27.0,20.8,28.4,50.8,9.01,14.11,68.42,NORMAL,SIMULADO
2026-09-16 15:43:13,TEST_NORMAL_001,VEICULO_TESTE_01,2380.2,64.5,67.2,27.3,20.2,31.5,49.1,9.07,14.38,68.42,NORMAL,SIMULADO
2026-09-16 15:43:14,TEST_NORMAL_001,VEICULO_TESTE_01,2376.6,64.5,67.2,30.7,20.8,28.0,45.5,9.04,14.17,68.41,NORMAL,SIMULADO
2026-09-16 15:43:15,TEST_NORMAL_001,VEICULO_TESTE_01,2379.6,64.5,66.7,33.4,22.4,28.7,48.4,8.96,14.15,68.41,NORMAL,SIMULADO
2026-09-16 15:43:16,TEST_NORMAL_001,VEICULO_TESTE_01,2360.0,64.5,67.4,27.8,17.8,28.1,45.3,7.57,14.04,68.41,NORMAL,SIMULADO
2026-09-16 15:43:17,TEST_NORMAL_001,VEICULO_TESTE_01,2442.4,64.4,66.8,29.4,19.7,28.3,48.0,8.54,14.1,68.41,NORMAL,SIMULADO
2026-09-16 15:43:18,TEST_NORMAL_001,VEICULO_TESTE_01,2281.4,64.3,66.9,32.7,20.2,27.8,47.7,9.35,14.23,68.41,NORMAL,SIMULADO
2026-09-16 15:43:19,TEST_NORMAL_001,VEICULO_TESTE_01,2279.7,64.3,67.1,28.9,19.4,31.7,46.1,8.94,14.08,68.41,NORMAL,SIMULADO
2026-09-16 15:43:20,TEST_NORMAL_001,VEICULO_TESTE_01,2296.8,64.3,68.8,33.4,18.1,29.3,46.0,8.92,14.1,68.41,NORMAL,SIMULADO
2026-09-16 15:43:21,TEST_NORMAL_001,VEICULO_TESTE_01,2339.1,64.3,67.1,28.4,20.3,30.3,45.3,9.01,14.18,68.4,NORMAL,SIMULADO
2026-09-16 15:43:22,TEST_NORMAL_001,VEICULO_TESTE_01,2422.4,64.4,67.4,27.3,17.3,30.6,43.4,9.21,14.14,68.4,NORMAL,SIMULADO
2026-09-16 15:43:23,TEST_NORMAL_001,VEICULO_TESTE_01,2293.7,64.5,67.8,34.0,18.8,27.9,47.1,9.17,14.09,68.4,NORMAL,SIMULADO
2026-09-16 15:43:24,TEST_NORMAL_001,VEICULO_TESTE_01,2461.3,64.5,68.0,33.6,20.1,29.7,46.9,8.87,14.27,68.4,NORMAL,SIMULADO
2026-09-16 15:43:25,TEST_NORMAL_001,VEICULO_TESTE_01,2382.8,64.5,67.9,26.5,20.8,28.7,48.1,8.74,14.25,68.4,NORMAL,SIMULADO
2026-09-16 15:43:26,TEST_NORMAL_001,VEICULO_TESTE_01,2414.7,64.5,67.2,27.1,15.6,28.8,47.2,9.39,14.1,68.4,NORMAL,SIMULADO
2026-09-16 15:43:27,TEST_NORMAL_001,VEICULO_TESTE_01,2329.1,64.4,68.4,28.7,17.5,30.9,45.7,9.16,14.02,68.39,NORMAL,SIMULADO
2026-09-16 15:43:28,TEST_NORMAL_001,VEICULO_TESTE_01,2398.6,64.3,67.9,30.6,20.9,28.2,46.1,8.94,14.15,68.39,NORMAL,SIMULADO
2026-09-16 15:43:29,TEST_NORMAL_001,VEICULO_TESTE_01,2296.4,64.3,68.3,35.5,22.9,30.2,51.3,9.55,14.17,68.39,NORMAL,SIMULADO
2026-09-16 15:43:30,TEST_NORMAL_001,VEICULO_TESTE_01,2381.4,64.3,68.7,29.9,19.2,29.7,46.1,8.78,14.09,68.39,NORMAL,SIMULADO
2026-09-16 15:43:31,TEST_NORMAL_001,VEICULO_TESTE_01,2375.4,64.3,67.9,26.5,22.3,30.8,46.1,8.84,14.29,68.39,NORMAL,SIMULADO
2026-09-16 15:43:32,TEST_NORMAL_001,VEICULO_TESTE_01,2351.2,64.4,67.7,32.6,17.1,31.1,43.9,9.41,14.14,68.39,NORMAL,SIMULADO
2026-09-16 15:43:33,TEST_NORMAL_001,VEICULO_TESTE_01,2375.3,64.4,68.5,26.4,18.6,31.8,45.6,7.9,14.06,68.39,NORMAL,SIMULADO
2026-09-16 15:43:34,TEST_NORMAL_001,VEICULO_TESTE_01,2427.5,64.4,67.5,31.1,20.9,29.6,48.2,9.11,13.94,68.38,NORMAL,SIMULADO
2026-09-16 15:43:35,TEST_NORMAL_001,VEICULO_TESTE_01,2385.1,64.4,69.1,32.4,21.5,30.8,45.5,8.89,14.15,68.38,NORMAL,SIMULADO
2026-09-16 15:43:36,TEST_NORMAL_001,VEICULO_TESTE_01,2403.1,64.5,67.4,27.1,19.3,29.9,42.7,8.86,14.16,68.38,NORMAL,SIMULADO
2026-09-16 15:43:37,TEST_NORMAL_001,VEICULO_TESTE_01,2341.8,64.4,68.6,29.5,21.3,28.7,46.8,9.09,14.14,68.38,NORMAL,SIMULADO
2026-09-16 15:43:38,TEST_NORMAL_001,VEICULO_TESTE_01,2424.9,64.4,68.6,31.7,22.4,27.4,46.2,9.06,14.16,68.38,NORMAL,SIMULADO
2026-09-16 15:43:39,TEST_NORMAL_001,VEICULO_TESTE_01,2393.0,64.4,68.9,31.3,21.1,30.8,48.1,8.63,14.12,68.38,NORMAL,SIMULADO
2026-09-16 15:43:40,TEST_NORMAL_001,VEICULO_TESTE_01,2388.1,64.4,68.4,27.8,21.5,28.3,44.7,8.39,14.26,68.37,NORMAL,SIMULADO
2026-09-16 15:43:41,TEST_NORMAL_001,VEICULO_TESTE_01,2421.9,64.4,69.4,27.1,19.3,29.6,46.6,8.83,14.2,68.37,NORMAL,SIMULADO
2026-09-16 15:43:42,TEST_NORMAL_001,VEICULO_TESTE_01,2384.7,64.4,69.5,28.3,22.2,30.3,48.7,9.94,13.96,68.37,NORMAL,SIMULADO
2026-09-16 15:43:43,TEST_NORMAL_001,VEICULO_TESTE_01,2506.3,64.4,70.0,33.0,21.8,30.8,51.6,8.76,14.22,68.37,NORMAL,SIMULADO
2026-09-16 15:43:44,TEST_NORMAL_001,VEICULO_TESTE_01,2462.8,64.5,69.6,32.6,20.6,27.7,48.9,9.07,14.23,68.37,NORMAL,SIMULADO
2026-09-16 15:43:45,TEST_NORMAL_001,VEICULO_TESTE_01,2346.6,64.5,70.0,26.4,19.8,28.2,44.3,8.5,14.12,68.37,NORMAL,SIMULADO
2026-09-16 15:43:46,TEST_NORMAL_001,VEICULO_TESTE_01,2341.4,64.4,69.7,33.0,20.4,30.4,48.3,9.03,14.11,68.37,NORMAL,SIMULADO
2026-09-16 15:43:47,TEST_NORMAL_001,VEICULO_TESTE_01,2331.9,64.4,68.6,27.8,19.6,30.3,42.2,8.56,14.17,68.36,NORMAL,SIMULADO
2026-09-16 15:43:48,TEST_NORMAL_001,VEICULO_TESTE_01,2421.6,64.4,69.5,32.3,20.5,28.4,49.4,9.85,14.25,68.36,NORMAL,SIMULADO
2026-09-16 15:43:49,TEST_NORMAL_001,VEICULO_TESTE_01,2449.6,64.1,70.1,28.0,19.8,28.9,46.9,8.77,14.06,68.36,NORMAL,SIMULADO
2026-09-16 15:43:50,TEST_NORMAL_001,VEICULO_TESTE_01,2314.0,63.5,70.7,34.6,24.9,29.4,49.1,9.63,14.04,68.36,NORMAL,SIMULADO
2026-09-16 15:43:51,TEST_NORMAL_001,VEICULO_TESTE_01,2358.9,62.6,69.8,31.3,18.9,30.3,47.2,9.16,14.35,68.36,NORMAL,SIMULADO
2026-09-16 15:43:52,TEST_NORMAL_001,VEICULO_TESTE_01,2188.1,61.4,69.7,30.6,15.4,28.6,43.6,8.39,14.06,68.36,NORMAL,SIMULADO
2026-09-16 15:43:53,TEST_NORMAL_001,VEICULO_TESTE_01,2134.6,60.0,70.3,26.7,18.3,29.2,41.6,8.17,14.05,68.35,NORMAL,SIMULADO
2026-09-16 15:43:54,TEST_NORMAL_001,VEICULO_TESTE_01,2177.4,58.9,70.5,28.8,21.2,29.7,47.8,8.1,14.13,68.35,NORMAL,SIMULADO
2026-09-16 15:43:55,TEST_NORMAL_001,VEICULO_TESTE_01,2186.8,57.7,71.1,26.8,18.7,31.1,42.7,8.4,14.06,68.35,NORMAL,SIMULADO
2026-09-16 15:43:56,TEST_NORMAL_001,VEICULO_TESTE_01,2128.2,56.7,70.7,27.9,18.7,27.4,47.5,9.03,13.96,68.35,NORMAL,SIMULADO
2026-09-16 15:43:57,TEST_NORMAL_001,VEICULO_TESTE_01,2086.6,55.7,71.0,29.6,16.0,30.0,46.3,8.35,14.04,68.35,NORMAL,SIMULADO
2026-09-16 15:43:58,TEST_NORMAL_001,VEICULO_TESTE_01,1983.9,54.6,70.1,26.5,19.6,29.7,44.7,7.61,14.17,68.35,NORMAL,SIMULADO
2026-09-16 15:43:59,TEST_NORMAL_001,VEICULO_TESTE_01,2207.6,53.4,71.1,25.9,19.3,29.5,45.2,7.99,14.05,68.35,NORMAL,SIMULADO
2026-09-16 15:44:00,TEST_NORMAL_001,VEICULO_TESTE_01,2115.0,52.2,70.4,31.5,20.1,29.2,45.0,8.37,14.12,68.34,NORMAL,SIMULADO
2026-09-16 15:44:01,TEST_NORMAL_001,VEICULO_TESTE_01,2012.6,50.9,70.4,26.6,15.3,28.0,41.7,8.21,14.23,68.34,NORMAL,SIMULADO
2026-09-16 15:44:02,TEST_NORMAL_001,VEICULO_TESTE_01,2049.2,49.7,71.1,24.8,16.7,30.3,43.8,7.78,14.22,68.34,NORMAL,SIMULADO
2026-09-16 15:44:03,TEST_NORMAL_001,VEICULO_TESTE_01,2072.9,48.4,70.8,23.5,17.6,28.7,45.1,8.15,14.31,68.34,NORMAL,SIMULADO
2026-09-16 15:44:04,TEST_NORMAL_001,VEICULO_TESTE_01,1899.8,47.2,71.7,26.2,20.8,31.0,44.5,7.15,13.98,68.34,NORMAL,SIMULADO
2026-09-16 15:44:05,TEST_NORMAL_001,VEICULO_TESTE_01,1863.0,45.9,70.9,30.7,21.2,30.2,47.8,8.02,14.09,68.34,NORMAL,SIMULADO
2026-09-16 15:44:06,TEST_NORMAL_001,VEICULO_TESTE_01,1912.8,44.6,71.2,31.0,19.3,30.9,47.1,8.75,14.12,68.34,NORMAL,SIMULADO
2026-09-16 15:44:07,TEST_NORMAL_001,VEICULO_TESTE_01,1767.8,43.5,71.4,30.5,18.6,29.2,46.1,7.3,14.11,68.33,NORMAL,SIMULADO
2026-09-16 15:44:08,TEST_NORMAL_001,VEICULO_TESTE_01,1830.0,42.4,71.2,34.7,21.1,29.1,48.8,7.6,14.28,68.33,NORMAL,SIMULADO
2026-09-16 15:44:09,TEST_NORMAL_001,VEICULO_TESTE_01,1813.6,41.5,71.9,30.2,16.7,27.3,44.3,8.33,14.05,68.33,NORMAL,SIMULADO
2026-09-16 15:44:10,TEST_NORMAL_001,VEICULO_TESTE_01,1786.4,40.9,71.8,26.9,15.9,28.7,45.1,7.17,14.22,68.33,NORMAL,SIMULADO
2026-09-16 15:44:11,TEST_NORMAL_001,VEICULO_TESTE_01,1793.1,40.5,71.8,27.1,15.0,29.9,39.5,7.48,14.44,68.33,NORMAL,SIMULADO
2026-09-16 15:44:12,TEST_NORMAL_001,VEICULO_TESTE_01,1736.1,40.2,72.2,28.4,18.3,30.4,45.5,7.92,14.13,68.33,NORMAL,SIMULADO
2026-09-16 15:44:13,TEST_NORMAL_001,VEICULO_TESTE_01,1842.8,40.1,72.5,27.4,17.8,29.8,45.3,7.77,14.21,68.33,NORMAL,SIMULADO
2026-09-16 15:44:14,TEST_NORMAL_001,VEICULO_TESTE_01,1828.8,40.1,72.2,31.8,16.9,29.6,45.0,7.9,14.03,68.32,NORMAL,SIMULADO
2026-09-16 15:44:15,TEST_NORMAL_001,VEICULO_TESTE_01,1870.4,40.1,71.8,29.5,22.0,29.2,45.4,7.34,14.3,68.32,NORMAL,SIMULADO
2026-09-16 15:44:16,TEST_NORMAL_001,VEICULO_TESTE_01,1712.2,40.1,72.0,26.0,15.7,26.7,39.6,7.43,14.14,68.32,NORMAL,SIMULADO
2026-09-16 15:44:17,TEST_NORMAL_001,VEICULO_TESTE_01,1858.9,40.2,72.6,27.1,17.7,28.3,43.5,7.47,14.21,68.32,NORMAL,SIMULADO
2026-09-16 15:44:18,TEST_NORMAL_001,VEICULO_TESTE_01,1795.4,40.2,72.6,29.4,16.8,27.9,43.5,7.88,14.04,68.32,NORMAL,SIMULADO
2026-09-16 15:44:19,TEST_NORMAL_001,VEICULO_TESTE_01,1681.4,40.2,72.5,28.0,13.4,28.7,40.4,7.28,14.16,68.32,NORMAL,SIMULADO
2026-09-16 15:44:20,TEST_NORMAL_001,VEICULO_TESTE_01,1726.9,40.2,72.5,27.9,17.4,29.0,45.5,7.61,14.06,68.32,NORMAL,SIMULADO
2026-09-16 15:44:21,TEST_NORMAL_001,VEICULO_TESTE_01,1776.5,40.2,73.0,35.6,20.0,31.4,45.9,8.04,14.14,68.32,NORMAL,SIMULADO
2026-09-16 15:44:22,TEST_NORMAL_001,VEICULO_TESTE_01,1731.7,40.3,72.0,25.5,18.2,30.3,44.5,7.19,13.94,68.31,NORMAL,SIMULADO
2026-09-16 15:44:23,TEST_NORMAL_001,VEICULO_TESTE_01,1809.0,40.3,72.0,26.8,16.4,29.8,46.2,7.83,14.15,68.31,NORMAL,SIMULADO
2026-09-16 15:44:24,TEST_NORMAL_001,VEICULO_TESTE_01,1687.3,40.3,72.4,24.9,16.6,30.4,42.2,6.85,14.15,68.31,NORMAL,SIMULADO
2026-09-16 15:44:25,TEST_NORMAL_001,VEICULO_TESTE_01,1748.4,40.4,71.6,29.3,17.7,31.3,43.2,7.04,14.08,68.31,NORMAL,SIMULADO
2026-09-16 15:44:26,TEST_NORMAL_001,VEICULO_TESTE_01,1785.3,40.3,72.7,29.5,16.4,28.1,41.1,8.26,14.18,68.31,NORMAL,SIMULADO
2026-09-16 15:44:27,TEST_NORMAL_001,VEICULO_TESTE_01,1788.7,40.3,72.2,29.7,20.9,28.3,47.7,7.64,14.2,68.31,NORMAL,SIMULADO
2026-09-16 15:44:28,TEST_NORMAL_001,VEICULO_TESTE_01,1811.6,40.3,72.5,20.7,16.1,30.0,42.6,7.79,14.07,68.31,NORMAL,SIMULADO
2026-09-16 15:44:29,TEST_NORMAL_001,VEICULO_TESTE_01,1841.1,40.2,73.7,27.1,16.4,28.9,39.4,6.81,14.18,68.3,NORMAL,SIMULADO
2026-09-16 15:44:30,TEST_NORMAL_001,VEICULO_TESTE_01,1821.4,40.2,73.9,20.9,14.2,28.3,45.1,7.67,14.04,68.3,NORMAL,SIMULADO
2026-09-16 15:44:31,TEST_NORMAL_001,VEICULO_TESTE_01,1838.4,40.2,73.7,30.0,14.7,29.4,45.5,8.71,14.11,68.3,NORMAL,SIMULADO
2026-09-16 15:44:32,TEST_NORMAL_001,VEICULO_TESTE_01,1839.9,40.2,74.5,30.2,18.8,29.1,45.7,8.24,14.24,68.3,NORMAL,SIMULADO
2026-09-16 15:44:33,TEST_NORMAL_001,VEICULO_TESTE_01,1827.8,40.2,73.8,26.4,17.7,28.4,46.2,8.3,14.18,68.3,NORMAL,SIMULADO
2026-09-16 15:44:34,TEST_NORMAL_001,VEICULO_TESTE_01,1828.9,40.4,72.4,35.6,19.2,30.6,46.4,8.3,14.18,68.3,NORMAL,SIMULADO
2026-09-16 15:44:35,TEST_NORMAL_001,VEICULO_TESTE_01,1821.5,40.8,73.7,32.8,20.7,29.6,46.7,7.18,14.07,68.3,NORMAL,SIMULADO
2026-09-16 15:44:36,TEST_NORMAL_001,VEICULO_TESTE_01,1930.0,41.3,74.6,38.2,20.6,29.3,48.5,8.7,14.19,68.29,NORMAL,SIMULADO
2026-09-16 15:44:37,TEST_NORMAL_001,VEICULO_TESTE_01,2112.0,42.2,73.8,41.3,26.7,29.7,53.6,9.09,14.11,68.29,NORMAL,SIMULADO
2026-09-16 15:44:38,TEST_NORMAL_001,VEICULO_TESTE_01,2000.7,43.2,75.0,46.4,28.8,31.6,56.2,8.24,14.15,68.29,NORMAL,SIMULADO
2026-09-16 15:44:39,TEST_NORMAL_001,VEICULO_TESTE_01,2227.8,44.1,74.2,43.0,25.9,29.1,57.4,8.64,14.11,68.29,NORMAL,SIMULADO
2026-09-16 15:44:40,TEST_NORMAL_001,VEICULO_TESTE_01,2161.0,45.1,73.9,44.3,27.3,30.5,54.4,9.34,14.07,68.29,NORMAL,SIMULADO
2026-09-16 15:44:41,TEST_NORMAL_001,VEICULO_TESTE_01,2271.7,46.1,74.1,37.7,25.2,29.0,53.9,9.06,14.13,68.29,NORMAL,SIMULADO
2026-09-16 15:44:42,TEST_NORMAL_001,VEICULO_TESTE_01,2267.9,47.0,73.9,39.7,28.2,30.5,53.5,9.79,14.08,68.29,NORMAL,SIMULADO
2026-09-16 15:44:43,TEST_NORMAL_001,VEICULO_TESTE_01,2194.7,48.1,74.9,50.0,32.0,31.3,55.6,10.49,14.14,68.28,NORMAL,SIMULADO
2026-09-16 15:44:44,TEST_NORMAL_001,VEICULO_TESTE_01,2266.0,49.3,74.8,43.9,30.1,29.6,56.8,9.81,14.21,68.28,NORMAL,SIMULADO
2026-09-16 15:44:45,TEST_NORMAL_001,VEICULO_TESTE_01,2428.7,50.4,74.9,44.9,27.1,30.4,54.1,10.08,14.09,68.28,NORMAL,SIMULADO
2026-09-16 15:44:46,TEST_NORMAL_001,VEICULO_TESTE_01,2383.5,51.5,73.4,48.1,31.5,30.0,57.6,9.78,14.14,68.28,NORMAL,SIMULADO
2026-09-16 15:44:47,TEST_NORMAL_001,VEICULO_TESTE_01,2235.3,52.4,74.9,41.9,27.0,29.0,55.6,10.12,14.19,68.28,NORMAL,SIMULADO
2026-09-16 15:44:48,TEST_NORMAL_001,VEICULO_TESTE_01,2238.9,53.2,75.0,41.8,25.1,30.5,52.4,9.13,14.24,68.28,NORMAL,SIMULADO
2026-09-16 15:44:49,TEST_NORMAL_001,VEICULO_TESTE_01,2310.4,53.8,74.7,36.2,26.3,30.2,54.2,8.48,14.23,68.27,NORMAL,SIMULADO
2026-09-16 15:44:50,TEST_NORMAL_001,VEICULO_TESTE_01,2207.9,54.3,74.5,39.6,26.5,30.6,55.6,9.43,14.13,68.27,NORMAL,SIMULADO
2026-09-16 15:44:51,TEST_NORMAL_001,VEICULO_TESTE_01,2366.4,54.8,76.3,32.0,25.6,28.7,55.4,9.18,14.28,68.27,NORMAL,SIMULADO
2026-09-16 15:44:52,TEST_NORMAL_001,VEICULO_TESTE_01,2324.8,55.4,75.2,39.9,24.7,30.6,52.0,9.86,14.18,68.27,NORMAL,SIMULADO
2026-09-16 15:44:53,TEST_NORMAL_001,VEICULO_TESTE_01,2377.0,56.0,75.6,37.4,25.1,29.3,48.4,9.42,14.17,68.27,NORMAL,SIMULADO
2026-09-16 15:44:54,TEST_NORMAL_001,VEICULO_TESTE_01,2246.9,56.6,74.7,40.0,28.3,29.9,53.0,9.08,14.26,68.27,NORMAL,SIMULADO
2026-09-16 15:44:55,TEST_NORMAL_001,VEICULO_TESTE_01,2474.1,57.3,75.6,41.3,29.0,30.7,56.5,10.31,14.08,68.26,NORMAL,SIMULADO
2026-09-16 15:44:56,TEST_NORMAL_001,VEICULO_TESTE_01,2516.0,58.0,75.0,41.3,27.1,30.3,51.4,10.4,14.24,68.26,NORMAL,SIMULADO
2026-09-16 15:44:57,TEST_NORMAL_001,VEICULO_TESTE_01,2392.0,58.7,76.2,34.2,22.8,30.1,49.7,8.89,14.08,68.26,NORMAL,SIMULADO
2026-09-16 15:44:58,TEST_NORMAL_001,VEICULO_TESTE_01,2427.8,59.3,75.1,38.5,25.8,29.2,50.4,9.7,14.03,68.26,NORMAL,SIMULADO
2026-09-16 15:44:59,TEST_NORMAL_001,VEICULO_TESTE_01,2340.6,59.8,75.1,39.4,28.4,29.5,52.8,9.58,14.08,68.26,NORMAL,SIMULADO
2026-09-16 15:45:00,TEST_NORMAL_001,VEICULO_TESTE_01,2420.5,60.4,75.0,40.0,27.5,30.1,52.4,9.7,14.35,68.26,NORMAL,SIMULADO
2026-09-16 15:45:01,TEST_NORMAL_001,VEICULO_TESTE_01,2381.0,60.9,75.3,33.2,25.5,28.9,51.3,8.85,14.3,68.25,NORMAL,SIMULADO
2026-09-16 15:45:02,TEST_NORMAL_001,VEICULO_TESTE_01,2563.3,61.4,74.9,43.3,27.9,30.1,55.1,11.26,14.22,68.25,NORMAL,SIMULADO
2026-09-16 15:45:03,TEST_NORMAL_001,VEICULO_TESTE_01,2437.3,61.9,75.5,37.7,24.4,30.4,52.6,8.91,14.28,68.25,NORMAL,SIMULADO
2026-09-16 15:45:04,TEST_NORMAL_001,VEICULO_TESTE_01,2428.0,62.5,75.9,42.6,27.0,31.0,55.1,10.34,14.13,68.25,NORMAL,SIMULADO
2026-09-16 15:45:05,TEST_NORMAL_001,VEICULO_TESTE_01,2413.5,63.0,76.0,39.5,26.0,30.2,51.5,8.77,14.2,68.25,NORMAL,SIMULADO
2026-09-16 15:45:06,TEST_NORMAL_001,VEICULO_TESTE_01,2431.5,63.7,75.7,39.9,28.4,29.2,53.4,9.75,14.21,68.25,NORMAL,SIMULADO
2026-09-16 15:45:07,TEST_NORMAL_001,VEICULO_TESTE_01,2629.7,64.4,75.4,39.5,27.0,29.8,52.0,9.99,14.23,68.24,NORMAL,SIMULADO
2026-09-16 15:45:08,TEST_NORMAL_001,VEICULO_TESTE_01,2534.7,65.2,76.8,36.8,27.1,29.2,51.7,9.31,14.12,68.24,NORMAL,SIMULADO
2026-09-16 15:45:09,TEST_NORMAL_001,VEICULO_TESTE_01,2680.4,66.1,76.9,47.8,32.3,29.4,58.5,10.58,14.09,68.24,NORMAL,SIMULADO
2026-09-16 15:45:10,TEST_NORMAL_001,VEICULO_TESTE_01,2759.1,66.9,76.5,47.8,32.7,30.5,60.5,11.37,14.26,68.24,NORMAL,SIMULADO
2026-09-16 15:45:11,TEST_NORMAL_001,VEICULO_TESTE_01,2584.8,67.8,76.3,44.5,28.3,30.4,55.4,10.35,14.09,68.24,NORMAL,SIMULADO
2026-09-16 15:45:12,TEST_NORMAL_001,VEICULO_TESTE_01,2712.3,68.6,76.3,40.4,28.8,29.2,57.0,11.23,14.17,68.24,NORMAL,SIMULADO
2026-09-16 15:45:13,TEST_NORMAL_001,VEICULO_TESTE_01,2779.9,69.5,77.2,48.0,29.2,29.6,58.7,11.48,14.12,68.23,NORMAL,SIMULADO
2026-09-16 15:45:14,TEST_NORMAL_001,VEICULO_TESTE_01,2745.2,70.4,76.8,45.1,28.8,28.9,51.4,10.72,14.09,68.23,NORMAL,SIMULADO
2026-09-16 15:45:15,TEST_NORMAL_001,VEICULO_TESTE_01,2688.7,71.3,76.8,43.9,28.3,31.3,54.6,10.79,14.11,68.23,NORMAL,SIMULADO
2026-09-16 15:45:16,TEST_NORMAL_001,VEICULO_TESTE_01,2788.9,72.0,77.2,41.1,29.0,30.2,56.0,10.3,14.25,68.23,NORMAL,SIMULADO
2026-09-16 15:45:17,TEST_NORMAL_001,VEICULO_TESTE_01,2712.7,72.6,77.1,44.2,26.4,28.2,54.7,11.2,14.14,68.23,NORMAL,SIMULADO
2026-09-16 15:45:18,TEST_NORMAL_001,VEICULO_TESTE_01,2624.3,73.0,76.8,34.1,25.6,29.9,50.8,9.6,14.09,68.23,NORMAL,SIMULADO
2026-09-16 15:45:19,TEST_NORMAL_001,VEICULO_TESTE_01,2566.5,73.2,76.5,32.8,24.1,28.7,50.8,9.29,14.17,68.22,NORMAL,SIMULADO
2026-09-16 15:45:20,TEST_NORMAL_001,VEICULO_TESTE_01,2559.1,73.2,76.4,35.8,23.6,30.3,48.9,9.63,14.14,68.22,NORMAL,SIMULADO
2026-09-16 15:45:21,TEST_NORMAL_001,VEICULO_TESTE_01,2667.3,73.2,76.4,28.2,20.0,29.8,44.6,9.33,14.11,68.22,NORMAL,SIMULADO
2026-09-16 15:45:22,TEST_NORMAL_001,VEICULO_TESTE_01,2516.8,73.2,76.9,30.4,22.2,30.1,48.9,8.95,14.18,68.22,NORMAL,SIMULADO
2026-09-16 15:45:23,TEST_NORMAL_001,VEICULO_TESTE_01,2691.8,73.3,76.4,36.3,23.7,29.7,48.7,10.43,14.04,68.22,NORMAL,SIMULADO
2026-09-16 15:45:24,TEST_NORMAL_001,VEICULO_TESTE_01,2650.7,73.3,75.7,32.6,20.7,30.1,47.9,9.46,14.07,68.22,NORMAL,SIMULADO
2026-09-16 15:45:25,TEST_NORMAL_001,VEICULO_TESTE_01,2481.7,73.4,77.6,26.5,21.7,30.6,43.9,8.24,14.22,68.21,NORMAL,SIMULADO
2026-09-16 15:45:26,TEST_NORMAL_001,VEICULO_TESTE_01,2507.2,73.4,77.0,30.3,20.9,30.6,46.4,9.65,14.25,68.21,NORMAL,SIMULADO
2026-09-16 15:45:27,TEST_NORMAL_001,VEICULO_TESTE_01,2600.5,73.4,77.7,34.4,19.6,30.6,47.8,9.44,14.28,68.21,NORMAL,SIMULADO
2026-09-16 15:45:28,TEST_NORMAL_001,VEICULO_TESTE_01,2540.3,73.4,76.6,25.9,18.8,28.7,39.5,9.8,14.18,68.21,NORMAL,SIMULADO
2026-09-16 15:45:29,TEST_NORMAL_001,VEICULO_TESTE_01,2503.9,73.4,76.8,27.8,21.6,29.8,46.4,10.11,14.05,68.21,NORMAL,SIMULADO
2026-09-16 15:45:30,TEST_NORMAL_001,VEICULO_TESTE_01,2597.6,73.4,76.6,27.8,19.8,28.9,47.3,9.64,14.28,68.21,NORMAL,SIMULADO
2026-09-16 15:45:31,TEST_NORMAL_001,VEICULO_TESTE_01,2523.8,73.4,76.6,31.7,21.6,29.9,48.8,8.82,13.92,68.21,NORMAL,SIMULADO
2026-09-16 15:45:32,TEST_NORMAL_001,VEICULO_TESTE_01,2667.2,73.3,77.0,29.3,21.7,28.5,49.1,9.69,14.15,68.2,NORMAL,SIMULADO
2026-09-16 15:45:33,TEST_NORMAL_001,VEICULO_TESTE_01,2635.2,73.3,77.4,29.1,21.2,29.9,46.7,8.65,14.08,68.2,NORMAL,SIMULADO
2026-09-16 15:45:34,TEST_NORMAL_001,VEICULO_TESTE_01,2582.6,73.3,77.6,29.8,22.5,29.6,51.3,9.33,14.09,68.2,NORMAL,SIMULADO
2026-09-16 15:45:35,TEST_NORMAL_001,VEICULO_TESTE_01,2584.0,73.3,77.4,32.8,23.4,29.8,49.3,9.84,14.1,68.2,NORMAL,SIMULADO
2026-09-16 15:45:36,TEST_NORMAL_001,VEICULO_TESTE_01,2691.5,73.3,78.2,31.8,20.7,29.9,45.5,9.37,14.15,68.2,NORMAL,SIMULADO
2026-09-16 15:45:37,TEST_NORMAL_001,VEICULO_TESTE_01,2634.8,73.4,78.1,35.6,19.5,30.4,47.6,10.91,14.17,68.2,NORMAL,SIMULADO
2026-09-16 15:45:38,TEST_NORMAL_001,VEICULO_TESTE_01,2583.6,73.4,78.2,22.7,19.9,28.8,44.7,9.13,14.14,68.19,NORMAL,SIMULADO
2026-09-16 15:45:39,TEST_NORMAL_001,VEICULO_TESTE_01,2522.5,73.4,77.2,33.0,21.8,29.9,49.9,9.61,14.04,68.19,NORMAL,SIMULADO
2026-09-16 15:45:40,TEST_NORMAL_001,VEICULO_TESTE_01,2650.1,73.3,79.4,30.8,21.5,29.3,49.9,9.62,14.16,68.19,NORMAL,SIMULADO
2026-09-16 15:45:41,TEST_NORMAL_001,VEICULO_TESTE_01,2591.3,73.3,76.8,33.7,23.7,26.8,50.7,10.02,14.22,68.19,NORMAL,SIMULADO
2026-09-16 15:45:42,TEST_NORMAL_001,VEICULO_TESTE_01,2584.7,73.3,78.0,28.8,20.0,29.1,46.1,9.38,14.29,68.19,NORMAL,SIMULADO
2026-09-16 15:45:43,TEST_NORMAL_001,VEICULO_TESTE_01,2399.4,73.2,77.5,31.0,20.6,30.1,47.0,8.69,14.13,68.19,NORMAL,SIMULADO
2026-09-16 15:45:44,TEST_NORMAL_001,VEICULO_TESTE_01,2556.3,73.3,77.6,32.3,20.1,29.6,46.9,10.42,14.1,68.18,NORMAL,SIMULADO
2026-09-16 15:45:45,TEST_NORMAL_001,VEICULO_TESTE_01,2622.1,73.2,77.5,32.7,23.3,29.6,50.3,9.45,14.1,68.18,NORMAL,SIMULADO
2026-09-16 15:45:46,TEST_NORMAL_001,VEICULO_TESTE_01,2684.9,73.3,77.0,34.2,27.2,30.2,52.9,10.07,14.26,68.18,NORMAL,SIMULADO
2026-09-16 15:45:47,TEST_NORMAL_001,VEICULO_TESTE_01,2675.2,73.3,77.1,29.4,21.8,28.8,50.6,9.61,14.09,68.18,NORMAL,SIMULADO
2026-09-16 15:45:48,TEST_NORMAL_001,VEICULO_TESTE_01,2544.7,73.4,77.9,28.3,20.9,30.3,46.9,9.11,14.09,68.18,NORMAL,SIMULADO
2026-09-16 15:45:49,TEST_NORMAL_001,VEICULO_TESTE_01,2590.1,73.4,79.2,26.7,20.3,30.5,47.1,8.84,14.11,68.18,NORMAL,SIMULADO
2026-09-16 15:45:50,TEST_NORMAL_001,VEICULO_TESTE_01,2578.0,73.1,79.1,29.3,20.3,28.3,47.7,9.72,14.24,68.17,NORMAL,SIMULADO
2026-09-16 15:45:51,TEST_NORMAL_001,VEICULO_TESTE_01,2434.0,72.7,77.3,28.1,20.5,29.0,45.0,8.78,14.21,68.17,NORMAL,SIMULADO
2026-09-16 15:45:52,TEST_NORMAL_001,VEICULO_TESTE_01,2563.5,72.1,78.1,35.4,23.2,29.6,49.5,9.74,14.2,68.17,NORMAL,SIMULADO
2026-09-16 15:45:53,TEST_NORMAL_001,VEICULO_TESTE_01,2473.6,71.3,79.1,28.3,19.5,29.4,45.6,8.77,14.13,68.17,NORMAL,SIMULADO
2026-09-16 15:45:54,TEST_NORMAL_001,VEICULO_TESTE_01,2539.7,70.2,78.3,31.3,23.4,28.7,53.6,10.09,14.19,68.17,NORMAL,SIMULADO
2026-09-16 15:45:55,TEST_NORMAL_001,VEICULO_TESTE_01,2439.9,69.3,79.3,23.9,20.6,29.4,46.0,8.81,14.08,68.17,NORMAL,SIMULADO
2026-09-16 15:45:56,TEST_NORMAL_001,VEICULO_TESTE_01,2447.6,68.1,78.7,32.7,23.8,29.0,50.8,8.88,14.15,68.17,NORMAL,SIMULADO
2026-09-16 15:45:57,TEST_NORMAL_001,VEICULO_TESTE_01,2352.8,67.0,77.7,29.8,18.3,29.2,44.9,8.75,14.24,68.16,NORMAL,SIMULADO
2026-09-16 15:45:58,TEST_NORMAL_001,VEICULO_TESTE_01,2447.7,65.7,79.3,32.9,22.9,31.0,49.6,9.0,14.09,68.16,NORMAL,SIMULADO
2026-09-16 15:45:59,TEST_NORMAL_001,VEICULO_TESTE_01,2442.1,64.7,78.4,21.2,22.0,29.5,50.3,8.7,14.18,68.16,NORMAL,SIMULADO
2026-09-16 15:46:00,TEST_NORMAL_001,VEICULO_TESTE_01,2366.4,63.9,79.7,31.8,19.5,29.2,46.6,9.76,14.15,68.16,NORMAL,SIMULADO
2026-09-16 15:46:01,TEST_NORMAL_001,VEICULO_TESTE_01,2348.6,63.3,78.5,28.9,20.0,29.3,46.4,9.4,14.13,68.16,NORMAL,SIMULADO
2026-09-16 15:46:02,TEST_NORMAL_001,VEICULO_TESTE_01,2269.3,63.1,78.6,26.2,17.0,29.2,47.0,7.92,14.08,68.16,NORMAL,SIMULADO
2026-09-16 15:46:03,TEST_NORMAL_001,VEICULO_TESTE_01,2444.5,63.1,80.2,34.2,24.1,29.7,49.2,9.23,14.12,68.15,NORMAL,SIMULADO
2026-09-16 15:46:04,TEST_NORMAL_001,VEICULO_TESTE_01,2360.9,63.2,78.5,30.1,21.7,30.3,43.7,8.85,14.13,68.15,NORMAL,SIMULADO
2026-09-16 15:46:05,TEST_NORMAL_001,VEICULO_TESTE_01,2435.6,63.2,80.1,28.6,15.5,30.2,42.9,9.66,14.22,68.15,NORMAL,SIMULADO
2026-09-16 15:46:06,TEST_NORMAL_001,VEICULO_TESTE_01,2310.2,63.2,78.4,28.5,19.3,27.8,45.8,8.57,14.21,68.15,NORMAL,SIMULADO
2026-09-16 15:46:07,TEST_NORMAL_001,VEICULO_TESTE_01,2349.4,63.2,79.7,32.9,21.5,29.4,50.0,9.22,14.18,68.15,NORMAL,SIMULADO
2026-09-16 15:46:08,TEST_NORMAL_001,VEICULO_TESTE_01,2319.1,63.2,79.4,27.1,20.4,29.5,46.2,8.34,14.25,68.15,NORMAL,SIMULADO
2026-09-16 15:46:09,TEST_NORMAL_001,VEICULO_TESTE_01,2297.7,63.2,79.0,28.8,20.0,29.4,48.7,8.6,14.17,68.15,NORMAL,SIMULADO
2026-09-16 15:46:10,TEST_NORMAL_001,VEICULO_TESTE_01,2418.8,63.2,78.6,32.4,25.0,29.8,49.6,9.0,14.16,68.14,NORMAL,SIMULADO
2026-09-16 15:46:11,TEST_NORMAL_001,VEICULO_TESTE_01,2344.7,63.1,78.6,31.5,22.8,30.4,48.5,8.92,14.16,68.14,NORMAL,SIMULADO
2026-09-16 15:46:12,TEST_NORMAL_001,VEICULO_TESTE_01,2313.4,63.1,79.0,28.1,19.8,31.5,48.4,8.88,14.16,68.14,NORMAL,SIMULADO
2026-09-16 15:46:13,TEST_NORMAL_001,VEICULO_TESTE_01,2302.4,63.1,80.0,32.3,21.0,29.1,46.4,8.27,14.13,68.14,NORMAL,SIMULADO
2026-09-16 15:46:14,TEST_NORMAL_001,VEICULO_TESTE_01,2261.2,63.1,78.8,30.0,18.4,30.5,49.0,9.07,14.1,68.14,NORMAL,SIMULADO
2026-09-16 15:46:15,TEST_NORMAL_001,VEICULO_TESTE_01,2183.6,63.1,79.4,29.3,17.9,29.5,45.5,8.54,14.27,68.14,NORMAL,SIMULADO
2026-09-16 15:46:16,TEST_NORMAL_001,VEICULO_TESTE_01,2343.2,63.1,78.2,27.3,18.3,28.6,42.5,8.02,14.2,68.14,NORMAL,SIMULADO
2026-09-16 15:46:17,TEST_NORMAL_001,VEICULO_TESTE_01,2298.4,63.1,79.7,29.6,24.0,30.1,48.0,9.11,14.24,68.13,NORMAL,SIMULADO
2026-09-16 15:46:18,TEST_NORMAL_001,VEICULO_TESTE_01,2336.7,63.1,78.9,27.6,18.1,31.5,49.0,8.67,14.07,68.13,NORMAL,SIMULADO
2026-09-16 15:46:19,TEST_NORMAL_001,VEICULO_TESTE_01,2302.2,63.0,79.4,24.6,15.1,29.3,45.0,8.55,14.15,68.13,NORMAL,SIMULADO
2026-09-16 15:46:20,TEST_NORMAL_001,VEICULO_TESTE_01,2403.8,62.6,79.2,25.4,19.0,30.0,48.0,8.24,14.14,68.13,NORMAL,SIMULADO
2026-09-16 15:46:21,TEST_NORMAL_001,VEICULO_TESTE_01,2278.2,62.1,79.7,22.8,13.1,27.8,40.1,8.05,14.09,68.13,NORMAL,SIMULADO
2026-09-16 15:46:22,TEST_NORMAL_001,VEICULO_TESTE_01,2387.5,61.3,80.7,33.6,24.6,30.0,56.3,9.21,14.16,68.13,NORMAL,SIMULADO
2026-09-16 15:46:23,TEST_NORMAL_001,VEICULO_TESTE_01,2320.4,60.0,79.4,27.4,16.8,29.6,42.1,8.69,14.2,68.12,NORMAL,SIMULADO
2026-09-16 15:46:24,TEST_NORMAL_001,VEICULO_TESTE_01,2384.5,58.7,80.0,27.0,20.2,29.7,49.3,9.04,14.27,68.12,NORMAL,SIMULADO
2026-09-16 15:46:25,TEST_NORMAL_001,VEICULO_TESTE_01,2258.4,57.3,79.9,25.9,20.3,29.2,44.2,8.36,14.14,68.12,NORMAL,SIMULADO
2026-09-16 15:46:26,TEST_NORMAL_001,VEICULO_TESTE_01,2264.4,55.7,78.9,27.8,20.5,28.8,49.0,8.25,14.14,68.12,NORMAL,SIMULADO
2026-09-16 15:46:27,TEST_NORMAL_001,VEICULO_TESTE_01,2062.4,54.3,79.2,22.9,16.6,29.1,43.0,8.34,14.16,68.12,NORMAL,SIMULADO
2026-09-16 15:46:28,TEST_NORMAL_001,VEICULO_TESTE_01,2079.5,52.8,80.5,32.0,19.3,31.8,44.4,8.07,14.21,68.12,NORMAL,SIMULADO
2026-09-16 15:46:29,TEST_NORMAL_001,VEICULO_TESTE_01,1995.2,51.6,79.6,22.1,15.4,29.7,40.4,8.15,14.09,68.12,NORMAL,SIMULADO
2026-09-16 15:46:30,TEST_NORMAL_001,VEICULO_TESTE_01,2033.1,50.5,80.4,25.4,17.7,30.0,45.0,7.49,14.06,68.11,NORMAL,SIMULADO
2026-09-16 15:46:31,TEST_NORMAL_001,VEICULO_TESTE_01,2029.3,49.3,79.1,27.8,18.7,30.6,43.7,7.8,14.11,68.11,NORMAL,SIMULADO
2026-09-16 15:46:32,TEST_NORMAL_001,VEICULO_TESTE_01,1844.7,48.1,79.5,26.7,16.8,30.9,43.9,7.4,14.32,68.11,NORMAL,SIMULADO
2026-09-16 15:46:33,TEST_NORMAL_001,VEICULO_TESTE_01,1994.0,47.0,79.2,25.2,17.2,29.6,45.6,7.62,14.29,68.11,NORMAL,SIMULADO
2026-09-16 15:46:34,TEST_NORMAL_001,VEICULO_TESTE_01,1957.0,46.0,80.8,31.5,19.8,31.0,49.2,9.03,14.28,68.11,NORMAL,SIMULADO
2026-09-16 15:46:35,TEST_NORMAL_001,VEICULO_TESTE_01,1823.8,44.8,79.9,32.1,19.8,29.5,43.0,7.97,14.16,68.11,NORMAL,SIMULADO
2026-09-16 15:46:36,TEST_NORMAL_001,VEICULO_TESTE_01,2012.5,44.0,80.4,27.4,19.5,29.0,47.8,8.29,14.2,68.11,NORMAL,SIMULADO
2026-09-16 15:46:37,TEST_NORMAL_001,VEICULO_TESTE_01,1762.7,43.1,81.0,24.0,17.1,29.8,43.9,7.17,14.11,68.1,NORMAL,SIMULADO
2026-09-16 15:46:38,TEST_NORMAL_001,VEICULO_TESTE_01,1851.2,42.4,80.2,24.5,17.4,30.9,44.7,7.42,14.17,68.1,NORMAL,SIMULADO
2026-09-16 15:46:39,TEST_NORMAL_001,VEICULO_TESTE_01,1914.2,41.4,80.5,29.2,18.7,30.4,46.8,7.89,14.2,68.1,NORMAL,SIMULADO
2026-09-16 15:46:40,TEST_NORMAL_001,VEICULO_TESTE_01,1852.8,40.5,80.4,26.2,15.5,30.0,42.9,8.15,14.22,68.1,NORMAL,SIMULADO
2026-09-16 15:46:41,TEST_NORMAL_001,VEICULO_TESTE_01,1675.9,39.5,81.6,27.3,16.0,28.2,40.1,8.38,14.1,68.1,NORMAL,SIMULADO
2026-09-16 15:46:42,TEST_NORMAL_001,VEICULO_TESTE_01,1750.9,38.4,80.5,27.6,21.2,29.1,49.4,7.17,14.24,68.1,NORMAL,SIMULADO
2026-09-16 15:46:43,TEST_NORMAL_001,VEICULO_TESTE_01,1842.8,37.1,81.1,31.4,18.8,29.2,45.3,8.71,14.14,68.1,NORMAL,SIMULADO
2026-09-16 15:46:44,TEST_NORMAL_001,VEICULO_TESTE_01,1564.5,35.9,80.7,25.7,15.7,31.0,42.7,7.36,14.18,68.1,NORMAL,SIMULADO
2026-09-16 15:46:45,TEST_NORMAL_001,VEICULO_TESTE_01,1630.1,34.6,80.7,26.6,14.4,31.4,39.5,7.11,14.09,68.09,NORMAL,SIMULADO
2026-09-16 15:46:46,TEST_NORMAL_001,VEICULO_TESTE_01,1545.3,33.4,81.6,28.8,15.0,30.4,41.5,7.03,14.15,68.09,NORMAL,SIMULADO
2026-09-16 15:46:47,TEST_NORMAL_001,VEICULO_TESTE_01,1635.3,32.4,80.5,26.9,14.1,30.0,44.9,6.83,14.21,68.09,NORMAL,SIMULADO
2026-09-16 15:46:48,TEST_NORMAL_001,VEICULO_TESTE_01,1646.7,31.4,82.0,26.5,13.6,29.3,40.5,6.81,14.16,68.09,NORMAL,SIMULADO
2026-09-16 15:46:49,TEST_NORMAL_001,VEICULO_TESTE_01,1591.3,30.5,82.4,26.0,19.1,30.7,51.1,7.54,14.09,68.09,NORMAL,SIMULADO
2026-09-16 15:46:50,TEST_NORMAL_001,VEICULO_TESTE_01,1534.3,29.6,80.6,21.7,11.8,28.4,41.5,6.69,14.12,68.09,NORMAL,SIMULADO
2026-09-16 15:46:51,TEST_NORMAL_001,VEICULO_TESTE_01,1685.5,29.2,80.7,29.0,15.4,28.7,42.4,7.11,14.07,68.09,NORMAL,SIMULADO
2026-09-16 15:46:52,TEST_NORMAL_001,VEICULO_TESTE_01,1342.8,29.0,80.2,28.7,15.7,29.4,39.4,5.51,14.1,68.08,NORMAL,SIMULADO
2026-09-16 15:46:53,TEST_NORMAL_001,VEICULO_TESTE_01,1598.2,29.1,80.8,30.8,17.7,28.0,44.7,6.82,14.12,68.08,NORMAL,SIMULADO
2026-09-16 15:46:54,TEST_NORMAL_001,VEICULO_TESTE_01,1574.5,29.5,80.8,29.1,20.7,29.3,47.9,7.19,14.15,68.08,NORMAL,SIMULADO
2026-09-16 15:46:55,TEST_NORMAL_001,VEICULO_TESTE_01,1717.6,30.2,81.9,36.7,21.6,29.6,46.0,6.71,14.23,68.08,NORMAL,SIMULADO
2026-09-16 15:46:56,TEST_NORMAL_001,VEICULO_TESTE_01,1663.1,30.8,80.1,39.8,23.9,30.4,51.8,7.95,14.13,68.08,NORMAL,SIMULADO
2026-09-16 15:46:57,TEST_NORMAL_001,VEICULO_TESTE_01,1779.2,31.5,79.7,31.4,23.8,29.8,48.9,7.88,14.26,68.08,NORMAL,SIMULADO
2026-09-16 15:46:58,TEST_NORMAL_001,VEICULO_TESTE_01,1642.3,32.2,82.0,46.2,23.7,32.5,52.9,7.88,14.18,68.08,NORMAL,SIMULADO
2026-09-16 15:46:59,TEST_NORMAL_001,VEICULO_TESTE_01,1847.3,32.8,82.0,35.5,22.0,30.4,49.7,8.5,14.17,68.07,NORMAL,SIMULADO
2026-09-16 15:47:00,TEST_NORMAL_001,VEICULO_TESTE_01,1767.0,33.4,81.6,34.9,23.6,31.9,53.0,7.1,14.2,68.07,NORMAL,SIMULADO
2026-09-16 15:47:01,TEST_NORMAL_001,VEICULO_TESTE_01,1832.4,34.0,81.1,38.8,26.1,30.4,54.8,8.62,14.16,68.07,NORMAL,SIMULADO
2026-09-16 15:47:02,TEST_NORMAL_001,VEICULO_TESTE_01,1748.9,34.7,82.4,36.1,20.4,29.5,46.1,8.2,14.19,68.07,NORMAL,SIMULADO
2026-09-16 15:47:03,TEST_NORMAL_001,VEICULO_TESTE_01,1929.0,35.4,81.3,35.8,22.3,30.8,52.1,8.26,14.2,68.07,NORMAL,SIMULADO
2026-09-16 15:47:04,TEST_NORMAL_001,VEICULO_TESTE_01,1952.9,36.1,83.4,40.1,23.5,30.3,51.2,8.37,14.24,68.07,NORMAL,SIMULADO
2026-09-16 15:47:05,TEST_NORMAL_001,VEICULO_TESTE_01,1844.7,36.5,81.1,34.6,20.2,29.2,41.1,7.95,13.99,68.07,NORMAL,SIMULADO
2026-09-16 15:47:06,TEST_NORMAL_001,VEICULO_TESTE_01,1744.8,36.9,81.5,32.2,18.8,29.4,45.6,7.78,14.23,68.06,NORMAL,SIMULADO
2026-09-16 15:47:07,TEST_NORMAL_001,VEICULO_TESTE_01,1764.8,37.1,80.6,30.2,18.5,29.1,46.7,7.96,14.14,68.06,NORMAL,SIMULADO
2026-09-16 15:47:08,TEST_NORMAL_001,VEICULO_TESTE_01,1651.5,37.1,81.9,23.3,12.4,32.2,38.5,6.95,14.23,68.06,NORMAL,SIMULADO
2026-09-16 15:47:09,TEST_NORMAL_001,VEICULO_TESTE_01,1671.0,37.0,82.0,25.3,14.0,29.2,40.5,6.89,14.14,68.06,NORMAL,SIMULADO
2026-09-16 15:47:10,TEST_NORMAL_001,VEICULO_TESTE_01,1756.9,37.0,82.3,32.2,15.4,31.8,43.9,7.81,14.2,68.06,NORMAL,SIMULADO
2026-09-16 15:47:11,TEST_NORMAL_001,VEICULO_TESTE_01,1737.0,37.1,82.4,28.8,18.6,29.0,49.2,7.57,14.17,68.06,NORMAL,SIMULADO
2026-09-16 15:47:12,TEST_NORMAL_001,VEICULO_TESTE_01,1678.7,37.1,81.7,27.5,17.1,31.0,46.3,7.4,13.94,68.06,NORMAL,SIMULADO
2026-09-16 15:47:13,TEST_NORMAL_001,VEICULO_TESTE_01,1678.9,37.3,81.5,33.4,19.0,29.2,47.7,8.34,14.26,68.06,NORMAL,SIMULADO
2026-09-16 15:47:14,TEST_NORMAL_001,VEICULO_TESTE_01,1808.3,37.6,81.2,40.7,26.7,30.3,53.0,7.57,14.09,68.05,NORMAL,SIMULADO
2026-09-16 15:47:15,TEST_NORMAL_001,VEICULO_TESTE_01,1874.3,38.2,81.9,31.1,21.3,29.3,46.9,8.12,14.09,68.05,NORMAL,SIMULADO
2026-09-16 15:47:16,TEST_NORMAL_001,VEICULO_TESTE_01,2069.4,38.9,82.5,39.8,28.2,30.8,55.5,8.79,14.03,68.05,NORMAL,SIMULADO
2026-09-16 15:47:17,TEST_NORMAL_001,VEICULO_TESTE_01,2098.4,39.8,82.7,41.7,28.0,30.8,54.4,9.04,14.23,68.05,NORMAL,SIMULADO
2026-09-16 15:47:18,TEST_NORMAL_001,VEICULO_TESTE_01,2030.7,40.8,82.0,44.7,26.2,29.9,53.6,8.59,14.01,68.05,NORMAL,SIMULADO
2026-09-16 15:47:19,TEST_NORMAL_001,VEICULO_TESTE_01,1984.3,41.8,82.2,43.6,26.5,28.6,51.3,8.42,14.04,68.05,NORMAL,SIMULADO
2026-09-16 15:47:20,TEST_NORMAL_001,VEICULO_TESTE_01,2101.7,42.7,82.4,45.1,26.2,29.4,55.1,9.71,14.22,68.04,NORMAL,SIMULADO
2026-09-16 15:47:21,TEST_NORMAL_001,VEICULO_TESTE_01,2113.0,43.8,82.0,41.5,25.2,28.8,52.7,8.54,13.99,68.04,NORMAL,SIMULADO
2026-09-16 15:47:22,TEST_NORMAL_001,VEICULO_TESTE_01,2078.6,44.6,82.0,37.2,26.1,31.4,51.6,7.96,14.09,68.04,NORMAL,SIMULADO
2026-09-16 15:47:23,TEST_NORMAL_001,VEICULO_TESTE_01,2103.7,45.4,83.4,40.7,27.8,28.6,54.5,8.14,14.11,68.04,NORMAL,SIMULADO
2026-09-16 15:47:24,TEST_NORMAL_001,VEICULO_TESTE_01,2179.3,46.2,82.6,43.2,27.6,30.5,53.1,9.68,14.28,68.04,NORMAL,SIMULADO
2026-09-16 15:47:25,TEST_NORMAL_001,VEICULO_TESTE_01,2121.3,47.0,81.8,41.3,28.5,29.5,48.8,9.08,14.09,68.04,NORMAL,SIMULADO
2026-09-16 15:47:26,TEST_NORMAL_001,VEICULO_TESTE_01,2085.4,47.7,82.5,42.1,25.3,28.6,50.6,9.26,14.11,68.04,NORMAL,SIMULADO
2026-09-16 15:47:27,TEST_NORMAL_001,VEICULO_TESTE_01,2256.2,48.5,82.7,33.5,27.6,28.2,52.5,9.25,14.27,68.03,NORMAL,SIMULADO
2026-09-16 15:47:28,TEST_NORMAL_001,VEICULO_TESTE_01,2283.9,49.3,82.6,37.5,20.8,30.4,48.5,8.57,14.09,68.03,NORMAL,SIMULADO
2026-09-16 15:47:29,TEST_NORMAL_001,VEICULO_TESTE_01,2166.6,50.2,82.1,40.7,27.2,30.3,52.4,8.51,14.21,68.03,NORMAL,SIMULADO
2026-09-16 15:47:30,TEST_NORMAL_001,VEICULO_TESTE_01,2078.0,50.7,82.2,31.4,18.1,29.3,43.4,8.88,14.15,68.03,NORMAL,SIMULADO
2026-09-16 15:47:31,TEST_NORMAL_001,VEICULO_TESTE_01,2123.7,50.7,81.7,28.3,20.8,30.4,45.8,8.07,14.16,68.03,NORMAL,SIMULADO
2026-09-16 15:47:32,TEST_NORMAL_001,VEICULO_TESTE_01,2035.0,50.4,83.1,29.1,20.3,30.4,46.4,7.91,14.2,68.03,NORMAL,SIMULADO
2026-09-16 15:47:33,TEST_NORMAL_001,VEICULO_TESTE_01,1845.0,49.6,81.6,29.5,18.6,29.1,46.7,8.59,14.09,68.02,NORMAL,SIMULADO
2026-09-16 15:47:34,TEST_NORMAL_001,VEICULO_TESTE_01,1988.4,48.6,82.5,23.9,16.7,30.0,44.4,7.64,14.11,68.02,NORMAL,SIMULADO
2026-09-16 15:47:35,TEST_NORMAL_001,VEICULO_TESTE_01,1887.6,47.4,83.6,35.6,17.3,31.2,42.7,8.4,13.99,68.02,NORMAL,SIMULADO
2026-09-16 15:47:36,TEST_NORMAL_001,VEICULO_TESTE_01,1937.4,46.2,82.3,28.7,20.1,28.8,47.7,7.51,14.12,68.02,NORMAL,SIMULADO
2026-09-16 15:47:37,TEST_NORMAL_001,VEICULO_TESTE_01,1930.0,45.1,83.2,25.2,18.0,30.2,46.0,7.78,14.22,68.02,NORMAL,SIMULADO
2026-09-16 15:47:38,TEST_NORMAL_001,VEICULO_TESTE_01,1869.4,43.9,82.5,29.5,16.6,30.5,42.9,7.43,14.01,68.02,NORMAL,SIMULADO
2026-09-16 15:47:39,TEST_NORMAL_001,VEICULO_TESTE_01,1865.1,42.8,82.5,32.5,18.0,29.8,45.4,8.45,14.15,68.02,NORMAL,SIMULADO
2026-09-16 15:47:40,TEST_NORMAL_001,VEICULO_TESTE_01,1864.5,41.7,82.5,27.4,17.9,29.5,42.0,7.19,14.14,68.01,NORMAL,SIMULADO
2026-09-16 15:47:41,TEST_NORMAL_001,VEICULO_TESTE_01,1731.8,40.7,82.9,27.5,13.5,29.1,43.9,7.38,14.03,68.01,NORMAL,SIMULADO
2026-09-16 15:47:42,TEST_NORMAL_001,VEICULO_TESTE_01,1866.5,39.6,82.8,24.0,16.0,28.6,43.7,7.16,14.17,68.01,NORMAL,SIMULADO
2026-09-16 15:47:43,TEST_NORMAL_001,VEICULO_TESTE_01,1664.6,38.7,83.9,28.2,12.3,30.6,43.3,6.64,14.18,68.01,NORMAL,SIMULADO
2026-09-16 15:47:44,TEST_NORMAL_001,VEICULO_TESTE_01,1875.3,37.4,82.8,23.1,13.8,29.4,43.5,7.16,14.05,68.01,NORMAL,SIMULADO
2026-09-16 15:47:45,TEST_NORMAL_001,VEICULO_TESTE_01,1596.1,36.3,83.2,25.4,17.8,30.4,46.3,6.49,14.2,68.01,NORMAL,SIMULADO
2026-09-16 15:47:46,TEST_NORMAL_001,VEICULO_TESTE_01,1637.4,35.1,83.3,26.7,15.9,30.0,42.6,7.92,14.08,68.01,NORMAL,SIMULADO
2026-09-16 15:47:47,TEST_NORMAL_001,VEICULO_TESTE_01,1587.9,33.9,83.6,31.1,17.6,30.4,42.8,7.48,14.07,68.01,NORMAL,SIMULADO
2026-09-16 15:47:48,TEST_NORMAL_001,VEICULO_TESTE_01,1637.1,32.5,83.0,28.4,14.0,30.3,44.1,6.35,14.08,68.0,NORMAL,SIMULADO
2026-09-16 15:47:49,TEST_NORMAL_001,VEICULO_TESTE_01,1588.8,31.4,82.3,23.9,16.2,29.4,43.4,6.9,14.21,68.0,NORMAL,SIMULADO
2026-09-16 15:47:50,TEST_NORMAL_001,VEICULO_TESTE_01,1435.1,30.1,83.5,26.2,14.7,29.7,41.8,7.1,14.08,68.0,NORMAL,SIMULADO
2026-09-16 15:47:51,TEST_NORMAL_001,VEICULO_TESTE_01,1661.9,28.9,83.0,19.2,16.3,30.5,41.7,6.72,14.39,68.0,NORMAL,SIMULADO
2026-09-16 15:47:52,TEST_NORMAL_001,VEICULO_TESTE_01,1489.3,27.7,83.5,26.6,14.6,29.4,45.3,6.04,14.28,68.0,NORMAL,SIMULADO
2026-09-16 15:47:53,TEST_NORMAL_001,VEICULO_TESTE_01,1482.4,26.5,83.6,28.3,15.9,31.8,42.0,6.68,14.19,68.0,NORMAL,SIMULADO
2026-09-16 15:47:54,TEST_NORMAL_001,VEICULO_TESTE_01,1349.7,25.2,84.2,31.6,12.0,29.6,40.2,6.37,14.21,68.0,NORMAL,SIMULADO
2026-09-16 15:47:55,TEST_NORMAL_001,VEICULO_TESTE_01,1442.9,24.2,83.9,24.3,15.4,29.8,42.6,6.85,14.17,68.0,NORMAL,SIMULADO
2026-09-16 15:47:56,TEST_NORMAL_001,VEICULO_TESTE_01,1415.9,23.1,83.6,23.5,13.8,28.8,40.9,6.26,14.15,67.99,NORMAL,SIMULADO
2026-09-16 15:47:57,TEST_NORMAL_001,VEICULO_TESTE_01,1415.7,22.2,82.1,24.4,13.2,30.5,43.3,6.25,14.21,67.99,NORMAL,SIMULADO
2026-09-16 15:47:58,TEST_NORMAL_001,VEICULO_TESTE_01,1360.5,21.3,83.4,25.1,14.4,29.1,41.7,6.15,14.19,67.99,NORMAL,SIMULADO
2026-09-16 15:47:59,TEST_NORMAL_001,VEICULO_TESTE_01,1282.8,20.3,83.0,27.7,12.4,29.6,43.5,5.88,14.09,67.99,NORMAL,SIMULADO
2026-09-16 15:48:00,TEST_NORMAL_001,VEICULO_TESTE_01,1271.0,19.4,83.2,23.2,11.5,30.6,38.3,6.45,13.86,67.99,NORMAL,SIMULADO
2026-09-16 15:48:01,TEST_NORMAL_001,VEICULO_TESTE_01,1163.8,18.2,83.8,23.5,12.6,31.0,43.8,7.04,14.14,67.99,NORMAL,SIMULADO
2026-09-16 15:48:02,TEST_NORMAL_001,VEICULO_TESTE_01,1234.1,16.9,82.1,23.6,9.9,28.8,40.1,5.83,14.21,67.99,NORMAL,SIMULADO
2026-09-16 15:48:03,TEST_NORMAL_001,VEICULO_TESTE_01,1163.4,15.7,82.7,27.7,12.9,31.0,39.2,5.9,14.19,67.99,NORMAL,SIMULADO
2026-09-16 15:48:04,TEST_NORMAL_001,VEICULO_TESTE_01,1238.3,14.6,83.6,23.2,14.1,30.3,42.1,5.9,14.28,67.98,NORMAL,SIMULADO
2026-09-16 15:48:05,TEST_NORMAL_001,VEICULO_TESTE_01,1076.5,13.3,82.7,23.2,10.8,30.2,40.3,5.29,14.11,67.98,NORMAL,SIMULADO
2026-09-16 15:48:06,TEST_NORMAL_001,VEICULO_TESTE_01,1072.8,12.0,83.6,24.5,9.7,29.4,38.2,5.87,14.03,67.98,NORMAL,SIMULADO
2026-09-16 15:48:07,TEST_NORMAL_001,VEICULO_TESTE_01,1058.0,10.8,83.7,25.7,13.4,28.8,40.3,5.07,14.07,67.98,NORMAL,SIMULADO
2026-09-16 15:48:08,TEST_NORMAL_001,VEICULO_TESTE_01,1036.9,9.6,83.4,25.0,10.3,29.1,40.5,5.92,14.07,67.98,NORMAL,SIMULADO
2026-09-16 15:48:09,TEST_NORMAL_001,VEICULO_TESTE_01,913.5,8.4,83.2,25.8,11.3,28.5,39.1,4.76,14.25,67.98,NORMAL,SIMULADO
2026-09-16 15:48:10,TEST_NORMAL_001,VEICULO_TESTE_01,1029.8,7.3,84.0,24.1,11.8,29.2,40.2,5.37,14.07,67.98,NORMAL,SIMULADO
2026-09-16 15:48:11,TEST_NORMAL_001,VEICULO_TESTE_01,980.6,6.3,85.1,27.1,10.1,28.1,38.8,4.82,14.17,67.98,NORMAL,SIMULADO
2026-09-16 15:48:12,TEST_NORMAL_001,VEICULO_TESTE_01,917.3,5.1,84.0,27.8,14.0,30.2,45.3,5.33,14.15,67.97,NORMAL,SIMULADO
2026-09-16 15:48:13,TEST_NORMAL_001,VEICULO_TESTE_01,931.7,3.9,83.3,27.8,8.3,29.1,38.9,5.37,14.25,67.97,NORMAL,SIMULADO
2026-09-16 15:48:14,TEST_NORMAL_001,VEICULO_TESTE_01,859.8,2.7,84.4,20.3,9.6,29.8,37.8,4.47,14.2,67.97,NORMAL,SIMULADO
2026-09-16 15:48:15,TEST_NORMAL_001,VEICULO_TESTE_01,827.0,1.6,84.1,22.7,10.6,29.6,34.1,5.31,14.26,67.97,NORMAL,SIMULADO
2026-09-16 15:48:16,TEST_NORMAL_001,VEICULO_TESTE_01,853.2,0.8,84.2,23.3,11.5,31.1,38.6,4.74,14.19,67.97,NORMAL,SIMULADO
2026-09-16 15:48:17,TEST_NORMAL_001,VEICULO_TESTE_01,802.7,0.3,84.0,25.0,14.3,30.0,45.2,5.04,13.99,67.97,NORMAL,SIMULADO
2026-09-16 15:48:18,TEST_NORMAL_001,VEICULO_TESTE_01,846.1,0.2,84.9,28.5,11.9,29.6,45.3,5.49,14.23,67.97,NORMAL,SIMULADO
2026-09-16 15:48:19,TEST_NORMAL_001,VEICULO_TESTE_01,784.2,0.5,83.5,28.1,12.4,29.8,42.0,5.68,14.09,67.97,NORMAL,SIMULADO
2026-09-16 15:48:20,TEST_NORMAL_001,VEICULO_TESTE_01,774.0,0.9,85.5,27.3,11.7,30.4,39.5,5.35,14.06,67.97,NORMAL,SIMULADO
2026-09-16 15:48:21,TEST_NORMAL_001,VEICULO_TESTE_01,860.8,1.4,84.7,31.3,16.4,30.6,45.8,6.03,14.18,67.96,NORMAL,SIMULADO
2026-09-16 15:48:22,TEST_NORMAL_001,VEICULO_TESTE_01,1052.4,2.0,84.6,33.2,15.2,31.3,44.6,6.44,14.07,67.96,NORMAL,SIMULADO
2026-09-16 15:48:23,TEST_NORMAL_001,VEICULO_TESTE_01,1029.5,2.7,84.2,34.4,16.5,30.5,42.2,5.93,14.18,67.96,NORMAL,SIMULADO
2026-09-16 15:48:24,TEST_NORMAL_001,VEICULO_TESTE_01,1028.1,3.3,83.4,32.2,21.5,30.3,50.7,5.96,14.22,67.96,NORMAL,SIMULADO
2026-09-16 15:48:25,TEST_NORMAL_001,VEICULO_TESTE_01,1089.9,4.1,84.1,34.1,16.4,29.8,44.7,6.38,14.14,67.96,NORMAL,SIMULADO
2026-09-16 15:48:26,TEST_NORMAL_001,VEICULO_TESTE_01,1114.2,5.0,84.4,33.9,20.3,29.9,46.8,6.07,13.98,67.96,NORMAL,SIMULADO
2026-09-16 15:48:27,TEST_NORMAL_001,VEICULO_TESTE_01,1174.3,5.8,85.0,36.4,18.5,30.2,44.6,6.66,14.12,67.96,NORMAL,SIMULADO
2026-09-16 15:48:28,TEST_NORMAL_001,VEICULO_TESTE_01,1166.5,6.4,84.0,33.6,18.9,30.1,44.6,6.78,14.21,67.96,NORMAL,SIMULADO
2026-09-16 15:48:29,TEST_NORMAL_001,VEICULO_TESTE_01,1073.2,7.3,84.6,38.0,18.3,27.1,43.1,5.96,14.23,67.95,NORMAL,SIMULADO
2026-09-16 15:48:30,TEST_NORMAL_001,VEICULO_TESTE_01,1281.5,8.1,84.1,29.2,18.0,30.5,49.3,6.83,14.25,67.95,NORMAL,SIMULADO
2026-09-16 15:48:31,TEST_NORMAL_001,VEICULO_TESTE_01,1302.1,8.8,84.7,33.4,17.3,30.8,46.4,7.34,14.17,67.95,NORMAL,SIMULADO
2026-09-16 15:48:32,TEST_NORMAL_001,VEICULO_TESTE_01,1269.9,9.7,86.4,36.9,18.9,30.0,45.5,7.05,14.08,67.95,NORMAL,SIMULADO
2026-09-16 15:48:33,TEST_NORMAL_001,VEICULO_TESTE_01,1285.6,10.6,84.3,39.9,22.6,29.8,50.9,6.41,14.25,67.95,NORMAL,SIMULADO
2026-09-16 15:48:34,TEST_NORMAL_001,VEICULO_TESTE_01,1388.2,11.5,84.4,33.3,21.2,30.9,46.6,6.93,14.09,67.95,NORMAL,SIMULADO
2026-09-16 15:48:35,TEST_NORMAL_001,VEICULO_TESTE_01,1403.9,12.4,84.7,32.2,24.7,31.3,50.4,6.59,14.22,67.95,NORMAL,SIMULADO
2026-09-16 15:48:36,TEST_NORMAL_001,VEICULO_TESTE_01,1449.9,13.3,85.8,41.1,24.2,29.7,51.4,8.04,14.1,67.95,NORMAL,SIMULADO
2026-09-16 15:48:37,TEST_NORMAL_001,VEICULO_TESTE_01,1403.5,14.2,83.8,37.3,20.5,30.8,45.9,7.34,14.16,67.94,NORMAL,SIMULADO
2026-09-16 15:48:38,TEST_NORMAL_001,VEICULO_TESTE_01,1509.4,15.2,84.2,46.2,25.6,31.8,52.4,8.13,14.25,67.94,NORMAL,SIMULADO
2026-09-16 15:48:39,TEST_NORMAL_001,VEICULO_TESTE_01,1444.0,16.2,84.6,44.7,23.5,29.1,45.9,7.32,14.2,67.94,NORMAL,SIMULADO
2026-09-16 15:48:40,TEST_NORMAL_001,VEICULO_TESTE_01,1365.7,17.1,84.5,37.5,19.6,30.5,48.0,7.23,14.16,67.94,NORMAL,SIMULADO
2026-09-16 15:48:41,TEST_NORMAL_001,VEICULO_TESTE_01,1619.8,18.0,84.8,32.3,22.1,30.7,51.5,7.19,14.13,67.94,NORMAL,SIMULADO
2026-09-16 15:48:42,TEST_NORMAL_001,VEICULO_TESTE_01,1480.7,18.8,84.9,36.3,20.7,30.8,47.8,7.07,14.11,67.94,NORMAL,SIMULADO
2026-09-16 15:48:43,TEST_NORMAL_001,VEICULO_TESTE_01,1495.5,19.5,85.1,38.6,24.1,30.2,49.8,7.73,14.14,67.94,NORMAL,SIMULADO
2026-09-16 15:48:44,TEST_NORMAL_001,VEICULO_TESTE_01,1510.0,20.2,85.3,40.0,21.7,30.2,52.5,7.74,14.02,67.93,NORMAL,SIMULADO
2026-09-16 15:48:45,TEST_NORMAL_001,VEICULO_TESTE_01,1526.8,21.0,85.6,40.2,21.1,31.3,49.6,6.91,14.29,67.93,NORMAL,SIMULADO
2026-09-16 15:48:46,TEST_NORMAL_001,VEICULO_TESTE_01,1497.6,21.8,84.8,34.3,23.2,31.0,48.5,7.14,14.25,67.93,NORMAL,SIMULADO
2026-09-16 15:48:47,TEST_NORMAL_001,VEICULO_TESTE_01,1405.8,22.6,84.1,39.2,21.0,29.3,48.8,6.99,14.1,67.93,NORMAL,SIMULADO
2026-09-16 15:48:48,TEST_NORMAL_001,VEICULO_TESTE_01,1615.1,23.4,84.3,32.1,21.6,29.7,45.2,6.74,14.15,67.93,NORMAL,SIMULADO
2026-09-16 15:48:49,TEST_NORMAL_001,VEICULO_TESTE_01,1578.1,24.0,85.1,39.0,19.9,30.9,47.6,7.12,14.13,67.93,NORMAL,SIMULADO
2026-09-16 15:48:50,TEST_NORMAL_001,VEICULO_TESTE_01,1653.7,24.7,85.1,34.3,17.8,29.5,43.7,7.89,14.15,67.93,NORMAL,SIMULADO
2026-09-16 15:48:51,TEST_NORMAL_001,VEICULO_TESTE_01,1572.4,25.4,84.3,32.3,24.4,28.2,48.0,6.49,14.17,67.92,NORMAL,SIMULADO
2026-09-16 15:48:52,TEST_NORMAL_001,VEICULO_TESTE_01,1609.9,26.2,84.3,33.5,18.3,30.9,43.5,7.39,14.16,67.92,NORMAL,SIMULADO
2026-09-16 15:48:53,TEST_NORMAL_001,VEICULO_TESTE_01,1750.0,26.9,85.7,42.8,24.4,29.4,55.5,8.09,14.09,67.92,NORMAL,SIMULADO
2026-09-16 15:48:54,TEST_NORMAL_001,VEICULO_TESTE_01,1630.8,27.7,84.9,47.3,25.8,30.5,51.7,8.14,14.07,67.92,NORMAL,SIMULADO
2026-09-16 15:48:55,TEST_NORMAL_001,VEICULO_TESTE_01,1717.8,28.6,85.4,41.1,25.2,29.0,51.5,8.36,14.12,67.92,NORMAL,SIMULADO
2026-09-16 15:48:56,TEST_NORMAL_001,VEICULO_TESTE_01,1755.7,29.4,86.0,37.5,24.0,31.3,49.7,8.33,14.12,67.92,NORMAL,SIMULADO
2026-09-16 15:48:57,TEST_NORMAL_001,VEICULO_TESTE_01,1725.9,30.3,84.7,40.7,25.6,31.1,53.9,7.84,14.24,67.92,NORMAL,SIMULADO
2026-09-16 15:48:58,TEST_NORMAL_001,VEICULO_TESTE_01,1917.6,31.3,85.2,40.9,21.0,31.2,50.3,8.59,14.12,67.91,NORMAL,SIMULADO
2026-09-16 15:48:59,TEST_NORMAL_001,VEICULO_TESTE_01,1861.9,32.1,85.5,37.5,20.1,29.2,48.0,7.96,14.17,67.91,NORMAL,SIMULADO
2026-09-16 15:49:00,TEST_NORMAL_001,VEICULO_TESTE_01,1839.3,33.0,85.1,44.8,25.3,29.9,51.2,8.49,14.23,67.91,NORMAL,SIMULADO
2026-09-16 15:49:01,TEST_NORMAL_001,VEICULO_TESTE_01,1905.8,33.9,85.2,42.6,22.8,29.9,49.7,8.46,14.14,67.91,NORMAL,SIMULADO
2026-09-16 15:49:02,TEST_NORMAL_001,VEICULO_TESTE_01,1829.3,34.7,85.9,35.8,24.4,31.4,54.0,7.74,14.03,67.91,NORMAL,SIMULADO
2026-09-16 15:49:03,TEST_NORMAL_001,VEICULO_TESTE_01,1874.3,35.4,84.9,41.0,25.4,29.5,49.2,8.13,14.17,67.91,NORMAL,SIMULADO
2026-09-16 15:49:04,TEST_NORMAL_001,VEICULO_TESTE_01,1922.9,36.4,84.2,42.0,25.0,31.3,50.5,8.57,14.12,67.91,NORMAL,SIMULADO
2026-09-16 15:49:05,TEST_NORMAL_001,VEICULO_TESTE_01,1900.8,37.3,85.3,45.1,29.2,30.9,54.0,8.73,14.26,67.9,NORMAL,SIMULADO
2026-09-16 15:49:06,TEST_NORMAL_001,VEICULO_TESTE_01,2119.2,38.3,86.6,43.7,28.8,30.4,52.6,9.6,14.09,67.9,NORMAL,SIMULADO
2026-09-16 15:49:07,TEST_NORMAL_001,VEICULO_TESTE_01,1983.3,39.3,85.5,42.7,28.6,29.4,54.9,8.81,14.1,67.9,NORMAL,SIMULADO
2026-09-16 15:49:08,TEST_NORMAL_001,VEICULO_TESTE_01,2068.2,40.3,85.4,41.2,24.5,27.9,50.6,9.46,14.17,67.9,NORMAL,SIMULADO
2026-09-16 15:49:09,TEST_NORMAL_001,VEICULO_TESTE_01,2057.0,41.2,86.4,45.6,33.6,29.4,59.2,8.97,14.11,67.9,NORMAL,SIMULADO
2026-09-16 15:49:10,TEST_NORMAL_001,VEICULO_TESTE_01,2124.8,41.9,86.2,37.6,27.7,29.5,50.4,9.16,14.11,67.9,NORMAL,SIMULADO
2026-09-16 15:49:11,TEST_NORMAL_001,VEICULO_TESTE_01,1882.4,42.6,84.8,39.8,26.4,30.8,54.4,8.55,14.14,67.89,NORMAL,SIMULADO
2026-09-16 15:49:12,TEST_NORMAL_001,VEICULO_TESTE_01,1951.3,43.2,85.7,32.8,22.9,29.7,51.5,7.85,14.1,67.89,NORMAL,SIMULADO
2026-09-16 15:49:13,TEST_NORMAL_001,VEICULO_TESTE_01,2103.4,43.9,85.9,35.0,25.4,29.7,49.8,8.81,14.31,67.89,NORMAL,SIMULADO
2026-09-16 15:49:14,TEST_NORMAL_001,VEICULO_TESTE_01,2132.1,44.8,85.5,39.6,25.7,31.8,53.2,9.44,14.22,67.89,NORMAL,SIMULADO
2026-09-16 15:49:15,TEST_NORMAL_001,VEICULO_TESTE_01,2244.8,45.6,85.3,47.5,27.9,30.3,55.5,9.17,14.26,67.89,NORMAL,SIMULADO
2026-09-16 15:49:16,TEST_NORMAL_001,VEICULO_TESTE_01,2275.8,46.5,86.2,43.9,27.3,31.7,57.6,9.68,14.08,67.89,NORMAL,SIMULADO
2026-09-16 15:49:17,TEST_NORMAL_001,VEICULO_TESTE_01,2189.6,47.4,85.5,48.2,28.4,29.0,55.2,9.49,14.29,67.89,NORMAL,SIMULADO
2026-09-16 15:49:18,TEST_NORMAL_001,VEICULO_TESTE_01,2157.5,48.3,86.2,39.8,27.3,29.2,53.1,8.87,14.21,67.88,NORMAL,SIMULADO
2026-09-16 15:49:19,TEST_NORMAL_001,VEICULO_TESTE_01,2175.7,49.0,86.1,37.9,26.9,29.7,51.3,9.02,14.18,67.88,NORMAL,SIMULADO
2026-09-16 15:49:20,TEST_NORMAL_001,VEICULO_TESTE_01,2196.0,49.8,85.1,37.5,23.5,29.5,47.1,9.16,14.11,67.88,NORMAL,SIMULADO
2026-09-16 15:49:21,TEST_NORMAL_001,VEICULO_TESTE_01,2199.2,50.3,84.6,37.1,25.8,31.1,49.9,9.28,14.19,67.88,NORMAL,SIMULADO
2026-09-16 15:49:22,TEST_NORMAL_001,VEICULO_TESTE_01,2261.7,50.8,86.4,41.5,24.8,30.3,51.8,8.9,14.13,67.88,NORMAL,SIMULADO
2026-09-16 15:49:23,TEST_NORMAL_001,VEICULO_TESTE_01,2154.2,51.2,85.5,36.4,24.0,30.6,53.4,8.8,14.08,67.88,NORMAL,SIMULADO
2026-09-16 15:49:24,TEST_NORMAL_001,VEICULO_TESTE_01,2115.2,51.4,86.6,30.1,22.4,30.7,48.5,9.12,14.18,67.87,NORMAL,SIMULADO
2026-09-16 15:49:25,TEST_NORMAL_001,VEICULO_TESTE_01,2041.5,51.5,84.9,23.9,16.3,30.9,43.0,7.77,14.16,67.87,NORMAL,SIMULADO
2026-09-16 15:49:26,TEST_NORMAL_001,VEICULO_TESTE_01,2069.0,51.2,85.0,25.8,16.6,31.3,41.2,8.75,14.2,67.87,NORMAL,SIMULADO
2026-09-16 15:49:27,TEST_NORMAL_001,VEICULO_TESTE_01,2044.0,50.6,85.6,29.0,20.0,29.9,45.4,7.58,14.16,67.87,NORMAL,SIMULADO
2026-09-16 15:49:28,TEST_NORMAL_001,VEICULO_TESTE_01,2066.9,49.7,85.2,24.4,14.8,29.6,40.1,8.38,14.12,67.87,NORMAL,SIMULADO
2026-09-16 15:49:29,TEST_NORMAL_001,VEICULO_TESTE_01,2105.5,48.7,85.3,23.6,18.6,30.6,44.7,7.66,14.02,67.87,NORMAL,SIMULADO
2026-09-16 15:49:30,TEST_NORMAL_001,VEICULO_TESTE_01,1946.3,47.4,86.6,23.7,13.9,29.1,39.5,7.62,13.99,67.87,NORMAL,SIMULADO
2026-09-16 15:49:31,TEST_NORMAL_001,VEICULO_TESTE_01,1948.6,46.3,85.8,31.0,15.8,32.2,46.6,7.95,14.15,67.86,NORMAL,SIMULADO
2026-09-16 15:49:32,TEST_NORMAL_001,VEICULO_TESTE_01,1954.1,45.2,84.8,27.2,16.1,30.2,46.2,8.06,14.08,67.86,NORMAL,SIMULADO
2026-09-16 15:49:33,TEST_NORMAL_001,VEICULO_TESTE_01,1933.9,44.3,85.4,33.4,18.7,30.9,47.5,7.53,14.32,67.86,NORMAL,SIMULADO
2026-09-16 15:49:34,TEST_NORMAL_001,VEICULO_TESTE_01,1851.7,43.3,85.6,28.3,17.2,30.2,43.4,8.14,14.18,67.86,NORMAL,SIMULADO
2026-09-16 15:49:35,TEST_NORMAL_001,VEICULO_TESTE_01,1929.1,42.3,85.9,27.7,19.2,30.1,46.3,7.55,14.04,67.86,NORMAL,SIMULADO
2026-09-16 15:49:36,TEST_NORMAL_001,VEICULO_TESTE_01,1796.1,41.2,85.1,19.3,15.0,28.3,39.9,7.0,14.18,67.86,NORMAL,SIMULADO
2026-09-16 15:49:37,TEST_NORMAL_001,VEICULO_TESTE_01,1857.3,40.2,86.3,26.5,17.0,29.6,40.8,7.66,14.22,67.86,NORMAL,SIMULADO
2026-09-16 15:49:38,TEST_NORMAL_001,VEICULO_TESTE_01,1761.5,39.1,86.9,25.3,17.8,31.1,43.0,6.84,14.33,67.86,NORMAL,SIMULADO
2026-09-16 15:49:39,TEST_NORMAL_001,VEICULO_TESTE_01,1736.8,38.1,85.2,26.3,16.3,29.9,44.2,6.98,14.26,67.85,NORMAL,SIMULADO
2026-09-16 15:49:40,TEST_NORMAL_001,VEICULO_TESTE_01,1698.1,37.2,85.2,31.0,19.5,30.3,44.7,6.93,14.08,67.85,NORMAL,SIMULADO
2026-09-16 15:49:41,TEST_NORMAL_001,VEICULO_TESTE_01,1650.1,36.3,86.5,26.9,14.8,31.4,44.4,6.93,14.12,67.85,NORMAL,SIMULADO
2026-09-16 15:49:42,TEST_NORMAL_001,VEICULO_TESTE_01,1630.9,35.5,85.5,30.9,15.6,30.2,43.2,7.64,14.12,67.85,NORMAL,SIMULADO
2026-09-16 15:49:43,TEST_NORMAL_001,VEICULO_TESTE_01,1692.6,34.4,86.4,21.4,15.7,32.3,44.1,6.65,14.15,67.85,NORMAL,SIMULADO
2026-09-16 15:49:44,TEST_NORMAL_001,VEICULO_TESTE_01,1636.6,33.4,85.2,22.3,14.8,30.5,40.9,6.7,14.2,67.85,NORMAL,SIMULADO
2026-09-16 15:49:45,TEST_NORMAL_001,VEICULO_TESTE_01,1532.0,32.4,85.0,25.9,14.1,30.8,41.7,5.95,14.16,67.85,NORMAL,SIMULADO
2026-09-16 15:49:46,TEST_NORMAL_001,VEICULO_TESTE_01,1591.6,31.4,85.4,29.4,17.5,29.6,44.9,7.3,14.27,67.84,NORMAL,SIMULADO
2026-09-16 15:49:47,TEST_NORMAL_001,VEICULO_TESTE_01,1516.2,30.0,86.1,19.7,13.6,30.2,44.9,6.1,14.1,67.84,NORMAL,SIMULADO
2026-09-16 15:49:48,TEST_NORMAL_001,VEICULO_TESTE_01,1429.5,28.8,85.0,24.4,11.0,30.9,37.3,5.33,14.16,67.84,NORMAL,SIMULADO
2026-09-16 15:49:49,TEST_NORMAL_001,VEICULO_TESTE_01,1477.6,27.3,86.3,22.7,13.8,30.1,39.9,6.45,14.08,67.84,NORMAL,SIMULADO
2026-09-16 15:49:50,TEST_NORMAL_001,VEICULO_TESTE_01,1358.9,26.0,84.6,17.5,10.7,29.0,37.1,6.08,14.01,67.84,NORMAL,SIMULADO
2026-09-16 15:49:51,TEST_NORMAL_001,VEICULO_TESTE_01,1367.4,24.5,86.3,25.0,13.0,30.3,45.4,5.32,14.22,67.84,NORMAL,SIMULADO
2026-09-16 15:49:52,TEST_NORMAL_001,VEICULO_TESTE_01,1414.0,23.4,85.8,19.0,10.1,31.4,40.1,6.45,14.11,67.84,NORMAL,SIMULADO
2026-09-16 15:49:53,TEST_NORMAL_001,VEICULO_TESTE_01,1410.4,22.3,86.0,25.4,13.5,30.3,42.2,6.19,14.14,67.84,NORMAL,SIMULADO
2026-09-16 15:49:54,TEST_NORMAL_001,VEICULO_TESTE_01,1394.7,21.2,85.7,18.9,11.3,29.7,41.4,5.74,14.26,67.83,NORMAL,SIMULADO
2026-09-16 15:49:55,TEST_NORMAL_001,VEICULO_TESTE_01,1244.0,19.9,86.0,26.3,14.6,29.8,39.5,5.82,14.27,67.83,NORMAL,SIMULADO
2026-09-16 15:49:56,TEST_NORMAL_001,VEICULO_TESTE_01,1219.8,18.8,86.5,23.2,14.7,30.5,39.6,5.85,14.13,67.83,NORMAL,SIMULADO
2026-09-16 15:49:57,TEST_NORMAL_001,VEICULO_TESTE_01,1222.6,17.8,86.0,27.1,15.1,27.8,42.1,5.84,14.1,67.83,NORMAL,SIMULADO
2026-09-16 15:49:58,TEST_NORMAL_001,VEICULO_TESTE_01,1272.7,16.8,86.7,27.8,13.7,29.3,44.3,6.02,14.27,67.83,NORMAL,SIMULADO
2026-09-16 15:49:59,TEST_NORMAL_001,VEICULO_TESTE_01,1210.9,15.8,85.8,20.6,11.4,29.6,35.7,5.39,14.1,67.83,NORMAL,SIMULADO
2026-09-16 15:50:00,TEST_NORMAL_001,VEICULO_TESTE_01,1201.7,15.0,85.3,27.0,12.0,30.4,39.2,5.79,14.22,67.83,NORMAL,SIMULADO
2026-09-16 15:50:01,TEST_NORMAL_001,VEICULO_TESTE_01,1198.4,14.3,85.9,25.1,11.9,29.1,38.2,6.08,14.14,67.83,NORMAL,SIMULADO
2026-09-16 15:50:02,TEST_NORMAL_001,VEICULO_TESTE_01,1302.6,13.3,87.5,28.2,13.3,31.1,40.2,6.35,14.09,67.83,NORMAL,SIMULADO
2026-09-16 15:50:03,TEST_NORMAL_001,VEICULO_TESTE_01,1154.8,12.1,85.8,22.7,9.7,31.2,40.9,5.92,14.09,67.82,NORMAL,SIMULADO
2026-09-16 15:50:04,TEST_NORMAL_001,VEICULO_TESTE_01,1071.1,10.9,85.5,19.6,11.2,28.4,41.4,5.66,14.12,67.82,NORMAL,SIMULADO
2026-09-16 15:50:05,TEST_NORMAL_001,VEICULO_TESTE_01,1037.0,9.8,86.6,26.0,9.5,28.5,39.7,5.17,14.19,67.82,NORMAL,SIMULADO
2026-09-16 15:50:06,TEST_NORMAL_001,VEICULO_TESTE_01,1044.0,8.4,85.7,17.3,12.4,29.9,40.7,5.1,14.02,67.82,NORMAL,SIMULADO
2026-09-16 15:50:07,TEST_NORMAL_001,VEICULO_TESTE_01,877.1,7.1,86.4,23.9,9.1,29.7,39.7,5.38,14.08,67.82,NORMAL,SIMULADO
2026-09-16 15:50:08,TEST_NORMAL_001,VEICULO_TESTE_01,932.5,6.1,85.9,28.1,14.2,30.1,42.2,5.72,14.0,67.82,NORMAL,SIMULADO
2026-09-16 15:50:09,TEST_NORMAL_001,VEICULO_TESTE_01,1015.1,5.1,86.4,21.4,11.5,30.3,38.0,5.34,14.21,67.82,NORMAL,SIMULADO
2026-09-16 15:50:10,TEST_NORMAL_001,VEICULO_TESTE_01,980.8,3.9,85.6,22.1,13.9,30.3,40.1,5.04,14.03,67.82,NORMAL,SIMULADO
2026-09-16 15:50:11,TEST_NORMAL_001,VEICULO_TESTE_01,913.5,2.7,86.8,19.2,10.6,28.2,38.4,5.59,14.17,67.81,NORMAL,SIMULADO
2026-09-16 15:50:12,TEST_NORMAL_001,VEICULO_TESTE_01,877.1,1.7,86.2,23.6,6.4,29.9,37.0,5.02,14.11,67.81,NORMAL,SIMULADO
2026-09-16 15:50:13,TEST_NORMAL_001,VEICULO_TESTE_01,781.2,0.9,86.9,23.4,11.6,29.4,38.7,5.01,14.21,67.81,NORMAL,SIMULADO
2026-09-16 15:50:14,TEST_NORMAL_001,VEICULO_TESTE_01,822.4,0.3,85.8,23.2,12.1,27.8,39.2,4.28,14.17,67.81,NORMAL,SIMULADO
2026-09-16 15:50:15,TEST_NORMAL_001,VEICULO_TESTE_01,841.4,0.0,85.6,22.9,12.8,28.2,41.2,4.69,14.22,67.81,NORMAL,SIMULADO
2026-09-16 15:50:16,TEST_NORMAL_001,VEICULO_TESTE_01,840.1,0.0,86.9,24.5,12.5,30.0,41.1,5.45,14.23,67.81,NORMAL,SIMULADO
2026-09-16 15:50:17,TEST_NORMAL_001,VEICULO_TESTE_01,802.1,0.0,86.5,25.0,12.5,29.0,37.0,4.76,14.23,67.81,NORMAL,SIMULADO
2026-09-16 15:50:18,TEST_NORMAL_001,VEICULO_TESTE_01,721.2,0.0,86.5,21.1,11.1,30.1,37.0,3.59,14.24,67.81,NORMAL,SIMULADO
2026-09-16 15:50:19,TEST_NORMAL_001,VEICULO_TESTE_01,749.9,0.0,86.0,19.1,13.5,30.1,43.1,4.33,14.02,67.81,NORMAL,SIMULADO
2026-09-16 15:50:20,TEST_NORMAL_001,VEICULO_TESTE_01,805.5,0.0,87.2,17.8,12.7,28.9,41.9,4.43,14.23,67.81,NORMAL,SIMULADO
2026-09-16 15:50:21,TEST_NORMAL_001,VEICULO_TESTE_01,745.7,0.0,85.4,24.5,11.7,30.2,40.4,4.73,14.17,67.8,NORMAL,SIMULADO
2026-09-16 15:50:22,TEST_NORMAL_001,VEICULO_TESTE_01,742.1,0.0,86.4,21.9,11.1,30.5,40.0,4.72,14.17,67.8,NORMAL,SIMULADO
2026-09-16 15:50:23,TEST_NORMAL_001,VEICULO_TESTE_01,785.5,0.0,86.4,20.1,11.3,31.3,38.2,5.08,14.13,67.8,NORMAL,SIMULADO
2026-09-16 15:50:24,TEST_NORMAL_001,VEICULO_TESTE_01,765.1,0.0,86.7,24.8,11.4,30.0,36.9,4.58,14.17,67.8,NORMAL,SIMULADO
2026-09-16 15:50:25,TEST_NORMAL_001,VEICULO_TESTE_01,781.0,0.0,86.4,23.5,12.2,30.1,44.0,5.68,14.3,67.8,NORMAL,SIMULADO
2026-09-16 15:50:26,TEST_NORMAL_001,VEICULO_TESTE_01,801.5,0.0,86.4,19.5,10.9,29.4,38.3,5.08,14.14,67.8,NORMAL,SIMULADO
2026-09-16 15:50:27,TEST_NORMAL_001,VEICULO_TESTE_01,829.8,0.0,86.2,27.2,13.5,28.6,42.2,4.76,14.1,67.8,NORMAL,SIMULADO
2026-09-16 15:50:28,TEST_NORMAL_001,VEICULO_TESTE_01,766.4,0.2,86.2,27.6,11.2,30.4,38.1,4.91,14.13,67.8,NORMAL,SIMULADO
2026-09-16 15:50:29,TEST_NORMAL_001,VEICULO_TESTE_01,788.9,0.6,86.3,20.7,12.6,28.8,37.7,4.02,14.26,67.8,NORMAL,SIMULADO
2026-09-16 15:50:30,TEST_NORMAL_001,VEICULO_TESTE_01,895.2,1.1,87.1,34.2,20.0,30.6,48.3,5.3,14.04,67.79,NORMAL,SIMULADO
2026-09-16 15:50:31,TEST_NORMAL_001,VEICULO_TESTE_01,1019.3,1.7,86.5,32.5,19.8,29.4,46.7,6.21,14.04,67.79,NORMAL,SIMULADO
2026-09-16 15:50:32,TEST_NORMAL_001,VEICULO_TESTE_01,1048.2,2.4,87.7,37.4,21.1,31.6,46.5,6.86,14.03,67.79,NORMAL,SIMULADO
2026-09-16 15:50:33,TEST_NORMAL_001,VEICULO_TESTE_01,997.1,3.0,85.3,28.2,14.0,29.7,41.6,5.52,14.05,67.79,NORMAL,SIMULADO
2026-09-16 15:50:34,TEST_NORMAL_001,VEICULO_TESTE_01,1047.6,3.6,87.8,32.8,19.0,31.3,44.2,5.62,14.2,67.79,NORMAL,SIMULADO
2026-09-16 15:50:35,TEST_NORMAL_001,VEICULO_TESTE_01,1097.8,4.2,86.7,31.2,17.8,27.7,45.0,6.25,14.15,67.79,NORMAL,SIMULADO
2026-09-16 15:50:36,TEST_NORMAL_001,VEICULO_TESTE_01,1078.1,5.0,88.0,30.3,18.0,29.7,44.2,5.2,14.15,67.79,NORMAL,SIMULADO
2026-09-16 15:50:37,TEST_NORMAL_001,VEICULO_TESTE_01,1133.6,5.7,87.0,33.9,18.7,30.3,43.3,6.2,14.27,67.79,NORMAL,SIMULADO
2026-09-16 15:50:38,TEST_NORMAL_001,VEICULO_TESTE_01,1227.8,6.6,86.9,36.0,19.4,31.8,51.0,6.63,14.09,67.78,NORMAL,SIMULADO
2026-09-16 15:50:39,TEST_NORMAL_001,VEICULO_TESTE_01,1158.2,7.4,87.4,31.6,18.9,29.6,44.5,6.37,14.19,67.78,NORMAL,SIMULADO
2026-09-16 15:50:40,TEST_NORMAL_001,VEICULO_TESTE_01,1245.8,8.3,87.1,36.9,17.2,29.9,42.6,7.56,14.15,67.78,NORMAL,SIMULADO
2026-09-16 15:50:41,TEST_NORMAL_001,VEICULO_TESTE_01,1103.0,9.1,85.6,39.1,20.9,29.5,49.5,6.96,14.08,67.78,NORMAL,SIMULADO
2026-09-16 15:50:42,TEST_NORMAL_001,VEICULO_TESTE_01,1272.2,10.1,87.5,43.2,23.4,29.0,53.3,6.69,14.18,67.78,NORMAL,SIMULADO
2026-09-16 15:50:43,TEST_NORMAL_001,VEICULO_TESTE_01,1181.0,11.1,86.3,39.5,19.0,29.7,48.1,6.3,14.19,67.78,NORMAL,SIMULADO
2026-09-16 15:50:44,TEST_NORMAL_001,VEICULO_TESTE_01,1517.4,12.0,87.9,48.6,25.5,29.2,52.6,7.99,14.11,67.78,NORMAL,SIMULADO
2026-09-16 15:50:45,TEST_NORMAL_001,VEICULO_TESTE_01,1259.3,12.8,87.6,40.5,20.8,30.4,49.6,6.64,14.22,67.78,NORMAL,SIMULADO
2026-09-16 15:50:46,TEST_NORMAL_001,VEICULO_TESTE_01,1305.9,13.7,86.9,38.4,22.2,30.7,50.6,6.09,14.07,67.77,NORMAL,SIMULADO
2026-09-16 15:50:47,TEST_NORMAL_001,VEICULO_TESTE_01,1372.8,14.5,86.8,39.6,22.6,30.3,49.0,6.38,14.32,67.77,NORMAL,SIMULADO
2026-09-16 15:50:48,TEST_NORMAL_001,VEICULO_TESTE_01,1479.0,15.2,86.3,29.4,21.9,30.9,45.9,7.71,14.02,67.77,NORMAL,SIMULADO
2026-09-16 15:50:49,TEST_NORMAL_001,VEICULO_TESTE_01,1537.3,15.9,87.5,37.2,23.1,30.2,52.3,7.16,14.09,67.77,NORMAL,SIMULADO
2026-09-16 15:50:50,TEST_NORMAL_001,VEICULO_TESTE_01,1349.2,16.7,87.2,46.6,22.9,29.2,48.4,7.23,14.04,67.77,NORMAL,SIMULADO
2026-09-16 15:50:51,TEST_NORMAL_001,VEICULO_TESTE_01,1415.2,17.5,86.3,33.8,20.4,30.6,45.6,7.1,14.22,67.77,NORMAL,SIMULADO
2026-09-16 15:50:52,TEST_NORMAL_001,VEICULO_TESTE_01,1409.5,18.1,89.0,39.1,18.9,31.1,48.7,7.65,14.25,67.77,NORMAL,SIMULADO
2026-09-16 15:50:53,TEST_NORMAL_001,VEICULO_TESTE_01,1362.8,18.7,87.7,36.4,19.7,28.9,50.1,7.42,14.16,67.76,NORMAL,SIMULADO
2026-09-16 15:50:54,TEST_NORMAL_001,VEICULO_TESTE_01,1559.8,19.4,88.3,41.7,22.1,29.3,50.9,7.55,14.01,67.76,NORMAL,SIMULADO
2026-09-16 15:50:55,TEST_NORMAL_001,VEICULO_TESTE_01,1422.2,20.0,87.3,36.1,19.5,29.8,45.4,7.95,14.06,67.76,NORMAL,SIMULADO
2026-09-16 15:50:56,TEST_NORMAL_001,VEICULO_TESTE_01,1511.5,20.7,87.9,39.2,26.0,30.4,51.6,7.8,14.1,67.76,NORMAL,SIMULADO
2026-09-16 15:50:57,TEST_NORMAL_001,VEICULO_TESTE_01,1738.2,21.6,86.4,38.2,25.8,30.3,50.3,8.6,14.25,67.76,NORMAL,SIMULADO
2026-09-16 15:50:58,TEST_NORMAL_001,VEICULO_TESTE_01,1584.8,22.6,87.2,42.4,21.7,30.3,44.7,7.49,14.19,67.76,NORMAL,SIMULADO
2026-09-16 15:50:59,TEST_NORMAL_001,VEICULO_TESTE_01,1771.4,23.6,87.8,38.8,21.9,31.7,51.3,8.05,14.32,67.76,NORMAL,SIMULADO
2026-09-16 15:51:00,TEST_NORMAL_001,VEICULO_TESTE_01,1703.8,24.4,86.8,38.3,22.1,29.7,51.2,7.53,14.19,67.75,NORMAL,SIMULADO
2026-09-16 15:51:01,TEST_NORMAL_001,VEICULO_TESTE_01,1519.2,25.2,87.2,37.4,21.2,31.0,49.1,7.61,14.11,67.75,NORMAL,SIMULADO
2026-09-16 15:51:02,TEST_NORMAL_001,VEICULO_TESTE_01,1602.5,26.0,86.9,33.7,23.4,29.4,46.2,7.39,13.91,67.75,NORMAL,SIMULADO
2026-09-16 15:51:03,TEST_NORMAL_001,VEICULO_TESTE_01,1660.9,26.7,86.9,30.5,17.2,28.9,46.7,6.58,14.14,67.75,NORMAL,SIMULADO
2026-09-16 15:51:04,TEST_NORMAL_001,VEICULO_TESTE_01,1644.7,27.4,87.7,36.6,22.7,30.8,53.8,7.98,14.07,67.75,NORMAL,SIMULADO
2026-09-16 15:51:05,TEST_NORMAL_001,VEICULO_TESTE_01,1710.8,28.0,86.7,36.1,21.0,30.1,48.9,7.66,14.13,67.75,NORMAL,SIMULADO
2026-09-16 15:51:06,TEST_NORMAL_001,VEICULO_TESTE_01,1668.5,28.4,87.3,34.4,18.5,29.5,46.8,8.25,14.08,67.75,NORMAL,SIMULADO
2026-09-16 15:51:07,TEST_NORMAL_001,VEICULO_TESTE_01,1663.5,28.6,87.2,28.5,17.2,28.9,45.9,6.91,14.15,67.74,NORMAL,SIMULADO
2026-09-16 15:51:08,TEST_NORMAL_001,VEICULO_TESTE_01,1498.0,28.7,87.8,27.9,14.5,28.8,44.1,7.31,14.04,67.74,NORMAL,SIMULADO
2026-09-16 15:51:09,TEST_NORMAL_001,VEICULO_TESTE_01,1514.4,28.7,87.7,29.3,19.1,28.8,48.0,7.28,14.11,67.74,NORMAL,SIMULADO
2026-09-16 15:51:10,TEST_NORMAL_001,VEICULO_TESTE_01,1357.4,28.7,86.0,23.3,12.5,30.2,40.5,6.14,14.16,67.74,NORMAL,SIMULADO
2026-09-16 15:51:11,TEST_NORMAL_001,VEICULO_TESTE_01,1539.3,28.6,87.3,25.8,16.1,30.5,41.2,6.45,14.21,67.74,NORMAL,SIMULADO
2026-09-16 15:51:12,TEST_NORMAL_001,VEICULO_TESTE_01,1552.4,28.6,87.9,27.2,14.6,29.4,41.7,6.89,14.06,67.74,NORMAL,SIMULADO
2026-09-16 15:51:13,TEST_NORMAL_001,VEICULO_TESTE_01,1554.5,28.6,86.9,23.1,12.8,29.9,38.6,6.7,14.08,67.74,NORMAL,SIMULADO
2026-09-16 15:51:14,TEST_NORMAL_001,VEICULO_TESTE_01,1543.4,28.7,87.6,26.7,12.1,28.5,37.8,6.17,14.13,67.74,NORMAL,SIMULADO
2026-09-16 15:51:15,TEST_NORMAL_001,VEICULO_TESTE_01,1488.4,28.7,87.7,25.2,15.4,29.4,44.2,6.92,14.24,67.73,NORMAL,SIMULADO
2026-09-16 15:51:16,TEST_NORMAL_001,VEICULO_TESTE_01,1384.4,28.8,87.5,24.4,13.1,30.2,45.1,6.39,14.15,67.73,NORMAL,SIMULADO
2026-09-16 15:51:17,TEST_NORMAL_001,VEICULO_TESTE_01,1455.4,28.7,87.5,22.8,13.4,31.4,39.4,6.58,14.22,67.73,NORMAL,SIMULADO
2026-09-16 15:51:18,TEST_NORMAL_001,VEICULO_TESTE_01,1488.2,28.7,87.4,27.3,13.2,30.0,41.5,5.88,14.07,67.73,NORMAL,SIMULADO
2026-09-16 15:51:19,TEST_NORMAL_001,VEICULO_TESTE_01,1638.7,28.7,86.0,26.4,15.0,31.4,41.8,6.88,14.2,67.73,NORMAL,SIMULADO
2026-09-16 15:51:20,TEST_NORMAL_001,VEICULO_TESTE_01,1484.8,28.7,87.0,24.6,12.5,30.3,40.7,6.45,14.12,67.73,NORMAL,SIMULADO
2026-09-16 15:51:21,TEST_NORMAL_001,VEICULO_TESTE_01,1360.6,28.6,88.0,22.4,12.7,30.4,42.7,5.76,14.33,67.73,NORMAL,SIMULADO
2026-09-16 15:51:22,TEST_NORMAL_001,VEICULO_TESTE_01,1517.2,28.7,86.5,28.7,17.9,28.9,45.0,6.48,14.14,67.73,NORMAL,SIMULADO
2026-09-16 15:51:23,TEST_NORMAL_001,VEICULO_TESTE_01,1549.4,28.6,87.5,27.4,14.2,31.2,41.0,6.84,14.24,67.72,NORMAL,SIMULADO
2026-09-16 15:51:24,TEST_NORMAL_001,VEICULO_TESTE_01,1500.0,28.6,88.0,29.0,14.6,30.3,45.4,6.62,14.1,67.72,NORMAL,SIMULADO
2026-09-16 15:51:25,TEST_NORMAL_001,VEICULO_TESTE_01,1548.5,28.6,88.3,23.2,11.0,32.0,38.3,7.48,14.12,67.72,NORMAL,SIMULADO
2026-09-16 15:51:26,TEST_NORMAL_001,VEICULO_TESTE_01,1329.1,28.5,87.2,25.5,13.9,31.4,40.7,5.97,14.25,67.72,NORMAL,SIMULADO
2026-09-16 15:51:27,TEST_NORMAL_001,VEICULO_TESTE_01,1460.8,28.5,89.3,26.0,14.3,30.7,40.4,6.44,14.21,67.72,NORMAL,SIMULADO
2026-09-16 15:51:28,TEST_NORMAL_001,VEICULO_TESTE_01,1573.2,28.6,87.6,27.3,16.7,29.7,43.3,7.38,14.09,67.72,NORMAL,SIMULADO
2026-09-16 15:51:29,TEST_NORMAL_001,VEICULO_TESTE_01,1384.1,28.6,86.7,19.8,12.6,30.2,42.2,6.05,14.2,67.72,NORMAL,SIMULADO
2026-09-16 15:51:30,TEST_NORMAL_001,VEICULO_TESTE_01,1534.9,28.6,87.1,23.1,15.7,29.7,43.4,7.0,14.19,67.72,NORMAL,SIMULADO
2026-09-16 15:51:31,TEST_NORMAL_001,VEICULO_TESTE_01,1517.4,28.6,87.2,28.7,13.7,27.8,43.4,6.86,14.17,67.71,NORMAL,SIMULADO
2026-09-16 15:51:32,TEST_NORMAL_001,VEICULO_TESTE_01,1466.4,28.6,87.0,34.4,17.2,31.1,46.5,7.46,14.26,67.71,NORMAL,SIMULADO
2026-09-16 15:51:33,TEST_NORMAL_001,VEICULO_TESTE_01,1434.3,28.6,88.8,18.0,12.9,30.8,42.4,6.63,14.13,67.71,NORMAL,SIMULADO
2026-09-16 15:51:34,TEST_NORMAL_001,VEICULO_TESTE_01,1508.4,28.6,87.2,28.5,14.6,30.0,41.2,6.97,14.19,67.71,NORMAL,SIMULADO
2026-09-16 15:51:35,TEST_NORMAL_001,VEICULO_TESTE_01,1512.1,28.6,88.2,28.7,18.4,27.3,44.9,6.51,14.16,67.71,NORMAL,SIMULADO
2026-09-16 15:51:36,TEST_NORMAL_001,VEICULO_TESTE_01,1488.8,28.6,87.1,19.8,12.8,29.6,38.5,6.4,14.04,67.71,NORMAL,SIMULADO
2026-09-16 15:51:37,TEST_NORMAL_001,VEICULO_TESTE_01,1479.8,28.6,88.8,25.3,15.5,29.0,42.5,6.69,14.09,67.71,NORMAL,SIMULADO
2026-09-16 15:51:38,TEST_NORMAL_001,VEICULO_TESTE_01,1555.8,28.6,86.8,30.2,14.4,28.8,43.2,6.99,14.18,67.71,NORMAL,SIMULADO
2026-09-16 15:51:39,TEST_NORMAL_001,VEICULO_TESTE_01,1529.3,28.6,87.7,17.9,13.0,30.8,39.7,6.23,14.12,67.7,NORMAL,SIMULADO
2026-09-16 15:51:40,TEST_NORMAL_001,VEICULO_TESTE_01,1448.8,28.6,88.3,29.6,16.8,29.4,46.1,7.35,14.13,67.7,NORMAL,SIMULADO
2026-09-16 15:51:41,TEST_NORMAL_001,VEICULO_TESTE_01,1469.7,28.7,87.4,24.7,11.7,28.8,41.1,6.79,14.09,67.7,NORMAL,SIMULADO
2026-09-16 15:51:42,TEST_NORMAL_001,VEICULO_TESTE_01,1474.1,28.7,88.5,21.9,12.4,31.9,39.1,6.48,14.2,67.7,NORMAL,SIMULADO
2026-09-16 15:51:43,TEST_NORMAL_001,VEICULO_TESTE_01,1397.1,28.7,88.4,29.3,16.3,31.8,43.9,6.81,14.13,67.7,NORMAL,SIMULADO
2026-09-16 15:51:44,TEST_NORMAL_001,VEICULO_TESTE_01,1573.4,28.7,88.8,30.9,15.9,30.4,44.9,7.14,14.11,67.7,NORMAL,SIMULADO
2026-09-16 15:51:45,TEST_NORMAL_001,VEICULO_TESTE_01,1568.7,28.8,88.2,34.6,15.4,29.7,47.4,8.23,14.09,67.7,NORMAL,SIMULADO
2026-09-16 15:51:46,TEST_NORMAL_001,VEICULO_TESTE_01,1618.0,29.0,88.5,31.7,21.4,31.1,46.6,7.19,14.15,67.69,NORMAL,SIMULADO
2026-09-16 15:51:47,TEST_NORMAL_001,VEICULO_TESTE_01,1703.5,29.5,88.5,34.3,22.8,29.5,50.6,7.2,14.13,67.69,NORMAL,SIMULADO
2026-09-16 15:51:48,TEST_NORMAL_001,VEICULO_TESTE_01,1782.3,30.1,88.0,30.8,21.6,31.9,46.2,7.52,14.28,67.69,NORMAL,SIMULADO
2026-09-16 15:51:49,TEST_NORMAL_001,VEICULO_TESTE_01,1830.9,30.8,89.3,41.5,25.3,28.7,51.0,8.69,14.15,67.69,NORMAL,SIMULADO
2026-09-16 15:51:50,TEST_NORMAL_001,VEICULO_TESTE_01,1753.2,31.6,88.6,36.5,22.6,28.4,47.4,7.8,14.21,67.69,NORMAL,SIMULADO
2026-09-16 15:51:51,TEST_NORMAL_001,VEICULO_TESTE_01,1740.6,32.3,88.1,36.9,22.4,30.0,53.0,8.15,14.16,67.69,NORMAL,SIMULADO
2026-09-16 15:51:52,TEST_NORMAL_001,VEICULO_TESTE_01,1676.6,33.0,88.2,36.3,21.6,30.2,49.0,7.29,14.27,67.69,NORMAL,SIMULADO
2026-09-16 15:51:53,TEST_NORMAL_001,VEICULO_TESTE_01,1847.1,33.7,87.9,37.8,21.2,29.7,51.2,8.28,14.12,67.68,NORMAL,SIMULADO
2026-09-16 15:51:54,TEST_NORMAL_001,VEICULO_TESTE_01,1837.3,34.5,88.1,42.6,24.5,29.6,52.6,8.51,14.15,67.68,NORMAL,SIMULADO
2026-09-16 15:51:55,TEST_NORMAL_001,VEICULO_TESTE_01,1959.9,35.4,88.3,36.7,23.4,29.1,51.3,7.7,14.1,67.68,NORMAL,SIMULADO
2026-09-16 15:51:56,TEST_NORMAL_001,VEICULO_TESTE_01,1997.7,36.2,88.4,39.2,24.1,28.8,51.3,8.52,14.15,67.68,NORMAL,SIMULADO
2026-09-16 15:51:57,TEST_NORMAL_001,VEICULO_TESTE_01,1906.3,37.0,87.6,40.2,25.8,30.2,51.9,8.84,14.18,67.68,NORMAL,SIMULADO
2026-09-16 15:51:58,TEST_NORMAL_001,VEICULO_TESTE_01,1924.5,37.8,88.4,41.1,23.7,27.9,52.5,8.56,14.05,67.68,NORMAL,SIMULADO
2026-09-16 15:51:59,TEST_NORMAL_001,VEICULO_TESTE_01,2005.9,38.6,87.2,37.8,26.3,29.7,52.6,9.39,14.26,67.68,NORMAL,SIMULADO
2026-09-16 15:52:00,TEST_NORMAL_001,VEICULO_TESTE_01,1978.4,39.2,88.2,34.0,27.1,28.8,54.5,8.08,14.29,67.67,NORMAL,SIMULADO
2026-09-16 15:52:01,TEST_NORMAL_001,VEICULO_TESTE_01,2002.6,39.9,88.4,34.6,19.0,30.5,48.6,7.98,14.33,67.67,NORMAL,SIMULADO
2026-09-16 15:52:02,TEST_NORMAL_001,VEICULO_TESTE_01,2088.9,40.7,88.3,39.1,26.3,30.1,55.1,8.37,14.27,67.67,NORMAL,SIMULADO
2026-09-16 15:52:03,TEST_NORMAL_001,VEICULO_TESTE_01,1996.6,41.5,88.4,40.2,23.2,29.9,53.7,8.46,14.05,67.67,NORMAL,SIMULADO
2026-09-16 15:52:04,TEST_NORMAL_001,VEICULO_TESTE_01,2089.0,42.3,88.9,41.3,23.4,29.2,51.6,8.74,14.1,67.67,NORMAL,SIMULADO
2026-09-16 15:52:05,TEST_NORMAL_001,VEICULO_TESTE_01,2136.8,43.1,87.7,44.3,22.9,30.9,54.0,9.09,14.3,67.67,NORMAL,SIMULADO
2026-09-16 15:52:06,TEST_NORMAL_001,VEICULO_TESTE_01,2104.3,44.1,88.1,45.1,28.0,30.0,54.0,8.75,14.32,67.66,NORMAL,SIMULADO
2026-09-16 15:52:07,TEST_NORMAL_001,VEICULO_TESTE_01,2126.7,44.9,88.7,39.3,23.2,28.5,47.8,8.7,14.12,67.66,NORMAL,SIMULADO
2026-09-16 15:52:08,TEST_NORMAL_001,VEICULO_TESTE_01,1938.7,45.4,87.3,29.3,22.8,31.0,49.6,7.83,14.19,67.66,NORMAL,SIMULADO
2026-09-16 15:52:09,TEST_NORMAL_001,VEICULO_TESTE_01,1940.5,45.8,89.4,30.4,22.6,30.4,49.8,8.59,14.06,67.66,NORMAL,SIMULADO
2026-09-16 15:52:10,TEST_NORMAL_001,VEICULO_TESTE_01,1978.5,46.1,88.4,29.7,19.9,30.3,48.1,8.67,14.16,67.66,NORMAL,SIMULADO
2026-09-16 15:52:11,TEST_NORMAL_001,VEICULO_TESTE_01,1965.6,46.2,87.9,29.4,20.5,28.1,49.3,8.28,14.04,67.66,NORMAL,SIMULADO
2026-09-16 15:52:12,TEST_NORMAL_001,VEICULO_TESTE_01,2086.0,46.2,87.7,25.9,17.1,30.6,45.3,8.11,14.23,67.66,NORMAL,SIMULADO
2026-09-16 15:52:13,TEST_NORMAL_001,VEICULO_TESTE_01,1873.3,46.2,88.4,27.5,17.2,31.2,43.9,7.96,14.23,67.65,NORMAL,SIMULADO
2026-09-16 15:52:14,TEST_NORMAL_001,VEICULO_TESTE_01,1908.2,46.3,88.8,33.7,18.4,30.5,46.3,7.72,14.26,67.65,NORMAL,SIMULADO
2026-09-16 15:52:15,TEST_NORMAL_001,VEICULO_TESTE_01,2004.1,46.3,89.6,27.1,14.6,28.8,43.6,8.28,14.22,67.65,NORMAL,SIMULADO
2026-09-16 15:52:16,TEST_NORMAL_001,VEICULO_TESTE_01,1947.2,46.3,88.2,29.9,19.2,30.3,47.0,8.59,14.1,67.65,NORMAL,SIMULADO
2026-09-16 15:52:17,TEST_NORMAL_001,VEICULO_TESTE_01,1923.7,46.3,87.8,22.7,13.6,29.4,45.5,7.95,14.26,67.65,NORMAL,SIMULADO
2026-09-16 15:52:18,TEST_NORMAL_001,VEICULO_TESTE_01,1989.5,46.4,88.6,33.3,17.6,31.6,47.1,7.73,14.14,67.65,NORMAL,SIMULADO
2026-09-16 15:52:19,TEST_NORMAL_001,VEICULO_TESTE_01,1893.4,46.3,87.6,23.9,20.7,28.4,44.5,7.9,14.23,67.65,NORMAL,SIMULADO
2026-09-16 15:52:20,TEST_NORMAL_001,VEICULO_TESTE_01,2001.5,46.2,87.5,29.7,16.8,30.9,39.8,7.6,14.16,67.64,NORMAL,SIMULADO
2026-09-16 15:52:21,TEST_NORMAL_001,VEICULO_TESTE_01,1962.0,46.2,87.4,33.6,19.6,30.5,45.5,8.17,14.24,67.64,NORMAL,SIMULADO
2026-09-16 15:52:22,TEST_NORMAL_001,VEICULO_TESTE_01,1839.9,46.2,87.7,31.1,19.1,31.8,46.9,8.13,14.0,67.64,NORMAL,SIMULADO
2026-09-16 15:52:23,TEST_NORMAL_001,VEICULO_TESTE_01,1965.6,46.2,89.1,31.1,23.5,30.4,47.1,7.54,14.25,67.64,NORMAL,SIMULADO
2026-09-16 15:52:24,TEST_NORMAL_001,VEICULO_TESTE_01,2004.3,46.2,87.9,25.7,18.4,29.7,46.8,8.31,13.95,67.64,NORMAL,SIMULADO
2026-09-16 15:52:25,TEST_NORMAL_001,VEICULO_TESTE_01,1913.5,46.2,88.1,25.6,15.2,29.7,44.6,7.37,14.12,67.64,NORMAL,SIMULADO
2026-09-16 15:52:26,TEST_NORMAL_001,VEICULO_TESTE_01,1894.0,46.3,87.7,26.2,19.5,31.9,46.2,8.11,14.16,67.64,NORMAL,SIMULADO
2026-09-16 15:52:27,TEST_NORMAL_001,VEICULO_TESTE_01,2137.7,46.3,88.5,23.8,16.2,29.2,42.5,8.41,14.21,67.64,NORMAL,SIMULADO
2026-09-16 15:52:28,TEST_NORMAL_001,VEICULO_TESTE_01,1887.6,46.3,89.3,28.1,19.3,31.0,45.2,7.92,14.14,67.63,NORMAL,SIMULADO
2026-09-16 15:52:29,TEST_NORMAL_001,VEICULO_TESTE_01,1940.1,46.3,89.2,35.9,19.3,29.7,45.7,7.9,14.04,67.63,NORMAL,SIMULADO
2026-09-16 15:52:30,TEST_NORMAL_001,VEICULO_TESTE_01,1905.2,46.3,87.3,19.6,13.3,31.3,41.2,7.28,14.33,67.63,NORMAL,SIMULADO
2026-09-16 15:52:31,TEST_NORMAL_001,VEICULO_TESTE_01,1950.1,46.3,88.9,21.1,14.9,28.9,44.1,7.68,14.22,67.63,NORMAL,SIMULADO
2026-09-16 15:52:32,TEST_NORMAL_001,VEICULO_TESTE_01,1924.4,46.2,88.1,24.2,16.1,29.6,49.6,8.12,14.09,67.63,NORMAL,SIMULADO
2026-09-16 15:52:33,TEST_NORMAL_001,VEICULO_TESTE_01,1895.9,46.2,88.4,26.7,15.3,29.5,41.4,8.07,14.21,67.63,NORMAL,SIMULADO
2026-09-16 15:52:34,TEST_NORMAL_001,VEICULO_TESTE_01,1877.8,46.2,88.1,26.3,17.8,29.2,47.5,7.91,14.26,67.63,NORMAL,SIMULADO
2026-09-16 15:52:35,TEST_NORMAL_001,VEICULO_TESTE_01,1907.6,46.3,88.0,32.5,14.2,29.9,41.2,7.31,14.32,67.62,NORMAL,SIMULADO
2026-09-16 15:52:36,TEST_NORMAL_001,VEICULO_TESTE_01,2047.2,46.2,87.8,27.8,16.4,30.4,46.1,7.79,14.23,67.62,NORMAL,SIMULADO
2026-09-16 15:52:37,TEST_NORMAL_001,VEICULO_TESTE_01,1936.1,46.2,87.9,25.7,21.3,29.6,46.3,7.49,14.12,67.62,NORMAL,SIMULADO
2026-09-16 15:52:38,TEST_NORMAL_001,VEICULO_TESTE_01,2002.9,46.2,88.8,25.0,17.0,29.7,43.6,8.37,14.13,67.62,NORMAL,SIMULADO
2026-09-16 15:52:39,TEST_NORMAL_001,VEICULO_TESTE_01,1960.3,46.2,87.8,28.5,16.3,29.9,45.1,7.88,14.2,67.62,NORMAL,SIMULADO
2026-09-16 15:52:40,TEST_NORMAL_001,VEICULO_TESTE_01,1944.0,46.2,88.6,34.5,17.3,30.5,47.5,8.37,14.19,67.62,NORMAL,SIMULADO
2026-09-16 15:52:41,TEST_NORMAL_001,VEICULO_TESTE_01,1994.2,46.3,88.2,28.5,19.7,29.4,47.2,8.06,14.15,67.62,NORMAL,SIMULADO
2026-09-16 15:52:42,TEST_NORMAL_001,VEICULO_TESTE_01,1939.0,46.2,88.5,33.1,17.7,31.3,44.7,8.85,14.26,67.61,NORMAL,SIMULADO
2026-09-16 15:52:43,TEST_NORMAL_001,VEICULO_TESTE_01,1754.4,46.1,87.4,22.8,16.6,30.5,44.7,6.92,14.15,67.61,NORMAL,SIMULADO
2026-09-16 15:52:44,TEST_NORMAL_001,VEICULO_TESTE_01,1995.3,45.7,89.0,24.8,20.0,30.3,43.6,7.8,14.19,67.61,NORMAL,SIMULADO
2026-09-16 15:52:45,TEST_NORMAL_001,VEICULO_TESTE_01,1847.6,45.1,88.1,24.7,17.6,30.1,44.8,7.43,14.13,67.61,NORMAL,SIMULADO
2026-09-16 15:52:46,TEST_NORMAL_001,VEICULO_TESTE_01,1886.8,44.4,90.0,25.3,18.4,30.6,43.7,7.98,14.18,67.61,NORMAL,SIMULADO
2026-09-16 15:52:47,TEST_NORMAL_001,VEICULO_TESTE_01,1959.6,43.5,88.7,29.3,18.7,30.6,44.8,7.9,14.12,67.61,NORMAL,SIMULADO
2026-09-16 15:52:48,TEST_NORMAL_001,VEICULO_TESTE_01,2019.0,42.7,86.7,30.0,18.4,29.0,46.3,8.31,14.15,67.61,NORMAL,SIMULADO
2026-09-16 15:52:49,TEST_NORMAL_001,VEICULO_TESTE_01,1651.4,41.9,87.4,26.1,16.7,30.3,42.4,6.4,14.21,67.6,NORMAL,SIMULADO
2026-09-16 15:52:50,TEST_NORMAL_001,VEICULO_TESTE_01,1790.4,40.9,88.1,21.8,16.0,31.9,43.4,7.54,14.08,67.6,NORMAL,SIMULADO
2026-09-16 15:52:51,TEST_NORMAL_001,VEICULO_TESTE_01,1770.8,39.8,88.6,21.5,17.2,30.2,41.7,7.44,14.22,67.6,NORMAL,SIMULADO
2026-09-16 15:52:52,TEST_NORMAL_001,VEICULO_TESTE_01,1809.7,38.8,88.1,25.0,18.7,31.2,46.9,7.65,14.25,67.6,NORMAL,SIMULADO
2026-09-16 15:52:53,TEST_NORMAL_001,VEICULO_TESTE_01,1673.6,37.7,88.1,29.4,17.6,31.9,46.0,7.38,14.21,67.6,NORMAL,SIMULADO
2026-09-16 15:52:54,TEST_NORMAL_001,VEICULO_TESTE_01,1655.7,36.5,88.5,23.6,13.5,29.2,42.8,7.01,14.04,67.6,NORMAL,SIMULADO
2026-09-16 15:52:55,TEST_NORMAL_001,VEICULO_TESTE_01,1590.6,35.2,87.6,28.6,13.7,30.0,43.3,6.56,14.14,67.6,NORMAL,SIMULADO
2026-09-16 15:52:56,TEST_NORMAL_001,VEICULO_TESTE_01,1722.5,33.9,89.0,29.7,16.9,30.1,42.1,7.59,14.25,67.59,NORMAL,SIMULADO
2026-09-16 15:52:57,TEST_NORMAL_001,VEICULO_TESTE_01,1631.1,32.4,88.0,25.1,15.3,29.3,44.7,6.82,14.17,67.59,NORMAL,SIMULADO
2026-09-16 15:52:58,TEST_NORMAL_001,VEICULO_TESTE_01,1612.0,30.9,89.0,27.6,15.9,29.8,43.4,7.1,14.11,67.59,NORMAL,SIMULADO
2026-09-16 15:52:59,TEST_NORMAL_001,VEICULO_TESTE_01,1584.5,29.3,88.6,26.3,13.9,30.0,40.0,6.84,14.12,67.59,NORMAL,SIMULADO
2026-09-16 15:53:00,TEST_NORMAL_001,VEICULO_TESTE_01,1544.9,27.9,88.3,22.7,12.1,30.3,40.3,6.17,14.06,67.59,NORMAL,SIMULADO
2026-09-16 15:53:01,TEST_NORMAL_001,VEICULO_TESTE_01,1450.6,26.3,88.0,23.2,13.1,30.5,41.2,5.83,14.18,67.59,NORMAL,SIMULADO
2026-09-16 15:53:02,TEST_NORMAL_001,VEICULO_TESTE_01,1390.4,24.9,88.1,26.9,13.7,28.9,41.5,6.69,14.13,67.59,NORMAL,SIMULADO
2026-09-16 15:53:03,TEST_NORMAL_001,VEICULO_TESTE_01,1381.1,23.4,88.9,22.3,12.0,31.8,42.5,5.76,14.27,67.59,NORMAL,SIMULADO
2026-09-16 15:53:04,TEST_NORMAL_001,VEICULO_TESTE_01,1243.5,22.1,89.7,26.6,13.9,30.5,39.9,6.41,14.17,67.58,NORMAL,SIMULADO
2026-09-16 15:53:05,TEST_NORMAL_001,VEICULO_TESTE_01,1314.0,20.9,87.5,22.0,11.6,30.3,42.0,6.37,14.2,67.58,NORMAL,SIMULADO
2026-09-16 15:53:06,TEST_NORMAL_001,VEICULO_TESTE_01,1297.8,19.7,88.6,18.1,13.2,30.2,41.8,6.04,14.18,67.58,NORMAL,SIMULADO
2026-09-16 15:53:07,TEST_NORMAL_001,VEICULO_TESTE_01,1270.6,18.4,88.5,23.6,10.1,30.4,40.5,5.95,14.12,67.58,NORMAL,SIMULADO
2026-09-16 15:53:08,TEST_NORMAL_001,VEICULO_TESTE_01,1350.0,17.6,89.1,23.3,12.8,30.8,37.7,6.52,14.04,67.58,NORMAL,SIMULADO
2026-09-16 15:53:09,TEST_NORMAL_001,VEICULO_TESTE_01,1127.3,17.0,89.2,22.2,11.9,30.0,38.7,6.1,14.24,67.58,NORMAL,SIMULADO
2026-09-16 15:53:10,TEST_NORMAL_001,VEICULO_TESTE_01,1126.1,16.7,89.0,26.9,10.6,30.9,37.5,5.82,14.07,67.58,NORMAL,SIMULADO
2026-09-16 15:53:11,TEST_NORMAL_001,VEICULO_TESTE_01,1422.9,16.9,89.4,31.2,14.5,29.6,43.3,6.81,14.23,67.58,NORMAL,SIMULADO
2026-09-16 15:53:12,TEST_NORMAL_001,VEICULO_TESTE_01,1451.9,17.5,88.7,33.9,19.1,30.2,45.3,7.57,14.13,67.57,NORMAL,SIMULADO
2026-09-16 15:53:13,TEST_NORMAL_001,VEICULO_TESTE_01,1495.2,18.3,88.7,39.1,24.0,30.1,48.9,7.49,14.27,67.57,NORMAL,SIMULADO
2026-09-16 15:53:14,TEST_NORMAL_001,VEICULO_TESTE_01,1514.2,19.0,88.4,37.7,25.6,30.9,52.7,6.7,14.23,67.57,NORMAL,SIMULADO
2026-09-16 15:53:15,TEST_NORMAL_001,VEICULO_TESTE_01,1446.8,19.8,90.0,41.9,21.3,31.0,44.4,7.41,14.17,67.57,NORMAL,SIMULADO
2026-09-16 15:53:16,TEST_NORMAL_001,VEICULO_TESTE_01,1468.0,20.6,89.2,39.1,21.9,30.4,50.2,6.83,14.23,67.57,NORMAL,SIMULADO
2026-09-16 15:53:17,TEST_NORMAL_001,VEICULO_TESTE_01,1511.3,21.3,89.6,33.8,22.8,28.8,49.6,7.1,14.02,67.57,NORMAL,SIMULADO
2026-09-16 15:53:18,TEST_NORMAL_001,VEICULO_TESTE_01,1502.9,22.0,88.3,37.1,24.0,31.4,51.4,7.54,14.11,67.57,NORMAL,SIMULADO
2026-09-16 15:53:19,TEST_NORMAL_001,VEICULO_TESTE_01,1561.6,22.8,89.2,41.0,21.3,30.4,48.7,7.33,14.12,67.57,NORMAL,SIMULADO
2026-09-16 15:53:20,TEST_NORMAL_001,VEICULO_TESTE_01,1514.4,23.5,88.6,36.3,23.3,30.1,47.2,7.57,14.06,67.56,NORMAL,SIMULADO
2026-09-16 15:53:21,TEST_NORMAL_001,VEICULO_TESTE_01,1574.4,24.1,88.5,37.3,19.1,29.9,50.3,7.97,14.19,67.56,NORMAL,SIMULADO
2026-09-16 15:53:22,TEST_NORMAL_001,VEICULO_TESTE_01,1579.9,24.8,89.3,30.5,19.6,28.6,48.2,7.26,14.15,67.56,NORMAL,SIMULADO
2026-09-16 15:53:23,TEST_NORMAL_001,VEICULO_TESTE_01,1559.3,25.4,89.3,39.0,24.7,30.5,51.7,8.54,14.24,67.56,NORMAL,SIMULADO
2026-09-16 15:53:24,TEST_NORMAL_001,VEICULO_TESTE_01,1606.9,26.0,89.7,38.9,21.8,29.4,49.6,8.49,14.16,67.56,NORMAL,SIMULADO
2026-09-16 15:53:25,TEST_NORMAL_001,VEICULO_TESTE_01,1624.2,26.8,89.4,41.2,21.3,30.2,49.9,7.92,14.29,67.56,NORMAL,SIMULADO
2026-09-16 15:53:26,TEST_NORMAL_001,VEICULO_TESTE_01,1747.8,27.6,89.1,43.7,23.9,28.9,49.7,8.73,14.13,67.56,NORMAL,SIMULADO
2026-09-16 15:53:27,TEST_NORMAL_001,VEICULO_TESTE_01,1726.2,28.3,89.0,39.1,22.4,30.5,45.0,7.99,14.21,67.55,NORMAL,SIMULADO
2026-09-16 15:53:28,TEST_NORMAL_001,VEICULO_TESTE_01,1679.7,29.0,89.7,44.1,21.5,28.6,51.3,7.86,14.2,67.55,NORMAL,SIMULADO
2026-09-16 15:53:29,TEST_NORMAL_001,VEICULO_TESTE_01,1732.2,29.7,88.8,41.7,24.0,29.7,51.9,7.7,14.13,67.55,NORMAL,SIMULADO
2026-09-16 15:53:30,TEST_NORMAL_001,VEICULO_TESTE_01,1765.0,30.5,89.4,38.6,23.4,29.4,48.0,8.41,14.15,67.55,NORMAL,SIMULADO
2026-09-16 15:53:31,TEST_NORMAL_001,VEICULO_TESTE_01,1844.1,31.2,89.3,38.5,20.2,28.5,51.6,8.59,14.19,67.55,NORMAL,SIMULADO
2026-09-16 15:53:32,TEST_NORMAL_001,VEICULO_TESTE_01,1768.6,32.2,90.1,45.7,24.6,29.6,50.4,8.89,14.15,67.55,NORMAL,SIMULADO
2026-09-16 15:53:33,TEST_NORMAL_001,VEICULO_TESTE_01,1882.1,33.3,91.0,41.5,25.6,29.7,52.3,8.56,14.16,67.55,NORMAL,SIMULADO
2026-09-16 15:53:34,TEST_NORMAL_001,VEICULO_TESTE_01,1975.8,34.3,88.9,41.7,27.7,31.2,55.3,8.88,14.05,67.54,NORMAL,SIMULADO
2026-09-16 15:53:35,TEST_NORMAL_001,VEICULO_TESTE_01,1999.3,35.4,89.0,35.1,22.3,31.1,47.2,8.79,14.26,67.54,NORMAL,SIMULADO
2026-09-16 15:53:36,TEST_NORMAL_001,VEICULO_TESTE_01,1973.9,36.3,89.0,39.4,25.9,33.9,52.3,8.41,14.0,67.54,NORMAL,SIMULADO
2026-09-16 15:53:37,TEST_NORMAL_001,VEICULO_TESTE_01,1925.8,37.1,89.4,42.8,26.4,31.6,50.6,9.0,14.05,67.54,NORMAL,SIMULADO
2026-09-16 15:53:38,TEST_NORMAL_001,VEICULO_TESTE_01,2040.5,38.0,88.8,38.1,26.1,31.7,51.3,8.28,14.21,67.54,NORMAL,SIMULADO
2026-09-16 15:53:39,TEST_NORMAL_001,VEICULO_TESTE_01,1964.3,38.7,88.9,38.0,24.4,28.5,50.8,7.93,14.21,67.54,NORMAL,SIMULADO
2026-09-16 15:53:40,TEST_NORMAL_001,VEICULO_TESTE_01,1986.7,39.4,88.8,44.9,25.7,29.7,52.6,8.91,14.14,67.53,NORMAL,SIMULADO
2026-09-16 15:53:41,TEST_NORMAL_001,VEICULO_TESTE_01,1976.3,40.0,90.2,38.8,23.0,30.9,50.7,8.66,14.24,67.53,NORMAL,SIMULADO
2026-09-16 15:53:42,TEST_NORMAL_001,VEICULO_TESTE_01,1963.1,40.6,89.1,38.1,23.0,29.9,50.1,8.43,14.07,67.53,NORMAL,SIMULADO
2026-09-16 15:53:43,TEST_NORMAL_001,VEICULO_TESTE_01,1926.2,40.9,88.8,26.9,19.8,29.5,46.0,7.58,14.28,67.53,NORMAL,SIMULADO
2026-09-16 15:53:44,TEST_NORMAL_001,VEICULO_TESTE_01,1804.1,41.1,88.5,25.3,15.9,29.9,43.0,7.19,14.09,67.53,NORMAL,SIMULADO
2026-09-16 15:53:45,TEST_NORMAL_001,VEICULO_TESTE_01,2033.0,41.2,89.6,25.4,16.2,30.5,42.2,8.49,14.08,67.53,NORMAL,SIMULADO
2026-09-16 15:53:46,TEST_NORMAL_001,VEICULO_TESTE_01,1761.4,41.2,89.5,26.1,17.1,31.8,42.1,7.6,14.1,67.53,NORMAL,SIMULADO
2026-09-16 15:53:47,TEST_NORMAL_001,VEICULO_TESTE_01,1761.3,41.2,88.8,26.5,18.4,30.6,43.9,7.46,14.12,67.52,NORMAL,SIMULADO
2026-09-16 15:53:48,TEST_NORMAL_001,VEICULO_TESTE_01,1858.0,41.2,88.5,23.9,14.7,29.3,38.5,7.55,14.25,67.52,NORMAL,SIMULADO
2026-09-16 15:53:49,TEST_NORMAL_001,VEICULO_TESTE_01,1755.8,41.2,88.7,28.1,15.3,31.7,42.5,7.62,14.12,67.52,NORMAL,SIMULADO
2026-09-16 15:53:50,TEST_NORMAL_001,VEICULO_TESTE_01,1891.0,41.1,88.1,22.6,17.5,30.1,43.8,7.29,14.2,67.52,NORMAL,SIMULADO
2026-09-16 15:53:51,TEST_NORMAL_001,VEICULO_TESTE_01,1753.1,41.1,88.6,20.4,15.6,29.1,37.9,6.79,14.11,67.52,NORMAL,SIMULADO
2026-09-16 15:53:52,TEST_NORMAL_001,VEICULO_TESTE_01,1783.5,41.2,87.5,27.3,14.5,28.8,44.1,7.46,14.09,67.52,NORMAL,SIMULADO
2026-09-16 15:53:53,TEST_NORMAL_001,VEICULO_TESTE_01,1837.0,41.2,87.5,31.3,17.9,28.2,45.4,8.01,14.25,67.52,NORMAL,SIMULADO
2026-09-16 15:53:54,TEST_NORMAL_001,VEICULO_TESTE_01,1812.1,41.2,89.3,26.9,16.1,30.0,44.7,7.13,14.13,67.52,NORMAL,SIMULADO
2026-09-16 15:53:55,TEST_NORMAL_001,VEICULO_TESTE_01,1849.8,41.3,89.4,32.0,19.4,30.4,46.8,8.17,14.13,67.51,NORMAL,SIMULADO
2026-09-16 15:53:56,TEST_NORMAL_001,VEICULO_TESTE_01,1764.1,41.4,90.1,27.9,19.9,30.8,44.1,7.65,14.18,67.51,NORMAL,SIMULADO
2026-09-16 15:53:57,TEST_NORMAL_001,VEICULO_TESTE_01,1880.5,41.3,90.2,26.9,19.6,30.1,44.3,7.84,14.15,67.51,NORMAL,SIMULADO
2026-09-16 15:53:58,TEST_NORMAL_001,VEICULO_TESTE_01,1681.0,41.1,88.7,23.1,16.1,30.4,44.0,6.24,14.18,67.51,NORMAL,SIMULADO
2026-09-16 15:53:59,TEST_NORMAL_001,VEICULO_TESTE_01,1839.8,40.6,89.3,26.5,15.4,28.1,44.2,6.86,14.2,67.51,NORMAL,SIMULADO
2026-09-16 15:54:00,TEST_NORMAL_001,VEICULO_TESTE_01,1840.7,39.7,88.8,25.1,12.3,27.9,39.3,7.62,14.31,67.51,NORMAL,SIMULADO
2026-09-16 15:54:01,TEST_NORMAL_001,VEICULO_TESTE_01,1735.4,38.6,89.2,33.8,15.8,30.6,46.8,8.22,14.1,67.51,NORMAL,SIMULADO
2026-09-16 15:54:02,TEST_NORMAL_001,VEICULO_TESTE_01,1803.3,37.3,89.0,32.3,19.7,30.9,46.9,8.49,14.04,67.5,NORMAL,SIMULADO
2026-09-16 15:54:03,TEST_NORMAL_001,VEICULO_TESTE_01,1724.6,36.4,88.6,27.7,17.8,31.1,47.9,6.83,14.1,67.5,NORMAL,SIMULADO
2026-09-16 15:54:04,TEST_NORMAL_001,VEICULO_TESTE_01,1628.7,36.0,89.5,23.7,14.5,30.4,44.6,7.01,14.18,67.5,NORMAL,SIMULADO
2026-09-16 15:54:05,TEST_NORMAL_001,VEICULO_TESTE_01,1667.2,35.8,89.9,29.1,18.6,30.3,45.2,7.4,14.33,67.5,NORMAL,SIMULADO
2026-09-16 15:54:06,TEST_NORMAL_001,VEICULO_TESTE_01,1788.7,36.2,90.3,38.9,24.6,30.4,50.0,8.17,14.02,67.5,NORMAL,SIMULADO
2026-09-16 15:54:07,TEST_NORMAL_001,VEICULO_TESTE_01,1913.9,37.0,88.8,43.2,26.3,29.4,52.5,8.89,14.16,67.5,NORMAL,SIMULADO
2026-09-16 15:54:08,TEST_NORMAL_001,VEICULO_TESTE_01,1974.8,37.9,89.1,47.9,27.8,30.7,55.9,8.79,14.15,67.5,NORMAL,SIMULADO
2026-09-16 15:54:09,TEST_NORMAL_001,VEICULO_TESTE_01,1919.9,38.9,89.7,48.5,30.6,30.5,56.9,9.04,14.15,67.49,NORMAL,SIMULADO
2026-09-16 15:54:10,TEST_NORMAL_001,VEICULO_TESTE_01,2028.3,39.9,90.1,38.8,29.5,29.9,56.5,8.33,14.24,67.49,NORMAL,SIMULADO
2026-09-16 15:54:11,TEST_NORMAL_001,VEICULO_TESTE_01,2098.9,40.8,89.8,40.2,24.8,32.1,51.2,8.36,13.97,67.49,NORMAL,SIMULADO
2026-09-16 15:54:12,TEST_NORMAL_001,VEICULO_TESTE_01,1867.4,41.6,89.8,36.6,21.9,29.6,48.0,8.43,14.21,67.49,NORMAL,SIMULADO
2026-09-16 15:54:13,TEST_NORMAL_001,VEICULO_TESTE_01,2003.3,42.1,89.4,36.5,21.6,31.1,49.7,8.76,14.08,67.49,NORMAL,SIMULADO
2026-09-16 15:54:14,TEST_NORMAL_001,VEICULO_TESTE_01,2001.4,42.6,89.6,34.8,23.1,28.9,50.0,8.11,14.18,67.49,NORMAL,SIMULADO
2026-09-16 15:54:15,TEST_NORMAL_001,VEICULO_TESTE_01,2053.5,43.3,88.7,40.0,25.4,30.4,53.1,9.4,14.11,67.48,NORMAL,SIMULADO
2026-09-16 15:54:16,TEST_NORMAL_001,VEICULO_TESTE_01,2148.5,44.0,89.1,42.0,25.8,28.9,49.6,9.36,14.11,67.48,NORMAL,SIMULADO
2026-09-16 15:54:17,TEST_NORMAL_001,VEICULO_TESTE_01,2149.6,44.7,89.9,33.1,21.8,29.6,45.6,8.29,14.04,67.48,NORMAL,SIMULADO
2026-09-16 15:54:18,TEST_NORMAL_001,VEICULO_TESTE_01,2159.7,45.6,89.9,37.5,26.8,29.1,50.9,9.07,14.11,67.48,NORMAL,SIMULADO
2026-09-16 15:54:19,TEST_NORMAL_001,VEICULO_TESTE_01,2069.6,46.5,90.1,44.2,24.0,31.3,51.9,9.54,14.24,67.48,NORMAL,SIMULADO
2026-09-16 15:54:20,TEST_NORMAL_001,VEICULO_TESTE_01,2212.5,47.2,89.9,39.4,24.2,29.3,49.2,9.35,14.18,67.48,NORMAL,SIMULADO
2026-09-16 15:54:21,TEST_NORMAL_001,VEICULO_TESTE_01,2134.3,47.8,88.3,39.1,24.7,31.3,50.6,8.52,14.14,67.48,NORMAL,SIMULADO
2026-09-16 15:54:22,TEST_NORMAL_001,VEICULO_TESTE_01,2149.7,48.4,89.7,42.6,23.6,30.4,51.6,10.2,14.2,67.47,NORMAL,SIMULADO
2026-09-16 15:54:23,TEST_NORMAL_001,VEICULO_TESTE_01,2169.2,49.0,89.6,40.6,23.6,30.7,50.2,9.62,14.03,67.47,NORMAL,SIMULADO
2026-09-16 15:54:24,TEST_NORMAL_001,VEICULO_TESTE_01,2070.7,49.6,90.3,34.8,17.2,30.1,46.7,8.16,14.25,67.47,NORMAL,SIMULADO
2026-09-16 15:54:25,TEST_NORMAL_001,VEICULO_TESTE_01,1974.4,49.9,89.0,29.4,20.7,31.6,46.7,7.43,14.24,67.47,NORMAL,SIMULADO
2026-09-16 15:54:26,TEST_NORMAL_001,VEICULO_TESTE_01,2140.6,50.1,89.2,30.5,21.4,29.8,46.1,8.75,14.14,67.47,NORMAL,SIMULADO
