timestamp,session_id,vehicle_id,rpm,speed_kmh,coolant_temp_c,engine_load_pct,throttle_pct,intake_temp_c,map_kpa,maf_g_s,battery_voltage,fuel_level_pct,scenario,data_origin
2026-09-16 15:39:27,TEST_AQUECIMENTO_001,VEICULO_TESTE_01,798.2,0.0,28.9,17.0,11.7,28.7,41.5,3.8,14.14,56.52,AQUECIMENTO_PROGRESSIVO,SIMULADO
2026-09-16 15:39:28,TEST_AQUECIMENTO_001,VEICULO_TESTE_01,830.7,0.0,29.0,32.0,10.4,27.6,42.3,5.45,14.15,56.51,AQUECIMENTO_PROGRESSIVO,SIMULADO
2026-09-16 15:39:29,TEST_AQUECIMENTO_001,VEICULO_TESTE_01,734.5,0.0,29.8,18.1,10.5,30.6,37.1,4.73,14.17,56.51,AQUECIMENTO_PROGRESSIVO,SIMULADO
2026-09-16 15:39:30,TEST_AQUECIMENTO_001,VEICULO_TESTE_01,762.5,0.0,30.2,29.7,13.2,25.0,42.7,5.09,14.08,56.51,AQUECIMENTO_PROGRESSIVO,SIMULADO
2026-09-16 15:39:31,TEST_AQUECIMENTO_001,VEICULO_TESTE_01,840.7,0.0,29.7,26.3,11.7,29.8,38.3,5.36,14.24,56.51,AQUECIMENTO_PROGRESSIVO,SIMULADO
2026-09-16 15:39:32,TEST_AQUECIMENTO_001,VEICULO_TESTE_01,807.4,0.0,29.8,25.2,14.3,26.8,45.0,5.24,14.11,56.51,AQUECIMENTO_PROGRESSIVO,SIMULADO
2026-09-16 15:39:33,TEST_AQUECIMENTO_001,VEICULO_TESTE_01,787.4,0.0,29.3,25.3,12.9,27.9,44.3,4.69,14.16,56.51,AQUECIMENTO_PROGRESSIVO,SIMULADO
2026-09-16 15:39:34,TEST_AQUECIMENTO_001,VEICULO_TESTE_01,779.6,0.0,30.6,28.2,13.0,27.2,41.7,5.24,14.15,56.51,AQUECIMENTO_PROGRESSIVO,SIMULADO
2026-09-16 15:39:35,TEST_AQUECIMENTO_001,VEICULO_TESTE_01,791.9,0.0,30.9,22.4,11.0,27.2,38.2,4.3,14.04,56.51,AQUECIMENTO_PROGRESSIVO,SIMULADO
2026-09-16 15:39:36,TEST_AQUECIMENTO_001,VEICULO_TESTE_01,770.6,0.0,32.0,30.1,13.2,27.9,43.1,5.01,14.13,56.51,AQUECIMENTO_PROGRESSIVO,SIMULADO
2026-09-16 15:39:37,TEST_AQUECIMENTO_001,VEICULO_TESTE_01,736.4,0.0,30.9,22.6,11.3,28.7,39.6,5.01,13.95,56.5,AQUECIMENTO_PROGRESSIVO,SIMULADO
2026-09-16 15:39:38,TEST_AQUECIMENTO_001,VEICULO_TESTE_01,796.3,0.0,31.3,25.1,11.2,26.2,38.9,5.26,13.95,56.5,AQUECIMENTO_PROGRESSIVO,SIMULADO
2026-09-16 15:39:39,TEST_AQUECIMENTO_001,VEICULO_TESTE_01,746.7,0.0,31.4,24.0,11.1,28.4,39.2,4.4,14.07,56.5,AQUECIMENTO_PROGRESSIVO,SIMULADO
2026-09-16 15:39:40,TEST_AQUECIMENTO_001,VEICULO_TESTE_01,773.5,0.0,32.0,23.9,12.6,27.5,41.2,5.12,14.06,56.5,AQUECIMENTO_PROGRESSIVO,SIMULADO
2026-09-16 15:39:41,TEST_AQUECIMENTO_001,VEICULO_TESTE_01,812.0,0.0,32.2,25.4,10.9,27.2,42.1,4.38,14.26,56.5,AQUECIMENTO_PROGRESSIVO,SIMULADO
2026-09-16 15:39:42,TEST_AQUECIMENTO_001,VEICULO_TESTE_01,799.5,0.0,32.6,18.2,11.9,27.5,41.1,4.87,14.23,56.5,AQUECIMENTO_PROGRESSIVO,SIMULADO
2026-09-16 15:39:43,TEST_AQUECIMENTO_001,VEICULO_TESTE_01,796.5,0.0,31.8,23.8,11.6,28.1,40.4,5.04,14.24,56.5,AQUECIMENTO_PROGRESSIVO,SIMULADO
2026-09-16 15:39:44,TEST_AQUECIMENTO_001,VEICULO_TESTE_01,774.2,0.3,33.1,27.3,11.6,28.0,41.7,4.93,14.28,56.5,AQUECIMENTO_PROGRESSIVO,SIMULADO
2026-09-16 15:39:45,TEST_AQUECIMENTO_001,VEICULO_TESTE_01,810.9,0.8,34.2,30.4,12.4,26.4,43.0,5.81,14.13,56.5,AQUECIMENTO_PROGRESSIVO,SIMULADO
2026-09-16 15:39:46,TEST_AQUECIMENTO_001,VEICULO_TESTE_01,1086.1,1.5,33.2,35.3,22.1,29.1,47.8,5.86,14.21,56.49,AQUECIMENTO_PROGRESSIVO,SIMULADO
2026-09-16 15:39:47,TEST_AQUECIMENTO_001,VEICULO_TESTE_01,1123.8,2.4,33.9,40.9,21.2,26.7,44.0,6.47,14.15,56.49,AQUECIMENTO_PROGRESSIVO,SIMULADO
2026-09-16 15:39:48,TEST_AQUECIMENTO_001,VEICULO_TESTE_01,1184.6,3.3,34.4,29.9,20.2,28.5,47.6,6.93,14.21,56.49,AQUECIMENTO_PROGRESSIVO,SIMULADO
2026-09-16 15:39:49,TEST_AQUECIMENTO_001,VEICULO_TESTE_01,1055.1,4.2,34.5,36.0,17.7,29.1,46.9,6.12,13.96,56.49,AQUECIMENTO_PROGRESSIVO,SIMULADO
2026-09-16 15:39:50,TEST_AQUECIMENTO_001,VEICULO_TESTE_01,1005.0,5.0,33.2,28.3,17.3,28.4,46.7,6.21,14.23,56.49,AQUECIMENTO_PROGRESSIVO,SIMULADO
2026-09-16 15:39:51,TEST_AQUECIMENTO_001,VEICULO_TESTE_01,1045.4,5.5,34.5,30.8,17.2,29.2,44.0,6.35,14.17,56.49,AQUECIMENTO_PROGRESSIVO,SIMULADO
2026-09-16 15:39:52,TEST_AQUECIMENTO_001,VEICULO_TESTE_01,1190.9,6.2,34.3,35.5,20.2,29.0,46.5,7.4,14.3,56.49,AQUECIMENTO_PROGRESSIVO,SIMULADO
2026-09-16 15:39:53,TEST_AQUECIMENTO_001,VEICULO_TESTE_01,1175.0,6.8,35.6,29.9,16.7,29.6,42.5,6.32,14.21,56.49,AQUECIMENTO_PROGRESSIVO,SIMULADO
2026-09-16 15:39:54,TEST_AQUECIMENTO_001,VEICULO_TESTE_01,1180.0,7.3,34.8,28.4,16.7,27.4,45.9,6.24,14.19,56.48,AQUECIMENTO_PROGRESSIVO,SIMULADO
2026-09-16 15:39:55,TEST_AQUECIMENTO_001,VEICULO_TESTE_01,1142.2,7.9,34.9,29.4,12.7,27.7,40.0,6.15,14.25,56.48,AQUECIMENTO_PROGRESSIVO,SIMULADO
2026-09-16 15:39:56,TEST_AQUECIMENTO_001,VEICULO_TESTE_01,1099.0,8.6,36.8,39.8,21.1,29.2,46.9,5.33,14.2,56.48,AQUECIMENTO_PROGRESSIVO,SIMULADO
2026-09-16 15:39:57,TEST_AQUECIMENTO_001,VEICULO_TESTE_01,1125.5,9.2,37.2,34.0,20.7,28.3,46.0,5.38,14.24,56.48,AQUECIMENTO_PROGRESSIVO,SIMULADO
2026-09-16 15:39:58,TEST_AQUECIMENTO_001,VEICULO_TESTE_01,1290.4,9.9,36.3,37.5,21.6,27.2,47.7,6.74,14.19,56.48,AQUECIMENTO_PROGRESSIVO,SIMULADO
2026-09-16 15:39:59,TEST_AQUECIMENTO_001,VEICULO_TESTE_01,1334.5,10.7,37.2,44.2,21.9,29.8,47.0,7.32,14.17,56.48,AQUECIMENTO_PROGRESSIVO,SIMULADO
2026-09-16 15:40:00,TEST_AQUECIMENTO_001,VEICULO_TESTE_01,1130.1,11.4,37.5,35.6,19.2,28.5,45.2,6.08,14.15,56.48,AQUECIMENTO_PROGRESSIVO,SIMULADO
2026-09-16 15:40:01,TEST_AQUECIMENTO_001,VEICULO_TESTE_01,1274.5,12.1,36.9,35.2,22.3,26.5,45.4,6.64,14.15,56.48,AQUECIMENTO_PROGRESSIVO,SIMULADO
2026-09-16 15:40:02,TEST_AQUECIMENTO_001,VEICULO_TESTE_01,1278.9,12.6,36.7,30.7,16.1,27.9,44.9,6.39,14.07,56.47,AQUECIMENTO_PROGRESSIVO,SIMULADO
2026-09-16 15:40:03,TEST_AQUECIMENTO_001,VEICULO_TESTE_01,1246.3,13.1,37.1,30.2,17.3,29.6,43.0,6.0,14.07,56.47,AQUECIMENTO_PROGRESSIVO,SIMULADO
2026-09-16 15:40:04,TEST_AQUECIMENTO_001,VEICULO_TESTE_01,1297.5,13.6,37.5,34.7,17.4,29.2,44.6,6.08,14.2,56.47,AQUECIMENTO_PROGRESSIVO,SIMULADO
2026-09-16 15:40:05,TEST_AQUECIMENTO_001,VEICULO_TESTE_01,1353.3,14.2,39.1,33.6,18.5,30.0,44.5,7.09,14.15,56.47,AQUECIMENTO_PROGRESSIVO,SIMULADO
2026-09-16 15:40:06,TEST_AQUECIMENTO_001,VEICULO_TESTE_01,1401.2,14.8,38.2,39.9,23.1,28.6,48.0,7.26,14.2,56.47,AQUECIMENTO_PROGRESSIVO,SIMULADO
2026-09-16 15:40:07,TEST_AQUECIMENTO_001,VEICULO_TESTE_01,1409.9,15.6,39.7,36.0,21.7,26.7,49.3,6.9,14.11,56.47,AQUECIMENTO_PROGRESSIVO,SIMULADO
2026-09-16 15:40:08,TEST_AQUECIMENTO_001,VEICULO_TESTE_01,1433.8,16.4,39.7,42.7,25.4,28.3,55.1,6.96,14.1,56.47,AQUECIMENTO_PROGRESSIVO,SIMULADO
2026-09-16 15:40:09,TEST_AQUECIMENTO_001,VEICULO_TESTE_01,1333.5,17.3,38.2,38.6,22.7,28.6,51.2,6.59,14.03,56.47,AQUECIMENTO_PROGRESSIVO,SIMULADO
2026-09-16 15:40:10,TEST_AQUECIMENTO_001,VEICULO_TESTE_01,1488.9,18.0,38.4,32.7,22.1,27.7,48.8,7.23,14.12,56.46,AQUECIMENTO_PROGRESSIVO,SIMULADO
2026-09-16 15:40:11,TEST_AQUECIMENTO_001,VEICULO_TESTE_01,1568.8,18.8,39.7,40.0,23.1,29.8,49.6,7.84,14.15,56.46,AQUECIMENTO_PROGRESSIVO,SIMULADO
2026-09-16 15:40:12,TEST_AQUECIMENTO_001,VEICULO_TESTE_01,1551.9,19.6,39.9,35.4,21.9,27.0,50.4,7.37,14.09,56.46,AQUECIMENTO_PROGRESSIVO,SIMULADO
2026-09-16 15:40:13,TEST_AQUECIMENTO_001,VEICULO_TESTE_01,1675.8,20.4,39.3,35.4,23.2,28.5,47.6,7.78,14.16,56.46,AQUECIMENTO_PROGRESSIVO,SIMULADO
2026-09-16 15:40:14,TEST_AQUECIMENTO_001,VEICULO_TESTE_01,1578.1,21.3,41.2,42.7,25.6,27.5,55.4,7.73,14.18,56.46,AQUECIMENTO_PROGRESSIVO,SIMULADO
2026-09-16 15:40:15,TEST_AQUECIMENTO_001,VEICULO_TESTE_01,1681.1,22.3,39.6,43.3,26.2,28.9,52.8,9.18,14.15,56.46,AQUECIMENTO_PROGRESSIVO,SIMULADO
2026-09-16 15:40:16,TEST_AQUECIMENTO_001,VEICULO_TESTE_01,1435.1,23.3,39.3,36.8,21.9,27.7,47.1,6.93,14.26,56.46,AQUECIMENTO_PROGRESSIVO,SIMULADO
2026-09-16 15:40:17,TEST_AQUECIMENTO_001,VEICULO_TESTE_01,1751.4,24.4,41.0,36.3,24.1,29.1,52.7,8.09,14.19,56.45,AQUECIMENTO_PROGRESSIVO,SIMULADO
2026-09-16 15:40:18,TEST_AQUECIMENTO_001,VEICULO_TESTE_01,1728.8,25.4,41.3,43.4,23.3,29.0,51.6,7.98,14.15,56.45,AQUECIMENTO_PROGRESSIVO,SIMULADO
2026-09-16 15:40:19,TEST_AQUECIMENTO_001,VEICULO_TESTE_01,1721.6,26.5,41.2,36.4,22.8,26.2,51.7,7.82,14.14,56.45,AQUECIMENTO_PROGRESSIVO,SIMULADO
2026-09-16 15:40:20,TEST_AQUECIMENTO_001,VEICULO_TESTE_01,1806.3,27.6,41.2,47.7,29.0,28.7,56.4,8.7,14.12,56.45,AQUECIMENTO_PROGRESSIVO,SIMULADO
2026-09-16 15:40:21,TEST_AQUECIMENTO_001,VEICULO_TESTE_01,1752.6,28.6,41.9,46.2,27.8,26.1,55.0,8.3,14.18,56.45,AQUECIMENTO_PROGRESSIVO,SIMULADO
2026-09-16 15:40:22,TEST_AQUECIMENTO_001,VEICULO_TESTE_01,1888.8,29.7,41.9,46.7,28.6,29.0,52.3,8.65,14.17,56.45,AQUECIMENTO_PROGRESSIVO,SIMULADO
2026-09-16 15:40:23,TEST_AQUECIMENTO_001,VEICULO_TESTE_01,1854.6,30.8,42.6,46.9,28.4,27.9,56.1,8.7,14.02,56.44,AQUECIMENTO_PROGRESSIVO,SIMULADO
2026-09-16 15:40:24,TEST_AQUECIMENTO_001,VEICULO_TESTE_01,1900.4,31.9,42.3,42.8,27.2,28.2,57.9,9.2,14.19,56.44,AQUECIMENTO_PROGRESSIVO,SIMULADO
2026-09-16 15:40:25,TEST_AQUECIMENTO_001,VEICULO_TESTE_01,1826.6,32.8,42.1,38.9,21.7,29.0,50.0,8.8,14.03,56.44,AQUECIMENTO_PROGRESSIVO,SIMULADO
2026-09-16 15:40:26,TEST_AQUECIMENTO_001,VEICULO_TESTE_01,1778.8,33.6,41.8,37.1,23.3,29.0,50.4,7.89,14.24,56.44,AQUECIMENTO_PROGRESSIVO,SIMULADO
2026-09-16 15:40:27,TEST_AQUECIMENTO_001,VEICULO_TESTE_01,1791.9,34.5,43.0,35.2,24.8,28.0,49.3,7.74,13.99,56.44,AQUECIMENTO_PROGRESSIVO,SIMULADO
2026-09-16 15:40:28,TEST_AQUECIMENTO_001,VEICULO_TESTE_01,1884.1,35.4,43.6,40.8,25.5,29.0,52.2,8.97,14.13,56.44,AQUECIMENTO_PROGRESSIVO,SIMULADO
2026-09-16 15:40:29,TEST_AQUECIMENTO_001,VEICULO_TESTE_01,1913.2,36.3,43.6,41.6,25.4,29.4,55.9,8.52,14.18,56.44,AQUECIMENTO_PROGRESSIVO,SIMULADO
2026-09-16 15:40:30,TEST_AQUECIMENTO_001,VEICULO_TESTE_01,1827.3,37.1,43.5,39.4,23.1,27.7,51.6,8.75,14.08,56.43,AQUECIMENTO_PROGRESSIVO,SIMULADO
2026-09-16 15:40:31,TEST_AQUECIMENTO_001,VEICULO_TESTE_01,1823.9,37.8,43.6,37.5,22.5,28.4,46.7,8.37,14.24,56.43,AQUECIMENTO_PROGRESSIVO,SIMULADO
2026-09-16 15:40:32,TEST_AQUECIMENTO_001,VEICULO_TESTE_01,1751.9,38.2,43.4,28.8,20.1,30.4,45.1,7.61,14.21,56.43,AQUECIMENTO_PROGRESSIVO,SIMULADO
2026-09-16 15:40:33,TEST_AQUECIMENTO_001,VEICULO_TESTE_01,1690.7,38.4,42.3,21.1,16.8,28.8,45.4,7.59,14.13,56.43,AQUECIMENTO_PROGRESSIVO,SIMULADO
2026-09-16 15:40:34,TEST_AQUECIMENTO_001,VEICULO_TESTE_01,1741.2,38.4,44.0,24.5,14.2,28.3,43.7,6.72,14.09,56.43,AQUECIMENTO_PROGRESSIVO,SIMULADO
2026-09-16 15:40:35,TEST_AQUECIMENTO_001,VEICULO_TESTE_01,1733.6,38.3,43.3,27.1,13.4,29.4,40.6,6.94,14.09,56.43,AQUECIMENTO_PROGRESSIVO,SIMULADO
2026-09-16 15:40:36,TEST_AQUECIMENTO_001,VEICULO_TESTE_01,1796.3,38.3,44.0,26.5,15.1,30.7,43.3,7.43,14.22,56.43,AQUECIMENTO_PROGRESSIVO,SIMULADO
2026-09-16 15:40:37,TEST_AQUECIMENTO_001,VEICULO_TESTE_01,1742.6,38.4,44.7,27.8,14.4,27.9,41.9,7.36,14.17,56.43,AQUECIMENTO_PROGRESSIVO,SIMULADO
2026-09-16 15:40:38,TEST_AQUECIMENTO_001,VEICULO_TESTE_01,1712.6,38.4,44.8,20.2,14.2,29.1,38.2,6.37,14.32,56.42,AQUECIMENTO_PROGRESSIVO,SIMULADO
2026-09-16 15:40:39,TEST_AQUECIMENTO_001,VEICULO_TESTE_01,1918.1,38.4,44.5,27.3,15.6,29.9,43.5,7.82,14.11,56.42,AQUECIMENTO_PROGRESSIVO,SIMULADO
2026-09-16 15:40:40,TEST_AQUECIMENTO_001,VEICULO_TESTE_01,1728.1,38.6,44.8,29.5,16.8,27.2,45.6,8.01,14.02,56.42,AQUECIMENTO_PROGRESSIVO,SIMULADO
2026-09-16 15:40:41,TEST_AQUECIMENTO_001,VEICULO_TESTE_01,1893.5,39.0,44.4,32.1,19.9,27.5,42.7,8.18,14.24,56.42,AQUECIMENTO_PROGRESSIVO,SIMULADO
2026-09-16 15:40:42,TEST_AQUECIMENTO_001,VEICULO_TESTE_01,1931.1,39.4,44.7,35.4,20.6,28.7,47.7,8.77,14.11,56.42,AQUECIMENTO_PROGRESSIVO,SIMULADO
2026-09-16 15:40:43,TEST_AQUECIMENTO_001,VEICULO_TESTE_01,1914.3,40.0,46.1,36.5,23.0,30.7,49.6,8.4,14.18,56.42,AQUECIMENTO_PROGRESSIVO,SIMULADO
2026-09-16 15:40:44,TEST_AQUECIMENTO_001,VEICULO_TESTE_01,1911.3,40.8,45.5,36.5,24.5,28.5,44.3,8.12,14.07,56.42,AQUECIMENTO_PROGRESSIVO,SIMULADO
2026-09-16 15:40:45,TEST_AQUECIMENTO_001,VEICULO_TESTE_01,1959.0,41.4,46.2,36.4,22.1,27.2,50.9,8.2,14.22,56.41,AQUECIMENTO_PROGRESSIVO,SIMULADO
2026-09-16 15:40:46,TEST_AQUECIMENTO_001,VEICULO_TESTE_01,2001.6,42.0,46.8,41.1,26.6,27.5,54.4,8.21,14.19,56.41,AQUECIMENTO_PROGRESSIVO,SIMULADO
2026-09-16 15:40:47,TEST_AQUECIMENTO_001,VEICULO_TESTE_01,1911.7,42.7,45.8,36.0,26.7,29.3,54.2,8.22,14.14,56.41,AQUECIMENTO_PROGRESSIVO,SIMULADO
2026-09-16 15:40:48,TEST_AQUECIMENTO_001,VEICULO_TESTE_01,2114.6,43.2,47.0,37.4,24.1,28.4,49.5,8.47,14.09,56.41,AQUECIMENTO_PROGRESSIVO,SIMULADO
2026-09-16 15:40:49,TEST_AQUECIMENTO_001,VEICULO_TESTE_01,1969.7,43.8,47.1,41.3,23.2,27.9,53.6,8.74,14.15,56.41,AQUECIMENTO_PROGRESSIVO,SIMULADO
2026-09-16 15:40:50,TEST_AQUECIMENTO_001,VEICULO_TESTE_01,2028.9,44.5,47.7,40.8,26.9,29.2,55.9,9.04,14.19,56.41,AQUECIMENTO_PROGRESSIVO,SIMULADO
2026-09-16 15:40:51,TEST_AQUECIMENTO_001,VEICULO_TESTE_01,2095.2,45.2,47.4,30.0,23.9,30.3,46.4,7.69,14.2,56.4,AQUECIMENTO_PROGRESSIVO,SIMULADO
2026-09-16 15:40:52,TEST_AQUECIMENTO_001,VEICULO_TESTE_01,2126.3,46.0,48.2,41.6,26.8,28.1,54.1,8.71,14.13,56.4,AQUECIMENTO_PROGRESSIVO,SIMULADO
2026-09-16 15:40:53,TEST_AQUECIMENTO_001,VEICULO_TESTE_01,2157.3,46.9,47.9,45.4,28.6,29.4,58.8,10.08,14.17,56.4,AQUECIMENTO_PROGRESSIVO,SIMULADO
2026-09-16 15:40:54,TEST_AQUECIMENTO_001,VEICULO_TESTE_01,2250.9,47.8,46.7,44.1,29.6,31.7,54.3,9.89,14.19,56.4,AQUECIMENTO_PROGRESSIVO,SIMULADO
2026-09-16 15:40:55,TEST_AQUECIMENTO_001,VEICULO_TESTE_01,2352.2,48.8,48.4,44.5,29.7,29.0,56.2,10.04,14.19,56.4,AQUECIMENTO_PROGRESSIVO,SIMULADO
2026-09-16 15:40:56,TEST_AQUECIMENTO_001,VEICULO_TESTE_01,2230.9,49.7,48.6,39.1,25.8,27.6,51.3,8.55,14.08,56.4,AQUECIMENTO_PROGRESSIVO,SIMULADO
2026-09-16 15:40:57,TEST_AQUECIMENTO_001,VEICULO_TESTE_01,2315.0,50.6,47.7,35.6,23.8,29.0,49.5,9.38,14.1,56.4,AQUECIMENTO_PROGRESSIVO,SIMULADO
2026-09-16 15:40:58,TEST_AQUECIMENTO_001,VEICULO_TESTE_01,2293.4,51.5,49.0,43.2,30.0,27.0,58.1,9.9,14.32,56.39,AQUECIMENTO_PROGRESSIVO,SIMULADO
2026-09-16 15:40:59,TEST_AQUECIMENTO_001,VEICULO_TESTE_01,2260.0,52.2,47.9,43.5,29.6,30.2,54.5,9.46,14.07,56.39,AQUECIMENTO_PROGRESSIVO,SIMULADO
2026-09-16 15:41:00,TEST_AQUECIMENTO_001,VEICULO_TESTE_01,2224.5,52.9,48.5,39.2,25.4,28.9,50.8,9.18,14.14,56.39,AQUECIMENTO_PROGRESSIVO,SIMULADO
2026-09-16 15:41:01,TEST_AQUECIMENTO_001,VEICULO_TESTE_01,2324.0,53.5,49.9,42.6,25.3,29.0,54.6,9.05,14.25,56.39,AQUECIMENTO_PROGRESSIVO,SIMULADO
2026-09-16 15:41:02,TEST_AQUECIMENTO_001,VEICULO_TESTE_01,2343.2,54.2,48.3,42.9,26.8,30.4,52.5,9.57,14.16,56.39,AQUECIMENTO_PROGRESSIVO,SIMULADO
2026-09-16 15:41:03,TEST_AQUECIMENTO_001,VEICULO_TESTE_01,2210.7,54.6,48.2,28.8,19.2,30.0,48.7,8.14,14.24,56.39,AQUECIMENTO_PROGRESSIVO,SIMULADO
2026-09-16 15:41:04,TEST_AQUECIMENTO_001,VEICULO_TESTE_01,2285.6,54.9,50.4,36.6,24.8,30.1,48.2,9.71,14.14,56.38,AQUECIMENTO_PROGRESSIVO,SIMULADO
2026-09-16 15:41:05,TEST_AQUECIMENTO_001,VEICULO_TESTE_01,2193.6,55.2,49.1,35.1,18.8,27.1,48.0,8.43,14.3,56.38,AQUECIMENTO_PROGRESSIVO,SIMULADO
2026-09-16 15:41:06,TEST_AQUECIMENTO_001,VEICULO_TESTE_01,2106.7,55.2,49.3,30.0,20.5,28.2,48.2,8.82,14.22,56.38,AQUECIMENTO_PROGRESSIVO,SIMULADO
2026-09-16 15:41:07,TEST_AQUECIMENTO_001,VEICULO_TESTE_01,2074.0,55.2,50.8,30.6,20.2,29.7,44.1,8.35,14.18,56.38,AQUECIMENTO_PROGRESSIVO,SIMULADO
2026-09-16 15:41:08,TEST_AQUECIMENTO_001,VEICULO_TESTE_01,2310.4,55.2,50.4,28.6,20.2,27.7,45.9,8.55,14.17,56.38,AQUECIMENTO_PROGRESSIVO,SIMULADO
2026-09-16 15:41:09,TEST_AQUECIMENTO_001,VEICULO_TESTE_01,2266.4,55.2,49.7,27.7,22.0,30.7,48.8,8.15,14.15,56.38,AQUECIMENTO_PROGRESSIVO,SIMULADO
2026-09-16 15:41:10,TEST_AQUECIMENTO_001,VEICULO_TESTE_01,2202.6,55.2,49.9,23.3,16.0,30.4,46.0,8.6,14.16,56.38,AQUECIMENTO_PROGRESSIVO,SIMULADO
2026-09-16 15:41:11,TEST_AQUECIMENTO_001,VEICULO_TESTE_01,2023.8,55.2,50.5,23.5,15.1,29.3,43.1,7.59,14.18,56.37,AQUECIMENTO_PROGRESSIVO,SIMULADO
2026-09-16 15:41:12,TEST_AQUECIMENTO_001,VEICULO_TESTE_01,2205.2,55.2,51.2,28.9,21.2,29.7,47.6,8.22,14.11,56.37,AQUECIMENTO_PROGRESSIVO,SIMULADO
2026-09-16 15:41:13,TEST_AQUECIMENTO_001,VEICULO_TESTE_01,2181.7,55.2,51.6,29.1,20.5,27.7,48.2,8.68,14.1,56.37,AQUECIMENTO_PROGRESSIVO,SIMULADO
2026-09-16 15:41:14,TEST_AQUECIMENTO_001,VEICULO_TESTE_01,2290.5,55.2,51.5,28.3,20.1,30.1,44.3,9.06,14.16,56.37,AQUECIMENTO_PROGRESSIVO,SIMULADO
2026-09-16 15:41:15,TEST_AQUECIMENTO_001,VEICULO_TESTE_01,2238.6,55.1,51.3,30.1,17.2,30.3,44.3,9.38,14.0,56.37,AQUECIMENTO_PROGRESSIVO,SIMULADO
2026-09-16 15:41:16,TEST_AQUECIMENTO_001,VEICULO_TESTE_01,2143.0,55.2,52.3,33.8,21.8,28.0,49.4,8.67,14.19,56.37,AQUECIMENTO_PROGRESSIVO,SIMULADO
2026-09-16 15:41:17,TEST_AQUECIMENTO_001,VEICULO_TESTE_01,2291.5,55.2,50.9,24.0,18.3,29.5,44.6,8.43,14.11,56.36,AQUECIMENTO_PROGRESSIVO,SIMULADO
2026-09-16 15:41:18,TEST_AQUECIMENTO_001,VEICULO_TESTE_01,2210.3,55.1,52.1,26.7,17.7,27.2,43.0,8.33,14.25,56.36,AQUECIMENTO_PROGRESSIVO,SIMULADO
2026-09-16 15:41:19,TEST_AQUECIMENTO_001,VEICULO_TESTE_01,1999.1,55.1,51.2,29.7,21.2,27.9,48.4,7.61,14.11,56.36,AQUECIMENTO_PROGRESSIVO,SIMULADO
2026-09-16 15:41:20,TEST_AQUECIMENTO_001,VEICULO_TESTE_01,2163.1,55.1,52.1,29.6,17.9,28.2,45.0,8.48,14.12,56.36,AQUECIMENTO_PROGRESSIVO,SIMULADO
2026-09-16 15:41:21,TEST_AQUECIMENTO_001,VEICULO_TESTE_01,2114.2,55.1,52.5,28.7,17.6,29.4,46.2,7.69,14.04,56.36,AQUECIMENTO_PROGRESSIVO,SIMULADO
2026-09-16 15:41:22,TEST_AQUECIMENTO_001,VEICULO_TESTE_01,2156.1,55.1,53.1,31.8,20.5,29.4,43.8,8.9,14.16,56.36,AQUECIMENTO_PROGRESSIVO,SIMULADO
2026-09-16 15:41:23,TEST_AQUECIMENTO_001,VEICULO_TESTE_01,2211.0,55.1,52.8,33.7,23.6,27.4,48.8,8.05,14.17,56.36,AQUECIMENTO_PROGRESSIVO,SIMULADO
2026-09-16 15:41:24,TEST_AQUECIMENTO_001,VEICULO_TESTE_01,2118.0,55.1,52.0,27.9,16.9,30.7,45.8,9.29,14.21,56.35,AQUECIMENTO_PROGRESSIVO,SIMULADO
2026-09-16 15:41:25,TEST_AQUECIMENTO_001,VEICULO_TESTE_01,2287.0,55.1,52.6,31.4,18.5,28.7,45.6,8.87,14.23,56.35,AQUECIMENTO_PROGRESSIVO,SIMULADO
2026-09-16 15:41:26,TEST_AQUECIMENTO_001,VEICULO_TESTE_01,2185.2,55.1,52.5,25.8,15.2,27.1,44.8,8.36,14.18,56.35,AQUECIMENTO_PROGRESSIVO,SIMULADO
2026-09-16 15:41:27,TEST_AQUECIMENTO_001,VEICULO_TESTE_01,2165.8,55.2,52.8,30.4,19.2,28.0,44.7,8.29,14.18,56.35,AQUECIMENTO_PROGRESSIVO,SIMULADO
2026-09-16 15:41:28,TEST_AQUECIMENTO_001,VEICULO_TESTE_01,2244.3,55.2,54.3,29.8,19.0,31.0,48.6,8.9,14.12,56.35,AQUECIMENTO_PROGRESSIVO,SIMULADO
2026-09-16 15:41:29,TEST_AQUECIMENTO_001,VEICULO_TESTE_01,2167.6,55.1,53.5,27.3,19.5,29.2,47.3,8.46,14.12,56.35,AQUECIMENTO_PROGRESSIVO,SIMULADO
2026-09-16 15:41:30,TEST_AQUECIMENTO_001,VEICULO_TESTE_01,2160.6,55.1,53.6,29.3,18.1,29.3,44.9,7.81,14.17,56.35,AQUECIMENTO_PROGRESSIVO,SIMULADO
2026-09-16 15:41:31,TEST_AQUECIMENTO_001,VEICULO_TESTE_01,2226.8,55.1,54.1,29.0,17.2,28.4,45.6,8.75,14.09,56.34,AQUECIMENTO_PROGRESSIVO,SIMULADO
2026-09-16 15:41:32,TEST_AQUECIMENTO_001,VEICULO_TESTE_01,2063.7,55.1,53.7,24.8,15.6,29.0,46.5,8.16,14.22,56.34,AQUECIMENTO_PROGRESSIVO,SIMULADO
2026-09-16 15:41:33,TEST_AQUECIMENTO_001,VEICULO_TESTE_01,2210.3,55.1,54.6,29.5,17.1,29.4,47.4,8.88,14.08,56.34,AQUECIMENTO_PROGRESSIVO,SIMULADO
2026-09-16 15:41:34,TEST_AQUECIMENTO_001,VEICULO_TESTE_01,2260.8,55.1,54.2,37.5,21.7,29.9,48.2,9.29,14.2,56.34,AQUECIMENTO_PROGRESSIVO,SIMULADO
2026-09-16 15:41:35,TEST_AQUECIMENTO_001,VEICULO_TESTE_01,2185.7,55.1,55.0,27.8,21.3,29.9,48.8,8.25,14.1,56.34,AQUECIMENTO_PROGRESSIVO,SIMULADO
2026-09-16 15:41:36,TEST_AQUECIMENTO_001,VEICULO_TESTE_01,2292.7,55.2,54.6,33.1,23.1,28.9,50.6,9.15,14.27,56.34,AQUECIMENTO_PROGRESSIVO,SIMULADO
2026-09-16 15:41:37,TEST_AQUECIMENTO_001,VEICULO_TESTE_01,2365.0,55.6,55.3,43.4,26.3,30.1,55.1,10.45,14.17,56.33,AQUECIMENTO_PROGRESSIVO,SIMULADO
2026-09-16 15:41:38,TEST_AQUECIMENTO_001,VEICULO_TESTE_01,2404.9,56.2,54.7,42.8,27.6,29.6,55.9,9.88,14.24,56.33,AQUECIMENTO_PROGRESSIVO,SIMULADO
2026-09-16 15:41:39,TEST_AQUECIMENTO_001,VEICULO_TESTE_01,2380.5,56.9,55.1,40.2,28.9,29.5,53.5,9.64,14.09,56.33,AQUECIMENTO_PROGRESSIVO,SIMULADO
2026-09-16 15:41:40,TEST_AQUECIMENTO_001,VEICULO_TESTE_01,2476.6,57.6,54.5,43.8,27.2,28.7,55.3,10.45,14.13,56.33,AQUECIMENTO_PROGRESSIVO,SIMULADO
2026-09-16 15:41:41,TEST_AQUECIMENTO_001,VEICULO_TESTE_01,2467.9,58.5,55.2,42.9,27.0,28.3,53.6,10.31,14.16,56.33,AQUECIMENTO_PROGRESSIVO,SIMULADO
2026-09-16 15:41:42,TEST_AQUECIMENTO_001,VEICULO_TESTE_01,2537.6,59.2,56.0,46.2,29.6,29.3,57.0,10.34,14.25,56.33,AQUECIMENTO_PROGRESSIVO,SIMULADO
2026-09-16 15:41:43,TEST_AQUECIMENTO_001,VEICULO_TESTE_01,2502.5,59.8,55.4,37.0,29.3,30.1,56.5,9.6,14.02,56.33,AQUECIMENTO_PROGRESSIVO,SIMULADO
2026-09-16 15:41:44,TEST_AQUECIMENTO_001,VEICULO_TESTE_01,2457.6,60.5,56.4,42.9,27.7,29.0,52.3,10.26,14.2,56.32,AQUECIMENTO_PROGRESSIVO,SIMULADO
2026-09-16 15:41:45,TEST_AQUECIMENTO_001,VEICULO_TESTE_01,2572.8,61.2,55.4,40.0,29.7,28.6,54.3,10.51,14.28,56.32,AQUECIMENTO_PROGRESSIVO,SIMULADO
2026-09-16 15:41:46,TEST_AQUECIMENTO_001,VEICULO_TESTE_01,2512.4,61.9,57.0,43.5,28.6,29.9,54.2,11.08,14.14,56.32,AQUECIMENTO_PROGRESSIVO,SIMULADO
2026-09-16 15:41:47,TEST_AQUECIMENTO_001,VEICULO_TESTE_01,2560.4,62.6,57.0,38.6,23.8,29.9,55.7,10.46,14.26,56.32,AQUECIMENTO_PROGRESSIVO,SIMULADO
2026-09-16 15:41:48,TEST_AQUECIMENTO_001,VEICULO_TESTE_01,2587.9,63.4,56.6,43.7,27.8,28.4,55.8,10.3,14.32,56.32,AQUECIMENTO_PROGRESSIVO,SIMULADO
2026-09-16 15:41:49,TEST_AQUECIMENTO_001,VEICULO_TESTE_01,2481.1,64.1,57.7,42.8,31.2,31.0,54.1,10.08,14.27,56.32,AQUECIMENTO_PROGRESSIVO,SIMULADO
2026-09-16 15:41:50,TEST_AQUECIMENTO_001,VEICULO_TESTE_01,2607.3,64.9,57.0,41.3,28.3,28.3,58.2,10.27,14.29,56.31,AQUECIMENTO_PROGRESSIVO,SIMULADO
2026-09-16 15:41:51,TEST_AQUECIMENTO_001,VEICULO_TESTE_01,2637.9,65.6,57.1,37.3,27.4,32.0,49.6,10.39,14.1,56.31,AQUECIMENTO_PROGRESSIVO,SIMULADO
2026-09-16 15:41:52,TEST_AQUECIMENTO_001,VEICULO_TESTE_01,2598.5,66.3,56.2,39.1,30.1,28.2,57.0,9.92,14.1,56.31,AQUECIMENTO_PROGRESSIVO,SIMULADO
2026-09-16 15:41:53,TEST_AQUECIMENTO_001,VEICULO_TESTE_01,2660.3,67.1,56.8,44.4,28.4,29.7,55.6,10.11,14.15,56.31,AQUECIMENTO_PROGRESSIVO,SIMULADO
2026-09-16 15:41:54,TEST_AQUECIMENTO_001,VEICULO_TESTE_01,2615.3,68.0,57.7,39.8,27.6,30.5,51.7,9.96,14.25,56.31,AQUECIMENTO_PROGRESSIVO,SIMULADO
2026-09-16 15:41:55,TEST_AQUECIMENTO_001,VEICULO_TESTE_01,2701.7,68.9,57.5,50.1,29.0,29.4,55.1,11.38,14.24,56.3,AQUECIMENTO_PROGRESSIVO,SIMULADO
2026-09-16 15:41:56,TEST_AQUECIMENTO_001,VEICULO_TESTE_01,2710.5,69.7,58.6,41.5,27.6,29.3,54.5,9.48,14.1,56.3,AQUECIMENTO_PROGRESSIVO,SIMULADO
2026-09-16 15:41:57,TEST_AQUECIMENTO_001,VEICULO_TESTE_01,2717.8,70.5,58.8,48.6,29.9,28.8,55.1,10.37,14.12,56.3,AQUECIMENTO_PROGRESSIVO,SIMULADO
2026-09-16 15:41:58,TEST_AQUECIMENTO_001,VEICULO_TESTE_01,2816.9,71.3,58.3,46.2,29.3,28.1,57.3,11.29,14.17,56.3,AQUECIMENTO_PROGRESSIVO,SIMULADO
2026-09-16 15:41:59,TEST_AQUECIMENTO_001,VEICULO_TESTE_01,2737.5,72.0,58.7,45.1,28.7,29.0,58.9,10.7,14.17,56.3,AQUECIMENTO_PROGRESSIVO,SIMULADO
2026-09-16 15:42:00,TEST_AQUECIMENTO_001,VEICULO_TESTE_01,2765.6,72.6,58.6,39.2,30.1,29.6,55.2,10.92,14.25,56.3,AQUECIMENTO_PROGRESSIVO,SIMULADO
2026-09-16 15:42:01,TEST_AQUECIMENTO_001,VEICULO_TESTE_01,2685.6,73.4,58.2,41.3,29.1,30.3,54.8,9.56,14.12,56.29,AQUECIMENTO_PROGRESSIVO,SIMULADO
2026-09-16 15:42:02,TEST_AQUECIMENTO_001,VEICULO_TESTE_01,2721.8,74.0,58.6,40.5,28.0,30.7,55.6,10.07,14.2,56.29,AQUECIMENTO_PROGRESSIVO,SIMULADO
2026-09-16 15:42:03,TEST_AQUECIMENTO_001,VEICULO_TESTE_01,2669.7,74.6,58.6,38.2,26.0,29.4,54.3,9.84,14.16,56.29,AQUECIMENTO_PROGRESSIVO,SIMULADO
2026-09-16 15:42:04,TEST_AQUECIMENTO_001,VEICULO_TESTE_01,2790.8,75.1,58.3,44.3,31.3,29.5,60.3,10.55,14.01,56.29,AQUECIMENTO_PROGRESSIVO,SIMULADO
2026-09-16 15:42:05,TEST_AQUECIMENTO_001,VEICULO_TESTE_01,2676.6,75.7,58.3,45.0,28.1,29.8,54.8,10.27,14.02,56.29,AQUECIMENTO_PROGRESSIVO,SIMULADO
2026-09-16 15:42:06,TEST_AQUECIMENTO_001,VEICULO_TESTE_01,2885.0,76.2,59.4,40.6,29.7,29.6,51.9,11.22,14.01,56.29,AQUECIMENTO_PROGRESSIVO,SIMULADO
2026-09-16 15:42:07,TEST_AQUECIMENTO_001,VEICULO_TESTE_01,2803.3,76.7,59.9,39.1,27.3,28.2,52.7,10.94,14.13,56.28,AQUECIMENTO_PROGRESSIVO,SIMULADO
2026-09-16 15:42:08,TEST_AQUECIMENTO_001,VEICULO_TESTE_01,2783.6,77.4,60.3,44.9,30.1,29.5,54.5,11.6,14.37,56.28,AQUECIMENTO_PROGRESSIVO,SIMULADO
2026-09-16 15:42:09,TEST_AQUECIMENTO_001,VEICULO_TESTE_01,2985.0,78.2,59.7,41.5,28.2,30.4,53.5,10.77,14.11,56.28,AQUECIMENTO_PROGRESSIVO,SIMULADO
2026-09-16 15:42:10,TEST_AQUECIMENTO_001,VEICULO_TESTE_01,2849.6,78.9,60.3,45.3,32.6,29.8,59.7,9.98,14.28,56.28,AQUECIMENTO_PROGRESSIVO,SIMULADO
2026-09-16 15:42:11,TEST_AQUECIMENTO_001,VEICULO_TESTE_01,3034.6,79.7,59.9,48.5,35.2,29.5,60.0,11.82,14.18,56.28,AQUECIMENTO_PROGRESSIVO,SIMULADO
2026-09-16 15:42:12,TEST_AQUECIMENTO_001,VEICULO_TESTE_01,3068.7,80.7,60.5,50.3,31.5,30.3,60.5,12.34,14.23,56.28,AQUECIMENTO_PROGRESSIVO,SIMULADO
2026-09-16 15:42:13,TEST_AQUECIMENTO_001,VEICULO_TESTE_01,2933.8,81.6,60.2,37.6,30.6,28.4,57.3,10.07,14.06,56.27,AQUECIMENTO_PROGRESSIVO,SIMULADO
2026-09-16 15:42:14,TEST_AQUECIMENTO_001,VEICULO_TESTE_01,3100.3,82.4,60.1,48.6,35.0,28.6,58.4,12.24,14.07,56.27,AQUECIMENTO_PROGRESSIVO,SIMULADO
2026-09-16 15:42:15,TEST_AQUECIMENTO_001,VEICULO_TESTE_01,2915.4,83.1,59.7,46.8,32.8,29.2,61.5,10.84,14.08,56.27,AQUECIMENTO_PROGRESSIVO,SIMULADO
2026-09-16 15:42:16,TEST_AQUECIMENTO_001,VEICULO_TESTE_01,3007.6,83.5,60.3,33.9,26.0,30.1,52.5,10.62,14.17,56.27,AQUECIMENTO_PROGRESSIVO,SIMULADO
2026-09-16 15:42:17,TEST_AQUECIMENTO_001,VEICULO_TESTE_01,2903.8,83.9,60.5,36.5,27.9,29.0,55.8,10.27,14.15,56.27,AQUECIMENTO_PROGRESSIVO,SIMULADO
2026-09-16 15:42:18,TEST_AQUECIMENTO_001,VEICULO_TESTE_01,2807.7,83.9,59.3,31.8,23.1,30.4,49.9,10.15,14.21,56.26,AQUECIMENTO_PROGRESSIVO,SIMULADO
2026-09-16 15:42:19,TEST_AQUECIMENTO_001,VEICULO_TESTE_01,2826.6,84.0,60.2,32.5,24.1,28.1,52.0,10.52,14.16,56.26,AQUECIMENTO_PROGRESSIVO,SIMULADO
2026-09-16 15:42:20,TEST_AQUECIMENTO_001,VEICULO_TESTE_01,2909.8,83.9,61.1,33.8,22.5,30.0,51.4,10.12,14.12,56.26,AQUECIMENTO_PROGRESSIVO,SIMULADO
2026-09-16 15:42:21,TEST_AQUECIMENTO_001,VEICULO_TESTE_01,2823.7,83.9,60.5,29.6,19.4,28.8,45.0,9.96,14.24,56.26,AQUECIMENTO_PROGRESSIVO,SIMULADO
2026-09-16 15:42:22,TEST_AQUECIMENTO_001,VEICULO_TESTE_01,2780.4,83.9,60.2,32.2,23.5,30.0,46.0,10.24,13.98,56.26,AQUECIMENTO_PROGRESSIVO,SIMULADO
2026-09-16 15:42:23,TEST_AQUECIMENTO_001,VEICULO_TESTE_01,2970.4,84.0,60.9,33.0,24.0,29.7,52.4,10.38,14.24,56.26,AQUECIMENTO_PROGRESSIVO,SIMULADO
2026-09-16 15:42:24,TEST_AQUECIMENTO_001,VEICULO_TESTE_01,2786.7,83.9,60.2,29.8,25.3,28.6,50.3,10.1,14.04,56.25,AQUECIMENTO_PROGRESSIVO,SIMULADO
2026-09-16 15:42:25,TEST_AQUECIMENTO_001,VEICULO_TESTE_01,2874.5,83.9,61.5,31.3,20.6,28.8,48.1,10.56,14.05,56.25,AQUECIMENTO_PROGRESSIVO,SIMULADO
2026-09-16 15:42:26,TEST_AQUECIMENTO_001,VEICULO_TESTE_01,2829.7,84.0,61.9,31.8,20.7,29.2,50.6,10.74,14.2,56.25,AQUECIMENTO_PROGRESSIVO,SIMULADO
2026-09-16 15:42:27,TEST_AQUECIMENTO_001,VEICULO_TESTE_01,2928.2,84.0,60.3,35.3,25.4,30.5,50.6,10.29,14.15,56.25,AQUECIMENTO_PROGRESSIVO,SIMULADO
2026-09-16 15:42:28,TEST_AQUECIMENTO_001,VEICULO_TESTE_01,2858.6,84.0,61.8,34.5,25.7,27.0,50.0,10.87,14.16,56.25,AQUECIMENTO_PROGRESSIVO,SIMULADO
2026-09-16 15:42:29,TEST_AQUECIMENTO_001,VEICULO_TESTE_01,2894.3,83.9,61.5,32.9,24.7,28.9,47.8,10.61,14.08,56.25,AQUECIMENTO_PROGRESSIVO,SIMULADO
2026-09-16 15:42:30,TEST_AQUECIMENTO_001,VEICULO_TESTE_01,2845.4,83.9,62.5,34.7,28.0,27.7,51.8,10.87,14.17,56.24,AQUECIMENTO_PROGRESSIVO,SIMULADO
2026-09-16 15:42:31,TEST_AQUECIMENTO_001,VEICULO_TESTE_01,2856.8,83.9,61.0,38.2,25.1,27.5,50.4,10.58,14.06,56.24,AQUECIMENTO_PROGRESSIVO,SIMULADO
2026-09-16 15:42:32,TEST_AQUECIMENTO_001,VEICULO_TESTE_01,2845.8,83.9,63.2,32.4,24.5,27.1,45.5,9.95,14.21,56.24,AQUECIMENTO_PROGRESSIVO,SIMULADO
2026-09-16 15:42:33,TEST_AQUECIMENTO_001,VEICULO_TESTE_01,2842.5,83.9,62.4,27.1,25.8,29.6,47.4,10.27,14.04,56.24,AQUECIMENTO_PROGRESSIVO,SIMULADO
2026-09-16 15:42:34,TEST_AQUECIMENTO_001,VEICULO_TESTE_01,2775.5,83.9,61.8,31.2,22.6,29.8,45.6,9.76,14.07,56.24,AQUECIMENTO_PROGRESSIVO,SIMULADO
2026-09-16 15:42:35,TEST_AQUECIMENTO_001,VEICULO_TESTE_01,2796.7,83.9,62.5,29.9,23.6,27.7,50.0,10.36,14.2,56.24,AQUECIMENTO_PROGRESSIVO,SIMULADO
2026-09-16 15:42:36,TEST_AQUECIMENTO_001,VEICULO_TESTE_01,2812.5,83.8,62.2,33.4,25.0,28.7,51.2,10.52,14.06,56.23,AQUECIMENTO_PROGRESSIVO,SIMULADO
2026-09-16 15:42:37,TEST_AQUECIMENTO_001,VEICULO_TESTE_01,2836.4,83.8,62.5,34.4,23.2,29.1,51.1,10.32,14.18,56.23,AQUECIMENTO_PROGRESSIVO,SIMULADO
2026-09-16 15:42:38,TEST_AQUECIMENTO_001,VEICULO_TESTE_01,2854.1,83.8,63.3,33.1,25.5,30.8,52.1,10.25,14.13,56.23,AQUECIMENTO_PROGRESSIVO,SIMULADO
2026-09-16 15:42:39,TEST_AQUECIMENTO_001,VEICULO_TESTE_01,2801.1,83.8,63.1,30.4,23.1,26.5,49.6,10.01,14.18,56.23,AQUECIMENTO_PROGRESSIVO,SIMULADO
2026-09-16 15:42:40,TEST_AQUECIMENTO_001,VEICULO_TESTE_01,2837.5,83.8,63.1,33.7,22.2,28.7,50.5,9.92,14.21,56.23,AQUECIMENTO_PROGRESSIVO,SIMULADO
2026-09-16 15:42:41,TEST_AQUECIMENTO_001,VEICULO_TESTE_01,2841.9,83.8,62.9,32.8,21.6,27.4,48.5,10.9,14.12,56.23,AQUECIMENTO_PROGRESSIVO,SIMULADO
2026-09-16 15:42:42,TEST_AQUECIMENTO_001,VEICULO_TESTE_01,2992.0,83.9,63.2,30.4,26.0,28.9,51.3,10.02,14.05,56.22,AQUECIMENTO_PROGRESSIVO,SIMULADO
2026-09-16 15:42:43,TEST_AQUECIMENTO_001,VEICULO_TESTE_01,2794.4,83.8,63.3,33.0,21.6,30.3,46.2,10.15,14.08,56.22,AQUECIMENTO_PROGRESSIVO,SIMULADO
2026-09-16 15:42:44,TEST_AQUECIMENTO_001,VEICULO_TESTE_01,2844.6,83.8,63.2,36.0,25.3,28.2,53.4,10.48,14.11,56.22,AQUECIMENTO_PROGRESSIVO,SIMULADO
2026-09-16 15:42:45,TEST_AQUECIMENTO_001,VEICULO_TESTE_01,2828.5,83.8,63.5,28.4,22.0,28.9,50.1,11.1,14.28,56.22,AQUECIMENTO_PROGRESSIVO,SIMULADO
2026-09-16 15:42:46,TEST_AQUECIMENTO_001,VEICULO_TESTE_01,2817.7,83.8,63.7,39.1,25.0,30.2,49.1,10.61,14.14,56.22,AQUECIMENTO_PROGRESSIVO,SIMULADO
2026-09-16 15:42:47,TEST_AQUECIMENTO_001,VEICULO_TESTE_01,2819.9,83.8,63.9,31.5,23.7,28.8,49.8,10.55,14.14,56.22,AQUECIMENTO_PROGRESSIVO,SIMULADO
2026-09-16 15:42:48,TEST_AQUECIMENTO_001,VEICULO_TESTE_01,2818.2,83.8,64.2,33.2,21.2,28.8,46.4,10.55,14.14,56.21,AQUECIMENTO_PROGRESSIVO,SIMULADO
2026-09-16 15:42:49,TEST_AQUECIMENTO_001,VEICULO_TESTE_01,2762.2,83.9,65.0,38.2,24.8,29.3,52.2,10.31,14.12,56.21,AQUECIMENTO_PROGRESSIVO,SIMULADO
2026-09-16 15:42:50,TEST_AQUECIMENTO_001,VEICULO_TESTE_01,2973.0,83.9,63.4,32.1,22.3,30.0,47.0,10.51,14.19,56.21,AQUECIMENTO_PROGRESSIVO,SIMULADO
2026-09-16 15:42:51,TEST_AQUECIMENTO_001,VEICULO_TESTE_01,2853.5,83.9,64.5,33.6,24.7,29.6,48.6,10.76,14.2,56.21,AQUECIMENTO_PROGRESSIVO,SIMULADO
2026-09-16 15:42:52,TEST_AQUECIMENTO_001,VEICULO_TESTE_01,2771.3,83.9,64.9,34.8,23.3,29.3,49.9,10.34,14.11,56.21,AQUECIMENTO_PROGRESSIVO,SIMULADO
2026-09-16 15:42:53,TEST_AQUECIMENTO_001,VEICULO_TESTE_01,2820.5,83.9,64.5,36.6,24.8,29.8,49.8,10.14,14.1,56.21,AQUECIMENTO_PROGRESSIVO,SIMULADO
2026-09-16 15:42:54,TEST_AQUECIMENTO_001,VEICULO_TESTE_01,2863.4,83.8,63.5,32.6,24.6,28.3,47.4,10.62,14.08,56.2,AQUECIMENTO_PROGRESSIVO,SIMULADO
2026-09-16 15:42:55,TEST_AQUECIMENTO_001,VEICULO_TESTE_01,2845.1,83.7,64.0,28.1,21.2,29.6,46.6,10.61,14.22,56.2,AQUECIMENTO_PROGRESSIVO,SIMULADO
2026-09-16 15:42:56,TEST_AQUECIMENTO_001,VEICULO_TESTE_01,2877.7,83.7,65.4,28.0,25.1,29.2,53.3,10.2,14.2,56.2,AQUECIMENTO_PROGRESSIVO,SIMULADO
2026-09-16 15:42:57,TEST_AQUECIMENTO_001,VEICULO_TESTE_01,2778.5,83.7,64.9,34.5,24.4,28.4,49.5,10.32,14.25,56.2,AQUECIMENTO_PROGRESSIVO,SIMULADO
2026-09-16 15:42:58,TEST_AQUECIMENTO_001,VEICULO_TESTE_01,2921.3,83.3,64.6,36.1,22.3,29.3,49.4,10.66,14.12,56.2,AQUECIMENTO_PROGRESSIVO,SIMULADO
2026-09-16 15:42:59,TEST_AQUECIMENTO_001,VEICULO_TESTE_01,2846.8,82.7,65.3,33.6,26.5,28.6,49.6,10.31,14.2,56.2,AQUECIMENTO_PROGRESSIVO,SIMULADO
2026-09-16 15:43:00,TEST_AQUECIMENTO_001,VEICULO_TESTE_01,2663.4,81.9,65.4,32.1,24.1,30.8,49.5,9.51,14.19,56.19,AQUECIMENTO_PROGRESSIVO,SIMULADO
2026-09-16 15:43:01,TEST_AQUECIMENTO_001,VEICULO_TESTE_01,2815.7,80.9,64.5,28.0,24.0,30.2,48.9,9.23,14.25,56.19,AQUECIMENTO_PROGRESSIVO,SIMULADO
2026-09-16 15:43:02,TEST_AQUECIMENTO_001,VEICULO_TESTE_01,2782.4,79.9,65.4,27.7,21.8,30.3,46.4,9.46,14.21,56.19,AQUECIMENTO_PROGRESSIVO,SIMULADO
2026-09-16 15:43:03,TEST_AQUECIMENTO_001,VEICULO_TESTE_01,2637.6,79.1,65.5,29.7,19.3,29.3,47.4,10.34,14.09,56.19,AQUECIMENTO_PROGRESSIVO,SIMULADO
2026-09-16 15:43:04,TEST_AQUECIMENTO_001,VEICULO_TESTE_01,2742.8,78.4,65.7,36.7,24.0,27.7,48.0,10.34,14.16,56.19,AQUECIMENTO_PROGRESSIVO,SIMULADO
2026-09-16 15:43:05,TEST_AQUECIMENTO_001,VEICULO_TESTE_01,2672.2,77.6,64.1,29.4,21.1,29.2,50.2,9.69,14.16,56.19,AQUECIMENTO_PROGRESSIVO,SIMULADO
2026-09-16 15:43:06,TEST_AQUECIMENTO_001,VEICULO_TESTE_01,2577.1,76.6,66.8,28.3,20.7,29.3,45.9,9.82,14.04,56.18,AQUECIMENTO_PROGRESSIVO,SIMULADO
2026-09-16 15:43:07,TEST_AQUECIMENTO_001,VEICULO_TESTE_01,2527.1,75.5,65.7,29.0,21.1,30.3,49.9,9.88,14.12,56.18,AQUECIMENTO_PROGRESSIVO,SIMULADO
2026-09-16 15:43:08,TEST_AQUECIMENTO_001,VEICULO_TESTE_01,2604.5,74.3,66.6,35.5,24.6,28.6,48.7,9.85,14.06,56.18,AQUECIMENTO_PROGRESSIVO,SIMULADO
2026-09-16 15:43:09,TEST_AQUECIMENTO_001,VEICULO_TESTE_01,2672.1,73.0,66.9,27.0,24.5,29.7,50.4,8.91,14.2,56.18,AQUECIMENTO_PROGRESSIVO,SIMULADO
2026-09-16 15:43:10,TEST_AQUECIMENTO_001,VEICULO_TESTE_01,2615.6,71.7,66.7,31.8,24.7,30.0,52.4,9.78,14.14,56.18,AQUECIMENTO_PROGRESSIVO,SIMULADO
2026-09-16 15:43:11,TEST_AQUECIMENTO_001,VEICULO_TESTE_01,2376.6,70.6,66.0,29.5,18.3,29.5,47.2,9.07,14.13,56.18,AQUECIMENTO_PROGRESSIVO,SIMULADO
2026-09-16 15:43:12,TEST_AQUECIMENTO_001,VEICULO_TESTE_01,2379.5,69.6,68.1,33.8,21.2,30.5,50.3,9.15,14.16,56.18,AQUECIMENTO_PROGRESSIVO,SIMULADO
2026-09-16 15:43:13,TEST_AQUECIMENTO_001,VEICULO_TESTE_01,2505.1,68.7,66.1,34.4,19.9,29.7,44.6,9.73,14.12,56.17,AQUECIMENTO_PROGRESSIVO,SIMULADO
2026-09-16 15:43:14,TEST_AQUECIMENTO_001,VEICULO_TESTE_01,2502.5,67.9,66.6,31.8,22.2,30.6,50.2,9.42,14.07,56.17,AQUECIMENTO_PROGRESSIVO,SIMULADO
2026-09-16 15:43:15,TEST_AQUECIMENTO_001,VEICULO_TESTE_01,2505.9,67.4,67.7,32.4,20.9,29.6,47.9,9.55,14.26,56.17,AQUECIMENTO_PROGRESSIVO,SIMULADO
2026-09-16 15:43:16,TEST_AQUECIMENTO_001,VEICULO_TESTE_01,2412.9,66.8,67.1,31.4,22.8,31.2,47.9,9.23,14.18,56.17,AQUECIMENTO_PROGRESSIVO,SIMULADO
2026-09-16 15:43:17,TEST_AQUECIMENTO_001,VEICULO_TESTE_01,2430.2,66.2,66.9,27.0,18.8,27.9,46.2,8.85,14.28,56.17,AQUECIMENTO_PROGRESSIVO,SIMULADO
2026-09-16 15:43:18,TEST_AQUECIMENTO_001,VEICULO_TESTE_01,2332.9,65.4,67.8,28.2,21.5,28.7,45.3,8.42,14.05,56.17,AQUECIMENTO_PROGRESSIVO,SIMULADO
2026-09-16 15:43:19,TEST_AQUECIMENTO_001,VEICULO_TESTE_01,2367.9,64.4,67.9,32.4,23.0,30.8,48.2,9.08,14.1,56.16,AQUECIMENTO_PROGRESSIVO,SIMULADO
2026-09-16 15:43:20,TEST_AQUECIMENTO_001,VEICULO_TESTE_01,2339.0,63.1,68.0,26.4,20.7,30.5,47.7,9.31,14.19,56.16,AQUECIMENTO_PROGRESSIVO,SIMULADO
2026-09-16 15:43:21,TEST_AQUECIMENTO_001,VEICULO_TESTE_01,2267.8,61.9,66.8,26.6,15.0,28.8,39.4,7.51,14.15,56.16,AQUECIMENTO_PROGRESSIVO,SIMULADO
2026-09-16 15:43:22,TEST_AQUECIMENTO_001,VEICULO_TESTE_01,2293.5,60.7,68.6,34.9,21.0,28.5,46.5,8.82,14.04,56.16,AQUECIMENTO_PROGRESSIVO,SIMULADO
2026-09-16 15:43:23,TEST_AQUECIMENTO_001,VEICULO_TESTE_01,2304.3,59.5,67.7,28.5,23.2,29.3,52.1,8.51,14.08,56.16,AQUECIMENTO_PROGRESSIVO,SIMULADO
2026-09-16 15:43:24,TEST_AQUECIMENTO_001,VEICULO_TESTE_01,2237.9,58.4,68.2,33.5,22.5,30.9,49.3,8.42,14.09,56.16,AQUECIMENTO_PROGRESSIVO,SIMULADO
2026-09-16 15:43:25,TEST_AQUECIMENTO_001,VEICULO_TESTE_01,2126.6,57.3,68.6,30.0,19.9,28.8,47.9,8.2,14.23,56.16,AQUECIMENTO_PROGRESSIVO,SIMULADO
2026-09-16 15:43:26,TEST_AQUECIMENTO_001,VEICULO_TESTE_01,2038.8,55.9,68.3,24.5,18.1,29.6,41.8,7.13,14.09,56.15,AQUECIMENTO_PROGRESSIVO,SIMULADO
2026-09-16 15:43:27,TEST_AQUECIMENTO_001,VEICULO_TESTE_01,2142.9,54.5,68.7,25.4,17.6,28.8,46.0,8.27,14.08,56.15,AQUECIMENTO_PROGRESSIVO,SIMULADO
2026-09-16 15:43:28,TEST_AQUECIMENTO_001,VEICULO_TESTE_01,2225.4,53.1,67.5,26.1,20.1,29.5,47.9,8.64,14.2,56.15,AQUECIMENTO_PROGRESSIVO,SIMULADO
2026-09-16 15:43:29,TEST_AQUECIMENTO_001,VEICULO_TESTE_01,2053.0,51.9,67.4,29.7,20.0,30.4,50.7,8.56,14.22,56.15,AQUECIMENTO_PROGRESSIVO,SIMULADO
2026-09-16 15:43:30,TEST_AQUECIMENTO_001,VEICULO_TESTE_01,1978.2,50.8,68.7,28.1,19.4,29.9,45.2,7.84,14.07,56.15,AQUECIMENTO_PROGRESSIVO,SIMULADO
2026-09-16 15:43:31,TEST_AQUECIMENTO_001,VEICULO_TESTE_01,2061.6,50.1,68.5,23.2,13.9,30.3,43.3,7.91,14.29,56.15,AQUECIMENTO_PROGRESSIVO,SIMULADO
2026-09-16 15:43:32,TEST_AQUECIMENTO_001,VEICULO_TESTE_01,2022.1,49.1,67.5,21.0,13.5,28.8,43.2,7.65,14.15,56.15,AQUECIMENTO_PROGRESSIVO,SIMULADO
2026-09-16 15:43:33,TEST_AQUECIMENTO_001,VEICULO_TESTE_01,1975.3,48.0,68.2,31.2,20.1,30.1,43.4,7.85,14.07,56.14,AQUECIMENTO_PROGRESSIVO,SIMULADO
2026-09-16 15:43:34,TEST_AQUECIMENTO_001,VEICULO_TESTE_01,1967.3,46.9,68.0,29.4,17.6,31.5,42.9,7.49,14.23,56.14,AQUECIMENTO_PROGRESSIVO,SIMULADO
2026-09-16 15:43:35,TEST_AQUECIMENTO_001,VEICULO_TESTE_01,2030.3,45.7,67.9,28.5,20.1,28.6,44.5,7.69,14.12,56.14,AQUECIMENTO_PROGRESSIVO,SIMULADO
2026-09-16 15:43:36,TEST_AQUECIMENTO_001,VEICULO_TESTE_01,1936.6,44.2,68.6,22.5,20.2,30.3,42.5,8.36,14.21,56.14,AQUECIMENTO_PROGRESSIVO,SIMULADO
2026-09-16 15:43:37,TEST_AQUECIMENTO_001,VEICULO_TESTE_01,1847.5,42.9,69.7,26.0,18.5,29.2,47.2,7.31,14.03,56.14,AQUECIMENTO_PROGRESSIVO,SIMULADO
2026-09-16 15:43:38,TEST_AQUECIMENTO_001,VEICULO_TESTE_01,1804.6,41.7,68.9,30.2,15.8,30.7,40.4,7.33,14.02,56.14,AQUECIMENTO_PROGRESSIVO,SIMULADO
2026-09-16 15:43:39,TEST_AQUECIMENTO_001,VEICULO_TESTE_01,1783.3,40.5,68.3,23.2,14.4,29.2,44.1,6.87,14.19,56.14,AQUECIMENTO_PROGRESSIVO,SIMULADO
2026-09-16 15:43:40,TEST_AQUECIMENTO_001,VEICULO_TESTE_01,1768.9,39.4,67.8,25.7,15.9,29.8,44.7,7.41,14.24,56.13,AQUECIMENTO_PROGRESSIVO,SIMULADO
2026-09-16 15:43:41,TEST_AQUECIMENTO_001,VEICULO_TESTE_01,1712.9,38.3,68.2,24.6,17.7,30.2,44.9,6.78,14.15,56.13,AQUECIMENTO_PROGRESSIVO,SIMULADO
2026-09-16 15:43:42,TEST_AQUECIMENTO_001,VEICULO_TESTE_01,1709.5,37.2,69.2,31.8,17.2,28.3,47.2,7.25,14.21,56.13,AQUECIMENTO_PROGRESSIVO,SIMULADO
2026-09-16 15:43:43,TEST_AQUECIMENTO_001,VEICULO_TESTE_01,1743.5,36.1,69.8,22.5,17.3,29.8,48.3,7.22,14.08,56.13,AQUECIMENTO_PROGRESSIVO,SIMULADO
2026-09-16 15:43:44,TEST_AQUECIMENTO_001,VEICULO_TESTE_01,1563.4,35.1,69.6,25.0,16.1,30.0,44.9,6.11,14.08,56.13,AQUECIMENTO_PROGRESSIVO,SIMULADO
2026-09-16 15:43:45,TEST_AQUECIMENTO_001,VEICULO_TESTE_01,1792.6,33.9,69.9,32.6,20.5,27.9,43.5,7.3,14.1,56.13,AQUECIMENTO_PROGRESSIVO,SIMULADO
2026-09-16 15:43:46,TEST_AQUECIMENTO_001,VEICULO_TESTE_01,1541.5,32.9,69.2,19.5,13.5,30.8,41.8,6.81,14.09,56.13,AQUECIMENTO_PROGRESSIVO,SIMULADO
2026-09-16 15:43:47,TEST_AQUECIMENTO_001,VEICULO_TESTE_01,1559.7,32.1,69.4,20.4,14.4,29.2,41.1,6.98,14.07,56.12,AQUECIMENTO_PROGRESSIVO,SIMULADO
2026-09-16 15:43:48,TEST_AQUECIMENTO_001,VEICULO_TESTE_01,1554.9,31.7,70.7,31.8,19.2,29.2,44.3,7.37,14.04,56.12,AQUECIMENTO_PROGRESSIVO,SIMULADO
2026-09-16 15:43:49,TEST_AQUECIMENTO_001,VEICULO_TESTE_01,1523.5,31.2,68.8,23.7,14.8,29.2,40.8,7.04,14.17,56.12,AQUECIMENTO_PROGRESSIVO,SIMULADO
2026-09-16 15:43:50,TEST_AQUECIMENTO_001,VEICULO_TESTE_01,1534.1,31.1,69.8,26.2,16.4,31.5,43.8,7.05,14.08,56.12,AQUECIMENTO_PROGRESSIVO,SIMULADO
2026-09-16 15:43:51,TEST_AQUECIMENTO_001,VEICULO_TESTE_01,1516.2,31.1,69.4,25.9,14.1,29.9,43.1,6.69,14.24,56.12,AQUECIMENTO_PROGRESSIVO,SIMULADO
2026-09-16 15:43:52,TEST_AQUECIMENTO_001,VEICULO_TESTE_01,1501.3,31.2,69.7,25.2,14.7,28.6,44.0,6.21,14.16,56.12,AQUECIMENTO_PROGRESSIVO,SIMULADO
2026-09-16 15:43:53,TEST_AQUECIMENTO_001,VEICULO_TESTE_01,1546.3,31.2,70.8,31.0,17.8,28.9,45.7,6.72,14.12,56.12,AQUECIMENTO_PROGRESSIVO,SIMULADO
2026-09-16 15:43:54,TEST_AQUECIMENTO_001,VEICULO_TESTE_01,1569.4,31.1,69.7,22.6,14.8,30.0,41.5,6.45,14.01,56.12,AQUECIMENTO_PROGRESSIVO,SIMULADO
2026-09-16 15:43:55,TEST_AQUECIMENTO_001,VEICULO_TESTE_01,1592.0,31.1,70.1,23.3,12.9,30.7,40.3,7.0,14.14,56.11,AQUECIMENTO_PROGRESSIVO,SIMULADO
2026-09-16 15:43:56,TEST_AQUECIMENTO_001,VEICULO_TESTE_01,1680.0,31.1,71.0,27.0,16.9,29.0,44.0,7.48,14.14,56.11,AQUECIMENTO_PROGRESSIVO,SIMULADO
2026-09-16 15:43:57,TEST_AQUECIMENTO_001,VEICULO_TESTE_01,1418.4,30.9,70.8,29.9,17.0,30.3,40.9,6.64,14.13,56.11,AQUECIMENTO_PROGRESSIVO,SIMULADO
2026-09-16 15:43:58,TEST_AQUECIMENTO_001,VEICULO_TESTE_01,1584.9,30.3,71.1,26.0,14.4,28.9,43.3,6.59,14.23,56.11,AQUECIMENTO_PROGRESSIVO,SIMULADO
2026-09-16 15:43:59,TEST_AQUECIMENTO_001,VEICULO_TESTE_01,1550.9,29.4,71.1,29.2,17.2,30.2,41.0,7.17,13.98,56.11,AQUECIMENTO_PROGRESSIVO,SIMULADO
2026-09-16 15:44:00,TEST_AQUECIMENTO_001,VEICULO_TESTE_01,1428.7,28.3,70.9,21.9,14.5,28.3,37.4,6.51,14.18,56.11,AQUECIMENTO_PROGRESSIVO,SIMULADO
2026-09-16 15:44:01,TEST_AQUECIMENTO_001,VEICULO_TESTE_01,1464.3,27.1,70.1,20.8,11.5,29.9,42.5,6.13,14.13,56.11,AQUECIMENTO_PROGRESSIVO,SIMULADO
2026-09-16 15:44:02,TEST_AQUECIMENTO_001,VEICULO_TESTE_01,1383.4,25.8,70.8,25.3,14.6,30.8,39.7,6.38,14.17,56.11,AQUECIMENTO_PROGRESSIVO,SIMULADO
2026-09-16 15:44:03,TEST_AQUECIMENTO_001,VEICULO_TESTE_01,1502.9,24.6,71.2,30.0,13.4,29.5,40.8,7.9,14.11,56.1,AQUECIMENTO_PROGRESSIVO,SIMULADO
2026-09-16 15:44:04,TEST_AQUECIMENTO_001,VEICULO_TESTE_01,1432.6,23.8,71.9,25.8,12.7,28.7,39.1,7.3,14.11,56.1,AQUECIMENTO_PROGRESSIVO,SIMULADO
2026-09-16 15:44:05,TEST_AQUECIMENTO_001,VEICULO_TESTE_01,1384.5,22.9,71.1,21.6,10.6,30.2,38.3,6.06,14.06,56.1,AQUECIMENTO_PROGRESSIVO,SIMULADO
2026-09-16 15:44:06,TEST_AQUECIMENTO_001,VEICULO_TESTE_01,1300.4,22.1,71.9,23.8,13.2,28.9,40.6,5.69,14.25,56.1,AQUECIMENTO_PROGRESSIVO,SIMULADO
2026-09-16 15:44:07,TEST_AQUECIMENTO_001,VEICULO_TESTE_01,1250.8,21.2,72.1,27.8,12.0,28.7,42.2,6.25,14.1,56.1,AQUECIMENTO_PROGRESSIVO,SIMULADO
2026-09-16 15:44:08,TEST_AQUECIMENTO_001,VEICULO_TESTE_01,1321.6,20.3,70.8,26.2,10.5,29.3,38.7,6.19,14.14,56.1,AQUECIMENTO_PROGRESSIVO,SIMULADO
2026-09-16 15:44:09,TEST_AQUECIMENTO_001,VEICULO_TESTE_01,1338.2,19.3,72.0,32.9,15.0,29.8,43.2,6.8,14.1,56.1,AQUECIMENTO_PROGRESSIVO,SIMULADO
2026-09-16 15:44:10,TEST_AQUECIMENTO_001,VEICULO_TESTE_01,1106.8,18.1,71.2,20.3,13.5,29.5,42.2,4.97,14.25,56.1,AQUECIMENTO_PROGRESSIVO,SIMULADO
2026-09-16 15:44:11,TEST_AQUECIMENTO_001,VEICULO_TESTE_01,1056.7,16.8,71.8,28.2,11.1,28.2,41.9,6.04,14.05,56.09,AQUECIMENTO_PROGRESSIVO,SIMULADO
2026-09-16 15:44:12,TEST_AQUECIMENTO_001,VEICULO_TESTE_01,1120.0,15.6,71.5,28.2,13.0,28.9,42.7,5.11,14.34,56.09,AQUECIMENTO_PROGRESSIVO,SIMULADO
2026-09-16 15:44:13,TEST_AQUECIMENTO_001,VEICULO_TESTE_01,1073.7,14.3,71.2,16.8,10.3,28.5,37.1,4.55,14.12,56.09,AQUECIMENTO_PROGRESSIVO,SIMULADO
2026-09-16 15:44:14,TEST_AQUECIMENTO_001,VEICULO_TESTE_01,1095.6,13.2,71.0,22.2,8.8,30.5,37.0,5.19,14.23,56.09,AQUECIMENTO_PROGRESSIVO,SIMULADO
2026-09-16 15:44:15,TEST_AQUECIMENTO_001,VEICULO_TESTE_01,1206.4,12.4,70.9,25.3,13.0,30.8,42.4,6.28,14.2,56.09,AQUECIMENTO_PROGRESSIVO,SIMULADO
2026-09-16 15:44:16,TEST_AQUECIMENTO_001,VEICULO_TESTE_01,1121.0,12.1,72.0,21.0,13.1,29.6,41.6,5.23,14.19,56.09,AQUECIMENTO_PROGRESSIVO,SIMULADO
2026-09-16 15:44:17,TEST_AQUECIMENTO_001,VEICULO_TESTE_01,1144.3,12.1,72.0,23.5,10.2,28.2,41.3,5.99,14.06,56.09,AQUECIMENTO_PROGRESSIVO,SIMULADO
2026-09-16 15:44:18,TEST_AQUECIMENTO_001,VEICULO_TESTE_01,1174.3,12.4,71.0,27.3,15.6,29.2,43.2,6.46,14.19,56.09,AQUECIMENTO_PROGRESSIVO,SIMULADO
2026-09-16 15:44:19,TEST_AQUECIMENTO_001,VEICULO_TESTE_01,1263.7,12.9,72.8,33.7,17.9,30.3,47.0,6.48,14.14,56.09,AQUECIMENTO_PROGRESSIVO,SIMULADO
2026-09-16 15:44:20,TEST_AQUECIMENTO_001,VEICULO_TESTE_01,1377.6,13.6,72.0,32.8,20.4,30.2,47.5,6.99,14.06,56.08,AQUECIMENTO_PROGRESSIVO,SIMULADO
2026-09-16 15:44:21,TEST_AQUECIMENTO_001,VEICULO_TESTE_01,1380.4,14.3,73.2,38.6,19.9,29.6,48.6,7.44,14.15,56.08,AQUECIMENTO_PROGRESSIVO,SIMULADO
2026-09-16 15:44:22,TEST_AQUECIMENTO_001,VEICULO_TESTE_01,1384.2,15.2,73.0,45.5,27.4,31.4,50.6,7.91,14.17,56.08,AQUECIMENTO_PROGRESSIVO,SIMULADO
2026-09-16 15:44:23,TEST_AQUECIMENTO_001,VEICULO_TESTE_01,1398.5,16.0,71.6,40.4,23.6,29.1,49.2,6.73,14.24,56.08,AQUECIMENTO_PROGRESSIVO,SIMULADO
2026-09-16 15:44:24,TEST_AQUECIMENTO_001,VEICULO_TESTE_01,1303.0,17.0,73.7,41.9,21.9,30.7,51.6,7.34,14.19,56.08,AQUECIMENTO_PROGRESSIVO,SIMULADO
2026-09-16 15:44:25,TEST_AQUECIMENTO_001,VEICULO_TESTE_01,1546.1,18.0,71.6,33.5,22.2,30.2,48.1,7.03,14.24,56.08,AQUECIMENTO_PROGRESSIVO,SIMULADO
2026-09-16 15:44:26,TEST_AQUECIMENTO_001,VEICULO_TESTE_01,1429.8,19.0,72.9,42.0,25.0,30.2,53.6,7.64,14.16,56.08,AQUECIMENTO_PROGRESSIVO,SIMULADO
2026-09-16 15:44:27,TEST_AQUECIMENTO_001,VEICULO_TESTE_01,1484.9,19.8,72.7,43.5,21.3,29.1,52.3,8.13,14.13,56.07,AQUECIMENTO_PROGRESSIVO,SIMULADO
2026-09-16 15:44:28,TEST_AQUECIMENTO_001,VEICULO_TESTE_01,1466.9,20.8,73.7,40.1,24.5,29.9,52.6,6.9,14.05,56.07,AQUECIMENTO_PROGRESSIVO,SIMULADO
2026-09-16 15:44:29,TEST_AQUECIMENTO_001,VEICULO_TESTE_01,1563.8,21.7,73.3,39.3,25.5,29.3,56.7,7.29,14.16,56.07,AQUECIMENTO_PROGRESSIVO,SIMULADO
2026-09-16 15:44:30,TEST_AQUECIMENTO_001,VEICULO_TESTE_01,1560.0,22.6,73.8,35.6,21.2,28.4,51.2,6.44,14.3,56.07,AQUECIMENTO_PROGRESSIVO,SIMULADO
2026-09-16 15:44:31,TEST_AQUECIMENTO_001,VEICULO_TESTE_01,1379.7,23.3,73.3,39.2,20.2,27.6,50.3,7.53,14.15,56.07,AQUECIMENTO_PROGRESSIVO,SIMULADO
2026-09-16 15:44:32,TEST_AQUECIMENTO_001,VEICULO_TESTE_01,1622.5,24.1,74.4,38.4,22.9,30.3,51.2,7.27,14.11,56.07,AQUECIMENTO_PROGRESSIVO,SIMULADO
2026-09-16 15:44:33,TEST_AQUECIMENTO_001,VEICULO_TESTE_01,1651.0,24.9,73.3,38.7,23.5,29.9,51.6,7.7,14.06,56.07,AQUECIMENTO_PROGRESSIVO,SIMULADO
2026-09-16 15:44:34,TEST_AQUECIMENTO_001,VEICULO_TESTE_01,1681.6,25.7,73.4,44.8,28.0,31.2,52.8,7.93,14.08,56.06,AQUECIMENTO_PROGRESSIVO,SIMULADO
2026-09-16 15:44:35,TEST_AQUECIMENTO_001,VEICULO_TESTE_01,1804.3,26.5,73.8,36.5,25.6,29.2,51.8,8.08,14.26,56.06,AQUECIMENTO_PROGRESSIVO,SIMULADO
2026-09-16 15:44:36,TEST_AQUECIMENTO_001,VEICULO_TESTE_01,1854.6,27.4,74.4,44.1,25.0,28.1,55.4,8.42,14.15,56.06,AQUECIMENTO_PROGRESSIVO,SIMULADO
2026-09-16 15:44:37,TEST_AQUECIMENTO_001,VEICULO_TESTE_01,1766.5,28.3,73.7,31.3,24.0,27.4,50.0,7.5,14.07,56.06,AQUECIMENTO_PROGRESSIVO,SIMULADO
2026-09-16 15:44:38,TEST_AQUECIMENTO_001,VEICULO_TESTE_01,1624.6,29.0,73.8,31.6,19.8,31.3,46.6,7.25,14.14,56.06,AQUECIMENTO_PROGRESSIVO,SIMULADO
2026-09-16 15:44:39,TEST_AQUECIMENTO_001,VEICULO_TESTE_01,1690.0,29.7,73.6,32.8,19.9,28.2,44.9,7.41,14.15,56.06,AQUECIMENTO_PROGRESSIVO,SIMULADO
2026-09-16 15:44:40,TEST_AQUECIMENTO_001,VEICULO_TESTE_01,1714.0,30.5,75.1,42.8,26.7,29.9,54.2,7.91,14.04,56.06,AQUECIMENTO_PROGRESSIVO,SIMULADO
2026-09-16 15:44:41,TEST_AQUECIMENTO_001,VEICULO_TESTE_01,1735.6,31.1,75.2,39.9,19.9,29.5,47.0,7.39,14.05,56.05,AQUECIMENTO_PROGRESSIVO,SIMULADO
2026-09-16 15:44:42,TEST_AQUECIMENTO_001,VEICULO_TESTE_01,1719.2,31.6,74.7,32.3,16.9,29.6,45.2,7.31,14.32,56.05,AQUECIMENTO_PROGRESSIVO,SIMULADO
2026-09-16 15:44:43,TEST_AQUECIMENTO_001,VEICULO_TESTE_01,1751.2,32.3,74.2,36.5,21.3,29.3,48.6,8.74,14.27,56.05,AQUECIMENTO_PROGRESSIVO,SIMULADO
2026-09-16 15:44:44,TEST_AQUECIMENTO_001,VEICULO_TESTE_01,1695.5,32.9,75.5,36.9,21.4,28.2,51.2,7.87,14.21,56.05,AQUECIMENTO_PROGRESSIVO,SIMULADO
2026-09-16 15:44:45,TEST_AQUECIMENTO_001,VEICULO_TESTE_01,1737.9,33.6,74.9,45.2,23.9,28.5,53.5,8.06,14.05,56.05,AQUECIMENTO_PROGRESSIVO,SIMULADO
2026-09-16 15:44:46,TEST_AQUECIMENTO_001,VEICULO_TESTE_01,1836.0,34.3,74.4,36.6,24.6,28.5,47.0,7.71,14.07,56.05,AQUECIMENTO_PROGRESSIVO,SIMULADO
2026-09-16 15:44:47,TEST_AQUECIMENTO_001,VEICULO_TESTE_01,1966.1,35.1,74.7,33.5,24.4,29.6,52.9,8.42,14.21,56.05,AQUECIMENTO_PROGRESSIVO,SIMULADO
2026-09-16 15:44:48,TEST_AQUECIMENTO_001,VEICULO_TESTE_01,2048.0,35.8,75.1,40.5,25.5,28.6,54.3,8.35,14.15,56.04,AQUECIMENTO_PROGRESSIVO,SIMULADO
2026-09-16 15:44:49,TEST_AQUECIMENTO_001,VEICULO_TESTE_01,1802.2,36.6,75.1,44.3,27.3,28.9,49.8,8.26,13.97,56.04,AQUECIMENTO_PROGRESSIVO,SIMULADO
2026-09-16 15:44:50,TEST_AQUECIMENTO_001,VEICULO_TESTE_01,1893.2,37.5,73.8,41.5,26.2,28.9,52.7,7.94,14.23,56.04,AQUECIMENTO_PROGRESSIVO,SIMULADO
2026-09-16 15:44:51,TEST_AQUECIMENTO_001,VEICULO_TESTE_01,1877.9,38.3,74.7,43.3,24.1,30.1,52.8,8.7,14.15,56.04,AQUECIMENTO_PROGRESSIVO,SIMULADO
2026-09-16 15:44:52,TEST_AQUECIMENTO_001,VEICULO_TESTE_01,1925.3,39.1,74.1,39.9,22.0,29.5,50.2,8.44,14.03,56.04,AQUECIMENTO_PROGRESSIVO,SIMULADO
2026-09-16 15:44:53,TEST_AQUECIMENTO_001,VEICULO_TESTE_01,1917.3,39.9,74.8,40.9,24.1,29.0,51.3,8.72,14.09,56.04,AQUECIMENTO_PROGRESSIVO,SIMULADO
2026-09-16 15:44:54,TEST_AQUECIMENTO_001,VEICULO_TESTE_01,2083.3,40.6,75.9,35.8,24.9,29.0,49.8,8.04,14.03,56.03,AQUECIMENTO_PROGRESSIVO,SIMULADO
2026-09-16 15:44:55,TEST_AQUECIMENTO_001,VEICULO_TESTE_01,2057.2,41.2,75.4,39.0,22.7,30.2,47.6,8.94,14.03,56.03,AQUECIMENTO_PROGRESSIVO,SIMULADO
2026-09-16 15:44:56,TEST_AQUECIMENTO_001,VEICULO_TESTE_01,2103.7,41.9,75.5,38.4,21.5,29.4,45.5,8.58,14.16,56.03,AQUECIMENTO_PROGRESSIVO,SIMULADO
2026-09-16 15:44:57,TEST_AQUECIMENTO_001,VEICULO_TESTE_01,1977.9,42.7,74.6,40.9,23.2,30.6,55.8,9.16,14.16,56.03,AQUECIMENTO_PROGRESSIVO,SIMULADO
2026-09-16 15:44:58,TEST_AQUECIMENTO_001,VEICULO_TESTE_01,1838.9,43.4,75.0,37.3,26.0,29.6,51.6,8.34,14.14,56.03,AQUECIMENTO_PROGRESSIVO,SIMULADO
2026-09-16 15:44:59,TEST_AQUECIMENTO_001,VEICULO_TESTE_01,2037.8,44.1,75.9,40.5,20.9,29.6,48.6,8.59,14.24,56.03,AQUECIMENTO_PROGRESSIVO,SIMULADO
2026-09-16 15:45:00,TEST_AQUECIMENTO_001,VEICULO_TESTE_01,2117.7,44.7,75.6,38.4,25.9,31.6,51.8,8.9,14.27,56.03,AQUECIMENTO_PROGRESSIVO,SIMULADO
2026-09-16 15:45:01,TEST_AQUECIMENTO_001,VEICULO_TESTE_01,2148.8,45.4,75.8,46.1,28.6,27.9,55.5,8.9,14.12,56.02,AQUECIMENTO_PROGRESSIVO,SIMULADO
2026-09-16 15:45:02,TEST_AQUECIMENTO_001,VEICULO_TESTE_01,2142.6,46.3,75.9,43.0,28.0,28.6,53.9,9.59,14.13,56.02,AQUECIMENTO_PROGRESSIVO,SIMULADO
2026-09-16 15:45:03,TEST_AQUECIMENTO_001,VEICULO_TESTE_01,2248.8,47.0,76.0,41.5,27.1,30.2,55.4,8.08,14.08,56.02,AQUECIMENTO_PROGRESSIVO,SIMULADO
2026-09-16 15:45:04,TEST_AQUECIMENTO_001,VEICULO_TESTE_01,2200.6,47.9,75.4,46.3,28.6,27.8,57.3,9.57,14.21,56.02,AQUECIMENTO_PROGRESSIVO,SIMULADO
2026-09-16 15:45:05,TEST_AQUECIMENTO_001,VEICULO_TESTE_01,2264.7,49.0,75.7,43.7,30.2,28.9,57.0,9.72,14.25,56.02,AQUECIMENTO_PROGRESSIVO,SIMULADO
2026-09-16 15:45:06,TEST_AQUECIMENTO_001,VEICULO_TESTE_01,2212.1,49.9,76.2,45.3,24.4,29.8,54.5,9.75,14.12,56.02,AQUECIMENTO_PROGRESSIVO,SIMULADO
2026-09-16 15:45:07,TEST_AQUECIMENTO_001,VEICULO_TESTE_01,2147.7,50.6,75.7,42.5,25.9,29.9,49.4,9.13,14.24,56.01,AQUECIMENTO_PROGRESSIVO,SIMULADO
2026-09-16 15:45:08,TEST_AQUECIMENTO_001,VEICULO_TESTE_01,2169.5,51.3,75.9,36.7,23.8,27.9,50.8,8.8,14.23,56.01,AQUECIMENTO_PROGRESSIVO,SIMULADO
2026-09-16 15:45:09,TEST_AQUECIMENTO_001,VEICULO_TESTE_01,2178.8,51.7,75.7,36.3,22.6,30.0,47.9,8.49,14.04,56.01,AQUECIMENTO_PROGRESSIVO,SIMULADO
2026-09-16 15:45:10,TEST_AQUECIMENTO_001,VEICULO_TESTE_01,2143.8,51.9,76.3,34.5,20.7,29.5,47.8,8.54,14.06,56.01,AQUECIMENTO_PROGRESSIVO,SIMULADO
2026-09-16 15:45:11,TEST_AQUECIMENTO_001,VEICULO_TESTE_01,2128.9,51.9,74.9,23.2,17.4,30.5,46.5,7.64,14.11,56.01,AQUECIMENTO_PROGRESSIVO,SIMULADO
2026-09-16 15:45:12,TEST_AQUECIMENTO_001,VEICULO_TESTE_01,2095.4,51.9,77.3,27.7,16.3,30.1,42.1,8.25,14.15,56.01,AQUECIMENTO_PROGRESSIVO,SIMULADO
2026-09-16 15:45:13,TEST_AQUECIMENTO_001,VEICULO_TESTE_01,2012.4,51.9,74.5,30.8,19.9,30.1,45.0,7.33,14.3,56.01,AQUECIMENTO_PROGRESSIVO,SIMULADO
2026-09-16 15:45:14,TEST_AQUECIMENTO_001,VEICULO_TESTE_01,2135.1,51.7,77.4,33.0,20.7,28.3,47.5,9.1,14.13,56.0,AQUECIMENTO_PROGRESSIVO,SIMULADO
2026-09-16 15:45:15,TEST_AQUECIMENTO_001,VEICULO_TESTE_01,2030.4,51.2,76.6,35.5,19.4,28.9,47.5,8.24,14.23,56.0,AQUECIMENTO_PROGRESSIVO,SIMULADO
2026-09-16 15:45:16,TEST_AQUECIMENTO_001,VEICULO_TESTE_01,2051.2,50.4,75.6,31.7,21.4,27.6,48.1,8.07,14.22,56.0,AQUECIMENTO_PROGRESSIVO,SIMULADO
2026-09-16 15:45:17,TEST_AQUECIMENTO_001,VEICULO_TESTE_01,1973.3,49.6,74.6,21.5,14.4,29.6,41.4,8.09,14.24,56.0,AQUECIMENTO_PROGRESSIVO,SIMULADO
2026-09-16 15:45:18,TEST_AQUECIMENTO_001,VEICULO_TESTE_01,1945.7,48.5,76.4,27.4,17.9,28.9,44.5,8.23,14.21,56.0,AQUECIMENTO_PROGRESSIVO,SIMULADO
2026-09-16 15:45:19,TEST_AQUECIMENTO_001,VEICULO_TESTE_01,1955.7,47.4,76.9,26.2,16.0,28.2,44.2,8.11,14.12,56.0,AQUECIMENTO_PROGRESSIVO,SIMULADO
2026-09-16 15:45:20,TEST_AQUECIMENTO_001,VEICULO_TESTE_01,1955.8,46.4,76.8,22.7,14.9,30.3,42.3,7.91,14.16,56.0,AQUECIMENTO_PROGRESSIVO,SIMULADO
2026-09-16 15:45:21,TEST_AQUECIMENTO_001,VEICULO_TESTE_01,1840.8,45.4,76.4,25.1,15.1,27.2,44.1,7.72,14.16,55.99,AQUECIMENTO_PROGRESSIVO,SIMULADO
2026-09-16 15:45:22,TEST_AQUECIMENTO_001,VEICULO_TESTE_01,1965.7,44.2,76.8,27.4,17.2,31.4,43.9,7.76,14.18,55.99,AQUECIMENTO_PROGRESSIVO,SIMULADO
2026-09-16 15:45:23,TEST_AQUECIMENTO_001,VEICULO_TESTE_01,1860.1,43.2,77.0,24.1,16.7,29.6,42.6,7.75,14.09,55.99,AQUECIMENTO_PROGRESSIVO,SIMULADO
2026-09-16 15:45:24,TEST_AQUECIMENTO_001,VEICULO_TESTE_01,1787.0,42.2,76.8,30.5,20.0,31.3,47.9,8.09,14.11,55.99,AQUECIMENTO_PROGRESSIVO,SIMULADO
2026-09-16 15:45:25,TEST_AQUECIMENTO_001,VEICULO_TESTE_01,1831.1,41.1,75.7,26.6,16.3,27.8,43.0,7.11,14.14,55.99,AQUECIMENTO_PROGRESSIVO,SIMULADO
2026-09-16 15:45:26,TEST_AQUECIMENTO_001,VEICULO_TESTE_01,1771.3,39.9,75.8,22.5,15.8,29.2,42.3,6.4,14.19,55.99,AQUECIMENTO_PROGRESSIVO,SIMULADO
2026-09-16 15:45:27,TEST_AQUECIMENTO_001,VEICULO_TESTE_01,1775.5,38.9,76.5,24.3,15.3,28.8,42.4,6.94,14.07,55.99,AQUECIMENTO_PROGRESSIVO,SIMULADO
2026-09-16 15:45:28,TEST_AQUECIMENTO_001,VEICULO_TESTE_01,1790.2,37.9,77.8,30.1,14.2,29.2,42.9,7.46,14.27,55.98,AQUECIMENTO_PROGRESSIVO,SIMULADO
2026-09-16 15:45:29,TEST_AQUECIMENTO_001,VEICULO_TESTE_01,1842.8,36.9,76.8,23.8,13.7,30.3,44.2,6.76,14.05,55.98,AQUECIMENTO_PROGRESSIVO,SIMULADO
2026-09-16 15:45:30,TEST_AQUECIMENTO_001,VEICULO_TESTE_01,1737.0,35.9,76.8,28.6,16.5,29.1,42.7,7.47,14.26,55.98,AQUECIMENTO_PROGRESSIVO,SIMULADO
2026-09-16 15:45:31,TEST_AQUECIMENTO_001,VEICULO_TESTE_01,1645.3,35.1,76.6,22.9,11.8,29.2,40.9,6.71,14.22,55.98,AQUECIMENTO_PROGRESSIVO,SIMULADO
2026-09-16 15:45:32,TEST_AQUECIMENTO_001,VEICULO_TESTE_01,1659.6,34.3,77.6,31.5,16.8,29.3,42.8,7.1,14.18,55.98,AQUECIMENTO_PROGRESSIVO,SIMULADO
2026-09-16 15:45:33,TEST_AQUECIMENTO_001,VEICULO_TESTE_01,1622.8,33.3,76.4,22.5,14.4,29.9,40.4,6.22,14.32,55.98,AQUECIMENTO_PROGRESSIVO,SIMULADO
2026-09-16 15:45:34,TEST_AQUECIMENTO_001,VEICULO_TESTE_01,1609.1,32.6,76.8,19.6,15.4,31.1,42.4,6.61,14.07,55.98,AQUECIMENTO_PROGRESSIVO,SIMULADO
2026-09-16 15:45:35,TEST_AQUECIMENTO_001,VEICULO_TESTE_01,1650.3,32.0,78.3,27.6,14.4,29.8,41.6,7.21,14.14,55.98,AQUECIMENTO_PROGRESSIVO,SIMULADO
2026-09-16 15:45:36,TEST_AQUECIMENTO_001,VEICULO_TESTE_01,1561.1,31.6,77.4,28.5,16.6,29.9,43.0,6.96,14.01,55.97,AQUECIMENTO_PROGRESSIVO,SIMULADO
2026-09-16 15:45:37,TEST_AQUECIMENTO_001,VEICULO_TESTE_01,1551.6,31.4,76.6,24.6,14.7,29.0,41.5,6.72,14.23,55.97,AQUECIMENTO_PROGRESSIVO,SIMULADO
2026-09-16 15:45:38,TEST_AQUECIMENTO_001,VEICULO_TESTE_01,1547.9,31.3,78.2,18.2,11.6,28.8,38.2,7.09,14.12,55.97,AQUECIMENTO_PROGRESSIVO,SIMULADO
2026-09-16 15:45:39,TEST_AQUECIMENTO_001,VEICULO_TESTE_01,1714.0,31.3,77.2,21.4,12.4,30.1,40.3,7.05,14.23,55.97,AQUECIMENTO_PROGRESSIVO,SIMULADO
2026-09-16 15:45:40,TEST_AQUECIMENTO_001,VEICULO_TESTE_01,1577.5,31.2,77.8,25.8,14.7,28.6,43.4,6.81,14.26,55.97,AQUECIMENTO_PROGRESSIVO,SIMULADO
2026-09-16 15:45:41,TEST_AQUECIMENTO_001,VEICULO_TESTE_01,1461.6,31.3,77.6,27.1,13.2,28.4,41.5,6.62,14.13,55.97,AQUECIMENTO_PROGRESSIVO,SIMULADO
2026-09-16 15:45:42,TEST_AQUECIMENTO_001,VEICULO_TESTE_01,1647.9,31.4,78.0,29.9,17.7,29.7,44.1,7.31,14.3,55.97,AQUECIMENTO_PROGRESSIVO,SIMULADO
2026-09-16 15:45:43,TEST_AQUECIMENTO_001,VEICULO_TESTE_01,1574.6,31.3,77.1,20.7,11.6,30.4,36.9,6.57,14.05,55.97,AQUECIMENTO_PROGRESSIVO,SIMULADO
2026-09-16 15:45:44,TEST_AQUECIMENTO_001,VEICULO_TESTE_01,1679.2,31.3,76.7,24.1,13.4,31.5,41.2,7.62,14.29,55.96,AQUECIMENTO_PROGRESSIVO,SIMULADO
2026-09-16 15:45:45,TEST_AQUECIMENTO_001,VEICULO_TESTE_01,1565.9,31.4,77.4,28.6,15.6,30.4,43.8,7.09,14.16,55.96,AQUECIMENTO_PROGRESSIVO,SIMULADO
2026-09-16 15:45:46,TEST_AQUECIMENTO_001,VEICULO_TESTE_01,1664.0,31.3,77.5,28.7,13.9,28.8,40.3,7.17,14.18,55.96,AQUECIMENTO_PROGRESSIVO,SIMULADO
2026-09-16 15:45:47,TEST_AQUECIMENTO_001,VEICULO_TESTE_01,1491.0,31.2,76.9,25.9,12.8,31.3,43.2,6.11,14.16,55.96,AQUECIMENTO_PROGRESSIVO,SIMULADO
2026-09-16 15:45:48,TEST_AQUECIMENTO_001,VEICULO_TESTE_01,1611.1,31.3,77.2,21.2,14.3,31.4,41.5,6.94,14.15,55.96,AQUECIMENTO_PROGRESSIVO,SIMULADO
2026-09-16 15:45:49,TEST_AQUECIMENTO_001,VEICULO_TESTE_01,1640.1,31.3,78.1,24.9,17.2,30.7,44.6,6.84,14.25,55.96,AQUECIMENTO_PROGRESSIVO,SIMULADO
2026-09-16 15:45:50,TEST_AQUECIMENTO_001,VEICULO_TESTE_01,1590.5,31.3,78.0,22.4,15.7,30.2,42.9,6.62,14.24,55.96,AQUECIMENTO_PROGRESSIVO,SIMULADO
2026-09-16 15:45:51,TEST_AQUECIMENTO_001,VEICULO_TESTE_01,1549.2,31.4,77.2,28.0,14.4,30.7,41.2,7.23,14.11,55.95,AQUECIMENTO_PROGRESSIVO,SIMULADO
2026-09-16 15:45:52,TEST_AQUECIMENTO_001,VEICULO_TESTE_01,1557.0,31.5,77.8,25.5,12.3,28.8,42.4,6.82,14.23,55.95,AQUECIMENTO_PROGRESSIVO,SIMULADO
2026-09-16 15:45:53,TEST_AQUECIMENTO_001,VEICULO_TESTE_01,1625.5,31.5,77.4,28.3,17.4,32.4,46.2,6.87,14.05,55.95,AQUECIMENTO_PROGRESSIVO,SIMULADO
2026-09-16 15:45:54,TEST_AQUECIMENTO_001,VEICULO_TESTE_01,1626.1,31.5,77.0,21.3,13.7,28.7,43.8,6.42,14.11,55.95,AQUECIMENTO_PROGRESSIVO,SIMULADO
2026-09-16 15:45:55,TEST_AQUECIMENTO_001,VEICULO_TESTE_01,1648.9,31.5,77.5,19.8,15.3,28.9,41.9,6.29,14.29,55.95,AQUECIMENTO_PROGRESSIVO,SIMULADO
2026-09-16 15:45:56,TEST_AQUECIMENTO_001,VEICULO_TESTE_01,1601.3,31.5,77.9,28.1,14.7,28.9,43.2,7.14,14.23,55.95,AQUECIMENTO_PROGRESSIVO,SIMULADO
2026-09-16 15:45:57,TEST_AQUECIMENTO_001,VEICULO_TESTE_01,1631.0,31.4,78.8,29.2,14.4,30.5,44.7,7.68,14.27,55.95,AQUECIMENTO_PROGRESSIVO,SIMULADO
2026-09-16 15:45:58,TEST_AQUECIMENTO_001,VEICULO_TESTE_01,1614.0,31.5,78.3,25.7,16.7,31.0,45.5,6.44,14.2,55.95,AQUECIMENTO_PROGRESSIVO,SIMULADO
2026-09-16 15:45:59,TEST_AQUECIMENTO_001,VEICULO_TESTE_01,1598.6,31.4,78.7,25.8,17.5,31.0,45.5,7.06,14.28,55.94,AQUECIMENTO_PROGRESSIVO,SIMULADO
2026-09-16 15:46:00,TEST_AQUECIMENTO_001,VEICULO_TESTE_01,1620.0,31.4,78.4,26.0,14.7,28.4,43.4,6.81,14.23,55.94,AQUECIMENTO_PROGRESSIVO,SIMULADO
2026-09-16 15:46:01,TEST_AQUECIMENTO_001,VEICULO_TESTE_01,1713.1,31.4,79.6,31.7,18.4,29.8,48.2,7.79,13.99,55.94,AQUECIMENTO_PROGRESSIVO,SIMULADO
2026-09-16 15:46:02,TEST_AQUECIMENTO_001,VEICULO_TESTE_01,1377.8,31.3,79.1,25.1,11.1,29.4,40.6,6.36,14.11,55.94,AQUECIMENTO_PROGRESSIVO,SIMULADO
2026-09-16 15:46:03,TEST_AQUECIMENTO_001,VEICULO_TESTE_01,1677.9,31.3,78.6,32.1,18.7,28.9,44.7,7.7,14.08,55.94,AQUECIMENTO_PROGRESSIVO,SIMULADO
2026-09-16 15:46:04,TEST_AQUECIMENTO_001,VEICULO_TESTE_01,1584.2,31.3,78.5,22.5,11.4,29.8,39.2,6.86,14.25,55.94,AQUECIMENTO_PROGRESSIVO,SIMULADO
2026-09-16 15:46:05,TEST_AQUECIMENTO_001,VEICULO_TESTE_01,1605.6,31.3,78.2,30.3,17.3,29.9,42.3,7.6,14.08,55.94,AQUECIMENTO_PROGRESSIVO,SIMULADO
2026-09-16 15:46:06,TEST_AQUECIMENTO_001,VEICULO_TESTE_01,1708.0,31.3,79.0,31.7,14.5,27.8,43.9,7.57,14.18,55.94,AQUECIMENTO_PROGRESSIVO,SIMULADO
2026-09-16 15:46:07,TEST_AQUECIMENTO_001,VEICULO_TESTE_01,1440.0,31.1,78.8,25.1,14.2,29.7,42.7,5.82,14.16,55.93,AQUECIMENTO_PROGRESSIVO,SIMULADO
2026-09-16 15:46:08,TEST_AQUECIMENTO_001,VEICULO_TESTE_01,1407.1,30.7,79.2,27.5,16.2,31.1,44.6,5.7,14.06,55.93,AQUECIMENTO_PROGRESSIVO,SIMULADO
2026-09-16 15:46:09,TEST_AQUECIMENTO_001,VEICULO_TESTE_01,1539.3,30.0,78.7,27.0,12.9,29.8,42.1,6.54,14.18,55.93,AQUECIMENTO_PROGRESSIVO,SIMULADO
2026-09-16 15:46:10,TEST_AQUECIMENTO_001,VEICULO_TESTE_01,1425.1,29.3,79.0,31.5,16.3,29.1,44.8,7.16,14.17,55.93,AQUECIMENTO_PROGRESSIVO,SIMULADO
2026-09-16 15:46:11,TEST_AQUECIMENTO_001,VEICULO_TESTE_01,1521.3,28.8,79.2,23.6,13.5,29.5,39.8,6.31,14.12,55.93,AQUECIMENTO_PROGRESSIVO,SIMULADO
2026-09-16 15:46:12,TEST_AQUECIMENTO_001,VEICULO_TESTE_01,1406.0,28.4,78.3,27.3,14.7,29.8,41.5,6.36,13.97,55.93,AQUECIMENTO_PROGRESSIVO,SIMULADO
2026-09-16 15:46:13,TEST_AQUECIMENTO_001,VEICULO_TESTE_01,1474.5,28.1,79.4,23.3,13.6,29.8,43.5,6.98,13.98,55.93,AQUECIMENTO_PROGRESSIVO,SIMULADO
2026-09-16 15:46:14,TEST_AQUECIMENTO_001,VEICULO_TESTE_01,1550.0,28.1,79.7,24.7,12.7,30.1,38.9,6.86,14.2,55.92,AQUECIMENTO_PROGRESSIVO,SIMULADO
2026-09-16 15:46:15,TEST_AQUECIMENTO_001,VEICULO_TESTE_01,1473.3,28.1,80.3,20.7,13.2,29.3,41.0,5.94,14.23,55.92,AQUECIMENTO_PROGRESSIVO,SIMULADO
2026-09-16 15:46:16,TEST_AQUECIMENTO_001,VEICULO_TESTE_01,1403.0,28.1,78.6,21.6,12.1,28.0,41.5,6.22,14.13,55.92,AQUECIMENTO_PROGRESSIVO,SIMULADO
2026-09-16 15:46:17,TEST_AQUECIMENTO_001,VEICULO_TESTE_01,1468.9,28.1,79.3,29.1,16.6,31.0,44.1,6.79,14.19,55.92,AQUECIMENTO_PROGRESSIVO,SIMULADO
2026-09-16 15:46:18,TEST_AQUECIMENTO_001,VEICULO_TESTE_01,1507.6,28.0,80.0,28.5,15.2,28.6,42.0,6.68,14.05,55.92,AQUECIMENTO_PROGRESSIVO,SIMULADO
2026-09-16 15:46:19,TEST_AQUECIMENTO_001,VEICULO_TESTE_01,1450.9,28.1,80.8,29.2,12.6,30.9,41.6,6.78,14.09,55.92,AQUECIMENTO_PROGRESSIVO,SIMULADO
2026-09-16 15:46:20,TEST_AQUECIMENTO_001,VEICULO_TESTE_01,1511.8,28.2,78.9,30.5,19.3,29.3,49.2,7.37,14.08,55.92,AQUECIMENTO_PROGRESSIVO,SIMULADO
2026-09-16 15:46:21,TEST_AQUECIMENTO_001,VEICULO_TESTE_01,1508.3,28.2,79.8,21.4,11.7,31.2,39.8,6.39,14.2,55.92,AQUECIMENTO_PROGRESSIVO,SIMULADO
2026-09-16 15:46:22,TEST_AQUECIMENTO_001,VEICULO_TESTE_01,1584.0,28.1,78.5,22.1,16.8,29.5,42.9,6.49,14.1,55.91,AQUECIMENTO_PROGRESSIVO,SIMULADO
2026-09-16 15:46:23,TEST_AQUECIMENTO_001,VEICULO_TESTE_01,1472.6,28.2,79.0,26.6,13.5,29.5,41.6,6.89,14.17,55.91,AQUECIMENTO_PROGRESSIVO,SIMULADO
2026-09-16 15:46:24,TEST_AQUECIMENTO_001,VEICULO_TESTE_01,1542.0,28.1,79.4,20.2,11.4,29.2,37.4,6.91,14.24,55.91,AQUECIMENTO_PROGRESSIVO,SIMULADO
2026-09-16 15:46:25,TEST_AQUECIMENTO_001,VEICULO_TESTE_01,1487.1,28.1,79.5,24.6,12.9,29.6,44.0,6.73,14.32,55.91,AQUECIMENTO_PROGRESSIVO,SIMULADO
2026-09-16 15:46:26,TEST_AQUECIMENTO_001,VEICULO_TESTE_01,1500.7,28.1,79.7,29.7,16.9,28.9,42.7,7.06,14.2,55.91,AQUECIMENTO_PROGRESSIVO,SIMULADO
2026-09-16 15:46:27,TEST_AQUECIMENTO_001,VEICULO_TESTE_01,1508.1,28.1,80.9,26.4,13.2,28.9,42.4,7.16,14.12,55.91,AQUECIMENTO_PROGRESSIVO,SIMULADO
2026-09-16 15:46:28,TEST_AQUECIMENTO_001,VEICULO_TESTE_01,1536.2,28.1,80.2,22.1,16.2,28.0,42.8,6.8,14.16,55.91,AQUECIMENTO_PROGRESSIVO,SIMULADO
2026-09-16 15:46:29,TEST_AQUECIMENTO_001,VEICULO_TESTE_01,1548.3,28.0,80.4,21.4,17.4,29.3,46.2,6.96,14.31,55.91,AQUECIMENTO_PROGRESSIVO,SIMULADO
2026-09-16 15:46:30,TEST_AQUECIMENTO_001,VEICULO_TESTE_01,1450.2,28.0,80.2,31.7,13.3,31.4,41.5,6.87,14.13,55.9,AQUECIMENTO_PROGRESSIVO,SIMULADO
2026-09-16 15:46:31,TEST_AQUECIMENTO_001,VEICULO_TESTE_01,1494.8,28.0,79.6,23.7,15.2,29.9,46.9,7.77,14.02,55.9,AQUECIMENTO_PROGRESSIVO,SIMULADO
2026-09-16 15:46:32,TEST_AQUECIMENTO_001,VEICULO_TESTE_01,1533.2,28.1,80.0,23.8,14.0,30.2,39.8,6.65,14.22,55.9,AQUECIMENTO_PROGRESSIVO,SIMULADO
2026-09-16 15:46:33,TEST_AQUECIMENTO_001,VEICULO_TESTE_01,1471.3,28.1,79.8,27.7,17.5,32.0,42.2,6.95,14.18,55.9,AQUECIMENTO_PROGRESSIVO,SIMULADO
2026-09-16 15:46:34,TEST_AQUECIMENTO_001,VEICULO_TESTE_01,1473.8,28.2,79.8,23.1,13.6,31.6,40.2,6.86,14.05,55.9,AQUECIMENTO_PROGRESSIVO,SIMULADO
2026-09-16 15:46:35,TEST_AQUECIMENTO_001,VEICULO_TESTE_01,1490.6,28.2,79.4,25.8,15.4,29.0,44.2,6.54,14.06,55.9,AQUECIMENTO_PROGRESSIVO,SIMULADO
2026-09-16 15:46:36,TEST_AQUECIMENTO_001,VEICULO_TESTE_01,1479.3,28.2,81.4,30.2,15.3,29.0,42.5,6.96,14.02,55.9,AQUECIMENTO_PROGRESSIVO,SIMULADO
2026-09-16 15:46:37,TEST_AQUECIMENTO_001,VEICULO_TESTE_01,1498.1,28.2,80.6,30.2,12.4,29.8,41.2,7.67,14.1,55.9,AQUECIMENTO_PROGRESSIVO,SIMULADO
2026-09-16 15:46:38,TEST_AQUECIMENTO_001,VEICULO_TESTE_01,1548.0,28.1,80.9,23.6,10.3,29.7,38.3,6.7,14.17,55.89,AQUECIMENTO_PROGRESSIVO,SIMULADO
2026-09-16 15:46:39,TEST_AQUECIMENTO_001,VEICULO_TESTE_01,1552.4,28.1,80.1,21.7,12.7,29.3,43.7,6.68,14.12,55.89,AQUECIMENTO_PROGRESSIVO,SIMULADO
2026-09-16 15:46:40,TEST_AQUECIMENTO_001,VEICULO_TESTE_01,1476.1,28.1,80.4,25.7,14.7,28.7,41.8,6.69,14.13,55.89,AQUECIMENTO_PROGRESSIVO,SIMULADO
2026-09-16 15:46:41,TEST_AQUECIMENTO_001,VEICULO_TESTE_01,1552.2,28.1,81.1,21.7,14.5,29.8,38.6,6.57,14.13,55.89,AQUECIMENTO_PROGRESSIVO,SIMULADO
2026-09-16 15:46:42,TEST_AQUECIMENTO_001,VEICULO_TESTE_01,1486.7,28.1,80.3,28.7,13.1,28.8,40.8,6.83,14.05,55.89,AQUECIMENTO_PROGRESSIVO,SIMULADO
2026-09-16 15:46:43,TEST_AQUECIMENTO_001,VEICULO_TESTE_01,1454.8,28.1,80.1,20.1,10.5,30.1,37.8,6.11,14.11,55.89,AQUECIMENTO_PROGRESSIVO,SIMULADO
2026-09-16 15:46:44,TEST_AQUECIMENTO_001,VEICULO_TESTE_01,1477.8,28.0,80.2,25.7,14.6,29.2,40.6,6.79,14.24,55.89,AQUECIMENTO_PROGRESSIVO,SIMULADO
2026-09-16 15:46:45,TEST_AQUECIMENTO_001,VEICULO_TESTE_01,1385.1,28.1,80.4,28.9,15.5,30.2,41.2,6.71,14.26,55.89,AQUECIMENTO_PROGRESSIVO,SIMULADO
2026-09-16 15:46:46,TEST_AQUECIMENTO_001,VEICULO_TESTE_01,1296.8,28.0,81.2,18.8,14.8,30.5,42.4,6.16,14.05,55.88,AQUECIMENTO_PROGRESSIVO,SIMULADO
2026-09-16 15:46:47,TEST_AQUECIMENTO_001,VEICULO_TESTE_01,1529.7,28.0,81.1,25.9,10.8,29.7,42.8,6.7,14.2,55.88,AQUECIMENTO_PROGRESSIVO,SIMULADO
2026-09-16 15:46:48,TEST_AQUECIMENTO_001,VEICULO_TESTE_01,1490.5,28.0,80.5,26.1,14.6,28.5,42.3,6.74,14.27,55.88,AQUECIMENTO_PROGRESSIVO,SIMULADO
2026-09-16 15:46:49,TEST_AQUECIMENTO_001,VEICULO_TESTE_01,1489.7,28.2,80.7,28.7,18.6,29.7,45.8,8.03,14.11,55.88,AQUECIMENTO_PROGRESSIVO,SIMULADO
2026-09-16 15:46:50,TEST_AQUECIMENTO_001,VEICULO_TESTE_01,1610.1,28.2,81.2,27.6,16.6,29.7,43.5,6.95,14.13,55.88,AQUECIMENTO_PROGRESSIVO,SIMULADO
2026-09-16 15:46:51,TEST_AQUECIMENTO_001,VEICULO_TESTE_01,1528.1,28.2,80.3,21.7,14.7,28.9,42.4,6.03,14.21,55.88,AQUECIMENTO_PROGRESSIVO,SIMULADO
2026-09-16 15:46:52,TEST_AQUECIMENTO_001,VEICULO_TESTE_01,1514.0,28.2,80.6,22.7,13.2,30.7,38.2,5.96,14.13,55.88,AQUECIMENTO_PROGRESSIVO,SIMULADO
2026-09-16 15:46:53,TEST_AQUECIMENTO_001,VEICULO_TESTE_01,1487.8,28.2,80.5,28.9,16.9,29.7,42.8,6.47,14.02,55.88,AQUECIMENTO_PROGRESSIVO,SIMULADO
2026-09-16 15:46:54,TEST_AQUECIMENTO_001,VEICULO_TESTE_01,1592.8,28.1,81.6,23.9,16.6,30.7,45.9,6.87,14.13,55.87,AQUECIMENTO_PROGRESSIVO,SIMULADO
2026-09-16 15:46:55,TEST_AQUECIMENTO_001,VEICULO_TESTE_01,1513.7,28.1,81.2,27.7,13.8,29.9,42.3,7.3,14.15,55.87,AQUECIMENTO_PROGRESSIVO,SIMULADO
2026-09-16 15:46:56,TEST_AQUECIMENTO_001,VEICULO_TESTE_01,1536.4,28.1,81.1,23.2,17.4,29.2,45.5,6.26,14.33,55.87,AQUECIMENTO_PROGRESSIVO,SIMULADO
2026-09-16 15:46:57,TEST_AQUECIMENTO_001,VEICULO_TESTE_01,1377.5,27.7,80.2,20.8,13.3,31.0,39.3,6.94,14.1,55.87,AQUECIMENTO_PROGRESSIVO,SIMULADO
2026-09-16 15:46:58,TEST_AQUECIMENTO_001,VEICULO_TESTE_01,1489.6,26.9,81.1,22.2,9.3,29.0,41.8,6.72,14.33,55.87,AQUECIMENTO_PROGRESSIVO,SIMULADO
2026-09-16 15:46:59,TEST_AQUECIMENTO_001,VEICULO_TESTE_01,1407.9,26.0,81.6,24.2,15.3,29.2,41.3,6.19,14.23,55.87,AQUECIMENTO_PROGRESSIVO,SIMULADO
2026-09-16 15:47:00,TEST_AQUECIMENTO_001,VEICULO_TESTE_01,1521.0,24.8,80.3,22.8,11.2,31.0,38.0,7.14,14.16,55.87,AQUECIMENTO_PROGRESSIVO,SIMULADO
2026-09-16 15:47:01,TEST_AQUECIMENTO_001,VEICULO_TESTE_01,1449.2,23.4,81.7,30.3,13.1,28.2,46.3,6.56,14.21,55.86,AQUECIMENTO_PROGRESSIVO,SIMULADO
2026-09-16 15:47:02,TEST_AQUECIMENTO_001,VEICULO_TESTE_01,1409.5,22.0,81.7,24.8,11.4,29.7,42.1,6.77,14.04,55.86,AQUECIMENTO_PROGRESSIVO,SIMULADO
2026-09-16 15:47:03,TEST_AQUECIMENTO_001,VEICULO_TESTE_01,1399.2,20.7,82.6,21.5,17.0,27.9,43.2,6.91,14.14,55.86,AQUECIMENTO_PROGRESSIVO,SIMULADO
2026-09-16 15:47:04,TEST_AQUECIMENTO_001,VEICULO_TESTE_01,1342.5,19.4,81.2,28.1,15.5,28.9,43.1,6.55,14.12,55.86,AQUECIMENTO_PROGRESSIVO,SIMULADO
2026-09-16 15:47:05,TEST_AQUECIMENTO_001,VEICULO_TESTE_01,1247.7,18.2,80.8,21.4,12.2,30.0,39.6,6.38,13.99,55.86,AQUECIMENTO_PROGRESSIVO,SIMULADO
2026-09-16 15:47:06,TEST_AQUECIMENTO_001,VEICULO_TESTE_01,1235.5,17.0,81.6,29.3,12.1,30.6,40.7,6.08,14.12,55.86,AQUECIMENTO_PROGRESSIVO,SIMULADO
2026-09-16 15:47:07,TEST_AQUECIMENTO_001,VEICULO_TESTE_01,1202.3,15.8,81.2,20.2,9.9,28.8,40.9,5.22,14.22,55.86,AQUECIMENTO_PROGRESSIVO,SIMULADO
2026-09-16 15:47:08,TEST_AQUECIMENTO_001,VEICULO_TESTE_01,1136.7,14.4,81.3,25.2,9.6,28.7,41.3,5.28,14.13,55.86,AQUECIMENTO_PROGRESSIVO,SIMULADO
2026-09-16 15:47:09,TEST_AQUECIMENTO_001,VEICULO_TESTE_01,1199.4,13.2,81.2,21.8,11.3,30.2,41.5,5.38,14.16,55.86,AQUECIMENTO_PROGRESSIVO,SIMULADO
2026-09-16 15:47:10,TEST_AQUECIMENTO_001,VEICULO_TESTE_01,979.3,11.9,80.9,26.3,12.5,29.9,45.3,5.47,14.2,55.85,AQUECIMENTO_PROGRESSIVO,SIMULADO
2026-09-16 15:47:11,TEST_AQUECIMENTO_001,VEICULO_TESTE_01,1099.9,10.6,82.1,27.9,11.6,31.9,41.5,5.75,14.13,55.85,AQUECIMENTO_PROGRESSIVO,SIMULADO
2026-09-16 15:47:12,TEST_AQUECIMENTO_001,VEICULO_TESTE_01,1057.1,9.5,82.9,26.1,10.0,31.0,40.3,5.58,14.14,55.85,AQUECIMENTO_PROGRESSIVO,SIMULADO
2026-09-16 15:47:13,TEST_AQUECIMENTO_001,VEICULO_TESTE_01,1078.4,8.5,80.5,22.6,9.6,29.2,43.0,5.08,14.24,55.85,AQUECIMENTO_PROGRESSIVO,SIMULADO
2026-09-16 15:47:14,TEST_AQUECIMENTO_001,VEICULO_TESTE_01,1029.7,7.6,80.9,24.9,10.6,29.3,36.6,5.69,14.23,55.85,AQUECIMENTO_PROGRESSIVO,SIMULADO
2026-09-16 15:47:15,TEST_AQUECIMENTO_001,VEICULO_TESTE_01,986.9,6.7,81.5,23.2,11.6,29.5,39.4,5.05,14.06,55.85,AQUECIMENTO_PROGRESSIVO,SIMULADO
2026-09-16 15:47:16,TEST_AQUECIMENTO_001,VEICULO_TESTE_01,944.3,6.0,81.4,22.5,10.9,30.5,37.4,5.45,14.09,55.85,AQUECIMENTO_PROGRESSIVO,SIMULADO
2026-09-16 15:47:17,TEST_AQUECIMENTO_001,VEICULO_TESTE_01,1013.7,5.4,81.2,30.6,15.8,31.0,44.2,5.98,14.12,55.85,AQUECIMENTO_PROGRESSIVO,SIMULADO
2026-09-16 15:47:18,TEST_AQUECIMENTO_001,VEICULO_TESTE_01,892.3,4.8,82.3,22.3,9.4,28.6,37.5,5.42,14.04,55.84,AQUECIMENTO_PROGRESSIVO,SIMULADO
2026-09-16 15:47:19,TEST_AQUECIMENTO_001,VEICULO_TESTE_01,910.0,4.1,82.5,25.8,11.8,29.7,37.5,5.29,14.2,55.84,AQUECIMENTO_PROGRESSIVO,SIMULADO
2026-09-16 15:47:20,TEST_AQUECIMENTO_001,VEICULO_TESTE_01,905.9,3.2,82.5,21.2,9.9,30.7,38.2,5.3,14.1,55.84,AQUECIMENTO_PROGRESSIVO,SIMULADO
2026-09-16 15:47:21,TEST_AQUECIMENTO_001,VEICULO_TESTE_01,853.4,2.3,81.5,21.0,9.6,28.0,34.9,4.96,14.11,55.84,AQUECIMENTO_PROGRESSIVO,SIMULADO
2026-09-16 15:47:22,TEST_AQUECIMENTO_001,VEICULO_TESTE_01,814.1,1.4,82.1,27.0,14.0,28.2,43.8,5.79,14.23,55.84,AQUECIMENTO_PROGRESSIVO,SIMULADO
2026-09-16 15:47:23,TEST_AQUECIMENTO_001,VEICULO_TESTE_01,719.1,0.7,81.2,21.0,11.5,30.9,39.9,3.63,14.13,55.84,AQUECIMENTO_PROGRESSIVO,SIMULADO
2026-09-16 15:47:24,TEST_AQUECIMENTO_001,VEICULO_TESTE_01,858.7,0.2,82.9,22.3,10.9,30.5,39.2,4.26,14.32,55.84,AQUECIMENTO_PROGRESSIVO,SIMULADO
2026-09-16 15:47:25,TEST_AQUECIMENTO_001,VEICULO_TESTE_01,755.0,0.2,83.7,23.2,10.5,27.8,37.2,4.06,14.25,55.84,AQUECIMENTO_PROGRESSIVO,SIMULADO
2026-09-16 15:47:26,TEST_AQUECIMENTO_001,VEICULO_TESTE_01,827.3,0.5,82.4,29.0,11.4,30.1,42.6,5.39,14.05,55.84,AQUECIMENTO_PROGRESSIVO,SIMULADO
2026-09-16 15:47:27,TEST_AQUECIMENTO_001,VEICULO_TESTE_01,1012.7,1.1,82.0,31.3,17.8,29.5,46.0,6.34,14.23,55.83,AQUECIMENTO_PROGRESSIVO,SIMULADO
2026-09-16 15:47:28,TEST_AQUECIMENTO_001,VEICULO_TESTE_01,1081.1,1.7,82.8,38.5,17.8,30.8,47.9,6.43,14.15,55.83,AQUECIMENTO_PROGRESSIVO,SIMULADO
2026-09-16 15:47:29,TEST_AQUECIMENTO_001,VEICULO_TESTE_01,987.7,2.5,81.9,35.3,18.5,30.4,45.1,5.54,14.07,55.83,AQUECIMENTO_PROGRESSIVO,SIMULADO
2026-09-16 15:47:30,TEST_AQUECIMENTO_001,VEICULO_TESTE_01,1138.4,3.3,83.1,33.1,17.6,28.3,43.3,6.58,14.04,55.83,AQUECIMENTO_PROGRESSIVO,SIMULADO
2026-09-16 15:47:31,TEST_AQUECIMENTO_001,VEICULO_TESTE_01,1082.7,4.1,82.4,34.4,20.7,30.0,50.3,6.57,14.19,55.83,AQUECIMENTO_PROGRESSIVO,SIMULADO
2026-09-16 15:47:32,TEST_AQUECIMENTO_001,VEICULO_TESTE_01,1168.8,4.8,82.6,32.3,15.9,29.8,41.5,5.84,14.07,55.83,AQUECIMENTO_PROGRESSIVO,SIMULADO
2026-09-16 15:47:33,TEST_AQUECIMENTO_001,VEICULO_TESTE_01,1063.7,5.5,83.2,33.8,16.9,29.5,48.5,6.46,14.08,55.83,AQUECIMENTO_PROGRESSIVO,SIMULADO
2026-09-16 15:47:34,TEST_AQUECIMENTO_001,VEICULO_TESTE_01,1090.9,6.2,82.9,31.4,20.6,31.0,45.9,6.97,14.06,55.83,AQUECIMENTO_PROGRESSIVO,SIMULADO
2026-09-16 15:47:35,TEST_AQUECIMENTO_001,VEICULO_TESTE_01,1151.7,6.9,83.0,31.5,18.2,29.5,43.5,6.18,14.17,55.82,AQUECIMENTO_PROGRESSIVO,SIMULADO
2026-09-16 15:47:36,TEST_AQUECIMENTO_001,VEICULO_TESTE_01,1173.1,7.6,82.8,33.3,20.8,31.8,49.4,6.76,14.17,55.82,AQUECIMENTO_PROGRESSIVO,SIMULADO
2026-09-16 15:47:37,TEST_AQUECIMENTO_001,VEICULO_TESTE_01,1235.5,8.4,83.0,41.6,20.5,27.6,49.2,5.97,14.15,55.82,AQUECIMENTO_PROGRESSIVO,SIMULADO
2026-09-16 15:47:38,TEST_AQUECIMENTO_001,VEICULO_TESTE_01,1334.3,9.2,83.1,35.9,22.7,31.5,51.9,7.2,14.14,55.82,AQUECIMENTO_PROGRESSIVO,SIMULADO
2026-09-16 15:47:39,TEST_AQUECIMENTO_001,VEICULO_TESTE_01,1208.5,10.1,83.2,37.5,21.7,29.3,49.8,6.34,14.07,55.82,AQUECIMENTO_PROGRESSIVO,SIMULADO
2026-09-16 15:47:40,TEST_AQUECIMENTO_001,VEICULO_TESTE_01,1276.8,11.0,82.6,40.4,22.3,30.9,52.7,7.12,14.19,55.82,AQUECIMENTO_PROGRESSIVO,SIMULADO
2026-09-16 15:47:41,TEST_AQUECIMENTO_001,VEICULO_TESTE_01,1328.8,11.8,82.6,37.1,24.6,30.8,49.2,6.8,14.04,55.82,AQUECIMENTO_PROGRESSIVO,SIMULADO
2026-09-16 15:47:42,TEST_AQUECIMENTO_001,VEICULO_TESTE_01,1511.0,12.8,84.0,44.6,26.2,30.6,52.6,8.31,14.07,55.82,AQUECIMENTO_PROGRESSIVO,SIMULADO
2026-09-16 15:47:43,TEST_AQUECIMENTO_001,VEICULO_TESTE_01,1488.4,13.8,83.6,45.8,24.0,28.6,48.3,8.54,14.11,55.81,AQUECIMENTO_PROGRESSIVO,SIMULADO
2026-09-16 15:47:44,TEST_AQUECIMENTO_001,VEICULO_TESTE_01,1387.8,14.8,83.1,40.8,20.4,28.3,48.0,8.06,14.13,55.81,AQUECIMENTO_PROGRESSIVO,SIMULADO
2026-09-16 15:47:45,TEST_AQUECIMENTO_001,VEICULO_TESTE_01,1428.4,15.8,82.4,38.8,23.1,29.3,48.2,6.84,14.21,55.81,AQUECIMENTO_PROGRESSIVO,SIMULADO
2026-09-16 15:47:46,TEST_AQUECIMENTO_001,VEICULO_TESTE_01,1452.4,16.6,83.6,36.3,22.2,29.3,49.8,6.78,14.28,55.81,AQUECIMENTO_PROGRESSIVO,SIMULADO
2026-09-16 15:47:47,TEST_AQUECIMENTO_001,VEICULO_TESTE_01,1552.7,17.5,84.2,42.5,22.1,27.3,52.2,7.66,14.16,55.81,AQUECIMENTO_PROGRESSIVO,SIMULADO
2026-09-16 15:47:48,TEST_AQUECIMENTO_001,VEICULO_TESTE_01,1460.3,18.4,83.6,37.8,20.0,32.3,45.1,7.08,14.16,55.81,AQUECIMENTO_PROGRESSIVO,SIMULADO
2026-09-16 15:47:49,TEST_AQUECIMENTO_001,VEICULO_TESTE_01,1570.1,19.2,82.8,39.5,23.8,30.3,48.5,7.89,14.07,55.81,AQUECIMENTO_PROGRESSIVO,SIMULADO
2026-09-16 15:47:50,TEST_AQUECIMENTO_001,VEICULO_TESTE_01,1482.1,20.2,83.0,38.9,24.8,29.0,54.4,7.59,14.19,55.8,AQUECIMENTO_PROGRESSIVO,SIMULADO
2026-09-16 15:47:51,TEST_AQUECIMENTO_001,VEICULO_TESTE_01,1620.2,21.3,83.5,40.2,26.3,28.9,50.1,7.7,14.08,55.8,AQUECIMENTO_PROGRESSIVO,SIMULADO
2026-09-16 15:47:52,TEST_AQUECIMENTO_001,VEICULO_TESTE_01,1674.5,22.5,84.1,38.2,24.4,28.1,50.9,7.15,14.17,55.8,AQUECIMENTO_PROGRESSIVO,SIMULADO
2026-09-16 15:47:53,TEST_AQUECIMENTO_001,VEICULO_TESTE_01,1633.1,23.6,85.0,46.4,26.3,30.6,58.6,8.3,14.1,55.8,AQUECIMENTO_PROGRESSIVO,SIMULADO
2026-09-16 15:47:54,TEST_AQUECIMENTO_001,VEICULO_TESTE_01,1681.6,24.7,83.7,42.7,27.7,30.3,53.2,7.88,14.22,55.8,AQUECIMENTO_PROGRESSIVO,SIMULADO
2026-09-16 15:47:55,TEST_AQUECIMENTO_001,VEICULO_TESTE_01,1752.1,25.9,84.1,43.4,28.5,30.5,53.9,7.86,14.08,55.8,AQUECIMENTO_PROGRESSIVO,SIMULADO
2026-09-16 15:47:56,TEST_AQUECIMENTO_001,VEICULO_TESTE_01,1797.1,27.1,84.4,50.0,29.8,31.5,57.0,8.62,14.13,55.8,AQUECIMENTO_PROGRESSIVO,SIMULADO
2026-09-16 15:47:57,TEST_AQUECIMENTO_001,VEICULO_TESTE_01,1840.6,28.2,84.1,42.5,25.1,30.8,49.0,8.53,14.04,55.79,AQUECIMENTO_PROGRESSIVO,SIMULADO
2026-09-16 15:47:58,TEST_AQUECIMENTO_001,VEICULO_TESTE_01,1682.5,29.3,84.1,40.3,26.2,31.2,49.0,8.81,14.05,55.79,AQUECIMENTO_PROGRESSIVO,SIMULADO
2026-09-16 15:47:59,TEST_AQUECIMENTO_001,VEICULO_TESTE_01,1769.0,30.3,84.0,42.2,26.0,28.3,51.5,7.79,14.1,55.79,AQUECIMENTO_PROGRESSIVO,SIMULADO
2026-09-16 15:48:00,TEST_AQUECIMENTO_001,VEICULO_TESTE_01,1806.4,31.1,84.3,40.0,23.1,30.1,50.0,8.34,14.16,55.79,AQUECIMENTO_PROGRESSIVO,SIMULADO
2026-09-16 15:48:01,TEST_AQUECIMENTO_001,VEICULO_TESTE_01,1772.8,31.7,85.4,27.2,19.5,30.1,47.4,7.26,14.25,55.79,AQUECIMENTO_PROGRESSIVO,SIMULADO
2026-09-16 15:48:02,TEST_AQUECIMENTO_001,VEICULO_TESTE_01,1713.5,32.4,83.6,42.2,25.9,28.8,49.9,7.51,14.15,55.79,AQUECIMENTO_PROGRESSIVO,SIMULADO
2026-09-16 15:48:03,TEST_AQUECIMENTO_001,VEICULO_TESTE_01,1891.1,33.0,84.7,39.4,26.6,28.6,55.6,8.45,14.09,55.79,AQUECIMENTO_PROGRESSIVO,SIMULADO
2026-09-16 15:48:04,TEST_AQUECIMENTO_001,VEICULO_TESTE_01,1879.5,33.7,84.1,36.2,23.5,30.5,48.4,8.04,14.1,55.78,AQUECIMENTO_PROGRESSIVO,SIMULADO
2026-09-16 15:48:05,TEST_AQUECIMENTO_001,VEICULO_TESTE_01,1907.6,34.3,84.6,40.2,22.8,29.7,48.3,7.92,14.19,55.78,AQUECIMENTO_PROGRESSIVO,SIMULADO
2026-09-16 15:48:06,TEST_AQUECIMENTO_001,VEICULO_TESTE_01,1865.4,34.9,84.3,34.3,23.0,29.4,48.8,8.22,14.23,55.78,AQUECIMENTO_PROGRESSIVO,SIMULADO
2026-09-16 15:48:07,TEST_AQUECIMENTO_001,VEICULO_TESTE_01,1741.2,35.2,83.8,26.8,16.2,29.9,41.4,7.94,14.08,55.78,AQUECIMENTO_PROGRESSIVO,SIMULADO
2026-09-16 15:48:08,TEST_AQUECIMENTO_001,VEICULO_TESTE_01,1656.6,35.3,84.2,30.1,18.5,30.5,45.8,6.94,14.06,55.78,AQUECIMENTO_PROGRESSIVO,SIMULADO
2026-09-16 15:48:09,TEST_AQUECIMENTO_001,VEICULO_TESTE_01,1648.3,35.4,84.9,27.4,16.0,29.2,41.5,7.73,14.23,55.78,AQUECIMENTO_PROGRESSIVO,SIMULADO
2026-09-16 15:48:10,TEST_AQUECIMENTO_001,VEICULO_TESTE_01,1590.7,35.4,85.0,23.5,14.4,28.9,42.6,6.55,14.18,55.78,AQUECIMENTO_PROGRESSIVO,SIMULADO
2026-09-16 15:48:11,TEST_AQUECIMENTO_001,VEICULO_TESTE_01,1694.9,35.3,86.0,28.4,16.1,31.5,45.3,7.11,14.18,55.77,AQUECIMENTO_PROGRESSIVO,SIMULADO
2026-09-16 15:48:12,TEST_AQUECIMENTO_001,VEICULO_TESTE_01,1628.3,35.4,85.6,21.7,14.2,31.5,39.0,7.3,14.18,55.77,AQUECIMENTO_PROGRESSIVO,SIMULADO
2026-09-16 15:48:13,TEST_AQUECIMENTO_001,VEICULO_TESTE_01,1713.3,35.4,84.5,20.2,16.0,30.0,43.0,7.03,14.08,55.77,AQUECIMENTO_PROGRESSIVO,SIMULADO
2026-09-16 15:48:14,TEST_AQUECIMENTO_001,VEICULO_TESTE_01,1670.1,35.4,85.1,27.7,14.3,32.9,42.8,7.17,14.14,55.77,AQUECIMENTO_PROGRESSIVO,SIMULADO
2026-09-16 15:48:15,TEST_AQUECIMENTO_001,VEICULO_TESTE_01,1696.2,35.5,84.9,24.3,17.0,30.1,45.5,7.29,14.06,55.77,AQUECIMENTO_PROGRESSIVO,SIMULADO
2026-09-16 15:48:16,TEST_AQUECIMENTO_001,VEICULO_TESTE_01,1696.8,35.6,84.6,24.4,14.9,31.6,44.4,6.28,14.11,55.77,AQUECIMENTO_PROGRESSIVO,SIMULADO
2026-09-16 15:48:17,TEST_AQUECIMENTO_001,VEICULO_TESTE_01,1771.6,35.6,84.9,24.7,16.9,29.8,41.9,7.14,14.08,55.77,AQUECIMENTO_PROGRESSIVO,SIMULADO
2026-09-16 15:48:18,TEST_AQUECIMENTO_001,VEICULO_TESTE_01,1606.8,35.5,85.6,31.1,19.7,30.9,47.0,7.13,14.14,55.77,AQUECIMENTO_PROGRESSIVO,SIMULADO
2026-09-16 15:48:19,TEST_AQUECIMENTO_001,VEICULO_TESTE_01,1754.1,35.5,85.5,22.8,12.4,30.7,41.9,7.42,14.03,55.76,AQUECIMENTO_PROGRESSIVO,SIMULADO
2026-09-16 15:48:20,TEST_AQUECIMENTO_001,VEICULO_TESTE_01,1590.0,35.5,85.8,24.5,14.2,31.9,44.8,7.54,14.09,55.76,AQUECIMENTO_PROGRESSIVO,SIMULADO
2026-09-16 15:48:21,TEST_AQUECIMENTO_001,VEICULO_TESTE_01,1706.1,35.5,85.1,23.4,16.5,31.8,45.9,6.02,14.1,55.76,AQUECIMENTO_PROGRESSIVO,SIMULADO
2026-09-16 15:48:22,TEST_AQUECIMENTO_001,VEICULO_TESTE_01,1662.8,35.5,84.3,20.4,14.4,30.2,40.1,6.81,14.18,55.76,AQUECIMENTO_PROGRESSIVO,SIMULADO
2026-09-16 15:48:23,TEST_AQUECIMENTO_001,VEICULO_TESTE_01,1708.0,35.3,85.8,25.3,17.8,30.7,40.2,8.13,14.17,55.76,AQUECIMENTO_PROGRESSIVO,SIMULADO
2026-09-16 15:48:24,TEST_AQUECIMENTO_001,VEICULO_TESTE_01,1497.0,34.9,85.2,22.0,13.2,31.9,38.9,6.72,14.14,55.76,AQUECIMENTO_PROGRESSIVO,SIMULADO
2026-09-16 15:48:25,TEST_AQUECIMENTO_001,VEICULO_TESTE_01,1698.2,34.3,87.1,26.5,15.7,29.4,40.1,6.93,14.14,55.76,AQUECIMENTO_PROGRESSIVO,SIMULADO
2026-09-16 15:48:26,TEST_AQUECIMENTO_001,VEICULO_TESTE_01,1655.6,33.4,86.0,22.2,15.9,29.0,44.5,6.13,14.19,55.75,AQUECIMENTO_PROGRESSIVO,SIMULADO
2026-09-16 15:48:27,TEST_AQUECIMENTO_001,VEICULO_TESTE_01,1564.5,32.2,85.6,17.0,14.8,30.2,39.8,6.29,14.12,55.75,AQUECIMENTO_PROGRESSIVO,SIMULADO
2026-09-16 15:48:28,TEST_AQUECIMENTO_001,VEICULO_TESTE_01,1503.8,31.0,87.1,28.8,14.2,29.3,40.5,6.91,14.06,55.75,AQUECIMENTO_PROGRESSIVO,SIMULADO
2026-09-16 15:48:29,TEST_AQUECIMENTO_001,VEICULO_TESTE_01,1697.0,29.9,86.7,23.3,14.6,30.8,44.0,7.34,14.16,55.75,AQUECIMENTO_PROGRESSIVO,SIMULADO
2026-09-16 15:48:30,TEST_AQUECIMENTO_001,VEICULO_TESTE_01,1510.1,28.6,86.8,28.9,14.1,30.3,43.0,7.12,14.2,55.75,AQUECIMENTO_PROGRESSIVO,SIMULADO
2026-09-16 15:48:31,TEST_AQUECIMENTO_001,VEICULO_TESTE_01,1402.1,27.2,86.3,26.6,14.1,30.3,43.2,6.74,14.11,55.75,AQUECIMENTO_PROGRESSIVO,SIMULADO
2026-09-16 15:48:32,TEST_AQUECIMENTO_001,VEICULO_TESTE_01,1415.0,26.0,86.7,30.9,14.0,30.3,48.1,7.05,14.14,55.75,AQUECIMENTO_PROGRESSIVO,SIMULADO
2026-09-16 15:48:33,TEST_AQUECIMENTO_001,VEICULO_TESTE_01,1509.1,24.6,86.2,18.3,12.9,29.9,37.6,6.69,14.11,55.75,AQUECIMENTO_PROGRESSIVO,SIMULADO
2026-09-16 15:48:34,TEST_AQUECIMENTO_001,VEICULO_TESTE_01,1355.8,23.2,86.2,21.5,14.9,30.0,43.7,5.73,14.1,55.74,AQUECIMENTO_PROGRESSIVO,SIMULADO
2026-09-16 15:48:35,TEST_AQUECIMENTO_001,VEICULO_TESTE_01,1377.7,21.9,86.3,20.9,12.5,30.4,44.2,6.15,14.0,55.74,AQUECIMENTO_PROGRESSIVO,SIMULADO
2026-09-16 15:48:36,TEST_AQUECIMENTO_001,VEICULO_TESTE_01,1286.7,20.8,87.0,25.1,13.2,30.6,42.2,6.24,14.16,55.74,AQUECIMENTO_PROGRESSIVO,SIMULADO
2026-09-16 15:48:37,TEST_AQUECIMENTO_001,VEICULO_TESTE_01,1236.9,19.5,86.3,26.4,14.8,29.0,43.5,5.92,14.16,55.74,AQUECIMENTO_PROGRESSIVO,SIMULADO
2026-09-16 15:48:38,TEST_AQUECIMENTO_001,VEICULO_TESTE_01,1367.6,18.3,86.8,19.8,10.9,32.1,35.9,5.39,14.15,55.74,AQUECIMENTO_PROGRESSIVO,SIMULADO
2026-09-16 15:48:39,TEST_AQUECIMENTO_001,VEICULO_TESTE_01,1296.8,17.1,86.8,23.8,15.1,32.2,41.3,5.7,14.05,55.74,AQUECIMENTO_PROGRESSIVO,SIMULADO
2026-09-16 15:48:40,TEST_AQUECIMENTO_001,VEICULO_TESTE_01,1155.5,16.0,86.5,29.0,12.5,31.8,41.2,5.97,14.1,55.74,AQUECIMENTO_PROGRESSIVO,SIMULADO
2026-09-16 15:48:41,TEST_AQUECIMENTO_001,VEICULO_TESTE_01,1072.3,14.7,87.3,19.6,10.8,29.8,40.5,4.69,14.11,55.74,AQUECIMENTO_PROGRESSIVO,SIMULADO
2026-09-16 15:48:42,TEST_AQUECIMENTO_001,VEICULO_TESTE_01,1109.0,13.8,87.2,20.2,10.4,30.6,36.1,5.63,14.22,55.74,AQUECIMENTO_PROGRESSIVO,SIMULADO
2026-09-16 15:48:43,TEST_AQUECIMENTO_001,VEICULO_TESTE_01,1104.4,12.9,88.0,25.2,15.9,31.8,39.1,5.97,14.15,55.73,AQUECIMENTO_PROGRESSIVO,SIMULADO
2026-09-16 15:48:44,TEST_AQUECIMENTO_001,VEICULO_TESTE_01,1059.0,11.8,87.0,21.6,10.0,31.8,39.2,6.05,14.09,55.73,AQUECIMENTO_PROGRESSIVO,SIMULADO
2026-09-16 15:48:45,TEST_AQUECIMENTO_001,VEICULO_TESTE_01,1054.6,10.6,87.5,22.4,11.5,31.0,39.3,4.59,14.18,55.73,AQUECIMENTO_PROGRESSIVO,SIMULADO
2026-09-16 15:48:46,TEST_AQUECIMENTO_001,VEICULO_TESTE_01,1096.1,9.6,87.6,25.2,12.5,31.8,40.1,5.73,14.09,55.73,AQUECIMENTO_PROGRESSIVO,SIMULADO
2026-09-16 15:48:47,TEST_AQUECIMENTO_001,VEICULO_TESTE_01,1087.2,8.3,87.0,22.7,15.6,32.0,41.4,5.25,14.12,55.73,AQUECIMENTO_PROGRESSIVO,SIMULADO
2026-09-16 15:48:48,TEST_AQUECIMENTO_001,VEICULO_TESTE_01,996.0,7.2,87.2,16.9,7.2,30.8,32.2,4.75,14.21,55.73,AQUECIMENTO_PROGRESSIVO,SIMULADO
2026-09-16 15:48:49,TEST_AQUECIMENTO_001,VEICULO_TESTE_01,995.6,6.0,87.6,26.8,12.1,30.5,43.8,5.2,14.11,55.73,AQUECIMENTO_PROGRESSIVO,SIMULADO
2026-09-16 15:48:50,TEST_AQUECIMENTO_001,VEICULO_TESTE_01,989.5,4.8,88.3,17.6,11.7,29.3,40.6,4.67,14.07,55.73,AQUECIMENTO_PROGRESSIVO,SIMULADO
2026-09-16 15:48:51,TEST_AQUECIMENTO_001,VEICULO_TESTE_01,914.0,3.6,87.5,19.7,11.9,30.6,38.7,4.2,14.2,55.72,AQUECIMENTO_PROGRESSIVO,SIMULADO
2026-09-16 15:48:52,TEST_AQUECIMENTO_001,VEICULO_TESTE_01,919.9,2.4,89.3,31.1,12.6,31.6,40.0,5.18,14.06,55.72,AQUECIMENTO_PROGRESSIVO,SIMULADO
2026-09-16 15:48:53,TEST_AQUECIMENTO_001,VEICULO_TESTE_01,776.5,1.7,87.0,21.5,11.5,31.2,39.8,5.03,14.11,55.72,AQUECIMENTO_PROGRESSIVO,SIMULADO
2026-09-16 15:48:54,TEST_AQUECIMENTO_001,VEICULO_TESTE_01,905.4,1.5,88.1,20.0,11.0,33.2,39.0,5.04,14.28,55.72,AQUECIMENTO_PROGRESSIVO,SIMULADO
2026-09-16 15:48:55,TEST_AQUECIMENTO_001,VEICULO_TESTE_01,974.1,1.6,87.4,23.9,10.8,32.1,39.1,5.31,14.17,55.72,AQUECIMENTO_PROGRESSIVO,SIMULADO
2026-09-16 15:48:56,TEST_AQUECIMENTO_001,VEICULO_TESTE_01,953.9,2.1,87.0,35.7,20.5,32.9,46.5,6.19,14.2,55.72,AQUECIMENTO_PROGRESSIVO,SIMULADO
2026-09-16 15:48:57,TEST_AQUECIMENTO_001,VEICULO_TESTE_01,1036.8,3.0,89.1,42.0,20.7,30.0,49.0,6.13,14.09,55.72,AQUECIMENTO_PROGRESSIVO,SIMULADO
2026-09-16 15:48:58,TEST_AQUECIMENTO_001,VEICULO_TESTE_01,1042.0,3.8,88.9,30.9,18.6,32.5,45.0,5.31,14.14,55.72,AQUECIMENTO_PROGRESSIVO,SIMULADO
2026-09-16 15:48:59,TEST_AQUECIMENTO_001,VEICULO_TESTE_01,1077.3,4.5,87.8,30.8,16.9,30.1,42.6,6.76,14.09,55.72,AQUECIMENTO_PROGRESSIVO,SIMULADO
2026-09-16 15:49:00,TEST_AQUECIMENTO_001,VEICULO_TESTE_01,1179.4,5.1,87.8,33.7,18.5,31.0,44.6,6.08,14.23,55.71,AQUECIMENTO_PROGRESSIVO,SIMULADO
2026-09-16 15:49:01,TEST_AQUECIMENTO_001,VEICULO_TESTE_01,1112.6,5.8,87.5,30.7,20.4,30.4,51.4,6.27,14.1,55.71,AQUECIMENTO_PROGRESSIVO,SIMULADO
2026-09-16 15:49:02,TEST_AQUECIMENTO_001,VEICULO_TESTE_01,1248.8,6.5,89.0,33.9,18.8,29.8,44.7,7.11,13.99,55.71,AQUECIMENTO_PROGRESSIVO,SIMULADO
2026-09-16 15:49:03,TEST_AQUECIMENTO_001,VEICULO_TESTE_01,1272.1,7.0,88.7,28.4,15.3,30.8,43.4,6.03,14.1,55.71,AQUECIMENTO_PROGRESSIVO,SIMULADO
2026-09-16 15:49:04,TEST_AQUECIMENTO_001,VEICULO_TESTE_01,1247.3,7.5,89.4,27.3,14.6,30.2,40.6,6.1,14.09,55.71,AQUECIMENTO_PROGRESSIVO,SIMULADO
2026-09-16 15:49:05,TEST_AQUECIMENTO_001,VEICULO_TESTE_01,1064.7,8.0,89.6,29.5,16.9,32.9,45.8,5.43,14.12,55.71,AQUECIMENTO_PROGRESSIVO,SIMULADO
2026-09-16 15:49:06,TEST_AQUECIMENTO_001,VEICULO_TESTE_01,1135.3,8.4,89.0,26.1,13.2,30.8,40.3,5.07,14.14,55.71,AQUECIMENTO_PROGRESSIVO,SIMULADO
2026-09-16 15:49:07,TEST_AQUECIMENTO_001,VEICULO_TESTE_01,1169.9,8.7,89.1,31.1,16.6,30.8,43.5,6.27,14.22,55.71,AQUECIMENTO_PROGRESSIVO,SIMULADO
2026-09-16 15:49:08,TEST_AQUECIMENTO_001,VEICULO_TESTE_01,1271.8,9.4,89.4,33.9,21.1,30.4,46.5,6.92,14.15,55.7,AQUECIMENTO_PROGRESSIVO,SIMULADO
2026-09-16 15:49:09,TEST_AQUECIMENTO_001,VEICULO_TESTE_01,1231.8,10.0,88.1,34.0,19.8,32.3,48.8,6.17,14.17,55.7,AQUECIMENTO_PROGRESSIVO,SIMULADO
2026-09-16 15:49:10,TEST_AQUECIMENTO_001,VEICULO_TESTE_01,1182.3,10.6,89.1,38.2,21.1,29.9,45.8,6.28,14.13,55.7,AQUECIMENTO_PROGRESSIVO,SIMULADO
2026-09-16 15:49:11,TEST_AQUECIMENTO_001,VEICULO_TESTE_01,1156.1,11.3,89.1,35.3,20.7,32.2,50.4,7.4,14.29,55.7,AQUECIMENTO_PROGRESSIVO,SIMULADO
2026-09-16 15:49:12,TEST_AQUECIMENTO_001,VEICULO_TESTE_01,1309.3,12.1,89.8,37.3,22.1,30.6,46.7,6.51,14.03,55.7,AQUECIMENTO_PROGRESSIVO,SIMULADO
2026-09-16 15:49:13,TEST_AQUECIMENTO_001,VEICULO_TESTE_01,1418.6,12.8,89.0,36.6,21.3,31.4,51.2,6.33,14.08,55.7,AQUECIMENTO_PROGRESSIVO,SIMULADO
2026-09-16 15:49:14,TEST_AQUECIMENTO_001,VEICULO_TESTE_01,1350.7,13.7,89.8,41.1,22.0,31.6,48.4,7.12,14.13,55.7,AQUECIMENTO_PROGRESSIVO,SIMULADO
2026-09-16 15:49:15,TEST_AQUECIMENTO_001,VEICULO_TESTE_01,1398.0,14.6,88.9,42.7,25.5,30.4,51.8,7.65,14.21,55.69,AQUECIMENTO_PROGRESSIVO,SIMULADO
2026-09-16 15:49:16,TEST_AQUECIMENTO_001,VEICULO_TESTE_01,1467.6,15.5,89.7,41.7,21.5,32.1,49.9,7.49,14.11,55.69,AQUECIMENTO_PROGRESSIVO,SIMULADO
2026-09-16 15:49:17,TEST_AQUECIMENTO_001,VEICULO_TESTE_01,1515.9,16.5,89.8,36.0,20.7,30.8,45.7,7.46,14.15,55.69,AQUECIMENTO_PROGRESSIVO,SIMULADO
2026-09-16 15:49:18,TEST_AQUECIMENTO_001,VEICULO_TESTE_01,1364.0,17.2,90.2,39.6,21.3,31.3,51.2,7.71,14.13,55.69,AQUECIMENTO_PROGRESSIVO,SIMULADO
2026-09-16 15:49:19,TEST_AQUECIMENTO_001,VEICULO_TESTE_01,1395.3,18.0,90.2,38.2,19.2,29.0,44.7,6.78,14.15,55.69,AQUECIMENTO_PROGRESSIVO,SIMULADO
2026-09-16 15:49:20,TEST_AQUECIMENTO_001,VEICULO_TESTE_01,1244.1,18.6,90.1,34.3,20.3,31.1,49.0,6.43,14.19,55.69,AQUECIMENTO_PROGRESSIVO,SIMULADO
2026-09-16 15:49:21,TEST_AQUECIMENTO_001,VEICULO_TESTE_01,1584.2,19.4,90.1,36.0,20.7,32.7,50.3,7.71,14.1,55.69,AQUECIMENTO_PROGRESSIVO,SIMULADO
2026-09-16 15:49:22,TEST_AQUECIMENTO_001,VEICULO_TESTE_01,1491.9,20.0,91.6,33.4,19.3,31.3,49.9,7.35,14.13,55.69,AQUECIMENTO_PROGRESSIVO,SIMULADO
2026-09-16 15:49:23,TEST_AQUECIMENTO_001,VEICULO_TESTE_01,1458.3,20.8,90.3,43.0,21.2,29.4,45.8,7.22,14.15,55.68,AQUECIMENTO_PROGRESSIVO,SIMULADO
2026-09-16 15:49:24,TEST_AQUECIMENTO_001,VEICULO_TESTE_01,1446.7,21.6,89.0,38.6,24.1,31.3,52.1,7.13,14.17,55.68,AQUECIMENTO_PROGRESSIVO,SIMULADO
2026-09-16 15:49:25,TEST_AQUECIMENTO_001,VEICULO_TESTE_01,1634.8,22.5,90.9,37.1,22.0,29.8,50.7,8.15,14.18,55.68,AQUECIMENTO_PROGRESSIVO,SIMULADO
2026-09-16 15:49:26,TEST_AQUECIMENTO_001,VEICULO_TESTE_01,1616.2,23.4,90.6,38.8,23.3,30.2,51.6,7.49,13.98,55.68,AQUECIMENTO_PROGRESSIVO,SIMULADO
2026-09-16 15:49:27,TEST_AQUECIMENTO_001,VEICULO_TESTE_01,1729.4,24.3,90.5,42.6,24.2,31.1,53.1,8.67,14.23,55.68,AQUECIMENTO_PROGRESSIVO,SIMULADO
2026-09-16 15:49:28,TEST_AQUECIMENTO_001,VEICULO_TESTE_01,1667.2,25.2,91.7,42.0,25.9,30.6,53.0,8.24,14.1,55.68,AQUECIMENTO_PROGRESSIVO,SIMULADO
2026-09-16 15:49:29,TEST_AQUECIMENTO_001,VEICULO_TESTE_01,1622.3,26.0,90.4,35.9,23.5,32.5,52.6,6.86,14.11,55.68,AQUECIMENTO_PROGRESSIVO,SIMULADO
2026-09-16 15:49:30,TEST_AQUECIMENTO_001,VEICULO_TESTE_01,1680.7,26.9,90.3,37.1,24.6,30.9,50.1,7.79,14.11,55.67,AQUECIMENTO_PROGRESSIVO,SIMULADO
2026-09-16 15:49:31,TEST_AQUECIMENTO_001,VEICULO_TESTE_01,1831.0,27.7,90.7,31.8,20.9,31.5,46.6,8.89,14.11,55.67,AQUECIMENTO_PROGRESSIVO,SIMULADO
2026-09-16 15:49:32,TEST_AQUECIMENTO_001,VEICULO_TESTE_01,1651.9,28.6,91.5,46.8,24.2,32.7,52.8,7.97,14.09,55.67,AQUECIMENTO_PROGRESSIVO,SIMULADO
2026-09-16 15:49:33,TEST_AQUECIMENTO_001,VEICULO_TESTE_01,1800.1,29.4,90.9,40.6,26.2,31.9,52.3,8.59,14.1,55.67,AQUECIMENTO_PROGRESSIVO,SIMULADO
2026-09-16 15:49:34,TEST_AQUECIMENTO_001,VEICULO_TESTE_01,1849.5,30.4,91.5,42.1,24.7,31.0,52.9,8.44,14.13,55.67,AQUECIMENTO_PROGRESSIVO,SIMULADO
2026-09-16 15:49:35,TEST_AQUECIMENTO_001,VEICULO_TESTE_01,1763.6,31.4,90.9,42.7,23.9,31.2,48.7,7.89,14.22,55.67,AQUECIMENTO_PROGRESSIVO,SIMULADO
2026-09-16 15:49:36,TEST_AQUECIMENTO_001,VEICULO_TESTE_01,1749.9,32.3,90.1,37.9,22.4,30.7,45.9,8.92,14.23,55.67,AQUECIMENTO_PROGRESSIVO,SIMULADO
2026-09-16 15:49:37,TEST_AQUECIMENTO_001,VEICULO_TESTE_01,1861.2,33.2,91.7,40.3,23.3,31.1,50.6,9.15,14.23,55.66,AQUECIMENTO_PROGRESSIVO,SIMULADO
2026-09-16 15:49:38,TEST_AQUECIMENTO_001,VEICULO_TESTE_01,1806.1,33.9,91.4,34.7,22.2,32.6,51.6,7.74,14.22,55.66,AQUECIMENTO_PROGRESSIVO,SIMULADO
2026-09-16 15:49:39,TEST_AQUECIMENTO_001,VEICULO_TESTE_01,1875.2,34.5,91.9,38.7,20.8,32.9,45.9,7.82,14.21,55.66,AQUECIMENTO_PROGRESSIVO,SIMULADO
2026-09-16 15:49:40,TEST_AQUECIMENTO_001,VEICULO_TESTE_01,1898.5,35.1,91.0,33.8,22.4,33.3,52.6,7.91,14.17,55.66,AQUECIMENTO_PROGRESSIVO,SIMULADO
2026-09-16 15:49:41,TEST_AQUECIMENTO_001,VEICULO_TESTE_01,1686.6,35.6,90.8,30.7,18.3,31.1,45.6,7.99,14.22,55.66,AQUECIMENTO_PROGRESSIVO,SIMULADO
2026-09-16 15:49:42,TEST_AQUECIMENTO_001,VEICULO_TESTE_01,1798.4,36.1,91.2,33.0,19.4,31.3,48.4,8.02,14.07,55.66,AQUECIMENTO_PROGRESSIVO,SIMULADO
2026-09-16 15:49:43,TEST_AQUECIMENTO_001,VEICULO_TESTE_01,1680.2,36.6,90.3,39.1,20.7,31.9,48.7,7.76,14.17,55.66,AQUECIMENTO_PROGRESSIVO,SIMULADO
2026-09-16 15:49:44,TEST_AQUECIMENTO_001,VEICULO_TESTE_01,1975.2,37.2,91.0,39.2,21.6,31.6,47.7,8.47,14.29,55.65,AQUECIMENTO_PROGRESSIVO,SIMULADO
2026-09-16 15:49:45,TEST_AQUECIMENTO_001,VEICULO_TESTE_01,1875.9,37.9,90.4,36.2,19.9,32.5,48.8,8.88,14.2,55.65,AQUECIMENTO_PROGRESSIVO,SIMULADO
2026-09-16 15:49:46,TEST_AQUECIMENTO_001,VEICULO_TESTE_01,1977.2,38.6,91.8,31.6,23.9,32.6,49.2,8.11,14.13,55.65,AQUECIMENTO_PROGRESSIVO,SIMULADO
2026-09-16 15:49:47,TEST_AQUECIMENTO_001,VEICULO_TESTE_01,1843.9,39.1,92.1,35.6,20.8,30.4,47.7,8.01,14.16,55.65,AQUECIMENTO_PROGRESSIVO,SIMULADO
2026-09-16 15:49:48,TEST_AQUECIMENTO_001,VEICULO_TESTE_01,1879.5,39.2,91.7,25.8,18.2,31.5,44.0,7.56,14.23,55.65,AQUECIMENTO_PROGRESSIVO,SIMULADO
2026-09-16 15:49:49,TEST_AQUECIMENTO_001,VEICULO_TESTE_01,1713.5,39.0,92.5,27.9,17.0,30.2,44.2,7.81,14.08,55.65,AQUECIMENTO_PROGRESSIVO,SIMULADO
2026-09-16 15:49:50,TEST_AQUECIMENTO_001,VEICULO_TESTE_01,1765.0,38.4,91.4,27.9,18.0,31.5,41.7,7.43,14.09,55.65,AQUECIMENTO_PROGRESSIVO,SIMULADO
2026-09-16 15:49:51,TEST_AQUECIMENTO_001,VEICULO_TESTE_01,1839.8,37.6,91.6,37.7,20.4,32.3,47.2,7.65,14.04,55.64,AQUECIMENTO_PROGRESSIVO,SIMULADO
2026-09-16 15:49:52,TEST_AQUECIMENTO_001,VEICULO_TESTE_01,1674.6,36.6,91.5,28.2,14.9,30.5,46.2,7.35,14.21,55.64,AQUECIMENTO_PROGRESSIVO,SIMULADO
2026-09-16 15:49:53,TEST_AQUECIMENTO_001,VEICULO_TESTE_01,1656.0,35.5,91.8,24.6,17.8,33.2,44.2,7.3,14.16,55.64,AQUECIMENTO_PROGRESSIVO,SIMULADO
2026-09-16 15:49:54,TEST_AQUECIMENTO_001,VEICULO_TESTE_01,1638.0,34.3,92.7,22.6,12.5,30.4,35.8,7.42,14.18,55.64,AQUECIMENTO_PROGRESSIVO,SIMULADO
2026-09-16 15:49:55,TEST_AQUECIMENTO_001,VEICULO_TESTE_01,1645.6,33.0,92.0,30.7,17.3,32.3,39.9,7.3,14.02,55.64,AQUECIMENTO_PROGRESSIVO,SIMULADO
2026-09-16 15:49:56,TEST_AQUECIMENTO_001,VEICULO_TESTE_01,1530.6,31.7,91.6,25.1,12.7,32.3,38.8,6.88,13.97,55.64,AQUECIMENTO_PROGRESSIVO,SIMULADO
2026-09-16 15:49:57,TEST_AQUECIMENTO_001,VEICULO_TESTE_01,1557.9,30.6,93.3,27.4,15.4,30.8,43.3,7.2,14.09,55.64,AQUECIMENTO_PROGRESSIVO,SIMULADO
2026-09-16 15:49:58,TEST_AQUECIMENTO_001,VEICULO_TESTE_01,1421.6,29.3,92.2,22.3,10.8,32.1,39.5,5.68,14.17,55.63,AQUECIMENTO_PROGRESSIVO,SIMULADO
2026-09-16 15:49:59,TEST_AQUECIMENTO_001,VEICULO_TESTE_01,1504.2,28.3,92.2,23.5,13.1,31.6,41.7,6.64,14.19,55.63,AQUECIMENTO_PROGRESSIVO,SIMULADO
2026-09-16 15:50:00,TEST_AQUECIMENTO_001,VEICULO_TESTE_01,1465.0,27.3,92.2,24.5,17.7,31.5,45.8,6.82,14.29,55.63,AQUECIMENTO_PROGRESSIVO,SIMULADO
2026-09-16 15:50:01,TEST_AQUECIMENTO_001,VEICULO_TESTE_01,1572.1,26.5,93.8,34.4,18.9,33.0,47.4,6.87,14.15,55.63,AQUECIMENTO_PROGRESSIVO,SIMULADO
2026-09-16 15:50:02,TEST_AQUECIMENTO_001,VEICULO_TESTE_01,1393.1,26.1,93.1,27.9,14.6,31.2,40.2,7.07,14.07,55.63,AQUECIMENTO_PROGRESSIVO,SIMULADO
2026-09-16 15:50:03,TEST_AQUECIMENTO_001,VEICULO_TESTE_01,1552.6,26.2,93.3,27.5,13.9,33.0,40.1,7.17,14.26,55.63,AQUECIMENTO_PROGRESSIVO,SIMULADO
2026-09-16 15:50:04,TEST_AQUECIMENTO_001,VEICULO_TESTE_01,1668.9,26.5,92.7,33.6,22.0,30.7,51.5,8.35,14.14,55.63,AQUECIMENTO_PROGRESSIVO,SIMULADO
2026-09-16 15:50:05,TEST_AQUECIMENTO_001,VEICULO_TESTE_01,1629.4,27.3,93.9,40.1,24.3,31.2,52.5,8.19,14.25,55.63,AQUECIMENTO_PROGRESSIVO,SIMULADO
2026-09-16 15:50:06,TEST_AQUECIMENTO_001,VEICULO_TESTE_01,1643.0,28.2,93.2,39.0,21.6,30.9,51.5,7.47,14.31,55.62,AQUECIMENTO_PROGRESSIVO,SIMULADO
2026-09-16 15:50:07,TEST_AQUECIMENTO_001,VEICULO_TESTE_01,1783.0,29.0,93.1,37.8,20.3,32.2,45.0,8.34,14.22,55.62,AQUECIMENTO_PROGRESSIVO,SIMULADO
2026-09-16 15:50:08,TEST_AQUECIMENTO_001,VEICULO_TESTE_01,1846.0,29.6,93.3,31.9,20.9,31.5,45.9,7.94,14.07,55.62,AQUECIMENTO_PROGRESSIVO,SIMULADO
2026-09-16 15:50:09,TEST_AQUECIMENTO_001,VEICULO_TESTE_01,1814.3,30.3,92.9,39.3,22.0,31.6,53.6,8.31,14.13,55.62,AQUECIMENTO_PROGRESSIVO,SIMULADO
2026-09-16 15:50:10,TEST_AQUECIMENTO_001,VEICULO_TESTE_01,1798.8,31.1,93.5,36.3,23.1,32.4,48.4,8.22,14.07,55.62,AQUECIMENTO_PROGRESSIVO,SIMULADO
2026-09-16 15:50:11,TEST_AQUECIMENTO_001,VEICULO_TESTE_01,1655.3,31.9,94.5,42.8,25.1,33.0,51.5,8.22,14.05,55.62,AQUECIMENTO_PROGRESSIVO,SIMULADO
2026-09-16 15:50:12,TEST_AQUECIMENTO_001,VEICULO_TESTE_01,1837.6,32.8,92.6,40.5,26.3,30.6,51.6,8.36,14.19,55.62,AQUECIMENTO_PROGRESSIVO,SIMULADO
2026-09-16 15:50:13,TEST_AQUECIMENTO_001,VEICULO_TESTE_01,1941.6,33.8,93.0,39.5,22.1,30.2,46.6,9.09,14.16,55.61,AQUECIMENTO_PROGRESSIVO,SIMULADO
2026-09-16 15:50:14,TEST_AQUECIMENTO_001,VEICULO_TESTE_01,1905.7,34.9,93.9,45.0,28.6,33.0,56.1,9.04,14.05,55.61,AQUECIMENTO_PROGRESSIVO,SIMULADO
2026-09-16 15:50:15,TEST_AQUECIMENTO_001,VEICULO_TESTE_01,1887.8,35.9,96.0,41.3,24.4,31.7,49.3,8.72,14.31,55.61,AQUECIMENTO_PROGRESSIVO,SIMULADO
2026-09-16 15:50:16,TEST_AQUECIMENTO_001,VEICULO_TESTE_01,1966.4,36.8,93.2,41.2,22.4,31.6,49.3,8.88,14.03,55.61,AQUECIMENTO_PROGRESSIVO,SIMULADO
2026-09-16 15:50:17,TEST_AQUECIMENTO_001,VEICULO_TESTE_01,1931.8,37.7,93.2,40.2,25.8,31.9,53.8,8.36,14.38,55.61,AQUECIMENTO_PROGRESSIVO,SIMULADO
2026-09-16 15:50:18,TEST_AQUECIMENTO_001,VEICULO_TESTE_01,1875.0,38.6,93.3,35.9,24.0,30.2,52.7,8.31,14.2,55.61,AQUECIMENTO_PROGRESSIVO,SIMULADO
2026-09-16 15:50:19,TEST_AQUECIMENTO_001,VEICULO_TESTE_01,1949.7,39.4,94.1,42.1,26.4,32.9,53.0,8.69,14.21,55.6,AQUECIMENTO_PROGRESSIVO,SIMULADO
2026-09-16 15:50:20,TEST_AQUECIMENTO_001,VEICULO_TESTE_01,1972.5,40.2,94.3,41.0,26.7,32.2,55.8,8.44,14.13,55.6,AQUECIMENTO_PROGRESSIVO,SIMULADO
2026-09-16 15:50:21,TEST_AQUECIMENTO_001,VEICULO_TESTE_01,2093.4,41.2,94.1,42.1,25.8,32.9,51.6,9.37,14.25,55.6,AQUECIMENTO_PROGRESSIVO,SIMULADO
2026-09-16 15:50:22,TEST_AQUECIMENTO_001,VEICULO_TESTE_01,2119.8,42.2,94.0,46.1,29.6,32.1,53.0,9.06,14.32,55.6,AQUECIMENTO_PROGRESSIVO,SIMULADO
2026-09-16 15:50:23,TEST_AQUECIMENTO_001,VEICULO_TESTE_01,2171.0,43.3,93.8,51.1,29.7,32.7,57.0,9.57,14.24,55.6,AQUECIMENTO_PROGRESSIVO,SIMULADO
2026-09-16 15:50:24,TEST_AQUECIMENTO_001,VEICULO_TESTE_01,2102.4,44.3,93.7,41.3,26.8,31.7,53.5,8.93,14.19,55.6,AQUECIMENTO_PROGRESSIVO,SIMULADO
2026-09-16 15:50:25,TEST_AQUECIMENTO_001,VEICULO_TESTE_01,2239.8,45.1,94.5,43.7,28.9,32.1,58.4,9.35,14.32,55.6,AQUECIMENTO_PROGRESSIVO,SIMULADO
2026-09-16 15:50:26,TEST_AQUECIMENTO_001,VEICULO_TESTE_01,2181.0,45.9,94.0,39.7,24.7,32.7,52.2,9.05,14.13,55.59,AQUECIMENTO_PROGRESSIVO,SIMULADO
2026-09-16 15:50:27,TEST_AQUECIMENTO_001,VEICULO_TESTE_01,2232.4,46.5,94.2,38.4,25.1,31.4,53.6,9.23,14.07,55.59,AQUECIMENTO_PROGRESSIVO,SIMULADO
2026-09-16 15:50:28,TEST_AQUECIMENTO_001,VEICULO_TESTE_01,2198.2,47.2,95.8,40.5,26.0,31.1,54.9,8.84,14.15,55.59,AQUECIMENTO_PROGRESSIVO,SIMULADO
2026-09-16 15:50:29,TEST_AQUECIMENTO_001,VEICULO_TESTE_01,2078.7,47.9,95.1,35.9,23.0,31.6,49.5,8.94,14.22,55.59,AQUECIMENTO_PROGRESSIVO,SIMULADO
2026-09-16 15:50:30,TEST_AQUECIMENTO_001,VEICULO_TESTE_01,2083.6,48.6,94.3,39.1,22.4,31.1,48.6,9.08,14.19,55.59,AQUECIMENTO_PROGRESSIVO,SIMULADO
2026-09-16 15:50:31,TEST_AQUECIMENTO_001,VEICULO_TESTE_01,2126.6,49.4,95.1,43.5,29.8,33.5,55.9,9.64,14.12,55.59,AQUECIMENTO_PROGRESSIVO,SIMULADO
2026-09-16 15:50:32,TEST_AQUECIMENTO_001,VEICULO_TESTE_01,2263.6,50.3,95.3,43.0,27.5,33.0,53.1,9.42,14.25,55.58,AQUECIMENTO_PROGRESSIVO,SIMULADO
2026-09-16 15:50:33,TEST_AQUECIMENTO_001,VEICULO_TESTE_01,2260.6,51.0,93.5,39.8,28.3,33.6,56.1,9.07,14.19,55.58,AQUECIMENTO_PROGRESSIVO,SIMULADO
2026-09-16 15:50:34,TEST_AQUECIMENTO_001,VEICULO_TESTE_01,2327.8,51.9,94.8,43.9,25.6,31.3,54.2,9.18,14.12,55.58,AQUECIMENTO_PROGRESSIVO,SIMULADO
2026-09-16 15:50:35,TEST_AQUECIMENTO_001,VEICULO_TESTE_01,2299.0,52.7,94.9,48.0,28.1,32.7,53.8,10.68,14.21,55.58,AQUECIMENTO_PROGRESSIVO,SIMULADO
2026-09-16 15:50:36,TEST_AQUECIMENTO_001,VEICULO_TESTE_01,2389.7,53.5,94.2,31.3,24.3,31.7,53.2,8.81,14.07,55.58,AQUECIMENTO_PROGRESSIVO,SIMULADO
2026-09-16 15:50:37,TEST_AQUECIMENTO_001,VEICULO_TESTE_01,2346.9,54.3,96.0,45.7,27.7,33.2,52.8,9.72,14.12,55.58,AQUECIMENTO_PROGRESSIVO,SIMULADO
2026-09-16 15:50:38,TEST_AQUECIMENTO_001,VEICULO_TESTE_01,2374.3,55.1,95.2,48.9,30.7,33.2,52.3,10.48,14.07,55.57,AQUECIMENTO_PROGRESSIVO,SIMULADO
2026-09-16 15:50:39,TEST_AQUECIMENTO_001,VEICULO_TESTE_01,2481.8,55.9,95.3,42.6,30.7,33.7,55.9,10.9,14.04,55.57,AQUECIMENTO_PROGRESSIVO,SIMULADO
2026-09-16 15:50:40,TEST_AQUECIMENTO_001,VEICULO_TESTE_01,2343.7,56.7,95.0,49.2,29.3,32.7,57.8,9.91,14.14,55.57,AQUECIMENTO_PROGRESSIVO,SIMULADO
2026-09-16 15:50:41,TEST_AQUECIMENTO_001,VEICULO_TESTE_01,2381.4,57.6,95.5,38.7,28.4,31.6,52.8,9.43,14.0,55.57,AQUECIMENTO_PROGRESSIVO,SIMULADO
2026-09-16 15:50:42,TEST_AQUECIMENTO_001,VEICULO_TESTE_01,2440.9,58.4,95.1,44.4,28.1,32.9,52.3,9.86,14.02,55.57,AQUECIMENTO_PROGRESSIVO,SIMULADO
2026-09-16 15:50:43,TEST_AQUECIMENTO_001,VEICULO_TESTE_01,2513.6,59.2,95.1,44.0,26.1,32.2,52.7,10.16,14.32,55.57,AQUECIMENTO_PROGRESSIVO,SIMULADO
2026-09-16 15:50:44,TEST_AQUECIMENTO_001,VEICULO_TESTE_01,2476.9,60.1,96.2,38.2,28.0,31.1,56.6,9.26,13.96,55.56,AQUECIMENTO_PROGRESSIVO,SIMULADO
2026-09-16 15:50:45,TEST_AQUECIMENTO_001,VEICULO_TESTE_01,2522.3,60.9,95.6,39.1,26.4,31.8,52.9,9.11,14.16,55.56,AQUECIMENTO_PROGRESSIVO,SIMULADO
2026-09-16 15:50:46,TEST_AQUECIMENTO_001,VEICULO_TESTE_01,2480.7,61.7,94.3,42.1,25.6,29.6,49.3,10.02,14.17,55.56,AQUECIMENTO_PROGRESSIVO,SIMULADO
2026-09-16 15:50:47,TEST_AQUECIMENTO_001,VEICULO_TESTE_01,2572.8,62.3,96.0,36.6,25.2,31.9,52.6,10.28,14.23,55.56,AQUECIMENTO_PROGRESSIVO,SIMULADO
2026-09-16 15:50:48,TEST_AQUECIMENTO_001,VEICULO_TESTE_01,2552.4,62.8,95.5,35.0,22.7,32.2,50.2,9.83,14.03,55.56,AQUECIMENTO_PROGRESSIVO,SIMULADO
2026-09-16 15:50:49,TEST_AQUECIMENTO_001,VEICULO_TESTE_01,2479.8,63.1,94.9,35.8,23.2,33.7,45.8,9.37,14.23,55.56,AQUECIMENTO_PROGRESSIVO,SIMULADO
2026-09-16 15:50:50,TEST_AQUECIMENTO_001,VEICULO_TESTE_01,2359.7,63.3,95.6,31.2,22.7,32.4,47.1,9.66,14.13,55.55,AQUECIMENTO_PROGRESSIVO,SIMULADO
2026-09-16 15:50:51,TEST_AQUECIMENTO_001,VEICULO_TESTE_01,2427.3,63.3,95.3,25.5,18.7,33.1,43.8,9.06,14.11,55.55,AQUECIMENTO_PROGRESSIVO,SIMULADO
2026-09-16 15:50:52,TEST_AQUECIMENTO_001,VEICULO_TESTE_01,2386.8,63.3,95.7,32.1,19.7,31.2,44.5,9.02,14.08,55.55,AQUECIMENTO_PROGRESSIVO,SIMULADO
2026-09-16 15:50:53,TEST_AQUECIMENTO_001,VEICULO_TESTE_01,2383.2,63.4,95.0,33.4,20.1,32.1,49.6,9.16,14.14,55.55,AQUECIMENTO_PROGRESSIVO,SIMULADO
2026-09-16 15:50:54,TEST_AQUECIMENTO_001,VEICULO_TESTE_01,2497.3,63.4,97.2,27.3,19.6,31.8,49.7,9.38,14.15,55.55,AQUECIMENTO_PROGRESSIVO,SIMULADO
2026-09-16 15:50:55,TEST_AQUECIMENTO_001,VEICULO_TESTE_01,2356.1,63.3,96.4,33.5,23.5,31.1,51.2,8.86,14.24,55.55,AQUECIMENTO_PROGRESSIVO,SIMULADO
2026-09-16 15:50:56,TEST_AQUECIMENTO_001,VEICULO_TESTE_01,2307.1,62.9,97.4,27.7,19.9,33.0,45.5,7.85,14.2,55.55,AQUECIMENTO_PROGRESSIVO,SIMULADO
2026-09-16 15:50:57,TEST_AQUECIMENTO_001,VEICULO_TESTE_01,2292.8,62.1,95.5,30.7,19.3,31.9,46.4,8.69,14.25,55.54,AQUECIMENTO_PROGRESSIVO,SIMULADO
2026-09-16 15:50:58,TEST_AQUECIMENTO_001,VEICULO_TESTE_01,2454.0,61.1,97.0,25.5,17.7,33.5,45.9,8.82,14.1,55.54,AQUECIMENTO_PROGRESSIVO,SIMULADO
2026-09-16 15:50:59,TEST_AQUECIMENTO_001,VEICULO_TESTE_01,2130.2,59.8,96.4,24.0,16.3,30.7,44.0,8.63,14.15,55.54,AQUECIMENTO_PROGRESSIVO,SIMULADO
2026-09-16 15:51:00,TEST_AQUECIMENTO_001,VEICULO_TESTE_01,2228.9,58.5,96.4,26.2,18.3,34.5,45.6,8.07,14.07,55.54,AQUECIMENTO_PROGRESSIVO,SIMULADO
2026-09-16 15:51:01,TEST_AQUECIMENTO_001,VEICULO_TESTE_01,2166.5,57.3,95.7,28.3,15.4,32.2,41.0,8.96,14.19,55.54,AQUECIMENTO_PROGRESSIVO,SIMULADO
2026-09-16 15:51:02,TEST_AQUECIMENTO_001,VEICULO_TESTE_01,2163.7,56.3,95.8,28.1,19.3,33.2,47.8,8.49,14.27,55.54,AQUECIMENTO_PROGRESSIVO,SIMULADO
2026-09-16 15:51:03,TEST_AQUECIMENTO_001,VEICULO_TESTE_01,2174.3,55.3,96.7,29.3,17.5,31.6,47.1,9.22,14.14,55.54,AQUECIMENTO_PROGRESSIVO,SIMULADO
2026-09-16 15:51:04,TEST_AQUECIMENTO_001,VEICULO_TESTE_01,2196.4,54.3,96.1,33.1,20.7,33.1,46.9,8.7,14.2,55.53,AQUECIMENTO_PROGRESSIVO,SIMULADO
2026-09-16 15:51:05,TEST_AQUECIMENTO_001,VEICULO_TESTE_01,2180.2,53.2,96.6,29.2,19.8,32.3,46.6,8.55,14.13,55.53,AQUECIMENTO_PROGRESSIVO,SIMULADO
2026-09-16 15:51:06,TEST_AQUECIMENTO_001,VEICULO_TESTE_01,2065.0,52.2,97.6,26.1,19.0,33.6,45.9,7.85,14.17,55.53,AQUECIMENTO_PROGRESSIVO,SIMULADO
2026-09-16 15:51:07,TEST_AQUECIMENTO_001,VEICULO_TESTE_01,1962.7,51.1,96.3,22.8,17.5,31.2,45.5,7.36,14.24,55.53,AQUECIMENTO_PROGRESSIVO,SIMULADO
2026-09-16 15:51:08,TEST_AQUECIMENTO_001,VEICULO_TESTE_01,2006.2,50.0,95.9,26.3,15.8,31.9,43.1,8.18,14.34,55.53,AQUECIMENTO_PROGRESSIVO,SIMULADO
2026-09-16 15:51:09,TEST_AQUECIMENTO_001,VEICULO_TESTE_01,2082.0,49.0,95.9,28.8,14.2,31.6,42.0,8.43,14.13,55.53,AQUECIMENTO_PROGRESSIVO,SIMULADO
2026-09-16 15:51:10,TEST_AQUECIMENTO_001,VEICULO_TESTE_01,1924.3,48.2,96.4,26.6,16.0,34.0,45.7,7.9,14.19,55.53,AQUECIMENTO_PROGRESSIVO,SIMULADO
2026-09-16 15:51:11,TEST_AQUECIMENTO_001,VEICULO_TESTE_01,1873.6,47.3,96.8,22.4,15.3,31.9,41.0,7.5,14.26,55.52,AQUECIMENTO_PROGRESSIVO,SIMULADO
2026-09-16 15:51:12,TEST_AQUECIMENTO_001,VEICULO_TESTE_01,2125.9,46.4,96.9,31.6,19.5,32.9,49.4,8.68,14.13,55.52,AQUECIMENTO_PROGRESSIVO,SIMULADO
2026-09-16 15:51:13,TEST_AQUECIMENTO_001,VEICULO_TESTE_01,1855.1,45.5,97.1,24.9,16.5,32.4,40.8,7.4,14.06,55.52,AQUECIMENTO_PROGRESSIVO,SIMULADO
2026-09-16 15:51:14,TEST_AQUECIMENTO_001,VEICULO_TESTE_01,1900.3,44.6,97.8,28.6,16.4,34.4,44.6,7.33,14.1,55.52,AQUECIMENTO_PROGRESSIVO,SIMULADO
2026-09-16 15:51:15,TEST_AQUECIMENTO_001,VEICULO_TESTE_01,1866.7,43.5,96.5,22.2,15.4,31.3,43.7,7.51,14.33,55.52,AQUECIMENTO_PROGRESSIVO,SIMULADO
2026-09-16 15:51:16,TEST_AQUECIMENTO_001,VEICULO_TESTE_01,1848.9,42.5,97.2,23.2,14.5,34.4,43.7,8.24,14.15,55.52,AQUECIMENTO_PROGRESSIVO,SIMULADO
2026-09-16 15:51:17,TEST_AQUECIMENTO_001,VEICULO_TESTE_01,1871.4,41.5,97.1,30.6,20.0,32.5,49.3,7.75,14.16,55.52,AQUECIMENTO_PROGRESSIVO,SIMULADO
2026-09-16 15:51:18,TEST_AQUECIMENTO_001,VEICULO_TESTE_01,1700.5,40.4,97.9,25.6,15.5,32.2,43.3,6.66,14.17,55.51,AQUECIMENTO_PROGRESSIVO,SIMULADO
2026-09-16 15:51:19,TEST_AQUECIMENTO_001,VEICULO_TESTE_01,1650.2,39.2,97.6,29.4,16.8,34.1,47.6,7.09,14.28,55.51,AQUECIMENTO_PROGRESSIVO,SIMULADO
2026-09-16 15:51:20,TEST_AQUECIMENTO_001,VEICULO_TESTE_01,1584.3,37.9,97.7,29.0,14.5,33.5,45.9,7.03,14.17,55.51,AQUECIMENTO_PROGRESSIVO,SIMULADO
2026-09-16 15:51:21,TEST_AQUECIMENTO_001,VEICULO_TESTE_01,1709.0,36.4,97.7,24.7,15.6,34.1,43.6,6.88,14.26,55.51,AQUECIMENTO_PROGRESSIVO,SIMULADO
2026-09-16 15:51:22,TEST_AQUECIMENTO_001,VEICULO_TESTE_01,1702.0,34.9,97.0,27.8,15.4,33.7,41.4,7.41,14.23,55.51,AQUECIMENTO_PROGRESSIVO,SIMULADO
2026-09-16 15:51:23,TEST_AQUECIMENTO_001,VEICULO_TESTE_01,1809.1,33.4,98.0,27.7,14.1,33.4,39.6,8.17,14.16,55.51,AQUECIMENTO_PROGRESSIVO,SIMULADO
2026-09-16 15:51:24,TEST_AQUECIMENTO_001,VEICULO_TESTE_01,1589.6,31.9,98.0,26.3,13.6,33.8,40.9,7.78,14.24,55.51,AQUECIMENTO_PROGRESSIVO,SIMULADO
2026-09-16 15:51:25,TEST_AQUECIMENTO_001,VEICULO_TESTE_01,1558.6,30.5,97.1,22.5,13.4,31.9,43.5,6.92,14.22,55.51,AQUECIMENTO_PROGRESSIVO,SIMULADO
2026-09-16 15:51:26,TEST_AQUECIMENTO_001,VEICULO_TESTE_01,1532.6,29.1,96.7,29.0,16.6,32.2,46.7,6.52,14.25,55.5,AQUECIMENTO_PROGRESSIVO,SIMULADO
2026-09-16 15:51:27,TEST_AQUECIMENTO_001,VEICULO_TESTE_01,1574.7,28.0,97.0,22.8,12.6,31.7,38.9,6.78,14.06,55.5,AQUECIMENTO_PROGRESSIVO,SIMULADO
2026-09-16 15:51:28,TEST_AQUECIMENTO_001,VEICULO_TESTE_01,1552.1,26.9,98.6,25.5,12.9,33.2,44.0,6.51,14.22,55.5,AQUECIMENTO_PROGRESSIVO,SIMULADO
2026-09-16 15:51:29,TEST_AQUECIMENTO_001,VEICULO_TESTE_01,1414.2,25.7,98.2,23.6,12.9,31.7,41.8,6.03,14.1,55.5,AQUECIMENTO_PROGRESSIVO,SIMULADO
2026-09-16 15:51:30,TEST_AQUECIMENTO_001,VEICULO_TESTE_01,1334.4,24.4,97.6,24.3,12.0,32.5,41.0,6.58,14.2,55.5,AQUECIMENTO_PROGRESSIVO,SIMULADO
2026-09-16 15:51:31,TEST_AQUECIMENTO_001,VEICULO_TESTE_01,1398.9,23.4,97.5,23.2,16.4,33.4,43.3,6.45,14.14,55.5,AQUECIMENTO_PROGRESSIVO,SIMULADO
2026-09-16 15:51:32,TEST_AQUECIMENTO_001,VEICULO_TESTE_01,1389.6,22.3,97.8,22.9,14.6,35.2,40.7,6.45,14.19,55.5,AQUECIMENTO_PROGRESSIVO,SIMULADO
2026-09-16 15:51:33,TEST_AQUECIMENTO_001,VEICULO_TESTE_01,1466.8,21.0,97.8,19.4,14.9,33.8,40.9,6.04,14.08,55.49,AQUECIMENTO_PROGRESSIVO,SIMULADO
2026-09-16 15:51:34,TEST_AQUECIMENTO_001,VEICULO_TESTE_01,1261.2,19.9,97.2,30.4,16.1,33.8,42.2,6.73,14.17,55.49,AQUECIMENTO_PROGRESSIVO,SIMULADO
2026-09-16 15:51:35,TEST_AQUECIMENTO_001,VEICULO_TESTE_01,1268.3,18.9,98.9,25.1,13.7,33.9,41.9,7.01,14.08,55.49,AQUECIMENTO_PROGRESSIVO,SIMULADO
2026-09-16 15:51:36,TEST_AQUECIMENTO_001,VEICULO_TESTE_01,1367.4,17.9,98.8,24.5,14.0,32.2,44.8,6.23,14.09,55.49,AQUECIMENTO_PROGRESSIVO,SIMULADO
2026-09-16 15:51:37,TEST_AQUECIMENTO_001,VEICULO_TESTE_01,1148.5,17.1,97.0,20.9,14.7,32.9,41.6,5.7,14.13,55.49,AQUECIMENTO_PROGRESSIVO,SIMULADO
2026-09-16 15:51:38,TEST_AQUECIMENTO_001,VEICULO_TESTE_01,1197.1,16.7,97.7,18.5,11.7,33.1,37.1,5.18,14.23,55.49,AQUECIMENTO_PROGRESSIVO,SIMULADO
2026-09-16 15:51:39,TEST_AQUECIMENTO_001,VEICULO_TESTE_01,1132.9,16.2,99.0,24.4,13.5,33.2,41.2,5.53,14.19,55.49,AQUECIMENTO_PROGRESSIVO,SIMULADO
2026-09-16 15:51:40,TEST_AQUECIMENTO_001,VEICULO_TESTE_01,1252.1,15.6,97.5,27.3,13.4,30.9,37.9,6.69,14.1,55.49,AQUECIMENTO_PROGRESSIVO,SIMULADO
2026-09-16 15:51:41,TEST_AQUECIMENTO_001,VEICULO_TESTE_01,1047.2,14.6,97.2,31.1,16.0,32.3,43.4,5.9,14.17,55.49,AQUECIMENTO_PROGRESSIVO,SIMULADO
2026-09-16 15:51:42,TEST_AQUECIMENTO_001,VEICULO_TESTE_01,1156.8,13.5,99.1,21.2,9.9,31.9,38.5,5.43,14.18,55.48,AQUECIMENTO_PROGRESSIVO,SIMULADO
2026-09-16 15:51:43,TEST_AQUECIMENTO_001,VEICULO_TESTE_01,1186.3,12.1,99.3,28.7,12.3,35.3,40.6,6.45,14.31,55.48,AQUECIMENTO_PROGRESSIVO,SIMULADO
2026-09-16 15:51:44,TEST_AQUECIMENTO_001,VEICULO_TESTE_01,1082.9,10.8,98.4,19.2,10.1,33.0,40.0,5.66,14.13,55.48,AQUECIMENTO_PROGRESSIVO,SIMULADO
2026-09-16 15:51:45,TEST_AQUECIMENTO_001,VEICULO_TESTE_01,1193.2,9.4,98.9,24.2,15.5,34.1,41.8,5.79,14.25,55.48,AQUECIMENTO_PROGRESSIVO,SIMULADO
2026-09-16 15:51:46,TEST_AQUECIMENTO_001,VEICULO_TESTE_01,1067.0,8.0,98.8,23.8,10.2,33.0,39.0,5.6,14.22,55.48,AQUECIMENTO_PROGRESSIVO,SIMULADO
2026-09-16 15:51:47,TEST_AQUECIMENTO_001,VEICULO_TESTE_01,939.1,6.7,99.3,24.5,11.4,35.0,39.0,5.43,14.17,55.48,AQUECIMENTO_PROGRESSIVO,SIMULADO
2026-09-16 15:51:48,TEST_AQUECIMENTO_001,VEICULO_TESTE_01,853.8,5.4,99.7,18.5,10.4,33.0,39.5,5.05,14.08,55.48,AQUECIMENTO_PROGRESSIVO,SIMULADO
2026-09-16 15:51:49,TEST_AQUECIMENTO_001,VEICULO_TESTE_01,925.5,4.2,98.7,19.1,10.0,32.4,42.7,4.96,14.17,55.48,AQUECIMENTO_PROGRESSIVO,SIMULADO
2026-09-16 15:51:50,TEST_AQUECIMENTO_001,VEICULO_TESTE_01,911.7,3.0,98.2,24.4,12.4,31.3,41.2,5.09,14.1,55.48,AQUECIMENTO_PROGRESSIVO,SIMULADO
2026-09-16 15:51:51,TEST_AQUECIMENTO_001,VEICULO_TESTE_01,788.1,2.1,99.4,30.0,12.8,34.2,40.7,5.1,14.14,55.47,AQUECIMENTO_PROGRESSIVO,SIMULADO
2026-09-16 15:51:52,TEST_AQUECIMENTO_001,VEICULO_TESTE_01,904.7,1.3,98.8,18.0,10.6,32.0,37.7,5.32,14.19,55.47,AQUECIMENTO_PROGRESSIVO,SIMULADO
2026-09-16 15:51:53,TEST_AQUECIMENTO_001,VEICULO_TESTE_01,820.7,0.6,98.8,25.7,12.3,33.1,38.9,5.18,14.24,55.47,AQUECIMENTO_PROGRESSIVO,SIMULADO
2026-09-16 15:51:54,TEST_AQUECIMENTO_001,VEICULO_TESTE_01,774.4,0.2,97.8,27.2,11.9,36.1,41.3,5.26,14.05,55.47,AQUECIMENTO_PROGRESSIVO,SIMULADO
2026-09-16 15:51:55,TEST_AQUECIMENTO_001,VEICULO_TESTE_01,849.3,0.0,99.1,21.8,11.6,34.4,40.4,5.57,14.33,55.47,AQUECIMENTO_PROGRESSIVO,SIMULADO
2026-09-16 15:51:56,TEST_AQUECIMENTO_001,VEICULO_TESTE_01,733.5,0.0,98.7,19.1,12.3,32.8,40.7,3.99,14.12,55.47,AQUECIMENTO_PROGRESSIVO,SIMULADO
2026-09-16 15:51:57,TEST_AQUECIMENTO_001,VEICULO_TESTE_01,859.2,0.0,99.3,25.7,10.9,32.0,41.5,5.08,14.21,55.47,AQUECIMENTO_PROGRESSIVO,SIMULADO
2026-09-16 15:51:58,TEST_AQUECIMENTO_001,VEICULO_TESTE_01,789.3,0.0,99.6,26.7,12.6,33.2,39.5,4.83,14.11,55.47,AQUECIMENTO_PROGRESSIVO,SIMULADO
2026-09-16 15:51:59,TEST_AQUECIMENTO_001,VEICULO_TESTE_01,778.8,0.0,99.3,22.3,10.8,33.6,39.3,4.5,14.32,55.47,AQUECIMENTO_PROGRESSIVO,SIMULADO
2026-09-16 15:52:00,TEST_AQUECIMENTO_001,VEICULO_TESTE_01,718.0,0.0,99.7,24.6,13.4,32.5,39.5,4.94,14.09,55.46,AQUECIMENTO_PROGRESSIVO,SIMULADO
2026-09-16 15:52:01,TEST_AQUECIMENTO_001,VEICULO_TESTE_01,815.6,0.0,99.3,25.0,11.6,33.2,41.3,5.84,14.19,55.46,AQUECIMENTO_PROGRESSIVO,SIMULADO
2026-09-16 15:52:02,TEST_AQUECIMENTO_001,VEICULO_TESTE_01,720.7,0.0,99.1,24.3,12.7,32.3,40.9,5.03,14.24,55.46,AQUECIMENTO_PROGRESSIVO,SIMULADO
2026-09-16 15:52:03,TEST_AQUECIMENTO_001,VEICULO_TESTE_01,886.0,0.0,99.8,23.8,12.7,33.3,38.8,5.2,14.16,55.46,AQUECIMENTO_PROGRESSIVO,SIMULADO
2026-09-16 15:52:04,TEST_AQUECIMENTO_001,VEICULO_TESTE_01,828.2,0.0,99.7,25.6,13.3,34.5,39.8,5.03,14.25,55.46,AQUECIMENTO_PROGRESSIVO,SIMULADO
2026-09-16 15:52:05,TEST_AQUECIMENTO_001,VEICULO_TESTE_01,777.8,0.0,99.8,24.9,12.3,31.8,43.0,5.13,14.13,55.46,AQUECIMENTO_PROGRESSIVO,SIMULADO
2026-09-16 15:52:06,TEST_AQUECIMENTO_001,VEICULO_TESTE_01,792.0,0.0,99.2,29.3,12.5,34.6,42.5,4.77,14.14,55.46,AQUECIMENTO_PROGRESSIVO,SIMULADO
2026-09-16 15:52:07,TEST_AQUECIMENTO_001,VEICULO_TESTE_01,793.5,0.0,98.6,21.4,12.9,31.5,39.6,4.38,14.21,55.46,AQUECIMENTO_PROGRESSIVO,SIMULADO
2026-09-16 15:52:08,TEST_AQUECIMENTO_001,VEICULO_TESTE_01,796.2,0.2,99.4,28.0,12.9,30.1,40.1,5.63,14.2,55.46,AQUECIMENTO_PROGRESSIVO,SIMULADO
2026-09-16 15:52:09,TEST_AQUECIMENTO_001,VEICULO_TESTE_01,819.5,0.5,99.6,26.6,10.8,33.8,38.3,5.28,14.16,55.45,AQUECIMENTO_PROGRESSIVO,SIMULADO
2026-09-16 15:52:10,TEST_AQUECIMENTO_001,VEICULO_TESTE_01,734.4,0.9,100.7,27.9,11.8,33.3,40.7,4.53,14.12,55.45,AQUECIMENTO_PROGRESSIVO,SIMULADO
2026-09-16 15:52:11,TEST_AQUECIMENTO_001,VEICULO_TESTE_01,1035.3,1.5,100.6,36.8,18.7,33.3,47.5,6.0,14.26,55.45,AQUECIMENTO_PROGRESSIVO,SIMULADO
2026-09-16 15:52:12,TEST_AQUECIMENTO_001,VEICULO_TESTE_01,1127.5,2.3,100.3,35.6,17.9,33.0,46.5,7.08,14.18,55.45,AQUECIMENTO_PROGRESSIVO,SIMULADO
2026-09-16 15:52:13,TEST_AQUECIMENTO_001,VEICULO_TESTE_01,1113.5,3.1,100.8,37.4,22.7,32.5,48.5,6.7,14.11,55.45,AQUECIMENTO_PROGRESSIVO,SIMULADO
2026-09-16 15:52:14,TEST_AQUECIMENTO_001,VEICULO_TESTE_01,1071.2,3.9,101.8,34.6,16.2,33.3,44.5,5.88,14.22,55.45,AQUECIMENTO_PROGRESSIVO,SIMULADO
2026-09-16 15:52:15,TEST_AQUECIMENTO_001,VEICULO_TESTE_01,1098.8,4.8,100.5,36.8,23.7,32.6,49.8,6.11,14.11,55.45,AQUECIMENTO_PROGRESSIVO,SIMULADO
2026-09-16 15:52:16,TEST_AQUECIMENTO_001,VEICULO_TESTE_01,1240.0,5.7,101.8,40.5,22.0,36.4,51.2,6.69,14.15,55.45,AQUECIMENTO_PROGRESSIVO,SIMULADO
2026-09-16 15:52:17,TEST_AQUECIMENTO_001,VEICULO_TESTE_01,1157.9,6.7,100.5,43.3,22.8,31.6,53.3,7.03,14.01,55.44,AQUECIMENTO_PROGRESSIVO,SIMULADO
2026-09-16 15:52:18,TEST_AQUECIMENTO_001,VEICULO_TESTE_01,1372.3,7.8,100.4,39.4,22.6,34.4,48.9,7.64,14.13,55.44,AQUECIMENTO_PROGRESSIVO,SIMULADO
2026-09-16 15:52:19,TEST_AQUECIMENTO_001,VEICULO_TESTE_01,1216.9,8.8,101.7,43.8,26.9,33.9,52.5,7.38,14.26,55.44,AQUECIMENTO_PROGRESSIVO,SIMULADO
2026-09-16 15:52:20,TEST_AQUECIMENTO_001,VEICULO_TESTE_01,1260.7,9.7,101.7,38.1,22.9,31.7,51.6,7.73,14.0,55.44,AQUECIMENTO_PROGRESSIVO,SIMULADO
2026-09-16 15:52:21,TEST_AQUECIMENTO_001,VEICULO_TESTE_01,1382.0,10.6,101.0,38.2,22.4,33.2,51.7,7.45,14.15,55.44,AQUECIMENTO_PROGRESSIVO,SIMULADO
2026-09-16 15:52:22,TEST_AQUECIMENTO_001,VEICULO_TESTE_01,1362.4,11.5,101.9,43.9,21.1,33.5,49.3,6.64,14.26,55.44,AQUECIMENTO_PROGRESSIVO,SIMULADO
2026-09-16 15:52:23,TEST_AQUECIMENTO_001,VEICULO_TESTE_01,1390.5,12.4,100.9,33.4,18.0,34.9,44.4,6.47,14.26,55.44,AQUECIMENTO_PROGRESSIVO,SIMULADO
2026-09-16 15:52:24,TEST_AQUECIMENTO_001,VEICULO_TESTE_01,1372.8,13.3,100.8,37.1,19.9,31.8,45.9,6.87,14.13,55.43,AQUECIMENTO_PROGRESSIVO,SIMULADO
2026-09-16 15:52:25,TEST_AQUECIMENTO_001,VEICULO_TESTE_01,1448.1,14.2,101.4,44.1,20.9,32.9,48.8,7.45,14.05,55.43,AQUECIMENTO_PROGRESSIVO,SIMULADO
2026-09-16 15:52:26,TEST_AQUECIMENTO_001,VEICULO_TESTE_01,1432.4,15.2,101.7,42.6,23.8,33.5,53.3,7.84,14.09,55.43,AQUECIMENTO_PROGRESSIVO,SIMULADO
2026-09-16 15:52:27,TEST_AQUECIMENTO_001,VEICULO_TESTE_01,1487.2,16.2,100.8,38.4,21.9,33.1,51.9,7.55,14.17,55.43,AQUECIMENTO_PROGRESSIVO,SIMULADO
2026-09-16 15:52:28,TEST_AQUECIMENTO_001,VEICULO_TESTE_01,1568.6,17.2,101.3,42.8,27.1,34.9,54.1,7.39,14.26,55.43,AQUECIMENTO_PROGRESSIVO,SIMULADO
2026-09-16 15:52:29,TEST_AQUECIMENTO_001,VEICULO_TESTE_01,1531.9,18.1,101.7,40.7,24.1,35.0,54.2,7.84,14.12,55.43,AQUECIMENTO_PROGRESSIVO,SIMULADO
2026-09-16 15:52:30,TEST_AQUECIMENTO_001,VEICULO_TESTE_01,1438.3,19.0,101.4,42.1,22.3,32.7,50.2,8.04,14.19,55.43,AQUECIMENTO_PROGRESSIVO,SIMULADO
2026-09-16 15:52:31,TEST_AQUECIMENTO_001,VEICULO_TESTE_01,1435.7,19.9,102.4,36.7,22.7,35.2,53.5,7.1,14.18,55.42,AQUECIMENTO_PROGRESSIVO,SIMULADO
2026-09-16 15:52:32,TEST_AQUECIMENTO_001,VEICULO_TESTE_01,1634.0,20.6,100.3,34.0,20.6,32.5,51.1,7.21,14.18,55.42,AQUECIMENTO_PROGRESSIVO,SIMULADO
2026-09-16 15:52:33,TEST_AQUECIMENTO_001,VEICULO_TESTE_01,1641.1,21.5,101.1,39.6,23.7,35.6,48.8,7.59,14.14,55.42,AQUECIMENTO_PROGRESSIVO,SIMULADO
2026-09-16 15:52:34,TEST_AQUECIMENTO_001,VEICULO_TESTE_01,1641.2,22.4,100.5,40.8,21.5,33.4,55.5,7.92,14.19,55.42,AQUECIMENTO_PROGRESSIVO,SIMULADO
2026-09-16 15:52:35,TEST_AQUECIMENTO_001,VEICULO_TESTE_01,1454.7,23.2,102.4,37.2,21.9,32.9,49.0,6.7,14.09,55.42,AQUECIMENTO_PROGRESSIVO,SIMULADO
2026-09-16 15:52:36,TEST_AQUECIMENTO_001,VEICULO_TESTE_01,1528.6,24.1,101.9,38.7,21.0,32.7,47.8,7.87,14.13,55.42,AQUECIMENTO_PROGRESSIVO,SIMULADO
2026-09-16 15:52:37,TEST_AQUECIMENTO_001,VEICULO_TESTE_01,1681.8,25.0,102.2,38.1,26.3,32.6,48.7,8.01,14.12,55.42,AQUECIMENTO_PROGRESSIVO,SIMULADO
2026-09-16 15:52:38,TEST_AQUECIMENTO_001,VEICULO_TESTE_01,1625.5,25.8,101.1,33.5,21.8,34.2,49.5,7.49,14.31,55.42,AQUECIMENTO_PROGRESSIVO,SIMULADO
2026-09-16 15:52:39,TEST_AQUECIMENTO_001,VEICULO_TESTE_01,1674.9,26.6,103.0,41.4,25.3,35.0,49.8,7.77,14.1,55.41,AQUECIMENTO_PROGRESSIVO,SIMULADO
2026-09-16 15:52:40,TEST_AQUECIMENTO_001,VEICULO_TESTE_01,1677.4,27.4,103.6,38.8,23.9,34.5,51.0,7.85,14.09,55.41,AQUECIMENTO_PROGRESSIVO,SIMULADO
2026-09-16 15:52:41,TEST_AQUECIMENTO_001,VEICULO_TESTE_01,1698.1,28.1,100.7,33.5,21.4,31.7,43.2,7.62,14.16,55.41,AQUECIMENTO_PROGRESSIVO,SIMULADO
2026-09-16 15:52:42,TEST_AQUECIMENTO_001,VEICULO_TESTE_01,1546.0,28.8,102.1,32.2,20.0,34.6,46.6,6.77,14.04,55.41,AQUECIMENTO_PROGRESSIVO,SIMULADO
2026-09-16 15:52:43,TEST_AQUECIMENTO_001,VEICULO_TESTE_01,1713.9,29.5,100.8,31.3,23.1,33.8,44.5,7.26,14.04,55.41,AQUECIMENTO_PROGRESSIVO,SIMULADO
2026-09-16 15:52:44,TEST_AQUECIMENTO_001,VEICULO_TESTE_01,1613.7,30.1,103.0,38.2,24.2,32.1,49.3,7.13,14.12,55.41,AQUECIMENTO_PROGRESSIVO,SIMULADO
2026-09-16 15:52:45,TEST_AQUECIMENTO_001,VEICULO_TESTE_01,1660.1,30.8,101.3,36.1,18.5,35.8,49.8,8.51,14.19,55.41,AQUECIMENTO_PROGRESSIVO,SIMULADO
2026-09-16 15:52:46,TEST_AQUECIMENTO_001,VEICULO_TESTE_01,1876.6,31.5,102.5,43.7,27.2,34.2,55.4,8.7,14.19,55.4,AQUECIMENTO_PROGRESSIVO,SIMULADO
2026-09-16 15:52:47,TEST_AQUECIMENTO_001,VEICULO_TESTE_01,1898.5,32.4,103.1,36.6,23.0,33.6,48.5,8.24,14.21,55.4,AQUECIMENTO_PROGRESSIVO,SIMULADO
2026-09-16 15:52:48,TEST_AQUECIMENTO_001,VEICULO_TESTE_01,1906.1,33.2,103.0,40.9,27.1,35.6,56.5,9.46,14.2,55.4,AQUECIMENTO_PROGRESSIVO,SIMULADO
2026-09-16 15:52:49,TEST_AQUECIMENTO_001,VEICULO_TESTE_01,1841.4,34.0,103.3,39.2,25.8,32.5,49.7,7.72,13.99,55.4,AQUECIMENTO_PROGRESSIVO,SIMULADO
2026-09-16 15:52:50,TEST_AQUECIMENTO_001,VEICULO_TESTE_01,1695.0,34.8,102.6,39.0,24.4,33.2,52.0,6.95,14.21,55.4,AQUECIMENTO_PROGRESSIVO,SIMULADO
2026-09-16 15:52:51,TEST_AQUECIMENTO_001,VEICULO_TESTE_01,1907.7,35.5,102.2,39.0,28.2,33.1,56.1,8.7,14.25,55.4,AQUECIMENTO_PROGRESSIVO,SIMULADO
2026-09-16 15:52:52,TEST_AQUECIMENTO_001,VEICULO_TESTE_01,1803.5,36.0,102.8,33.4,23.5,32.1,49.0,7.63,14.29,55.39,AQUECIMENTO_PROGRESSIVO,SIMULADO
2026-09-16 15:52:53,TEST_AQUECIMENTO_001,VEICULO_TESTE_01,1945.5,36.6,102.5,40.1,25.9,33.6,52.5,8.49,14.14,55.39,AQUECIMENTO_PROGRESSIVO,SIMULADO
2026-09-16 15:52:54,TEST_AQUECIMENTO_001,VEICULO_TESTE_01,1979.2,37.2,101.8,33.9,18.7,34.3,47.3,7.89,14.2,55.39,AQUECIMENTO_PROGRESSIVO,SIMULADO
2026-09-16 15:52:55,TEST_AQUECIMENTO_001,VEICULO_TESTE_01,1907.2,37.9,101.7,34.4,22.0,34.5,48.7,7.55,14.02,55.39,AQUECIMENTO_PROGRESSIVO,SIMULADO
2026-09-16 15:52:56,TEST_AQUECIMENTO_001,VEICULO_TESTE_01,1908.0,38.5,103.0,40.4,24.1,35.1,50.8,8.16,14.27,55.39,AQUECIMENTO_PROGRESSIVO,SIMULADO
2026-09-16 15:52:57,TEST_AQUECIMENTO_001,VEICULO_TESTE_01,1922.7,39.2,103.1,37.0,24.5,34.2,51.0,7.99,14.27,55.39,AQUECIMENTO_PROGRESSIVO,SIMULADO
2026-09-16 15:52:58,TEST_AQUECIMENTO_001,VEICULO_TESTE_01,1960.9,39.8,103.0,36.6,21.0,34.7,50.5,7.75,14.22,55.39,AQUECIMENTO_PROGRESSIVO,SIMULADO
2026-09-16 15:52:59,TEST_AQUECIMENTO_001,VEICULO_TESTE_01,1978.9,40.5,102.5,35.2,22.4,34.5,49.6,8.42,14.15,55.38,AQUECIMENTO_PROGRESSIVO,SIMULADO
2026-09-16 15:53:00,TEST_AQUECIMENTO_001,VEICULO_TESTE_01,1837.3,41.1,102.6,35.8,21.6,31.9,51.5,8.09,14.23,55.38,AQUECIMENTO_PROGRESSIVO,SIMULADO
2026-09-16 15:53:01,TEST_AQUECIMENTO_001,VEICULO_TESTE_01,1924.0,41.7,101.2,35.6,21.6,35.1,47.2,7.91,14.18,55.38,AQUECIMENTO_PROGRESSIVO,SIMULADO
2026-09-16 15:53:02,TEST_AQUECIMENTO_001,VEICULO_TESTE_01,1891.9,42.2,103.0,37.6,22.2,33.5,50.2,8.38,14.05,55.38,AQUECIMENTO_PROGRESSIVO,SIMULADO
2026-09-16 15:53:03,TEST_AQUECIMENTO_001,VEICULO_TESTE_01,1801.0,42.6,103.6,35.9,22.6,34.2,50.7,7.54,14.05,55.38,AQUECIMENTO_PROGRESSIVO,SIMULADO
2026-09-16 15:53:04,TEST_AQUECIMENTO_001,VEICULO_TESTE_01,1992.0,43.1,103.5,37.4,19.3,34.8,48.4,8.18,14.12,55.38,AQUECIMENTO_PROGRESSIVO,SIMULADO
2026-09-16 15:53:05,TEST_AQUECIMENTO_001,VEICULO_TESTE_01,2045.0,43.6,103.2,36.5,23.3,35.1,51.1,7.68,14.12,55.38,AQUECIMENTO_PROGRESSIVO,SIMULADO
2026-09-16 15:53:06,TEST_AQUECIMENTO_001,VEICULO_TESTE_01,2004.5,44.2,103.4,37.4,22.6,34.2,49.4,8.44,14.09,55.37,AQUECIMENTO_PROGRESSIVO,SIMULADO
2026-09-16 15:53:07,TEST_AQUECIMENTO_001,VEICULO_TESTE_01,1965.5,45.0,103.8,42.7,23.2,34.1,48.8,8.48,14.17,55.37,AQUECIMENTO_PROGRESSIVO,SIMULADO
2026-09-16 15:53:08,TEST_AQUECIMENTO_001,VEICULO_TESTE_01,2192.8,45.8,104.4,38.8,19.1,36.3,47.5,8.91,14.05,55.37,AQUECIMENTO_PROGRESSIVO,SIMULADO
2026-09-16 15:53:09,TEST_AQUECIMENTO_001,VEICULO_TESTE_01,2135.4,46.4,103.9,44.9,28.2,34.3,55.0,9.92,14.25,55.37,AQUECIMENTO_PROGRESSIVO,SIMULADO
2026-09-16 15:53:10,TEST_AQUECIMENTO_001,VEICULO_TESTE_01,2128.8,47.1,104.0,35.3,24.7,33.4,51.9,8.73,14.26,55.37,AQUECIMENTO_PROGRESSIVO,SIMULADO
2026-09-16 15:53:11,TEST_AQUECIMENTO_001,VEICULO_TESTE_01,2077.3,47.9,103.8,44.9,23.7,34.1,51.7,9.44,14.17,55.37,AQUECIMENTO_PROGRESSIVO,SIMULADO
2026-09-16 15:53:12,TEST_AQUECIMENTO_001,VEICULO_TESTE_01,2133.0,48.6,103.6,40.5,22.1,35.3,51.4,8.84,14.17,55.36,AQUECIMENTO_PROGRESSIVO,SIMULADO
2026-09-16 15:53:13,TEST_AQUECIMENTO_001,VEICULO_TESTE_01,2117.0,49.3,103.5,34.6,21.4,32.5,50.5,8.59,14.1,55.36,AQUECIMENTO_PROGRESSIVO,SIMULADO
2026-09-16 15:53:14,TEST_AQUECIMENTO_001,VEICULO_TESTE_01,2262.5,50.0,103.4,41.2,25.9,33.2,53.9,9.31,14.14,55.36,AQUECIMENTO_PROGRESSIVO,SIMULADO
2026-09-16 15:53:15,TEST_AQUECIMENTO_001,VEICULO_TESTE_01,2200.8,50.7,104.2,43.8,27.5,33.9,53.4,9.37,14.11,55.36,AQUECIMENTO_PROGRESSIVO,SIMULADO
2026-09-16 15:53:16,TEST_AQUECIMENTO_001,VEICULO_TESTE_01,2125.1,51.4,103.7,42.2,23.3,34.2,54.3,9.19,14.13,55.36,AQUECIMENTO_PROGRESSIVO,SIMULADO
2026-09-16 15:53:17,TEST_AQUECIMENTO_001,VEICULO_TESTE_01,2326.4,52.1,104.8,35.6,26.3,35.0,50.5,9.34,14.27,55.36,AQUECIMENTO_PROGRESSIVO,SIMULADO
2026-09-16 15:53:18,TEST_AQUECIMENTO_001,VEICULO_TESTE_01,2414.9,52.9,103.9,42.9,28.7,35.0,58.0,9.52,14.23,55.36,AQUECIMENTO_PROGRESSIVO,SIMULADO
2026-09-16 15:53:19,TEST_AQUECIMENTO_001,VEICULO_TESTE_01,2270.0,53.7,102.5,36.2,27.7,33.7,57.2,9.45,14.07,55.35,AQUECIMENTO_PROGRESSIVO,SIMULADO
2026-09-16 15:53:20,TEST_AQUECIMENTO_001,VEICULO_TESTE_01,2173.1,54.2,103.9,39.5,24.3,33.4,53.7,9.22,14.28,55.35,AQUECIMENTO_PROGRESSIVO,SIMULADO
2026-09-16 15:53:21,TEST_AQUECIMENTO_001,VEICULO_TESTE_01,2183.7,54.6,104.8,29.4,20.4,34.9,44.0,9.02,14.17,55.35,AQUECIMENTO_PROGRESSIVO,SIMULADO
2026-09-16 15:53:22,TEST_AQUECIMENTO_001,VEICULO_TESTE_01,2310.6,54.8,103.0,30.6,23.7,34.7,48.7,8.71,14.15,55.35,AQUECIMENTO_PROGRESSIVO,SIMULADO
2026-09-16 15:53:23,TEST_AQUECIMENTO_001,VEICULO_TESTE_01,2049.6,54.8,103.8,21.9,15.8,33.2,43.3,7.43,14.2,55.35,AQUECIMENTO_PROGRESSIVO,SIMULADO
2026-09-16 15:53:24,TEST_AQUECIMENTO_001,VEICULO_TESTE_01,2128.5,54.7,104.5,28.8,20.2,34.7,46.4,7.96,14.11,55.35,AQUECIMENTO_PROGRESSIVO,SIMULADO
2026-09-16 15:53:25,TEST_AQUECIMENTO_001,VEICULO_TESTE_01,2103.4,54.8,103.4,27.0,16.7,33.6,43.6,8.71,14.08,55.35,AQUECIMENTO_PROGRESSIVO,SIMULADO
2026-09-16 15:53:26,TEST_AQUECIMENTO_001,VEICULO_TESTE_01,2162.3,54.7,104.3,32.3,17.7,34.9,45.0,8.79,14.08,55.34,AQUECIMENTO_PROGRESSIVO,SIMULADO
2026-09-16 15:53:27,TEST_AQUECIMENTO_001,VEICULO_TESTE_01,2098.1,54.7,104.8,25.2,20.1,34.0,48.8,7.97,14.11,55.34,AQUECIMENTO_PROGRESSIVO,SIMULADO
2026-09-16 15:53:28,TEST_AQUECIMENTO_001,VEICULO_TESTE_01,2106.9,54.7,103.8,25.8,20.1,35.1,48.0,8.08,14.02,55.34,AQUECIMENTO_PROGRESSIVO,SIMULADO
2026-09-16 15:53:29,TEST_AQUECIMENTO_001,VEICULO_TESTE_01,2112.5,54.8,103.1,31.8,20.4,36.4,47.0,8.56,14.34,55.34,AQUECIMENTO_PROGRESSIVO,SIMULADO
2026-09-16 15:53:30,TEST_AQUECIMENTO_001,VEICULO_TESTE_01,2089.8,54.8,103.6,26.5,20.5,36.9,44.6,7.75,14.13,55.34,AQUECIMENTO_PROGRESSIVO,SIMULADO
2026-09-16 15:53:31,TEST_AQUECIMENTO_001,VEICULO_TESTE_01,2102.7,54.8,104.8,27.9,18.6,34.9,42.6,8.0,14.13,55.34,AQUECIMENTO_PROGRESSIVO,SIMULADO
2026-09-16 15:53:32,TEST_AQUECIMENTO_001,VEICULO_TESTE_01,2103.2,54.9,104.4,25.0,19.1,33.6,43.9,8.24,14.12,55.33,AQUECIMENTO_PROGRESSIVO,SIMULADO
2026-09-16 15:53:33,TEST_AQUECIMENTO_001,VEICULO_TESTE_01,2082.2,54.9,104.0,30.5,19.2,33.8,47.9,9.42,14.23,55.33,AQUECIMENTO_PROGRESSIVO,SIMULADO
2026-09-16 15:53:34,TEST_AQUECIMENTO_001,VEICULO_TESTE_01,2236.1,54.9,104.5,32.1,17.8,34.9,47.3,8.14,14.13,55.33,AQUECIMENTO_PROGRESSIVO,SIMULADO
2026-09-16 15:53:35,TEST_AQUECIMENTO_001,VEICULO_TESTE_01,2118.3,54.9,104.3,21.5,16.6,33.9,44.2,8.18,14.02,55.33,AQUECIMENTO_PROGRESSIVO,SIMULADO
2026-09-16 15:53:36,TEST_AQUECIMENTO_001,VEICULO_TESTE_01,2070.1,54.9,104.5,29.3,13.6,34.7,41.8,8.52,14.11,55.33,AQUECIMENTO_PROGRESSIVO,SIMULADO
2026-09-16 15:53:37,TEST_AQUECIMENTO_001,VEICULO_TESTE_01,2136.0,54.8,104.6,28.7,18.5,33.2,40.5,8.42,14.15,55.33,AQUECIMENTO_PROGRESSIVO,SIMULADO
2026-09-16 15:53:38,TEST_AQUECIMENTO_001,VEICULO_TESTE_01,2197.3,54.8,104.5,33.4,25.9,35.4,50.9,8.65,14.1,55.33,AQUECIMENTO_PROGRESSIVO,SIMULADO
2026-09-16 15:53:39,TEST_AQUECIMENTO_001,VEICULO_TESTE_01,2200.0,54.8,104.0,28.4,18.8,34.8,47.1,8.85,14.03,55.32,AQUECIMENTO_PROGRESSIVO,SIMULADO
2026-09-16 15:53:40,TEST_AQUECIMENTO_001,VEICULO_TESTE_01,2160.1,54.8,105.4,33.7,19.9,34.6,45.0,8.03,13.97,55.32,AQUECIMENTO_PROGRESSIVO,SIMULADO
2026-09-16 15:53:41,TEST_AQUECIMENTO_001,VEICULO_TESTE_01,2212.1,54.8,104.7,24.8,19.5,34.5,49.5,7.53,14.08,55.32,AQUECIMENTO_PROGRESSIVO,SIMULADO
2026-09-16 15:53:42,TEST_AQUECIMENTO_001,VEICULO_TESTE_01,2294.8,54.8,105.3,30.3,19.5,34.5,45.0,9.07,14.18,55.32,AQUECIMENTO_PROGRESSIVO,SIMULADO
2026-09-16 15:53:43,TEST_AQUECIMENTO_001,VEICULO_TESTE_01,2109.9,54.7,105.5,33.2,20.0,35.4,44.8,8.16,14.17,55.32,AQUECIMENTO_PROGRESSIVO,SIMULADO
2026-09-16 15:53:44,TEST_AQUECIMENTO_001,VEICULO_TESTE_01,2085.8,54.7,105.5,22.0,19.6,34.3,46.2,7.67,14.2,55.32,AQUECIMENTO_PROGRESSIVO,SIMULADO
2026-09-16 15:53:45,TEST_AQUECIMENTO_001,VEICULO_TESTE_01,2197.1,54.7,105.0,23.3,17.0,34.1,41.0,8.99,14.1,55.32,AQUECIMENTO_PROGRESSIVO,SIMULADO
2026-09-16 15:53:46,TEST_AQUECIMENTO_001,VEICULO_TESTE_01,2202.4,54.5,105.5,28.4,20.9,35.1,47.5,8.33,14.16,55.31,AQUECIMENTO_PROGRESSIVO,SIMULADO
2026-09-16 15:53:47,TEST_AQUECIMENTO_001,VEICULO_TESTE_01,1985.3,54.0,105.3,29.4,20.7,34.5,45.0,8.67,14.19,55.31,AQUECIMENTO_PROGRESSIVO,SIMULADO
2026-09-16 15:53:48,TEST_AQUECIMENTO_001,VEICULO_TESTE_01,2125.6,53.2,105.4,24.4,18.9,34.5,45.6,8.03,14.19,55.31,AQUECIMENTO_PROGRESSIVO,SIMULADO
2026-09-16 15:53:49,TEST_AQUECIMENTO_001,VEICULO_TESTE_01,1930.5,52.3,105.4,29.1,17.5,34.8,43.7,7.81,14.13,55.31,AQUECIMENTO_PROGRESSIVO,SIMULADO
2026-09-16 15:53:50,TEST_AQUECIMENTO_001,VEICULO_TESTE_01,2172.4,51.0,104.9,27.4,22.1,34.1,44.7,8.1,14.19,55.31,AQUECIMENTO_PROGRESSIVO,SIMULADO
2026-09-16 15:53:51,TEST_AQUECIMENTO_001,VEICULO_TESTE_01,2038.9,49.9,105.5,25.1,17.8,33.0,46.6,7.84,14.22,55.31,AQUECIMENTO_PROGRESSIVO,SIMULADO
2026-09-16 15:53:52,TEST_AQUECIMENTO_001,VEICULO_TESTE_01,2056.4,48.8,106.2,29.0,16.1,35.1,43.2,7.59,14.15,55.31,AQUECIMENTO_PROGRESSIVO,SIMULADO
2026-09-16 15:53:53,TEST_AQUECIMENTO_001,VEICULO_TESTE_01,1774.1,47.8,105.1,23.0,17.9,35.8,44.7,7.04,14.19,55.3,AQUECIMENTO_PROGRESSIVO,SIMULADO
2026-09-16 15:53:54,TEST_AQUECIMENTO_001,VEICULO_TESTE_01,1987.2,46.5,106.0,28.0,17.7,37.3,43.9,7.63,14.25,55.3,AQUECIMENTO_PROGRESSIVO,SIMULADO
2026-09-16 15:53:55,TEST_AQUECIMENTO_001,VEICULO_TESTE_01,1883.7,45.5,104.9,25.0,16.5,34.7,41.8,7.46,14.09,55.3,AQUECIMENTO_PROGRESSIVO,SIMULADO
2026-09-16 15:53:56,TEST_AQUECIMENTO_001,VEICULO_TESTE_01,1907.7,44.2,105.2,23.1,19.2,35.4,47.5,7.23,14.21,55.3,AQUECIMENTO_PROGRESSIVO,SIMULADO
2026-09-16 15:53:57,TEST_AQUECIMENTO_001,VEICULO_TESTE_01,1940.1,42.7,105.2,28.7,19.7,35.0,44.1,7.67,14.22,55.3,AQUECIMENTO_PROGRESSIVO,SIMULADO
2026-09-16 15:53:58,TEST_AQUECIMENTO_001,VEICULO_TESTE_01,1854.3,41.5,104.9,33.2,19.2,34.6,47.8,8.26,14.06,55.3,AQUECIMENTO_PROGRESSIVO,SIMULADO
2026-09-16 15:53:59,TEST_AQUECIMENTO_001,VEICULO_TESTE_01,1756.8,40.5,105.5,24.5,18.0,36.1,43.7,7.55,14.09,55.3,AQUECIMENTO_PROGRESSIVO,SIMULADO
2026-09-16 15:54:00,TEST_AQUECIMENTO_001,VEICULO_TESTE_01,1658.3,39.5,105.0,27.4,15.5,33.7,44.1,6.27,14.11,55.29,AQUECIMENTO_PROGRESSIVO,SIMULADO
2026-09-16 15:54:01,TEST_AQUECIMENTO_001,VEICULO_TESTE_01,1749.3,38.9,105.4,30.7,20.5,33.9,46.1,7.49,14.09,55.29,AQUECIMENTO_PROGRESSIVO,SIMULADO
2026-09-16 15:54:02,TEST_AQUECIMENTO_001,VEICULO_TESTE_01,1780.6,38.1,105.7,30.9,16.6,35.0,46.7,7.18,14.16,55.29,AQUECIMENTO_PROGRESSIVO,SIMULADO
2026-09-16 15:54:03,TEST_AQUECIMENTO_001,VEICULO_TESTE_01,1816.1,37.2,106.6,24.1,16.1,35.8,43.7,7.84,14.1,55.29,AQUECIMENTO_PROGRESSIVO,SIMULADO
2026-09-16 15:54:04,TEST_AQUECIMENTO_001,VEICULO_TESTE_01,1682.5,36.1,107.1,29.9,15.2,35.1,43.8,7.72,14.09,55.29,AQUECIMENTO_PROGRESSIVO,SIMULADO
2026-09-16 15:54:05,TEST_AQUECIMENTO_001,VEICULO_TESTE_01,1608.6,34.9,106.6,28.2,17.8,33.0,44.2,7.18,14.3,55.29,AQUECIMENTO_PROGRESSIVO,SIMULADO
2026-09-16 15:54:06,TEST_AQUECIMENTO_001,VEICULO_TESTE_01,1581.3,33.9,105.6,26.2,11.6,33.3,38.4,7.25,14.15,55.29,AQUECIMENTO_PROGRESSIVO,SIMULADO
2026-09-16 15:54:07,TEST_AQUECIMENTO_001,VEICULO_TESTE_01,1551.0,33.4,105.9,16.4,10.1,34.8,39.0,5.84,14.08,55.29,AQUECIMENTO_PROGRESSIVO,SIMULADO
2026-09-16 15:54:08,TEST_AQUECIMENTO_001,VEICULO_TESTE_01,1698.2,33.3,105.8,24.0,13.1,35.3,44.8,7.11,13.9,55.28,AQUECIMENTO_PROGRESSIVO,SIMULADO
2026-09-16 15:54:09,TEST_AQUECIMENTO_001,VEICULO_TESTE_01,1898.0,33.6,107.5,39.9,22.5,35.5,46.7,8.99,14.24,55.28,AQUECIMENTO_PROGRESSIVO,SIMULADO
2026-09-16 15:54:10,TEST_AQUECIMENTO_001,VEICULO_TESTE_01,1836.3,34.4,106.5,36.4,24.6,35.8,52.0,8.27,14.13,55.28,AQUECIMENTO_PROGRESSIVO,SIMULADO
2026-09-16 15:54:11,TEST_AQUECIMENTO_001,VEICULO_TESTE_01,1872.8,35.3,106.3,42.7,24.1,34.7,52.1,8.9,13.97,55.28,AQUECIMENTO_PROGRESSIVO,SIMULADO
2026-09-16 15:54:12,TEST_AQUECIMENTO_001,VEICULO_TESTE_01,1844.9,36.2,107.3,45.7,24.1,34.3,50.7,9.38,14.16,55.28,AQUECIMENTO_PROGRESSIVO,SIMULADO
2026-09-16 15:54:13,TEST_AQUECIMENTO_001,VEICULO_TESTE_01,1857.6,37.0,106.2,37.4,23.6,33.7,50.1,8.64,14.16,55.28,AQUECIMENTO_PROGRESSIVO,SIMULADO
2026-09-16 15:54:14,TEST_AQUECIMENTO_001,VEICULO_TESTE_01,1901.0,37.8,105.6,37.9,25.7,37.5,52.9,8.81,14.18,55.28,AQUECIMENTO_PROGRESSIVO,SIMULADO
2026-09-16 15:54:15,TEST_AQUECIMENTO_001,VEICULO_TESTE_01,2056.2,38.4,106.8,45.4,27.2,34.4,55.7,8.98,14.09,55.27,AQUECIMENTO_PROGRESSIVO,SIMULADO
2026-09-16 15:54:16,TEST_AQUECIMENTO_001,VEICULO_TESTE_01,1935.5,39.2,106.7,45.0,27.0,32.9,51.2,8.85,14.2,55.27,AQUECIMENTO_PROGRESSIVO,SIMULADO
2026-09-16 15:54:17,TEST_AQUECIMENTO_001,VEICULO_TESTE_01,2046.5,40.0,106.3,43.5,27.9,35.8,56.4,9.1,14.02,55.27,AQUECIMENTO_PROGRESSIVO,SIMULADO
2026-09-16 15:54:18,TEST_AQUECIMENTO_001,VEICULO_TESTE_01,1967.2,40.9,108.0,45.0,26.4,33.8,52.2,9.44,14.24,55.27,AQUECIMENTO_PROGRESSIVO,SIMULADO
2026-09-16 15:54:19,TEST_AQUECIMENTO_001,VEICULO_TESTE_01,2083.7,41.8,107.0,49.6,28.4,34.5,56.4,9.42,14.23,55.27,AQUECIMENTO_PROGRESSIVO,SIMULADO
2026-09-16 15:54:20,TEST_AQUECIMENTO_001,VEICULO_TESTE_01,2017.3,42.9,107.0,48.9,27.6,34.3,56.3,8.73,14.21,55.27,AQUECIMENTO_PROGRESSIVO,SIMULADO
2026-09-16 15:54:21,TEST_AQUECIMENTO_001,VEICULO_TESTE_01,2094.0,43.9,108.7,54.1,28.7,36.2,56.5,9.7,14.17,55.26,AQUECIMENTO_PROGRESSIVO,SIMULADO
2026-09-16 15:54:22,TEST_AQUECIMENTO_001,VEICULO_TESTE_01,2171.6,44.9,108.2,43.0,28.6,35.0,53.9,9.18,14.05,55.26,AQUECIMENTO_PROGRESSIVO,SIMULADO
2026-09-16 15:54:23,TEST_AQUECIMENTO_001,VEICULO_TESTE_01,2158.0,45.8,107.1,41.6,25.1,34.9,54.5,9.5,14.14,55.26,AQUECIMENTO_PROGRESSIVO,SIMULADO
2026-09-16 15:54:24,TEST_AQUECIMENTO_001,VEICULO_TESTE_01,2112.5,46.7,106.8,37.0,22.7,35.3,51.2,8.91,14.13,55.26,AQUECIMENTO_PROGRESSIVO,SIMULADO
2026-09-16 15:54:25,TEST_AQUECIMENTO_001,VEICULO_TESTE_01,2123.7,47.1,107.0,36.5,20.6,35.8,47.1,9.04,14.16,55.26,AQUECIMENTO_PROGRESSIVO,SIMULADO
2026-09-16 15:54:26,TEST_AQUECIMENTO_001,VEICULO_TESTE_01,2103.3,47.6,107.3,39.1,23.2,34.3,49.0,9.0,14.11,55.26,AQUECIMENTO_PROGRESSIVO,SIMULADO
