timestamp,session_id,vehicle_id,rpm,speed_kmh,coolant_temp_c,engine_load_pct,throttle_pct,intake_temp_c,map_kpa,maf_g_s,battery_voltage,fuel_level_pct,scenario,data_origin
2026-09-16 15:39:27,TEST_IRREGULAR_001,VEICULO_TESTE_01,742.9,0.9,28.5,21.0,10.9,26.9,40.2,4.33,14.29,57.81,OPERACAO_IRREGULAR,SIMULADO
2026-09-16 15:39:28,TEST_IRREGULAR_001,VEICULO_TESTE_01,1022.8,1.2,30.2,22.2,13.7,26.9,42.1,4.54,14.23,57.81,OPERACAO_IRREGULAR,SIMULADO
2026-09-16 15:39:29,TEST_IRREGULAR_001,VEICULO_TESTE_01,1151.4,1.5,29.3,36.3,18.9,28.1,45.7,5.89,14.17,57.81,OPERACAO_IRREGULAR,SIMULADO
2026-09-16 15:39:30,TEST_IRREGULAR_001,VEICULO_TESTE_01,1021.1,2.3,28.0,30.1,12.7,27.5,42.8,6.32,14.18,57.81,OPERACAO_IRREGULAR,SIMULADO
2026-09-16 15:39:31,TEST_IRREGULAR_001,VEICULO_TESTE_01,1093.5,3.0,29.9,37.2,16.7,28.2,49.0,6.68,14.01,57.8,OPERACAO_IRREGULAR,SIMULADO
2026-09-16 15:39:32,TEST_IRREGULAR_001,VEICULO_TESTE_01,1075.5,3.7,29.5,35.2,18.1,26.9,47.7,6.74,14.05,57.8,OPERACAO_IRREGULAR,SIMULADO
2026-09-16 15:39:33,TEST_IRREGULAR_001,VEICULO_TESTE_01,1051.9,4.3,30.8,36.1,18.6,27.5,47.3,6.42,14.14,57.8,OPERACAO_IRREGULAR,SIMULADO
2026-09-16 15:39:34,TEST_IRREGULAR_001,VEICULO_TESTE_01,1149.9,5.1,30.9,28.1,17.0,28.0,48.7,5.56,14.22,57.8,OPERACAO_IRREGULAR,SIMULADO
2026-09-16 15:39:35,TEST_IRREGULAR_001,VEICULO_TESTE_01,1198.6,5.7,30.9,36.3,21.6,28.9,48.4,6.6,14.18,57.8,OPERACAO_IRREGULAR,SIMULADO
2026-09-16 15:39:36,TEST_IRREGULAR_001,VEICULO_TESTE_01,1111.4,6.5,30.5,36.2,20.3,28.3,44.3,6.23,14.15,57.8,OPERACAO_IRREGULAR,SIMULADO
2026-09-16 15:39:37,TEST_IRREGULAR_001,VEICULO_TESTE_01,1208.9,7.2,31.5,38.4,20.5,28.1,50.3,7.28,14.03,57.8,OPERACAO_IRREGULAR,SIMULADO
2026-09-16 15:39:38,TEST_IRREGULAR_001,VEICULO_TESTE_01,1235.4,8.0,32.5,40.4,23.0,27.9,51.0,6.37,14.22,57.79,OPERACAO_IRREGULAR,SIMULADO
2026-09-16 15:39:39,TEST_IRREGULAR_001,VEICULO_TESTE_01,1317.4,8.8,33.1,35.7,19.4,28.3,48.0,6.67,14.18,57.79,OPERACAO_IRREGULAR,SIMULADO
2026-09-16 15:39:40,TEST_IRREGULAR_001,VEICULO_TESTE_01,1338.4,9.7,32.2,41.8,20.8,29.0,49.8,7.1,14.21,57.79,OPERACAO_IRREGULAR,SIMULADO
2026-09-16 15:39:41,TEST_IRREGULAR_001,VEICULO_TESTE_01,1297.0,10.5,32.4,40.0,21.3,26.8,49.2,7.49,14.15,57.79,OPERACAO_IRREGULAR,SIMULADO
2026-09-16 15:39:42,TEST_IRREGULAR_001,VEICULO_TESTE_01,1272.6,11.5,32.4,32.0,19.6,28.0,49.5,6.37,14.06,57.79,OPERACAO_IRREGULAR,SIMULADO
2026-09-16 15:39:43,TEST_IRREGULAR_001,VEICULO_TESTE_01,1384.1,12.4,32.6,43.1,25.3,26.4,57.1,7.41,14.14,57.79,OPERACAO_IRREGULAR,SIMULADO
2026-09-16 15:39:44,TEST_IRREGULAR_001,VEICULO_TESTE_01,1334.0,13.2,33.4,36.6,18.4,27.9,44.0,7.05,14.1,57.79,OPERACAO_IRREGULAR,SIMULADO
2026-09-16 15:39:45,TEST_IRREGULAR_001,VEICULO_TESTE_01,1358.3,14.0,32.2,35.4,19.5,28.8,43.5,6.62,14.19,57.79,OPERACAO_IRREGULAR,SIMULADO
2026-09-16 15:39:46,TEST_IRREGULAR_001,VEICULO_TESTE_01,1380.3,14.7,32.7,32.8,23.2,27.0,46.9,7.22,14.28,57.78,OPERACAO_IRREGULAR,SIMULADO
2026-09-16 15:39:47,TEST_IRREGULAR_001,VEICULO_TESTE_01,1387.2,15.4,33.6,34.5,24.0,28.2,49.8,6.74,14.22,57.78,OPERACAO_IRREGULAR,SIMULADO
2026-09-16 15:39:48,TEST_IRREGULAR_001,VEICULO_TESTE_01,1384.0,16.1,33.5,38.0,22.8,29.3,48.5,7.52,14.21,57.78,OPERACAO_IRREGULAR,SIMULADO
2026-09-16 15:39:49,TEST_IRREGULAR_001,VEICULO_TESTE_01,1530.3,17.0,34.0,38.9,23.8,27.0,53.2,8.0,14.06,57.78,OPERACAO_IRREGULAR,SIMULADO
2026-09-16 15:39:50,TEST_IRREGULAR_001,VEICULO_TESTE_01,1583.3,18.0,35.3,42.9,23.8,27.4,52.6,8.11,14.05,57.78,OPERACAO_IRREGULAR,SIMULADO
2026-09-16 15:39:51,TEST_IRREGULAR_001,VEICULO_TESTE_01,1475.4,19.0,35.2,42.5,22.8,27.9,50.9,7.83,14.08,57.78,OPERACAO_IRREGULAR,SIMULADO
2026-09-16 15:39:52,TEST_IRREGULAR_001,VEICULO_TESTE_01,1502.6,19.8,35.3,36.7,22.9,28.2,49.4,7.07,14.11,57.78,OPERACAO_IRREGULAR,SIMULADO
2026-09-16 15:39:53,TEST_IRREGULAR_001,VEICULO_TESTE_01,1634.7,20.6,35.8,33.2,22.7,29.3,49.6,7.45,14.04,57.77,OPERACAO_IRREGULAR,SIMULADO
2026-09-16 15:39:54,TEST_IRREGULAR_001,VEICULO_TESTE_01,1589.8,21.4,35.4,41.1,23.8,28.7,48.5,7.75,14.04,57.77,OPERACAO_IRREGULAR,SIMULADO
2026-09-16 15:39:55,TEST_IRREGULAR_001,VEICULO_TESTE_01,1544.2,22.2,35.0,33.3,21.6,28.3,48.2,8.17,14.17,57.77,OPERACAO_IRREGULAR,SIMULADO
2026-09-16 15:39:56,TEST_IRREGULAR_001,VEICULO_TESTE_01,1538.2,23.0,36.9,41.1,23.0,29.2,53.8,8.05,14.04,57.77,OPERACAO_IRREGULAR,SIMULADO
2026-09-16 15:39:57,TEST_IRREGULAR_001,VEICULO_TESTE_01,1727.2,24.1,36.3,42.1,25.6,30.0,53.1,7.9,14.07,57.77,OPERACAO_IRREGULAR,SIMULADO
2026-09-16 15:39:58,TEST_IRREGULAR_001,VEICULO_TESTE_01,1648.9,25.0,35.6,43.0,23.9,29.6,50.4,8.64,13.98,57.77,OPERACAO_IRREGULAR,SIMULADO
2026-09-16 15:39:59,TEST_IRREGULAR_001,VEICULO_TESTE_01,1574.8,25.8,36.6,43.4,23.0,27.2,52.9,8.07,14.15,57.77,OPERACAO_IRREGULAR,SIMULADO
2026-09-16 15:40:00,TEST_IRREGULAR_001,VEICULO_TESTE_01,1735.9,26.7,37.5,42.6,25.4,27.1,54.0,8.67,14.24,57.76,OPERACAO_IRREGULAR,SIMULADO
2026-09-16 15:40:01,TEST_IRREGULAR_001,VEICULO_TESTE_01,1775.0,27.5,37.7,38.5,27.1,28.5,52.2,7.38,14.07,57.76,OPERACAO_IRREGULAR,SIMULADO
2026-09-16 15:40:02,TEST_IRREGULAR_001,VEICULO_TESTE_01,1674.0,28.4,37.2,43.3,24.3,28.8,54.6,8.05,14.14,57.76,OPERACAO_IRREGULAR,SIMULADO
2026-09-16 15:40:03,TEST_IRREGULAR_001,VEICULO_TESTE_01,1925.7,29.5,36.5,40.7,27.1,28.5,56.6,8.51,14.16,57.76,OPERACAO_IRREGULAR,SIMULADO
2026-09-16 15:40:04,TEST_IRREGULAR_001,VEICULO_TESTE_01,1928.8,30.6,37.7,42.9,25.9,28.1,52.9,8.55,14.19,57.76,OPERACAO_IRREGULAR,SIMULADO
2026-09-16 15:40:05,TEST_IRREGULAR_001,VEICULO_TESTE_01,1858.5,31.6,37.3,43.4,26.9,28.3,55.5,8.36,14.02,57.76,OPERACAO_IRREGULAR,SIMULADO
2026-09-16 15:40:06,TEST_IRREGULAR_001,VEICULO_TESTE_01,1856.6,32.5,39.1,43.5,24.5,28.7,51.7,9.42,14.18,57.76,OPERACAO_IRREGULAR,SIMULADO
2026-09-16 15:40:07,TEST_IRREGULAR_001,VEICULO_TESTE_01,1726.8,33.4,38.2,40.3,24.3,29.4,55.3,8.95,14.19,57.75,OPERACAO_IRREGULAR,SIMULADO
2026-09-16 15:40:08,TEST_IRREGULAR_001,VEICULO_TESTE_01,1968.3,34.3,38.8,51.7,27.0,28.4,53.7,9.27,14.1,57.75,OPERACAO_IRREGULAR,SIMULADO
2026-09-16 15:40:09,TEST_IRREGULAR_001,VEICULO_TESTE_01,1854.5,35.2,39.3,38.0,26.3,27.7,52.7,8.03,14.07,57.75,OPERACAO_IRREGULAR,SIMULADO
2026-09-16 15:40:10,TEST_IRREGULAR_001,VEICULO_TESTE_01,1854.9,36.0,39.8,32.7,21.7,27.5,49.4,8.39,14.22,57.75,OPERACAO_IRREGULAR,SIMULADO
2026-09-16 15:40:11,TEST_IRREGULAR_001,VEICULO_TESTE_01,1811.5,36.3,38.0,26.1,15.5,27.8,43.6,7.92,14.18,57.75,OPERACAO_IRREGULAR,SIMULADO
2026-09-16 15:40:12,TEST_IRREGULAR_001,VEICULO_TESTE_01,1749.8,36.1,40.0,26.6,14.9,28.4,39.2,7.22,14.19,57.75,OPERACAO_IRREGULAR,SIMULADO
2026-09-16 15:40:13,TEST_IRREGULAR_001,VEICULO_TESTE_01,1689.9,35.7,40.1,23.8,17.5,29.1,43.9,7.63,14.11,57.75,OPERACAO_IRREGULAR,SIMULADO
2026-09-16 15:40:14,TEST_IRREGULAR_001,VEICULO_TESTE_01,1712.2,34.9,40.5,30.2,19.7,29.6,48.6,7.25,14.07,57.74,OPERACAO_IRREGULAR,SIMULADO
2026-09-16 15:40:15,TEST_IRREGULAR_001,VEICULO_TESTE_01,1769.9,34.0,39.6,25.5,16.8,28.8,42.5,7.36,14.11,57.74,OPERACAO_IRREGULAR,SIMULADO
2026-09-16 15:40:16,TEST_IRREGULAR_001,VEICULO_TESTE_01,1485.2,33.1,40.4,20.5,12.8,27.5,42.4,5.44,14.14,57.74,OPERACAO_IRREGULAR,SIMULADO
2026-09-16 15:40:17,TEST_IRREGULAR_001,VEICULO_TESTE_01,1611.9,32.4,41.2,24.6,15.3,30.3,44.1,7.18,14.05,57.74,OPERACAO_IRREGULAR,SIMULADO
2026-09-16 15:40:18,TEST_IRREGULAR_001,VEICULO_TESTE_01,1488.4,31.4,40.8,28.3,13.5,28.8,39.4,7.44,14.08,57.74,OPERACAO_IRREGULAR,SIMULADO
2026-09-16 15:40:19,TEST_IRREGULAR_001,VEICULO_TESTE_01,1538.5,30.4,41.6,24.0,15.8,28.7,38.6,6.49,14.24,57.74,OPERACAO_IRREGULAR,SIMULADO
2026-09-16 15:40:20,TEST_IRREGULAR_001,VEICULO_TESTE_01,1541.5,29.4,41.4,35.5,17.7,28.4,46.0,7.3,14.12,57.74,OPERACAO_IRREGULAR,SIMULADO
2026-09-16 15:40:21,TEST_IRREGULAR_001,VEICULO_TESTE_01,1522.3,28.4,41.7,30.0,15.2,29.7,45.6,7.12,14.12,57.74,OPERACAO_IRREGULAR,SIMULADO
2026-09-16 15:40:22,TEST_IRREGULAR_001,VEICULO_TESTE_01,1484.9,27.2,41.3,28.8,16.0,28.3,43.2,6.53,14.14,57.73,OPERACAO_IRREGULAR,SIMULADO
2026-09-16 15:40:23,TEST_IRREGULAR_001,VEICULO_TESTE_01,1359.4,26.1,41.3,16.2,10.9,26.9,38.2,6.56,14.16,57.73,OPERACAO_IRREGULAR,SIMULADO
2026-09-16 15:40:24,TEST_IRREGULAR_001,VEICULO_TESTE_01,1380.8,24.8,43.0,18.3,11.8,29.8,37.4,6.01,14.32,57.73,OPERACAO_IRREGULAR,SIMULADO
2026-09-16 15:40:25,TEST_IRREGULAR_001,VEICULO_TESTE_01,1391.9,23.4,41.4,20.1,12.6,28.4,37.9,5.69,14.13,57.73,OPERACAO_IRREGULAR,SIMULADO
2026-09-16 15:40:26,TEST_IRREGULAR_001,VEICULO_TESTE_01,1269.7,21.8,42.6,19.6,14.9,29.8,45.2,6.47,14.22,57.73,OPERACAO_IRREGULAR,SIMULADO
2026-09-16 15:40:27,TEST_IRREGULAR_001,VEICULO_TESTE_01,1260.1,20.4,43.0,26.1,16.6,28.1,39.9,5.99,14.19,57.73,OPERACAO_IRREGULAR,SIMULADO
2026-09-16 15:40:28,TEST_IRREGULAR_001,VEICULO_TESTE_01,1218.0,19.2,41.7,24.7,12.6,27.9,41.2,6.24,14.09,57.73,OPERACAO_IRREGULAR,SIMULADO
2026-09-16 15:40:29,TEST_IRREGULAR_001,VEICULO_TESTE_01,1296.0,18.1,43.0,23.6,12.0,28.2,39.9,5.62,14.25,57.73,OPERACAO_IRREGULAR,SIMULADO
2026-09-16 15:40:30,TEST_IRREGULAR_001,VEICULO_TESTE_01,1271.4,17.6,43.9,30.1,15.5,29.1,45.8,6.6,14.07,57.72,OPERACAO_IRREGULAR,SIMULADO
2026-09-16 15:40:31,TEST_IRREGULAR_001,VEICULO_TESTE_01,1298.6,17.7,42.5,32.4,18.4,27.2,46.9,6.77,14.09,57.72,OPERACAO_IRREGULAR,SIMULADO
2026-09-16 15:40:32,TEST_IRREGULAR_001,VEICULO_TESTE_01,1463.4,18.1,44.0,33.0,17.6,29.5,44.2,6.3,14.26,57.72,OPERACAO_IRREGULAR,SIMULADO
2026-09-16 15:40:33,TEST_IRREGULAR_001,VEICULO_TESTE_01,1446.2,18.7,43.7,32.9,18.0,27.8,45.1,6.75,14.01,57.72,OPERACAO_IRREGULAR,SIMULADO
2026-09-16 15:40:34,TEST_IRREGULAR_001,VEICULO_TESTE_01,1487.3,19.6,44.0,44.2,22.3,27.9,52.6,7.57,14.11,57.72,OPERACAO_IRREGULAR,SIMULADO
2026-09-16 15:40:35,TEST_IRREGULAR_001,VEICULO_TESTE_01,1511.5,20.4,44.8,37.3,25.3,26.3,52.5,7.86,14.11,57.72,OPERACAO_IRREGULAR,SIMULADO
2026-09-16 15:40:36,TEST_IRREGULAR_001,VEICULO_TESTE_01,1570.2,21.1,44.4,36.8,21.0,28.5,45.7,7.27,14.17,57.72,OPERACAO_IRREGULAR,SIMULADO
2026-09-16 15:40:37,TEST_IRREGULAR_001,VEICULO_TESTE_01,1521.1,22.0,44.4,37.4,23.3,29.0,50.0,7.06,14.15,57.71,OPERACAO_IRREGULAR,SIMULADO
2026-09-16 15:40:38,TEST_IRREGULAR_001,VEICULO_TESTE_01,1412.9,22.6,44.6,34.9,23.0,27.9,51.9,7.8,14.16,57.71,OPERACAO_IRREGULAR,SIMULADO
2026-09-16 15:40:39,TEST_IRREGULAR_001,VEICULO_TESTE_01,1619.6,23.3,44.1,33.4,18.5,28.2,48.0,7.58,14.09,57.71,OPERACAO_IRREGULAR,SIMULADO
2026-09-16 15:40:40,TEST_IRREGULAR_001,VEICULO_TESTE_01,1654.4,24.1,46.0,36.2,19.4,30.6,46.3,7.51,14.05,57.71,OPERACAO_IRREGULAR,SIMULADO
2026-09-16 15:40:41,TEST_IRREGULAR_001,VEICULO_TESTE_01,1724.2,24.8,45.4,40.4,25.1,26.9,51.4,7.59,14.16,57.71,OPERACAO_IRREGULAR,SIMULADO
2026-09-16 15:40:42,TEST_IRREGULAR_001,VEICULO_TESTE_01,1789.7,25.6,45.3,43.6,23.2,29.8,48.1,8.71,14.14,57.71,OPERACAO_IRREGULAR,SIMULADO
2026-09-16 15:40:43,TEST_IRREGULAR_001,VEICULO_TESTE_01,1607.7,26.3,46.3,42.8,23.7,28.2,53.5,7.94,14.24,57.71,OPERACAO_IRREGULAR,SIMULADO
2026-09-16 15:40:44,TEST_IRREGULAR_001,VEICULO_TESTE_01,1731.1,27.1,46.2,37.9,19.1,28.2,48.0,8.13,14.08,57.7,OPERACAO_IRREGULAR,SIMULADO
2026-09-16 15:40:45,TEST_IRREGULAR_001,VEICULO_TESTE_01,1654.0,27.7,44.7,37.4,22.7,28.6,48.6,8.3,14.05,57.7,OPERACAO_IRREGULAR,SIMULADO
2026-09-16 15:40:46,TEST_IRREGULAR_001,VEICULO_TESTE_01,1710.1,28.2,45.6,35.5,20.6,28.6,50.2,8.06,14.08,57.7,OPERACAO_IRREGULAR,SIMULADO
2026-09-16 15:40:47,TEST_IRREGULAR_001,VEICULO_TESTE_01,1614.0,28.7,47.3,32.3,19.5,27.9,46.7,6.88,14.18,57.7,OPERACAO_IRREGULAR,SIMULADO
2026-09-16 15:40:48,TEST_IRREGULAR_001,VEICULO_TESTE_01,1776.8,29.3,45.9,34.6,23.3,27.4,52.3,7.76,14.2,57.7,OPERACAO_IRREGULAR,SIMULADO
2026-09-16 15:40:49,TEST_IRREGULAR_001,VEICULO_TESTE_01,1693.4,30.2,47.6,37.5,23.9,29.2,50.2,7.18,14.06,57.7,OPERACAO_IRREGULAR,SIMULADO
2026-09-16 15:40:50,TEST_IRREGULAR_001,VEICULO_TESTE_01,1751.9,31.2,46.9,37.2,23.8,28.0,51.1,8.07,14.24,57.7,OPERACAO_IRREGULAR,SIMULADO
2026-09-16 15:40:51,TEST_IRREGULAR_001,VEICULO_TESTE_01,1850.7,32.2,46.2,44.3,25.9,29.5,52.9,8.08,14.07,57.69,OPERACAO_IRREGULAR,SIMULADO
2026-09-16 15:40:52,TEST_IRREGULAR_001,VEICULO_TESTE_01,1926.9,33.3,48.1,44.1,28.3,28.8,52.7,8.74,14.34,57.69,OPERACAO_IRREGULAR,SIMULADO
2026-09-16 15:40:53,TEST_IRREGULAR_001,VEICULO_TESTE_01,1946.2,34.4,47.9,42.4,26.4,26.5,53.9,8.34,14.06,57.69,OPERACAO_IRREGULAR,SIMULADO
2026-09-16 15:40:54,TEST_IRREGULAR_001,VEICULO_TESTE_01,1952.0,35.4,47.5,45.1,29.3,28.4,54.5,8.95,14.09,57.69,OPERACAO_IRREGULAR,SIMULADO
2026-09-16 15:40:55,TEST_IRREGULAR_001,VEICULO_TESTE_01,1958.2,36.3,47.2,37.2,22.3,30.0,48.8,8.75,14.29,57.69,OPERACAO_IRREGULAR,SIMULADO
2026-09-16 15:40:56,TEST_IRREGULAR_001,VEICULO_TESTE_01,2016.5,37.3,47.4,43.5,27.7,29.0,52.2,9.57,14.15,57.69,OPERACAO_IRREGULAR,SIMULADO
2026-09-16 15:40:57,TEST_IRREGULAR_001,VEICULO_TESTE_01,1971.2,38.2,48.1,47.5,24.7,27.7,53.3,9.46,14.17,57.69,OPERACAO_IRREGULAR,SIMULADO
2026-09-16 15:40:58,TEST_IRREGULAR_001,VEICULO_TESTE_01,1979.2,39.1,49.0,41.0,24.2,29.1,51.8,9.0,14.16,57.68,OPERACAO_IRREGULAR,SIMULADO
2026-09-16 15:40:59,TEST_IRREGULAR_001,VEICULO_TESTE_01,2199.3,40.0,48.1,48.3,31.4,28.0,58.9,9.41,14.16,57.68,OPERACAO_IRREGULAR,SIMULADO
2026-09-16 15:41:00,TEST_IRREGULAR_001,VEICULO_TESTE_01,2049.9,41.0,47.7,41.0,27.6,27.5,54.5,8.14,14.14,57.68,OPERACAO_IRREGULAR,SIMULADO
2026-09-16 15:41:01,TEST_IRREGULAR_001,VEICULO_TESTE_01,1916.4,41.9,49.1,43.5,25.6,27.5,54.3,8.58,14.1,57.68,OPERACAO_IRREGULAR,SIMULADO
2026-09-16 15:41:02,TEST_IRREGULAR_001,VEICULO_TESTE_01,2106.6,42.8,49.5,40.4,22.8,27.2,50.0,9.46,14.15,57.68,OPERACAO_IRREGULAR,SIMULADO
2026-09-16 15:41:03,TEST_IRREGULAR_001,VEICULO_TESTE_01,2070.9,43.6,49.1,45.2,25.0,29.3,56.8,9.27,14.22,57.68,OPERACAO_IRREGULAR,SIMULADO
2026-09-16 15:41:04,TEST_IRREGULAR_001,VEICULO_TESTE_01,1959.9,44.3,50.2,39.0,26.1,29.1,51.9,8.33,14.15,57.67,OPERACAO_IRREGULAR,SIMULADO
2026-09-16 15:41:05,TEST_IRREGULAR_001,VEICULO_TESTE_01,1970.6,44.8,49.1,38.5,24.0,27.9,51.7,8.28,14.21,57.67,OPERACAO_IRREGULAR,SIMULADO
2026-09-16 15:41:06,TEST_IRREGULAR_001,VEICULO_TESTE_01,2183.4,45.5,49.9,32.9,23.4,27.4,46.1,8.81,14.18,57.67,OPERACAO_IRREGULAR,SIMULADO
2026-09-16 15:41:07,TEST_IRREGULAR_001,VEICULO_TESTE_01,2106.0,46.2,50.9,38.7,25.0,27.9,55.0,8.45,14.11,57.67,OPERACAO_IRREGULAR,SIMULADO
2026-09-16 15:41:08,TEST_IRREGULAR_001,VEICULO_TESTE_01,2007.4,46.9,48.9,38.5,22.5,28.7,49.0,8.57,14.16,57.67,OPERACAO_IRREGULAR,SIMULADO
2026-09-16 15:41:09,TEST_IRREGULAR_001,VEICULO_TESTE_01,2142.3,47.8,50.3,42.8,26.5,28.4,57.2,9.56,14.06,57.67,OPERACAO_IRREGULAR,SIMULADO
2026-09-16 15:41:10,TEST_IRREGULAR_001,VEICULO_TESTE_01,2213.4,48.7,50.6,41.3,26.5,29.2,51.4,9.09,14.06,57.67,OPERACAO_IRREGULAR,SIMULADO
2026-09-16 15:41:11,TEST_IRREGULAR_001,VEICULO_TESTE_01,2224.7,49.5,49.8,43.4,27.4,28.2,56.7,9.93,14.02,57.66,OPERACAO_IRREGULAR,SIMULADO
2026-09-16 15:41:12,TEST_IRREGULAR_001,VEICULO_TESTE_01,2214.4,50.2,50.5,37.0,25.5,29.1,52.0,10.24,14.15,57.66,OPERACAO_IRREGULAR,SIMULADO
2026-09-16 15:41:13,TEST_IRREGULAR_001,VEICULO_TESTE_01,2239.6,50.9,52.1,40.8,22.9,29.5,48.7,9.32,14.06,57.66,OPERACAO_IRREGULAR,SIMULADO
2026-09-16 15:41:14,TEST_IRREGULAR_001,VEICULO_TESTE_01,2240.2,51.5,51.6,35.8,23.4,29.0,51.2,9.13,14.2,57.66,OPERACAO_IRREGULAR,SIMULADO
2026-09-16 15:41:15,TEST_IRREGULAR_001,VEICULO_TESTE_01,2175.9,52.0,49.5,35.9,24.1,29.0,51.2,8.91,14.13,57.66,OPERACAO_IRREGULAR,SIMULADO
2026-09-16 15:41:16,TEST_IRREGULAR_001,VEICULO_TESTE_01,2154.5,52.5,52.2,42.6,23.9,31.0,51.8,9.59,14.18,57.66,OPERACAO_IRREGULAR,SIMULADO
2026-09-16 15:41:17,TEST_IRREGULAR_001,VEICULO_TESTE_01,2295.9,53.1,50.4,39.3,27.1,28.7,51.8,9.38,14.23,57.65,OPERACAO_IRREGULAR,SIMULADO
2026-09-16 15:41:18,TEST_IRREGULAR_001,VEICULO_TESTE_01,2295.2,53.8,53.0,43.8,25.8,30.7,51.7,9.46,14.21,57.65,OPERACAO_IRREGULAR,SIMULADO
2026-09-16 15:41:19,TEST_IRREGULAR_001,VEICULO_TESTE_01,2356.2,54.5,52.7,46.2,28.3,27.6,55.5,10.31,14.2,57.65,OPERACAO_IRREGULAR,SIMULADO
2026-09-16 15:41:20,TEST_IRREGULAR_001,VEICULO_TESTE_01,2328.5,55.4,52.7,44.2,32.4,31.3,57.6,9.49,14.12,57.65,OPERACAO_IRREGULAR,SIMULADO
2026-09-16 15:41:21,TEST_IRREGULAR_001,VEICULO_TESTE_01,2345.5,56.3,52.5,45.1,27.0,28.6,51.2,9.73,14.21,57.65,OPERACAO_IRREGULAR,SIMULADO
2026-09-16 15:41:22,TEST_IRREGULAR_001,VEICULO_TESTE_01,2543.6,57.1,52.5,46.9,27.9,29.8,56.0,10.34,14.14,57.65,OPERACAO_IRREGULAR,SIMULADO
2026-09-16 15:41:23,TEST_IRREGULAR_001,VEICULO_TESTE_01,2381.3,58.0,53.4,48.4,27.7,27.8,54.4,10.6,14.02,57.64,OPERACAO_IRREGULAR,SIMULADO
2026-09-16 15:41:24,TEST_IRREGULAR_001,VEICULO_TESTE_01,2504.2,59.0,52.3,48.5,25.0,27.7,52.5,11.29,14.09,57.64,OPERACAO_IRREGULAR,SIMULADO
2026-09-16 15:41:25,TEST_IRREGULAR_001,VEICULO_TESTE_01,2605.8,60.0,53.2,47.7,32.0,30.0,53.8,10.61,14.12,57.64,OPERACAO_IRREGULAR,SIMULADO
2026-09-16 15:41:26,TEST_IRREGULAR_001,VEICULO_TESTE_01,2553.4,61.1,53.9,44.0,29.2,29.8,54.6,9.64,14.08,57.64,OPERACAO_IRREGULAR,SIMULADO
2026-09-16 15:41:27,TEST_IRREGULAR_001,VEICULO_TESTE_01,2601.2,62.1,52.6,41.6,31.0,29.0,58.7,10.67,14.1,57.64,OPERACAO_IRREGULAR,SIMULADO
2026-09-16 15:41:28,TEST_IRREGULAR_001,VEICULO_TESTE_01,2551.2,63.0,52.6,36.3,26.6,29.1,53.3,10.61,14.2,57.64,OPERACAO_IRREGULAR,SIMULADO
2026-09-16 15:41:29,TEST_IRREGULAR_001,VEICULO_TESTE_01,2553.9,63.9,53.1,39.6,30.2,27.6,52.8,10.06,14.23,57.63,OPERACAO_IRREGULAR,SIMULADO
2026-09-16 15:41:30,TEST_IRREGULAR_001,VEICULO_TESTE_01,2625.5,64.8,54.2,40.8,27.3,31.0,57.2,10.09,14.13,57.63,OPERACAO_IRREGULAR,SIMULADO
2026-09-16 15:41:31,TEST_IRREGULAR_001,VEICULO_TESTE_01,2685.8,65.6,54.1,41.8,32.7,29.5,56.4,11.05,14.24,57.63,OPERACAO_IRREGULAR,SIMULADO
2026-09-16 15:41:32,TEST_IRREGULAR_001,VEICULO_TESTE_01,2669.4,66.5,54.0,46.1,31.3,29.2,57.3,11.52,14.13,57.63,OPERACAO_IRREGULAR,SIMULADO
2026-09-16 15:41:33,TEST_IRREGULAR_001,VEICULO_TESTE_01,2719.1,67.4,54.8,47.7,32.4,29.1,56.4,11.37,14.08,57.63,OPERACAO_IRREGULAR,SIMULADO
2026-09-16 15:41:34,TEST_IRREGULAR_001,VEICULO_TESTE_01,2684.7,68.4,55.2,47.5,35.0,29.9,59.9,10.73,14.02,57.63,OPERACAO_IRREGULAR,SIMULADO
2026-09-16 15:41:35,TEST_IRREGULAR_001,VEICULO_TESTE_01,2835.5,69.3,55.1,43.3,27.9,29.2,56.8,10.92,14.28,57.62,OPERACAO_IRREGULAR,SIMULADO
2026-09-16 15:41:36,TEST_IRREGULAR_001,VEICULO_TESTE_01,2750.9,70.2,55.2,46.6,33.0,29.7,59.8,10.64,14.04,57.62,OPERACAO_IRREGULAR,SIMULADO
2026-09-16 15:41:37,TEST_IRREGULAR_001,VEICULO_TESTE_01,2688.9,71.2,55.2,42.5,28.5,28.2,54.3,10.97,14.21,57.62,OPERACAO_IRREGULAR,SIMULADO
2026-09-16 15:41:38,TEST_IRREGULAR_001,VEICULO_TESTE_01,2663.9,71.9,54.9,43.0,26.9,29.9,54.4,9.85,14.12,57.62,OPERACAO_IRREGULAR,SIMULADO
2026-09-16 15:41:39,TEST_IRREGULAR_001,VEICULO_TESTE_01,2801.4,72.6,54.8,44.4,31.1,28.2,59.5,10.04,14.17,57.62,OPERACAO_IRREGULAR,SIMULADO
2026-09-16 15:41:40,TEST_IRREGULAR_001,VEICULO_TESTE_01,2775.9,73.3,54.9,43.2,32.5,29.3,57.6,10.33,14.25,57.62,OPERACAO_IRREGULAR,SIMULADO
2026-09-16 15:41:41,TEST_IRREGULAR_001,VEICULO_TESTE_01,2842.4,74.0,55.0,43.6,29.3,29.2,52.1,11.52,14.14,57.61,OPERACAO_IRREGULAR,SIMULADO
2026-09-16 15:41:42,TEST_IRREGULAR_001,VEICULO_TESTE_01,2915.0,74.8,55.7,48.1,32.4,30.7,59.3,11.23,14.08,57.61,OPERACAO_IRREGULAR,SIMULADO
2026-09-16 15:41:43,TEST_IRREGULAR_001,VEICULO_TESTE_01,2967.3,75.7,57.4,49.6,34.3,29.3,59.9,11.89,14.06,57.61,OPERACAO_IRREGULAR,SIMULADO
2026-09-16 15:41:44,TEST_IRREGULAR_001,VEICULO_TESTE_01,2806.7,76.7,55.8,47.3,29.5,28.9,54.6,10.9,14.12,57.61,OPERACAO_IRREGULAR,SIMULADO
2026-09-16 15:41:45,TEST_IRREGULAR_001,VEICULO_TESTE_01,2975.7,77.6,56.6,51.4,35.0,28.0,60.4,11.42,14.11,57.61,OPERACAO_IRREGULAR,SIMULADO
2026-09-16 15:41:46,TEST_IRREGULAR_001,VEICULO_TESTE_01,2817.9,78.4,56.0,50.4,35.5,27.6,60.4,10.98,14.26,57.6,OPERACAO_IRREGULAR,SIMULADO
2026-09-16 15:41:47,TEST_IRREGULAR_001,VEICULO_TESTE_01,2907.3,79.3,57.3,43.4,33.5,28.1,57.9,11.25,14.02,57.6,OPERACAO_IRREGULAR,SIMULADO
2026-09-16 15:41:48,TEST_IRREGULAR_001,VEICULO_TESTE_01,2992.7,80.1,57.1,46.0,30.5,27.3,56.6,11.71,14.11,57.6,OPERACAO_IRREGULAR,SIMULADO
2026-09-16 15:41:49,TEST_IRREGULAR_001,VEICULO_TESTE_01,2845.0,80.9,56.9,41.3,28.9,29.3,55.9,10.44,14.0,57.6,OPERACAO_IRREGULAR,SIMULADO
2026-09-16 15:41:50,TEST_IRREGULAR_001,VEICULO_TESTE_01,2857.3,81.7,57.4,46.7,30.5,26.8,55.6,11.44,14.18,57.6,OPERACAO_IRREGULAR,SIMULADO
2026-09-16 15:41:51,TEST_IRREGULAR_001,VEICULO_TESTE_01,3026.7,82.2,56.6,40.4,27.3,28.9,54.2,10.92,14.23,57.6,OPERACAO_IRREGULAR,SIMULADO
2026-09-16 15:41:52,TEST_IRREGULAR_001,VEICULO_TESTE_01,2841.0,82.4,56.9,35.8,24.6,29.1,49.0,10.11,14.23,57.59,OPERACAO_IRREGULAR,SIMULADO
2026-09-16 15:41:53,TEST_IRREGULAR_001,VEICULO_TESTE_01,2719.7,82.1,56.5,31.9,23.8,27.3,51.5,10.16,14.03,57.59,OPERACAO_IRREGULAR,SIMULADO
2026-09-16 15:41:54,TEST_IRREGULAR_001,VEICULO_TESTE_01,2791.0,81.3,57.2,33.9,21.9,29.6,49.3,9.75,14.12,57.59,OPERACAO_IRREGULAR,SIMULADO
2026-09-16 15:41:55,TEST_IRREGULAR_001,VEICULO_TESTE_01,2603.8,80.2,57.5,32.9,21.9,28.5,49.3,10.06,14.23,57.59,OPERACAO_IRREGULAR,SIMULADO
2026-09-16 15:41:56,TEST_IRREGULAR_001,VEICULO_TESTE_01,2774.1,79.1,57.0,25.1,20.1,29.5,45.8,10.21,14.18,57.59,OPERACAO_IRREGULAR,SIMULADO
2026-09-16 15:41:57,TEST_IRREGULAR_001,VEICULO_TESTE_01,2621.5,77.9,56.3,31.5,25.6,28.6,48.1,9.63,14.13,57.59,OPERACAO_IRREGULAR,SIMULADO
2026-09-16 15:41:58,TEST_IRREGULAR_001,VEICULO_TESTE_01,2628.8,76.7,58.7,30.7,20.7,29.1,49.0,10.26,14.04,57.58,OPERACAO_IRREGULAR,SIMULADO
2026-09-16 15:41:59,TEST_IRREGULAR_001,VEICULO_TESTE_01,2701.4,75.6,57.8,38.7,24.3,29.4,48.8,10.11,14.16,57.58,OPERACAO_IRREGULAR,SIMULADO
2026-09-16 15:42:00,TEST_IRREGULAR_001,VEICULO_TESTE_01,2517.7,74.3,57.5,28.6,18.7,27.6,42.5,9.39,13.97,57.58,OPERACAO_IRREGULAR,SIMULADO
2026-09-16 15:42:01,TEST_IRREGULAR_001,VEICULO_TESTE_01,2605.3,73.1,57.7,27.6,21.6,27.9,49.1,9.39,14.14,57.58,OPERACAO_IRREGULAR,SIMULADO
2026-09-16 15:42:02,TEST_IRREGULAR_001,VEICULO_TESTE_01,2601.6,71.9,58.1,27.8,21.6,30.4,49.1,8.95,14.16,57.58,OPERACAO_IRREGULAR,SIMULADO
2026-09-16 15:42:03,TEST_IRREGULAR_001,VEICULO_TESTE_01,2415.2,70.8,57.5,26.5,19.9,29.5,44.9,9.06,14.13,57.58,OPERACAO_IRREGULAR,SIMULADO
2026-09-16 15:42:04,TEST_IRREGULAR_001,VEICULO_TESTE_01,2570.3,69.8,58.2,33.2,23.7,29.7,50.8,10.21,14.11,57.57,OPERACAO_IRREGULAR,SIMULADO
2026-09-16 15:42:05,TEST_IRREGULAR_001,VEICULO_TESTE_01,2396.8,68.8,59.1,35.6,21.6,30.1,50.9,9.18,14.22,57.57,OPERACAO_IRREGULAR,SIMULADO
2026-09-16 15:42:06,TEST_IRREGULAR_001,VEICULO_TESTE_01,2447.6,67.8,58.5,24.6,21.2,27.3,46.3,8.36,14.19,57.57,OPERACAO_IRREGULAR,SIMULADO
2026-09-16 15:42:07,TEST_IRREGULAR_001,VEICULO_TESTE_01,2481.3,66.6,59.9,28.3,19.1,30.0,48.9,9.31,14.27,57.57,OPERACAO_IRREGULAR,SIMULADO
2026-09-16 15:42:08,TEST_IRREGULAR_001,VEICULO_TESTE_01,2342.8,65.5,59.0,28.6,17.8,29.4,45.6,8.97,14.21,57.57,OPERACAO_IRREGULAR,SIMULADO
2026-09-16 15:42:09,TEST_IRREGULAR_001,VEICULO_TESTE_01,2445.9,64.4,57.7,26.6,20.5,29.9,42.4,9.04,14.14,57.57,OPERACAO_IRREGULAR,SIMULADO
2026-09-16 15:42:10,TEST_IRREGULAR_001,VEICULO_TESTE_01,2392.2,63.4,58.9,24.4,21.2,30.5,45.6,8.85,14.06,57.57,OPERACAO_IRREGULAR,SIMULADO
2026-09-16 15:42:11,TEST_IRREGULAR_001,VEICULO_TESTE_01,2276.4,62.5,60.2,29.9,19.8,29.5,46.3,8.6,14.13,57.56,OPERACAO_IRREGULAR,SIMULADO
2026-09-16 15:42:12,TEST_IRREGULAR_001,VEICULO_TESTE_01,2285.8,61.8,58.8,22.5,19.0,29.7,46.6,8.01,14.17,57.56,OPERACAO_IRREGULAR,SIMULADO
2026-09-16 15:42:13,TEST_IRREGULAR_001,VEICULO_TESTE_01,2284.1,60.9,59.7,27.4,20.7,29.0,48.6,9.15,14.08,57.56,OPERACAO_IRREGULAR,SIMULADO
2026-09-16 15:42:14,TEST_IRREGULAR_001,VEICULO_TESTE_01,2136.1,59.9,60.4,25.7,18.3,29.3,44.4,8.21,14.16,57.56,OPERACAO_IRREGULAR,SIMULADO
2026-09-16 15:42:15,TEST_IRREGULAR_001,VEICULO_TESTE_01,2135.4,59.0,59.8,31.4,18.5,28.7,45.0,8.04,14.11,57.56,OPERACAO_IRREGULAR,SIMULADO
2026-09-16 15:42:16,TEST_IRREGULAR_001,VEICULO_TESTE_01,2277.9,58.1,60.2,30.5,21.2,29.8,45.1,8.04,14.16,57.56,OPERACAO_IRREGULAR,SIMULADO
2026-09-16 15:42:17,TEST_IRREGULAR_001,VEICULO_TESTE_01,2107.3,57.4,59.8,30.4,22.0,30.2,47.5,8.46,14.12,57.56,OPERACAO_IRREGULAR,SIMULADO
2026-09-16 15:42:18,TEST_IRREGULAR_001,VEICULO_TESTE_01,2190.1,57.1,59.7,23.4,17.7,26.7,44.9,8.72,14.18,57.55,OPERACAO_IRREGULAR,SIMULADO
2026-09-16 15:42:19,TEST_IRREGULAR_001,VEICULO_TESTE_01,2241.6,57.2,60.4,34.3,21.2,28.9,46.7,9.49,14.1,57.55,OPERACAO_IRREGULAR,SIMULADO
2026-09-16 15:42:20,TEST_IRREGULAR_001,VEICULO_TESTE_01,2392.9,57.6,61.6,40.6,26.0,28.4,52.7,9.57,14.14,57.55,OPERACAO_IRREGULAR,SIMULADO
2026-09-16 15:42:21,TEST_IRREGULAR_001,VEICULO_TESTE_01,2504.5,58.2,60.7,43.4,26.1,28.6,52.5,9.92,14.15,57.55,OPERACAO_IRREGULAR,SIMULADO
2026-09-16 15:42:22,TEST_IRREGULAR_001,VEICULO_TESTE_01,2442.0,59.0,61.5,49.0,28.0,27.8,57.9,10.5,14.19,57.55,OPERACAO_IRREGULAR,SIMULADO
2026-09-16 15:42:23,TEST_IRREGULAR_001,VEICULO_TESTE_01,2491.9,59.8,61.4,51.0,29.7,30.2,55.1,10.84,14.14,57.55,OPERACAO_IRREGULAR,SIMULADO
2026-09-16 15:42:24,TEST_IRREGULAR_001,VEICULO_TESTE_01,2533.2,60.6,61.8,46.2,28.8,28.9,53.4,10.82,14.29,57.54,OPERACAO_IRREGULAR,SIMULADO
2026-09-16 15:42:25,TEST_IRREGULAR_001,VEICULO_TESTE_01,2464.1,61.4,62.5,41.2,30.0,29.6,59.7,10.38,14.13,57.54,OPERACAO_IRREGULAR,SIMULADO
2026-09-16 15:42:26,TEST_IRREGULAR_001,VEICULO_TESTE_01,2542.8,62.3,62.0,43.0,29.0,29.2,56.7,10.73,14.22,57.54,OPERACAO_IRREGULAR,SIMULADO
2026-09-16 15:42:27,TEST_IRREGULAR_001,VEICULO_TESTE_01,2409.3,63.0,61.5,41.8,23.7,30.9,52.3,10.5,14.16,57.54,OPERACAO_IRREGULAR,SIMULADO
2026-09-16 15:42:28,TEST_IRREGULAR_001,VEICULO_TESTE_01,2603.9,63.6,61.5,37.9,28.6,28.8,51.1,10.22,14.03,57.54,OPERACAO_IRREGULAR,SIMULADO
2026-09-16 15:42:29,TEST_IRREGULAR_001,VEICULO_TESTE_01,2576.1,64.3,62.0,35.3,25.4,28.2,49.0,9.75,14.08,57.54,OPERACAO_IRREGULAR,SIMULADO
2026-09-16 15:42:30,TEST_IRREGULAR_001,VEICULO_TESTE_01,2710.4,65.1,61.6,42.8,29.4,28.2,55.4,10.11,14.12,57.53,OPERACAO_IRREGULAR,SIMULADO
2026-09-16 15:42:31,TEST_IRREGULAR_001,VEICULO_TESTE_01,2467.5,65.8,62.4,39.0,24.6,28.4,49.3,10.37,14.24,57.53,OPERACAO_IRREGULAR,SIMULADO
2026-09-16 15:42:32,TEST_IRREGULAR_001,VEICULO_TESTE_01,2650.7,66.4,61.1,38.9,27.0,28.5,51.6,10.19,14.37,57.53,OPERACAO_IRREGULAR,SIMULADO
2026-09-16 15:42:33,TEST_IRREGULAR_001,VEICULO_TESTE_01,2415.9,66.8,62.6,34.9,24.8,29.8,52.0,9.22,14.06,57.53,OPERACAO_IRREGULAR,SIMULADO
2026-09-16 15:42:34,TEST_IRREGULAR_001,VEICULO_TESTE_01,2495.9,67.0,62.9,31.3,18.7,28.8,47.1,9.15,14.05,57.53,OPERACAO_IRREGULAR,SIMULADO
2026-09-16 15:42:35,TEST_IRREGULAR_001,VEICULO_TESTE_01,2346.4,67.1,62.5,29.6,19.8,28.9,46.4,9.3,14.12,57.53,OPERACAO_IRREGULAR,SIMULADO
2026-09-16 15:42:36,TEST_IRREGULAR_001,VEICULO_TESTE_01,2509.7,67.1,62.1,32.0,24.2,29.5,53.3,9.42,14.14,57.52,OPERACAO_IRREGULAR,SIMULADO
2026-09-16 15:42:37,TEST_IRREGULAR_001,VEICULO_TESTE_01,2519.5,67.1,62.1,35.0,21.0,28.2,48.5,9.23,14.2,57.52,OPERACAO_IRREGULAR,SIMULADO
2026-09-16 15:42:38,TEST_IRREGULAR_001,VEICULO_TESTE_01,2361.7,67.1,61.3,28.3,21.2,29.7,49.1,8.39,14.24,57.52,OPERACAO_IRREGULAR,SIMULADO
2026-09-16 15:42:39,TEST_IRREGULAR_001,VEICULO_TESTE_01,2424.5,67.1,62.6,24.1,17.8,28.9,43.3,9.36,14.08,57.52,OPERACAO_IRREGULAR,SIMULADO
2026-09-16 15:42:40,TEST_IRREGULAR_001,VEICULO_TESTE_01,2398.8,67.2,64.0,29.3,19.9,29.1,50.2,8.79,14.26,57.52,OPERACAO_IRREGULAR,SIMULADO
2026-09-16 15:42:41,TEST_IRREGULAR_001,VEICULO_TESTE_01,2514.9,67.1,63.3,37.6,21.7,29.2,49.8,9.63,14.15,57.52,OPERACAO_IRREGULAR,SIMULADO
2026-09-16 15:42:42,TEST_IRREGULAR_001,VEICULO_TESTE_01,2605.2,67.2,64.3,30.8,23.3,29.5,51.8,9.55,14.22,57.51,OPERACAO_IRREGULAR,SIMULADO
2026-09-16 15:42:43,TEST_IRREGULAR_001,VEICULO_TESTE_01,2400.2,67.2,62.5,33.2,20.5,29.7,45.7,10.08,14.23,57.51,OPERACAO_IRREGULAR,SIMULADO
2026-09-16 15:42:44,TEST_IRREGULAR_001,VEICULO_TESTE_01,2383.9,67.2,64.0,25.0,18.4,30.3,45.0,8.37,14.07,57.51,OPERACAO_IRREGULAR,SIMULADO
2026-09-16 15:42:45,TEST_IRREGULAR_001,VEICULO_TESTE_01,2446.3,67.1,63.5,26.6,21.1,28.1,43.0,8.67,14.05,57.51,OPERACAO_IRREGULAR,SIMULADO
2026-09-16 15:42:46,TEST_IRREGULAR_001,VEICULO_TESTE_01,2499.4,67.2,63.9,34.9,23.1,31.0,47.7,9.61,14.22,57.51,OPERACAO_IRREGULAR,SIMULADO
2026-09-16 15:42:47,TEST_IRREGULAR_001,VEICULO_TESTE_01,2332.6,67.2,64.4,31.0,19.8,29.4,45.9,9.21,14.15,57.51,OPERACAO_IRREGULAR,SIMULADO
2026-09-16 15:42:48,TEST_IRREGULAR_001,VEICULO_TESTE_01,2309.5,67.2,63.3,28.5,18.0,28.9,45.9,7.84,14.15,57.51,OPERACAO_IRREGULAR,SIMULADO
2026-09-16 15:42:49,TEST_IRREGULAR_001,VEICULO_TESTE_01,2440.6,67.2,64.5,28.2,19.6,31.0,46.1,9.24,14.27,57.5,OPERACAO_IRREGULAR,SIMULADO
2026-09-16 15:42:50,TEST_IRREGULAR_001,VEICULO_TESTE_01,2464.5,67.2,64.6,24.4,21.0,29.0,47.6,8.6,14.36,57.5,OPERACAO_IRREGULAR,SIMULADO
2026-09-16 15:42:51,TEST_IRREGULAR_001,VEICULO_TESTE_01,2438.6,67.1,64.5,34.4,24.8,29.5,54.6,8.76,14.13,57.5,OPERACAO_IRREGULAR,SIMULADO
2026-09-16 15:42:52,TEST_IRREGULAR_001,VEICULO_TESTE_01,2298.9,67.1,64.3,27.3,19.3,27.5,46.8,8.71,14.18,57.5,OPERACAO_IRREGULAR,SIMULADO
2026-09-16 15:42:53,TEST_IRREGULAR_001,VEICULO_TESTE_01,2476.6,67.1,65.4,31.5,23.6,27.7,54.2,9.66,14.23,57.5,OPERACAO_IRREGULAR,SIMULADO
2026-09-16 15:42:54,TEST_IRREGULAR_001,VEICULO_TESTE_01,2525.7,67.2,65.7,29.6,19.2,29.3,48.8,9.32,14.05,57.5,OPERACAO_IRREGULAR,SIMULADO
2026-09-16 15:42:55,TEST_IRREGULAR_001,VEICULO_TESTE_01,2370.9,67.2,65.4,35.8,19.4,30.9,47.2,9.36,14.13,57.49,OPERACAO_IRREGULAR,SIMULADO
2026-09-16 15:42:56,TEST_IRREGULAR_001,VEICULO_TESTE_01,2380.8,67.2,64.5,30.2,17.9,28.7,45.7,8.77,14.22,57.49,OPERACAO_IRREGULAR,SIMULADO
2026-09-16 15:42:57,TEST_IRREGULAR_001,VEICULO_TESTE_01,2535.5,67.2,65.0,29.9,21.6,28.9,52.1,9.49,14.11,57.49,OPERACAO_IRREGULAR,SIMULADO
2026-09-16 15:42:58,TEST_IRREGULAR_001,VEICULO_TESTE_01,2364.2,67.3,66.4,35.4,25.1,31.3,52.2,9.25,14.23,57.49,OPERACAO_IRREGULAR,SIMULADO
2026-09-16 15:42:59,TEST_IRREGULAR_001,VEICULO_TESTE_01,2430.7,67.2,64.4,30.2,19.7,29.7,43.0,8.87,14.3,57.49,OPERACAO_IRREGULAR,SIMULADO
2026-09-16 15:43:00,TEST_IRREGULAR_001,VEICULO_TESTE_01,2322.8,67.1,65.4,30.0,18.3,30.3,42.8,9.38,14.26,57.49,OPERACAO_IRREGULAR,SIMULADO
2026-09-16 15:43:01,TEST_IRREGULAR_001,VEICULO_TESTE_01,2562.9,67.1,64.9,33.0,22.9,28.0,53.0,8.89,14.05,57.49,OPERACAO_IRREGULAR,SIMULADO
2026-09-16 15:43:02,TEST_IRREGULAR_001,VEICULO_TESTE_01,2428.7,66.7,66.2,32.1,20.9,27.6,47.3,8.69,14.11,57.48,OPERACAO_IRREGULAR,SIMULADO
2026-09-16 15:43:03,TEST_IRREGULAR_001,VEICULO_TESTE_01,2496.6,66.2,65.4,28.2,20.4,28.3,47.9,9.28,14.15,57.48,OPERACAO_IRREGULAR,SIMULADO
2026-09-16 15:43:04,TEST_IRREGULAR_001,VEICULO_TESTE_01,2384.7,65.6,65.7,29.4,20.5,30.4,47.2,9.29,14.1,57.48,OPERACAO_IRREGULAR,SIMULADO
2026-09-16 15:43:05,TEST_IRREGULAR_001,VEICULO_TESTE_01,2454.0,64.7,66.6,28.5,19.6,28.2,43.0,8.12,14.08,57.48,OPERACAO_IRREGULAR,SIMULADO
2026-09-16 15:43:06,TEST_IRREGULAR_001,VEICULO_TESTE_01,2422.6,63.9,65.0,30.7,21.1,29.6,46.9,8.22,14.14,57.48,OPERACAO_IRREGULAR,SIMULADO
2026-09-16 15:43:07,TEST_IRREGULAR_001,VEICULO_TESTE_01,2350.4,63.5,66.5,24.2,17.4,28.5,47.4,9.35,14.23,57.48,OPERACAO_IRREGULAR,SIMULADO
2026-09-16 15:43:08,TEST_IRREGULAR_001,VEICULO_TESTE_01,2439.3,63.1,66.0,28.8,18.2,29.9,45.8,9.32,14.09,57.47,OPERACAO_IRREGULAR,SIMULADO
2026-09-16 15:43:09,TEST_IRREGULAR_001,VEICULO_TESTE_01,2378.8,62.9,66.8,33.7,20.5,31.3,45.1,8.84,14.18,57.47,OPERACAO_IRREGULAR,SIMULADO
2026-09-16 15:43:10,TEST_IRREGULAR_001,VEICULO_TESTE_01,2298.3,62.9,66.2,36.7,18.5,29.3,47.1,9.19,14.13,57.47,OPERACAO_IRREGULAR,SIMULADO
2026-09-16 15:43:11,TEST_IRREGULAR_001,VEICULO_TESTE_01,2369.4,63.0,65.5,33.8,23.2,27.4,48.2,9.27,14.15,57.47,OPERACAO_IRREGULAR,SIMULADO
2026-09-16 15:43:12,TEST_IRREGULAR_001,VEICULO_TESTE_01,2342.6,63.0,65.1,27.0,19.8,30.5,46.4,8.97,14.06,57.47,OPERACAO_IRREGULAR,SIMULADO
2026-09-16 15:43:13,TEST_IRREGULAR_001,VEICULO_TESTE_01,2309.2,63.0,65.9,27.0,21.1,29.1,43.7,9.58,14.23,57.47,OPERACAO_IRREGULAR,SIMULADO
2026-09-16 15:43:14,TEST_IRREGULAR_001,VEICULO_TESTE_01,2310.8,63.1,66.3,27.0,19.1,30.0,48.9,8.88,14.03,57.47,OPERACAO_IRREGULAR,SIMULADO
2026-09-16 15:43:15,TEST_IRREGULAR_001,VEICULO_TESTE_01,2376.4,63.1,67.3,27.7,19.8,28.6,47.0,8.92,14.1,57.46,OPERACAO_IRREGULAR,SIMULADO
2026-09-16 15:43:16,TEST_IRREGULAR_001,VEICULO_TESTE_01,2203.2,63.1,66.6,29.0,16.8,28.6,45.3,8.83,14.14,57.46,OPERACAO_IRREGULAR,SIMULADO
2026-09-16 15:43:17,TEST_IRREGULAR_001,VEICULO_TESTE_01,2365.9,63.0,66.6,28.3,17.4,28.4,44.6,9.02,14.2,57.46,OPERACAO_IRREGULAR,SIMULADO
2026-09-16 15:43:18,TEST_IRREGULAR_001,VEICULO_TESTE_01,2438.6,63.0,68.1,32.0,21.9,28.4,47.6,9.36,14.09,57.46,OPERACAO_IRREGULAR,SIMULADO
2026-09-16 15:43:19,TEST_IRREGULAR_001,VEICULO_TESTE_01,2396.5,62.9,67.7,31.0,18.5,30.1,42.9,8.32,14.09,57.46,OPERACAO_IRREGULAR,SIMULADO
2026-09-16 15:43:20,TEST_IRREGULAR_001,VEICULO_TESTE_01,2263.4,62.9,67.6,21.6,16.1,28.9,42.8,8.63,14.18,57.46,OPERACAO_IRREGULAR,SIMULADO
2026-09-16 15:43:21,TEST_IRREGULAR_001,VEICULO_TESTE_01,2321.2,62.9,66.4,31.5,17.9,28.2,44.6,8.96,14.16,57.45,OPERACAO_IRREGULAR,SIMULADO
2026-09-16 15:43:22,TEST_IRREGULAR_001,VEICULO_TESTE_01,2301.7,63.0,68.3,26.4,19.3,31.6,44.4,8.73,14.09,57.45,OPERACAO_IRREGULAR,SIMULADO
2026-09-16 15:43:23,TEST_IRREGULAR_001,VEICULO_TESTE_01,2361.1,62.8,67.0,28.3,20.1,28.6,45.8,8.74,14.2,57.45,OPERACAO_IRREGULAR,SIMULADO
2026-09-16 15:43:24,TEST_IRREGULAR_001,VEICULO_TESTE_01,2254.1,62.3,68.6,22.9,19.9,30.4,45.7,8.44,14.07,57.45,OPERACAO_IRREGULAR,SIMULADO
2026-09-16 15:43:25,TEST_IRREGULAR_001,VEICULO_TESTE_01,2218.1,61.5,67.1,32.1,19.5,30.8,45.6,8.84,14.23,57.45,OPERACAO_IRREGULAR,SIMULADO
2026-09-16 15:43:26,TEST_IRREGULAR_001,VEICULO_TESTE_01,2225.9,60.4,67.4,21.0,14.9,29.0,43.1,7.93,14.13,57.45,OPERACAO_IRREGULAR,SIMULADO
2026-09-16 15:43:27,TEST_IRREGULAR_001,VEICULO_TESTE_01,2205.7,59.1,67.9,34.3,21.5,29.7,49.6,9.13,14.06,57.45,OPERACAO_IRREGULAR,SIMULADO
2026-09-16 15:43:28,TEST_IRREGULAR_001,VEICULO_TESTE_01,2321.6,57.8,68.3,29.2,19.3,27.2,47.6,9.14,14.02,57.44,OPERACAO_IRREGULAR,SIMULADO
2026-09-16 15:43:29,TEST_IRREGULAR_001,VEICULO_TESTE_01,2101.9,56.5,68.0,30.6,20.1,30.0,47.7,8.47,14.04,57.44,OPERACAO_IRREGULAR,SIMULADO
2026-09-16 15:43:30,TEST_IRREGULAR_001,VEICULO_TESTE_01,2135.9,55.5,68.3,25.6,18.5,28.6,44.3,8.44,14.18,57.44,OPERACAO_IRREGULAR,SIMULADO
2026-09-16 15:43:31,TEST_IRREGULAR_001,VEICULO_TESTE_01,2247.0,54.6,68.4,22.6,18.9,30.1,44.5,8.08,14.17,57.44,OPERACAO_IRREGULAR,SIMULADO
2026-09-16 15:43:32,TEST_IRREGULAR_001,VEICULO_TESTE_01,2151.6,53.7,68.7,26.1,19.2,29.3,46.4,8.23,14.1,57.44,OPERACAO_IRREGULAR,SIMULADO
2026-09-16 15:43:33,TEST_IRREGULAR_001,VEICULO_TESTE_01,2116.4,52.7,68.2,26.9,15.5,29.4,40.1,7.6,14.13,57.44,OPERACAO_IRREGULAR,SIMULADO
2026-09-16 15:43:34,TEST_IRREGULAR_001,VEICULO_TESTE_01,2047.4,51.6,69.6,33.9,18.7,27.7,47.3,8.64,14.08,57.44,OPERACAO_IRREGULAR,SIMULADO
2026-09-16 15:43:35,TEST_IRREGULAR_001,VEICULO_TESTE_01,1966.3,50.5,68.4,25.1,14.2,30.0,46.2,7.98,14.11,57.43,OPERACAO_IRREGULAR,SIMULADO
2026-09-16 15:43:36,TEST_IRREGULAR_001,VEICULO_TESTE_01,2024.3,49.4,70.2,29.5,19.0,29.4,45.1,8.49,14.22,57.43,OPERACAO_IRREGULAR,SIMULADO
2026-09-16 15:43:37,TEST_IRREGULAR_001,VEICULO_TESTE_01,1994.1,48.1,69.3,30.9,18.5,29.8,47.8,8.59,14.06,57.43,OPERACAO_IRREGULAR,SIMULADO
2026-09-16 15:43:38,TEST_IRREGULAR_001,VEICULO_TESTE_01,1958.1,46.9,68.6,27.7,19.9,28.1,43.9,7.62,14.1,57.43,OPERACAO_IRREGULAR,SIMULADO
2026-09-16 15:43:39,TEST_IRREGULAR_001,VEICULO_TESTE_01,1887.8,45.7,68.9,33.0,18.4,30.6,41.8,8.44,14.18,57.43,OPERACAO_IRREGULAR,SIMULADO
2026-09-16 15:43:40,TEST_IRREGULAR_001,VEICULO_TESTE_01,2054.5,44.4,68.3,32.1,19.1,29.1,46.4,8.67,14.24,57.43,OPERACAO_IRREGULAR,SIMULADO
2026-09-16 15:43:41,TEST_IRREGULAR_001,VEICULO_TESTE_01,1850.0,43.0,69.9,29.2,19.2,27.5,46.4,7.79,14.16,57.43,OPERACAO_IRREGULAR,SIMULADO
2026-09-16 15:43:42,TEST_IRREGULAR_001,VEICULO_TESTE_01,1694.2,41.9,68.8,20.5,13.3,29.1,40.2,6.38,13.94,57.42,OPERACAO_IRREGULAR,SIMULADO
2026-09-16 15:43:43,TEST_IRREGULAR_001,VEICULO_TESTE_01,1799.4,40.8,70.0,27.8,15.4,30.1,46.1,6.67,14.06,57.42,OPERACAO_IRREGULAR,SIMULADO
2026-09-16 15:43:44,TEST_IRREGULAR_001,VEICULO_TESTE_01,1688.2,39.7,68.9,26.5,16.4,32.7,48.1,7.13,14.26,57.42,OPERACAO_IRREGULAR,SIMULADO
2026-09-16 15:43:45,TEST_IRREGULAR_001,VEICULO_TESTE_01,1754.3,38.7,68.6,25.9,14.4,30.1,40.4,7.49,14.19,57.42,OPERACAO_IRREGULAR,SIMULADO
2026-09-16 15:43:46,TEST_IRREGULAR_001,VEICULO_TESTE_01,1648.6,37.8,70.2,26.4,16.3,30.7,41.3,7.23,14.11,57.42,OPERACAO_IRREGULAR,SIMULADO
2026-09-16 15:43:47,TEST_IRREGULAR_001,VEICULO_TESTE_01,1775.9,36.8,69.9,26.9,17.0,29.8,44.3,7.66,14.16,57.42,OPERACAO_IRREGULAR,SIMULADO
2026-09-16 15:43:48,TEST_IRREGULAR_001,VEICULO_TESTE_01,1814.4,35.6,69.4,28.4,19.0,29.1,46.0,7.53,14.17,57.42,OPERACAO_IRREGULAR,SIMULADO
2026-09-16 15:43:49,TEST_IRREGULAR_001,VEICULO_TESTE_01,1736.8,34.6,68.7,20.2,11.4,27.5,42.2,6.89,14.11,57.41,OPERACAO_IRREGULAR,SIMULADO
2026-09-16 15:43:50,TEST_IRREGULAR_001,VEICULO_TESTE_01,1712.2,33.6,69.8,30.4,16.3,29.6,42.5,7.96,14.1,57.41,OPERACAO_IRREGULAR,SIMULADO
2026-09-16 15:43:51,TEST_IRREGULAR_001,VEICULO_TESTE_01,1678.6,32.7,70.4,25.8,13.8,30.5,42.9,6.69,14.2,57.41,OPERACAO_IRREGULAR,SIMULADO
2026-09-16 15:43:52,TEST_IRREGULAR_001,VEICULO_TESTE_01,1630.4,31.6,70.9,24.5,14.6,28.9,41.4,6.28,14.24,57.41,OPERACAO_IRREGULAR,SIMULADO
2026-09-16 15:43:53,TEST_IRREGULAR_001,VEICULO_TESTE_01,1555.1,30.5,69.8,26.7,16.0,30.0,42.5,7.72,14.1,57.41,OPERACAO_IRREGULAR,SIMULADO
2026-09-16 15:43:54,TEST_IRREGULAR_001,VEICULO_TESTE_01,1534.5,29.3,69.8,22.0,13.0,28.9,40.3,5.86,14.21,57.41,OPERACAO_IRREGULAR,SIMULADO
2026-09-16 15:43:55,TEST_IRREGULAR_001,VEICULO_TESTE_01,1386.5,28.0,71.6,30.2,15.2,28.1,41.2,6.02,14.3,57.41,OPERACAO_IRREGULAR,SIMULADO
2026-09-16 15:43:56,TEST_IRREGULAR_001,VEICULO_TESTE_01,1466.8,26.6,69.7,18.0,12.9,29.1,43.7,6.41,14.14,57.41,OPERACAO_IRREGULAR,SIMULADO
2026-09-16 15:43:57,TEST_IRREGULAR_001,VEICULO_TESTE_01,1339.9,25.1,70.4,22.0,10.7,29.4,39.4,5.61,14.11,57.4,OPERACAO_IRREGULAR,SIMULADO
2026-09-16 15:43:58,TEST_IRREGULAR_001,VEICULO_TESTE_01,1317.5,23.7,69.9,26.2,13.4,31.4,43.6,6.06,14.12,57.4,OPERACAO_IRREGULAR,SIMULADO
2026-09-16 15:43:59,TEST_IRREGULAR_001,VEICULO_TESTE_01,1383.8,22.4,70.0,27.5,12.0,29.3,40.9,6.98,14.15,57.4,OPERACAO_IRREGULAR,SIMULADO
2026-09-16 15:44:00,TEST_IRREGULAR_001,VEICULO_TESTE_01,1325.5,21.3,72.0,22.4,12.0,28.6,39.0,6.09,14.11,57.4,OPERACAO_IRREGULAR,SIMULADO
2026-09-16 15:44:01,TEST_IRREGULAR_001,VEICULO_TESTE_01,1258.6,20.5,71.5,21.8,14.0,27.8,39.0,5.86,14.12,57.4,OPERACAO_IRREGULAR,SIMULADO
2026-09-16 15:44:02,TEST_IRREGULAR_001,VEICULO_TESTE_01,1388.9,20.1,70.8,26.8,13.3,31.0,43.1,7.0,14.16,57.4,OPERACAO_IRREGULAR,SIMULADO
2026-09-16 15:44:03,TEST_IRREGULAR_001,VEICULO_TESTE_01,1290.4,19.8,70.4,29.9,11.6,30.6,40.5,6.31,14.23,57.4,OPERACAO_IRREGULAR,SIMULADO
2026-09-16 15:44:04,TEST_IRREGULAR_001,VEICULO_TESTE_01,1415.5,19.6,70.3,23.8,13.9,29.2,41.8,6.52,14.21,57.4,OPERACAO_IRREGULAR,SIMULADO
2026-09-16 15:44:05,TEST_IRREGULAR_001,VEICULO_TESTE_01,1221.5,19.6,71.1,21.6,14.1,30.6,41.0,5.77,14.14,57.39,OPERACAO_IRREGULAR,SIMULADO
2026-09-16 15:44:06,TEST_IRREGULAR_001,VEICULO_TESTE_01,1270.8,19.6,70.6,23.9,11.0,28.6,42.1,6.2,14.27,57.39,OPERACAO_IRREGULAR,SIMULADO
2026-09-16 15:44:07,TEST_IRREGULAR_001,VEICULO_TESTE_01,1292.5,19.6,70.6,18.1,8.9,31.1,38.5,5.95,14.03,57.39,OPERACAO_IRREGULAR,SIMULADO
2026-09-16 15:44:08,TEST_IRREGULAR_001,VEICULO_TESTE_01,1322.6,19.6,71.3,26.7,13.1,29.4,42.5,7.0,14.15,57.39,OPERACAO_IRREGULAR,SIMULADO
2026-09-16 15:44:09,TEST_IRREGULAR_001,VEICULO_TESTE_01,1354.1,19.7,71.3,28.7,13.8,28.9,39.7,6.56,14.11,57.39,OPERACAO_IRREGULAR,SIMULADO
2026-09-16 15:44:10,TEST_IRREGULAR_001,VEICULO_TESTE_01,1410.6,20.1,72.0,35.5,20.4,31.5,53.4,6.83,14.17,57.39,OPERACAO_IRREGULAR,SIMULADO
2026-09-16 15:44:11,TEST_IRREGULAR_001,VEICULO_TESTE_01,1533.7,20.6,71.1,35.9,20.4,30.4,48.6,8.03,14.14,57.39,OPERACAO_IRREGULAR,SIMULADO
2026-09-16 15:44:12,TEST_IRREGULAR_001,VEICULO_TESTE_01,1619.7,21.5,72.2,41.1,25.8,29.3,50.6,8.07,14.2,57.39,OPERACAO_IRREGULAR,SIMULADO
2026-09-16 15:44:13,TEST_IRREGULAR_001,VEICULO_TESTE_01,1703.2,22.4,72.3,41.8,23.6,29.4,44.4,7.66,14.17,57.38,OPERACAO_IRREGULAR,SIMULADO
2026-09-16 15:44:14,TEST_IRREGULAR_001,VEICULO_TESTE_01,1636.8,23.2,72.6,38.5,22.6,28.7,47.6,7.77,14.07,57.38,OPERACAO_IRREGULAR,SIMULADO
2026-09-16 15:44:15,TEST_IRREGULAR_001,VEICULO_TESTE_01,1693.8,24.0,72.2,40.0,18.9,26.8,51.0,8.09,14.05,57.38,OPERACAO_IRREGULAR,SIMULADO
2026-09-16 15:44:16,TEST_IRREGULAR_001,VEICULO_TESTE_01,1604.3,24.8,71.6,41.3,22.4,28.0,46.8,7.48,14.14,57.38,OPERACAO_IRREGULAR,SIMULADO
2026-09-16 15:44:17,TEST_IRREGULAR_001,VEICULO_TESTE_01,1628.2,25.5,72.0,37.3,21.7,29.1,49.6,7.62,14.09,57.38,OPERACAO_IRREGULAR,SIMULADO
2026-09-16 15:44:18,TEST_IRREGULAR_001,VEICULO_TESTE_01,1526.2,26.2,72.9,39.9,24.1,30.7,47.2,7.92,14.19,57.38,OPERACAO_IRREGULAR,SIMULADO
2026-09-16 15:44:19,TEST_IRREGULAR_001,VEICULO_TESTE_01,1541.4,27.2,71.9,36.6,25.5,30.9,53.2,7.34,14.18,57.38,OPERACAO_IRREGULAR,SIMULADO
2026-09-16 15:44:20,TEST_IRREGULAR_001,VEICULO_TESTE_01,1750.2,28.2,72.9,38.5,21.7,30.6,48.4,7.54,14.19,57.37,OPERACAO_IRREGULAR,SIMULADO
2026-09-16 15:44:21,TEST_IRREGULAR_001,VEICULO_TESTE_01,1684.1,29.0,72.8,42.2,23.3,30.6,51.2,8.68,14.24,57.37,OPERACAO_IRREGULAR,SIMULADO
2026-09-16 15:44:22,TEST_IRREGULAR_001,VEICULO_TESTE_01,1712.2,29.8,72.0,45.0,28.6,29.0,55.4,8.44,14.18,57.37,OPERACAO_IRREGULAR,SIMULADO
2026-09-16 15:44:23,TEST_IRREGULAR_001,VEICULO_TESTE_01,1856.4,30.8,74.0,45.7,27.0,28.9,51.5,9.03,13.94,57.37,OPERACAO_IRREGULAR,SIMULADO
2026-09-16 15:44:24,TEST_IRREGULAR_001,VEICULO_TESTE_01,1906.2,31.7,72.9,47.4,27.9,31.5,57.3,8.34,14.07,57.37,OPERACAO_IRREGULAR,SIMULADO
2026-09-16 15:44:25,TEST_IRREGULAR_001,VEICULO_TESTE_01,1867.0,32.7,73.5,43.0,27.6,30.5,55.4,8.1,14.21,57.37,OPERACAO_IRREGULAR,SIMULADO
2026-09-16 15:44:26,TEST_IRREGULAR_001,VEICULO_TESTE_01,1862.2,33.8,73.5,42.3,27.7,31.5,50.6,9.35,14.21,57.37,OPERACAO_IRREGULAR,SIMULADO
2026-09-16 15:44:27,TEST_IRREGULAR_001,VEICULO_TESTE_01,2035.9,34.8,73.5,44.4,25.0,30.3,55.2,9.43,14.2,57.36,OPERACAO_IRREGULAR,SIMULADO
2026-09-16 15:44:28,TEST_IRREGULAR_001,VEICULO_TESTE_01,1881.6,35.8,73.5,45.2,25.5,30.6,53.0,8.83,14.12,57.36,OPERACAO_IRREGULAR,SIMULADO
2026-09-16 15:44:29,TEST_IRREGULAR_001,VEICULO_TESTE_01,1950.1,36.7,73.6,42.6,23.9,30.0,50.6,8.56,14.05,57.36,OPERACAO_IRREGULAR,SIMULADO
2026-09-16 15:44:30,TEST_IRREGULAR_001,VEICULO_TESTE_01,1906.2,37.7,74.1,39.2,25.7,27.7,52.5,8.27,14.18,57.36,OPERACAO_IRREGULAR,SIMULADO
2026-09-16 15:44:31,TEST_IRREGULAR_001,VEICULO_TESTE_01,1932.7,38.6,74.2,40.8,24.0,29.6,52.4,8.04,14.04,57.36,OPERACAO_IRREGULAR,SIMULADO
2026-09-16 15:44:32,TEST_IRREGULAR_001,VEICULO_TESTE_01,1864.4,39.3,73.3,35.0,18.7,29.5,44.5,8.33,14.13,57.36,OPERACAO_IRREGULAR,SIMULADO
2026-09-16 15:44:33,TEST_IRREGULAR_001,VEICULO_TESTE_01,1921.6,39.8,73.2,40.1,22.2,29.3,50.3,8.65,14.17,57.35,OPERACAO_IRREGULAR,SIMULADO
2026-09-16 15:44:34,TEST_IRREGULAR_001,VEICULO_TESTE_01,1934.3,40.2,72.5,29.7,18.3,30.0,44.6,7.28,14.11,57.35,OPERACAO_IRREGULAR,SIMULADO
2026-09-16 15:44:35,TEST_IRREGULAR_001,VEICULO_TESTE_01,1796.9,40.3,73.6,29.8,16.7,31.0,43.8,7.31,14.09,57.35,OPERACAO_IRREGULAR,SIMULADO
2026-09-16 15:44:36,TEST_IRREGULAR_001,VEICULO_TESTE_01,1738.0,40.3,73.3,25.7,14.8,30.4,42.3,7.74,14.2,57.35,OPERACAO_IRREGULAR,SIMULADO
2026-09-16 15:44:37,TEST_IRREGULAR_001,VEICULO_TESTE_01,1850.5,40.3,73.8,28.7,18.2,28.6,44.8,8.48,14.23,57.35,OPERACAO_IRREGULAR,SIMULADO
2026-09-16 15:44:38,TEST_IRREGULAR_001,VEICULO_TESTE_01,1954.1,40.3,73.4,31.4,21.6,29.4,45.1,7.29,14.21,57.35,OPERACAO_IRREGULAR,SIMULADO
2026-09-16 15:44:39,TEST_IRREGULAR_001,VEICULO_TESTE_01,1902.0,40.4,73.9,26.9,16.9,28.8,44.5,7.39,14.24,57.35,OPERACAO_IRREGULAR,SIMULADO
2026-09-16 15:44:40,TEST_IRREGULAR_001,VEICULO_TESTE_01,1797.3,40.6,73.4,32.9,21.5,29.7,45.4,7.54,14.19,57.34,OPERACAO_IRREGULAR,SIMULADO
2026-09-16 15:44:41,TEST_IRREGULAR_001,VEICULO_TESTE_01,1878.9,40.9,73.4,32.8,23.3,30.8,49.0,8.37,14.09,57.34,OPERACAO_IRREGULAR,SIMULADO
2026-09-16 15:44:42,TEST_IRREGULAR_001,VEICULO_TESTE_01,1888.7,41.2,74.7,32.6,24.0,28.5,47.6,7.56,14.21,57.34,OPERACAO_IRREGULAR,SIMULADO
2026-09-16 15:44:43,TEST_IRREGULAR_001,VEICULO_TESTE_01,2042.5,41.7,74.9,41.9,24.3,26.9,53.3,8.36,14.09,57.34,OPERACAO_IRREGULAR,SIMULADO
2026-09-16 15:44:44,TEST_IRREGULAR_001,VEICULO_TESTE_01,2063.5,42.4,75.2,44.1,27.3,30.0,54.0,9.46,14.15,57.34,OPERACAO_IRREGULAR,SIMULADO
2026-09-16 15:44:45,TEST_IRREGULAR_001,VEICULO_TESTE_01,2189.1,43.2,74.4,41.9,28.4,30.9,57.4,9.6,14.13,57.34,OPERACAO_IRREGULAR,SIMULADO
2026-09-16 15:44:46,TEST_IRREGULAR_001,VEICULO_TESTE_01,2143.7,44.0,74.8,42.7,28.7,29.5,56.3,9.4,14.23,57.34,OPERACAO_IRREGULAR,SIMULADO
2026-09-16 15:44:47,TEST_IRREGULAR_001,VEICULO_TESTE_01,2033.8,44.8,75.3,46.7,27.6,32.1,54.9,9.11,14.17,57.33,OPERACAO_IRREGULAR,SIMULADO
2026-09-16 15:44:48,TEST_IRREGULAR_001,VEICULO_TESTE_01,2015.7,45.7,73.6,40.8,26.5,28.3,52.6,8.62,14.21,57.33,OPERACAO_IRREGULAR,SIMULADO
2026-09-16 15:44:49,TEST_IRREGULAR_001,VEICULO_TESTE_01,2186.1,46.5,74.6,43.8,30.0,29.0,54.6,9.69,14.22,57.33,OPERACAO_IRREGULAR,SIMULADO
2026-09-16 15:44:50,TEST_IRREGULAR_001,VEICULO_TESTE_01,2183.6,47.5,75.3,41.4,26.0,29.3,53.6,8.76,14.15,57.33,OPERACAO_IRREGULAR,SIMULADO
2026-09-16 15:44:51,TEST_IRREGULAR_001,VEICULO_TESTE_01,2274.7,48.3,74.8,37.5,24.6,29.8,53.8,9.26,14.26,57.33,OPERACAO_IRREGULAR,SIMULADO
2026-09-16 15:44:52,TEST_IRREGULAR_001,VEICULO_TESTE_01,2180.6,48.9,74.8,42.9,22.3,29.3,49.3,9.16,14.1,57.33,OPERACAO_IRREGULAR,SIMULADO
2026-09-16 15:44:53,TEST_IRREGULAR_001,VEICULO_TESTE_01,2142.7,49.3,74.7,36.3,19.6,28.6,47.0,9.31,14.29,57.32,OPERACAO_IRREGULAR,SIMULADO
2026-09-16 15:44:54,TEST_IRREGULAR_001,VEICULO_TESTE_01,2025.9,49.5,74.7,29.2,17.6,29.1,43.3,8.34,14.1,57.32,OPERACAO_IRREGULAR,SIMULADO
2026-09-16 15:44:55,TEST_IRREGULAR_001,VEICULO_TESTE_01,1977.5,49.4,74.7,23.4,16.1,32.1,44.6,8.06,14.17,57.32,OPERACAO_IRREGULAR,SIMULADO
2026-09-16 15:44:56,TEST_IRREGULAR_001,VEICULO_TESTE_01,1951.1,49.4,75.8,26.8,19.7,29.6,49.1,7.34,14.21,57.32,OPERACAO_IRREGULAR,SIMULADO
2026-09-16 15:44:57,TEST_IRREGULAR_001,VEICULO_TESTE_01,2017.0,49.4,75.3,24.9,17.8,29.6,44.7,8.33,14.28,57.32,OPERACAO_IRREGULAR,SIMULADO
2026-09-16 15:44:58,TEST_IRREGULAR_001,VEICULO_TESTE_01,2047.1,49.5,76.5,23.6,16.3,31.9,44.2,8.32,14.21,57.32,OPERACAO_IRREGULAR,SIMULADO
2026-09-16 15:44:59,TEST_IRREGULAR_001,VEICULO_TESTE_01,1957.1,49.4,75.8,34.3,19.6,29.8,50.0,8.27,14.09,57.32,OPERACAO_IRREGULAR,SIMULADO
2026-09-16 15:45:00,TEST_IRREGULAR_001,VEICULO_TESTE_01,2041.1,49.4,75.2,29.9,20.7,29.2,46.4,8.12,14.16,57.31,OPERACAO_IRREGULAR,SIMULADO
2026-09-16 15:45:01,TEST_IRREGULAR_001,VEICULO_TESTE_01,1976.7,49.4,76.8,33.2,19.5,29.9,42.2,8.57,14.28,57.31,OPERACAO_IRREGULAR,SIMULADO
2026-09-16 15:45:02,TEST_IRREGULAR_001,VEICULO_TESTE_01,1944.8,49.3,74.1,29.3,17.2,29.1,44.3,8.3,14.14,57.31,OPERACAO_IRREGULAR,SIMULADO
2026-09-16 15:45:03,TEST_IRREGULAR_001,VEICULO_TESTE_01,1933.2,49.3,75.3,30.1,18.1,31.1,48.8,8.41,14.07,57.31,OPERACAO_IRREGULAR,SIMULADO
2026-09-16 15:45:04,TEST_IRREGULAR_001,VEICULO_TESTE_01,1933.3,49.3,75.8,22.2,18.5,29.6,43.7,7.81,14.21,57.31,OPERACAO_IRREGULAR,SIMULADO
2026-09-16 15:45:05,TEST_IRREGULAR_001,VEICULO_TESTE_01,2170.1,49.3,76.2,27.4,22.7,28.4,51.8,8.33,14.06,57.31,OPERACAO_IRREGULAR,SIMULADO
2026-09-16 15:45:06,TEST_IRREGULAR_001,VEICULO_TESTE_01,2098.3,49.2,76.2,32.2,21.9,29.5,48.6,8.59,14.09,57.31,OPERACAO_IRREGULAR,SIMULADO
2026-09-16 15:45:07,TEST_IRREGULAR_001,VEICULO_TESTE_01,2014.8,49.3,76.1,29.3,17.3,29.7,44.2,7.72,14.06,57.3,OPERACAO_IRREGULAR,SIMULADO
2026-09-16 15:45:08,TEST_IRREGULAR_001,VEICULO_TESTE_01,2086.5,49.3,76.0,28.3,16.1,31.2,41.5,8.2,14.16,57.3,OPERACAO_IRREGULAR,SIMULADO
2026-09-16 15:45:09,TEST_IRREGULAR_001,VEICULO_TESTE_01,2013.2,49.3,77.5,28.6,17.5,29.2,43.4,7.99,14.13,57.3,OPERACAO_IRREGULAR,SIMULADO
2026-09-16 15:45:10,TEST_IRREGULAR_001,VEICULO_TESTE_01,2098.1,49.4,75.6,31.1,18.7,29.6,47.3,8.76,14.22,57.3,OPERACAO_IRREGULAR,SIMULADO
2026-09-16 15:45:11,TEST_IRREGULAR_001,VEICULO_TESTE_01,2096.2,49.4,74.9,29.1,17.5,31.8,45.0,8.76,14.19,57.3,OPERACAO_IRREGULAR,SIMULADO
2026-09-16 15:45:12,TEST_IRREGULAR_001,VEICULO_TESTE_01,1988.7,49.4,75.9,32.3,20.0,30.5,47.4,8.13,14.24,57.3,OPERACAO_IRREGULAR,SIMULADO
2026-09-16 15:45:13,TEST_IRREGULAR_001,VEICULO_TESTE_01,1916.1,49.4,76.0,31.9,19.0,27.8,44.8,7.59,14.03,57.3,OPERACAO_IRREGULAR,SIMULADO
2026-09-16 15:45:14,TEST_IRREGULAR_001,VEICULO_TESTE_01,2030.8,49.4,76.0,29.0,16.6,30.2,44.6,7.98,14.04,57.29,OPERACAO_IRREGULAR,SIMULADO
2026-09-16 15:45:15,TEST_IRREGULAR_001,VEICULO_TESTE_01,2055.2,49.3,75.9,31.7,18.2,30.3,44.9,8.31,14.17,57.29,OPERACAO_IRREGULAR,SIMULADO
2026-09-16 15:45:16,TEST_IRREGULAR_001,VEICULO_TESTE_01,1977.7,49.3,76.2,22.5,20.2,28.0,44.5,7.98,14.01,57.29,OPERACAO_IRREGULAR,SIMULADO
2026-09-16 15:45:17,TEST_IRREGULAR_001,VEICULO_TESTE_01,1988.7,49.4,77.1,29.6,17.8,30.4,46.7,8.33,14.14,57.29,OPERACAO_IRREGULAR,SIMULADO
2026-09-16 15:45:18,TEST_IRREGULAR_001,VEICULO_TESTE_01,1967.8,49.3,76.9,26.4,16.3,28.4,41.9,7.42,14.13,57.29,OPERACAO_IRREGULAR,SIMULADO
2026-09-16 15:45:19,TEST_IRREGULAR_001,VEICULO_TESTE_01,1950.3,49.3,77.1,26.7,17.8,30.3,46.6,7.79,14.11,57.29,OPERACAO_IRREGULAR,SIMULADO
2026-09-16 15:45:20,TEST_IRREGULAR_001,VEICULO_TESTE_01,2078.8,49.3,76.4,31.2,19.0,29.8,47.1,8.23,14.23,57.29,OPERACAO_IRREGULAR,SIMULADO
2026-09-16 15:45:21,TEST_IRREGULAR_001,VEICULO_TESTE_01,1988.0,49.3,75.9,26.6,17.4,30.5,44.2,8.33,14.03,57.28,OPERACAO_IRREGULAR,SIMULADO
2026-09-16 15:45:22,TEST_IRREGULAR_001,VEICULO_TESTE_01,2066.8,49.3,76.8,31.4,17.8,28.5,44.4,7.53,14.14,57.28,OPERACAO_IRREGULAR,SIMULADO
2026-09-16 15:45:23,TEST_IRREGULAR_001,VEICULO_TESTE_01,2016.9,49.3,76.1,25.8,18.1,28.9,45.7,7.51,14.28,57.28,OPERACAO_IRREGULAR,SIMULADO
2026-09-16 15:45:24,TEST_IRREGULAR_001,VEICULO_TESTE_01,1974.0,49.3,76.4,34.5,20.2,29.8,44.9,8.41,14.05,57.28,OPERACAO_IRREGULAR,SIMULADO
2026-09-16 15:45:25,TEST_IRREGULAR_001,VEICULO_TESTE_01,1985.2,49.3,76.7,30.2,20.6,31.0,47.0,7.2,14.02,57.28,OPERACAO_IRREGULAR,SIMULADO
2026-09-16 15:45:26,TEST_IRREGULAR_001,VEICULO_TESTE_01,2092.2,49.3,77.8,32.2,20.1,30.4,45.7,8.97,14.18,57.28,OPERACAO_IRREGULAR,SIMULADO
2026-09-16 15:45:27,TEST_IRREGULAR_001,VEICULO_TESTE_01,1903.2,49.3,76.6,29.7,17.7,29.3,42.3,8.26,14.19,57.28,OPERACAO_IRREGULAR,SIMULADO
2026-09-16 15:45:28,TEST_IRREGULAR_001,VEICULO_TESTE_01,2117.9,49.4,77.0,32.7,21.1,30.5,45.9,8.98,14.13,57.27,OPERACAO_IRREGULAR,SIMULADO
2026-09-16 15:45:29,TEST_IRREGULAR_001,VEICULO_TESTE_01,2151.1,49.7,76.5,28.9,19.1,30.2,46.4,8.95,14.06,57.27,OPERACAO_IRREGULAR,SIMULADO
2026-09-16 15:45:30,TEST_IRREGULAR_001,VEICULO_TESTE_01,1990.6,49.9,76.5,30.0,15.8,27.2,41.7,7.68,14.12,57.27,OPERACAO_IRREGULAR,SIMULADO
2026-09-16 15:45:31,TEST_IRREGULAR_001,VEICULO_TESTE_01,2095.3,50.1,77.1,32.9,25.2,28.1,47.7,7.57,14.02,57.27,OPERACAO_IRREGULAR,SIMULADO
2026-09-16 15:45:32,TEST_IRREGULAR_001,VEICULO_TESTE_01,2088.2,50.4,76.7,28.4,22.3,31.0,49.2,8.25,14.26,57.27,OPERACAO_IRREGULAR,SIMULADO
2026-09-16 15:45:33,TEST_IRREGULAR_001,VEICULO_TESTE_01,1992.7,50.5,76.6,23.7,17.6,28.3,42.1,7.15,14.17,57.27,OPERACAO_IRREGULAR,SIMULADO
2026-09-16 15:45:34,TEST_IRREGULAR_001,VEICULO_TESTE_01,2075.5,50.5,77.2,26.5,20.5,27.9,45.3,8.31,14.18,57.27,OPERACAO_IRREGULAR,SIMULADO
2026-09-16 15:45:35,TEST_IRREGULAR_001,VEICULO_TESTE_01,2136.1,50.5,76.6,23.4,18.4,30.8,43.9,8.0,14.05,57.26,OPERACAO_IRREGULAR,SIMULADO
2026-09-16 15:45:36,TEST_IRREGULAR_001,VEICULO_TESTE_01,1967.9,50.6,78.3,29.5,19.4,29.9,44.1,8.25,14.11,57.26,OPERACAO_IRREGULAR,SIMULADO
2026-09-16 15:45:37,TEST_IRREGULAR_001,VEICULO_TESTE_01,1963.7,50.5,77.4,32.3,16.9,29.0,47.3,8.35,14.04,57.26,OPERACAO_IRREGULAR,SIMULADO
2026-09-16 15:45:38,TEST_IRREGULAR_001,VEICULO_TESTE_01,2053.6,50.5,77.6,24.8,17.6,28.5,45.0,8.22,14.22,57.26,OPERACAO_IRREGULAR,SIMULADO
2026-09-16 15:45:39,TEST_IRREGULAR_001,VEICULO_TESTE_01,2052.7,50.5,77.7,29.0,19.7,28.1,45.2,7.32,14.05,57.26,OPERACAO_IRREGULAR,SIMULADO
2026-09-16 15:45:40,TEST_IRREGULAR_001,VEICULO_TESTE_01,2159.8,50.5,77.2,35.1,23.2,29.1,49.0,8.74,14.05,57.26,OPERACAO_IRREGULAR,SIMULADO
2026-09-16 15:45:41,TEST_IRREGULAR_001,VEICULO_TESTE_01,2175.9,50.5,78.0,34.3,22.8,29.9,49.0,9.09,14.28,57.26,OPERACAO_IRREGULAR,SIMULADO
2026-09-16 15:45:42,TEST_IRREGULAR_001,VEICULO_TESTE_01,2051.2,50.5,77.5,33.6,20.7,29.9,46.3,8.48,14.22,57.25,OPERACAO_IRREGULAR,SIMULADO
2026-09-16 15:45:43,TEST_IRREGULAR_001,VEICULO_TESTE_01,2093.3,50.6,77.2,27.8,20.0,30.4,44.4,7.72,14.15,57.25,OPERACAO_IRREGULAR,SIMULADO
2026-09-16 15:45:44,TEST_IRREGULAR_001,VEICULO_TESTE_01,2094.2,50.5,78.0,27.5,17.2,29.7,46.1,8.35,14.1,57.25,OPERACAO_IRREGULAR,SIMULADO
2026-09-16 15:45:45,TEST_IRREGULAR_001,VEICULO_TESTE_01,2088.2,50.5,77.3,29.4,18.9,28.2,46.0,8.87,14.2,57.25,OPERACAO_IRREGULAR,SIMULADO
2026-09-16 15:45:46,TEST_IRREGULAR_001,VEICULO_TESTE_01,2086.4,50.5,77.5,28.7,17.3,29.7,43.0,8.29,14.11,57.25,OPERACAO_IRREGULAR,SIMULADO
2026-09-16 15:45:47,TEST_IRREGULAR_001,VEICULO_TESTE_01,2086.7,50.5,78.5,25.2,18.7,29.5,48.7,8.47,14.16,57.25,OPERACAO_IRREGULAR,SIMULADO
2026-09-16 15:45:48,TEST_IRREGULAR_001,VEICULO_TESTE_01,2003.9,50.5,77.3,23.2,17.5,28.9,42.2,7.81,14.16,57.25,OPERACAO_IRREGULAR,SIMULADO
2026-09-16 15:45:49,TEST_IRREGULAR_001,VEICULO_TESTE_01,2015.1,50.6,77.8,24.6,17.2,29.1,45.3,7.65,14.04,57.24,OPERACAO_IRREGULAR,SIMULADO
2026-09-16 15:45:50,TEST_IRREGULAR_001,VEICULO_TESTE_01,1977.9,50.5,77.8,27.3,20.1,30.4,49.1,7.57,14.15,57.24,OPERACAO_IRREGULAR,SIMULADO
2026-09-16 15:45:51,TEST_IRREGULAR_001,VEICULO_TESTE_01,2020.3,50.5,78.5,25.7,17.9,28.7,42.9,7.76,14.07,57.24,OPERACAO_IRREGULAR,SIMULADO
2026-09-16 15:45:52,TEST_IRREGULAR_001,VEICULO_TESTE_01,2033.2,50.6,78.5,24.7,16.8,30.6,44.5,7.64,14.18,57.24,OPERACAO_IRREGULAR,SIMULADO
2026-09-16 15:45:53,TEST_IRREGULAR_001,VEICULO_TESTE_01,2064.4,50.6,78.4,37.2,18.8,30.4,46.7,8.54,14.16,57.24,OPERACAO_IRREGULAR,SIMULADO
2026-09-16 15:45:54,TEST_IRREGULAR_001,VEICULO_TESTE_01,2094.0,50.5,78.5,27.0,16.8,30.2,45.2,8.78,14.12,57.24,OPERACAO_IRREGULAR,SIMULADO
2026-09-16 15:45:55,TEST_IRREGULAR_001,VEICULO_TESTE_01,2075.5,50.6,78.0,32.4,24.0,32.6,50.5,9.41,14.28,57.24,OPERACAO_IRREGULAR,SIMULADO
2026-09-16 15:45:56,TEST_IRREGULAR_001,VEICULO_TESTE_01,2031.0,50.6,78.6,22.3,17.3,31.9,42.9,8.35,14.36,57.23,OPERACAO_IRREGULAR,SIMULADO
2026-09-16 15:45:57,TEST_IRREGULAR_001,VEICULO_TESTE_01,1990.8,50.5,79.5,30.6,17.7,30.6,45.0,8.56,14.05,57.23,OPERACAO_IRREGULAR,SIMULADO
2026-09-16 15:45:58,TEST_IRREGULAR_001,VEICULO_TESTE_01,2123.4,50.5,78.6,25.1,16.3,30.4,43.6,7.98,14.19,57.23,OPERACAO_IRREGULAR,SIMULADO
2026-09-16 15:45:59,TEST_IRREGULAR_001,VEICULO_TESTE_01,2059.3,50.5,78.4,27.6,19.2,30.3,48.7,8.15,14.0,57.23,OPERACAO_IRREGULAR,SIMULADO
2026-09-16 15:46:00,TEST_IRREGULAR_001,VEICULO_TESTE_01,2091.7,50.5,78.8,26.0,16.3,29.3,47.2,8.8,14.13,57.23,OPERACAO_IRREGULAR,SIMULADO
2026-09-16 15:46:01,TEST_IRREGULAR_001,VEICULO_TESTE_01,2012.3,50.5,79.2,34.5,19.3,28.5,47.0,8.27,14.17,57.23,OPERACAO_IRREGULAR,SIMULADO
2026-09-16 15:46:02,TEST_IRREGULAR_001,VEICULO_TESTE_01,1970.9,50.6,79.1,28.9,19.8,29.0,46.9,8.06,14.18,57.23,OPERACAO_IRREGULAR,SIMULADO
2026-09-16 15:46:03,TEST_IRREGULAR_001,VEICULO_TESTE_01,1962.4,50.6,78.7,24.6,18.6,30.6,43.6,7.97,14.25,57.22,OPERACAO_IRREGULAR,SIMULADO
2026-09-16 15:46:04,TEST_IRREGULAR_001,VEICULO_TESTE_01,2147.1,50.6,78.4,28.8,17.9,30.8,43.9,8.2,14.21,57.22,OPERACAO_IRREGULAR,SIMULADO
2026-09-16 15:46:05,TEST_IRREGULAR_001,VEICULO_TESTE_01,2030.4,50.6,78.9,29.2,18.2,28.9,48.7,7.9,14.12,57.22,OPERACAO_IRREGULAR,SIMULADO
2026-09-16 15:46:06,TEST_IRREGULAR_001,VEICULO_TESTE_01,2027.5,50.5,78.7,22.8,17.4,31.5,41.2,7.2,14.18,57.22,OPERACAO_IRREGULAR,SIMULADO
2026-09-16 15:46:07,TEST_IRREGULAR_001,VEICULO_TESTE_01,2020.5,50.6,79.0,30.3,21.1,31.0,45.6,8.0,14.04,57.22,OPERACAO_IRREGULAR,SIMULADO
2026-09-16 15:46:08,TEST_IRREGULAR_001,VEICULO_TESTE_01,2024.0,50.6,78.5,30.5,18.6,30.2,44.1,7.81,14.15,57.22,OPERACAO_IRREGULAR,SIMULADO
2026-09-16 15:46:09,TEST_IRREGULAR_001,VEICULO_TESTE_01,1985.0,50.7,80.1,32.4,19.1,29.3,45.0,8.44,13.9,57.22,OPERACAO_IRREGULAR,SIMULADO
2026-09-16 15:46:10,TEST_IRREGULAR_001,VEICULO_TESTE_01,2054.0,50.6,78.2,27.8,19.6,29.6,45.0,8.11,14.14,57.21,OPERACAO_IRREGULAR,SIMULADO
2026-09-16 15:46:11,TEST_IRREGULAR_001,VEICULO_TESTE_01,1992.0,50.7,79.5,25.9,18.7,29.7,44.3,8.05,14.02,57.21,OPERACAO_IRREGULAR,SIMULADO
2026-09-16 15:46:12,TEST_IRREGULAR_001,VEICULO_TESTE_01,2064.9,50.6,79.1,27.6,19.6,29.7,45.3,8.59,14.1,57.21,OPERACAO_IRREGULAR,SIMULADO
2026-09-16 15:46:13,TEST_IRREGULAR_001,VEICULO_TESTE_01,1954.7,50.5,79.2,30.2,18.6,31.1,47.3,8.06,14.16,57.21,OPERACAO_IRREGULAR,SIMULADO
2026-09-16 15:46:14,TEST_IRREGULAR_001,VEICULO_TESTE_01,2028.1,50.5,79.3,27.8,20.3,28.3,48.9,8.31,14.12,57.21,OPERACAO_IRREGULAR,SIMULADO
2026-09-16 15:46:15,TEST_IRREGULAR_001,VEICULO_TESTE_01,2012.0,50.6,79.1,23.9,17.0,29.8,44.2,7.84,14.16,57.21,OPERACAO_IRREGULAR,SIMULADO
2026-09-16 15:46:16,TEST_IRREGULAR_001,VEICULO_TESTE_01,2129.9,50.6,78.6,27.6,18.8,30.1,51.2,9.0,14.17,57.21,OPERACAO_IRREGULAR,SIMULADO
2026-09-16 15:46:17,TEST_IRREGULAR_001,VEICULO_TESTE_01,2072.1,50.7,80.2,33.5,18.6,30.2,45.2,8.5,14.2,57.2,OPERACAO_IRREGULAR,SIMULADO
2026-09-16 15:46:18,TEST_IRREGULAR_001,VEICULO_TESTE_01,2042.7,50.7,79.1,35.3,17.5,30.3,44.4,8.06,14.11,57.2,OPERACAO_IRREGULAR,SIMULADO
2026-09-16 15:46:19,TEST_IRREGULAR_001,VEICULO_TESTE_01,2139.3,50.9,79.1,29.5,16.2,29.8,42.8,8.23,14.16,57.2,OPERACAO_IRREGULAR,SIMULADO
2026-09-16 15:46:20,TEST_IRREGULAR_001,VEICULO_TESTE_01,2196.0,51.3,79.6,36.2,21.3,30.2,49.3,9.29,14.28,57.2,OPERACAO_IRREGULAR,SIMULADO
2026-09-16 15:46:21,TEST_IRREGULAR_001,VEICULO_TESTE_01,2126.8,51.7,80.1,38.5,26.0,29.2,49.8,8.18,14.21,57.2,OPERACAO_IRREGULAR,SIMULADO
2026-09-16 15:46:22,TEST_IRREGULAR_001,VEICULO_TESTE_01,2323.1,52.3,79.4,34.9,22.0,32.0,52.2,8.34,14.23,57.2,OPERACAO_IRREGULAR,SIMULADO
2026-09-16 15:46:23,TEST_IRREGULAR_001,VEICULO_TESTE_01,2293.0,53.1,80.0,38.9,27.7,28.5,52.5,9.12,14.04,57.19,OPERACAO_IRREGULAR,SIMULADO
2026-09-16 15:46:24,TEST_IRREGULAR_001,VEICULO_TESTE_01,2390.8,53.9,80.3,42.9,27.9,30.6,54.7,9.28,14.22,57.19,OPERACAO_IRREGULAR,SIMULADO
2026-09-16 15:46:25,TEST_IRREGULAR_001,VEICULO_TESTE_01,2365.7,54.7,79.2,37.3,27.3,28.6,56.5,8.88,14.12,57.19,OPERACAO_IRREGULAR,SIMULADO
2026-09-16 15:46:26,TEST_IRREGULAR_001,VEICULO_TESTE_01,2341.8,55.6,79.4,45.7,27.2,29.3,53.4,9.45,14.16,57.19,OPERACAO_IRREGULAR,SIMULADO
2026-09-16 15:46:27,TEST_IRREGULAR_001,VEICULO_TESTE_01,2379.0,56.4,80.6,40.0,30.3,30.5,56.6,9.43,14.16,57.19,OPERACAO_IRREGULAR,SIMULADO
2026-09-16 15:46:28,TEST_IRREGULAR_001,VEICULO_TESTE_01,2362.1,57.3,79.8,43.2,27.2,29.0,54.7,8.82,14.1,57.19,OPERACAO_IRREGULAR,SIMULADO
2026-09-16 15:46:29,TEST_IRREGULAR_001,VEICULO_TESTE_01,2439.8,58.1,80.9,49.5,31.5,29.5,58.1,10.35,14.12,57.19,OPERACAO_IRREGULAR,SIMULADO
2026-09-16 15:46:30,TEST_IRREGULAR_001,VEICULO_TESTE_01,2541.5,58.9,80.1,44.9,30.6,30.5,54.7,10.43,14.19,57.18,OPERACAO_IRREGULAR,SIMULADO
2026-09-16 15:46:31,TEST_IRREGULAR_001,VEICULO_TESTE_01,2393.6,59.7,80.5,45.5,30.7,29.7,56.2,9.93,14.09,57.18,OPERACAO_IRREGULAR,SIMULADO
2026-09-16 15:46:32,TEST_IRREGULAR_001,VEICULO_TESTE_01,2529.3,60.6,81.1,45.3,31.7,28.4,57.5,10.45,14.18,57.18,OPERACAO_IRREGULAR,SIMULADO
2026-09-16 15:46:33,TEST_IRREGULAR_001,VEICULO_TESTE_01,2451.1,61.3,81.3,44.0,26.7,30.3,53.9,9.6,14.18,57.18,OPERACAO_IRREGULAR,SIMULADO
2026-09-16 15:46:34,TEST_IRREGULAR_001,VEICULO_TESTE_01,2628.2,62.0,80.2,43.1,31.8,30.3,55.9,9.85,14.2,57.18,OPERACAO_IRREGULAR,SIMULADO
2026-09-16 15:46:35,TEST_IRREGULAR_001,VEICULO_TESTE_01,2526.0,62.7,80.6,43.0,27.8,30.1,55.2,9.76,14.24,57.17,OPERACAO_IRREGULAR,SIMULADO
2026-09-16 15:46:36,TEST_IRREGULAR_001,VEICULO_TESTE_01,2533.9,63.3,81.3,42.8,29.8,29.3,58.1,10.45,14.15,57.17,OPERACAO_IRREGULAR,SIMULADO
2026-09-16 15:46:37,TEST_IRREGULAR_001,VEICULO_TESTE_01,2508.0,63.8,80.3,37.0,25.2,28.3,51.1,10.0,14.24,57.17,OPERACAO_IRREGULAR,SIMULADO
2026-09-16 15:46:38,TEST_IRREGULAR_001,VEICULO_TESTE_01,2488.6,64.3,80.2,41.1,27.6,30.5,56.1,10.77,14.22,57.17,OPERACAO_IRREGULAR,SIMULADO
2026-09-16 15:46:39,TEST_IRREGULAR_001,VEICULO_TESTE_01,2747.3,65.0,80.1,44.2,33.4,29.3,59.7,10.93,14.29,57.17,OPERACAO_IRREGULAR,SIMULADO
2026-09-16 15:46:40,TEST_IRREGULAR_001,VEICULO_TESTE_01,2522.3,65.9,80.6,44.5,31.1,27.6,55.7,10.9,14.07,57.17,OPERACAO_IRREGULAR,SIMULADO
2026-09-16 15:46:41,TEST_IRREGULAR_001,VEICULO_TESTE_01,2657.8,67.0,81.2,43.6,29.3,30.2,54.7,10.37,14.08,57.16,OPERACAO_IRREGULAR,SIMULADO
2026-09-16 15:46:42,TEST_IRREGULAR_001,VEICULO_TESTE_01,2606.5,68.0,81.5,46.9,30.1,29.0,54.0,11.01,14.15,57.16,OPERACAO_IRREGULAR,SIMULADO
2026-09-16 15:46:43,TEST_IRREGULAR_001,VEICULO_TESTE_01,2629.3,69.0,80.7,42.9,33.1,29.8,54.8,9.99,14.07,57.16,OPERACAO_IRREGULAR,SIMULADO
2026-09-16 15:46:44,TEST_IRREGULAR_001,VEICULO_TESTE_01,2614.0,69.9,81.4,42.2,29.4,30.3,54.9,10.11,14.09,57.16,OPERACAO_IRREGULAR,SIMULADO
2026-09-16 15:46:45,TEST_IRREGULAR_001,VEICULO_TESTE_01,2624.5,70.4,79.6,33.8,25.7,29.7,50.1,9.17,14.18,57.16,OPERACAO_IRREGULAR,SIMULADO
2026-09-16 15:46:46,TEST_IRREGULAR_001,VEICULO_TESTE_01,2581.6,70.7,82.3,37.3,25.7,28.0,50.7,10.21,14.08,57.16,OPERACAO_IRREGULAR,SIMULADO
2026-09-16 15:46:47,TEST_IRREGULAR_001,VEICULO_TESTE_01,2523.0,71.0,81.8,38.2,21.1,30.5,50.8,10.1,14.14,57.15,OPERACAO_IRREGULAR,SIMULADO
2026-09-16 15:46:48,TEST_IRREGULAR_001,VEICULO_TESTE_01,2472.2,71.1,80.6,34.7,21.1,29.5,46.7,9.0,14.14,57.15,OPERACAO_IRREGULAR,SIMULADO
2026-09-16 15:46:49,TEST_IRREGULAR_001,VEICULO_TESTE_01,2566.7,71.1,81.4,32.4,21.9,30.5,47.0,8.98,14.09,57.15,OPERACAO_IRREGULAR,SIMULADO
2026-09-16 15:46:50,TEST_IRREGULAR_001,VEICULO_TESTE_01,2508.7,71.2,82.4,29.4,19.9,28.5,43.8,9.26,14.16,57.15,OPERACAO_IRREGULAR,SIMULADO
2026-09-16 15:46:51,TEST_IRREGULAR_001,VEICULO_TESTE_01,2513.5,71.2,80.8,30.0,20.3,28.9,50.4,9.37,14.03,57.15,OPERACAO_IRREGULAR,SIMULADO
2026-09-16 15:46:52,TEST_IRREGULAR_001,VEICULO_TESTE_01,2495.7,71.2,80.3,29.6,22.1,30.1,44.5,9.52,14.25,57.15,OPERACAO_IRREGULAR,SIMULADO
2026-09-16 15:46:53,TEST_IRREGULAR_001,VEICULO_TESTE_01,2578.3,71.2,81.6,29.1,20.5,30.8,47.3,9.7,14.12,57.15,OPERACAO_IRREGULAR,SIMULADO
2026-09-16 15:46:54,TEST_IRREGULAR_001,VEICULO_TESTE_01,2533.5,71.3,81.4,27.5,20.2,31.9,49.1,9.61,14.04,57.14,OPERACAO_IRREGULAR,SIMULADO
2026-09-16 15:46:55,TEST_IRREGULAR_001,VEICULO_TESTE_01,2597.5,71.3,81.2,32.2,20.4,32.0,48.1,9.84,14.09,57.14,OPERACAO_IRREGULAR,SIMULADO
2026-09-16 15:46:56,TEST_IRREGULAR_001,VEICULO_TESTE_01,2402.9,71.2,81.0,26.1,19.9,30.1,44.8,8.94,14.1,57.14,OPERACAO_IRREGULAR,SIMULADO
2026-09-16 15:46:57,TEST_IRREGULAR_001,VEICULO_TESTE_01,2527.3,71.2,80.9,34.4,24.7,27.9,51.6,10.66,14.1,57.14,OPERACAO_IRREGULAR,SIMULADO
2026-09-16 15:46:58,TEST_IRREGULAR_001,VEICULO_TESTE_01,2611.1,71.2,82.1,30.8,23.3,30.2,47.9,9.13,14.16,57.14,OPERACAO_IRREGULAR,SIMULADO
2026-09-16 15:46:59,TEST_IRREGULAR_001,VEICULO_TESTE_01,2557.9,71.2,81.1,26.7,21.0,29.3,42.9,9.29,14.2,57.14,OPERACAO_IRREGULAR,SIMULADO
2026-09-16 15:47:00,TEST_IRREGULAR_001,VEICULO_TESTE_01,2548.3,70.9,81.7,29.2,23.0,31.4,48.7,9.07,14.08,57.13,OPERACAO_IRREGULAR,SIMULADO
2026-09-16 15:47:01,TEST_IRREGULAR_001,VEICULO_TESTE_01,2624.4,70.4,81.3,27.3,21.0,28.3,47.2,9.81,14.1,57.13,OPERACAO_IRREGULAR,SIMULADO
2026-09-16 15:47:02,TEST_IRREGULAR_001,VEICULO_TESTE_01,2563.8,69.5,82.0,32.8,20.9,29.3,49.8,9.95,14.19,57.13,OPERACAO_IRREGULAR,SIMULADO
2026-09-16 15:47:03,TEST_IRREGULAR_001,VEICULO_TESTE_01,2480.5,68.6,80.9,27.3,20.3,30.4,46.2,9.03,14.1,57.13,OPERACAO_IRREGULAR,SIMULADO
2026-09-16 15:47:04,TEST_IRREGULAR_001,VEICULO_TESTE_01,2529.0,67.5,81.8,28.7,20.3,29.1,51.4,9.25,14.24,57.13,OPERACAO_IRREGULAR,SIMULADO
2026-09-16 15:47:05,TEST_IRREGULAR_001,VEICULO_TESTE_01,2405.8,66.5,81.7,29.2,19.3,31.1,46.2,9.31,14.09,57.13,OPERACAO_IRREGULAR,SIMULADO
2026-09-16 15:47:06,TEST_IRREGULAR_001,VEICULO_TESTE_01,2410.9,65.7,82.2,31.4,19.3,28.3,47.5,9.27,14.21,57.13,OPERACAO_IRREGULAR,SIMULADO
2026-09-16 15:47:07,TEST_IRREGULAR_001,VEICULO_TESTE_01,2289.4,64.8,81.8,28.5,22.2,29.5,47.7,8.55,14.14,57.12,OPERACAO_IRREGULAR,SIMULADO
2026-09-16 15:47:08,TEST_IRREGULAR_001,VEICULO_TESTE_01,2420.9,64.0,81.4,30.0,21.7,30.3,50.6,8.41,13.98,57.12,OPERACAO_IRREGULAR,SIMULADO
2026-09-16 15:47:09,TEST_IRREGULAR_001,VEICULO_TESTE_01,2387.2,63.2,82.0,32.2,20.9,30.6,47.4,9.23,14.21,57.12,OPERACAO_IRREGULAR,SIMULADO
2026-09-16 15:47:10,TEST_IRREGULAR_001,VEICULO_TESTE_01,2311.4,62.2,82.0,28.3,18.8,30.5,48.2,8.73,14.05,57.12,OPERACAO_IRREGULAR,SIMULADO
2026-09-16 15:47:11,TEST_IRREGULAR_001,VEICULO_TESTE_01,2340.7,61.0,82.8,28.2,19.1,28.9,47.8,8.76,14.14,57.12,OPERACAO_IRREGULAR,SIMULADO
2026-09-16 15:47:12,TEST_IRREGULAR_001,VEICULO_TESTE_01,2166.5,60.0,81.5,27.4,19.7,30.0,46.1,8.42,14.3,57.12,OPERACAO_IRREGULAR,SIMULADO
2026-09-16 15:47:13,TEST_IRREGULAR_001,VEICULO_TESTE_01,2119.5,58.8,81.2,25.8,19.1,30.4,45.5,8.84,14.19,57.11,OPERACAO_IRREGULAR,SIMULADO
2026-09-16 15:47:14,TEST_IRREGULAR_001,VEICULO_TESTE_01,2044.0,57.4,81.7,28.6,15.1,29.0,40.9,8.91,14.16,57.11,OPERACAO_IRREGULAR,SIMULADO
2026-09-16 15:47:15,TEST_IRREGULAR_001,VEICULO_TESTE_01,2214.7,56.1,81.4,35.3,23.8,31.0,52.0,9.33,13.95,57.11,OPERACAO_IRREGULAR,SIMULADO
2026-09-16 15:47:16,TEST_IRREGULAR_001,VEICULO_TESTE_01,2093.0,55.0,82.6,30.9,19.4,30.5,48.3,8.17,14.08,57.11,OPERACAO_IRREGULAR,SIMULADO
2026-09-16 15:47:17,TEST_IRREGULAR_001,VEICULO_TESTE_01,2097.2,53.8,81.4,30.9,18.4,30.5,44.9,8.74,14.14,57.11,OPERACAO_IRREGULAR,SIMULADO
2026-09-16 15:47:18,TEST_IRREGULAR_001,VEICULO_TESTE_01,2056.7,52.8,81.4,26.9,20.3,30.1,46.4,7.85,14.2,57.11,OPERACAO_IRREGULAR,SIMULADO
2026-09-16 15:47:19,TEST_IRREGULAR_001,VEICULO_TESTE_01,1972.5,52.1,82.6,27.5,17.4,30.3,45.1,8.05,14.28,57.11,OPERACAO_IRREGULAR,SIMULADO
2026-09-16 15:47:20,TEST_IRREGULAR_001,VEICULO_TESTE_01,2095.0,51.4,81.8,29.9,20.3,29.2,47.2,8.17,14.09,57.1,OPERACAO_IRREGULAR,SIMULADO
2026-09-16 15:47:21,TEST_IRREGULAR_001,VEICULO_TESTE_01,2032.4,50.6,82.0,28.6,17.3,29.2,46.9,7.75,14.16,57.1,OPERACAO_IRREGULAR,SIMULADO
2026-09-16 15:47:22,TEST_IRREGULAR_001,VEICULO_TESTE_01,1999.1,50.0,80.9,29.3,17.4,29.6,43.2,8.45,14.13,57.1,OPERACAO_IRREGULAR,SIMULADO
2026-09-16 15:47:23,TEST_IRREGULAR_001,VEICULO_TESTE_01,1909.3,49.2,81.5,32.0,20.6,28.5,46.5,9.15,14.11,57.1,OPERACAO_IRREGULAR,SIMULADO
2026-09-16 15:47:24,TEST_IRREGULAR_001,VEICULO_TESTE_01,2016.1,48.5,82.6,19.5,14.5,30.6,39.7,8.11,14.21,57.1,OPERACAO_IRREGULAR,SIMULADO
2026-09-16 15:47:25,TEST_IRREGULAR_001,VEICULO_TESTE_01,1962.7,47.9,82.3,30.2,17.5,29.0,47.5,7.73,14.12,57.1,OPERACAO_IRREGULAR,SIMULADO
2026-09-16 15:47:26,TEST_IRREGULAR_001,VEICULO_TESTE_01,2044.4,47.5,82.1,29.9,16.1,30.8,42.6,7.87,14.22,57.1,OPERACAO_IRREGULAR,SIMULADO
2026-09-16 15:47:27,TEST_IRREGULAR_001,VEICULO_TESTE_01,1918.3,47.3,83.3,27.0,18.4,30.7,44.1,7.69,14.12,57.09,OPERACAO_IRREGULAR,SIMULADO
2026-09-16 15:47:28,TEST_IRREGULAR_001,VEICULO_TESTE_01,1881.9,47.2,82.7,30.5,18.0,29.2,48.7,7.56,14.13,57.09,OPERACAO_IRREGULAR,SIMULADO
2026-09-16 15:47:29,TEST_IRREGULAR_001,VEICULO_TESTE_01,1994.5,47.3,83.3,36.8,19.7,29.9,48.1,8.54,14.2,57.09,OPERACAO_IRREGULAR,SIMULADO
2026-09-16 15:47:30,TEST_IRREGULAR_001,VEICULO_TESTE_01,1945.0,47.2,82.8,22.2,17.7,29.3,42.8,7.6,14.13,57.09,OPERACAO_IRREGULAR,SIMULADO
2026-09-16 15:47:31,TEST_IRREGULAR_001,VEICULO_TESTE_01,1963.8,47.2,82.2,26.7,13.1,30.4,40.9,8.13,14.16,57.09,OPERACAO_IRREGULAR,SIMULADO
2026-09-16 15:47:32,TEST_IRREGULAR_001,VEICULO_TESTE_01,2023.8,47.3,82.6,26.2,14.4,31.6,43.5,7.66,14.21,57.09,OPERACAO_IRREGULAR,SIMULADO
2026-09-16 15:47:33,TEST_IRREGULAR_001,VEICULO_TESTE_01,1928.0,47.3,82.9,24.4,20.5,28.5,44.0,7.06,14.17,57.09,OPERACAO_IRREGULAR,SIMULADO
2026-09-16 15:47:34,TEST_IRREGULAR_001,VEICULO_TESTE_01,1882.7,47.3,83.9,30.5,17.1,30.2,44.7,7.85,14.38,57.08,OPERACAO_IRREGULAR,SIMULADO
2026-09-16 15:47:35,TEST_IRREGULAR_001,VEICULO_TESTE_01,2037.2,47.4,82.8,27.6,17.7,27.8,43.1,7.83,14.08,57.08,OPERACAO_IRREGULAR,SIMULADO
2026-09-16 15:47:36,TEST_IRREGULAR_001,VEICULO_TESTE_01,2008.0,47.4,81.6,26.6,18.8,30.1,45.3,7.61,14.17,57.08,OPERACAO_IRREGULAR,SIMULADO
2026-09-16 15:47:37,TEST_IRREGULAR_001,VEICULO_TESTE_01,1900.0,47.3,81.6,24.9,15.1,30.1,40.4,7.36,14.21,57.08,OPERACAO_IRREGULAR,SIMULADO
2026-09-16 15:47:38,TEST_IRREGULAR_001,VEICULO_TESTE_01,2106.4,47.4,82.3,22.7,14.2,30.5,39.9,8.62,14.2,57.08,OPERACAO_IRREGULAR,SIMULADO
2026-09-16 15:47:39,TEST_IRREGULAR_001,VEICULO_TESTE_01,1925.1,47.3,83.8,30.1,17.6,28.9,48.8,8.29,14.21,57.08,OPERACAO_IRREGULAR,SIMULADO
2026-09-16 15:47:40,TEST_IRREGULAR_001,VEICULO_TESTE_01,1921.1,47.3,83.7,28.8,18.2,30.9,42.7,7.19,14.17,57.08,OPERACAO_IRREGULAR,SIMULADO
2026-09-16 15:47:41,TEST_IRREGULAR_001,VEICULO_TESTE_01,1969.6,47.3,83.3,28.1,19.5,31.0,47.4,8.17,14.14,57.07,OPERACAO_IRREGULAR,SIMULADO
2026-09-16 15:47:42,TEST_IRREGULAR_001,VEICULO_TESTE_01,2193.9,47.4,82.2,49.1,31.0,30.9,47.6,9.12,14.13,57.07,OPERACAO_IRREGULAR,SIMULADO
2026-09-16 15:47:43,TEST_IRREGULAR_001,VEICULO_TESTE_01,2252.3,47.7,83.6,51.3,31.1,31.0,52.1,8.7,14.2,57.07,OPERACAO_IRREGULAR,SIMULADO
2026-09-16 15:47:44,TEST_IRREGULAR_001,VEICULO_TESTE_01,1839.3,48.3,83.8,31.0,27.1,29.1,49.9,9.29,14.13,57.07,OPERACAO_IRREGULAR,SIMULADO
2026-09-16 15:47:45,TEST_IRREGULAR_001,VEICULO_TESTE_01,2472.6,49.1,83.3,54.1,35.0,30.5,54.3,8.73,14.33,57.07,OPERACAO_IRREGULAR,SIMULADO
2026-09-16 15:47:46,TEST_IRREGULAR_001,VEICULO_TESTE_01,2389.2,49.9,83.1,48.9,30.3,30.9,53.8,9.83,14.13,57.07,OPERACAO_IRREGULAR,SIMULADO
2026-09-16 15:47:47,TEST_IRREGULAR_001,VEICULO_TESTE_01,2455.6,50.9,83.4,40.9,31.7,30.7,53.8,9.51,14.0,57.07,OPERACAO_IRREGULAR,SIMULADO
2026-09-16 15:47:48,TEST_IRREGULAR_001,VEICULO_TESTE_01,2143.9,51.7,84.2,49.8,30.8,29.1,52.6,8.82,14.1,57.06,OPERACAO_IRREGULAR,SIMULADO
2026-09-16 15:47:49,TEST_IRREGULAR_001,VEICULO_TESTE_01,1978.9,52.4,83.1,45.6,25.0,29.1,55.4,9.62,14.13,57.06,OPERACAO_IRREGULAR,SIMULADO
2026-09-16 15:47:50,TEST_IRREGULAR_001,VEICULO_TESTE_01,2207.1,53.1,83.8,40.8,35.0,30.1,56.7,10.14,14.26,57.06,OPERACAO_IRREGULAR,SIMULADO
2026-09-16 15:47:51,TEST_IRREGULAR_001,VEICULO_TESTE_01,2392.1,53.8,83.5,60.1,27.9,31.1,51.0,9.31,14.06,57.06,OPERACAO_IRREGULAR,SIMULADO
2026-09-16 15:47:52,TEST_IRREGULAR_001,VEICULO_TESTE_01,2250.1,54.6,83.7,43.9,20.8,30.7,54.5,10.35,14.12,57.06,OPERACAO_IRREGULAR,SIMULADO
2026-09-16 15:47:53,TEST_IRREGULAR_001,VEICULO_TESTE_01,2398.7,55.5,83.8,57.6,22.5,29.8,55.1,9.26,14.07,57.06,OPERACAO_IRREGULAR,SIMULADO
2026-09-16 15:47:54,TEST_IRREGULAR_001,VEICULO_TESTE_01,2610.9,56.4,82.9,47.1,28.3,30.8,54.3,10.59,14.19,57.05,OPERACAO_IRREGULAR,SIMULADO
2026-09-16 15:47:55,TEST_IRREGULAR_001,VEICULO_TESTE_01,2336.1,57.3,83.9,49.8,37.4,29.6,57.0,8.95,14.14,57.05,OPERACAO_IRREGULAR,SIMULADO
2026-09-16 15:47:56,TEST_IRREGULAR_001,VEICULO_TESTE_01,2758.0,58.2,83.4,57.1,24.7,29.5,52.2,10.6,14.13,57.05,OPERACAO_IRREGULAR,SIMULADO
2026-09-16 15:47:57,TEST_IRREGULAR_001,VEICULO_TESTE_01,2640.6,59.3,83.4,49.5,34.8,30.7,58.1,9.93,14.02,57.05,OPERACAO_IRREGULAR,SIMULADO
2026-09-16 15:47:58,TEST_IRREGULAR_001,VEICULO_TESTE_01,2343.4,60.3,82.6,57.6,32.7,28.6,55.6,10.09,14.17,57.05,OPERACAO_IRREGULAR,SIMULADO
2026-09-16 15:47:59,TEST_IRREGULAR_001,VEICULO_TESTE_01,2646.5,61.3,83.6,44.2,39.6,32.3,56.7,10.55,14.27,57.05,OPERACAO_IRREGULAR,SIMULADO
2026-09-16 15:48:00,TEST_IRREGULAR_001,VEICULO_TESTE_01,2141.4,62.0,85.2,50.0,33.5,30.1,52.8,9.9,14.19,57.04,OPERACAO_IRREGULAR,SIMULADO
2026-09-16 15:48:01,TEST_IRREGULAR_001,VEICULO_TESTE_01,2209.4,62.6,84.0,48.1,25.4,30.6,49.3,9.17,13.96,57.04,OPERACAO_IRREGULAR,SIMULADO
2026-09-16 15:48:02,TEST_IRREGULAR_001,VEICULO_TESTE_01,2411.4,62.9,84.4,44.6,27.2,29.8,45.2,8.62,14.05,57.04,OPERACAO_IRREGULAR,SIMULADO
2026-09-16 15:48:03,TEST_IRREGULAR_001,VEICULO_TESTE_01,2297.2,63.0,82.8,39.1,11.6,29.4,47.0,8.8,14.12,57.04,OPERACAO_IRREGULAR,SIMULADO
2026-09-16 15:48:04,TEST_IRREGULAR_001,VEICULO_TESTE_01,2370.5,62.9,83.4,36.5,26.6,29.7,45.5,9.11,14.04,57.04,OPERACAO_IRREGULAR,SIMULADO
2026-09-16 15:48:05,TEST_IRREGULAR_001,VEICULO_TESTE_01,2597.2,63.0,82.8,38.9,24.1,29.2,46.3,8.46,14.22,57.04,OPERACAO_IRREGULAR,SIMULADO
2026-09-16 15:48:06,TEST_IRREGULAR_001,VEICULO_TESTE_01,2263.9,63.0,83.9,33.5,20.7,29.4,49.7,8.55,14.17,57.03,OPERACAO_IRREGULAR,SIMULADO
2026-09-16 15:48:07,TEST_IRREGULAR_001,VEICULO_TESTE_01,2535.0,63.0,84.3,44.4,24.4,30.2,51.7,9.73,14.2,57.03,OPERACAO_IRREGULAR,SIMULADO
2026-09-16 15:48:08,TEST_IRREGULAR_001,VEICULO_TESTE_01,2467.3,63.1,83.0,26.2,20.8,31.4,46.7,8.52,14.09,57.03,OPERACAO_IRREGULAR,SIMULADO
2026-09-16 15:48:09,TEST_IRREGULAR_001,VEICULO_TESTE_01,2458.6,63.1,83.8,46.1,22.6,31.6,46.4,9.09,14.27,57.03,OPERACAO_IRREGULAR,SIMULADO
2026-09-16 15:48:10,TEST_IRREGULAR_001,VEICULO_TESTE_01,2611.1,63.1,83.8,40.9,26.4,31.0,47.4,9.16,14.18,57.03,OPERACAO_IRREGULAR,SIMULADO
2026-09-16 15:48:11,TEST_IRREGULAR_001,VEICULO_TESTE_01,2301.8,63.0,83.1,26.5,28.8,30.2,45.5,8.55,14.15,57.03,OPERACAO_IRREGULAR,SIMULADO
2026-09-16 15:48:12,TEST_IRREGULAR_001,VEICULO_TESTE_01,2601.4,63.0,84.5,32.0,7.7,29.9,48.9,8.83,14.23,57.03,OPERACAO_IRREGULAR,SIMULADO
2026-09-16 15:48:13,TEST_IRREGULAR_001,VEICULO_TESTE_01,2288.8,63.1,84.5,38.7,21.4,30.1,45.5,9.05,14.05,57.02,OPERACAO_IRREGULAR,SIMULADO
2026-09-16 15:48:14,TEST_IRREGULAR_001,VEICULO_TESTE_01,2461.9,63.1,84.1,31.8,19.0,28.2,45.2,9.76,14.13,57.02,OPERACAO_IRREGULAR,SIMULADO
2026-09-16 15:48:15,TEST_IRREGULAR_001,VEICULO_TESTE_01,2624.0,63.0,83.2,27.3,25.9,29.8,44.7,8.94,14.14,57.02,OPERACAO_IRREGULAR,SIMULADO
2026-09-16 15:48:16,TEST_IRREGULAR_001,VEICULO_TESTE_01,2407.0,62.7,84.1,37.3,11.3,29.8,43.0,8.65,14.12,57.02,OPERACAO_IRREGULAR,SIMULADO
2026-09-16 15:48:17,TEST_IRREGULAR_001,VEICULO_TESTE_01,2498.0,62.2,83.3,38.5,22.9,30.3,42.6,8.48,14.21,57.02,OPERACAO_IRREGULAR,SIMULADO
2026-09-16 15:48:18,TEST_IRREGULAR_001,VEICULO_TESTE_01,2229.3,61.3,83.2,28.0,22.9,31.2,53.7,8.63,14.08,57.02,OPERACAO_IRREGULAR,SIMULADO
2026-09-16 15:48:19,TEST_IRREGULAR_001,VEICULO_TESTE_01,1975.2,60.2,84.0,49.2,22.8,31.8,46.9,9.51,14.24,57.01,OPERACAO_IRREGULAR,SIMULADO
2026-09-16 15:48:20,TEST_IRREGULAR_001,VEICULO_TESTE_01,2169.3,59.2,83.4,43.3,26.5,30.6,45.6,8.51,14.21,57.01,OPERACAO_IRREGULAR,SIMULADO
2026-09-16 15:48:21,TEST_IRREGULAR_001,VEICULO_TESTE_01,1879.9,58.2,83.2,41.9,23.6,30.0,49.9,8.27,14.28,57.01,OPERACAO_IRREGULAR,SIMULADO
2026-09-16 15:48:22,TEST_IRREGULAR_001,VEICULO_TESTE_01,2248.4,57.4,83.4,31.7,24.7,28.5,44.8,8.63,14.27,57.01,OPERACAO_IRREGULAR,SIMULADO
2026-09-16 15:48:23,TEST_IRREGULAR_001,VEICULO_TESTE_01,2101.1,56.8,83.5,42.6,20.0,30.9,44.1,8.4,14.31,57.01,OPERACAO_IRREGULAR,SIMULADO
2026-09-16 15:48:24,TEST_IRREGULAR_001,VEICULO_TESTE_01,2041.2,56.3,83.7,41.6,16.0,28.2,43.9,8.17,14.12,57.01,OPERACAO_IRREGULAR,SIMULADO
2026-09-16 15:48:25,TEST_IRREGULAR_001,VEICULO_TESTE_01,1925.0,55.6,84.2,34.4,21.7,29.2,44.7,7.95,14.12,57.01,OPERACAO_IRREGULAR,SIMULADO
2026-09-16 15:48:26,TEST_IRREGULAR_001,VEICULO_TESTE_01,1866.1,54.8,84.4,37.3,33.6,28.6,44.7,9.1,14.3,57.0,OPERACAO_IRREGULAR,SIMULADO
2026-09-16 15:48:27,TEST_IRREGULAR_001,VEICULO_TESTE_01,2215.8,53.9,83.2,43.1,23.5,31.0,44.6,8.86,14.11,57.0,OPERACAO_IRREGULAR,SIMULADO
2026-09-16 15:48:28,TEST_IRREGULAR_001,VEICULO_TESTE_01,2221.0,52.8,84.3,39.2,29.1,30.6,51.0,8.17,14.05,57.0,OPERACAO_IRREGULAR,SIMULADO
2026-09-16 15:48:29,TEST_IRREGULAR_001,VEICULO_TESTE_01,2108.5,51.6,83.8,22.9,16.9,32.1,44.2,7.58,14.2,57.0,OPERACAO_IRREGULAR,SIMULADO
2026-09-16 15:48:30,TEST_IRREGULAR_001,VEICULO_TESTE_01,2307.3,50.6,83.7,42.3,32.0,29.4,44.7,8.43,14.19,57.0,OPERACAO_IRREGULAR,SIMULADO
2026-09-16 15:48:31,TEST_IRREGULAR_001,VEICULO_TESTE_01,2216.5,49.5,84.6,42.6,25.8,29.1,48.8,7.99,14.15,57.0,OPERACAO_IRREGULAR,SIMULADO
2026-09-16 15:48:32,TEST_IRREGULAR_001,VEICULO_TESTE_01,2270.1,48.5,84.2,37.9,23.3,30.0,41.1,7.7,14.2,57.0,OPERACAO_IRREGULAR,SIMULADO
2026-09-16 15:48:33,TEST_IRREGULAR_001,VEICULO_TESTE_01,2202.4,47.6,84.0,41.4,26.8,30.7,41.9,8.09,14.22,56.99,OPERACAO_IRREGULAR,SIMULADO
2026-09-16 15:48:34,TEST_IRREGULAR_001,VEICULO_TESTE_01,1882.9,46.7,84.5,38.3,25.2,29.8,49.8,7.27,14.15,56.99,OPERACAO_IRREGULAR,SIMULADO
2026-09-16 15:48:35,TEST_IRREGULAR_001,VEICULO_TESTE_01,2210.3,45.6,85.2,27.6,29.5,30.7,38.9,7.39,14.14,56.99,OPERACAO_IRREGULAR,SIMULADO
2026-09-16 15:48:36,TEST_IRREGULAR_001,VEICULO_TESTE_01,2213.4,44.5,84.0,35.1,19.5,29.8,39.6,7.97,14.19,56.99,OPERACAO_IRREGULAR,SIMULADO
2026-09-16 15:48:37,TEST_IRREGULAR_001,VEICULO_TESTE_01,1964.7,43.2,83.7,33.2,19.1,28.5,43.6,7.89,14.13,56.99,OPERACAO_IRREGULAR,SIMULADO
2026-09-16 15:48:38,TEST_IRREGULAR_001,VEICULO_TESTE_01,1809.6,41.8,85.8,26.5,22.1,28.5,45.9,8.06,14.09,56.99,OPERACAO_IRREGULAR,SIMULADO
2026-09-16 15:48:39,TEST_IRREGULAR_001,VEICULO_TESTE_01,1533.7,40.6,83.5,35.6,9.8,29.4,38.8,7.36,14.11,56.99,OPERACAO_IRREGULAR,SIMULADO
2026-09-16 15:48:40,TEST_IRREGULAR_001,VEICULO_TESTE_01,1936.4,39.7,85.3,43.5,24.3,29.8,46.8,7.85,14.09,56.98,OPERACAO_IRREGULAR,SIMULADO
2026-09-16 15:48:41,TEST_IRREGULAR_001,VEICULO_TESTE_01,1550.1,39.0,85.7,30.5,27.9,28.1,43.2,7.34,14.29,56.98,OPERACAO_IRREGULAR,SIMULADO
2026-09-16 15:48:42,TEST_IRREGULAR_001,VEICULO_TESTE_01,1685.2,38.6,84.5,45.5,15.7,27.4,43.2,7.06,14.15,56.98,OPERACAO_IRREGULAR,SIMULADO
2026-09-16 15:48:43,TEST_IRREGULAR_001,VEICULO_TESTE_01,1607.7,38.7,83.5,33.0,23.4,31.9,43.6,8.09,14.09,56.98,OPERACAO_IRREGULAR,SIMULADO
2026-09-16 15:48:44,TEST_IRREGULAR_001,VEICULO_TESTE_01,2013.3,38.7,84.1,43.2,14.8,30.4,46.6,8.1,14.11,56.98,OPERACAO_IRREGULAR,SIMULADO
2026-09-16 15:48:45,TEST_IRREGULAR_001,VEICULO_TESTE_01,1471.3,38.7,84.5,50.3,23.6,30.4,43.5,7.56,14.08,56.98,OPERACAO_IRREGULAR,SIMULADO
2026-09-16 15:48:46,TEST_IRREGULAR_001,VEICULO_TESTE_01,1626.6,38.7,84.5,31.4,24.4,30.5,47.5,7.15,14.17,56.98,OPERACAO_IRREGULAR,SIMULADO
2026-09-16 15:48:47,TEST_IRREGULAR_001,VEICULO_TESTE_01,1841.3,38.7,84.3,45.4,32.4,26.9,44.3,6.84,14.25,56.98,OPERACAO_IRREGULAR,SIMULADO
2026-09-16 15:48:48,TEST_IRREGULAR_001,VEICULO_TESTE_01,1814.7,38.6,84.5,33.3,17.5,29.3,40.8,7.39,14.15,56.97,OPERACAO_IRREGULAR,SIMULADO
2026-09-16 15:48:49,TEST_IRREGULAR_001,VEICULO_TESTE_01,1690.5,38.7,84.8,38.4,10.2,29.5,45.2,7.42,14.26,56.97,OPERACAO_IRREGULAR,SIMULADO
2026-09-16 15:48:50,TEST_IRREGULAR_001,VEICULO_TESTE_01,1599.7,38.6,85.1,31.0,15.7,29.9,45.7,7.49,14.21,56.97,OPERACAO_IRREGULAR,SIMULADO
2026-09-16 15:48:51,TEST_IRREGULAR_001,VEICULO_TESTE_01,1758.7,38.6,84.9,33.0,18.1,29.2,42.7,7.54,14.27,56.97,OPERACAO_IRREGULAR,SIMULADO
2026-09-16 15:48:52,TEST_IRREGULAR_001,VEICULO_TESTE_01,1789.5,38.7,86.3,32.5,18.9,29.9,45.5,7.73,14.16,56.97,OPERACAO_IRREGULAR,SIMULADO
2026-09-16 15:48:53,TEST_IRREGULAR_001,VEICULO_TESTE_01,1835.6,38.6,85.5,38.7,30.0,29.2,45.8,7.85,14.12,56.97,OPERACAO_IRREGULAR,SIMULADO
2026-09-16 15:48:54,TEST_IRREGULAR_001,VEICULO_TESTE_01,1647.7,38.5,85.2,47.0,23.8,29.6,47.0,7.62,14.15,56.97,OPERACAO_IRREGULAR,SIMULADO
2026-09-16 15:48:55,TEST_IRREGULAR_001,VEICULO_TESTE_01,1835.0,38.6,86.1,42.2,21.4,30.2,47.3,8.57,14.09,56.96,OPERACAO_IRREGULAR,SIMULADO
2026-09-16 15:48:56,TEST_IRREGULAR_001,VEICULO_TESTE_01,1382.9,38.6,84.5,41.4,16.5,30.0,44.9,7.3,14.2,56.96,OPERACAO_IRREGULAR,SIMULADO
2026-09-16 15:48:57,TEST_IRREGULAR_001,VEICULO_TESTE_01,1679.6,38.6,85.1,37.0,20.9,30.4,41.2,6.69,14.16,56.96,OPERACAO_IRREGULAR,SIMULADO
2026-09-16 15:48:58,TEST_IRREGULAR_001,VEICULO_TESTE_01,1895.6,38.6,84.3,24.5,19.6,30.8,45.5,6.7,14.05,56.96,OPERACAO_IRREGULAR,SIMULADO
2026-09-16 15:48:59,TEST_IRREGULAR_001,VEICULO_TESTE_01,1696.6,38.7,85.1,45.4,25.8,30.1,42.8,6.94,14.21,56.96,OPERACAO_IRREGULAR,SIMULADO
2026-09-16 15:49:00,TEST_IRREGULAR_001,VEICULO_TESTE_01,1767.8,38.6,85.1,40.4,12.0,29.0,39.0,7.11,14.04,56.96,OPERACAO_IRREGULAR,SIMULADO
2026-09-16 15:49:01,TEST_IRREGULAR_001,VEICULO_TESTE_01,1789.7,38.6,84.5,39.3,34.9,30.6,45.8,8.1,14.1,56.96,OPERACAO_IRREGULAR,SIMULADO
2026-09-16 15:49:02,TEST_IRREGULAR_001,VEICULO_TESTE_01,1772.5,38.6,85.2,31.6,20.2,27.9,47.5,7.51,14.2,56.95,OPERACAO_IRREGULAR,SIMULADO
2026-09-16 15:49:03,TEST_IRREGULAR_001,VEICULO_TESTE_01,1689.0,38.6,85.9,30.2,24.9,29.4,42.3,7.14,14.03,56.95,OPERACAO_IRREGULAR,SIMULADO
2026-09-16 15:49:04,TEST_IRREGULAR_001,VEICULO_TESTE_01,1816.8,38.6,84.7,36.2,17.6,31.5,43.5,7.15,14.23,56.95,OPERACAO_IRREGULAR,SIMULADO
2026-09-16 15:49:05,TEST_IRREGULAR_001,VEICULO_TESTE_01,1889.6,38.8,83.8,36.7,20.0,30.7,49.6,7.47,14.21,56.95,OPERACAO_IRREGULAR,SIMULADO
2026-09-16 15:49:06,TEST_IRREGULAR_001,VEICULO_TESTE_01,2201.1,39.3,85.5,45.6,23.2,29.2,45.1,8.56,14.15,56.95,OPERACAO_IRREGULAR,SIMULADO
2026-09-16 15:49:07,TEST_IRREGULAR_001,VEICULO_TESTE_01,2059.1,39.9,85.4,47.5,21.4,31.1,51.1,8.77,14.16,56.95,OPERACAO_IRREGULAR,SIMULADO
2026-09-16 15:49:08,TEST_IRREGULAR_001,VEICULO_TESTE_01,2116.5,40.5,86.0,41.6,23.9,29.7,45.6,8.47,14.2,56.95,OPERACAO_IRREGULAR,SIMULADO
2026-09-16 15:49:09,TEST_IRREGULAR_001,VEICULO_TESTE_01,2000.4,41.4,85.7,46.4,22.1,30.4,53.3,8.55,14.13,56.94,OPERACAO_IRREGULAR,SIMULADO
2026-09-16 15:49:10,TEST_IRREGULAR_001,VEICULO_TESTE_01,2278.8,42.2,85.3,54.7,29.3,31.6,50.8,9.08,14.1,56.94,OPERACAO_IRREGULAR,SIMULADO
2026-09-16 15:49:11,TEST_IRREGULAR_001,VEICULO_TESTE_01,1983.7,42.9,84.8,51.2,30.8,30.3,49.2,8.99,14.12,56.94,OPERACAO_IRREGULAR,SIMULADO
2026-09-16 15:49:12,TEST_IRREGULAR_001,VEICULO_TESTE_01,1886.2,43.6,85.7,49.4,27.7,29.4,50.4,8.95,14.01,56.94,OPERACAO_IRREGULAR,SIMULADO
2026-09-16 15:49:13,TEST_IRREGULAR_001,VEICULO_TESTE_01,2049.6,44.5,86.2,35.4,29.0,30.3,52.5,9.15,14.33,56.94,OPERACAO_IRREGULAR,SIMULADO
2026-09-16 15:49:14,TEST_IRREGULAR_001,VEICULO_TESTE_01,1964.2,45.3,85.7,50.2,34.6,32.2,54.2,10.12,14.3,56.94,OPERACAO_IRREGULAR,SIMULADO
2026-09-16 15:49:15,TEST_IRREGULAR_001,VEICULO_TESTE_01,1903.1,46.1,84.8,47.4,32.6,29.0,57.1,9.43,14.36,56.94,OPERACAO_IRREGULAR,SIMULADO
2026-09-16 15:49:16,TEST_IRREGULAR_001,VEICULO_TESTE_01,2079.3,47.0,85.3,41.4,34.4,29.2,53.0,9.19,14.08,56.93,OPERACAO_IRREGULAR,SIMULADO
2026-09-16 15:49:17,TEST_IRREGULAR_001,VEICULO_TESTE_01,1916.7,47.9,85.4,56.8,39.4,30.6,54.0,9.31,14.12,56.93,OPERACAO_IRREGULAR,SIMULADO
2026-09-16 15:49:18,TEST_IRREGULAR_001,VEICULO_TESTE_01,2479.3,48.9,86.2,53.5,38.9,30.4,59.7,9.85,14.1,56.93,OPERACAO_IRREGULAR,SIMULADO
2026-09-16 15:49:19,TEST_IRREGULAR_001,VEICULO_TESTE_01,2363.3,49.9,86.5,40.6,30.0,31.9,51.0,9.97,14.06,56.93,OPERACAO_IRREGULAR,SIMULADO
2026-09-16 15:49:20,TEST_IRREGULAR_001,VEICULO_TESTE_01,2295.0,50.8,86.3,58.7,39.1,31.3,53.4,9.97,14.18,56.93,OPERACAO_IRREGULAR,SIMULADO
2026-09-16 15:49:21,TEST_IRREGULAR_001,VEICULO_TESTE_01,2491.2,51.8,85.6,56.3,27.4,29.5,56.9,9.9,14.14,56.93,OPERACAO_IRREGULAR,SIMULADO
2026-09-16 15:49:22,TEST_IRREGULAR_001,VEICULO_TESTE_01,2507.6,52.8,86.1,50.9,38.4,29.3,55.9,10.34,14.12,56.92,OPERACAO_IRREGULAR,SIMULADO
2026-09-16 15:49:23,TEST_IRREGULAR_001,VEICULO_TESTE_01,2215.2,53.6,85.7,43.0,30.9,29.5,54.1,9.73,14.13,56.92,OPERACAO_IRREGULAR,SIMULADO
2026-09-16 15:49:24,TEST_IRREGULAR_001,VEICULO_TESTE_01,2494.4,54.6,86.1,57.8,37.2,29.5,55.1,10.62,14.13,56.92,OPERACAO_IRREGULAR,SIMULADO
2026-09-16 15:49:25,TEST_IRREGULAR_001,VEICULO_TESTE_01,2430.6,55.5,84.9,56.8,25.7,30.2,59.5,10.73,14.17,56.92,OPERACAO_IRREGULAR,SIMULADO
2026-09-16 15:49:26,TEST_IRREGULAR_001,VEICULO_TESTE_01,2402.8,56.5,87.4,58.3,28.8,29.0,61.0,10.87,14.13,56.92,OPERACAO_IRREGULAR,SIMULADO
2026-09-16 15:49:27,TEST_IRREGULAR_001,VEICULO_TESTE_01,2480.0,57.4,85.5,51.9,19.0,29.2,56.8,10.36,14.27,56.92,OPERACAO_IRREGULAR,SIMULADO
2026-09-16 15:49:28,TEST_IRREGULAR_001,VEICULO_TESTE_01,2477.5,58.2,86.9,46.6,35.1,30.6,55.3,9.99,14.19,56.91,OPERACAO_IRREGULAR,SIMULADO
2026-09-16 15:49:29,TEST_IRREGULAR_001,VEICULO_TESTE_01,2441.8,59.0,86.4,57.7,33.6,29.5,53.6,10.03,14.13,56.91,OPERACAO_IRREGULAR,SIMULADO
2026-09-16 15:49:30,TEST_IRREGULAR_001,VEICULO_TESTE_01,2261.1,59.9,85.4,59.4,31.3,29.7,56.2,10.22,14.13,56.91,OPERACAO_IRREGULAR,SIMULADO
2026-09-16 15:49:31,TEST_IRREGULAR_001,VEICULO_TESTE_01,2452.8,60.7,86.9,43.0,42.1,29.2,59.1,9.92,14.16,56.91,OPERACAO_IRREGULAR,SIMULADO
2026-09-16 15:49:32,TEST_IRREGULAR_001,VEICULO_TESTE_01,2174.7,61.6,86.4,64.9,33.3,29.9,59.7,9.97,14.25,56.91,OPERACAO_IRREGULAR,SIMULADO
2026-09-16 15:49:33,TEST_IRREGULAR_001,VEICULO_TESTE_01,2572.9,62.6,86.0,53.1,47.0,30.7,58.8,9.75,14.14,56.91,OPERACAO_IRREGULAR,SIMULADO
2026-09-16 15:49:34,TEST_IRREGULAR_001,VEICULO_TESTE_01,2599.3,63.7,85.8,49.1,34.8,29.3,56.6,10.82,14.14,56.9,OPERACAO_IRREGULAR,SIMULADO
2026-09-16 15:49:35,TEST_IRREGULAR_001,VEICULO_TESTE_01,2396.8,64.6,86.1,54.6,26.0,29.5,58.5,11.48,14.28,56.9,OPERACAO_IRREGULAR,SIMULADO
2026-09-16 15:49:36,TEST_IRREGULAR_001,VEICULO_TESTE_01,2669.0,65.6,86.7,52.9,24.8,29.3,56.0,11.31,14.15,56.9,OPERACAO_IRREGULAR,SIMULADO
2026-09-16 15:49:37,TEST_IRREGULAR_001,VEICULO_TESTE_01,2556.0,66.4,86.9,55.4,28.7,28.3,51.3,9.8,14.12,56.9,OPERACAO_IRREGULAR,SIMULADO
2026-09-16 15:49:38,TEST_IRREGULAR_001,VEICULO_TESTE_01,2786.4,67.1,86.0,41.1,29.6,30.7,55.2,10.54,14.21,56.9,OPERACAO_IRREGULAR,SIMULADO
2026-09-16 15:49:39,TEST_IRREGULAR_001,VEICULO_TESTE_01,2594.5,67.9,85.3,62.7,32.9,30.6,58.9,10.26,14.19,56.9,OPERACAO_IRREGULAR,SIMULADO
2026-09-16 15:49:40,TEST_IRREGULAR_001,VEICULO_TESTE_01,2577.2,68.6,86.0,44.1,30.9,30.4,53.3,10.66,14.03,56.89,OPERACAO_IRREGULAR,SIMULADO
2026-09-16 15:49:41,TEST_IRREGULAR_001,VEICULO_TESTE_01,2625.6,69.4,86.9,54.0,39.6,28.7,60.1,11.33,14.18,56.89,OPERACAO_IRREGULAR,SIMULADO
2026-09-16 15:49:42,TEST_IRREGULAR_001,VEICULO_TESTE_01,2975.4,70.4,86.4,48.8,31.3,30.0,61.3,11.32,14.11,56.89,OPERACAO_IRREGULAR,SIMULADO
2026-09-16 15:49:43,TEST_IRREGULAR_001,VEICULO_TESTE_01,2962.0,71.3,86.3,64.8,36.2,30.4,58.4,11.37,14.25,56.89,OPERACAO_IRREGULAR,SIMULADO
2026-09-16 15:49:44,TEST_IRREGULAR_001,VEICULO_TESTE_01,3003.5,72.3,86.9,64.8,31.5,28.6,63.0,10.72,14.02,56.89,OPERACAO_IRREGULAR,SIMULADO
2026-09-16 15:49:45,TEST_IRREGULAR_001,VEICULO_TESTE_01,2755.9,73.3,86.6,53.9,27.2,32.0,56.3,11.16,14.14,56.88,OPERACAO_IRREGULAR,SIMULADO
2026-09-16 15:49:46,TEST_IRREGULAR_001,VEICULO_TESTE_01,2873.0,74.1,85.4,65.0,35.6,29.1,61.3,10.26,14.11,56.88,OPERACAO_IRREGULAR,SIMULADO
2026-09-16 15:49:47,TEST_IRREGULAR_001,VEICULO_TESTE_01,3011.1,74.9,86.4,40.4,29.1,28.0,52.8,11.14,14.23,56.88,OPERACAO_IRREGULAR,SIMULADO
2026-09-16 15:49:48,TEST_IRREGULAR_001,VEICULO_TESTE_01,2827.3,75.8,85.9,55.8,37.8,30.9,52.4,10.75,14.3,56.88,OPERACAO_IRREGULAR,SIMULADO
2026-09-16 15:49:49,TEST_IRREGULAR_001,VEICULO_TESTE_01,2512.3,76.7,87.0,58.3,28.4,31.1,56.8,10.9,14.07,56.88,OPERACAO_IRREGULAR,SIMULADO
2026-09-16 15:49:50,TEST_IRREGULAR_001,VEICULO_TESTE_01,2760.1,77.4,87.4,56.6,28.0,32.4,55.3,10.64,14.12,56.88,OPERACAO_IRREGULAR,SIMULADO
2026-09-16 15:49:51,TEST_IRREGULAR_001,VEICULO_TESTE_01,3060.4,78.3,86.9,59.3,38.0,30.3,55.2,11.29,14.1,56.87,OPERACAO_IRREGULAR,SIMULADO
2026-09-16 15:49:52,TEST_IRREGULAR_001,VEICULO_TESTE_01,2918.7,79.3,86.2,58.5,48.5,29.9,56.6,11.72,14.18,56.87,OPERACAO_IRREGULAR,SIMULADO
2026-09-16 15:49:53,TEST_IRREGULAR_001,VEICULO_TESTE_01,2980.1,80.2,86.1,50.8,33.4,29.5,59.4,10.96,14.13,56.87,OPERACAO_IRREGULAR,SIMULADO
2026-09-16 15:49:54,TEST_IRREGULAR_001,VEICULO_TESTE_01,2929.9,81.1,86.3,53.9,32.2,30.1,57.7,11.35,14.19,56.87,OPERACAO_IRREGULAR,SIMULADO
2026-09-16 15:49:55,TEST_IRREGULAR_001,VEICULO_TESTE_01,2845.7,82.1,86.3,37.3,36.1,30.0,60.6,11.01,14.15,56.87,OPERACAO_IRREGULAR,SIMULADO
2026-09-16 15:49:56,TEST_IRREGULAR_001,VEICULO_TESTE_01,2946.5,83.1,87.0,56.6,24.3,32.4,56.8,11.49,14.13,56.86,OPERACAO_IRREGULAR,SIMULADO
2026-09-16 15:49:57,TEST_IRREGULAR_001,VEICULO_TESTE_01,2918.5,83.9,86.8,53.9,36.5,31.0,57.8,11.21,14.06,56.86,OPERACAO_IRREGULAR,SIMULADO
2026-09-16 15:49:58,TEST_IRREGULAR_001,VEICULO_TESTE_01,3107.4,84.7,87.4,58.6,36.5,29.2,58.3,11.26,14.13,56.86,OPERACAO_IRREGULAR,SIMULADO
2026-09-16 15:49:59,TEST_IRREGULAR_001,VEICULO_TESTE_01,3114.6,85.6,87.1,42.8,28.5,29.6,58.2,11.57,14.12,56.86,OPERACAO_IRREGULAR,SIMULADO
2026-09-16 15:50:00,TEST_IRREGULAR_001,VEICULO_TESTE_01,3081.2,86.3,86.7,51.3,36.7,29.6,57.5,10.78,14.2,56.86,OPERACAO_IRREGULAR,SIMULADO
2026-09-16 15:50:01,TEST_IRREGULAR_001,VEICULO_TESTE_01,3090.6,86.8,86.8,38.9,37.1,30.3,48.4,10.97,14.2,56.86,OPERACAO_IRREGULAR,SIMULADO
2026-09-16 15:50:02,TEST_IRREGULAR_001,VEICULO_TESTE_01,2845.4,86.8,86.6,26.1,21.1,28.5,47.6,9.57,14.24,56.85,OPERACAO_IRREGULAR,SIMULADO
2026-09-16 15:50:03,TEST_IRREGULAR_001,VEICULO_TESTE_01,2623.3,86.4,87.1,39.6,26.7,31.8,52.6,9.6,14.09,56.85,OPERACAO_IRREGULAR,SIMULADO
2026-09-16 15:50:04,TEST_IRREGULAR_001,VEICULO_TESTE_01,2921.9,85.6,86.5,40.9,30.0,31.5,51.7,11.13,14.26,56.85,OPERACAO_IRREGULAR,SIMULADO
2026-09-16 15:50:05,TEST_IRREGULAR_001,VEICULO_TESTE_01,2603.4,84.6,86.2,34.9,25.3,31.0,44.7,10.31,14.07,56.85,OPERACAO_IRREGULAR,SIMULADO
2026-09-16 15:50:06,TEST_IRREGULAR_001,VEICULO_TESTE_01,2870.7,83.5,86.0,43.9,39.9,30.9,53.4,9.72,14.01,56.85,OPERACAO_IRREGULAR,SIMULADO
2026-09-16 15:50:07,TEST_IRREGULAR_001,VEICULO_TESTE_01,2735.8,82.6,87.2,40.5,17.4,30.7,49.0,10.15,14.22,56.85,OPERACAO_IRREGULAR,SIMULADO
2026-09-16 15:50:08,TEST_IRREGULAR_001,VEICULO_TESTE_01,2452.6,81.7,87.3,28.9,24.0,28.9,47.8,9.08,14.01,56.84,OPERACAO_IRREGULAR,SIMULADO
2026-09-16 15:50:09,TEST_IRREGULAR_001,VEICULO_TESTE_01,2511.3,80.8,86.9,32.1,29.0,32.2,48.1,9.88,14.03,56.84,OPERACAO_IRREGULAR,SIMULADO
2026-09-16 15:50:10,TEST_IRREGULAR_001,VEICULO_TESTE_01,2504.8,79.8,86.9,43.4,27.3,31.2,47.1,9.44,14.05,56.84,OPERACAO_IRREGULAR,SIMULADO
2026-09-16 15:50:11,TEST_IRREGULAR_001,VEICULO_TESTE_01,2698.9,78.7,86.2,35.1,25.1,29.2,49.3,10.41,14.15,56.84,OPERACAO_IRREGULAR,SIMULADO
2026-09-16 15:50:12,TEST_IRREGULAR_001,VEICULO_TESTE_01,2621.3,77.6,87.2,25.6,26.2,30.3,51.3,9.48,14.25,56.84,OPERACAO_IRREGULAR,SIMULADO
2026-09-16 15:50:13,TEST_IRREGULAR_001,VEICULO_TESTE_01,2800.8,76.7,86.6,46.6,24.2,30.4,46.7,10.32,14.18,56.84,OPERACAO_IRREGULAR,SIMULADO
2026-09-16 15:50:14,TEST_IRREGULAR_001,VEICULO_TESTE_01,2572.5,75.6,87.2,33.9,27.8,28.8,43.9,9.79,14.11,56.83,OPERACAO_IRREGULAR,SIMULADO
2026-09-16 15:50:15,TEST_IRREGULAR_001,VEICULO_TESTE_01,2975.7,74.6,85.9,37.0,24.1,30.5,52.2,9.67,14.31,56.83,OPERACAO_IRREGULAR,SIMULADO
2026-09-16 15:50:16,TEST_IRREGULAR_001,VEICULO_TESTE_01,2541.3,73.5,86.0,31.1,40.0,29.4,48.1,9.41,14.11,56.83,OPERACAO_IRREGULAR,SIMULADO
2026-09-16 15:50:17,TEST_IRREGULAR_001,VEICULO_TESTE_01,2850.4,72.3,86.2,34.1,20.4,28.8,46.7,9.52,14.16,56.83,OPERACAO_IRREGULAR,SIMULADO
2026-09-16 15:50:18,TEST_IRREGULAR_001,VEICULO_TESTE_01,2535.5,71.0,86.3,36.7,19.6,29.3,48.5,9.69,14.18,56.83,OPERACAO_IRREGULAR,SIMULADO
2026-09-16 15:50:19,TEST_IRREGULAR_001,VEICULO_TESTE_01,2605.8,69.8,86.7,30.8,24.0,28.8,48.2,8.69,13.94,56.83,OPERACAO_IRREGULAR,SIMULADO
2026-09-16 15:50:20,TEST_IRREGULAR_001,VEICULO_TESTE_01,2541.6,68.4,87.0,34.5,28.9,31.9,45.5,9.79,14.2,56.83,OPERACAO_IRREGULAR,SIMULADO
2026-09-16 15:50:21,TEST_IRREGULAR_001,VEICULO_TESTE_01,2714.0,67.3,85.3,30.0,21.4,29.5,45.6,9.88,14.18,56.82,OPERACAO_IRREGULAR,SIMULADO
2026-09-16 15:50:22,TEST_IRREGULAR_001,VEICULO_TESTE_01,2352.4,66.3,86.6,30.8,22.2,31.6,50.6,9.03,14.2,56.82,OPERACAO_IRREGULAR,SIMULADO
2026-09-16 15:50:23,TEST_IRREGULAR_001,VEICULO_TESTE_01,2364.5,65.2,86.1,28.5,29.0,29.0,46.2,8.88,13.97,56.82,OPERACAO_IRREGULAR,SIMULADO
2026-09-16 15:50:24,TEST_IRREGULAR_001,VEICULO_TESTE_01,2330.4,64.1,87.2,32.6,21.4,30.5,42.6,9.03,14.12,56.82,OPERACAO_IRREGULAR,SIMULADO
2026-09-16 15:50:25,TEST_IRREGULAR_001,VEICULO_TESTE_01,2391.3,62.9,86.2,39.5,21.8,30.4,49.6,9.49,14.21,56.82,OPERACAO_IRREGULAR,SIMULADO
2026-09-16 15:50:26,TEST_IRREGULAR_001,VEICULO_TESTE_01,2125.8,61.7,87.0,45.5,19.2,28.7,43.2,8.33,14.11,56.82,OPERACAO_IRREGULAR,SIMULADO
2026-09-16 15:50:27,TEST_IRREGULAR_001,VEICULO_TESTE_01,2154.0,60.4,86.9,33.0,28.6,29.3,47.3,8.96,14.04,56.81,OPERACAO_IRREGULAR,SIMULADO
2026-09-16 15:50:28,TEST_IRREGULAR_001,VEICULO_TESTE_01,1984.6,59.3,86.3,43.4,26.8,31.5,44.5,8.65,14.11,56.81,OPERACAO_IRREGULAR,SIMULADO
2026-09-16 15:50:29,TEST_IRREGULAR_001,VEICULO_TESTE_01,1989.0,58.0,86.5,37.3,19.9,29.2,43.2,8.71,14.13,56.81,OPERACAO_IRREGULAR,SIMULADO
2026-09-16 15:50:30,TEST_IRREGULAR_001,VEICULO_TESTE_01,1736.6,56.9,87.5,43.8,24.5,30.4,48.2,8.66,14.17,56.81,OPERACAO_IRREGULAR,SIMULADO
2026-09-16 15:50:31,TEST_IRREGULAR_001,VEICULO_TESTE_01,2119.6,55.9,86.7,34.4,19.0,27.7,45.5,8.34,14.3,56.81,OPERACAO_IRREGULAR,SIMULADO
2026-09-16 15:50:32,TEST_IRREGULAR_001,VEICULO_TESTE_01,2189.6,54.8,86.1,30.7,20.7,30.2,49.1,9.14,14.16,56.81,OPERACAO_IRREGULAR,SIMULADO
2026-09-16 15:50:33,TEST_IRREGULAR_001,VEICULO_TESTE_01,2411.8,53.6,85.7,27.9,29.9,29.5,49.3,8.4,14.11,56.81,OPERACAO_IRREGULAR,SIMULADO
2026-09-16 15:50:34,TEST_IRREGULAR_001,VEICULO_TESTE_01,1942.0,52.8,86.6,44.0,19.0,31.7,50.3,8.82,14.21,56.8,OPERACAO_IRREGULAR,SIMULADO
2026-09-16 15:50:35,TEST_IRREGULAR_001,VEICULO_TESTE_01,2040.1,52.2,86.6,42.2,25.2,30.6,49.0,8.61,14.13,56.8,OPERACAO_IRREGULAR,SIMULADO
2026-09-16 15:50:36,TEST_IRREGULAR_001,VEICULO_TESTE_01,2219.1,51.8,86.9,33.7,15.2,32.3,42.1,8.63,14.2,56.8,OPERACAO_IRREGULAR,SIMULADO
2026-09-16 15:50:37,TEST_IRREGULAR_001,VEICULO_TESTE_01,2589.7,51.6,86.7,46.7,24.0,30.6,48.3,8.22,14.22,56.8,OPERACAO_IRREGULAR,SIMULADO
2026-09-16 15:50:38,TEST_IRREGULAR_001,VEICULO_TESTE_01,2261.0,51.6,86.7,40.3,29.1,30.2,45.3,8.66,14.09,56.8,OPERACAO_IRREGULAR,SIMULADO
2026-09-16 15:50:39,TEST_IRREGULAR_001,VEICULO_TESTE_01,2648.0,51.6,86.5,42.5,19.1,29.6,45.3,8.46,14.11,56.8,OPERACAO_IRREGULAR,SIMULADO
2026-09-16 15:50:40,TEST_IRREGULAR_001,VEICULO_TESTE_01,1872.0,51.6,86.6,45.0,11.9,30.3,45.5,7.64,14.07,56.8,OPERACAO_IRREGULAR,SIMULADO
2026-09-16 15:50:41,TEST_IRREGULAR_001,VEICULO_TESTE_01,1935.2,51.6,87.4,34.1,26.8,28.4,48.5,8.29,14.12,56.79,OPERACAO_IRREGULAR,SIMULADO
2026-09-16 15:50:42,TEST_IRREGULAR_001,VEICULO_TESTE_01,2172.0,51.5,87.5,35.2,21.3,30.3,43.6,8.7,14.33,56.79,OPERACAO_IRREGULAR,SIMULADO
2026-09-16 15:50:43,TEST_IRREGULAR_001,VEICULO_TESTE_01,1738.1,51.5,86.9,49.1,32.8,29.2,48.5,8.26,13.99,56.79,OPERACAO_IRREGULAR,SIMULADO
2026-09-16 15:50:44,TEST_IRREGULAR_001,VEICULO_TESTE_01,1982.6,51.6,87.4,46.5,21.9,30.6,46.3,7.8,14.12,56.79,OPERACAO_IRREGULAR,SIMULADO
2026-09-16 15:50:45,TEST_IRREGULAR_001,VEICULO_TESTE_01,2058.5,51.6,87.7,31.6,25.7,28.0,45.7,8.11,14.1,56.79,OPERACAO_IRREGULAR,SIMULADO
2026-09-16 15:50:46,TEST_IRREGULAR_001,VEICULO_TESTE_01,1720.3,51.5,87.7,23.7,24.5,30.1,47.0,8.22,14.32,56.79,OPERACAO_IRREGULAR,SIMULADO
2026-09-16 15:50:47,TEST_IRREGULAR_001,VEICULO_TESTE_01,1988.0,51.6,86.5,39.9,30.8,29.7,44.2,8.08,14.28,56.79,OPERACAO_IRREGULAR,SIMULADO
2026-09-16 15:50:48,TEST_IRREGULAR_001,VEICULO_TESTE_01,1929.7,51.5,87.6,34.3,24.2,30.2,47.7,7.99,14.17,56.78,OPERACAO_IRREGULAR,SIMULADO
2026-09-16 15:50:49,TEST_IRREGULAR_001,VEICULO_TESTE_01,1784.9,51.4,87.7,39.4,14.1,30.2,45.0,8.69,14.18,56.78,OPERACAO_IRREGULAR,SIMULADO
2026-09-16 15:50:50,TEST_IRREGULAR_001,VEICULO_TESTE_01,1714.7,51.1,87.0,46.2,25.6,29.5,45.9,8.34,14.1,56.78,OPERACAO_IRREGULAR,SIMULADO
2026-09-16 15:50:51,TEST_IRREGULAR_001,VEICULO_TESTE_01,1897.1,50.5,86.5,45.8,21.0,31.1,47.2,8.54,14.1,56.78,OPERACAO_IRREGULAR,SIMULADO
2026-09-16 15:50:52,TEST_IRREGULAR_001,VEICULO_TESTE_01,1960.0,49.6,86.6,24.5,23.4,29.7,42.7,8.16,14.11,56.78,OPERACAO_IRREGULAR,SIMULADO
2026-09-16 15:50:53,TEST_IRREGULAR_001,VEICULO_TESTE_01,1954.3,48.6,88.0,41.6,21.5,30.9,43.9,8.48,14.21,56.78,OPERACAO_IRREGULAR,SIMULADO
2026-09-16 15:50:54,TEST_IRREGULAR_001,VEICULO_TESTE_01,1907.9,47.3,87.5,46.0,16.6,29.9,42.3,7.75,14.15,56.78,OPERACAO_IRREGULAR,SIMULADO
2026-09-16 15:50:55,TEST_IRREGULAR_001,VEICULO_TESTE_01,1915.1,46.3,87.3,34.6,28.2,29.5,42.8,8.42,14.15,56.77,OPERACAO_IRREGULAR,SIMULADO
2026-09-16 15:50:56,TEST_IRREGULAR_001,VEICULO_TESTE_01,1890.4,45.6,87.5,30.1,25.7,31.5,44.7,7.89,14.14,56.77,OPERACAO_IRREGULAR,SIMULADO
2026-09-16 15:50:57,TEST_IRREGULAR_001,VEICULO_TESTE_01,2260.9,45.2,88.1,39.1,19.6,31.2,45.7,7.7,14.26,56.77,OPERACAO_IRREGULAR,SIMULADO
2026-09-16 15:50:58,TEST_IRREGULAR_001,VEICULO_TESTE_01,2045.3,45.0,87.4,26.9,17.7,29.1,42.4,7.1,14.0,56.77,OPERACAO_IRREGULAR,SIMULADO
2026-09-16 15:50:59,TEST_IRREGULAR_001,VEICULO_TESTE_01,1909.9,45.0,87.1,28.2,21.8,28.6,43.6,7.73,14.17,56.77,OPERACAO_IRREGULAR,SIMULADO
2026-09-16 15:51:00,TEST_IRREGULAR_001,VEICULO_TESTE_01,1655.9,45.0,88.0,32.8,11.9,32.1,45.2,8.0,14.14,56.77,OPERACAO_IRREGULAR,SIMULADO
2026-09-16 15:51:01,TEST_IRREGULAR_001,VEICULO_TESTE_01,1635.4,45.0,88.3,44.3,21.5,30.1,43.1,7.68,14.15,56.77,OPERACAO_IRREGULAR,SIMULADO
2026-09-16 15:51:02,TEST_IRREGULAR_001,VEICULO_TESTE_01,1695.3,45.0,88.5,28.8,27.7,30.6,43.9,7.83,14.12,56.76,OPERACAO_IRREGULAR,SIMULADO
2026-09-16 15:51:03,TEST_IRREGULAR_001,VEICULO_TESTE_01,1780.1,44.9,87.1,33.5,8.3,30.4,43.4,8.39,14.08,56.76,OPERACAO_IRREGULAR,SIMULADO
2026-09-16 15:51:04,TEST_IRREGULAR_001,VEICULO_TESTE_01,1754.5,44.9,87.1,44.8,27.7,29.2,44.2,7.67,14.13,56.76,OPERACAO_IRREGULAR,SIMULADO
2026-09-16 15:51:05,TEST_IRREGULAR_001,VEICULO_TESTE_01,1816.4,44.9,87.1,12.3,15.1,29.3,42.7,8.15,14.22,56.76,OPERACAO_IRREGULAR,SIMULADO
2026-09-16 15:51:06,TEST_IRREGULAR_001,VEICULO_TESTE_01,1787.8,44.8,87.9,22.7,14.6,29.4,43.4,7.42,14.22,56.76,OPERACAO_IRREGULAR,SIMULADO
2026-09-16 15:51:07,TEST_IRREGULAR_001,VEICULO_TESTE_01,2038.9,44.9,87.1,29.3,25.1,30.4,42.6,8.56,14.11,56.76,OPERACAO_IRREGULAR,SIMULADO
2026-09-16 15:51:08,TEST_IRREGULAR_001,VEICULO_TESTE_01,1926.4,44.9,87.6,28.3,17.2,30.2,45.4,8.5,14.06,56.76,OPERACAO_IRREGULAR,SIMULADO
2026-09-16 15:51:09,TEST_IRREGULAR_001,VEICULO_TESTE_01,2061.9,45.0,87.4,31.1,26.4,30.1,42.4,7.28,14.03,56.75,OPERACAO_IRREGULAR,SIMULADO
2026-09-16 15:51:10,TEST_IRREGULAR_001,VEICULO_TESTE_01,1919.2,44.9,88.1,39.8,21.1,30.7,44.1,7.97,14.1,56.75,OPERACAO_IRREGULAR,SIMULADO
2026-09-16 15:51:11,TEST_IRREGULAR_001,VEICULO_TESTE_01,2211.0,45.0,87.3,41.6,17.5,28.5,43.9,7.89,14.14,56.75,OPERACAO_IRREGULAR,SIMULADO
2026-09-16 15:51:12,TEST_IRREGULAR_001,VEICULO_TESTE_01,2085.0,45.0,88.3,38.7,24.6,28.9,50.7,7.56,14.02,56.75,OPERACAO_IRREGULAR,SIMULADO
2026-09-16 15:51:13,TEST_IRREGULAR_001,VEICULO_TESTE_01,2168.6,45.0,87.3,42.4,23.0,29.7,43.1,7.9,14.1,56.75,OPERACAO_IRREGULAR,SIMULADO
2026-09-16 15:51:14,TEST_IRREGULAR_001,VEICULO_TESTE_01,1784.0,44.9,86.7,28.8,29.6,29.6,47.2,7.6,14.19,56.75,OPERACAO_IRREGULAR,SIMULADO
2026-09-16 15:51:15,TEST_IRREGULAR_001,VEICULO_TESTE_01,2280.0,45.0,87.9,34.8,16.6,30.8,46.1,7.32,14.22,56.75,OPERACAO_IRREGULAR,SIMULADO
2026-09-16 15:51:16,TEST_IRREGULAR_001,VEICULO_TESTE_01,1686.2,44.9,88.1,33.7,6.7,31.1,43.3,7.51,14.23,56.74,OPERACAO_IRREGULAR,SIMULADO
2026-09-16 15:51:17,TEST_IRREGULAR_001,VEICULO_TESTE_01,1861.1,45.0,88.3,34.6,18.1,30.3,42.2,8.03,14.16,56.74,OPERACAO_IRREGULAR,SIMULADO
2026-09-16 15:51:18,TEST_IRREGULAR_001,VEICULO_TESTE_01,2181.8,44.9,87.6,41.2,24.5,32.0,44.1,8.14,14.2,56.74,OPERACAO_IRREGULAR,SIMULADO
2026-09-16 15:51:19,TEST_IRREGULAR_001,VEICULO_TESTE_01,1744.5,44.9,87.9,41.8,20.0,30.1,49.0,7.61,14.2,56.74,OPERACAO_IRREGULAR,SIMULADO
2026-09-16 15:51:20,TEST_IRREGULAR_001,VEICULO_TESTE_01,2289.7,44.9,87.3,39.2,17.3,29.8,43.5,7.8,14.18,56.74,OPERACAO_IRREGULAR,SIMULADO
2026-09-16 15:51:21,TEST_IRREGULAR_001,VEICULO_TESTE_01,1762.5,44.9,88.4,33.7,28.7,30.0,42.4,7.63,14.1,56.74,OPERACAO_IRREGULAR,SIMULADO
2026-09-16 15:51:22,TEST_IRREGULAR_001,VEICULO_TESTE_01,1635.9,45.0,88.0,51.5,18.3,30.6,50.7,8.68,14.24,56.74,OPERACAO_IRREGULAR,SIMULADO
2026-09-16 15:51:23,TEST_IRREGULAR_001,VEICULO_TESTE_01,1664.5,45.0,88.2,36.6,18.9,30.8,42.2,7.88,14.12,56.73,OPERACAO_IRREGULAR,SIMULADO
2026-09-16 15:51:24,TEST_IRREGULAR_001,VEICULO_TESTE_01,1691.6,44.9,87.2,35.9,24.1,28.7,43.9,7.53,14.05,56.73,OPERACAO_IRREGULAR,SIMULADO
2026-09-16 15:51:25,TEST_IRREGULAR_001,VEICULO_TESTE_01,1813.9,44.9,87.9,51.3,25.2,31.1,45.6,8.06,14.12,56.73,OPERACAO_IRREGULAR,SIMULADO
2026-09-16 15:51:26,TEST_IRREGULAR_001,VEICULO_TESTE_01,2152.8,44.9,87.4,31.4,9.6,28.4,41.4,8.29,14.16,56.73,OPERACAO_IRREGULAR,SIMULADO
2026-09-16 15:51:27,TEST_IRREGULAR_001,VEICULO_TESTE_01,2033.3,44.9,88.1,36.7,17.6,31.7,39.3,9.22,14.11,56.73,OPERACAO_IRREGULAR,SIMULADO
2026-09-16 15:51:28,TEST_IRREGULAR_001,VEICULO_TESTE_01,2038.2,45.0,87.1,40.2,18.0,30.9,50.3,7.69,14.07,56.73,OPERACAO_IRREGULAR,SIMULADO
2026-09-16 15:51:29,TEST_IRREGULAR_001,VEICULO_TESTE_01,2374.4,45.0,87.3,31.7,19.4,29.4,48.1,7.55,14.07,56.73,OPERACAO_IRREGULAR,SIMULADO
2026-09-16 15:51:30,TEST_IRREGULAR_001,VEICULO_TESTE_01,2092.6,45.1,86.7,36.9,16.5,29.4,44.5,8.3,14.08,56.72,OPERACAO_IRREGULAR,SIMULADO
2026-09-16 15:51:31,TEST_IRREGULAR_001,VEICULO_TESTE_01,2262.6,45.1,87.7,34.8,22.2,29.6,45.8,8.13,14.33,56.72,OPERACAO_IRREGULAR,SIMULADO
2026-09-16 15:51:32,TEST_IRREGULAR_001,VEICULO_TESTE_01,1962.3,45.0,88.1,48.6,20.3,29.8,40.8,7.52,14.21,56.72,OPERACAO_IRREGULAR,SIMULADO
2026-09-16 15:51:33,TEST_IRREGULAR_001,VEICULO_TESTE_01,2233.5,45.0,89.3,44.0,27.2,29.8,50.1,8.11,14.2,56.72,OPERACAO_IRREGULAR,SIMULADO
2026-09-16 15:51:34,TEST_IRREGULAR_001,VEICULO_TESTE_01,1864.9,44.9,88.6,37.9,25.1,30.8,41.1,7.85,14.17,56.72,OPERACAO_IRREGULAR,SIMULADO
2026-09-16 15:51:35,TEST_IRREGULAR_001,VEICULO_TESTE_01,1619.0,44.9,87.7,28.8,15.1,30.4,42.9,6.64,14.26,56.72,OPERACAO_IRREGULAR,SIMULADO
2026-09-16 15:51:36,TEST_IRREGULAR_001,VEICULO_TESTE_01,1604.4,45.0,89.2,41.7,19.5,29.5,43.9,8.48,14.15,56.72,OPERACAO_IRREGULAR,SIMULADO
2026-09-16 15:51:37,TEST_IRREGULAR_001,VEICULO_TESTE_01,1559.6,45.0,87.8,39.9,23.7,28.4,44.3,7.4,14.21,56.71,OPERACAO_IRREGULAR,SIMULADO
2026-09-16 15:51:38,TEST_IRREGULAR_001,VEICULO_TESTE_01,1665.0,45.1,88.6,45.2,22.8,28.4,46.3,8.37,14.08,56.71,OPERACAO_IRREGULAR,SIMULADO
2026-09-16 15:51:39,TEST_IRREGULAR_001,VEICULO_TESTE_01,1708.9,45.1,87.8,36.8,13.9,30.9,41.7,7.83,14.09,56.71,OPERACAO_IRREGULAR,SIMULADO
2026-09-16 15:51:40,TEST_IRREGULAR_001,VEICULO_TESTE_01,1789.2,45.1,87.3,36.0,17.2,27.6,46.0,8.31,14.3,56.71,OPERACAO_IRREGULAR,SIMULADO
2026-09-16 15:51:41,TEST_IRREGULAR_001,VEICULO_TESTE_01,1786.6,45.0,86.0,31.4,12.9,29.3,45.1,8.05,14.0,56.71,OPERACAO_IRREGULAR,SIMULADO
2026-09-16 15:51:42,TEST_IRREGULAR_001,VEICULO_TESTE_01,1890.2,45.0,87.8,42.3,18.9,29.4,47.0,7.93,14.06,56.71,OPERACAO_IRREGULAR,SIMULADO
2026-09-16 15:51:43,TEST_IRREGULAR_001,VEICULO_TESTE_01,1868.4,44.8,88.1,32.2,16.6,31.1,45.1,8.05,14.13,56.71,OPERACAO_IRREGULAR,SIMULADO
2026-09-16 15:51:44,TEST_IRREGULAR_001,VEICULO_TESTE_01,2027.8,44.5,87.6,37.0,34.2,32.0,46.4,7.57,14.11,56.71,OPERACAO_IRREGULAR,SIMULADO
2026-09-16 15:51:45,TEST_IRREGULAR_001,VEICULO_TESTE_01,2198.1,43.8,88.5,33.3,22.4,29.6,44.9,7.83,14.13,56.7,OPERACAO_IRREGULAR,SIMULADO
2026-09-16 15:51:46,TEST_IRREGULAR_001,VEICULO_TESTE_01,2066.7,42.9,88.1,26.6,17.6,29.3,41.1,7.06,14.08,56.7,OPERACAO_IRREGULAR,SIMULADO
2026-09-16 15:51:47,TEST_IRREGULAR_001,VEICULO_TESTE_01,2013.7,41.9,87.8,39.6,18.4,29.8,44.0,7.67,14.23,56.7,OPERACAO_IRREGULAR,SIMULADO
2026-09-16 15:51:48,TEST_IRREGULAR_001,VEICULO_TESTE_01,2048.3,40.6,88.2,34.1,14.4,31.0,42.0,7.94,14.17,56.7,OPERACAO_IRREGULAR,SIMULADO
2026-09-16 15:51:49,TEST_IRREGULAR_001,VEICULO_TESTE_01,2007.0,39.4,87.6,33.8,26.7,29.1,48.0,7.89,14.22,56.7,OPERACAO_IRREGULAR,SIMULADO
2026-09-16 15:51:50,TEST_IRREGULAR_001,VEICULO_TESTE_01,1753.2,38.3,87.8,42.6,22.3,28.9,47.9,6.64,14.11,56.7,OPERACAO_IRREGULAR,SIMULADO
2026-09-16 15:51:51,TEST_IRREGULAR_001,VEICULO_TESTE_01,1811.2,37.3,88.5,27.1,17.8,29.9,41.9,6.27,14.21,56.7,OPERACAO_IRREGULAR,SIMULADO
2026-09-16 15:51:52,TEST_IRREGULAR_001,VEICULO_TESTE_01,1934.7,36.4,88.9,36.7,25.0,30.4,42.7,7.08,14.1,56.69,OPERACAO_IRREGULAR,SIMULADO
2026-09-16 15:51:53,TEST_IRREGULAR_001,VEICULO_TESTE_01,1433.4,35.6,87.1,39.3,17.0,28.3,44.6,6.66,14.07,56.69,OPERACAO_IRREGULAR,SIMULADO
2026-09-16 15:51:54,TEST_IRREGULAR_001,VEICULO_TESTE_01,1441.2,34.7,88.3,38.9,25.9,30.5,42.7,7.32,14.25,56.69,OPERACAO_IRREGULAR,SIMULADO
2026-09-16 15:51:55,TEST_IRREGULAR_001,VEICULO_TESTE_01,1403.9,33.7,86.8,26.0,15.0,29.4,40.5,7.01,13.98,56.69,OPERACAO_IRREGULAR,SIMULADO
2026-09-16 15:51:56,TEST_IRREGULAR_001,VEICULO_TESTE_01,1361.0,32.7,87.0,43.7,25.9,28.9,47.3,7.46,14.14,56.69,OPERACAO_IRREGULAR,SIMULADO
2026-09-16 15:51:57,TEST_IRREGULAR_001,VEICULO_TESTE_01,1578.6,31.7,87.1,35.3,22.1,30.0,45.4,6.53,14.16,56.69,OPERACAO_IRREGULAR,SIMULADO
2026-09-16 15:51:58,TEST_IRREGULAR_001,VEICULO_TESTE_01,1216.9,30.5,87.1,27.9,18.6,30.6,42.4,7.48,14.07,56.69,OPERACAO_IRREGULAR,SIMULADO
2026-09-16 15:51:59,TEST_IRREGULAR_001,VEICULO_TESTE_01,1567.7,29.3,87.3,29.4,17.7,30.9,41.0,6.8,14.17,56.69,OPERACAO_IRREGULAR,SIMULADO
2026-09-16 15:52:00,TEST_IRREGULAR_001,VEICULO_TESTE_01,1305.5,27.9,87.5,22.7,15.3,29.4,44.0,6.92,14.23,56.68,OPERACAO_IRREGULAR,SIMULADO
2026-09-16 15:52:01,TEST_IRREGULAR_001,VEICULO_TESTE_01,1293.6,26.7,87.8,37.6,25.8,29.1,41.9,6.11,14.15,56.68,OPERACAO_IRREGULAR,SIMULADO
2026-09-16 15:52:02,TEST_IRREGULAR_001,VEICULO_TESTE_01,1495.4,25.2,88.7,47.8,18.1,29.5,40.7,7.34,14.09,56.68,OPERACAO_IRREGULAR,SIMULADO
2026-09-16 15:52:03,TEST_IRREGULAR_001,VEICULO_TESTE_01,1622.1,23.9,87.3,29.1,19.3,29.4,44.2,6.36,14.2,56.68,OPERACAO_IRREGULAR,SIMULADO
2026-09-16 15:52:04,TEST_IRREGULAR_001,VEICULO_TESTE_01,1622.3,22.9,87.5,29.8,18.2,28.3,45.2,5.73,14.24,56.68,OPERACAO_IRREGULAR,SIMULADO
2026-09-16 15:52:05,TEST_IRREGULAR_001,VEICULO_TESTE_01,1537.4,21.8,87.8,33.3,29.8,27.9,43.4,6.17,14.06,56.68,OPERACAO_IRREGULAR,SIMULADO
2026-09-16 15:52:06,TEST_IRREGULAR_001,VEICULO_TESTE_01,1496.0,20.7,87.8,47.1,26.0,30.1,45.1,6.44,14.27,56.68,OPERACAO_IRREGULAR,SIMULADO
2026-09-16 15:52:07,TEST_IRREGULAR_001,VEICULO_TESTE_01,1436.3,19.7,88.9,35.2,22.7,30.9,41.6,6.76,14.29,56.68,OPERACAO_IRREGULAR,SIMULADO
2026-09-16 15:52:08,TEST_IRREGULAR_001,VEICULO_TESTE_01,1445.5,18.7,86.6,24.9,15.1,29.8,41.4,6.8,14.17,56.67,OPERACAO_IRREGULAR,SIMULADO
2026-09-16 15:52:09,TEST_IRREGULAR_001,VEICULO_TESTE_01,1416.9,18.0,87.8,28.1,11.2,31.4,36.0,6.3,14.15,56.67,OPERACAO_IRREGULAR,SIMULADO
2026-09-16 15:52:10,TEST_IRREGULAR_001,VEICULO_TESTE_01,1571.2,17.8,88.0,30.8,19.2,30.4,43.3,6.48,14.08,56.67,OPERACAO_IRREGULAR,SIMULADO
2026-09-16 15:52:11,TEST_IRREGULAR_001,VEICULO_TESTE_01,1255.6,17.9,88.7,33.2,15.3,29.5,40.2,5.66,14.22,56.67,OPERACAO_IRREGULAR,SIMULADO
2026-09-16 15:52:12,TEST_IRREGULAR_001,VEICULO_TESTE_01,1267.2,18.4,87.1,41.3,18.9,30.1,47.0,6.87,14.04,56.67,OPERACAO_IRREGULAR,SIMULADO
2026-09-16 15:52:13,TEST_IRREGULAR_001,VEICULO_TESTE_01,1576.2,19.3,89.2,59.5,29.5,31.4,53.4,7.91,14.11,56.67,OPERACAO_IRREGULAR,SIMULADO
2026-09-16 15:52:14,TEST_IRREGULAR_001,VEICULO_TESTE_01,1195.4,20.2,88.3,48.3,31.2,30.8,53.0,8.47,14.18,56.67,OPERACAO_IRREGULAR,SIMULADO
2026-09-16 15:52:15,TEST_IRREGULAR_001,VEICULO_TESTE_01,1523.3,21.3,89.3,49.8,25.5,30.2,50.9,6.37,14.24,56.66,OPERACAO_IRREGULAR,SIMULADO
2026-09-16 15:52:16,TEST_IRREGULAR_001,VEICULO_TESTE_01,1471.2,22.3,88.9,62.6,30.0,30.8,49.4,7.88,14.1,56.66,OPERACAO_IRREGULAR,SIMULADO
2026-09-16 15:52:17,TEST_IRREGULAR_001,VEICULO_TESTE_01,1523.8,23.3,88.8,52.3,14.9,29.3,48.4,8.46,14.2,56.66,OPERACAO_IRREGULAR,SIMULADO
2026-09-16 15:52:18,TEST_IRREGULAR_001,VEICULO_TESTE_01,1476.7,24.2,89.0,59.3,21.5,30.0,50.1,8.3,14.2,56.66,OPERACAO_IRREGULAR,SIMULADO
2026-09-16 15:52:19,TEST_IRREGULAR_001,VEICULO_TESTE_01,1860.7,25.1,87.9,36.4,23.8,29.2,48.6,7.77,14.14,56.66,OPERACAO_IRREGULAR,SIMULADO
2026-09-16 15:52:20,TEST_IRREGULAR_001,VEICULO_TESTE_01,1809.5,25.9,87.8,52.0,28.1,31.0,49.5,8.71,14.13,56.66,OPERACAO_IRREGULAR,SIMULADO
2026-09-16 15:52:21,TEST_IRREGULAR_001,VEICULO_TESTE_01,2006.1,26.8,89.3,83.3,28.3,29.7,51.8,8.35,14.03,56.66,OPERACAO_IRREGULAR,SIMULADO
2026-09-16 15:52:22,TEST_IRREGULAR_001,VEICULO_TESTE_01,1786.9,27.8,88.7,47.0,31.6,30.0,53.9,7.97,14.1,56.65,OPERACAO_IRREGULAR,SIMULADO
2026-09-16 15:52:23,TEST_IRREGULAR_001,VEICULO_TESTE_01,2044.9,28.7,88.2,37.2,17.5,30.1,51.9,7.72,14.03,56.65,OPERACAO_IRREGULAR,SIMULADO
2026-09-16 15:52:24,TEST_IRREGULAR_001,VEICULO_TESTE_01,1828.3,29.5,89.3,45.3,34.8,29.6,52.2,8.01,14.2,56.65,OPERACAO_IRREGULAR,SIMULADO
2026-09-16 15:52:25,TEST_IRREGULAR_001,VEICULO_TESTE_01,2007.2,30.3,88.0,47.7,26.1,31.3,47.8,7.91,14.15,56.65,OPERACAO_IRREGULAR,SIMULADO
2026-09-16 15:52:26,TEST_IRREGULAR_001,VEICULO_TESTE_01,1649.8,30.9,88.0,25.1,13.3,29.7,48.7,7.91,14.06,56.65,OPERACAO_IRREGULAR,SIMULADO
2026-09-16 15:52:27,TEST_IRREGULAR_001,VEICULO_TESTE_01,1809.2,31.5,88.4,50.1,25.9,28.1,49.7,7.88,14.17,56.65,OPERACAO_IRREGULAR,SIMULADO
2026-09-16 15:52:28,TEST_IRREGULAR_001,VEICULO_TESTE_01,1655.2,32.1,88.1,46.5,25.5,30.1,49.4,8.51,14.19,56.65,OPERACAO_IRREGULAR,SIMULADO
2026-09-16 15:52:29,TEST_IRREGULAR_001,VEICULO_TESTE_01,1620.3,32.8,87.8,39.2,31.8,29.0,51.9,7.8,14.07,56.64,OPERACAO_IRREGULAR,SIMULADO
2026-09-16 15:52:30,TEST_IRREGULAR_001,VEICULO_TESTE_01,1654.9,33.5,89.1,51.0,31.5,29.5,51.9,8.01,14.31,56.64,OPERACAO_IRREGULAR,SIMULADO
2026-09-16 15:52:31,TEST_IRREGULAR_001,VEICULO_TESTE_01,1737.1,34.4,88.3,33.2,32.3,31.1,53.1,9.08,14.09,56.64,OPERACAO_IRREGULAR,SIMULADO
2026-09-16 15:52:32,TEST_IRREGULAR_001,VEICULO_TESTE_01,1662.3,35.3,88.7,47.9,33.3,30.9,55.7,8.57,14.23,56.64,OPERACAO_IRREGULAR,SIMULADO
2026-09-16 15:52:33,TEST_IRREGULAR_001,VEICULO_TESTE_01,1914.0,36.2,87.5,53.6,31.3,29.9,56.2,8.69,14.08,56.64,OPERACAO_IRREGULAR,SIMULADO
2026-09-16 15:52:34,TEST_IRREGULAR_001,VEICULO_TESTE_01,2077.1,37.2,89.5,61.7,40.0,31.4,56.4,9.32,14.04,56.64,OPERACAO_IRREGULAR,SIMULADO
2026-09-16 15:52:35,TEST_IRREGULAR_001,VEICULO_TESTE_01,1789.5,38.3,88.4,50.2,30.7,30.2,53.5,8.91,14.11,56.64,OPERACAO_IRREGULAR,SIMULADO
2026-09-16 15:52:36,TEST_IRREGULAR_001,VEICULO_TESTE_01,2238.5,39.3,88.3,52.8,27.1,29.7,54.1,8.9,14.14,56.63,OPERACAO_IRREGULAR,SIMULADO
2026-09-16 15:52:37,TEST_IRREGULAR_001,VEICULO_TESTE_01,1955.7,40.2,89.5,43.2,32.7,30.5,55.3,8.39,14.09,56.63,OPERACAO_IRREGULAR,SIMULADO
2026-09-16 15:52:38,TEST_IRREGULAR_001,VEICULO_TESTE_01,1879.7,41.0,87.5,45.9,32.1,29.7,50.3,8.49,14.08,56.63,OPERACAO_IRREGULAR,SIMULADO
2026-09-16 15:52:39,TEST_IRREGULAR_001,VEICULO_TESTE_01,2193.3,41.9,88.4,51.2,28.6,31.4,55.1,8.42,14.13,56.63,OPERACAO_IRREGULAR,SIMULADO
2026-09-16 15:52:40,TEST_IRREGULAR_001,VEICULO_TESTE_01,2258.4,42.7,89.3,43.5,33.6,29.5,53.4,9.03,14.22,56.63,OPERACAO_IRREGULAR,SIMULADO
2026-09-16 15:52:41,TEST_IRREGULAR_001,VEICULO_TESTE_01,2342.7,43.4,89.0,49.6,33.3,29.3,48.9,8.88,14.13,56.63,OPERACAO_IRREGULAR,SIMULADO
2026-09-16 15:52:42,TEST_IRREGULAR_001,VEICULO_TESTE_01,2300.3,44.2,87.9,36.0,32.0,30.1,53.5,8.45,14.22,56.62,OPERACAO_IRREGULAR,SIMULADO
2026-09-16 15:52:43,TEST_IRREGULAR_001,VEICULO_TESTE_01,2187.7,45.1,89.1,44.0,32.1,31.1,54.9,9.19,14.09,56.62,OPERACAO_IRREGULAR,SIMULADO
2026-09-16 15:52:44,TEST_IRREGULAR_001,VEICULO_TESTE_01,2560.7,45.7,89.2,42.6,26.3,29.5,47.8,8.54,14.1,56.62,OPERACAO_IRREGULAR,SIMULADO
2026-09-16 15:52:45,TEST_IRREGULAR_001,VEICULO_TESTE_01,2133.6,46.3,88.9,42.9,27.1,29.6,51.8,8.41,14.2,56.62,OPERACAO_IRREGULAR,SIMULADO
2026-09-16 15:52:46,TEST_IRREGULAR_001,VEICULO_TESTE_01,2276.8,47.0,88.9,33.3,29.5,28.6,55.0,8.93,14.08,56.62,OPERACAO_IRREGULAR,SIMULADO
2026-09-16 15:52:47,TEST_IRREGULAR_001,VEICULO_TESTE_01,1956.1,47.6,88.4,43.4,25.5,30.2,52.0,8.91,14.02,56.62,OPERACAO_IRREGULAR,SIMULADO
2026-09-16 15:52:48,TEST_IRREGULAR_001,VEICULO_TESTE_01,2006.2,48.2,87.7,43.8,33.3,29.7,51.8,7.74,14.11,56.62,OPERACAO_IRREGULAR,SIMULADO
2026-09-16 15:52:49,TEST_IRREGULAR_001,VEICULO_TESTE_01,1684.4,48.8,89.2,52.6,28.7,29.7,52.3,9.87,14.22,56.61,OPERACAO_IRREGULAR,SIMULADO
2026-09-16 15:52:50,TEST_IRREGULAR_001,VEICULO_TESTE_01,1812.3,49.6,87.7,52.8,22.9,28.4,49.3,9.43,14.12,56.61,OPERACAO_IRREGULAR,SIMULADO
2026-09-16 15:52:51,TEST_IRREGULAR_001,VEICULO_TESTE_01,1931.5,50.2,89.3,48.8,29.6,31.0,52.1,9.05,14.11,56.61,OPERACAO_IRREGULAR,SIMULADO
2026-09-16 15:52:52,TEST_IRREGULAR_001,VEICULO_TESTE_01,2260.0,51.0,89.8,40.5,25.8,29.0,51.7,8.98,14.21,56.61,OPERACAO_IRREGULAR,SIMULADO
2026-09-16 15:52:53,TEST_IRREGULAR_001,VEICULO_TESTE_01,2133.5,51.7,89.3,59.8,30.2,30.3,52.4,10.14,14.06,56.61,OPERACAO_IRREGULAR,SIMULADO
2026-09-16 15:52:54,TEST_IRREGULAR_001,VEICULO_TESTE_01,2185.2,52.4,89.1,50.2,21.1,28.6,52.5,9.53,14.09,56.61,OPERACAO_IRREGULAR,SIMULADO
2026-09-16 15:52:55,TEST_IRREGULAR_001,VEICULO_TESTE_01,2242.3,53.0,89.3,50.1,27.3,30.9,51.9,8.33,14.17,56.6,OPERACAO_IRREGULAR,SIMULADO
2026-09-16 15:52:56,TEST_IRREGULAR_001,VEICULO_TESTE_01,2629.8,53.8,88.2,66.1,28.6,30.3,56.4,10.27,14.21,56.6,OPERACAO_IRREGULAR,SIMULADO
2026-09-16 15:52:57,TEST_IRREGULAR_001,VEICULO_TESTE_01,2342.8,54.6,89.4,58.3,41.1,30.5,53.6,10.36,14.19,56.6,OPERACAO_IRREGULAR,SIMULADO
2026-09-16 15:52:58,TEST_IRREGULAR_001,VEICULO_TESTE_01,2552.2,55.4,89.0,62.1,38.7,28.0,54.4,9.66,14.14,56.6,OPERACAO_IRREGULAR,SIMULADO
2026-09-16 15:52:59,TEST_IRREGULAR_001,VEICULO_TESTE_01,2413.7,56.3,89.4,41.0,28.9,31.1,53.4,9.71,14.36,56.6,OPERACAO_IRREGULAR,SIMULADO
2026-09-16 15:53:00,TEST_IRREGULAR_001,VEICULO_TESTE_01,2922.2,57.1,90.2,52.5,28.9,30.0,55.1,9.89,14.16,56.6,OPERACAO_IRREGULAR,SIMULADO
2026-09-16 15:53:01,TEST_IRREGULAR_001,VEICULO_TESTE_01,2800.4,57.9,88.1,51.1,30.5,29.7,54.9,10.19,14.2,56.59,OPERACAO_IRREGULAR,SIMULADO
2026-09-16 15:53:02,TEST_IRREGULAR_001,VEICULO_TESTE_01,2469.0,58.9,88.7,46.8,36.5,31.1,53.3,9.32,14.14,56.59,OPERACAO_IRREGULAR,SIMULADO
2026-09-16 15:53:03,TEST_IRREGULAR_001,VEICULO_TESTE_01,2395.9,59.8,89.9,47.4,41.5,30.9,56.4,9.98,14.27,56.59,OPERACAO_IRREGULAR,SIMULADO
2026-09-16 15:53:04,TEST_IRREGULAR_001,VEICULO_TESTE_01,2537.0,60.8,89.5,51.6,27.8,29.0,58.8,10.72,14.12,56.59,OPERACAO_IRREGULAR,SIMULADO
2026-09-16 15:53:05,TEST_IRREGULAR_001,VEICULO_TESTE_01,2550.4,61.8,88.7,70.2,35.4,29.3,53.5,10.94,14.17,56.59,OPERACAO_IRREGULAR,SIMULADO
2026-09-16 15:53:06,TEST_IRREGULAR_001,VEICULO_TESTE_01,2593.0,62.7,88.5,50.8,25.5,29.8,55.4,9.41,14.06,56.59,OPERACAO_IRREGULAR,SIMULADO
2026-09-16 15:53:07,TEST_IRREGULAR_001,VEICULO_TESTE_01,2248.7,63.6,89.3,51.1,38.3,29.4,57.2,10.34,14.2,56.58,OPERACAO_IRREGULAR,SIMULADO
2026-09-16 15:53:08,TEST_IRREGULAR_001,VEICULO_TESTE_01,2360.1,64.3,88.8,46.1,41.0,30.3,58.7,10.54,14.17,56.58,OPERACAO_IRREGULAR,SIMULADO
2026-09-16 15:53:09,TEST_IRREGULAR_001,VEICULO_TESTE_01,2434.1,65.0,88.8,44.1,29.4,30.6,57.6,10.6,14.1,56.58,OPERACAO_IRREGULAR,SIMULADO
2026-09-16 15:53:10,TEST_IRREGULAR_001,VEICULO_TESTE_01,2309.6,65.5,88.1,35.2,36.3,31.5,50.4,10.13,14.08,56.58,OPERACAO_IRREGULAR,SIMULADO
2026-09-16 15:53:11,TEST_IRREGULAR_001,VEICULO_TESTE_01,2527.9,66.0,89.8,46.2,29.1,30.6,52.9,9.64,14.18,56.58,OPERACAO_IRREGULAR,SIMULADO
2026-09-16 15:53:12,TEST_IRREGULAR_001,VEICULO_TESTE_01,2455.5,66.5,90.1,37.9,33.3,29.0,56.7,9.65,14.11,56.58,OPERACAO_IRREGULAR,SIMULADO
2026-09-16 15:53:13,TEST_IRREGULAR_001,VEICULO_TESTE_01,2685.6,67.1,88.5,47.7,24.9,29.0,52.9,10.7,14.17,56.57,OPERACAO_IRREGULAR,SIMULADO
2026-09-16 15:53:14,TEST_IRREGULAR_001,VEICULO_TESTE_01,2734.4,67.8,89.4,50.2,39.2,28.6,55.8,10.91,14.18,56.57,OPERACAO_IRREGULAR,SIMULADO
2026-09-16 15:53:15,TEST_IRREGULAR_001,VEICULO_TESTE_01,2727.5,68.7,89.6,56.0,36.1,29.7,52.4,10.29,14.2,56.57,OPERACAO_IRREGULAR,SIMULADO
2026-09-16 15:53:16,TEST_IRREGULAR_001,VEICULO_TESTE_01,2872.3,69.6,89.0,37.9,28.7,28.2,56.9,11.41,14.1,56.57,OPERACAO_IRREGULAR,SIMULADO
2026-09-16 15:53:17,TEST_IRREGULAR_001,VEICULO_TESTE_01,3146.8,70.5,89.0,57.3,34.6,31.4,60.8,11.1,14.07,56.57,OPERACAO_IRREGULAR,SIMULADO
2026-09-16 15:53:18,TEST_IRREGULAR_001,VEICULO_TESTE_01,3130.0,71.5,88.7,59.1,33.2,29.8,58.3,11.5,14.09,56.57,OPERACAO_IRREGULAR,SIMULADO
2026-09-16 15:53:19,TEST_IRREGULAR_001,VEICULO_TESTE_01,3202.0,72.3,89.5,43.3,39.7,29.8,54.8,10.51,14.06,56.56,OPERACAO_IRREGULAR,SIMULADO
2026-09-16 15:53:20,TEST_IRREGULAR_001,VEICULO_TESTE_01,3064.0,73.0,88.6,57.4,35.6,32.9,55.2,10.42,14.15,56.56,OPERACAO_IRREGULAR,SIMULADO
2026-09-16 15:53:21,TEST_IRREGULAR_001,VEICULO_TESTE_01,2833.4,73.6,88.5,52.4,30.9,30.6,57.7,10.64,14.16,56.56,OPERACAO_IRREGULAR,SIMULADO
2026-09-16 15:53:22,TEST_IRREGULAR_001,VEICULO_TESTE_01,2574.3,74.2,89.4,47.8,37.8,30.4,54.0,10.72,14.23,56.56,OPERACAO_IRREGULAR,SIMULADO
2026-09-16 15:53:23,TEST_IRREGULAR_001,VEICULO_TESTE_01,2586.3,74.7,87.7,48.8,39.9,30.9,53.9,9.78,14.21,56.56,OPERACAO_IRREGULAR,SIMULADO
2026-09-16 15:53:24,TEST_IRREGULAR_001,VEICULO_TESTE_01,2530.9,75.2,89.3,51.0,46.7,30.6,61.5,10.58,14.26,56.55,OPERACAO_IRREGULAR,SIMULADO
2026-09-16 15:53:25,TEST_IRREGULAR_001,VEICULO_TESTE_01,2561.7,75.8,88.9,49.1,32.7,29.6,52.1,10.41,14.11,56.55,OPERACAO_IRREGULAR,SIMULADO
2026-09-16 15:53:26,TEST_IRREGULAR_001,VEICULO_TESTE_01,2418.8,76.4,89.0,36.7,29.3,31.5,50.8,10.98,14.01,56.55,OPERACAO_IRREGULAR,SIMULADO
2026-09-16 15:53:27,TEST_IRREGULAR_001,VEICULO_TESTE_01,2610.5,77.0,90.2,37.2,24.6,30.9,52.0,10.53,14.14,56.55,OPERACAO_IRREGULAR,SIMULADO
2026-09-16 15:53:28,TEST_IRREGULAR_001,VEICULO_TESTE_01,2564.7,77.5,89.9,41.0,37.8,28.3,55.6,11.08,14.22,56.55,OPERACAO_IRREGULAR,SIMULADO
2026-09-16 15:53:29,TEST_IRREGULAR_001,VEICULO_TESTE_01,2939.7,78.0,89.4,45.7,37.7,28.8,57.6,9.81,14.2,56.55,OPERACAO_IRREGULAR,SIMULADO
2026-09-16 15:53:30,TEST_IRREGULAR_001,VEICULO_TESTE_01,2755.2,78.7,89.1,45.7,32.8,29.8,52.0,10.74,14.19,56.54,OPERACAO_IRREGULAR,SIMULADO
2026-09-16 15:53:31,TEST_IRREGULAR_001,VEICULO_TESTE_01,2891.8,79.2,89.3,42.7,32.0,30.7,54.3,11.77,14.21,56.54,OPERACAO_IRREGULAR,SIMULADO
2026-09-16 15:53:32,TEST_IRREGULAR_001,VEICULO_TESTE_01,3176.9,79.7,88.5,48.6,38.0,31.0,51.7,10.52,14.13,56.54,OPERACAO_IRREGULAR,SIMULADO
2026-09-16 15:53:33,TEST_IRREGULAR_001,VEICULO_TESTE_01,3353.8,80.3,89.2,43.1,24.1,28.5,50.8,9.89,14.07,56.54,OPERACAO_IRREGULAR,SIMULADO
2026-09-16 15:53:34,TEST_IRREGULAR_001,VEICULO_TESTE_01,3269.1,80.7,87.8,48.6,34.1,29.8,53.9,11.03,14.18,56.54,OPERACAO_IRREGULAR,SIMULADO
2026-09-16 15:53:35,TEST_IRREGULAR_001,VEICULO_TESTE_01,3073.1,80.9,88.8,38.6,29.6,29.3,53.9,10.35,14.17,56.54,OPERACAO_IRREGULAR,SIMULADO
2026-09-16 15:53:36,TEST_IRREGULAR_001,VEICULO_TESTE_01,3233.7,81.0,89.0,31.7,24.8,28.6,49.5,10.8,14.14,56.53,OPERACAO_IRREGULAR,SIMULADO
2026-09-16 15:53:37,TEST_IRREGULAR_001,VEICULO_TESTE_01,3046.4,81.2,89.9,53.0,25.1,30.6,54.2,9.62,14.24,56.53,OPERACAO_IRREGULAR,SIMULADO
2026-09-16 15:53:38,TEST_IRREGULAR_001,VEICULO_TESTE_01,2776.5,80.9,89.4,37.2,27.4,29.8,48.0,9.92,14.13,56.53,OPERACAO_IRREGULAR,SIMULADO
2026-09-16 15:53:39,TEST_IRREGULAR_001,VEICULO_TESTE_01,2558.3,80.3,89.4,38.8,18.4,29.6,46.8,9.87,14.23,56.53,OPERACAO_IRREGULAR,SIMULADO
2026-09-16 15:53:40,TEST_IRREGULAR_001,VEICULO_TESTE_01,2676.9,79.5,89.2,47.0,29.3,29.2,50.1,10.8,14.03,56.53,OPERACAO_IRREGULAR,SIMULADO
2026-09-16 15:53:41,TEST_IRREGULAR_001,VEICULO_TESTE_01,2431.9,78.5,89.6,44.0,22.4,30.8,52.8,10.44,14.12,56.53,OPERACAO_IRREGULAR,SIMULADO
2026-09-16 15:53:42,TEST_IRREGULAR_001,VEICULO_TESTE_01,2477.5,77.3,88.1,31.5,21.2,30.2,46.8,9.53,14.15,56.52,OPERACAO_IRREGULAR,SIMULADO
2026-09-16 15:53:43,TEST_IRREGULAR_001,VEICULO_TESTE_01,2276.1,76.0,88.9,47.5,32.9,29.9,52.2,9.52,14.16,56.52,OPERACAO_IRREGULAR,SIMULADO
2026-09-16 15:53:44,TEST_IRREGULAR_001,VEICULO_TESTE_01,2409.1,74.8,88.7,29.5,31.7,31.0,50.6,10.56,14.17,56.52,OPERACAO_IRREGULAR,SIMULADO
2026-09-16 15:53:45,TEST_IRREGULAR_001,VEICULO_TESTE_01,2399.9,73.6,89.7,39.9,35.0,30.3,47.0,9.11,14.11,56.52,OPERACAO_IRREGULAR,SIMULADO
2026-09-16 15:53:46,TEST_IRREGULAR_001,VEICULO_TESTE_01,2744.9,72.3,89.2,40.4,23.4,28.5,48.0,10.21,14.35,56.52,OPERACAO_IRREGULAR,SIMULADO
2026-09-16 15:53:47,TEST_IRREGULAR_001,VEICULO_TESTE_01,2286.8,70.9,89.5,26.8,24.8,31.0,44.5,9.21,14.13,56.52,OPERACAO_IRREGULAR,SIMULADO
2026-09-16 15:53:48,TEST_IRREGULAR_001,VEICULO_TESTE_01,2340.2,69.7,88.8,36.9,12.1,29.3,47.7,9.71,14.12,56.51,OPERACAO_IRREGULAR,SIMULADO
2026-09-16 15:53:49,TEST_IRREGULAR_001,VEICULO_TESTE_01,2257.4,68.4,90.7,39.3,15.5,31.1,50.8,8.88,14.15,56.51,OPERACAO_IRREGULAR,SIMULADO
2026-09-16 15:53:50,TEST_IRREGULAR_001,VEICULO_TESTE_01,2895.2,67.3,88.9,46.0,25.1,30.7,50.1,9.58,14.13,56.51,OPERACAO_IRREGULAR,SIMULADO
2026-09-16 15:53:51,TEST_IRREGULAR_001,VEICULO_TESTE_01,2454.8,66.3,88.5,33.3,29.9,30.6,44.2,8.91,14.4,56.51,OPERACAO_IRREGULAR,SIMULADO
2026-09-16 15:53:52,TEST_IRREGULAR_001,VEICULO_TESTE_01,2822.2,65.6,88.6,48.5,20.8,30.0,47.0,9.43,14.1,56.51,OPERACAO_IRREGULAR,SIMULADO
2026-09-16 15:53:53,TEST_IRREGULAR_001,VEICULO_TESTE_01,2606.9,64.9,88.5,43.3,22.9,31.4,45.8,8.41,14.06,56.51,OPERACAO_IRREGULAR,SIMULADO
2026-09-16 15:53:54,TEST_IRREGULAR_001,VEICULO_TESTE_01,2792.0,64.1,90.0,26.3,24.3,29.7,42.1,8.32,14.15,56.51,OPERACAO_IRREGULAR,SIMULADO
2026-09-16 15:53:55,TEST_IRREGULAR_001,VEICULO_TESTE_01,2560.1,63.2,88.2,28.8,21.3,30.8,45.6,9.33,14.17,56.5,OPERACAO_IRREGULAR,SIMULADO
2026-09-16 15:53:56,TEST_IRREGULAR_001,VEICULO_TESTE_01,2532.2,62.3,88.7,37.2,25.5,31.1,50.5,8.99,14.29,56.5,OPERACAO_IRREGULAR,SIMULADO
2026-09-16 15:53:57,TEST_IRREGULAR_001,VEICULO_TESTE_01,2326.9,61.3,90.5,32.5,34.0,29.4,49.3,8.26,14.19,56.5,OPERACAO_IRREGULAR,SIMULADO
2026-09-16 15:53:58,TEST_IRREGULAR_001,VEICULO_TESTE_01,2168.3,60.2,89.3,34.4,14.3,30.1,44.5,8.74,13.96,56.5,OPERACAO_IRREGULAR,SIMULADO
2026-09-16 15:53:59,TEST_IRREGULAR_001,VEICULO_TESTE_01,2211.7,59.0,89.3,20.8,32.5,30.6,45.5,7.98,14.2,56.5,OPERACAO_IRREGULAR,SIMULADO
2026-09-16 15:54:00,TEST_IRREGULAR_001,VEICULO_TESTE_01,2152.8,57.8,89.0,31.7,28.1,30.2,50.1,8.52,14.07,56.5,OPERACAO_IRREGULAR,SIMULADO
2026-09-16 15:54:01,TEST_IRREGULAR_001,VEICULO_TESTE_01,1652.6,56.5,89.3,30.8,22.0,30.0,46.4,9.1,14.01,56.5,OPERACAO_IRREGULAR,SIMULADO
2026-09-16 15:54:02,TEST_IRREGULAR_001,VEICULO_TESTE_01,1848.7,55.2,88.0,34.7,21.2,30.5,42.9,8.24,14.04,56.49,OPERACAO_IRREGULAR,SIMULADO
2026-09-16 15:54:03,TEST_IRREGULAR_001,VEICULO_TESTE_01,1878.3,53.8,88.7,38.6,33.6,29.2,50.1,8.64,14.15,56.49,OPERACAO_IRREGULAR,SIMULADO
2026-09-16 15:54:04,TEST_IRREGULAR_001,VEICULO_TESTE_01,1883.7,52.5,88.7,29.2,20.3,30.1,49.5,8.67,14.13,56.49,OPERACAO_IRREGULAR,SIMULADO
2026-09-16 15:54:05,TEST_IRREGULAR_001,VEICULO_TESTE_01,1897.0,51.3,90.3,38.2,18.3,29.7,45.8,7.78,14.1,56.49,OPERACAO_IRREGULAR,SIMULADO
2026-09-16 15:54:06,TEST_IRREGULAR_001,VEICULO_TESTE_01,2032.2,50.3,89.2,35.6,22.3,29.4,44.3,7.41,14.0,56.49,OPERACAO_IRREGULAR,SIMULADO
2026-09-16 15:54:07,TEST_IRREGULAR_001,VEICULO_TESTE_01,1925.1,49.4,88.7,42.5,25.6,30.1,42.4,8.07,14.14,56.49,OPERACAO_IRREGULAR,SIMULADO
2026-09-16 15:54:08,TEST_IRREGULAR_001,VEICULO_TESTE_01,2152.5,48.3,89.2,36.3,25.2,29.2,42.3,8.25,14.17,56.49,OPERACAO_IRREGULAR,SIMULADO
2026-09-16 15:54:09,TEST_IRREGULAR_001,VEICULO_TESTE_01,2359.7,47.2,88.8,24.3,21.7,28.9,43.5,8.27,14.05,56.48,OPERACAO_IRREGULAR,SIMULADO
2026-09-16 15:54:10,TEST_IRREGULAR_001,VEICULO_TESTE_01,2315.1,45.9,89.7,23.0,23.3,29.4,45.0,7.86,14.21,56.48,OPERACAO_IRREGULAR,SIMULADO
2026-09-16 15:54:11,TEST_IRREGULAR_001,VEICULO_TESTE_01,2574.0,44.5,89.5,46.9,17.1,29.5,46.1,8.37,14.02,56.48,OPERACAO_IRREGULAR,SIMULADO
2026-09-16 15:54:12,TEST_IRREGULAR_001,VEICULO_TESTE_01,2137.2,43.0,88.7,37.6,14.0,28.6,44.1,6.89,14.2,56.48,OPERACAO_IRREGULAR,SIMULADO
2026-09-16 15:54:13,TEST_IRREGULAR_001,VEICULO_TESTE_01,2019.8,41.5,88.9,25.9,14.8,30.3,43.1,6.61,14.17,56.48,OPERACAO_IRREGULAR,SIMULADO
2026-09-16 15:54:14,TEST_IRREGULAR_001,VEICULO_TESTE_01,1947.7,40.3,88.6,40.1,13.3,29.1,40.4,8.16,14.26,56.48,OPERACAO_IRREGULAR,SIMULADO
2026-09-16 15:54:15,TEST_IRREGULAR_001,VEICULO_TESTE_01,1941.5,39.3,88.9,30.3,27.5,32.0,44.9,8.65,14.13,56.48,OPERACAO_IRREGULAR,SIMULADO
2026-09-16 15:54:16,TEST_IRREGULAR_001,VEICULO_TESTE_01,1860.9,38.2,88.9,29.9,17.2,29.7,46.2,7.54,14.24,56.47,OPERACAO_IRREGULAR,SIMULADO
2026-09-16 15:54:17,TEST_IRREGULAR_001,VEICULO_TESTE_01,1614.6,37.3,89.1,43.8,20.0,30.6,41.7,7.69,14.2,56.47,OPERACAO_IRREGULAR,SIMULADO
2026-09-16 15:54:18,TEST_IRREGULAR_001,VEICULO_TESTE_01,1580.1,36.6,89.1,43.6,24.4,29.2,42.1,6.83,14.22,56.47,OPERACAO_IRREGULAR,SIMULADO
2026-09-16 15:54:19,TEST_IRREGULAR_001,VEICULO_TESTE_01,1237.5,35.8,89.0,47.0,27.0,30.8,47.2,7.25,14.18,56.47,OPERACAO_IRREGULAR,SIMULADO
2026-09-16 15:54:20,TEST_IRREGULAR_001,VEICULO_TESTE_01,1018.3,35.0,89.6,27.0,19.2,30.2,42.9,6.78,14.27,56.47,OPERACAO_IRREGULAR,SIMULADO
2026-09-16 15:54:21,TEST_IRREGULAR_001,VEICULO_TESTE_01,1440.0,34.4,89.6,52.4,27.1,30.6,44.8,7.2,14.08,56.47,OPERACAO_IRREGULAR,SIMULADO
2026-09-16 15:54:22,TEST_IRREGULAR_001,VEICULO_TESTE_01,1412.8,34.1,89.6,37.7,10.7,30.9,42.2,5.89,14.1,56.47,OPERACAO_IRREGULAR,SIMULADO
2026-09-16 15:54:23,TEST_IRREGULAR_001,VEICULO_TESTE_01,1365.4,33.9,89.6,29.4,22.4,28.8,42.2,5.87,14.13,56.46,OPERACAO_IRREGULAR,SIMULADO
2026-09-16 15:54:24,TEST_IRREGULAR_001,VEICULO_TESTE_01,1502.2,33.7,90.2,29.2,18.9,29.7,42.3,7.0,13.97,56.46,OPERACAO_IRREGULAR,SIMULADO
2026-09-16 15:54:25,TEST_IRREGULAR_001,VEICULO_TESTE_01,1681.5,33.8,89.8,33.8,24.3,31.5,45.6,7.18,14.33,56.46,OPERACAO_IRREGULAR,SIMULADO
2026-09-16 15:54:26,TEST_IRREGULAR_001,VEICULO_TESTE_01,1960.3,33.8,89.2,31.1,15.4,33.5,40.4,7.19,14.22,56.46,OPERACAO_IRREGULAR,SIMULADO
