timestamp,session_id,vehicle_id,rpm,speed_kmh,coolant_temp_c,engine_load_pct,throttle_pct,intake_temp_c,map_kpa,maf_g_s,battery_voltage,fuel_level_pct,scenario,data_origin
2026-09-16 15:39:27,TEST_SEVERA_001,VEICULO_TESTE_01,814.3,0.0,28.1,22.6,12.2,28.5,40.5,4.65,14.25,82.84,CONDICAO_SEVERA_SIMULADA,SIMULADO
2026-09-16 15:39:28,TEST_SEVERA_001,VEICULO_TESTE_01,841.0,0.0,28.8,24.4,12.1,27.7,43.7,4.69,14.02,82.84,CONDICAO_SEVERA_SIMULADA,SIMULADO
2026-09-16 15:39:29,TEST_SEVERA_001,VEICULO_TESTE_01,720.0,0.2,29.8,23.9,14.6,28.6,38.8,4.19,14.16,82.84,CONDICAO_SEVERA_SIMULADA,SIMULADO
2026-09-16 15:39:30,TEST_SEVERA_001,VEICULO_TESTE_01,828.4,0.4,30.0,32.9,12.1,30.1,38.5,5.44,14.17,82.84,CONDICAO_SEVERA_SIMULADA,SIMULADO
2026-09-16 15:39:31,TEST_SEVERA_001,VEICULO_TESTE_01,804.4,0.9,29.8,23.1,11.3,27.4,38.0,5.25,14.21,82.84,CONDICAO_SEVERA_SIMULADA,SIMULADO
2026-09-16 15:39:32,TEST_SEVERA_001,VEICULO_TESTE_01,1075.9,1.5,30.4,29.7,18.4,29.5,50.2,6.56,14.16,82.84,CONDICAO_SEVERA_SIMULADA,SIMULADO
2026-09-16 15:39:33,TEST_SEVERA_001,VEICULO_TESTE_01,1015.0,2.3,29.8,34.8,19.5,28.2,48.0,6.42,14.18,82.84,CONDICAO_SEVERA_SIMULADA,SIMULADO
2026-09-16 15:39:34,TEST_SEVERA_001,VEICULO_TESTE_01,1032.4,3.0,30.3,38.8,21.8,28.4,48.3,7.01,14.17,82.84,CONDICAO_SEVERA_SIMULADA,SIMULADO
2026-09-16 15:39:35,TEST_SEVERA_001,VEICULO_TESTE_01,1087.2,3.8,31.6,39.8,21.3,27.4,49.4,6.95,14.04,82.84,CONDICAO_SEVERA_SIMULADA,SIMULADO
2026-09-16 15:39:36,TEST_SEVERA_001,VEICULO_TESTE_01,1122.7,4.7,31.4,36.2,21.8,27.9,52.2,6.06,14.09,82.83,CONDICAO_SEVERA_SIMULADA,SIMULADO
2026-09-16 15:39:37,TEST_SEVERA_001,VEICULO_TESTE_01,1106.1,5.5,30.5,30.9,20.0,27.9,50.1,6.6,14.17,82.83,CONDICAO_SEVERA_SIMULADA,SIMULADO
2026-09-16 15:39:38,TEST_SEVERA_001,VEICULO_TESTE_01,1095.7,6.2,31.9,30.2,20.1,27.8,45.9,5.64,14.2,82.83,CONDICAO_SEVERA_SIMULADA,SIMULADO
2026-09-16 15:39:39,TEST_SEVERA_001,VEICULO_TESTE_01,1268.7,7.1,32.0,35.3,23.3,28.5,50.6,7.25,14.2,82.83,CONDICAO_SEVERA_SIMULADA,SIMULADO
2026-09-16 15:39:40,TEST_SEVERA_001,VEICULO_TESTE_01,1134.8,7.8,32.2,33.7,19.2,27.9,46.4,6.81,14.19,82.83,CONDICAO_SEVERA_SIMULADA,SIMULADO
2026-09-16 15:39:41,TEST_SEVERA_001,VEICULO_TESTE_01,1203.2,8.5,32.1,33.2,18.9,26.8,46.5,5.94,14.08,82.83,CONDICAO_SEVERA_SIMULADA,SIMULADO
2026-09-16 15:39:42,TEST_SEVERA_001,VEICULO_TESTE_01,1201.7,9.2,34.3,35.8,19.5,28.7,49.1,6.94,14.21,82.83,CONDICAO_SEVERA_SIMULADA,SIMULADO
2026-09-16 15:39:43,TEST_SEVERA_001,VEICULO_TESTE_01,1236.0,10.1,33.7,40.0,22.4,28.8,49.8,6.59,14.3,82.83,CONDICAO_SEVERA_SIMULADA,SIMULADO
2026-09-16 15:39:44,TEST_SEVERA_001,VEICULO_TESTE_01,1273.3,10.7,32.8,32.1,18.3,28.8,46.1,6.33,14.09,82.82,CONDICAO_SEVERA_SIMULADA,SIMULADO
2026-09-16 15:39:45,TEST_SEVERA_001,VEICULO_TESTE_01,1276.5,11.4,32.6,33.2,20.1,26.3,47.4,6.84,14.13,82.82,CONDICAO_SEVERA_SIMULADA,SIMULADO
2026-09-16 15:39:46,TEST_SEVERA_001,VEICULO_TESTE_01,1177.4,12.1,32.7,28.8,16.0,29.5,44.6,5.83,14.21,82.82,CONDICAO_SEVERA_SIMULADA,SIMULADO
2026-09-16 15:39:47,TEST_SEVERA_001,VEICULO_TESTE_01,1246.1,12.7,33.1,31.6,20.1,26.2,43.1,6.35,14.25,82.82,CONDICAO_SEVERA_SIMULADA,SIMULADO
2026-09-16 15:39:48,TEST_SEVERA_001,VEICULO_TESTE_01,1219.8,13.3,34.1,31.2,18.2,28.9,49.7,6.86,13.93,82.82,CONDICAO_SEVERA_SIMULADA,SIMULADO
2026-09-16 15:39:49,TEST_SEVERA_001,VEICULO_TESTE_01,1306.5,14.0,35.2,35.1,18.2,29.4,48.3,6.58,14.23,82.82,CONDICAO_SEVERA_SIMULADA,SIMULADO
2026-09-16 15:39:50,TEST_SEVERA_001,VEICULO_TESTE_01,1367.7,14.7,35.3,33.4,19.6,28.4,44.6,6.83,14.18,82.82,CONDICAO_SEVERA_SIMULADA,SIMULADO
2026-09-16 15:39:51,TEST_SEVERA_001,VEICULO_TESTE_01,1394.5,15.4,34.5,39.6,21.1,27.8,47.5,7.76,14.2,82.82,CONDICAO_SEVERA_SIMULADA,SIMULADO
2026-09-16 15:39:52,TEST_SEVERA_001,VEICULO_TESTE_01,1335.8,16.0,35.5,39.7,22.1,29.0,49.9,7.05,14.3,82.81,CONDICAO_SEVERA_SIMULADA,SIMULADO
2026-09-16 15:39:53,TEST_SEVERA_001,VEICULO_TESTE_01,1369.1,16.7,36.3,33.5,18.6,29.0,47.8,7.0,14.11,82.81,CONDICAO_SEVERA_SIMULADA,SIMULADO
2026-09-16 15:39:54,TEST_SEVERA_001,VEICULO_TESTE_01,1472.2,17.5,36.1,38.7,20.9,28.6,52.1,7.41,14.22,82.81,CONDICAO_SEVERA_SIMULADA,SIMULADO
2026-09-16 15:39:55,TEST_SEVERA_001,VEICULO_TESTE_01,1610.7,18.2,34.7,29.7,17.0,26.7,43.4,7.87,14.08,82.81,CONDICAO_SEVERA_SIMULADA,SIMULADO
2026-09-16 15:39:56,TEST_SEVERA_001,VEICULO_TESTE_01,1380.2,19.0,36.1,35.0,21.9,27.7,47.9,6.42,14.17,82.81,CONDICAO_SEVERA_SIMULADA,SIMULADO
2026-09-16 15:39:57,TEST_SEVERA_001,VEICULO_TESTE_01,1397.6,19.8,36.9,33.5,22.8,29.3,48.4,7.17,14.33,82.81,CONDICAO_SEVERA_SIMULADA,SIMULADO
2026-09-16 15:39:58,TEST_SEVERA_001,VEICULO_TESTE_01,1406.4,20.4,36.1,38.3,22.3,28.2,49.5,7.8,14.06,82.81,CONDICAO_SEVERA_SIMULADA,SIMULADO
2026-09-16 15:39:59,TEST_SEVERA_001,VEICULO_TESTE_01,1432.5,21.1,37.0,33.5,20.0,27.9,49.2,7.48,14.17,82.8,CONDICAO_SEVERA_SIMULADA,SIMULADO
2026-09-16 15:40:00,TEST_SEVERA_001,VEICULO_TESTE_01,1624.2,22.0,37.1,36.7,20.3,29.3,49.7,8.03,14.1,82.8,CONDICAO_SEVERA_SIMULADA,SIMULADO
2026-09-16 15:40:01,TEST_SEVERA_001,VEICULO_TESTE_01,1554.7,22.9,37.1,46.4,22.5,29.1,51.9,8.14,14.2,82.8,CONDICAO_SEVERA_SIMULADA,SIMULADO
2026-09-16 15:40:02,TEST_SEVERA_001,VEICULO_TESTE_01,1653.8,23.8,38.0,43.1,25.2,28.8,52.8,7.91,14.15,82.8,CONDICAO_SEVERA_SIMULADA,SIMULADO
2026-09-16 15:40:03,TEST_SEVERA_001,VEICULO_TESTE_01,1601.7,24.6,36.9,43.3,21.7,30.0,54.0,8.71,14.04,82.8,CONDICAO_SEVERA_SIMULADA,SIMULADO
2026-09-16 15:40:04,TEST_SEVERA_001,VEICULO_TESTE_01,1490.8,25.2,36.9,37.3,20.3,28.1,48.6,8.0,14.12,82.8,CONDICAO_SEVERA_SIMULADA,SIMULADO
2026-09-16 15:40:05,TEST_SEVERA_001,VEICULO_TESTE_01,1531.7,25.6,36.5,27.7,16.2,29.4,41.4,7.06,14.1,82.8,CONDICAO_SEVERA_SIMULADA,SIMULADO
2026-09-16 15:40:06,TEST_SEVERA_001,VEICULO_TESTE_01,1523.8,25.7,38.7,31.3,20.3,27.7,44.1,7.23,14.04,82.79,CONDICAO_SEVERA_SIMULADA,SIMULADO
2026-09-16 15:40:07,TEST_SEVERA_001,VEICULO_TESTE_01,1445.1,25.7,38.6,24.0,13.8,27.8,42.2,7.03,14.13,82.79,CONDICAO_SEVERA_SIMULADA,SIMULADO
2026-09-16 15:40:08,TEST_SEVERA_001,VEICULO_TESTE_01,1403.9,25.7,38.3,25.3,11.6,27.5,40.7,6.27,14.2,82.79,CONDICAO_SEVERA_SIMULADA,SIMULADO
2026-09-16 15:40:09,TEST_SEVERA_001,VEICULO_TESTE_01,1479.1,25.7,38.8,23.6,12.2,29.8,36.3,6.49,14.02,82.79,CONDICAO_SEVERA_SIMULADA,SIMULADO
2026-09-16 15:40:10,TEST_SEVERA_001,VEICULO_TESTE_01,1432.5,25.7,39.3,26.8,13.6,30.4,43.7,6.51,14.25,82.79,CONDICAO_SEVERA_SIMULADA,SIMULADO
2026-09-16 15:40:11,TEST_SEVERA_001,VEICULO_TESTE_01,1429.9,25.6,38.2,26.3,15.0,29.7,38.9,6.57,14.06,82.79,CONDICAO_SEVERA_SIMULADA,SIMULADO
2026-09-16 15:40:12,TEST_SEVERA_001,VEICULO_TESTE_01,1425.3,25.7,39.4,27.6,13.0,29.2,42.8,6.31,14.35,82.79,CONDICAO_SEVERA_SIMULADA,SIMULADO
2026-09-16 15:40:13,TEST_SEVERA_001,VEICULO_TESTE_01,1384.3,25.7,39.6,21.5,14.0,27.7,42.4,5.98,14.23,82.79,CONDICAO_SEVERA_SIMULADA,SIMULADO
2026-09-16 15:40:14,TEST_SEVERA_001,VEICULO_TESTE_01,1370.0,25.7,40.0,32.6,12.5,28.5,44.0,6.31,14.19,82.78,CONDICAO_SEVERA_SIMULADA,SIMULADO
2026-09-16 15:40:15,TEST_SEVERA_001,VEICULO_TESTE_01,1503.8,25.7,39.5,31.8,11.7,27.2,40.1,6.74,14.13,82.78,CONDICAO_SEVERA_SIMULADA,SIMULADO
2026-09-16 15:40:16,TEST_SEVERA_001,VEICULO_TESTE_01,1406.1,25.8,39.8,28.0,15.9,29.7,39.3,6.95,14.02,82.78,CONDICAO_SEVERA_SIMULADA,SIMULADO
2026-09-16 15:40:17,TEST_SEVERA_001,VEICULO_TESTE_01,1417.7,25.8,40.1,21.4,12.6,26.3,42.0,6.57,14.18,82.78,CONDICAO_SEVERA_SIMULADA,SIMULADO
2026-09-16 15:40:18,TEST_SEVERA_001,VEICULO_TESTE_01,1451.2,25.8,41.4,26.9,15.7,28.0,41.5,6.08,14.17,82.78,CONDICAO_SEVERA_SIMULADA,SIMULADO
2026-09-16 15:40:19,TEST_SEVERA_001,VEICULO_TESTE_01,1488.7,25.8,40.4,24.6,15.7,30.3,39.3,6.44,14.26,82.78,CONDICAO_SEVERA_SIMULADA,SIMULADO
2026-09-16 15:40:20,TEST_SEVERA_001,VEICULO_TESTE_01,1568.0,25.8,41.5,28.1,12.1,28.7,41.9,6.74,14.05,82.78,CONDICAO_SEVERA_SIMULADA,SIMULADO
2026-09-16 15:40:21,TEST_SEVERA_001,VEICULO_TESTE_01,1427.6,25.7,40.6,24.6,14.3,30.1,41.8,6.49,14.14,82.78,CONDICAO_SEVERA_SIMULADA,SIMULADO
2026-09-16 15:40:22,TEST_SEVERA_001,VEICULO_TESTE_01,1397.1,25.7,41.3,25.6,15.4,28.0,43.4,6.57,14.29,82.77,CONDICAO_SEVERA_SIMULADA,SIMULADO
2026-09-16 15:40:23,TEST_SEVERA_001,VEICULO_TESTE_01,1437.7,25.7,41.3,26.6,15.3,26.1,47.0,6.65,14.01,82.77,CONDICAO_SEVERA_SIMULADA,SIMULADO
2026-09-16 15:40:24,TEST_SEVERA_001,VEICULO_TESTE_01,1414.9,25.6,42.1,29.2,17.5,31.1,47.4,6.0,14.22,82.77,CONDICAO_SEVERA_SIMULADA,SIMULADO
2026-09-16 15:40:25,TEST_SEVERA_001,VEICULO_TESTE_01,1392.9,25.6,41.5,26.8,11.3,29.7,42.6,6.83,13.94,82.77,CONDICAO_SEVERA_SIMULADA,SIMULADO
2026-09-16 15:40:26,TEST_SEVERA_001,VEICULO_TESTE_01,1483.9,25.7,42.1,37.3,20.3,28.7,45.8,7.66,14.18,82.77,CONDICAO_SEVERA_SIMULADA,SIMULADO
2026-09-16 15:40:27,TEST_SEVERA_001,VEICULO_TESTE_01,1445.3,25.7,42.1,26.0,16.3,28.1,42.5,5.93,14.16,82.77,CONDICAO_SEVERA_SIMULADA,SIMULADO
2026-09-16 15:40:28,TEST_SEVERA_001,VEICULO_TESTE_01,1365.8,25.7,41.1,27.2,13.2,29.1,40.4,6.34,14.19,82.77,CONDICAO_SEVERA_SIMULADA,SIMULADO
2026-09-16 15:40:29,TEST_SEVERA_001,VEICULO_TESTE_01,1460.3,25.8,43.4,30.9,13.0,29.2,40.5,6.96,14.15,82.77,CONDICAO_SEVERA_SIMULADA,SIMULADO
2026-09-16 15:40:30,TEST_SEVERA_001,VEICULO_TESTE_01,1297.4,25.8,43.1,29.1,12.6,29.8,42.1,6.4,14.03,82.76,CONDICAO_SEVERA_SIMULADA,SIMULADO
2026-09-16 15:40:31,TEST_SEVERA_001,VEICULO_TESTE_01,1348.7,25.8,43.6,29.6,16.9,27.8,41.9,6.11,14.12,82.76,CONDICAO_SEVERA_SIMULADA,SIMULADO
2026-09-16 15:40:32,TEST_SEVERA_001,VEICULO_TESTE_01,1473.0,25.8,42.5,21.0,14.1,29.8,42.8,6.55,14.02,82.76,CONDICAO_SEVERA_SIMULADA,SIMULADO
2026-09-16 15:40:33,TEST_SEVERA_001,VEICULO_TESTE_01,1423.0,25.7,42.8,22.9,14.1,29.6,40.2,6.07,14.19,82.76,CONDICAO_SEVERA_SIMULADA,SIMULADO
2026-09-16 15:40:34,TEST_SEVERA_001,VEICULO_TESTE_01,1411.7,25.7,42.5,18.2,12.7,30.1,37.4,7.1,14.14,82.76,CONDICAO_SEVERA_SIMULADA,SIMULADO
2026-09-16 15:40:35,TEST_SEVERA_001,VEICULO_TESTE_01,1391.3,25.6,44.7,28.5,15.0,30.2,46.5,6.28,14.15,82.76,CONDICAO_SEVERA_SIMULADA,SIMULADO
2026-09-16 15:40:36,TEST_SEVERA_001,VEICULO_TESTE_01,1406.6,25.4,43.6,24.9,13.8,30.8,41.4,5.99,14.1,82.76,CONDICAO_SEVERA_SIMULADA,SIMULADO
2026-09-16 15:40:37,TEST_SEVERA_001,VEICULO_TESTE_01,1353.2,24.7,42.9,25.8,12.6,28.5,39.3,6.26,14.16,82.76,CONDICAO_SEVERA_SIMULADA,SIMULADO
2026-09-16 15:40:38,TEST_SEVERA_001,VEICULO_TESTE_01,1247.9,23.9,45.0,25.5,11.6,30.1,38.7,6.71,14.13,82.75,CONDICAO_SEVERA_SIMULADA,SIMULADO
2026-09-16 15:40:39,TEST_SEVERA_001,VEICULO_TESTE_01,1271.0,22.8,45.3,20.8,15.1,30.0,42.0,6.14,14.17,82.75,CONDICAO_SEVERA_SIMULADA,SIMULADO
2026-09-16 15:40:40,TEST_SEVERA_001,VEICULO_TESTE_01,1369.9,21.7,45.8,25.3,12.9,28.7,39.9,6.26,14.19,82.75,CONDICAO_SEVERA_SIMULADA,SIMULADO
2026-09-16 15:40:41,TEST_SEVERA_001,VEICULO_TESTE_01,1230.8,20.6,46.4,24.3,15.2,30.0,42.4,6.17,14.24,82.75,CONDICAO_SEVERA_SIMULADA,SIMULADO
2026-09-16 15:40:42,TEST_SEVERA_001,VEICULO_TESTE_01,1192.6,19.9,45.9,20.9,14.4,29.3,40.3,4.67,14.14,82.75,CONDICAO_SEVERA_SIMULADA,SIMULADO
2026-09-16 15:40:43,TEST_SEVERA_001,VEICULO_TESTE_01,1277.8,19.2,45.6,27.3,14.5,28.6,41.4,6.37,14.12,82.75,CONDICAO_SEVERA_SIMULADA,SIMULADO
2026-09-16 15:40:44,TEST_SEVERA_001,VEICULO_TESTE_01,1268.2,18.5,45.1,23.7,16.5,28.8,40.1,5.75,14.23,82.75,CONDICAO_SEVERA_SIMULADA,SIMULADO
2026-09-16 15:40:45,TEST_SEVERA_001,VEICULO_TESTE_01,1219.1,17.8,44.7,25.4,11.6,29.8,40.6,6.13,14.11,82.75,CONDICAO_SEVERA_SIMULADA,SIMULADO
2026-09-16 15:40:46,TEST_SEVERA_001,VEICULO_TESTE_01,1232.8,17.1,45.5,18.2,12.2,28.3,40.0,5.5,14.06,82.74,CONDICAO_SEVERA_SIMULADA,SIMULADO
2026-09-16 15:40:47,TEST_SEVERA_001,VEICULO_TESTE_01,1169.3,16.3,47.4,31.9,13.7,27.7,40.0,5.6,14.21,82.74,CONDICAO_SEVERA_SIMULADA,SIMULADO
2026-09-16 15:40:48,TEST_SEVERA_001,VEICULO_TESTE_01,1092.2,15.6,46.7,28.8,11.2,26.7,44.2,6.28,14.17,82.74,CONDICAO_SEVERA_SIMULADA,SIMULADO
2026-09-16 15:40:49,TEST_SEVERA_001,VEICULO_TESTE_01,1255.7,15.0,46.6,28.5,14.0,29.3,42.5,6.78,14.15,82.74,CONDICAO_SEVERA_SIMULADA,SIMULADO
2026-09-16 15:40:50,TEST_SEVERA_001,VEICULO_TESTE_01,1199.6,14.3,47.0,23.8,11.3,28.9,39.2,6.05,14.14,82.74,CONDICAO_SEVERA_SIMULADA,SIMULADO
2026-09-16 15:40:51,TEST_SEVERA_001,VEICULO_TESTE_01,1166.8,13.5,47.0,23.4,12.8,30.7,41.5,5.93,14.08,82.74,CONDICAO_SEVERA_SIMULADA,SIMULADO
2026-09-16 15:40:52,TEST_SEVERA_001,VEICULO_TESTE_01,1089.5,12.8,46.4,19.9,12.7,29.5,41.5,4.62,14.21,82.74,CONDICAO_SEVERA_SIMULADA,SIMULADO
2026-09-16 15:40:53,TEST_SEVERA_001,VEICULO_TESTE_01,1189.7,12.0,47.4,24.2,10.3,29.7,38.4,5.67,14.23,82.74,CONDICAO_SEVERA_SIMULADA,SIMULADO
2026-09-16 15:40:54,TEST_SEVERA_001,VEICULO_TESTE_01,1041.9,11.1,48.3,23.8,9.5,29.3,41.4,6.04,14.05,82.73,CONDICAO_SEVERA_SIMULADA,SIMULADO
2026-09-16 15:40:55,TEST_SEVERA_001,VEICULO_TESTE_01,1099.6,10.2,48.2,27.1,15.6,27.1,47.0,5.45,14.19,82.73,CONDICAO_SEVERA_SIMULADA,SIMULADO
2026-09-16 15:40:56,TEST_SEVERA_001,VEICULO_TESTE_01,854.5,9.2,47.7,10.8,7.8,28.7,37.4,5.0,14.22,82.73,CONDICAO_SEVERA_SIMULADA,SIMULADO
2026-09-16 15:40:57,TEST_SEVERA_001,VEICULO_TESTE_01,929.9,8.4,47.3,19.1,8.5,27.8,36.8,5.26,14.16,82.73,CONDICAO_SEVERA_SIMULADA,SIMULADO
2026-09-16 15:40:58,TEST_SEVERA_001,VEICULO_TESTE_01,1043.3,8.0,47.0,17.1,10.4,28.9,37.2,5.21,14.12,82.73,CONDICAO_SEVERA_SIMULADA,SIMULADO
2026-09-16 15:40:59,TEST_SEVERA_001,VEICULO_TESTE_01,1140.1,8.1,49.3,28.7,14.4,29.0,42.2,5.5,14.03,82.73,CONDICAO_SEVERA_SIMULADA,SIMULADO
2026-09-16 15:41:00,TEST_SEVERA_001,VEICULO_TESTE_01,1258.6,8.5,48.7,33.7,18.5,31.0,47.7,6.38,14.13,82.73,CONDICAO_SEVERA_SIMULADA,SIMULADO
2026-09-16 15:41:01,TEST_SEVERA_001,VEICULO_TESTE_01,1229.6,9.4,49.9,36.5,21.1,28.6,48.2,6.11,14.23,82.73,CONDICAO_SEVERA_SIMULADA,SIMULADO
2026-09-16 15:41:02,TEST_SEVERA_001,VEICULO_TESTE_01,1389.4,10.2,47.9,33.9,22.6,28.1,48.0,7.01,14.1,82.73,CONDICAO_SEVERA_SIMULADA,SIMULADO
2026-09-16 15:41:03,TEST_SEVERA_001,VEICULO_TESTE_01,1218.0,11.0,48.5,36.6,21.0,29.5,51.1,6.29,14.19,82.72,CONDICAO_SEVERA_SIMULADA,SIMULADO
2026-09-16 15:41:04,TEST_SEVERA_001,VEICULO_TESTE_01,1395.9,11.8,50.3,40.2,20.4,26.8,48.5,8.06,14.08,82.72,CONDICAO_SEVERA_SIMULADA,SIMULADO
2026-09-16 15:41:05,TEST_SEVERA_001,VEICULO_TESTE_01,1280.9,12.5,49.3,36.6,21.5,29.6,45.6,7.04,14.11,82.72,CONDICAO_SEVERA_SIMULADA,SIMULADO
2026-09-16 15:41:06,TEST_SEVERA_001,VEICULO_TESTE_01,1291.2,13.4,49.0,39.4,19.8,26.4,50.9,6.93,14.09,82.72,CONDICAO_SEVERA_SIMULADA,SIMULADO
2026-09-16 15:41:07,TEST_SEVERA_001,VEICULO_TESTE_01,1367.6,14.3,51.4,37.4,21.1,27.1,47.9,7.31,14.11,82.72,CONDICAO_SEVERA_SIMULADA,SIMULADO
2026-09-16 15:41:08,TEST_SEVERA_001,VEICULO_TESTE_01,1280.2,15.3,49.7,39.4,19.4,28.4,48.5,7.26,14.16,82.72,CONDICAO_SEVERA_SIMULADA,SIMULADO
2026-09-16 15:41:09,TEST_SEVERA_001,VEICULO_TESTE_01,1449.4,16.1,49.6,34.2,18.5,27.8,47.9,6.95,14.2,82.72,CONDICAO_SEVERA_SIMULADA,SIMULADO
2026-09-16 15:41:10,TEST_SEVERA_001,VEICULO_TESTE_01,1283.0,16.9,50.5,33.6,18.4,28.3,44.5,6.36,14.27,82.71,CONDICAO_SEVERA_SIMULADA,SIMULADO
2026-09-16 15:41:11,TEST_SEVERA_001,VEICULO_TESTE_01,1366.7,17.4,50.3,30.4,16.7,27.7,45.5,6.95,14.15,82.71,CONDICAO_SEVERA_SIMULADA,SIMULADO
2026-09-16 15:41:12,TEST_SEVERA_001,VEICULO_TESTE_01,1328.6,17.7,49.4,26.1,19.0,28.1,46.3,6.43,14.16,82.71,CONDICAO_SEVERA_SIMULADA,SIMULADO
2026-09-16 15:41:13,TEST_SEVERA_001,VEICULO_TESTE_01,1364.1,17.8,50.6,27.0,16.0,27.7,44.4,6.82,14.02,82.71,CONDICAO_SEVERA_SIMULADA,SIMULADO
2026-09-16 15:41:14,TEST_SEVERA_001,VEICULO_TESTE_01,1237.5,17.9,50.1,25.6,13.9,28.5,39.0,5.9,14.17,82.71,CONDICAO_SEVERA_SIMULADA,SIMULADO
2026-09-16 15:41:15,TEST_SEVERA_001,VEICULO_TESTE_01,1273.4,17.9,51.5,24.6,13.8,26.2,42.0,5.78,14.11,82.71,CONDICAO_SEVERA_SIMULADA,SIMULADO
2026-09-16 15:41:16,TEST_SEVERA_001,VEICULO_TESTE_01,1163.2,17.9,51.4,26.9,10.9,29.2,40.1,5.75,14.17,82.71,CONDICAO_SEVERA_SIMULADA,SIMULADO
2026-09-16 15:41:17,TEST_SEVERA_001,VEICULO_TESTE_01,1196.1,17.8,51.9,19.4,9.8,27.5,39.0,5.92,14.13,82.71,CONDICAO_SEVERA_SIMULADA,SIMULADO
2026-09-16 15:41:18,TEST_SEVERA_001,VEICULO_TESTE_01,1300.5,17.6,52.4,26.0,14.5,28.1,44.5,6.54,14.04,82.7,CONDICAO_SEVERA_SIMULADA,SIMULADO
2026-09-16 15:41:19,TEST_SEVERA_001,VEICULO_TESTE_01,1213.6,17.0,51.7,20.3,11.7,27.7,34.7,5.62,14.08,82.7,CONDICAO_SEVERA_SIMULADA,SIMULADO
2026-09-16 15:41:20,TEST_SEVERA_001,VEICULO_TESTE_01,1199.3,16.2,51.0,22.9,11.2,28.2,40.7,6.86,14.11,82.7,CONDICAO_SEVERA_SIMULADA,SIMULADO
2026-09-16 15:41:21,TEST_SEVERA_001,VEICULO_TESTE_01,1143.8,15.1,53.4,22.7,12.6,27.0,39.8,5.15,14.19,82.7,CONDICAO_SEVERA_SIMULADA,SIMULADO
2026-09-16 15:41:22,TEST_SEVERA_001,VEICULO_TESTE_01,1258.0,13.9,53.2,30.7,12.1,29.6,38.7,6.28,14.12,82.7,CONDICAO_SEVERA_SIMULADA,SIMULADO
2026-09-16 15:41:23,TEST_SEVERA_001,VEICULO_TESTE_01,1143.4,12.6,53.6,23.1,14.8,31.0,41.9,5.07,14.02,82.7,CONDICAO_SEVERA_SIMULADA,SIMULADO
2026-09-16 15:41:24,TEST_SEVERA_001,VEICULO_TESTE_01,1204.9,11.5,51.9,19.5,11.3,27.7,38.3,5.66,14.28,82.7,CONDICAO_SEVERA_SIMULADA,SIMULADO
2026-09-16 15:41:25,TEST_SEVERA_001,VEICULO_TESTE_01,1083.6,10.3,53.7,22.5,11.4,28.0,43.1,6.31,14.17,82.7,CONDICAO_SEVERA_SIMULADA,SIMULADO
2026-09-16 15:41:26,TEST_SEVERA_001,VEICULO_TESTE_01,1012.2,9.2,53.5,23.3,12.8,28.6,39.9,5.32,14.1,82.7,CONDICAO_SEVERA_SIMULADA,SIMULADO
2026-09-16 15:41:27,TEST_SEVERA_001,VEICULO_TESTE_01,943.4,8.3,52.7,20.6,12.3,28.6,37.7,4.78,14.17,82.69,CONDICAO_SEVERA_SIMULADA,SIMULADO
2026-09-16 15:41:28,TEST_SEVERA_001,VEICULO_TESTE_01,992.6,8.0,53.3,24.5,12.5,28.7,39.5,4.83,14.11,82.69,CONDICAO_SEVERA_SIMULADA,SIMULADO
2026-09-16 15:41:29,TEST_SEVERA_001,VEICULO_TESTE_01,1105.8,8.1,53.2,22.5,14.0,30.0,40.1,5.27,14.21,82.69,CONDICAO_SEVERA_SIMULADA,SIMULADO
2026-09-16 15:41:30,TEST_SEVERA_001,VEICULO_TESTE_01,1220.1,8.7,52.9,31.1,21.6,28.8,50.4,6.47,14.19,82.69,CONDICAO_SEVERA_SIMULADA,SIMULADO
2026-09-16 15:41:31,TEST_SEVERA_001,VEICULO_TESTE_01,1394.5,9.5,53.8,39.4,19.5,29.9,50.1,7.52,14.1,82.69,CONDICAO_SEVERA_SIMULADA,SIMULADO
2026-09-16 15:41:32,TEST_SEVERA_001,VEICULO_TESTE_01,1248.1,10.2,53.6,34.6,19.1,29.9,46.2,6.42,14.16,82.69,CONDICAO_SEVERA_SIMULADA,SIMULADO
2026-09-16 15:41:33,TEST_SEVERA_001,VEICULO_TESTE_01,1266.8,11.0,54.3,39.1,19.9,30.7,53.4,7.22,14.19,82.69,CONDICAO_SEVERA_SIMULADA,SIMULADO
2026-09-16 15:41:34,TEST_SEVERA_001,VEICULO_TESTE_01,1341.6,11.8,54.8,39.9,24.0,29.7,52.9,7.55,14.17,82.69,CONDICAO_SEVERA_SIMULADA,SIMULADO
2026-09-16 15:41:35,TEST_SEVERA_001,VEICULO_TESTE_01,1320.5,12.6,54.3,38.2,22.3,29.3,50.6,7.32,14.34,82.68,CONDICAO_SEVERA_SIMULADA,SIMULADO
2026-09-16 15:41:36,TEST_SEVERA_001,VEICULO_TESTE_01,1360.5,13.5,54.6,41.7,23.2,28.3,50.9,6.49,14.07,82.68,CONDICAO_SEVERA_SIMULADA,SIMULADO
2026-09-16 15:41:37,TEST_SEVERA_001,VEICULO_TESTE_01,1537.9,14.6,55.1,42.3,28.1,29.1,56.6,7.82,14.12,82.68,CONDICAO_SEVERA_SIMULADA,SIMULADO
2026-09-16 15:41:38,TEST_SEVERA_001,VEICULO_TESTE_01,1406.6,15.6,56.0,42.1,23.2,29.3,48.5,7.85,14.24,82.68,CONDICAO_SEVERA_SIMULADA,SIMULADO
2026-09-16 15:41:39,TEST_SEVERA_001,VEICULO_TESTE_01,1344.3,16.4,55.5,36.7,20.6,29.1,49.7,6.81,14.1,82.68,CONDICAO_SEVERA_SIMULADA,SIMULADO
2026-09-16 15:41:40,TEST_SEVERA_001,VEICULO_TESTE_01,1322.6,17.2,54.9,40.0,22.7,28.9,50.8,6.85,13.96,82.68,CONDICAO_SEVERA_SIMULADA,SIMULADO
2026-09-16 15:41:41,TEST_SEVERA_001,VEICULO_TESTE_01,1460.4,18.0,55.7,36.0,21.1,28.3,53.6,7.14,14.23,82.68,CONDICAO_SEVERA_SIMULADA,SIMULADO
2026-09-16 15:41:42,TEST_SEVERA_001,VEICULO_TESTE_01,1528.1,18.8,56.5,42.5,23.7,27.8,54.2,7.58,14.07,82.67,CONDICAO_SEVERA_SIMULADA,SIMULADO
2026-09-16 15:41:43,TEST_SEVERA_001,VEICULO_TESTE_01,1507.0,19.6,56.5,41.0,20.9,31.0,52.7,6.86,14.04,82.67,CONDICAO_SEVERA_SIMULADA,SIMULADO
2026-09-16 15:41:44,TEST_SEVERA_001,VEICULO_TESTE_01,1569.0,20.5,55.2,40.8,21.5,29.6,52.5,7.63,14.19,82.67,CONDICAO_SEVERA_SIMULADA,SIMULADO
2026-09-16 15:41:45,TEST_SEVERA_001,VEICULO_TESTE_01,1512.4,21.4,56.9,38.6,22.7,28.0,51.7,8.02,14.12,82.67,CONDICAO_SEVERA_SIMULADA,SIMULADO
2026-09-16 15:41:46,TEST_SEVERA_001,VEICULO_TESTE_01,1629.4,22.3,56.9,39.7,23.6,28.4,52.1,7.27,14.23,82.67,CONDICAO_SEVERA_SIMULADA,SIMULADO
2026-09-16 15:41:47,TEST_SEVERA_001,VEICULO_TESTE_01,1690.0,23.1,55.9,34.5,23.2,29.7,51.5,7.9,14.09,82.67,CONDICAO_SEVERA_SIMULADA,SIMULADO
2026-09-16 15:41:48,TEST_SEVERA_001,VEICULO_TESTE_01,1604.3,23.8,56.9,39.2,22.8,28.6,47.6,7.94,14.23,82.67,CONDICAO_SEVERA_SIMULADA,SIMULADO
2026-09-16 15:41:49,TEST_SEVERA_001,VEICULO_TESTE_01,1705.3,24.6,56.3,38.5,22.9,29.1,49.0,7.94,14.07,82.66,CONDICAO_SEVERA_SIMULADA,SIMULADO
2026-09-16 15:41:50,TEST_SEVERA_001,VEICULO_TESTE_01,1670.4,25.4,56.6,36.8,21.7,28.6,49.2,7.15,13.98,82.66,CONDICAO_SEVERA_SIMULADA,SIMULADO
2026-09-16 15:41:51,TEST_SEVERA_001,VEICULO_TESTE_01,1664.3,26.1,57.6,36.5,21.3,29.1,47.7,7.53,14.21,82.66,CONDICAO_SEVERA_SIMULADA,SIMULADO
2026-09-16 15:41:52,TEST_SEVERA_001,VEICULO_TESTE_01,1678.5,27.0,57.1,46.7,22.5,27.3,52.3,8.82,14.13,82.66,CONDICAO_SEVERA_SIMULADA,SIMULADO
2026-09-16 15:41:53,TEST_SEVERA_001,VEICULO_TESTE_01,1676.6,28.0,56.7,46.2,27.3,30.6,54.5,8.62,14.33,82.66,CONDICAO_SEVERA_SIMULADA,SIMULADO
2026-09-16 15:41:54,TEST_SEVERA_001,VEICULO_TESTE_01,1677.2,28.9,57.2,38.7,24.3,29.5,51.7,7.49,14.09,82.66,CONDICAO_SEVERA_SIMULADA,SIMULADO
2026-09-16 15:41:55,TEST_SEVERA_001,VEICULO_TESTE_01,1742.7,29.8,57.1,40.4,19.2,30.3,49.4,7.81,14.27,82.66,CONDICAO_SEVERA_SIMULADA,SIMULADO
2026-09-16 15:41:56,TEST_SEVERA_001,VEICULO_TESTE_01,1768.8,30.8,57.7,36.5,23.9,28.7,52.0,7.79,14.27,82.65,CONDICAO_SEVERA_SIMULADA,SIMULADO
2026-09-16 15:41:57,TEST_SEVERA_001,VEICULO_TESTE_01,1832.9,31.6,57.9,38.2,21.2,28.0,49.4,8.41,14.11,82.65,CONDICAO_SEVERA_SIMULADA,SIMULADO
2026-09-16 15:41:58,TEST_SEVERA_001,VEICULO_TESTE_01,1682.8,32.2,56.9,38.1,22.0,30.0,48.9,7.37,14.25,82.65,CONDICAO_SEVERA_SIMULADA,SIMULADO
2026-09-16 15:41:59,TEST_SEVERA_001,VEICULO_TESTE_01,1776.9,32.9,57.6,31.4,20.5,28.7,45.0,7.95,14.08,82.65,CONDICAO_SEVERA_SIMULADA,SIMULADO
2026-09-16 15:42:00,TEST_SEVERA_001,VEICULO_TESTE_01,1781.5,33.6,57.7,33.6,20.1,30.0,47.0,8.03,14.11,82.65,CONDICAO_SEVERA_SIMULADA,SIMULADO
2026-09-16 15:42:01,TEST_SEVERA_001,VEICULO_TESTE_01,1783.5,34.3,58.0,35.3,21.2,27.0,50.2,7.89,14.12,82.65,CONDICAO_SEVERA_SIMULADA,SIMULADO
2026-09-16 15:42:02,TEST_SEVERA_001,VEICULO_TESTE_01,1861.5,35.2,57.7,42.3,22.9,28.8,53.0,9.01,14.06,82.65,CONDICAO_SEVERA_SIMULADA,SIMULADO
2026-09-16 15:42:03,TEST_SEVERA_001,VEICULO_TESTE_01,1849.0,36.0,59.2,45.6,26.9,29.1,54.2,8.78,14.15,82.64,CONDICAO_SEVERA_SIMULADA,SIMULADO
2026-09-16 15:42:04,TEST_SEVERA_001,VEICULO_TESTE_01,1919.0,37.0,58.9,41.7,25.2,28.1,51.6,8.99,14.13,82.64,CONDICAO_SEVERA_SIMULADA,SIMULADO
2026-09-16 15:42:05,TEST_SEVERA_001,VEICULO_TESTE_01,1947.3,38.0,59.0,42.3,22.5,28.9,51.4,8.76,14.13,82.64,CONDICAO_SEVERA_SIMULADA,SIMULADO
2026-09-16 15:42:06,TEST_SEVERA_001,VEICULO_TESTE_01,2093.3,38.7,58.7,39.3,26.5,28.2,54.1,8.88,14.08,82.64,CONDICAO_SEVERA_SIMULADA,SIMULADO
2026-09-16 15:42:07,TEST_SEVERA_001,VEICULO_TESTE_01,1928.1,39.5,59.3,38.2,23.4,29.3,51.9,7.83,14.06,82.64,CONDICAO_SEVERA_SIMULADA,SIMULADO
2026-09-16 15:42:08,TEST_SEVERA_001,VEICULO_TESTE_01,1996.3,40.2,59.2,38.8,25.7,26.9,51.9,9.62,14.17,82.64,CONDICAO_SEVERA_SIMULADA,SIMULADO
2026-09-16 15:42:09,TEST_SEVERA_001,VEICULO_TESTE_01,1873.7,40.7,58.7,31.8,21.4,28.2,50.0,7.95,14.29,82.64,CONDICAO_SEVERA_SIMULADA,SIMULADO
2026-09-16 15:42:10,TEST_SEVERA_001,VEICULO_TESTE_01,1973.6,41.3,58.8,37.8,24.6,28.6,52.0,7.91,14.1,82.63,CONDICAO_SEVERA_SIMULADA,SIMULADO
2026-09-16 15:42:11,TEST_SEVERA_001,VEICULO_TESTE_01,2090.7,42.1,59.6,39.9,26.5,30.2,49.6,8.23,14.23,82.63,CONDICAO_SEVERA_SIMULADA,SIMULADO
2026-09-16 15:42:12,TEST_SEVERA_001,VEICULO_TESTE_01,2098.3,42.9,59.3,40.9,24.4,27.8,52.8,9.32,14.28,82.63,CONDICAO_SEVERA_SIMULADA,SIMULADO
2026-09-16 15:42:13,TEST_SEVERA_001,VEICULO_TESTE_01,2256.3,43.9,60.2,46.3,28.8,28.5,56.4,9.51,14.07,82.63,CONDICAO_SEVERA_SIMULADA,SIMULADO
2026-09-16 15:42:14,TEST_SEVERA_001,VEICULO_TESTE_01,2234.8,44.9,59.5,45.0,28.2,29.6,54.2,9.47,14.22,82.63,CONDICAO_SEVERA_SIMULADA,SIMULADO
2026-09-16 15:42:15,TEST_SEVERA_001,VEICULO_TESTE_01,2200.3,45.8,60.9,38.7,21.9,29.4,47.6,9.87,14.26,82.63,CONDICAO_SEVERA_SIMULADA,SIMULADO
2026-09-16 15:42:16,TEST_SEVERA_001,VEICULO_TESTE_01,2157.9,46.6,61.2,39.8,25.2,29.0,51.9,9.1,14.02,82.62,CONDICAO_SEVERA_SIMULADA,SIMULADO
2026-09-16 15:42:17,TEST_SEVERA_001,VEICULO_TESTE_01,2248.9,47.5,60.1,41.3,26.9,29.2,54.8,9.13,14.17,82.62,CONDICAO_SEVERA_SIMULADA,SIMULADO
2026-09-16 15:42:18,TEST_SEVERA_001,VEICULO_TESTE_01,2195.7,48.3,60.1,37.4,22.4,29.4,48.0,9.11,14.23,82.62,CONDICAO_SEVERA_SIMULADA,SIMULADO
2026-09-16 15:42:19,TEST_SEVERA_001,VEICULO_TESTE_01,2263.9,49.0,60.2,38.4,27.0,30.4,51.4,8.81,14.21,82.62,CONDICAO_SEVERA_SIMULADA,SIMULADO
2026-09-16 15:42:20,TEST_SEVERA_001,VEICULO_TESTE_01,2109.1,49.7,60.7,39.5,24.1,29.3,50.8,8.51,14.29,82.62,CONDICAO_SEVERA_SIMULADA,SIMULADO
2026-09-16 15:42:21,TEST_SEVERA_001,VEICULO_TESTE_01,2273.6,50.3,61.1,33.7,23.4,31.3,52.3,8.09,14.14,82.62,CONDICAO_SEVERA_SIMULADA,SIMULADO
2026-09-16 15:42:22,TEST_SEVERA_001,VEICULO_TESTE_01,2265.9,50.9,60.2,38.9,28.7,29.4,54.0,9.5,14.23,82.62,CONDICAO_SEVERA_SIMULADA,SIMULADO
2026-09-16 15:42:23,TEST_SEVERA_001,VEICULO_TESTE_01,2246.4,51.5,60.9,42.2,27.8,29.0,51.0,9.19,14.06,82.61,CONDICAO_SEVERA_SIMULADA,SIMULADO
2026-09-16 15:42:24,TEST_SEVERA_001,VEICULO_TESTE_01,2190.2,52.2,61.5,42.4,28.2,29.6,55.6,9.0,14.01,82.61,CONDICAO_SEVERA_SIMULADA,SIMULADO
2026-09-16 15:42:25,TEST_SEVERA_001,VEICULO_TESTE_01,2312.2,53.0,60.8,38.3,24.5,29.1,52.3,9.12,14.06,82.61,CONDICAO_SEVERA_SIMULADA,SIMULADO
2026-09-16 15:42:26,TEST_SEVERA_001,VEICULO_TESTE_01,2398.2,53.7,61.0,44.9,25.8,29.6,56.6,9.52,14.11,82.61,CONDICAO_SEVERA_SIMULADA,SIMULADO
2026-09-16 15:42:27,TEST_SEVERA_001,VEICULO_TESTE_01,2240.7,54.5,61.6,38.0,24.6,29.0,50.3,9.41,14.25,82.61,CONDICAO_SEVERA_SIMULADA,SIMULADO
2026-09-16 15:42:28,TEST_SEVERA_001,VEICULO_TESTE_01,2332.9,55.3,62.0,39.3,28.4,30.5,50.0,9.67,14.12,82.61,CONDICAO_SEVERA_SIMULADA,SIMULADO
2026-09-16 15:42:29,TEST_SEVERA_001,VEICULO_TESTE_01,2370.9,56.0,61.0,42.8,28.4,30.3,53.8,9.14,14.15,82.6,CONDICAO_SEVERA_SIMULADA,SIMULADO
2026-09-16 15:42:30,TEST_SEVERA_001,VEICULO_TESTE_01,2252.3,56.6,61.7,37.5,21.7,28.2,46.9,9.23,14.14,82.6,CONDICAO_SEVERA_SIMULADA,SIMULADO
2026-09-16 15:42:31,TEST_SEVERA_001,VEICULO_TESTE_01,2459.7,57.4,61.8,42.8,27.8,28.3,53.5,10.39,14.29,82.6,CONDICAO_SEVERA_SIMULADA,SIMULADO
2026-09-16 15:42:32,TEST_SEVERA_001,VEICULO_TESTE_01,2393.7,58.0,61.6,41.5,26.0,27.8,46.3,9.83,14.26,82.6,CONDICAO_SEVERA_SIMULADA,SIMULADO
2026-09-16 15:42:33,TEST_SEVERA_001,VEICULO_TESTE_01,2363.6,58.6,61.5,40.6,26.3,28.5,51.9,9.7,14.25,82.6,CONDICAO_SEVERA_SIMULADA,SIMULADO
2026-09-16 15:42:34,TEST_SEVERA_001,VEICULO_TESTE_01,2492.0,59.1,62.8,45.4,26.5,30.5,51.4,10.11,14.11,82.6,CONDICAO_SEVERA_SIMULADA,SIMULADO
2026-09-16 15:42:35,TEST_SEVERA_001,VEICULO_TESTE_01,2413.6,59.6,62.0,32.8,22.8,29.8,52.7,9.3,14.13,82.59,CONDICAO_SEVERA_SIMULADA,SIMULADO
2026-09-16 15:42:36,TEST_SEVERA_001,VEICULO_TESTE_01,2359.0,59.7,62.4,31.0,22.5,28.3,48.0,8.59,14.28,82.59,CONDICAO_SEVERA_SIMULADA,SIMULADO
2026-09-16 15:42:37,TEST_SEVERA_001,VEICULO_TESTE_01,2335.4,59.8,63.8,31.7,24.5,29.5,53.2,9.09,14.14,82.59,CONDICAO_SEVERA_SIMULADA,SIMULADO
2026-09-16 15:42:38,TEST_SEVERA_001,VEICULO_TESTE_01,2271.3,59.8,62.5,29.5,21.5,30.5,44.6,8.63,14.15,82.59,CONDICAO_SEVERA_SIMULADA,SIMULADO
2026-09-16 15:42:39,TEST_SEVERA_001,VEICULO_TESTE_01,2363.5,59.6,62.6,28.2,17.6,30.0,47.8,9.26,14.06,82.59,CONDICAO_SEVERA_SIMULADA,SIMULADO
2026-09-16 15:42:40,TEST_SEVERA_001,VEICULO_TESTE_01,2227.5,59.2,63.0,34.1,20.5,28.9,47.4,8.72,14.12,82.59,CONDICAO_SEVERA_SIMULADA,SIMULADO
2026-09-16 15:42:41,TEST_SEVERA_001,VEICULO_TESTE_01,2317.4,58.7,63.4,24.5,20.7,31.2,45.5,8.79,14.27,82.59,CONDICAO_SEVERA_SIMULADA,SIMULADO
2026-09-16 15:42:42,TEST_SEVERA_001,VEICULO_TESTE_01,2176.9,58.0,63.1,31.0,20.5,30.2,44.9,8.3,14.03,82.58,CONDICAO_SEVERA_SIMULADA,SIMULADO
2026-09-16 15:42:43,TEST_SEVERA_001,VEICULO_TESTE_01,2138.1,57.0,63.7,28.5,20.0,29.5,46.9,8.35,14.22,82.58,CONDICAO_SEVERA_SIMULADA,SIMULADO
2026-09-16 15:42:44,TEST_SEVERA_001,VEICULO_TESTE_01,2158.1,56.2,64.1,26.3,18.6,28.4,44.5,8.17,13.95,82.58,CONDICAO_SEVERA_SIMULADA,SIMULADO
2026-09-16 15:42:45,TEST_SEVERA_001,VEICULO_TESTE_01,2182.9,55.3,64.3,27.7,17.0,30.0,45.4,8.46,14.18,82.58,CONDICAO_SEVERA_SIMULADA,SIMULADO
2026-09-16 15:42:46,TEST_SEVERA_001,VEICULO_TESTE_01,2170.3,54.5,63.9,32.5,16.0,28.1,43.6,8.07,14.15,82.58,CONDICAO_SEVERA_SIMULADA,SIMULADO
2026-09-16 15:42:47,TEST_SEVERA_001,VEICULO_TESTE_01,2096.6,53.4,63.7,29.6,16.4,30.8,43.7,8.46,14.27,82.58,CONDICAO_SEVERA_SIMULADA,SIMULADO
2026-09-16 15:42:48,TEST_SEVERA_001,VEICULO_TESTE_01,2020.8,52.3,63.4,35.1,17.9,30.9,43.8,8.29,14.21,82.57,CONDICAO_SEVERA_SIMULADA,SIMULADO
2026-09-16 15:42:49,TEST_SEVERA_001,VEICULO_TESTE_01,2047.0,51.1,63.0,27.3,15.2,28.3,43.9,8.19,14.1,82.57,CONDICAO_SEVERA_SIMULADA,SIMULADO
2026-09-16 15:42:50,TEST_SEVERA_001,VEICULO_TESTE_01,2077.8,49.6,65.2,28.1,16.5,28.7,43.1,8.59,14.04,82.57,CONDICAO_SEVERA_SIMULADA,SIMULADO
2026-09-16 15:42:51,TEST_SEVERA_001,VEICULO_TESTE_01,2000.4,48.2,64.3,25.7,18.3,28.0,46.2,7.93,14.15,82.57,CONDICAO_SEVERA_SIMULADA,SIMULADO
2026-09-16 15:42:52,TEST_SEVERA_001,VEICULO_TESTE_01,1967.1,46.7,64.6,27.9,16.1,29.6,42.6,7.44,14.29,82.57,CONDICAO_SEVERA_SIMULADA,SIMULADO
2026-09-16 15:42:53,TEST_SEVERA_001,VEICULO_TESTE_01,1912.9,45.3,64.8,24.5,14.5,29.5,40.5,7.24,14.11,82.57,CONDICAO_SEVERA_SIMULADA,SIMULADO
2026-09-16 15:42:54,TEST_SEVERA_001,VEICULO_TESTE_01,1890.8,43.8,64.6,24.8,15.7,27.9,40.7,6.54,14.22,82.57,CONDICAO_SEVERA_SIMULADA,SIMULADO
2026-09-16 15:42:55,TEST_SEVERA_001,VEICULO_TESTE_01,1856.3,42.7,65.5,26.8,15.5,29.0,39.8,6.96,14.27,82.56,CONDICAO_SEVERA_SIMULADA,SIMULADO
2026-09-16 15:42:56,TEST_SEVERA_001,VEICULO_TESTE_01,1975.2,41.5,65.5,30.3,20.3,29.7,47.8,8.39,14.09,82.56,CONDICAO_SEVERA_SIMULADA,SIMULADO
2026-09-16 15:42:57,TEST_SEVERA_001,VEICULO_TESTE_01,1776.5,40.5,64.9,29.6,18.2,29.9,44.5,7.78,14.16,82.56,CONDICAO_SEVERA_SIMULADA,SIMULADO
2026-09-16 15:42:58,TEST_SEVERA_001,VEICULO_TESTE_01,1824.7,39.5,66.1,25.1,17.9,29.0,45.2,8.13,14.13,82.56,CONDICAO_SEVERA_SIMULADA,SIMULADO
2026-09-16 15:42:59,TEST_SEVERA_001,VEICULO_TESTE_01,1534.8,38.7,64.7,22.1,11.9,29.0,41.5,6.74,14.02,82.56,CONDICAO_SEVERA_SIMULADA,SIMULADO
2026-09-16 15:43:00,TEST_SEVERA_001,VEICULO_TESTE_01,1797.3,37.7,65.5,23.8,17.7,29.7,42.7,7.08,14.12,82.56,CONDICAO_SEVERA_SIMULADA,SIMULADO
2026-09-16 15:43:01,TEST_SEVERA_001,VEICULO_TESTE_01,1734.4,36.8,64.7,34.2,15.5,29.8,44.2,7.78,14.05,82.56,CONDICAO_SEVERA_SIMULADA,SIMULADO
2026-09-16 15:43:02,TEST_SEVERA_001,VEICULO_TESTE_01,1664.1,35.8,66.1,30.1,15.8,28.9,41.1,7.45,14.15,82.56,CONDICAO_SEVERA_SIMULADA,SIMULADO
2026-09-16 15:43:03,TEST_SEVERA_001,VEICULO_TESTE_01,1666.9,34.8,65.4,26.1,16.8,29.8,45.5,7.4,14.16,82.55,CONDICAO_SEVERA_SIMULADA,SIMULADO
2026-09-16 15:43:04,TEST_SEVERA_001,VEICULO_TESTE_01,1509.4,33.7,65.3,27.4,11.7,30.3,36.7,6.74,14.13,82.55,CONDICAO_SEVERA_SIMULADA,SIMULADO
2026-09-16 15:43:05,TEST_SEVERA_001,VEICULO_TESTE_01,1599.9,32.5,65.4,24.7,13.8,29.3,41.7,6.56,14.16,82.55,CONDICAO_SEVERA_SIMULADA,SIMULADO
2026-09-16 15:43:06,TEST_SEVERA_001,VEICULO_TESTE_01,1537.7,31.3,66.3,29.6,15.3,29.1,44.0,6.83,14.07,82.55,CONDICAO_SEVERA_SIMULADA,SIMULADO
2026-09-16 15:43:07,TEST_SEVERA_001,VEICULO_TESTE_01,1631.2,30.0,64.7,26.6,17.3,28.1,44.7,7.03,14.19,82.55,CONDICAO_SEVERA_SIMULADA,SIMULADO
2026-09-16 15:43:08,TEST_SEVERA_001,VEICULO_TESTE_01,1461.9,28.8,65.7,25.7,15.7,29.9,44.0,6.63,14.07,82.55,CONDICAO_SEVERA_SIMULADA,SIMULADO
2026-09-16 15:43:09,TEST_SEVERA_001,VEICULO_TESTE_01,1402.7,27.6,66.6,29.4,14.1,29.5,45.5,7.31,14.26,82.55,CONDICAO_SEVERA_SIMULADA,SIMULADO
2026-09-16 15:43:10,TEST_SEVERA_001,VEICULO_TESTE_01,1463.2,26.5,68.3,18.7,12.0,28.7,39.7,6.37,14.33,82.55,CONDICAO_SEVERA_SIMULADA,SIMULADO
2026-09-16 15:43:11,TEST_SEVERA_001,VEICULO_TESTE_01,1465.5,25.4,65.6,20.6,14.7,31.1,42.6,5.86,14.22,82.54,CONDICAO_SEVERA_SIMULADA,SIMULADO
2026-09-16 15:43:12,TEST_SEVERA_001,VEICULO_TESTE_01,1453.3,24.3,67.3,26.3,10.7,30.1,38.0,7.32,14.16,82.54,CONDICAO_SEVERA_SIMULADA,SIMULADO
2026-09-16 15:43:13,TEST_SEVERA_001,VEICULO_TESTE_01,1196.1,23.2,65.5,23.4,13.6,29.8,44.5,6.07,14.08,82.54,CONDICAO_SEVERA_SIMULADA,SIMULADO
2026-09-16 15:43:14,TEST_SEVERA_001,VEICULO_TESTE_01,1348.0,22.1,65.7,24.2,13.9,30.7,42.7,6.38,14.14,82.54,CONDICAO_SEVERA_SIMULADA,SIMULADO
2026-09-16 15:43:15,TEST_SEVERA_001,VEICULO_TESTE_01,1280.3,21.2,66.8,14.7,10.9,27.1,36.1,5.47,14.2,82.54,CONDICAO_SEVERA_SIMULADA,SIMULADO
2026-09-16 15:43:16,TEST_SEVERA_001,VEICULO_TESTE_01,1318.3,20.3,65.9,29.4,11.2,30.5,41.5,6.53,14.23,82.54,CONDICAO_SEVERA_SIMULADA,SIMULADO
2026-09-16 15:43:17,TEST_SEVERA_001,VEICULO_TESTE_01,1185.0,19.3,66.2,28.6,10.9,28.4,40.7,5.51,14.11,82.54,CONDICAO_SEVERA_SIMULADA,SIMULADO
2026-09-16 15:43:18,TEST_SEVERA_001,VEICULO_TESTE_01,1208.6,18.4,66.9,21.9,12.2,29.5,38.9,5.48,14.1,82.54,CONDICAO_SEVERA_SIMULADA,SIMULADO
2026-09-16 15:43:19,TEST_SEVERA_001,VEICULO_TESTE_01,1273.0,17.3,67.6,21.9,14.9,29.1,42.9,6.38,13.95,82.53,CONDICAO_SEVERA_SIMULADA,SIMULADO
2026-09-16 15:43:20,TEST_SEVERA_001,VEICULO_TESTE_01,1297.7,16.2,66.6,22.9,11.2,31.3,42.3,6.67,14.09,82.53,CONDICAO_SEVERA_SIMULADA,SIMULADO
2026-09-16 15:43:21,TEST_SEVERA_001,VEICULO_TESTE_01,1241.3,15.2,67.4,25.2,9.6,29.0,42.5,5.68,14.18,82.53,CONDICAO_SEVERA_SIMULADA,SIMULADO
2026-09-16 15:43:22,TEST_SEVERA_001,VEICULO_TESTE_01,1172.7,14.2,67.5,26.0,11.9,28.4,44.5,6.44,14.06,82.53,CONDICAO_SEVERA_SIMULADA,SIMULADO
2026-09-16 15:43:23,TEST_SEVERA_001,VEICULO_TESTE_01,1082.8,13.2,67.9,25.5,10.0,29.6,35.4,5.13,14.12,82.53,CONDICAO_SEVERA_SIMULADA,SIMULADO
2026-09-16 15:43:24,TEST_SEVERA_001,VEICULO_TESTE_01,1135.7,12.2,67.5,19.2,13.1,28.4,41.6,5.02,14.28,82.53,CONDICAO_SEVERA_SIMULADA,SIMULADO
2026-09-16 15:43:25,TEST_SEVERA_001,VEICULO_TESTE_01,1084.5,11.2,67.7,25.1,11.3,27.5,43.1,6.31,14.17,82.53,CONDICAO_SEVERA_SIMULADA,SIMULADO
2026-09-16 15:43:26,TEST_SEVERA_001,VEICULO_TESTE_01,1015.0,10.3,67.8,23.3,10.9,28.2,38.8,5.55,14.13,82.53,CONDICAO_SEVERA_SIMULADA,SIMULADO
2026-09-16 15:43:27,TEST_SEVERA_001,VEICULO_TESTE_01,1071.0,9.3,67.9,27.3,13.7,28.3,41.6,6.43,14.11,82.52,CONDICAO_SEVERA_SIMULADA,SIMULADO
2026-09-16 15:43:28,TEST_SEVERA_001,VEICULO_TESTE_01,1020.6,8.1,67.5,19.1,10.6,29.5,39.8,5.34,14.12,82.52,CONDICAO_SEVERA_SIMULADA,SIMULADO
2026-09-16 15:43:29,TEST_SEVERA_001,VEICULO_TESTE_01,930.2,6.9,67.4,22.2,9.5,29.7,40.0,4.45,14.16,82.52,CONDICAO_SEVERA_SIMULADA,SIMULADO
2026-09-16 15:43:30,TEST_SEVERA_001,VEICULO_TESTE_01,1007.2,6.1,67.7,25.6,13.4,29.0,41.9,5.39,14.1,82.52,CONDICAO_SEVERA_SIMULADA,SIMULADO
2026-09-16 15:43:31,TEST_SEVERA_001,VEICULO_TESTE_01,892.1,5.4,68.5,23.6,14.8,28.0,44.3,5.07,14.18,82.52,CONDICAO_SEVERA_SIMULADA,SIMULADO
2026-09-16 15:43:32,TEST_SEVERA_001,VEICULO_TESTE_01,991.5,5.2,68.4,19.8,6.6,31.0,34.1,5.71,14.12,82.52,CONDICAO_SEVERA_SIMULADA,SIMULADO
2026-09-16 15:43:33,TEST_SEVERA_001,VEICULO_TESTE_01,1134.9,5.3,68.6,36.5,14.0,28.4,43.3,6.2,14.19,82.52,CONDICAO_SEVERA_SIMULADA,SIMULADO
2026-09-16 15:43:34,TEST_SEVERA_001,VEICULO_TESTE_01,1086.5,5.9,68.5,27.3,17.2,28.1,43.6,5.54,14.16,82.52,CONDICAO_SEVERA_SIMULADA,SIMULADO
2026-09-16 15:43:35,TEST_SEVERA_001,VEICULO_TESTE_01,1180.8,6.6,70.0,39.3,20.0,28.1,46.8,6.74,14.23,82.52,CONDICAO_SEVERA_SIMULADA,SIMULADO
2026-09-16 15:43:36,TEST_SEVERA_001,VEICULO_TESTE_01,1215.6,7.5,69.1,36.8,19.2,30.1,50.1,6.65,14.23,82.51,CONDICAO_SEVERA_SIMULADA,SIMULADO
2026-09-16 15:43:37,TEST_SEVERA_001,VEICULO_TESTE_01,1270.6,8.3,69.5,41.2,20.2,29.7,45.9,6.53,14.22,82.51,CONDICAO_SEVERA_SIMULADA,SIMULADO
2026-09-16 15:43:38,TEST_SEVERA_001,VEICULO_TESTE_01,1170.0,9.3,68.7,39.9,21.1,30.7,49.3,6.44,14.07,82.51,CONDICAO_SEVERA_SIMULADA,SIMULADO
2026-09-16 15:43:39,TEST_SEVERA_001,VEICULO_TESTE_01,1360.2,10.4,69.3,31.8,18.9,29.9,43.3,7.15,14.14,82.51,CONDICAO_SEVERA_SIMULADA,SIMULADO
2026-09-16 15:43:40,TEST_SEVERA_001,VEICULO_TESTE_01,1226.1,11.3,69.4,40.0,23.7,29.9,51.3,6.09,14.15,82.51,CONDICAO_SEVERA_SIMULADA,SIMULADO
2026-09-16 15:43:41,TEST_SEVERA_001,VEICULO_TESTE_01,1325.2,12.2,69.4,37.5,20.1,28.9,51.6,6.52,13.92,82.51,CONDICAO_SEVERA_SIMULADA,SIMULADO
2026-09-16 15:43:42,TEST_SEVERA_001,VEICULO_TESTE_01,1378.9,13.1,70.2,43.5,24.1,29.8,50.1,7.72,14.13,82.51,CONDICAO_SEVERA_SIMULADA,SIMULADO
2026-09-16 15:43:43,TEST_SEVERA_001,VEICULO_TESTE_01,1353.2,14.0,69.6,44.5,22.9,29.1,50.1,7.55,14.15,82.5,CONDICAO_SEVERA_SIMULADA,SIMULADO
2026-09-16 15:43:44,TEST_SEVERA_001,VEICULO_TESTE_01,1419.2,14.9,69.9,41.8,21.8,30.2,49.8,6.7,14.15,82.5,CONDICAO_SEVERA_SIMULADA,SIMULADO
2026-09-16 15:43:45,TEST_SEVERA_001,VEICULO_TESTE_01,1475.2,15.7,69.9,38.7,22.0,28.9,46.5,7.93,14.04,82.5,CONDICAO_SEVERA_SIMULADA,SIMULADO
2026-09-16 15:43:46,TEST_SEVERA_001,VEICULO_TESTE_01,1496.4,16.6,71.0,43.3,25.9,29.6,52.8,7.9,14.11,82.5,CONDICAO_SEVERA_SIMULADA,SIMULADO
2026-09-16 15:43:47,TEST_SEVERA_001,VEICULO_TESTE_01,1480.2,17.5,69.8,34.8,20.9,28.3,48.4,7.08,14.29,82.5,CONDICAO_SEVERA_SIMULADA,SIMULADO
2026-09-16 15:43:48,TEST_SEVERA_001,VEICULO_TESTE_01,1598.3,18.5,70.0,47.5,27.2,30.4,57.8,8.14,14.18,82.5,CONDICAO_SEVERA_SIMULADA,SIMULADO
2026-09-16 15:43:49,TEST_SEVERA_001,VEICULO_TESTE_01,1487.0,19.5,70.2,45.4,25.8,28.5,50.0,7.22,14.17,82.5,CONDICAO_SEVERA_SIMULADA,SIMULADO
2026-09-16 15:43:50,TEST_SEVERA_001,VEICULO_TESTE_01,1563.2,20.4,69.4,39.9,22.4,29.9,50.2,7.63,14.17,82.49,CONDICAO_SEVERA_SIMULADA,SIMULADO
2026-09-16 15:43:51,TEST_SEVERA_001,VEICULO_TESTE_01,1347.1,21.2,70.3,35.6,19.3,28.5,49.1,6.49,14.27,82.49,CONDICAO_SEVERA_SIMULADA,SIMULADO
2026-09-16 15:43:52,TEST_SEVERA_001,VEICULO_TESTE_01,1540.7,22.0,70.8,41.7,25.2,28.5,54.8,7.51,14.14,82.49,CONDICAO_SEVERA_SIMULADA,SIMULADO
2026-09-16 15:43:53,TEST_SEVERA_001,VEICULO_TESTE_01,1612.1,22.7,71.1,39.9,20.6,31.9,46.0,7.98,14.18,82.49,CONDICAO_SEVERA_SIMULADA,SIMULADO
2026-09-16 15:43:54,TEST_SEVERA_001,VEICULO_TESTE_01,1514.2,23.4,71.2,36.2,18.4,29.6,45.9,7.36,14.16,82.49,CONDICAO_SEVERA_SIMULADA,SIMULADO
2026-09-16 15:43:55,TEST_SEVERA_001,VEICULO_TESTE_01,1511.2,24.1,70.5,41.9,20.9,29.3,50.3,7.3,14.01,82.49,CONDICAO_SEVERA_SIMULADA,SIMULADO
2026-09-16 15:43:56,TEST_SEVERA_001,VEICULO_TESTE_01,1639.5,24.8,70.1,42.3,19.4,30.5,48.4,7.93,14.3,82.49,CONDICAO_SEVERA_SIMULADA,SIMULADO
2026-09-16 15:43:57,TEST_SEVERA_001,VEICULO_TESTE_01,1581.1,25.6,71.1,40.6,23.6,30.0,51.0,8.15,14.09,82.48,CONDICAO_SEVERA_SIMULADA,SIMULADO
2026-09-16 15:43:58,TEST_SEVERA_001,VEICULO_TESTE_01,1684.7,26.4,71.2,39.0,24.8,29.7,49.7,7.14,14.19,82.48,CONDICAO_SEVERA_SIMULADA,SIMULADO
2026-09-16 15:43:59,TEST_SEVERA_001,VEICULO_TESTE_01,1699.7,27.4,71.7,42.5,24.6,29.8,54.2,7.69,14.28,82.48,CONDICAO_SEVERA_SIMULADA,SIMULADO
2026-09-16 15:44:00,TEST_SEVERA_001,VEICULO_TESTE_01,1719.4,28.3,71.3,37.2,25.8,29.2,48.9,7.66,14.24,82.48,CONDICAO_SEVERA_SIMULADA,SIMULADO
2026-09-16 15:44:01,TEST_SEVERA_001,VEICULO_TESTE_01,1838.5,29.3,70.8,42.2,26.5,28.7,54.2,8.41,14.26,82.48,CONDICAO_SEVERA_SIMULADA,SIMULADO
2026-09-16 15:44:02,TEST_SEVERA_001,VEICULO_TESTE_01,1721.3,30.0,71.1,35.8,21.3,29.3,49.8,8.39,14.15,82.48,CONDICAO_SEVERA_SIMULADA,SIMULADO
2026-09-16 15:44:03,TEST_SEVERA_001,VEICULO_TESTE_01,1694.0,30.7,71.1,34.7,22.6,27.9,50.6,7.69,14.03,82.48,CONDICAO_SEVERA_SIMULADA,SIMULADO
2026-09-16 15:44:04,TEST_SEVERA_001,VEICULO_TESTE_01,1748.2,31.4,72.4,33.9,23.3,28.0,51.2,7.69,14.19,82.47,CONDICAO_SEVERA_SIMULADA,SIMULADO
2026-09-16 15:44:05,TEST_SEVERA_001,VEICULO_TESTE_01,1781.3,32.0,72.2,37.1,22.0,29.0,47.2,7.73,14.18,82.47,CONDICAO_SEVERA_SIMULADA,SIMULADO
2026-09-16 15:44:06,TEST_SEVERA_001,VEICULO_TESTE_01,1765.7,32.7,71.5,37.2,22.4,30.2,47.0,7.23,14.15,82.47,CONDICAO_SEVERA_SIMULADA,SIMULADO
2026-09-16 15:44:07,TEST_SEVERA_001,VEICULO_TESTE_01,1695.6,33.4,70.1,41.0,23.0,29.8,55.0,8.11,14.13,82.47,CONDICAO_SEVERA_SIMULADA,SIMULADO
2026-09-16 15:44:08,TEST_SEVERA_001,VEICULO_TESTE_01,1785.0,34.2,71.5,38.4,22.8,28.7,50.0,8.29,14.18,82.47,CONDICAO_SEVERA_SIMULADA,SIMULADO
2026-09-16 15:44:09,TEST_SEVERA_001,VEICULO_TESTE_01,1799.5,34.8,71.4,39.1,26.8,30.4,51.3,7.7,14.29,82.47,CONDICAO_SEVERA_SIMULADA,SIMULADO
2026-09-16 15:44:10,TEST_SEVERA_001,VEICULO_TESTE_01,1851.1,35.6,72.4,43.5,24.1,27.6,55.3,7.5,14.02,82.47,CONDICAO_SEVERA_SIMULADA,SIMULADO
2026-09-16 15:44:11,TEST_SEVERA_001,VEICULO_TESTE_01,1920.2,36.3,73.2,37.0,23.5,31.4,51.8,8.59,14.21,82.46,CONDICAO_SEVERA_SIMULADA,SIMULADO
2026-09-16 15:44:12,TEST_SEVERA_001,VEICULO_TESTE_01,2031.8,37.2,71.4,38.1,22.7,29.9,52.3,8.73,14.08,82.46,CONDICAO_SEVERA_SIMULADA,SIMULADO
2026-09-16 15:44:13,TEST_SEVERA_001,VEICULO_TESTE_01,1989.2,38.0,71.8,42.9,25.8,31.7,52.5,8.87,14.29,82.46,CONDICAO_SEVERA_SIMULADA,SIMULADO
2026-09-16 15:44:14,TEST_SEVERA_001,VEICULO_TESTE_01,2000.3,38.9,72.5,44.7,27.8,30.1,59.6,9.13,14.22,82.46,CONDICAO_SEVERA_SIMULADA,SIMULADO
2026-09-16 15:44:15,TEST_SEVERA_001,VEICULO_TESTE_01,2152.4,39.7,72.6,49.3,29.1,30.5,56.5,9.11,14.11,82.46,CONDICAO_SEVERA_SIMULADA,SIMULADO
2026-09-16 15:44:16,TEST_SEVERA_001,VEICULO_TESTE_01,1962.1,40.6,72.6,37.4,24.9,29.0,50.4,8.9,14.12,82.46,CONDICAO_SEVERA_SIMULADA,SIMULADO
2026-09-16 15:44:17,TEST_SEVERA_001,VEICULO_TESTE_01,2094.3,41.4,73.2,44.7,29.3,32.0,58.9,8.42,14.13,82.46,CONDICAO_SEVERA_SIMULADA,SIMULADO
2026-09-16 15:44:18,TEST_SEVERA_001,VEICULO_TESTE_01,2104.7,42.5,73.0,47.2,27.0,29.6,53.3,9.2,14.22,82.45,CONDICAO_SEVERA_SIMULADA,SIMULADO
2026-09-16 15:44:19,TEST_SEVERA_001,VEICULO_TESTE_01,2006.8,43.4,74.4,46.4,24.8,30.4,54.4,9.17,14.3,82.45,CONDICAO_SEVERA_SIMULADA,SIMULADO
2026-09-16 15:44:20,TEST_SEVERA_001,VEICULO_TESTE_01,2104.8,44.3,72.2,34.0,26.2,30.5,53.3,8.64,14.2,82.45,CONDICAO_SEVERA_SIMULADA,SIMULADO
2026-09-16 15:44:21,TEST_SEVERA_001,VEICULO_TESTE_01,2005.2,45.1,72.4,38.9,24.5,28.4,55.8,8.31,14.19,82.45,CONDICAO_SEVERA_SIMULADA,SIMULADO
2026-09-16 15:44:22,TEST_SEVERA_001,VEICULO_TESTE_01,2156.7,45.9,72.3,40.0,25.2,32.0,50.7,9.34,14.08,82.45,CONDICAO_SEVERA_SIMULADA,SIMULADO
2026-09-16 15:44:23,TEST_SEVERA_001,VEICULO_TESTE_01,1965.9,46.7,74.2,37.8,27.6,27.9,51.8,7.89,14.16,82.45,CONDICAO_SEVERA_SIMULADA,SIMULADO
2026-09-16 15:44:24,TEST_SEVERA_001,VEICULO_TESTE_01,2114.3,47.5,73.0,41.1,26.5,28.6,51.9,9.58,14.11,82.44,CONDICAO_SEVERA_SIMULADA,SIMULADO
2026-09-16 15:44:25,TEST_SEVERA_001,VEICULO_TESTE_01,2186.1,48.2,73.1,38.5,23.1,29.3,48.0,9.09,14.08,82.44,CONDICAO_SEVERA_SIMULADA,SIMULADO
2026-09-16 15:44:26,TEST_SEVERA_001,VEICULO_TESTE_01,2244.2,49.0,73.9,37.1,27.8,32.1,55.8,9.58,14.24,82.44,CONDICAO_SEVERA_SIMULADA,SIMULADO
2026-09-16 15:44:27,TEST_SEVERA_001,VEICULO_TESTE_01,2218.3,49.6,72.3,34.8,25.5,29.3,49.8,9.24,14.11,82.44,CONDICAO_SEVERA_SIMULADA,SIMULADO
2026-09-16 15:44:28,TEST_SEVERA_001,VEICULO_TESTE_01,2282.1,50.2,73.8,37.1,25.7,29.5,54.3,9.16,14.19,82.44,CONDICAO_SEVERA_SIMULADA,SIMULADO
2026-09-16 15:44:29,TEST_SEVERA_001,VEICULO_TESTE_01,2265.7,51.0,72.8,40.5,26.5,31.7,56.9,9.4,14.13,82.44,CONDICAO_SEVERA_SIMULADA,SIMULADO
2026-09-16 15:44:30,TEST_SEVERA_001,VEICULO_TESTE_01,2393.4,51.9,73.3,42.5,29.6,28.4,60.0,9.53,14.23,82.44,CONDICAO_SEVERA_SIMULADA,SIMULADO
2026-09-16 15:44:31,TEST_SEVERA_001,VEICULO_TESTE_01,2290.0,52.8,74.0,42.4,30.3,29.7,54.7,9.77,14.22,82.43,CONDICAO_SEVERA_SIMULADA,SIMULADO
2026-09-16 15:44:32,TEST_SEVERA_001,VEICULO_TESTE_01,2459.6,53.8,74.0,42.8,30.1,28.4,54.4,9.89,14.06,82.43,CONDICAO_SEVERA_SIMULADA,SIMULADO
2026-09-16 15:44:33,TEST_SEVERA_001,VEICULO_TESTE_01,2348.5,54.7,74.8,45.3,30.2,28.4,56.7,9.71,14.18,82.43,CONDICAO_SEVERA_SIMULADA,SIMULADO
2026-09-16 15:44:34,TEST_SEVERA_001,VEICULO_TESTE_01,2401.8,55.6,72.9,38.0,25.7,29.3,50.6,9.5,14.25,82.43,CONDICAO_SEVERA_SIMULADA,SIMULADO
2026-09-16 15:44:35,TEST_SEVERA_001,VEICULO_TESTE_01,2361.0,56.3,73.3,36.2,27.8,30.0,54.1,9.12,14.14,82.43,CONDICAO_SEVERA_SIMULADA,SIMULADO
2026-09-16 15:44:36,TEST_SEVERA_001,VEICULO_TESTE_01,2384.3,57.1,73.4,36.0,24.4,28.9,50.3,9.89,14.08,82.43,CONDICAO_SEVERA_SIMULADA,SIMULADO
2026-09-16 15:44:37,TEST_SEVERA_001,VEICULO_TESTE_01,2405.6,57.7,74.6,39.8,27.3,30.6,54.1,9.46,14.03,82.42,CONDICAO_SEVERA_SIMULADA,SIMULADO
2026-09-16 15:44:38,TEST_SEVERA_001,VEICULO_TESTE_01,2295.7,58.2,75.5,39.6,27.8,30.1,57.1,9.84,14.29,82.42,CONDICAO_SEVERA_SIMULADA,SIMULADO
2026-09-16 15:44:39,TEST_SEVERA_001,VEICULO_TESTE_01,2432.4,58.7,74.8,34.3,24.0,27.8,49.8,8.4,14.14,82.42,CONDICAO_SEVERA_SIMULADA,SIMULADO
2026-09-16 15:44:40,TEST_SEVERA_001,VEICULO_TESTE_01,2370.7,59.3,74.0,34.5,23.2,29.5,50.0,9.65,14.26,82.42,CONDICAO_SEVERA_SIMULADA,SIMULADO
2026-09-16 15:44:41,TEST_SEVERA_001,VEICULO_TESTE_01,2448.5,59.9,74.4,39.4,26.2,31.1,54.5,9.35,14.25,82.42,CONDICAO_SEVERA_SIMULADA,SIMULADO
2026-09-16 15:44:42,TEST_SEVERA_001,VEICULO_TESTE_01,2475.5,60.7,73.9,46.1,29.9,29.0,53.5,10.09,14.13,82.42,CONDICAO_SEVERA_SIMULADA,SIMULADO
2026-09-16 15:44:43,TEST_SEVERA_001,VEICULO_TESTE_01,2684.1,61.7,75.0,40.7,30.3,31.3,56.9,10.56,14.28,82.41,CONDICAO_SEVERA_SIMULADA,SIMULADO
2026-09-16 15:44:44,TEST_SEVERA_001,VEICULO_TESTE_01,2656.4,62.7,73.4,50.1,30.8,30.5,53.9,11.35,14.1,82.41,CONDICAO_SEVERA_SIMULADA,SIMULADO
2026-09-16 15:44:45,TEST_SEVERA_001,VEICULO_TESTE_01,2553.7,63.6,74.1,47.9,32.9,29.8,58.1,10.11,14.02,82.41,CONDICAO_SEVERA_SIMULADA,SIMULADO
2026-09-16 15:44:46,TEST_SEVERA_001,VEICULO_TESTE_01,2560.0,64.5,75.0,42.8,26.5,29.8,55.0,9.43,14.2,82.41,CONDICAO_SEVERA_SIMULADA,SIMULADO
2026-09-16 15:44:47,TEST_SEVERA_001,VEICULO_TESTE_01,2597.7,65.4,73.9,40.5,28.3,29.4,55.2,9.81,14.18,82.41,CONDICAO_SEVERA_SIMULADA,SIMULADO
2026-09-16 15:44:48,TEST_SEVERA_001,VEICULO_TESTE_01,2560.0,66.4,75.3,43.2,28.3,29.8,60.3,10.82,14.1,82.41,CONDICAO_SEVERA_SIMULADA,SIMULADO
2026-09-16 15:44:49,TEST_SEVERA_001,VEICULO_TESTE_01,2647.0,67.3,75.8,45.0,29.4,30.4,54.5,9.91,14.24,82.4,CONDICAO_SEVERA_SIMULADA,SIMULADO
2026-09-16 15:44:50,TEST_SEVERA_001,VEICULO_TESTE_01,2741.6,68.3,74.7,51.0,33.5,30.1,61.8,10.97,14.12,82.4,CONDICAO_SEVERA_SIMULADA,SIMULADO
2026-09-16 15:44:51,TEST_SEVERA_001,VEICULO_TESTE_01,2756.0,69.3,75.1,44.2,31.4,30.4,55.8,10.69,14.14,82.4,CONDICAO_SEVERA_SIMULADA,SIMULADO
2026-09-16 15:44:52,TEST_SEVERA_001,VEICULO_TESTE_01,2669.9,70.2,75.2,42.8,30.4,30.0,55.9,10.53,14.14,82.4,CONDICAO_SEVERA_SIMULADA,SIMULADO
2026-09-16 15:44:53,TEST_SEVERA_001,VEICULO_TESTE_01,2748.4,71.1,75.5,49.0,34.7,29.6,59.7,11.22,14.13,82.4,CONDICAO_SEVERA_SIMULADA,SIMULADO
2026-09-16 15:44:54,TEST_SEVERA_001,VEICULO_TESTE_01,2930.5,72.0,74.8,46.8,30.5,30.7,58.5,11.57,14.12,82.39,CONDICAO_SEVERA_SIMULADA,SIMULADO
2026-09-16 15:44:55,TEST_SEVERA_001,VEICULO_TESTE_01,2680.6,72.9,76.2,43.9,29.8,28.2,55.5,10.14,14.13,82.39,CONDICAO_SEVERA_SIMULADA,SIMULADO
2026-09-16 15:44:56,TEST_SEVERA_001,VEICULO_TESTE_01,2678.0,73.6,74.7,40.0,27.1,30.0,54.8,10.23,14.17,82.39,CONDICAO_SEVERA_SIMULADA,SIMULADO
2026-09-16 15:44:57,TEST_SEVERA_001,VEICULO_TESTE_01,2669.7,74.1,74.4,35.7,22.0,30.6,48.2,9.69,14.12,82.39,CONDICAO_SEVERA_SIMULADA,SIMULADO
2026-09-16 15:44:58,TEST_SEVERA_001,VEICULO_TESTE_01,2643.9,74.4,75.7,33.5,20.4,30.0,48.4,9.93,14.17,82.39,CONDICAO_SEVERA_SIMULADA,SIMULADO
2026-09-16 15:44:59,TEST_SEVERA_001,VEICULO_TESTE_01,2705.4,74.5,75.3,37.1,24.3,30.2,52.2,10.25,14.1,82.39,CONDICAO_SEVERA_SIMULADA,SIMULADO
2026-09-16 15:45:00,TEST_SEVERA_001,VEICULO_TESTE_01,2542.2,74.4,74.8,30.2,19.9,30.1,45.3,9.61,14.01,82.39,CONDICAO_SEVERA_SIMULADA,SIMULADO
2026-09-16 15:45:01,TEST_SEVERA_001,VEICULO_TESTE_01,2571.6,74.4,75.0,30.9,20.9,29.4,44.8,9.28,14.13,82.38,CONDICAO_SEVERA_SIMULADA,SIMULADO
2026-09-16 15:45:02,TEST_SEVERA_001,VEICULO_TESTE_01,2573.2,74.3,74.7,28.3,20.5,29.8,48.0,9.47,14.14,82.38,CONDICAO_SEVERA_SIMULADA,SIMULADO
2026-09-16 15:45:03,TEST_SEVERA_001,VEICULO_TESTE_01,2687.7,74.3,74.8,35.7,25.4,28.4,51.3,10.94,14.05,82.38,CONDICAO_SEVERA_SIMULADA,SIMULADO
2026-09-16 15:45:04,TEST_SEVERA_001,VEICULO_TESTE_01,2604.4,74.3,76.2,36.6,23.4,32.1,49.4,9.62,14.15,82.38,CONDICAO_SEVERA_SIMULADA,SIMULADO
2026-09-16 15:45:05,TEST_SEVERA_001,VEICULO_TESTE_01,2654.5,74.3,75.6,29.1,22.3,29.4,51.5,9.4,14.14,82.38,CONDICAO_SEVERA_SIMULADA,SIMULADO
2026-09-16 15:45:06,TEST_SEVERA_001,VEICULO_TESTE_01,2586.4,74.3,75.9,34.7,22.6,30.8,49.4,10.46,14.16,82.38,CONDICAO_SEVERA_SIMULADA,SIMULADO
2026-09-16 15:45:07,TEST_SEVERA_001,VEICULO_TESTE_01,2618.0,74.3,76.3,28.1,21.3,31.4,47.5,9.78,14.11,82.37,CONDICAO_SEVERA_SIMULADA,SIMULADO
2026-09-16 15:45:08,TEST_SEVERA_001,VEICULO_TESTE_01,2540.6,74.3,75.9,28.8,20.9,30.5,44.3,9.01,14.15,82.37,CONDICAO_SEVERA_SIMULADA,SIMULADO
2026-09-16 15:45:09,TEST_SEVERA_001,VEICULO_TESTE_01,2622.7,74.3,74.6,32.5,24.3,29.4,50.3,9.54,14.17,82.37,CONDICAO_SEVERA_SIMULADA,SIMULADO
2026-09-16 15:45:10,TEST_SEVERA_001,VEICULO_TESTE_01,2665.3,74.3,76.1,26.2,18.5,29.8,45.2,8.74,14.24,82.37,CONDICAO_SEVERA_SIMULADA,SIMULADO
2026-09-16 15:45:11,TEST_SEVERA_001,VEICULO_TESTE_01,2591.9,74.4,75.4,29.7,21.6,29.3,46.8,9.61,14.09,82.37,CONDICAO_SEVERA_SIMULADA,SIMULADO
2026-09-16 15:45:12,TEST_SEVERA_001,VEICULO_TESTE_01,2612.9,74.4,76.9,25.6,20.7,30.4,47.4,9.31,14.17,82.37,CONDICAO_SEVERA_SIMULADA,SIMULADO
2026-09-16 15:45:13,TEST_SEVERA_001,VEICULO_TESTE_01,2607.8,74.4,76.5,31.3,21.3,29.8,47.7,9.72,14.06,82.36,CONDICAO_SEVERA_SIMULADA,SIMULADO
2026-09-16 15:45:14,TEST_SEVERA_001,VEICULO_TESTE_01,2567.9,74.3,75.9,24.0,16.9,28.6,43.0,9.14,14.24,82.36,CONDICAO_SEVERA_SIMULADA,SIMULADO
2026-09-16 15:45:15,TEST_SEVERA_001,VEICULO_TESTE_01,2664.8,74.3,76.5,33.2,22.0,29.8,44.9,9.82,14.22,82.36,CONDICAO_SEVERA_SIMULADA,SIMULADO
2026-09-16 15:45:16,TEST_SEVERA_001,VEICULO_TESTE_01,2461.4,74.3,76.0,29.8,21.9,29.5,45.6,8.67,14.26,82.36,CONDICAO_SEVERA_SIMULADA,SIMULADO
2026-09-16 15:45:17,TEST_SEVERA_001,VEICULO_TESTE_01,2591.5,74.2,76.5,26.0,20.2,29.7,50.3,9.51,14.15,82.36,CONDICAO_SEVERA_SIMULADA,SIMULADO
2026-09-16 15:45:18,TEST_SEVERA_001,VEICULO_TESTE_01,2667.7,74.3,76.3,33.2,25.7,30.4,48.6,9.92,14.15,82.36,CONDICAO_SEVERA_SIMULADA,SIMULADO
2026-09-16 15:45:19,TEST_SEVERA_001,VEICULO_TESTE_01,2568.4,74.4,76.3,32.1,24.0,30.3,47.0,10.26,14.03,82.35,CONDICAO_SEVERA_SIMULADA,SIMULADO
2026-09-16 15:45:20,TEST_SEVERA_001,VEICULO_TESTE_01,2629.0,74.3,76.6,30.0,23.2,29.5,47.7,9.6,14.09,82.35,CONDICAO_SEVERA_SIMULADA,SIMULADO
2026-09-16 15:45:21,TEST_SEVERA_001,VEICULO_TESTE_01,2616.5,74.3,76.4,33.1,24.4,30.2,47.2,9.61,14.22,82.35,CONDICAO_SEVERA_SIMULADA,SIMULADO
2026-09-16 15:45:22,TEST_SEVERA_001,VEICULO_TESTE_01,2542.9,74.4,75.8,30.1,22.7,30.5,47.8,9.3,14.05,82.35,CONDICAO_SEVERA_SIMULADA,SIMULADO
2026-09-16 15:45:23,TEST_SEVERA_001,VEICULO_TESTE_01,2584.2,74.3,76.2,28.1,22.5,28.4,46.9,9.2,14.23,82.35,CONDICAO_SEVERA_SIMULADA,SIMULADO
2026-09-16 15:45:24,TEST_SEVERA_001,VEICULO_TESTE_01,2697.2,74.3,76.9,25.7,18.6,29.9,44.0,9.12,14.19,82.35,CONDICAO_SEVERA_SIMULADA,SIMULADO
2026-09-16 15:45:25,TEST_SEVERA_001,VEICULO_TESTE_01,2593.5,74.3,76.7,30.0,21.4,27.8,51.1,9.75,14.1,82.35,CONDICAO_SEVERA_SIMULADA,SIMULADO
2026-09-16 15:45:26,TEST_SEVERA_001,VEICULO_TESTE_01,2731.4,74.3,76.0,31.6,22.6,30.0,46.4,10.78,14.27,82.34,CONDICAO_SEVERA_SIMULADA,SIMULADO
2026-09-16 15:45:27,TEST_SEVERA_001,VEICULO_TESTE_01,2607.7,74.3,77.2,31.2,18.8,28.9,50.3,9.78,14.27,82.34,CONDICAO_SEVERA_SIMULADA,SIMULADO
2026-09-16 15:45:28,TEST_SEVERA_001,VEICULO_TESTE_01,2597.4,74.3,77.3,32.8,23.1,29.1,47.7,8.87,14.14,82.34,CONDICAO_SEVERA_SIMULADA,SIMULADO
2026-09-16 15:45:29,TEST_SEVERA_001,VEICULO_TESTE_01,2683.9,74.3,77.6,33.4,20.1,28.6,47.8,9.96,13.94,82.34,CONDICAO_SEVERA_SIMULADA,SIMULADO
2026-09-16 15:45:30,TEST_SEVERA_001,VEICULO_TESTE_01,2652.4,74.3,76.4,28.5,19.2,30.1,45.2,10.07,14.22,82.34,CONDICAO_SEVERA_SIMULADA,SIMULADO
2026-09-16 15:45:31,TEST_SEVERA_001,VEICULO_TESTE_01,2602.4,74.3,77.3,29.3,21.9,29.8,45.8,8.95,14.15,82.34,CONDICAO_SEVERA_SIMULADA,SIMULADO
2026-09-16 15:45:32,TEST_SEVERA_001,VEICULO_TESTE_01,2668.6,74.3,77.2,23.3,21.4,27.9,43.8,9.22,14.03,82.33,CONDICAO_SEVERA_SIMULADA,SIMULADO
2026-09-16 15:45:33,TEST_SEVERA_001,VEICULO_TESTE_01,2511.6,74.3,76.7,33.4,24.1,29.1,49.8,9.68,14.34,82.33,CONDICAO_SEVERA_SIMULADA,SIMULADO
2026-09-16 15:45:34,TEST_SEVERA_001,VEICULO_TESTE_01,2638.1,74.2,76.7,27.5,22.4,29.9,49.5,9.45,14.2,82.33,CONDICAO_SEVERA_SIMULADA,SIMULADO
2026-09-16 15:45:35,TEST_SEVERA_001,VEICULO_TESTE_01,2602.8,73.9,77.0,30.0,21.7,30.0,51.0,9.9,14.09,82.33,CONDICAO_SEVERA_SIMULADA,SIMULADO
2026-09-16 15:45:36,TEST_SEVERA_001,VEICULO_TESTE_01,2535.6,73.2,77.5,21.9,19.0,33.3,43.0,9.12,14.03,82.33,CONDICAO_SEVERA_SIMULADA,SIMULADO
2026-09-16 15:45:37,TEST_SEVERA_001,VEICULO_TESTE_01,2612.4,72.5,78.0,30.1,19.9,31.6,41.9,9.48,14.19,82.33,CONDICAO_SEVERA_SIMULADA,SIMULADO
2026-09-16 15:45:38,TEST_SEVERA_001,VEICULO_TESTE_01,2533.3,71.6,77.5,32.0,20.9,28.3,48.3,9.19,14.1,82.32,CONDICAO_SEVERA_SIMULADA,SIMULADO
2026-09-16 15:45:39,TEST_SEVERA_001,VEICULO_TESTE_01,2539.9,70.6,76.7,31.7,23.0,29.2,52.2,9.4,14.14,82.32,CONDICAO_SEVERA_SIMULADA,SIMULADO
2026-09-16 15:45:40,TEST_SEVERA_001,VEICULO_TESTE_01,2527.0,69.6,78.0,34.8,25.1,29.7,54.2,9.53,14.25,82.32,CONDICAO_SEVERA_SIMULADA,SIMULADO
2026-09-16 15:45:41,TEST_SEVERA_001,VEICULO_TESTE_01,2434.8,68.6,78.1,33.3,18.8,31.9,44.7,9.81,14.11,82.32,CONDICAO_SEVERA_SIMULADA,SIMULADO
2026-09-16 15:45:42,TEST_SEVERA_001,VEICULO_TESTE_01,2472.7,67.4,78.5,35.0,22.1,30.6,49.5,9.02,14.12,82.32,CONDICAO_SEVERA_SIMULADA,SIMULADO
2026-09-16 15:45:43,TEST_SEVERA_001,VEICULO_TESTE_01,2344.1,66.1,77.2,26.8,21.3,29.7,52.0,8.1,14.31,82.32,CONDICAO_SEVERA_SIMULADA,SIMULADO
2026-09-16 15:45:44,TEST_SEVERA_001,VEICULO_TESTE_01,2340.8,64.6,78.0,31.3,18.0,30.5,50.2,8.97,14.22,82.32,CONDICAO_SEVERA_SIMULADA,SIMULADO
2026-09-16 15:45:45,TEST_SEVERA_001,VEICULO_TESTE_01,2374.2,63.2,77.7,29.9,20.5,29.5,45.4,8.72,14.28,82.31,CONDICAO_SEVERA_SIMULADA,SIMULADO
2026-09-16 15:45:46,TEST_SEVERA_001,VEICULO_TESTE_01,2339.9,61.6,77.9,24.4,18.5,29.0,44.8,8.47,14.14,82.31,CONDICAO_SEVERA_SIMULADA,SIMULADO
2026-09-16 15:45:47,TEST_SEVERA_001,VEICULO_TESTE_01,2221.8,60.2,77.3,34.4,23.5,31.8,48.0,8.57,14.06,82.31,CONDICAO_SEVERA_SIMULADA,SIMULADO
2026-09-16 15:45:48,TEST_SEVERA_001,VEICULO_TESTE_01,2240.5,58.9,77.6,28.9,16.3,28.8,43.7,8.99,14.07,82.31,CONDICAO_SEVERA_SIMULADA,SIMULADO
2026-09-16 15:45:49,TEST_SEVERA_001,VEICULO_TESTE_01,2211.3,57.6,77.2,30.7,20.8,30.1,46.6,8.36,14.08,82.31,CONDICAO_SEVERA_SIMULADA,SIMULADO
2026-09-16 15:45:50,TEST_SEVERA_001,VEICULO_TESTE_01,2072.5,56.3,78.2,31.2,20.2,28.9,48.5,8.93,14.18,82.31,CONDICAO_SEVERA_SIMULADA,SIMULADO
2026-09-16 15:45:51,TEST_SEVERA_001,VEICULO_TESTE_01,2196.2,55.3,78.4,23.7,19.1,29.5,46.2,8.39,14.11,82.3,CONDICAO_SEVERA_SIMULADA,SIMULADO
2026-09-16 15:45:52,TEST_SEVERA_001,VEICULO_TESTE_01,2238.0,54.3,79.4,29.5,15.4,28.5,43.0,8.61,14.29,82.3,CONDICAO_SEVERA_SIMULADA,SIMULADO
2026-09-16 15:45:53,TEST_SEVERA_001,VEICULO_TESTE_01,2003.4,53.2,78.3,30.3,17.8,29.3,45.4,8.36,14.18,82.3,CONDICAO_SEVERA_SIMULADA,SIMULADO
2026-09-16 15:45:54,TEST_SEVERA_001,VEICULO_TESTE_01,2069.7,52.4,78.2,28.2,16.4,29.8,43.6,7.67,14.05,82.3,CONDICAO_SEVERA_SIMULADA,SIMULADO
2026-09-16 15:45:55,TEST_SEVERA_001,VEICULO_TESTE_01,2111.2,51.6,78.1,26.3,17.4,31.6,43.9,8.83,14.14,82.3,CONDICAO_SEVERA_SIMULADA,SIMULADO
2026-09-16 15:45:56,TEST_SEVERA_001,VEICULO_TESTE_01,2052.2,50.5,78.2,28.1,15.6,31.1,42.3,8.04,14.13,82.3,CONDICAO_SEVERA_SIMULADA,SIMULADO
2026-09-16 15:45:57,TEST_SEVERA_001,VEICULO_TESTE_01,1977.3,49.4,79.1,29.4,17.9,28.7,43.6,8.88,14.08,82.3,CONDICAO_SEVERA_SIMULADA,SIMULADO
2026-09-16 15:45:58,TEST_SEVERA_001,VEICULO_TESTE_01,1882.2,48.3,78.9,23.2,18.8,29.2,45.8,7.47,14.24,82.29,CONDICAO_SEVERA_SIMULADA,SIMULADO
2026-09-16 15:45:59,TEST_SEVERA_001,VEICULO_TESTE_01,1721.1,46.9,78.6,28.1,19.8,30.6,45.9,7.75,14.11,82.29,CONDICAO_SEVERA_SIMULADA,SIMULADO
2026-09-16 15:46:00,TEST_SEVERA_001,VEICULO_TESTE_01,1920.8,45.6,78.4,28.7,16.3,29.2,44.4,7.92,14.23,82.29,CONDICAO_SEVERA_SIMULADA,SIMULADO
2026-09-16 15:46:01,TEST_SEVERA_001,VEICULO_TESTE_01,1868.1,44.6,79.8,24.9,15.2,31.7,41.6,7.64,14.16,82.29,CONDICAO_SEVERA_SIMULADA,SIMULADO
2026-09-16 15:46:02,TEST_SEVERA_001,VEICULO_TESTE_01,1802.9,43.6,79.1,27.3,17.0,31.7,46.7,7.76,14.24,82.29,CONDICAO_SEVERA_SIMULADA,SIMULADO
2026-09-16 15:46:03,TEST_SEVERA_001,VEICULO_TESTE_01,1827.7,42.4,78.2,25.0,17.9,28.7,43.0,7.32,14.12,82.29,CONDICAO_SEVERA_SIMULADA,SIMULADO
2026-09-16 15:46:04,TEST_SEVERA_001,VEICULO_TESTE_01,1780.8,41.4,78.8,24.3,14.5,29.1,43.8,6.85,14.27,82.29,CONDICAO_SEVERA_SIMULADA,SIMULADO
2026-09-16 15:46:05,TEST_SEVERA_001,VEICULO_TESTE_01,1902.4,40.3,78.7,27.6,18.7,26.8,45.5,7.32,14.22,82.29,CONDICAO_SEVERA_SIMULADA,SIMULADO
2026-09-16 15:46:06,TEST_SEVERA_001,VEICULO_TESTE_01,1657.6,39.1,79.2,29.3,15.5,29.8,41.6,7.03,14.18,82.28,CONDICAO_SEVERA_SIMULADA,SIMULADO
2026-09-16 15:46:07,TEST_SEVERA_001,VEICULO_TESTE_01,1793.6,37.9,78.1,24.5,17.9,31.5,45.2,7.45,14.24,82.28,CONDICAO_SEVERA_SIMULADA,SIMULADO
2026-09-16 15:46:08,TEST_SEVERA_001,VEICULO_TESTE_01,1760.7,36.6,79.1,21.4,10.3,28.1,40.1,7.34,14.18,82.28,CONDICAO_SEVERA_SIMULADA,SIMULADO
2026-09-16 15:46:09,TEST_SEVERA_001,VEICULO_TESTE_01,1705.7,35.5,80.1,25.0,15.9,30.1,44.1,6.85,14.14,82.28,CONDICAO_SEVERA_SIMULADA,SIMULADO
2026-09-16 15:46:10,TEST_SEVERA_001,VEICULO_TESTE_01,1710.9,34.7,78.8,29.6,13.9,30.7,45.8,7.04,14.14,82.28,CONDICAO_SEVERA_SIMULADA,SIMULADO
2026-09-16 15:46:11,TEST_SEVERA_001,VEICULO_TESTE_01,1715.2,34.2,79.9,22.0,15.3,30.0,37.3,6.86,14.24,82.28,CONDICAO_SEVERA_SIMULADA,SIMULADO
2026-09-16 15:46:12,TEST_SEVERA_001,VEICULO_TESTE_01,1705.3,34.2,79.9,36.0,19.1,30.5,46.4,7.73,14.15,82.28,CONDICAO_SEVERA_SIMULADA,SIMULADO
2026-09-16 15:46:13,TEST_SEVERA_001,VEICULO_TESTE_01,1752.1,34.6,79.2,38.1,21.5,31.3,52.9,8.18,13.99,82.27,CONDICAO_SEVERA_SIMULADA,SIMULADO
2026-09-16 15:46:14,TEST_SEVERA_001,VEICULO_TESTE_01,1794.8,35.4,77.9,40.6,27.5,30.3,53.2,7.91,14.21,82.27,CONDICAO_SEVERA_SIMULADA,SIMULADO
2026-09-16 15:46:15,TEST_SEVERA_001,VEICULO_TESTE_01,1897.4,36.2,79.0,49.0,28.4,30.8,58.3,8.42,14.23,82.27,CONDICAO_SEVERA_SIMULADA,SIMULADO
2026-09-16 15:46:16,TEST_SEVERA_001,VEICULO_TESTE_01,1996.5,37.2,80.2,44.6,27.2,29.7,56.8,8.5,14.18,82.27,CONDICAO_SEVERA_SIMULADA,SIMULADO
2026-09-16 15:46:17,TEST_SEVERA_001,VEICULO_TESTE_01,1996.6,38.1,79.1,39.7,26.9,28.7,50.4,8.45,14.12,82.27,CONDICAO_SEVERA_SIMULADA,SIMULADO
2026-09-16 15:46:18,TEST_SEVERA_001,VEICULO_TESTE_01,2020.0,39.0,79.9,47.1,26.4,30.5,52.7,9.04,14.18,82.27,CONDICAO_SEVERA_SIMULADA,SIMULADO
2026-09-16 15:46:19,TEST_SEVERA_001,VEICULO_TESTE_01,2018.5,39.8,80.1,36.2,24.4,29.1,51.7,8.02,14.07,82.27,CONDICAO_SEVERA_SIMULADA,SIMULADO
2026-09-16 15:46:20,TEST_SEVERA_001,VEICULO_TESTE_01,1897.0,40.5,80.4,38.0,24.7,29.0,50.3,8.87,14.22,82.26,CONDICAO_SEVERA_SIMULADA,SIMULADO
2026-09-16 15:46:21,TEST_SEVERA_001,VEICULO_TESTE_01,1914.8,41.0,80.0,37.6,23.0,30.0,46.6,7.85,14.16,82.26,CONDICAO_SEVERA_SIMULADA,SIMULADO
2026-09-16 15:46:22,TEST_SEVERA_001,VEICULO_TESTE_01,1984.1,41.4,79.6,33.9,16.2,29.0,44.3,7.86,14.14,82.26,CONDICAO_SEVERA_SIMULADA,SIMULADO
2026-09-16 15:46:23,TEST_SEVERA_001,VEICULO_TESTE_01,2037.4,41.8,80.5,35.5,24.0,29.8,49.9,8.51,14.13,82.26,CONDICAO_SEVERA_SIMULADA,SIMULADO
2026-09-16 15:46:24,TEST_SEVERA_001,VEICULO_TESTE_01,1970.9,42.3,79.7,33.7,21.6,29.7,49.6,8.63,14.22,82.26,CONDICAO_SEVERA_SIMULADA,SIMULADO
2026-09-16 15:46:25,TEST_SEVERA_001,VEICULO_TESTE_01,2061.7,43.0,79.3,42.0,22.6,29.4,49.2,8.36,13.96,82.26,CONDICAO_SEVERA_SIMULADA,SIMULADO
2026-09-16 15:46:26,TEST_SEVERA_001,VEICULO_TESTE_01,2051.8,43.8,80.9,36.1,26.0,30.2,50.3,8.69,14.2,82.25,CONDICAO_SEVERA_SIMULADA,SIMULADO
2026-09-16 15:46:27,TEST_SEVERA_001,VEICULO_TESTE_01,2203.0,44.6,81.4,42.1,27.1,28.6,53.7,10.03,14.16,82.25,CONDICAO_SEVERA_SIMULADA,SIMULADO
2026-09-16 15:46:28,TEST_SEVERA_001,VEICULO_TESTE_01,1979.1,45.4,80.2,38.4,22.2,29.0,50.1,8.34,14.17,82.25,CONDICAO_SEVERA_SIMULADA,SIMULADO
2026-09-16 15:46:29,TEST_SEVERA_001,VEICULO_TESTE_01,2040.2,46.2,80.9,43.1,29.7,30.5,57.2,9.3,14.18,82.25,CONDICAO_SEVERA_SIMULADA,SIMULADO
2026-09-16 15:46:30,TEST_SEVERA_001,VEICULO_TESTE_01,2020.7,46.9,80.6,41.4,26.7,29.3,52.0,9.06,14.18,82.25,CONDICAO_SEVERA_SIMULADA,SIMULADO
2026-09-16 15:46:31,TEST_SEVERA_001,VEICULO_TESTE_01,2231.8,47.6,80.9,39.1,25.5,30.2,51.0,9.07,14.11,82.25,CONDICAO_SEVERA_SIMULADA,SIMULADO
2026-09-16 15:46:32,TEST_SEVERA_001,VEICULO_TESTE_01,2274.6,48.4,81.2,39.2,26.4,28.8,52.7,8.85,14.23,82.25,CONDICAO_SEVERA_SIMULADA,SIMULADO
2026-09-16 15:46:33,TEST_SEVERA_001,VEICULO_TESTE_01,2217.2,49.2,80.3,34.2,24.2,29.7,48.5,8.92,14.03,82.24,CONDICAO_SEVERA_SIMULADA,SIMULADO
2026-09-16 15:46:34,TEST_SEVERA_001,VEICULO_TESTE_01,2268.9,50.0,80.7,38.6,27.9,29.1,53.2,9.33,14.27,82.24,CONDICAO_SEVERA_SIMULADA,SIMULADO
2026-09-16 15:46:35,TEST_SEVERA_001,VEICULO_TESTE_01,2350.1,50.7,80.1,36.8,23.1,29.5,50.8,9.9,14.1,82.24,CONDICAO_SEVERA_SIMULADA,SIMULADO
2026-09-16 15:46:36,TEST_SEVERA_001,VEICULO_TESTE_01,2111.7,51.2,80.0,29.1,16.9,29.8,43.6,8.16,14.09,82.24,CONDICAO_SEVERA_SIMULADA,SIMULADO
2026-09-16 15:46:37,TEST_SEVERA_001,VEICULO_TESTE_01,2128.5,51.6,79.4,35.7,23.6,29.6,47.3,9.13,14.06,82.24,CONDICAO_SEVERA_SIMULADA,SIMULADO
2026-09-16 15:46:38,TEST_SEVERA_001,VEICULO_TESTE_01,2123.7,51.7,80.7,27.6,20.8,31.2,44.2,8.68,13.91,82.24,CONDICAO_SEVERA_SIMULADA,SIMULADO
2026-09-16 15:46:39,TEST_SEVERA_001,VEICULO_TESTE_01,1955.0,51.9,80.0,23.7,18.5,30.6,45.2,7.8,14.3,82.23,CONDICAO_SEVERA_SIMULADA,SIMULADO
2026-09-16 15:46:40,TEST_SEVERA_001,VEICULO_TESTE_01,2051.1,51.6,81.6,26.4,14.6,30.6,39.5,8.2,14.16,82.23,CONDICAO_SEVERA_SIMULADA,SIMULADO
2026-09-16 15:46:41,TEST_SEVERA_001,VEICULO_TESTE_01,2117.1,51.1,81.0,27.7,15.3,29.1,44.9,8.16,13.97,82.23,CONDICAO_SEVERA_SIMULADA,SIMULADO
2026-09-16 15:46:42,TEST_SEVERA_001,VEICULO_TESTE_01,2016.6,50.2,80.6,32.9,17.7,30.5,46.1,8.88,14.06,82.23,CONDICAO_SEVERA_SIMULADA,SIMULADO
2026-09-16 15:46:43,TEST_SEVERA_001,VEICULO_TESTE_01,2059.1,49.1,80.9,31.6,21.0,31.4,46.3,8.77,14.12,82.23,CONDICAO_SEVERA_SIMULADA,SIMULADO
2026-09-16 15:46:44,TEST_SEVERA_001,VEICULO_TESTE_01,2018.1,47.8,80.7,28.0,21.1,30.3,46.1,7.97,14.18,82.23,CONDICAO_SEVERA_SIMULADA,SIMULADO
2026-09-16 15:46:45,TEST_SEVERA_001,VEICULO_TESTE_01,1848.5,46.5,81.3,24.3,16.2,29.6,42.5,7.06,14.21,82.23,CONDICAO_SEVERA_SIMULADA,SIMULADO
2026-09-16 15:46:46,TEST_SEVERA_001,VEICULO_TESTE_01,1819.0,45.3,80.0,21.7,15.8,27.5,39.4,7.5,14.24,82.22,CONDICAO_SEVERA_SIMULADA,SIMULADO
2026-09-16 15:46:47,TEST_SEVERA_001,VEICULO_TESTE_01,1994.5,44.3,81.3,29.7,18.3,30.7,45.5,8.18,14.11,82.22,CONDICAO_SEVERA_SIMULADA,SIMULADO
2026-09-16 15:46:48,TEST_SEVERA_001,VEICULO_TESTE_01,1886.0,43.3,80.9,27.6,20.8,29.9,47.0,7.34,14.26,82.22,CONDICAO_SEVERA_SIMULADA,SIMULADO
2026-09-16 15:46:49,TEST_SEVERA_001,VEICULO_TESTE_01,1828.1,42.2,80.8,25.7,13.7,30.4,39.6,7.84,14.22,82.22,CONDICAO_SEVERA_SIMULADA,SIMULADO
2026-09-16 15:46:50,TEST_SEVERA_001,VEICULO_TESTE_01,1779.8,41.2,81.4,23.2,16.0,28.4,39.9,7.16,14.15,82.22,CONDICAO_SEVERA_SIMULADA,SIMULADO
2026-09-16 15:46:51,TEST_SEVERA_001,VEICULO_TESTE_01,1796.7,40.1,81.4,30.3,19.3,30.1,44.8,7.2,14.1,82.22,CONDICAO_SEVERA_SIMULADA,SIMULADO
2026-09-16 15:46:52,TEST_SEVERA_001,VEICULO_TESTE_01,1655.6,38.8,80.7,24.6,15.9,28.3,43.5,7.32,14.25,82.22,CONDICAO_SEVERA_SIMULADA,SIMULADO
2026-09-16 15:46:53,TEST_SEVERA_001,VEICULO_TESTE_01,1728.0,37.6,80.7,21.8,17.2,29.5,44.8,7.05,14.24,82.22,CONDICAO_SEVERA_SIMULADA,SIMULADO
2026-09-16 15:46:54,TEST_SEVERA_001,VEICULO_TESTE_01,1657.4,36.6,81.0,27.4,17.7,32.0,46.9,6.7,14.18,82.21,CONDICAO_SEVERA_SIMULADA,SIMULADO
2026-09-16 15:46:55,TEST_SEVERA_001,VEICULO_TESTE_01,1683.2,35.9,79.8,31.1,14.1,28.9,44.6,7.49,14.11,82.21,CONDICAO_SEVERA_SIMULADA,SIMULADO
2026-09-16 15:46:56,TEST_SEVERA_001,VEICULO_TESTE_01,1558.2,35.4,81.3,26.6,14.3,28.5,42.0,7.38,14.14,82.21,CONDICAO_SEVERA_SIMULADA,SIMULADO
2026-09-16 15:46:57,TEST_SEVERA_001,VEICULO_TESTE_01,1629.4,35.4,80.8,18.7,12.3,28.5,36.1,7.01,14.17,82.21,CONDICAO_SEVERA_SIMULADA,SIMULADO
2026-09-16 15:46:58,TEST_SEVERA_001,VEICULO_TESTE_01,1708.8,35.3,80.6,29.0,16.0,29.6,43.7,7.55,14.13,82.21,CONDICAO_SEVERA_SIMULADA,SIMULADO
2026-09-16 15:46:59,TEST_SEVERA_001,VEICULO_TESTE_01,1672.3,35.3,80.9,28.7,13.9,31.4,44.3,7.23,14.18,82.21,CONDICAO_SEVERA_SIMULADA,SIMULADO
2026-09-16 15:47:00,TEST_SEVERA_001,VEICULO_TESTE_01,1739.1,35.3,81.1,29.4,16.2,31.2,40.9,8.4,13.92,82.21,CONDICAO_SEVERA_SIMULADA,SIMULADO
2026-09-16 15:47:01,TEST_SEVERA_001,VEICULO_TESTE_01,1699.1,35.3,80.5,16.4,11.2,30.3,38.2,6.41,14.28,82.2,CONDICAO_SEVERA_SIMULADA,SIMULADO
2026-09-16 15:47:02,TEST_SEVERA_001,VEICULO_TESTE_01,1640.6,35.2,82.2,24.2,15.9,27.8,42.2,6.82,14.08,82.2,CONDICAO_SEVERA_SIMULADA,SIMULADO
2026-09-16 15:47:03,TEST_SEVERA_001,VEICULO_TESTE_01,1646.8,35.2,81.0,29.0,18.5,31.6,44.3,6.92,14.17,82.2,CONDICAO_SEVERA_SIMULADA,SIMULADO
2026-09-16 15:47:04,TEST_SEVERA_001,VEICULO_TESTE_01,1666.7,35.3,80.9,27.2,18.0,32.0,42.5,8.08,14.04,82.2,CONDICAO_SEVERA_SIMULADA,SIMULADO
2026-09-16 15:47:05,TEST_SEVERA_001,VEICULO_TESTE_01,1697.0,35.3,82.5,25.2,16.6,31.2,44.5,7.01,14.28,82.2,CONDICAO_SEVERA_SIMULADA,SIMULADO
2026-09-16 15:47:06,TEST_SEVERA_001,VEICULO_TESTE_01,1714.4,35.2,81.5,27.3,18.1,29.7,41.9,7.22,14.14,82.2,CONDICAO_SEVERA_SIMULADA,SIMULADO
2026-09-16 15:47:07,TEST_SEVERA_001,VEICULO_TESTE_01,1767.8,35.2,80.9,27.4,15.8,30.2,44.9,6.66,14.1,82.2,CONDICAO_SEVERA_SIMULADA,SIMULADO
2026-09-16 15:47:08,TEST_SEVERA_001,VEICULO_TESTE_01,1668.3,35.2,80.7,27.5,14.6,30.3,41.1,7.23,14.22,82.2,CONDICAO_SEVERA_SIMULADA,SIMULADO
2026-09-16 15:47:09,TEST_SEVERA_001,VEICULO_TESTE_01,1686.6,35.2,82.3,32.6,18.9,30.4,44.7,7.82,14.13,82.19,CONDICAO_SEVERA_SIMULADA,SIMULADO
2026-09-16 15:47:10,TEST_SEVERA_001,VEICULO_TESTE_01,1552.2,35.3,81.7,24.4,17.0,29.6,39.7,7.01,14.13,82.19,CONDICAO_SEVERA_SIMULADA,SIMULADO
2026-09-16 15:47:11,TEST_SEVERA_001,VEICULO_TESTE_01,1697.2,35.3,81.9,23.0,15.2,29.1,41.7,5.98,14.2,82.19,CONDICAO_SEVERA_SIMULADA,SIMULADO
2026-09-16 15:47:12,TEST_SEVERA_001,VEICULO_TESTE_01,1671.5,35.3,81.0,34.4,17.6,28.4,45.9,7.87,14.1,82.19,CONDICAO_SEVERA_SIMULADA,SIMULADO
2026-09-16 15:47:13,TEST_SEVERA_001,VEICULO_TESTE_01,1704.2,35.4,81.4,17.8,12.6,30.1,42.1,6.76,14.17,82.19,CONDICAO_SEVERA_SIMULADA,SIMULADO
2026-09-16 15:47:14,TEST_SEVERA_001,VEICULO_TESTE_01,1794.5,35.3,82.2,30.0,16.6,29.3,44.2,7.62,14.0,82.19,CONDICAO_SEVERA_SIMULADA,SIMULADO
2026-09-16 15:47:15,TEST_SEVERA_001,VEICULO_TESTE_01,1606.8,35.3,82.4,28.1,16.7,30.0,44.2,7.24,14.12,82.19,CONDICAO_SEVERA_SIMULADA,SIMULADO
2026-09-16 15:47:16,TEST_SEVERA_001,VEICULO_TESTE_01,1707.3,35.4,81.4,21.9,17.6,30.4,44.0,7.35,14.24,82.18,CONDICAO_SEVERA_SIMULADA,SIMULADO
2026-09-16 15:47:17,TEST_SEVERA_001,VEICULO_TESTE_01,1675.0,35.4,81.9,23.5,11.6,29.4,39.8,7.19,14.21,82.18,CONDICAO_SEVERA_SIMULADA,SIMULADO
2026-09-16 15:47:18,TEST_SEVERA_001,VEICULO_TESTE_01,1592.0,35.4,82.5,22.4,13.5,30.8,38.9,6.48,14.14,82.18,CONDICAO_SEVERA_SIMULADA,SIMULADO
2026-09-16 15:47:19,TEST_SEVERA_001,VEICULO_TESTE_01,1742.7,35.4,82.1,22.1,13.8,30.1,42.8,6.64,14.19,82.18,CONDICAO_SEVERA_SIMULADA,SIMULADO
2026-09-16 15:47:20,TEST_SEVERA_001,VEICULO_TESTE_01,1638.7,35.3,82.1,29.9,16.0,30.4,41.8,7.23,14.24,82.18,CONDICAO_SEVERA_SIMULADA,SIMULADO
2026-09-16 15:47:21,TEST_SEVERA_001,VEICULO_TESTE_01,1601.4,35.3,82.2,24.0,13.1,30.6,42.0,7.34,14.13,82.18,CONDICAO_SEVERA_SIMULADA,SIMULADO
2026-09-16 15:47:22,TEST_SEVERA_001,VEICULO_TESTE_01,1626.0,35.3,82.1,31.3,15.0,31.0,44.8,7.48,14.15,82.18,CONDICAO_SEVERA_SIMULADA,SIMULADO
2026-09-16 15:47:23,TEST_SEVERA_001,VEICULO_TESTE_01,1695.2,35.4,82.8,34.8,13.7,27.6,40.5,8.18,14.07,82.18,CONDICAO_SEVERA_SIMULADA,SIMULADO
2026-09-16 15:47:24,TEST_SEVERA_001,VEICULO_TESTE_01,1684.9,35.4,83.0,26.5,14.7,28.8,42.3,7.21,14.05,82.17,CONDICAO_SEVERA_SIMULADA,SIMULADO
2026-09-16 15:47:25,TEST_SEVERA_001,VEICULO_TESTE_01,1658.2,35.5,82.6,27.7,17.0,30.4,42.1,6.84,14.1,82.17,CONDICAO_SEVERA_SIMULADA,SIMULADO
2026-09-16 15:47:26,TEST_SEVERA_001,VEICULO_TESTE_01,1684.6,35.6,82.9,30.0,19.8,28.7,46.8,7.03,14.13,82.17,CONDICAO_SEVERA_SIMULADA,SIMULADO
2026-09-16 15:47:27,TEST_SEVERA_001,VEICULO_TESTE_01,1703.4,35.6,82.5,23.9,15.1,29.7,43.4,7.04,14.05,82.17,CONDICAO_SEVERA_SIMULADA,SIMULADO
2026-09-16 15:47:28,TEST_SEVERA_001,VEICULO_TESTE_01,1626.5,35.6,83.5,31.4,14.2,32.4,43.9,6.82,14.14,82.17,CONDICAO_SEVERA_SIMULADA,SIMULADO
2026-09-16 15:47:29,TEST_SEVERA_001,VEICULO_TESTE_01,1719.6,35.6,82.7,25.5,15.5,30.0,46.4,7.63,14.24,82.17,CONDICAO_SEVERA_SIMULADA,SIMULADO
2026-09-16 15:47:30,TEST_SEVERA_001,VEICULO_TESTE_01,1588.7,35.6,82.6,23.1,14.7,31.1,45.4,6.77,14.17,82.17,CONDICAO_SEVERA_SIMULADA,SIMULADO
2026-09-16 15:47:31,TEST_SEVERA_001,VEICULO_TESTE_01,1713.4,35.5,82.1,30.0,15.8,28.5,48.4,7.46,14.23,82.16,CONDICAO_SEVERA_SIMULADA,SIMULADO
2026-09-16 15:47:32,TEST_SEVERA_001,VEICULO_TESTE_01,1736.2,35.5,82.8,30.1,14.4,30.2,42.2,7.0,14.16,82.16,CONDICAO_SEVERA_SIMULADA,SIMULADO
2026-09-16 15:47:33,TEST_SEVERA_001,VEICULO_TESTE_01,1702.5,35.5,82.4,31.0,16.2,28.6,42.6,7.59,14.21,82.16,CONDICAO_SEVERA_SIMULADA,SIMULADO
2026-09-16 15:47:34,TEST_SEVERA_001,VEICULO_TESTE_01,1581.3,35.5,81.6,24.7,13.6,30.4,39.5,6.95,14.29,82.16,CONDICAO_SEVERA_SIMULADA,SIMULADO
2026-09-16 15:47:35,TEST_SEVERA_001,VEICULO_TESTE_01,1667.6,35.5,82.7,23.1,11.0,28.7,37.9,6.9,14.09,82.16,CONDICAO_SEVERA_SIMULADA,SIMULADO
2026-09-16 15:47:36,TEST_SEVERA_001,VEICULO_TESTE_01,1711.1,35.5,82.3,26.9,18.1,29.2,44.8,7.56,14.08,82.16,CONDICAO_SEVERA_SIMULADA,SIMULADO
2026-09-16 15:47:37,TEST_SEVERA_001,VEICULO_TESTE_01,1623.1,35.5,84.0,27.7,14.5,30.2,44.9,7.28,14.21,82.16,CONDICAO_SEVERA_SIMULADA,SIMULADO
2026-09-16 15:47:38,TEST_SEVERA_001,VEICULO_TESTE_01,1691.5,35.5,82.2,27.8,15.2,30.0,39.1,7.74,14.08,82.16,CONDICAO_SEVERA_SIMULADA,SIMULADO
2026-09-16 15:47:39,TEST_SEVERA_001,VEICULO_TESTE_01,1752.2,35.6,82.4,28.2,16.5,28.3,42.6,7.75,14.26,82.15,CONDICAO_SEVERA_SIMULADA,SIMULADO
2026-09-16 15:47:40,TEST_SEVERA_001,VEICULO_TESTE_01,1691.0,35.6,81.8,27.0,15.1,30.4,38.9,7.6,14.11,82.15,CONDICAO_SEVERA_SIMULADA,SIMULADO
2026-09-16 15:47:41,TEST_SEVERA_001,VEICULO_TESTE_01,1626.8,35.6,82.4,23.7,16.0,30.6,40.8,7.02,14.15,82.15,CONDICAO_SEVERA_SIMULADA,SIMULADO
2026-09-16 15:47:42,TEST_SEVERA_001,VEICULO_TESTE_01,1728.1,35.7,83.8,27.0,15.9,29.1,41.3,7.61,14.14,82.15,CONDICAO_SEVERA_SIMULADA,SIMULADO
2026-09-16 15:47:43,TEST_SEVERA_001,VEICULO_TESTE_01,1758.0,35.7,83.1,29.3,16.6,30.1,42.4,7.84,14.24,82.15,CONDICAO_SEVERA_SIMULADA,SIMULADO
2026-09-16 15:47:44,TEST_SEVERA_001,VEICULO_TESTE_01,1760.0,35.7,82.7,21.3,18.6,30.3,42.1,7.79,14.1,82.15,CONDICAO_SEVERA_SIMULADA,SIMULADO
2026-09-16 15:47:45,TEST_SEVERA_001,VEICULO_TESTE_01,1607.8,35.6,82.9,22.1,14.2,31.5,44.9,7.6,14.29,82.15,CONDICAO_SEVERA_SIMULADA,SIMULADO
2026-09-16 15:47:46,TEST_SEVERA_001,VEICULO_TESTE_01,1745.0,35.6,82.1,22.8,16.0,29.5,42.1,7.13,14.13,82.14,CONDICAO_SEVERA_SIMULADA,SIMULADO
2026-09-16 15:47:47,TEST_SEVERA_001,VEICULO_TESTE_01,1722.5,35.6,82.4,29.5,14.8,30.8,44.8,7.32,14.07,82.14,CONDICAO_SEVERA_SIMULADA,SIMULADO
2026-09-16 15:47:48,TEST_SEVERA_001,VEICULO_TESTE_01,1647.4,35.5,83.7,31.7,14.4,30.7,44.4,7.48,14.16,82.14,CONDICAO_SEVERA_SIMULADA,SIMULADO
2026-09-16 15:47:49,TEST_SEVERA_001,VEICULO_TESTE_01,1677.2,35.6,83.7,23.5,12.9,30.1,41.8,7.72,14.24,82.14,CONDICAO_SEVERA_SIMULADA,SIMULADO
2026-09-16 15:47:50,TEST_SEVERA_001,VEICULO_TESTE_01,1607.7,35.5,83.8,31.7,15.0,29.8,41.2,7.94,14.16,82.14,CONDICAO_SEVERA_SIMULADA,SIMULADO
2026-09-16 15:47:51,TEST_SEVERA_001,VEICULO_TESTE_01,1691.9,35.5,83.0,31.7,14.8,29.1,43.5,7.47,13.99,82.14,CONDICAO_SEVERA_SIMULADA,SIMULADO
2026-09-16 15:47:52,TEST_SEVERA_001,VEICULO_TESTE_01,1727.5,35.6,83.6,26.3,14.5,30.0,45.0,7.08,14.18,82.14,CONDICAO_SEVERA_SIMULADA,SIMULADO
2026-09-16 15:47:53,TEST_SEVERA_001,VEICULO_TESTE_01,1624.8,35.6,83.1,28.5,14.6,31.2,44.8,7.27,14.13,82.14,CONDICAO_SEVERA_SIMULADA,SIMULADO
2026-09-16 15:47:54,TEST_SEVERA_001,VEICULO_TESTE_01,1774.3,35.6,84.3,32.4,15.3,31.1,41.8,7.52,14.07,82.13,CONDICAO_SEVERA_SIMULADA,SIMULADO
2026-09-16 15:47:55,TEST_SEVERA_001,VEICULO_TESTE_01,1657.0,35.6,84.5,29.1,16.3,31.4,43.7,7.08,14.1,82.13,CONDICAO_SEVERA_SIMULADA,SIMULADO
2026-09-16 15:47:56,TEST_SEVERA_001,VEICULO_TESTE_01,1590.3,35.4,84.8,32.1,17.2,29.4,41.7,7.91,14.03,82.13,CONDICAO_SEVERA_SIMULADA,SIMULADO
2026-09-16 15:47:57,TEST_SEVERA_001,VEICULO_TESTE_01,1652.5,34.9,82.9,23.2,13.9,29.5,45.7,7.55,14.29,82.13,CONDICAO_SEVERA_SIMULADA,SIMULADO
2026-09-16 15:47:58,TEST_SEVERA_001,VEICULO_TESTE_01,1738.2,34.3,84.8,27.8,14.4,30.3,40.4,6.62,14.19,82.13,CONDICAO_SEVERA_SIMULADA,SIMULADO
2026-09-16 15:47:59,TEST_SEVERA_001,VEICULO_TESTE_01,1633.8,33.5,83.5,26.4,15.3,30.0,40.1,6.75,14.04,82.13,CONDICAO_SEVERA_SIMULADA,SIMULADO
2026-09-16 15:48:00,TEST_SEVERA_001,VEICULO_TESTE_01,1691.2,32.5,85.2,26.5,12.5,31.6,40.9,7.15,14.2,82.13,CONDICAO_SEVERA_SIMULADA,SIMULADO
2026-09-16 15:48:01,TEST_SEVERA_001,VEICULO_TESTE_01,1670.2,31.7,83.8,28.5,15.4,30.4,44.6,7.31,14.18,82.12,CONDICAO_SEVERA_SIMULADA,SIMULADO
2026-09-16 15:48:02,TEST_SEVERA_001,VEICULO_TESTE_01,1522.7,30.9,85.6,27.8,14.8,30.2,45.1,5.83,14.01,82.12,CONDICAO_SEVERA_SIMULADA,SIMULADO
2026-09-16 15:48:03,TEST_SEVERA_001,VEICULO_TESTE_01,1594.1,30.1,84.4,23.6,15.3,30.0,43.2,6.53,14.05,82.12,CONDICAO_SEVERA_SIMULADA,SIMULADO
2026-09-16 15:48:04,TEST_SEVERA_001,VEICULO_TESTE_01,1404.3,29.4,84.3,30.9,16.4,30.9,41.2,6.96,13.94,82.12,CONDICAO_SEVERA_SIMULADA,SIMULADO
2026-09-16 15:48:05,TEST_SEVERA_001,VEICULO_TESTE_01,1473.4,28.8,84.5,28.1,13.8,31.6,41.8,7.32,14.13,82.12,CONDICAO_SEVERA_SIMULADA,SIMULADO
2026-09-16 15:48:06,TEST_SEVERA_001,VEICULO_TESTE_01,1522.8,28.4,85.4,26.4,14.6,31.3,42.5,7.21,14.16,82.12,CONDICAO_SEVERA_SIMULADA,SIMULADO
2026-09-16 15:48:07,TEST_SEVERA_001,VEICULO_TESTE_01,1532.6,28.5,85.3,33.8,18.3,31.8,49.2,7.18,14.07,82.12,CONDICAO_SEVERA_SIMULADA,SIMULADO
2026-09-16 15:48:08,TEST_SEVERA_001,VEICULO_TESTE_01,1708.2,29.0,85.2,35.3,21.8,30.4,49.3,7.44,14.13,82.12,CONDICAO_SEVERA_SIMULADA,SIMULADO
2026-09-16 15:48:09,TEST_SEVERA_001,VEICULO_TESTE_01,1762.5,29.9,86.4,40.9,27.5,31.3,51.2,8.04,14.09,82.11,CONDICAO_SEVERA_SIMULADA,SIMULADO
2026-09-16 15:48:10,TEST_SEVERA_001,VEICULO_TESTE_01,1952.0,31.0,86.3,47.9,29.8,31.5,57.5,8.93,14.02,82.11,CONDICAO_SEVERA_SIMULADA,SIMULADO
2026-09-16 15:48:11,TEST_SEVERA_001,VEICULO_TESTE_01,1682.7,31.9,85.8,39.5,24.7,32.1,48.4,7.57,14.07,82.11,CONDICAO_SEVERA_SIMULADA,SIMULADO
2026-09-16 15:48:12,TEST_SEVERA_001,VEICULO_TESTE_01,1884.8,32.9,86.9,44.4,27.0,31.2,52.0,9.09,14.09,82.11,CONDICAO_SEVERA_SIMULADA,SIMULADO
2026-09-16 15:48:13,TEST_SEVERA_001,VEICULO_TESTE_01,1813.5,33.7,86.4,40.4,24.5,30.8,48.1,8.47,13.99,82.11,CONDICAO_SEVERA_SIMULADA,SIMULADO
2026-09-16 15:48:14,TEST_SEVERA_001,VEICULO_TESTE_01,1790.4,34.4,86.5,40.4,22.4,29.5,48.9,9.01,14.14,82.11,CONDICAO_SEVERA_SIMULADA,SIMULADO
2026-09-16 15:48:15,TEST_SEVERA_001,VEICULO_TESTE_01,1929.4,35.1,86.8,38.0,22.2,31.5,47.7,8.78,14.12,82.11,CONDICAO_SEVERA_SIMULADA,SIMULADO
2026-09-16 15:48:16,TEST_SEVERA_001,VEICULO_TESTE_01,1889.6,36.0,86.6,40.4,24.9,32.5,46.9,8.44,13.91,82.1,CONDICAO_SEVERA_SIMULADA,SIMULADO
2026-09-16 15:48:17,TEST_SEVERA_001,VEICULO_TESTE_01,2015.1,36.8,87.7,40.7,24.1,30.2,52.7,8.92,13.97,82.1,CONDICAO_SEVERA_SIMULADA,SIMULADO
2026-09-16 15:48:18,TEST_SEVERA_001,VEICULO_TESTE_01,1990.2,37.7,86.3,43.0,26.7,30.6,51.1,8.66,13.87,82.1,CONDICAO_SEVERA_SIMULADA,SIMULADO
2026-09-16 15:48:19,TEST_SEVERA_001,VEICULO_TESTE_01,1950.1,38.6,86.4,44.9,24.7,29.6,48.8,9.0,14.02,82.1,CONDICAO_SEVERA_SIMULADA,SIMULADO
2026-09-16 15:48:20,TEST_SEVERA_001,VEICULO_TESTE_01,1933.9,39.6,86.8,48.3,29.3,29.7,59.4,8.73,13.9,82.1,CONDICAO_SEVERA_SIMULADA,SIMULADO
2026-09-16 15:48:21,TEST_SEVERA_001,VEICULO_TESTE_01,2043.6,40.5,87.6,43.4,25.7,32.4,51.9,8.97,14.03,82.1,CONDICAO_SEVERA_SIMULADA,SIMULADO
2026-09-16 15:48:22,TEST_SEVERA_001,VEICULO_TESTE_01,1972.2,41.4,87.8,44.9,29.5,29.8,58.5,9.19,13.99,82.09,CONDICAO_SEVERA_SIMULADA,SIMULADO
2026-09-16 15:48:23,TEST_SEVERA_001,VEICULO_TESTE_01,2079.3,42.4,87.5,53.3,31.7,31.0,55.1,9.82,13.93,82.09,CONDICAO_SEVERA_SIMULADA,SIMULADO
2026-09-16 15:48:24,TEST_SEVERA_001,VEICULO_TESTE_01,2114.1,43.5,86.7,46.1,28.4,31.4,54.6,9.83,14.03,82.09,CONDICAO_SEVERA_SIMULADA,SIMULADO
2026-09-16 15:48:25,TEST_SEVERA_001,VEICULO_TESTE_01,2065.8,44.6,88.4,47.6,29.2,30.5,59.3,9.73,13.95,82.09,CONDICAO_SEVERA_SIMULADA,SIMULADO
2026-09-16 15:48:26,TEST_SEVERA_001,VEICULO_TESTE_01,2169.2,45.6,87.8,45.3,26.5,30.0,53.9,9.93,14.04,82.09,CONDICAO_SEVERA_SIMULADA,SIMULADO
2026-09-16 15:48:27,TEST_SEVERA_001,VEICULO_TESTE_01,2233.9,46.4,88.3,46.7,30.3,31.7,58.0,9.16,14.0,82.09,CONDICAO_SEVERA_SIMULADA,SIMULADO
2026-09-16 15:48:28,TEST_SEVERA_001,VEICULO_TESTE_01,2259.1,47.3,87.5,42.5,29.3,31.3,51.5,9.62,13.87,82.08,CONDICAO_SEVERA_SIMULADA,SIMULADO
2026-09-16 15:48:29,TEST_SEVERA_001,VEICULO_TESTE_01,2106.7,48.1,86.4,45.0,30.0,31.2,57.0,9.59,14.01,82.08,CONDICAO_SEVERA_SIMULADA,SIMULADO
2026-09-16 15:48:30,TEST_SEVERA_001,VEICULO_TESTE_01,2265.2,49.0,87.9,40.3,26.3,29.7,50.3,9.43,14.14,82.08,CONDICAO_SEVERA_SIMULADA,SIMULADO
2026-09-16 15:48:31,TEST_SEVERA_001,VEICULO_TESTE_01,2275.9,49.7,87.8,37.5,27.4,31.5,51.4,9.5,14.14,82.08,CONDICAO_SEVERA_SIMULADA,SIMULADO
2026-09-16 15:48:32,TEST_SEVERA_001,VEICULO_TESTE_01,2215.6,50.4,88.1,41.8,26.0,30.6,56.4,9.29,14.0,82.08,CONDICAO_SEVERA_SIMULADA,SIMULADO
2026-09-16 15:48:33,TEST_SEVERA_001,VEICULO_TESTE_01,2187.2,50.9,88.5,33.6,22.2,29.7,49.6,8.56,14.03,82.08,CONDICAO_SEVERA_SIMULADA,SIMULADO
2026-09-16 15:48:34,TEST_SEVERA_001,VEICULO_TESTE_01,2053.2,51.2,88.4,35.8,22.2,31.0,48.8,8.5,13.93,82.08,CONDICAO_SEVERA_SIMULADA,SIMULADO
2026-09-16 15:48:35,TEST_SEVERA_001,VEICULO_TESTE_01,2008.7,51.2,88.9,27.0,17.7,30.0,47.4,8.11,13.98,82.07,CONDICAO_SEVERA_SIMULADA,SIMULADO
2026-09-16 15:48:36,TEST_SEVERA_001,VEICULO_TESTE_01,2112.0,51.3,88.6,27.9,19.7,31.9,45.3,8.44,13.97,82.07,CONDICAO_SEVERA_SIMULADA,SIMULADO
2026-09-16 15:48:37,TEST_SEVERA_001,VEICULO_TESTE_01,2173.5,51.3,88.3,30.3,17.8,32.1,48.0,8.76,13.9,82.07,CONDICAO_SEVERA_SIMULADA,SIMULADO
2026-09-16 15:48:38,TEST_SEVERA_001,VEICULO_TESTE_01,2138.4,51.2,88.7,29.6,18.4,31.3,45.9,8.64,13.85,82.07,CONDICAO_SEVERA_SIMULADA,SIMULADO
2026-09-16 15:48:39,TEST_SEVERA_001,VEICULO_TESTE_01,2149.0,51.2,88.6,33.0,16.4,30.9,45.1,8.33,14.01,82.07,CONDICAO_SEVERA_SIMULADA,SIMULADO
2026-09-16 15:48:40,TEST_SEVERA_001,VEICULO_TESTE_01,2090.4,51.3,88.7,24.6,16.3,30.6,40.3,7.46,14.03,82.07,CONDICAO_SEVERA_SIMULADA,SIMULADO
2026-09-16 15:48:41,TEST_SEVERA_001,VEICULO_TESTE_01,2086.7,51.3,88.6,29.4,16.8,30.9,44.2,8.38,14.11,82.07,CONDICAO_SEVERA_SIMULADA,SIMULADO
2026-09-16 15:48:42,TEST_SEVERA_001,VEICULO_TESTE_01,2123.0,51.4,89.8,35.0,22.5,32.5,49.8,8.63,14.07,82.06,CONDICAO_SEVERA_SIMULADA,SIMULADO
2026-09-16 15:48:43,TEST_SEVERA_001,VEICULO_TESTE_01,2041.2,51.4,89.0,29.6,17.1,31.4,45.3,8.2,14.01,82.06,CONDICAO_SEVERA_SIMULADA,SIMULADO
2026-09-16 15:48:44,TEST_SEVERA_001,VEICULO_TESTE_01,2051.1,51.4,89.3,33.4,20.7,29.8,49.6,9.44,13.9,82.06,CONDICAO_SEVERA_SIMULADA,SIMULADO
2026-09-16 15:48:45,TEST_SEVERA_001,VEICULO_TESTE_01,2020.7,51.4,89.5,29.8,17.1,30.1,44.5,8.47,13.94,82.06,CONDICAO_SEVERA_SIMULADA,SIMULADO
2026-09-16 15:48:46,TEST_SEVERA_001,VEICULO_TESTE_01,2047.0,51.3,89.5,32.5,19.5,30.9,48.8,7.85,14.02,82.06,CONDICAO_SEVERA_SIMULADA,SIMULADO
2026-09-16 15:48:47,TEST_SEVERA_001,VEICULO_TESTE_01,2021.1,51.3,89.5,32.1,21.0,30.2,46.0,7.99,14.0,82.06,CONDICAO_SEVERA_SIMULADA,SIMULADO
2026-09-16 15:48:48,TEST_SEVERA_001,VEICULO_TESTE_01,2006.2,51.2,89.1,23.6,18.7,30.9,48.4,7.34,14.04,82.06,CONDICAO_SEVERA_SIMULADA,SIMULADO
2026-09-16 15:48:49,TEST_SEVERA_001,VEICULO_TESTE_01,2030.3,51.2,90.3,29.8,19.2,32.9,45.2,8.8,13.88,82.05,CONDICAO_SEVERA_SIMULADA,SIMULADO
2026-09-16 15:48:50,TEST_SEVERA_001,VEICULO_TESTE_01,1934.9,51.2,89.1,33.4,22.7,32.0,49.6,7.67,13.98,82.05,CONDICAO_SEVERA_SIMULADA,SIMULADO
2026-09-16 15:48:51,TEST_SEVERA_001,VEICULO_TESTE_01,2109.5,51.2,89.8,34.9,21.9,32.1,50.2,8.07,13.87,82.05,CONDICAO_SEVERA_SIMULADA,SIMULADO
2026-09-16 15:48:52,TEST_SEVERA_001,VEICULO_TESTE_01,2058.9,51.3,89.8,37.3,20.3,31.0,49.2,9.32,13.8,82.05,CONDICAO_SEVERA_SIMULADA,SIMULADO
2026-09-16 15:48:53,TEST_SEVERA_001,VEICULO_TESTE_01,2099.3,51.3,90.5,32.8,20.3,30.4,46.9,7.91,14.03,82.05,CONDICAO_SEVERA_SIMULADA,SIMULADO
2026-09-16 15:48:54,TEST_SEVERA_001,VEICULO_TESTE_01,2110.5,51.4,89.9,28.3,14.8,32.5,42.2,8.02,14.05,82.05,CONDICAO_SEVERA_SIMULADA,SIMULADO
2026-09-16 15:48:55,TEST_SEVERA_001,VEICULO_TESTE_01,2246.1,51.3,90.5,36.6,19.5,34.0,49.7,9.15,13.85,82.04,CONDICAO_SEVERA_SIMULADA,SIMULADO
2026-09-16 15:48:56,TEST_SEVERA_001,VEICULO_TESTE_01,2251.2,51.0,90.3,27.3,16.9,33.1,42.0,8.61,13.98,82.04,CONDICAO_SEVERA_SIMULADA,SIMULADO
2026-09-16 15:48:57,TEST_SEVERA_001,VEICULO_TESTE_01,2123.9,50.6,89.5,32.9,18.9,31.1,47.2,8.62,14.08,82.04,CONDICAO_SEVERA_SIMULADA,SIMULADO
2026-09-16 15:48:58,TEST_SEVERA_001,VEICULO_TESTE_01,2084.4,50.0,91.1,29.4,17.6,32.2,45.9,7.66,13.84,82.04,CONDICAO_SEVERA_SIMULADA,SIMULADO
2026-09-16 15:48:59,TEST_SEVERA_001,VEICULO_TESTE_01,2098.6,49.2,90.6,32.0,18.3,30.7,44.1,8.28,14.05,82.04,CONDICAO_SEVERA_SIMULADA,SIMULADO
2026-09-16 15:49:00,TEST_SEVERA_001,VEICULO_TESTE_01,2016.1,48.3,90.9,28.6,16.5,31.6,42.5,7.81,13.75,82.04,CONDICAO_SEVERA_SIMULADA,SIMULADO
2026-09-16 15:49:01,TEST_SEVERA_001,VEICULO_TESTE_01,1878.9,47.3,89.4,33.0,16.3,31.0,44.6,7.43,13.86,82.04,CONDICAO_SEVERA_SIMULADA,SIMULADO
2026-09-16 15:49:02,TEST_SEVERA_001,VEICULO_TESTE_01,2010.6,46.4,89.3,27.7,20.8,31.1,44.2,7.49,13.74,82.04,CONDICAO_SEVERA_SIMULADA,SIMULADO
2026-09-16 15:49:03,TEST_SEVERA_001,VEICULO_TESTE_01,1870.7,45.5,90.1,28.6,13.6,33.2,42.0,7.88,13.87,82.03,CONDICAO_SEVERA_SIMULADA,SIMULADO
2026-09-16 15:49:04,TEST_SEVERA_001,VEICULO_TESTE_01,1950.5,44.7,91.7,33.3,18.0,31.2,42.9,8.28,13.9,82.03,CONDICAO_SEVERA_SIMULADA,SIMULADO
2026-09-16 15:49:05,TEST_SEVERA_001,VEICULO_TESTE_01,1772.8,43.9,92.1,31.4,17.6,32.4,43.9,7.64,13.87,82.03,CONDICAO_SEVERA_SIMULADA,SIMULADO
2026-09-16 15:49:06,TEST_SEVERA_001,VEICULO_TESTE_01,1824.6,43.1,91.1,31.3,16.7,31.0,45.5,8.57,13.84,82.03,CONDICAO_SEVERA_SIMULADA,SIMULADO
2026-09-16 15:49:07,TEST_SEVERA_001,VEICULO_TESTE_01,1803.4,42.0,90.5,28.5,17.0,30.8,41.9,7.77,13.75,82.03,CONDICAO_SEVERA_SIMULADA,SIMULADO
2026-09-16 15:49:08,TEST_SEVERA_001,VEICULO_TESTE_01,1857.5,40.9,91.5,30.5,17.6,31.6,47.3,8.09,13.79,82.03,CONDICAO_SEVERA_SIMULADA,SIMULADO
2026-09-16 15:49:09,TEST_SEVERA_001,VEICULO_TESTE_01,1727.1,39.6,91.9,29.2,17.9,32.2,46.2,7.75,13.91,82.03,CONDICAO_SEVERA_SIMULADA,SIMULADO
2026-09-16 15:49:10,TEST_SEVERA_001,VEICULO_TESTE_01,1692.2,38.5,90.8,31.3,15.9,33.6,43.3,7.13,13.85,82.02,CONDICAO_SEVERA_SIMULADA,SIMULADO
2026-09-16 15:49:11,TEST_SEVERA_001,VEICULO_TESTE_01,1664.0,37.3,92.1,31.6,17.7,30.9,43.6,8.01,13.82,82.02,CONDICAO_SEVERA_SIMULADA,SIMULADO
2026-09-16 15:49:12,TEST_SEVERA_001,VEICULO_TESTE_01,1658.2,36.3,91.8,29.8,18.7,32.7,45.9,7.64,13.84,82.02,CONDICAO_SEVERA_SIMULADA,SIMULADO
2026-09-16 15:49:13,TEST_SEVERA_001,VEICULO_TESTE_01,1587.7,35.2,91.6,26.6,12.6,31.7,43.1,6.89,13.85,82.02,CONDICAO_SEVERA_SIMULADA,SIMULADO
2026-09-16 15:49:14,TEST_SEVERA_001,VEICULO_TESTE_01,1660.6,34.2,92.7,30.6,16.2,30.0,43.6,7.25,13.85,82.02,CONDICAO_SEVERA_SIMULADA,SIMULADO
2026-09-16 15:49:15,TEST_SEVERA_001,VEICULO_TESTE_01,1714.8,33.2,92.4,33.9,18.3,31.9,44.6,6.86,13.83,82.02,CONDICAO_SEVERA_SIMULADA,SIMULADO
2026-09-16 15:49:16,TEST_SEVERA_001,VEICULO_TESTE_01,1700.1,32.4,92.2,28.3,17.9,31.7,43.4,7.03,13.82,82.02,CONDICAO_SEVERA_SIMULADA,SIMULADO
2026-09-16 15:49:17,TEST_SEVERA_001,VEICULO_TESTE_01,1596.2,31.3,92.6,21.5,11.3,31.4,37.3,6.67,13.77,82.01,CONDICAO_SEVERA_SIMULADA,SIMULADO
2026-09-16 15:49:18,TEST_SEVERA_001,VEICULO_TESTE_01,1616.4,30.2,92.1,31.0,19.3,32.1,44.5,7.31,13.76,82.01,CONDICAO_SEVERA_SIMULADA,SIMULADO
2026-09-16 15:49:19,TEST_SEVERA_001,VEICULO_TESTE_01,1546.1,29.0,91.4,28.9,16.9,31.1,40.8,6.03,13.81,82.01,CONDICAO_SEVERA_SIMULADA,SIMULADO
2026-09-16 15:49:20,TEST_SEVERA_001,VEICULO_TESTE_01,1471.9,27.7,92.0,26.0,15.6,33.6,45.2,5.83,13.86,82.01,CONDICAO_SEVERA_SIMULADA,SIMULADO
2026-09-16 15:49:21,TEST_SEVERA_001,VEICULO_TESTE_01,1468.1,26.3,92.5,21.2,10.6,30.9,36.3,6.36,13.88,82.01,CONDICAO_SEVERA_SIMULADA,SIMULADO
2026-09-16 15:49:22,TEST_SEVERA_001,VEICULO_TESTE_01,1462.2,25.0,92.7,33.1,12.1,31.3,39.5,6.35,13.88,82.01,CONDICAO_SEVERA_SIMULADA,SIMULADO
2026-09-16 15:49:23,TEST_SEVERA_001,VEICULO_TESTE_01,1475.2,23.8,92.6,24.0,10.3,29.4,41.1,6.14,13.79,82.01,CONDICAO_SEVERA_SIMULADA,SIMULADO
2026-09-16 15:49:24,TEST_SEVERA_001,VEICULO_TESTE_01,1272.1,22.9,93.0,29.1,14.1,32.6,41.5,6.6,13.84,82.01,CONDICAO_SEVERA_SIMULADA,SIMULADO
2026-09-16 15:49:25,TEST_SEVERA_001,VEICULO_TESTE_01,1242.2,22.3,93.4,23.9,12.6,31.3,43.9,5.63,13.78,82.0,CONDICAO_SEVERA_SIMULADA,SIMULADO
2026-09-16 15:49:26,TEST_SEVERA_001,VEICULO_TESTE_01,1363.7,22.0,93.1,28.6,13.5,31.2,36.0,6.16,13.74,82.0,CONDICAO_SEVERA_SIMULADA,SIMULADO
2026-09-16 15:49:27,TEST_SEVERA_001,VEICULO_TESTE_01,1281.1,21.9,92.4,29.7,14.2,30.6,43.1,6.26,13.93,82.0,CONDICAO_SEVERA_SIMULADA,SIMULADO
2026-09-16 15:49:28,TEST_SEVERA_001,VEICULO_TESTE_01,1318.8,21.9,92.1,26.4,12.9,33.1,42.6,6.41,13.87,82.0,CONDICAO_SEVERA_SIMULADA,SIMULADO
2026-09-16 15:49:29,TEST_SEVERA_001,VEICULO_TESTE_01,1284.0,22.0,93.3,26.5,14.1,31.5,40.1,5.72,13.91,82.0,CONDICAO_SEVERA_SIMULADA,SIMULADO
2026-09-16 15:49:30,TEST_SEVERA_001,VEICULO_TESTE_01,1316.9,22.0,93.9,31.0,12.8,31.3,41.1,6.29,13.9,82.0,CONDICAO_SEVERA_SIMULADA,SIMULADO
2026-09-16 15:49:31,TEST_SEVERA_001,VEICULO_TESTE_01,1334.9,21.9,92.8,26.8,12.8,31.4,39.4,5.83,13.83,82.0,CONDICAO_SEVERA_SIMULADA,SIMULADO
2026-09-16 15:49:32,TEST_SEVERA_001,VEICULO_TESTE_01,1328.7,21.9,93.2,25.2,9.2,32.4,37.3,6.38,13.75,82.0,CONDICAO_SEVERA_SIMULADA,SIMULADO
2026-09-16 15:49:33,TEST_SEVERA_001,VEICULO_TESTE_01,1320.9,21.9,93.1,28.7,12.9,32.9,42.6,6.17,13.8,81.99,CONDICAO_SEVERA_SIMULADA,SIMULADO
2026-09-16 15:49:34,TEST_SEVERA_001,VEICULO_TESTE_01,1316.6,21.8,95.5,29.3,15.1,31.5,43.9,6.16,13.85,81.99,CONDICAO_SEVERA_SIMULADA,SIMULADO
2026-09-16 15:49:35,TEST_SEVERA_001,VEICULO_TESTE_01,1455.8,21.8,93.0,29.9,16.2,30.1,43.4,6.19,13.78,81.99,CONDICAO_SEVERA_SIMULADA,SIMULADO
2026-09-16 15:49:36,TEST_SEVERA_001,VEICULO_TESTE_01,1391.8,21.9,94.1,26.8,10.5,31.9,38.2,6.63,13.72,81.99,CONDICAO_SEVERA_SIMULADA,SIMULADO
2026-09-16 15:49:37,TEST_SEVERA_001,VEICULO_TESTE_01,1471.4,22.1,94.1,37.1,16.9,34.5,46.1,6.74,13.75,81.99,CONDICAO_SEVERA_SIMULADA,SIMULADO
2026-09-16 15:49:38,TEST_SEVERA_001,VEICULO_TESTE_01,1619.1,22.5,94.2,39.1,19.2,32.8,46.5,7.88,13.71,81.99,CONDICAO_SEVERA_SIMULADA,SIMULADO
2026-09-16 15:49:39,TEST_SEVERA_001,VEICULO_TESTE_01,1614.0,23.1,95.3,43.4,23.0,30.8,51.2,7.19,13.72,81.99,CONDICAO_SEVERA_SIMULADA,SIMULADO
2026-09-16 15:49:40,TEST_SEVERA_001,VEICULO_TESTE_01,1604.2,23.8,94.4,45.7,23.1,33.9,51.3,7.59,13.75,81.99,CONDICAO_SEVERA_SIMULADA,SIMULADO
2026-09-16 15:49:41,TEST_SEVERA_001,VEICULO_TESTE_01,1694.0,24.8,94.1,39.2,23.5,31.6,47.2,7.62,13.64,81.98,CONDICAO_SEVERA_SIMULADA,SIMULADO
2026-09-16 15:49:42,TEST_SEVERA_001,VEICULO_TESTE_01,1740.3,25.6,93.9,45.1,26.7,31.0,53.3,8.01,13.66,81.98,CONDICAO_SEVERA_SIMULADA,SIMULADO
2026-09-16 15:49:43,TEST_SEVERA_001,VEICULO_TESTE_01,1856.5,26.4,94.2,39.6,22.8,31.0,51.7,7.39,13.83,81.98,CONDICAO_SEVERA_SIMULADA,SIMULADO
2026-09-16 15:49:44,TEST_SEVERA_001,VEICULO_TESTE_01,1599.9,27.2,94.6,44.8,22.3,32.5,49.1,7.31,13.71,81.98,CONDICAO_SEVERA_SIMULADA,SIMULADO
2026-09-16 15:49:45,TEST_SEVERA_001,VEICULO_TESTE_01,1710.5,28.0,94.7,37.0,18.4,31.6,42.7,6.86,13.76,81.98,CONDICAO_SEVERA_SIMULADA,SIMULADO
2026-09-16 15:49:46,TEST_SEVERA_001,VEICULO_TESTE_01,1835.9,28.7,95.3,43.0,25.6,32.1,51.4,8.73,13.74,81.98,CONDICAO_SEVERA_SIMULADA,SIMULADO
2026-09-16 15:49:47,TEST_SEVERA_001,VEICULO_TESTE_01,1703.1,29.5,95.6,45.5,22.6,29.8,49.5,8.72,13.57,81.98,CONDICAO_SEVERA_SIMULADA,SIMULADO
2026-09-16 15:49:48,TEST_SEVERA_001,VEICULO_TESTE_01,1787.9,30.2,96.2,43.6,22.2,33.2,49.4,7.87,13.75,81.97,CONDICAO_SEVERA_SIMULADA,SIMULADO
2026-09-16 15:49:49,TEST_SEVERA_001,VEICULO_TESTE_01,1807.4,30.9,93.8,37.3,22.6,31.5,47.2,8.36,13.7,81.97,CONDICAO_SEVERA_SIMULADA,SIMULADO
2026-09-16 15:49:50,TEST_SEVERA_001,VEICULO_TESTE_01,1675.9,31.5,94.5,36.9,21.0,32.0,48.7,8.37,13.68,81.97,CONDICAO_SEVERA_SIMULADA,SIMULADO
2026-09-16 15:49:51,TEST_SEVERA_001,VEICULO_TESTE_01,1641.0,32.2,95.1,41.2,21.8,33.1,48.3,7.18,13.72,81.97,CONDICAO_SEVERA_SIMULADA,SIMULADO
2026-09-16 15:49:52,TEST_SEVERA_001,VEICULO_TESTE_01,1682.6,33.0,94.5,44.8,26.0,31.8,51.2,7.8,13.61,81.97,CONDICAO_SEVERA_SIMULADA,SIMULADO
2026-09-16 15:49:53,TEST_SEVERA_001,VEICULO_TESTE_01,1767.8,33.8,96.6,41.0,21.4,32.7,47.1,8.85,13.52,81.97,CONDICAO_SEVERA_SIMULADA,SIMULADO
2026-09-16 15:49:54,TEST_SEVERA_001,VEICULO_TESTE_01,1869.9,34.7,95.6,45.3,25.9,34.2,53.0,7.86,13.68,81.97,CONDICAO_SEVERA_SIMULADA,SIMULADO
2026-09-16 15:49:55,TEST_SEVERA_001,VEICULO_TESTE_01,1991.4,35.5,95.1,42.1,26.0,32.9,55.1,8.9,13.67,81.96,CONDICAO_SEVERA_SIMULADA,SIMULADO
2026-09-16 15:49:56,TEST_SEVERA_001,VEICULO_TESTE_01,1866.5,36.3,95.3,40.7,21.6,34.4,48.6,8.33,13.76,81.96,CONDICAO_SEVERA_SIMULADA,SIMULADO
2026-09-16 15:49:57,TEST_SEVERA_001,VEICULO_TESTE_01,1947.5,37.0,97.3,50.4,25.1,32.4,53.7,7.89,13.71,81.96,CONDICAO_SEVERA_SIMULADA,SIMULADO
2026-09-16 15:49:58,TEST_SEVERA_001,VEICULO_TESTE_01,1846.6,37.7,96.0,42.9,24.8,33.3,55.5,7.76,13.65,81.96,CONDICAO_SEVERA_SIMULADA,SIMULADO
2026-09-16 15:49:59,TEST_SEVERA_001,VEICULO_TESTE_01,1953.2,38.5,96.5,46.3,24.0,31.6,52.1,8.17,13.65,81.96,CONDICAO_SEVERA_SIMULADA,SIMULADO
2026-09-16 15:50:00,TEST_SEVERA_001,VEICULO_TESTE_01,1977.9,39.3,97.5,46.2,21.9,32.2,41.5,8.81,13.79,81.96,CONDICAO_SEVERA_SIMULADA,SIMULADO
2026-09-16 15:50:01,TEST_SEVERA_001,VEICULO_TESTE_01,1933.2,40.1,96.0,40.9,22.8,33.4,48.4,7.35,13.68,81.96,CONDICAO_SEVERA_SIMULADA,SIMULADO
2026-09-16 15:50:02,TEST_SEVERA_001,VEICULO_TESTE_01,2096.3,40.9,95.7,48.5,29.2,32.8,56.6,9.46,13.79,81.95,CONDICAO_SEVERA_SIMULADA,SIMULADO
2026-09-16 15:50:03,TEST_SEVERA_001,VEICULO_TESTE_01,2081.7,41.6,96.2,45.0,25.5,33.1,51.6,9.01,13.61,81.95,CONDICAO_SEVERA_SIMULADA,SIMULADO
2026-09-16 15:50:04,TEST_SEVERA_001,VEICULO_TESTE_01,1890.7,42.2,96.1,43.0,20.6,31.7,48.9,8.82,13.66,81.95,CONDICAO_SEVERA_SIMULADA,SIMULADO
2026-09-16 15:50:05,TEST_SEVERA_001,VEICULO_TESTE_01,1959.6,42.9,97.4,42.1,20.3,30.3,45.4,8.59,13.75,81.95,CONDICAO_SEVERA_SIMULADA,SIMULADO
2026-09-16 15:50:06,TEST_SEVERA_001,VEICULO_TESTE_01,2156.8,43.6,96.8,47.9,25.9,32.7,54.6,9.83,13.57,81.95,CONDICAO_SEVERA_SIMULADA,SIMULADO
2026-09-16 15:50:07,TEST_SEVERA_001,VEICULO_TESTE_01,2015.2,44.2,96.7,49.4,24.8,32.1,50.4,9.52,13.71,81.95,CONDICAO_SEVERA_SIMULADA,SIMULADO
2026-09-16 15:50:08,TEST_SEVERA_001,VEICULO_TESTE_01,2102.1,44.8,96.4,42.3,23.1,32.7,48.8,9.4,13.78,81.94,CONDICAO_SEVERA_SIMULADA,SIMULADO
2026-09-16 15:50:09,TEST_SEVERA_001,VEICULO_TESTE_01,2082.4,45.3,96.7,41.4,24.5,33.2,51.5,9.33,13.66,81.94,CONDICAO_SEVERA_SIMULADA,SIMULADO
2026-09-16 15:50:10,TEST_SEVERA_001,VEICULO_TESTE_01,2033.3,45.7,97.0,37.0,21.5,32.2,48.8,9.47,13.67,81.94,CONDICAO_SEVERA_SIMULADA,SIMULADO
2026-09-16 15:50:11,TEST_SEVERA_001,VEICULO_TESTE_01,1939.9,45.9,95.9,37.4,18.0,33.9,44.1,8.16,13.67,81.94,CONDICAO_SEVERA_SIMULADA,SIMULADO
2026-09-16 15:50:12,TEST_SEVERA_001,VEICULO_TESTE_01,1913.0,46.0,96.8,31.4,20.6,33.1,43.0,8.26,13.7,81.94,CONDICAO_SEVERA_SIMULADA,SIMULADO
2026-09-16 15:50:13,TEST_SEVERA_001,VEICULO_TESTE_01,1807.3,46.0,97.2,34.0,21.2,33.9,42.7,7.98,13.67,81.94,CONDICAO_SEVERA_SIMULADA,SIMULADO
2026-09-16 15:50:14,TEST_SEVERA_001,VEICULO_TESTE_01,1882.4,46.0,96.5,30.6,15.6,33.8,42.2,7.82,13.62,81.94,CONDICAO_SEVERA_SIMULADA,SIMULADO
2026-09-16 15:50:15,TEST_SEVERA_001,VEICULO_TESTE_01,2013.1,46.1,97.9,28.3,17.7,34.2,44.6,7.58,13.72,81.93,CONDICAO_SEVERA_SIMULADA,SIMULADO
2026-09-16 15:50:16,TEST_SEVERA_001,VEICULO_TESTE_01,1773.8,46.1,97.2,32.0,12.9,32.3,43.2,7.98,13.6,81.93,CONDICAO_SEVERA_SIMULADA,SIMULADO
2026-09-16 15:50:17,TEST_SEVERA_001,VEICULO_TESTE_01,2002.5,46.1,98.3,33.8,19.1,32.9,44.8,7.91,13.49,81.93,CONDICAO_SEVERA_SIMULADA,SIMULADO
2026-09-16 15:50:18,TEST_SEVERA_001,VEICULO_TESTE_01,2080.1,46.0,97.5,34.8,18.0,34.0,47.9,7.73,13.61,81.93,CONDICAO_SEVERA_SIMULADA,SIMULADO
2026-09-16 15:50:19,TEST_SEVERA_001,VEICULO_TESTE_01,1969.6,46.0,97.7,35.4,17.6,32.8,40.8,7.87,13.74,81.93,CONDICAO_SEVERA_SIMULADA,SIMULADO
2026-09-16 15:50:20,TEST_SEVERA_001,VEICULO_TESTE_01,1923.1,46.0,97.3,29.5,13.9,32.0,42.3,7.62,13.57,81.93,CONDICAO_SEVERA_SIMULADA,SIMULADO
2026-09-16 15:50:21,TEST_SEVERA_001,VEICULO_TESTE_01,1907.6,46.0,98.1,35.7,15.8,32.5,43.9,6.98,13.52,81.93,CONDICAO_SEVERA_SIMULADA,SIMULADO
2026-09-16 15:50:22,TEST_SEVERA_001,VEICULO_TESTE_01,1982.5,46.0,97.4,27.5,14.0,32.9,44.0,7.25,13.64,81.92,CONDICAO_SEVERA_SIMULADA,SIMULADO
2026-09-16 15:50:23,TEST_SEVERA_001,VEICULO_TESTE_01,2054.9,46.0,99.0,33.4,20.2,32.8,47.1,7.98,13.63,81.92,CONDICAO_SEVERA_SIMULADA,SIMULADO
2026-09-16 15:50:24,TEST_SEVERA_001,VEICULO_TESTE_01,2036.0,46.1,98.3,33.9,19.6,32.2,46.4,7.6,13.65,81.92,CONDICAO_SEVERA_SIMULADA,SIMULADO
2026-09-16 15:50:25,TEST_SEVERA_001,VEICULO_TESTE_01,2028.1,46.1,97.0,35.8,15.3,32.2,42.1,8.9,13.65,81.92,CONDICAO_SEVERA_SIMULADA,SIMULADO
2026-09-16 15:50:26,TEST_SEVERA_001,VEICULO_TESTE_01,2030.9,46.1,96.2,27.9,16.4,33.6,46.3,7.65,13.66,81.92,CONDICAO_SEVERA_SIMULADA,SIMULADO
2026-09-16 15:50:27,TEST_SEVERA_001,VEICULO_TESTE_01,1964.9,46.1,97.7,37.1,17.6,34.2,47.8,8.05,13.58,81.92,CONDICAO_SEVERA_SIMULADA,SIMULADO
2026-09-16 15:50:28,TEST_SEVERA_001,VEICULO_TESTE_01,1874.1,46.1,97.3,33.8,20.0,32.5,44.3,7.45,13.56,81.92,CONDICAO_SEVERA_SIMULADA,SIMULADO
2026-09-16 15:50:29,TEST_SEVERA_001,VEICULO_TESTE_01,1880.4,45.8,98.1,31.1,18.8,34.3,45.0,7.82,13.38,81.91,CONDICAO_SEVERA_SIMULADA,SIMULADO
2026-09-16 15:50:30,TEST_SEVERA_001,VEICULO_TESTE_01,1831.9,45.4,98.0,37.7,23.9,33.6,51.1,8.73,13.65,81.91,CONDICAO_SEVERA_SIMULADA,SIMULADO
2026-09-16 15:50:31,TEST_SEVERA_001,VEICULO_TESTE_01,1838.2,44.6,98.5,33.0,15.9,33.0,40.2,7.84,13.5,81.91,CONDICAO_SEVERA_SIMULADA,SIMULADO
2026-09-16 15:50:32,TEST_SEVERA_001,VEICULO_TESTE_01,1759.8,43.9,98.4,24.9,17.8,34.8,42.0,7.5,13.54,81.91,CONDICAO_SEVERA_SIMULADA,SIMULADO
2026-09-16 15:50:33,TEST_SEVERA_001,VEICULO_TESTE_01,1695.9,43.2,98.0,35.2,19.8,33.9,48.6,7.68,13.62,81.91,CONDICAO_SEVERA_SIMULADA,SIMULADO
2026-09-16 15:50:34,TEST_SEVERA_001,VEICULO_TESTE_01,1762.7,42.7,98.3,33.7,17.2,35.3,42.3,8.14,13.49,81.91,CONDICAO_SEVERA_SIMULADA,SIMULADO
2026-09-16 15:50:35,TEST_SEVERA_001,VEICULO_TESTE_01,1913.6,42.4,97.8,34.3,15.5,33.5,43.6,8.05,13.47,81.91,CONDICAO_SEVERA_SIMULADA,SIMULADO
2026-09-16 15:50:36,TEST_SEVERA_001,VEICULO_TESTE_01,1862.9,42.5,100.1,33.1,17.6,33.1,47.4,7.52,13.62,81.91,CONDICAO_SEVERA_SIMULADA,SIMULADO
2026-09-16 15:50:37,TEST_SEVERA_001,VEICULO_TESTE_01,1816.7,42.5,99.1,34.8,19.3,33.0,44.0,8.04,13.56,81.9,CONDICAO_SEVERA_SIMULADA,SIMULADO
2026-09-16 15:50:38,TEST_SEVERA_001,VEICULO_TESTE_01,1912.8,42.5,99.2,31.5,18.4,32.7,48.6,7.7,13.53,81.9,CONDICAO_SEVERA_SIMULADA,SIMULADO
2026-09-16 15:50:39,TEST_SEVERA_001,VEICULO_TESTE_01,1878.3,42.5,100.1,29.6,16.6,33.9,41.9,7.49,13.53,81.9,CONDICAO_SEVERA_SIMULADA,SIMULADO
2026-09-16 15:50:40,TEST_SEVERA_001,VEICULO_TESTE_01,1999.6,42.5,99.7,41.7,18.4,34.3,43.2,8.42,13.51,81.9,CONDICAO_SEVERA_SIMULADA,SIMULADO
2026-09-16 15:50:41,TEST_SEVERA_001,VEICULO_TESTE_01,1965.6,42.5,99.5,33.9,17.2,33.5,47.8,6.9,13.59,81.9,CONDICAO_SEVERA_SIMULADA,SIMULADO
2026-09-16 15:50:42,TEST_SEVERA_001,VEICULO_TESTE_01,2033.7,42.5,97.7,31.9,17.0,33.6,43.7,7.31,13.56,81.9,CONDICAO_SEVERA_SIMULADA,SIMULADO
2026-09-16 15:50:43,TEST_SEVERA_001,VEICULO_TESTE_01,1846.5,42.4,99.0,34.2,16.2,31.7,41.3,6.47,13.55,81.9,CONDICAO_SEVERA_SIMULADA,SIMULADO
2026-09-16 15:50:44,TEST_SEVERA_001,VEICULO_TESTE_01,2063.0,42.5,100.0,36.1,17.9,32.7,43.1,8.12,13.64,81.89,CONDICAO_SEVERA_SIMULADA,SIMULADO
2026-09-16 15:50:45,TEST_SEVERA_001,VEICULO_TESTE_01,1852.5,42.5,99.2,32.2,17.8,32.9,44.4,7.66,13.34,81.89,CONDICAO_SEVERA_SIMULADA,SIMULADO
2026-09-16 15:50:46,TEST_SEVERA_001,VEICULO_TESTE_01,1843.9,42.5,100.3,35.0,16.6,32.8,47.5,7.89,13.57,81.89,CONDICAO_SEVERA_SIMULADA,SIMULADO
2026-09-16 15:50:47,TEST_SEVERA_001,VEICULO_TESTE_01,1935.1,42.5,100.0,38.9,20.2,33.2,46.0,8.45,13.33,81.89,CONDICAO_SEVERA_SIMULADA,SIMULADO
2026-09-16 15:50:48,TEST_SEVERA_001,VEICULO_TESTE_01,1774.9,42.4,99.8,35.2,16.3,34.0,42.0,7.0,13.52,81.89,CONDICAO_SEVERA_SIMULADA,SIMULADO
2026-09-16 15:50:49,TEST_SEVERA_001,VEICULO_TESTE_01,1716.1,42.1,99.9,25.0,12.4,32.9,36.7,7.21,13.54,81.89,CONDICAO_SEVERA_SIMULADA,SIMULADO
2026-09-16 15:50:50,TEST_SEVERA_001,VEICULO_TESTE_01,1700.2,41.7,99.7,29.5,13.7,33.8,43.2,6.98,13.49,81.89,CONDICAO_SEVERA_SIMULADA,SIMULADO
2026-09-16 15:50:51,TEST_SEVERA_001,VEICULO_TESTE_01,1740.9,40.9,99.7,31.7,15.1,34.6,44.1,7.84,13.45,81.88,CONDICAO_SEVERA_SIMULADA,SIMULADO
2026-09-16 15:50:52,TEST_SEVERA_001,VEICULO_TESTE_01,1579.3,39.8,100.0,35.1,17.8,34.0,44.7,7.16,13.56,81.88,CONDICAO_SEVERA_SIMULADA,SIMULADO
2026-09-16 15:50:53,TEST_SEVERA_001,VEICULO_TESTE_01,1538.2,38.7,100.6,32.2,17.6,34.8,46.6,6.76,13.39,81.88,CONDICAO_SEVERA_SIMULADA,SIMULADO
2026-09-16 15:50:54,TEST_SEVERA_001,VEICULO_TESTE_01,1660.3,37.5,99.9,41.0,18.8,33.7,49.2,8.13,13.57,81.88,CONDICAO_SEVERA_SIMULADA,SIMULADO
2026-09-16 15:50:55,TEST_SEVERA_001,VEICULO_TESTE_01,1579.2,36.1,99.5,37.1,16.7,34.4,43.3,7.85,13.59,81.88,CONDICAO_SEVERA_SIMULADA,SIMULADO
2026-09-16 15:50:56,TEST_SEVERA_001,VEICULO_TESTE_01,1563.7,34.9,101.0,31.3,14.2,33.5,38.8,6.22,13.42,81.88,CONDICAO_SEVERA_SIMULADA,SIMULADO
2026-09-16 15:50:57,TEST_SEVERA_001,VEICULO_TESTE_01,1508.4,33.8,100.9,35.0,15.1,33.8,44.4,7.41,13.57,81.88,CONDICAO_SEVERA_SIMULADA,SIMULADO
2026-09-16 15:50:58,TEST_SEVERA_001,VEICULO_TESTE_01,1618.5,33.0,101.7,27.5,16.4,32.6,44.2,7.0,13.46,81.88,CONDICAO_SEVERA_SIMULADA,SIMULADO
2026-09-16 15:50:59,TEST_SEVERA_001,VEICULO_TESTE_01,1642.5,32.5,100.8,33.7,19.2,33.8,46.9,6.92,13.54,81.87,CONDICAO_SEVERA_SIMULADA,SIMULADO
2026-09-16 15:51:00,TEST_SEVERA_001,VEICULO_TESTE_01,1593.1,32.1,101.4,31.2,12.3,33.5,39.2,6.34,13.48,81.87,CONDICAO_SEVERA_SIMULADA,SIMULADO
2026-09-16 15:51:01,TEST_SEVERA_001,VEICULO_TESTE_01,1660.7,31.9,101.4,36.5,14.9,35.7,40.8,7.4,13.42,81.87,CONDICAO_SEVERA_SIMULADA,SIMULADO
2026-09-16 15:51:02,TEST_SEVERA_001,VEICULO_TESTE_01,1757.5,31.9,99.8,35.2,15.0,32.6,41.6,7.18,13.41,81.87,CONDICAO_SEVERA_SIMULADA,SIMULADO
2026-09-16 15:51:03,TEST_SEVERA_001,VEICULO_TESTE_01,1735.1,31.9,101.3,27.5,15.0,33.7,44.5,6.63,13.4,81.87,CONDICAO_SEVERA_SIMULADA,SIMULADO
2026-09-16 15:51:04,TEST_SEVERA_001,VEICULO_TESTE_01,1839.5,31.9,100.2,31.3,15.9,34.0,43.6,7.06,13.48,81.87,CONDICAO_SEVERA_SIMULADA,SIMULADO
2026-09-16 15:51:05,TEST_SEVERA_001,VEICULO_TESTE_01,1763.9,31.9,101.2,33.7,19.5,35.0,44.1,6.89,13.51,81.87,CONDICAO_SEVERA_SIMULADA,SIMULADO
2026-09-16 15:51:06,TEST_SEVERA_001,VEICULO_TESTE_01,1682.6,32.1,101.6,32.8,17.3,32.4,45.4,7.33,13.48,81.86,CONDICAO_SEVERA_SIMULADA,SIMULADO
2026-09-16 15:51:07,TEST_SEVERA_001,VEICULO_TESTE_01,1754.3,32.3,101.1,36.0,19.2,35.1,48.5,7.8,13.41,81.86,CONDICAO_SEVERA_SIMULADA,SIMULADO
2026-09-16 15:51:08,TEST_SEVERA_001,VEICULO_TESTE_01,1608.5,32.7,101.4,41.4,19.7,35.4,44.3,7.19,13.4,81.86,CONDICAO_SEVERA_SIMULADA,SIMULADO
2026-09-16 15:51:09,TEST_SEVERA_001,VEICULO_TESTE_01,1749.7,33.3,101.7,44.4,21.4,33.8,48.2,7.87,13.5,81.86,CONDICAO_SEVERA_SIMULADA,SIMULADO
2026-09-16 15:51:10,TEST_SEVERA_001,VEICULO_TESTE_01,1772.3,34.0,102.5,48.8,23.6,34.6,52.3,8.19,13.4,81.86,CONDICAO_SEVERA_SIMULADA,SIMULADO
2026-09-16 15:51:11,TEST_SEVERA_001,VEICULO_TESTE_01,1730.8,34.6,102.0,41.4,19.6,33.2,48.0,8.1,13.35,81.86,CONDICAO_SEVERA_SIMULADA,SIMULADO
2026-09-16 15:51:12,TEST_SEVERA_001,VEICULO_TESTE_01,1765.7,35.3,100.8,47.0,23.3,33.3,50.6,8.15,13.29,81.86,CONDICAO_SEVERA_SIMULADA,SIMULADO
2026-09-16 15:51:13,TEST_SEVERA_001,VEICULO_TESTE_01,1668.7,36.0,102.9,47.8,23.6,34.8,51.5,7.91,13.44,81.85,CONDICAO_SEVERA_SIMULADA,SIMULADO
2026-09-16 15:51:14,TEST_SEVERA_001,VEICULO_TESTE_01,1637.7,36.7,102.6,47.0,19.7,34.9,52.5,7.9,13.48,81.85,CONDICAO_SEVERA_SIMULADA,SIMULADO
2026-09-16 15:51:15,TEST_SEVERA_001,VEICULO_TESTE_01,1842.9,37.5,102.7,46.9,28.5,34.8,56.8,8.92,13.43,81.85,CONDICAO_SEVERA_SIMULADA,SIMULADO
2026-09-16 15:51:16,TEST_SEVERA_001,VEICULO_TESTE_01,1915.0,38.4,102.3,46.9,25.4,34.2,52.7,8.12,13.44,81.85,CONDICAO_SEVERA_SIMULADA,SIMULADO
2026-09-16 15:51:17,TEST_SEVERA_001,VEICULO_TESTE_01,2079.2,39.4,102.8,58.4,33.8,34.5,59.1,8.81,13.51,81.85,CONDICAO_SEVERA_SIMULADA,SIMULADO
2026-09-16 15:51:18,TEST_SEVERA_001,VEICULO_TESTE_01,2052.0,40.4,103.4,50.4,28.3,35.1,55.7,8.72,13.43,81.85,CONDICAO_SEVERA_SIMULADA,SIMULADO
2026-09-16 15:51:19,TEST_SEVERA_001,VEICULO_TESTE_01,2098.8,41.3,103.0,53.5,25.2,35.6,53.8,8.97,13.27,81.85,CONDICAO_SEVERA_SIMULADA,SIMULADO
2026-09-16 15:51:20,TEST_SEVERA_001,VEICULO_TESTE_01,2236.9,42.3,102.8,50.8,25.7,34.1,53.0,9.39,13.38,81.84,CONDICAO_SEVERA_SIMULADA,SIMULADO
2026-09-16 15:51:21,TEST_SEVERA_001,VEICULO_TESTE_01,2278.3,43.4,103.6,51.2,28.3,34.2,53.9,9.99,13.51,81.84,CONDICAO_SEVERA_SIMULADA,SIMULADO
2026-09-16 15:51:22,TEST_SEVERA_001,VEICULO_TESTE_01,2170.7,44.3,103.5,48.1,28.6,34.6,52.6,9.56,13.33,81.84,CONDICAO_SEVERA_SIMULADA,SIMULADO
2026-09-16 15:51:23,TEST_SEVERA_001,VEICULO_TESTE_01,2360.1,45.2,102.8,56.4,28.5,34.0,57.2,10.13,13.43,81.84,CONDICAO_SEVERA_SIMULADA,SIMULADO
2026-09-16 15:51:24,TEST_SEVERA_001,VEICULO_TESTE_01,2244.6,46.2,103.1,53.3,25.1,33.8,55.5,9.1,13.41,81.84,CONDICAO_SEVERA_SIMULADA,SIMULADO
2026-09-16 15:51:25,TEST_SEVERA_001,VEICULO_TESTE_01,2320.0,47.0,103.3,50.9,26.8,33.0,55.6,9.47,13.41,81.84,CONDICAO_SEVERA_SIMULADA,SIMULADO
2026-09-16 15:51:26,TEST_SEVERA_001,VEICULO_TESTE_01,2297.1,47.8,104.6,45.0,24.5,34.6,51.3,9.29,13.3,81.83,CONDICAO_SEVERA_SIMULADA,SIMULADO
2026-09-16 15:51:27,TEST_SEVERA_001,VEICULO_TESTE_01,2241.8,48.6,103.4,47.2,25.3,34.3,57.0,8.38,13.32,81.83,CONDICAO_SEVERA_SIMULADA,SIMULADO
2026-09-16 15:51:28,TEST_SEVERA_001,VEICULO_TESTE_01,2326.5,49.4,102.7,50.2,28.1,33.3,54.9,9.79,13.41,81.83,CONDICAO_SEVERA_SIMULADA,SIMULADO
2026-09-16 15:51:29,TEST_SEVERA_001,VEICULO_TESTE_01,2349.0,50.3,102.3,49.0,27.9,34.4,52.5,8.95,13.34,81.83,CONDICAO_SEVERA_SIMULADA,SIMULADO
2026-09-16 15:51:30,TEST_SEVERA_001,VEICULO_TESTE_01,2175.2,51.0,104.3,46.6,26.4,33.5,54.4,9.3,13.41,81.83,CONDICAO_SEVERA_SIMULADA,SIMULADO
2026-09-16 15:51:31,TEST_SEVERA_001,VEICULO_TESTE_01,2159.6,51.7,103.9,50.9,23.4,35.2,48.7,10.02,13.32,81.83,CONDICAO_SEVERA_SIMULADA,SIMULADO
2026-09-16 15:51:32,TEST_SEVERA_001,VEICULO_TESTE_01,2026.9,52.1,103.4,35.0,24.2,36.3,48.0,7.48,13.36,81.83,CONDICAO_SEVERA_SIMULADA,SIMULADO
2026-09-16 15:51:33,TEST_SEVERA_001,VEICULO_TESTE_01,2058.1,52.4,103.4,40.6,20.3,35.3,51.2,8.76,13.33,81.82,CONDICAO_SEVERA_SIMULADA,SIMULADO
2026-09-16 15:51:34,TEST_SEVERA_001,VEICULO_TESTE_01,1830.8,52.5,103.0,34.6,18.3,34.2,45.9,7.81,13.35,81.82,CONDICAO_SEVERA_SIMULADA,SIMULADO
2026-09-16 15:51:35,TEST_SEVERA_001,VEICULO_TESTE_01,2102.2,52.4,104.3,38.3,19.7,33.0,46.7,8.65,13.18,81.82,CONDICAO_SEVERA_SIMULADA,SIMULADO
2026-09-16 15:51:36,TEST_SEVERA_001,VEICULO_TESTE_01,2002.8,52.4,104.7,35.8,16.2,35.7,41.0,7.64,13.41,81.82,CONDICAO_SEVERA_SIMULADA,SIMULADO
2026-09-16 15:51:37,TEST_SEVERA_001,VEICULO_TESTE_01,1955.0,52.5,105.2,35.7,19.8,35.7,47.4,8.03,13.41,81.82,CONDICAO_SEVERA_SIMULADA,SIMULADO
2026-09-16 15:51:38,TEST_SEVERA_001,VEICULO_TESTE_01,1995.6,52.5,104.7,38.4,16.7,34.6,44.0,8.21,13.39,81.82,CONDICAO_SEVERA_SIMULADA,SIMULADO
2026-09-16 15:51:39,TEST_SEVERA_001,VEICULO_TESTE_01,1952.2,52.6,105.1,36.2,18.5,35.3,48.3,7.53,13.29,81.81,CONDICAO_SEVERA_SIMULADA,SIMULADO
2026-09-16 15:51:40,TEST_SEVERA_001,VEICULO_TESTE_01,2155.1,52.6,103.8,38.1,16.1,33.3,42.6,8.41,13.39,81.81,CONDICAO_SEVERA_SIMULADA,SIMULADO
2026-09-16 15:51:41,TEST_SEVERA_001,VEICULO_TESTE_01,2154.2,52.5,103.9,40.8,21.6,34.2,46.7,7.99,13.3,81.81,CONDICAO_SEVERA_SIMULADA,SIMULADO
2026-09-16 15:51:42,TEST_SEVERA_001,VEICULO_TESTE_01,2200.6,52.4,105.1,37.2,17.2,35.1,45.0,8.82,13.31,81.81,CONDICAO_SEVERA_SIMULADA,SIMULADO
2026-09-16 15:51:43,TEST_SEVERA_001,VEICULO_TESTE_01,2124.8,52.4,103.2,39.1,21.9,35.7,49.9,7.4,13.3,81.81,CONDICAO_SEVERA_SIMULADA,SIMULADO
2026-09-16 15:51:44,TEST_SEVERA_001,VEICULO_TESTE_01,2232.6,52.4,105.2,37.8,17.7,33.0,41.2,8.11,13.34,81.81,CONDICAO_SEVERA_SIMULADA,SIMULADO
2026-09-16 15:51:45,TEST_SEVERA_001,VEICULO_TESTE_01,2162.3,52.4,103.8,36.6,18.4,35.8,44.3,7.89,13.29,81.81,CONDICAO_SEVERA_SIMULADA,SIMULADO
2026-09-16 15:51:46,TEST_SEVERA_001,VEICULO_TESTE_01,2163.7,52.4,104.5,38.0,21.3,35.1,46.9,8.44,13.34,81.8,CONDICAO_SEVERA_SIMULADA,SIMULADO
2026-09-16 15:51:47,TEST_SEVERA_001,VEICULO_TESTE_01,2046.5,52.4,105.0,32.9,14.0,35.4,43.8,7.86,13.13,81.8,CONDICAO_SEVERA_SIMULADA,SIMULADO
2026-09-16 15:51:48,TEST_SEVERA_001,VEICULO_TESTE_01,2147.1,52.4,104.3,35.4,14.9,36.2,42.7,7.78,13.29,81.8,CONDICAO_SEVERA_SIMULADA,SIMULADO
2026-09-16 15:51:49,TEST_SEVERA_001,VEICULO_TESTE_01,2154.5,52.4,104.9,38.7,20.8,35.0,48.6,8.19,13.36,81.8,CONDICAO_SEVERA_SIMULADA,SIMULADO
2026-09-16 15:51:50,TEST_SEVERA_001,VEICULO_TESTE_01,2200.3,52.4,103.6,42.6,22.2,36.2,51.6,9.03,13.28,81.8,CONDICAO_SEVERA_SIMULADA,SIMULADO
2026-09-16 15:51:51,TEST_SEVERA_001,VEICULO_TESTE_01,2056.8,52.5,105.5,38.7,16.4,35.7,45.1,8.29,13.16,81.8,CONDICAO_SEVERA_SIMULADA,SIMULADO
2026-09-16 15:51:52,TEST_SEVERA_001,VEICULO_TESTE_01,2041.4,52.5,106.5,39.5,16.9,34.5,43.1,8.91,13.26,81.8,CONDICAO_SEVERA_SIMULADA,SIMULADO
2026-09-16 15:51:53,TEST_SEVERA_001,VEICULO_TESTE_01,2038.9,52.6,105.9,44.0,21.7,34.3,48.1,8.84,13.34,81.79,CONDICAO_SEVERA_SIMULADA,SIMULADO
2026-09-16 15:51:54,TEST_SEVERA_001,VEICULO_TESTE_01,1997.0,52.6,105.4,39.1,20.9,34.1,46.3,8.42,13.27,81.79,CONDICAO_SEVERA_SIMULADA,SIMULADO
2026-09-16 15:51:55,TEST_SEVERA_001,VEICULO_TESTE_01,1973.8,52.6,106.6,40.9,21.3,33.5,45.4,9.21,13.18,81.79,CONDICAO_SEVERA_SIMULADA,SIMULADO
2026-09-16 15:51:56,TEST_SEVERA_001,VEICULO_TESTE_01,1983.2,52.5,105.8,40.6,18.3,36.6,44.1,8.65,13.36,81.79,CONDICAO_SEVERA_SIMULADA,SIMULADO
2026-09-16 15:51:57,TEST_SEVERA_001,VEICULO_TESTE_01,2030.3,52.5,106.1,38.5,18.8,35.6,42.5,7.45,13.25,81.79,CONDICAO_SEVERA_SIMULADA,SIMULADO
2026-09-16 15:51:58,TEST_SEVERA_001,VEICULO_TESTE_01,2053.7,52.5,106.6,32.5,18.5,35.1,41.5,8.29,13.27,81.79,CONDICAO_SEVERA_SIMULADA,SIMULADO
2026-09-16 15:51:59,TEST_SEVERA_001,VEICULO_TESTE_01,1940.7,52.6,105.9,35.2,18.7,35.8,46.7,8.52,13.25,81.79,CONDICAO_SEVERA_SIMULADA,SIMULADO
2026-09-16 15:52:00,TEST_SEVERA_001,VEICULO_TESTE_01,2032.5,52.5,106.0,37.3,18.1,33.4,44.8,8.52,13.19,81.78,CONDICAO_SEVERA_SIMULADA,SIMULADO
2026-09-16 15:52:01,TEST_SEVERA_001,VEICULO_TESTE_01,2004.7,52.6,106.1,39.8,18.6,35.1,41.9,8.24,13.25,81.78,CONDICAO_SEVERA_SIMULADA,SIMULADO
2026-09-16 15:52:02,TEST_SEVERA_001,VEICULO_TESTE_01,2034.0,52.4,105.5,34.2,18.7,34.5,46.3,8.15,13.13,81.78,CONDICAO_SEVERA_SIMULADA,SIMULADO
2026-09-16 15:52:03,TEST_SEVERA_001,VEICULO_TESTE_01,2088.2,52.4,105.6,30.3,17.4,34.9,44.9,7.79,13.3,81.78,CONDICAO_SEVERA_SIMULADA,SIMULADO
2026-09-16 15:52:04,TEST_SEVERA_001,VEICULO_TESTE_01,2329.4,52.4,105.6,42.0,21.9,37.7,50.7,8.73,13.25,81.78,CONDICAO_SEVERA_SIMULADA,SIMULADO
2026-09-16 15:52:05,TEST_SEVERA_001,VEICULO_TESTE_01,2383.2,52.7,106.8,47.7,22.4,35.9,48.8,9.81,13.34,81.78,CONDICAO_SEVERA_SIMULADA,SIMULADO
2026-09-16 15:52:06,TEST_SEVERA_001,VEICULO_TESTE_01,2365.1,53.0,107.5,46.4,23.4,36.8,48.5,8.82,13.29,81.78,CONDICAO_SEVERA_SIMULADA,SIMULADO
2026-09-16 15:52:07,TEST_SEVERA_001,VEICULO_TESTE_01,2422.2,53.7,107.2,48.9,27.4,34.1,51.8,8.99,13.31,81.77,CONDICAO_SEVERA_SIMULADA,SIMULADO
2026-09-16 15:52:08,TEST_SEVERA_001,VEICULO_TESTE_01,2415.3,54.7,107.6,56.2,27.6,36.7,52.9,9.46,13.29,81.77,CONDICAO_SEVERA_SIMULADA,SIMULADO
2026-09-16 15:52:09,TEST_SEVERA_001,VEICULO_TESTE_01,2552.9,55.5,106.6,53.4,27.9,35.2,55.6,9.72,13.19,81.77,CONDICAO_SEVERA_SIMULADA,SIMULADO
2026-09-16 15:52:10,TEST_SEVERA_001,VEICULO_TESTE_01,2356.1,56.5,107.9,52.8,32.2,35.1,56.5,9.67,13.19,81.77,CONDICAO_SEVERA_SIMULADA,SIMULADO
2026-09-16 15:52:11,TEST_SEVERA_001,VEICULO_TESTE_01,2423.5,57.5,109.1,53.9,29.3,37.2,52.8,9.65,13.35,81.77,CONDICAO_SEVERA_SIMULADA,SIMULADO
2026-09-16 15:52:12,TEST_SEVERA_001,VEICULO_TESTE_01,2575.0,58.4,107.1,59.8,31.7,36.0,60.0,10.65,13.27,81.77,CONDICAO_SEVERA_SIMULADA,SIMULADO
2026-09-16 15:52:13,TEST_SEVERA_001,VEICULO_TESTE_01,2427.0,59.1,106.8,56.1,30.5,37.0,58.9,10.48,13.1,81.76,CONDICAO_SEVERA_SIMULADA,SIMULADO
2026-09-16 15:52:14,TEST_SEVERA_001,VEICULO_TESTE_01,2400.1,59.9,106.2,50.8,25.9,34.8,50.3,9.88,13.25,81.76,CONDICAO_SEVERA_SIMULADA,SIMULADO
2026-09-16 15:52:15,TEST_SEVERA_001,VEICULO_TESTE_01,2298.4,60.6,108.2,48.3,26.7,33.4,54.0,9.66,13.12,81.76,CONDICAO_SEVERA_SIMULADA,SIMULADO
2026-09-16 15:52:16,TEST_SEVERA_001,VEICULO_TESTE_01,2374.9,61.3,107.1,49.8,25.5,35.9,52.6,9.76,13.16,81.76,CONDICAO_SEVERA_SIMULADA,SIMULADO
2026-09-16 15:52:17,TEST_SEVERA_001,VEICULO_TESTE_01,2282.7,62.0,108.7,50.0,27.4,37.8,54.6,10.05,13.16,81.76,CONDICAO_SEVERA_SIMULADA,SIMULADO
2026-09-16 15:52:18,TEST_SEVERA_001,VEICULO_TESTE_01,2353.9,62.7,107.5,49.1,29.2,35.2,58.6,9.5,13.19,81.76,CONDICAO_SEVERA_SIMULADA,SIMULADO
2026-09-16 15:52:19,TEST_SEVERA_001,VEICULO_TESTE_01,2371.2,63.4,107.1,54.4,31.5,36.3,56.8,10.19,13.05,81.75,CONDICAO_SEVERA_SIMULADA,SIMULADO
2026-09-16 15:52:20,TEST_SEVERA_001,VEICULO_TESTE_01,2529.4,64.0,108.4,60.5,32.5,35.1,61.2,10.23,13.3,81.75,CONDICAO_SEVERA_SIMULADA,SIMULADO
2026-09-16 15:52:21,TEST_SEVERA_001,VEICULO_TESTE_01,2550.3,64.7,108.0,55.6,28.3,35.0,55.5,10.25,13.16,81.75,CONDICAO_SEVERA_SIMULADA,SIMULADO
2026-09-16 15:52:22,TEST_SEVERA_001,VEICULO_TESTE_01,2560.2,65.4,107.6,53.7,27.5,35.6,55.7,9.89,13.18,81.75,CONDICAO_SEVERA_SIMULADA,SIMULADO
2026-09-16 15:52:23,TEST_SEVERA_001,VEICULO_TESTE_01,2663.6,66.2,109.2,47.1,27.4,36.0,54.1,10.22,13.25,81.75,CONDICAO_SEVERA_SIMULADA,SIMULADO
2026-09-16 15:52:24,TEST_SEVERA_001,VEICULO_TESTE_01,2779.9,67.0,108.5,50.6,28.6,35.5,51.7,10.25,13.21,81.75,CONDICAO_SEVERA_SIMULADA,SIMULADO
2026-09-16 15:52:25,TEST_SEVERA_001,VEICULO_TESTE_01,2746.0,67.7,107.1,51.5,29.7,36.8,55.0,10.64,13.06,81.74,CONDICAO_SEVERA_SIMULADA,SIMULADO
2026-09-16 15:52:26,TEST_SEVERA_001,VEICULO_TESTE_01,2819.6,68.4,109.4,57.5,32.0,34.4,56.4,11.01,13.17,81.74,CONDICAO_SEVERA_SIMULADA,SIMULADO
2026-09-16 15:52:27,TEST_SEVERA_001,VEICULO_TESTE_01,2726.9,69.2,108.3,52.1,28.3,37.5,53.9,9.1,13.2,81.74,CONDICAO_SEVERA_SIMULADA,SIMULADO
2026-09-16 15:52:28,TEST_SEVERA_001,VEICULO_TESTE_01,2864.0,70.0,109.6,53.7,30.1,36.5,54.1,10.62,13.05,81.74,CONDICAO_SEVERA_SIMULADA,SIMULADO
2026-09-16 15:52:29,TEST_SEVERA_001,VEICULO_TESTE_01,2904.1,70.9,109.0,53.5,35.0,37.2,58.9,11.25,13.22,81.74,CONDICAO_SEVERA_SIMULADA,SIMULADO
2026-09-16 15:52:30,TEST_SEVERA_001,VEICULO_TESTE_01,2760.0,71.6,108.8,51.4,26.4,35.3,51.7,10.42,13.03,81.74,CONDICAO_SEVERA_SIMULADA,SIMULADO
2026-09-16 15:52:31,TEST_SEVERA_001,VEICULO_TESTE_01,2837.5,72.4,108.8,53.7,29.4,36.7,55.3,11.3,13.26,81.73,CONDICAO_SEVERA_SIMULADA,SIMULADO
2026-09-16 15:52:32,TEST_SEVERA_001,VEICULO_TESTE_01,2867.8,73.1,109.4,50.6,29.1,36.0,55.4,10.64,13.16,81.73,CONDICAO_SEVERA_SIMULADA,SIMULADO
2026-09-16 15:52:33,TEST_SEVERA_001,VEICULO_TESTE_01,2752.9,73.7,108.1,52.2,26.3,35.3,56.1,10.47,13.16,81.73,CONDICAO_SEVERA_SIMULADA,SIMULADO
2026-09-16 15:52:34,TEST_SEVERA_001,VEICULO_TESTE_01,2714.6,74.4,109.3,55.7,28.2,35.1,54.1,10.54,13.17,81.73,CONDICAO_SEVERA_SIMULADA,SIMULADO
2026-09-16 15:52:35,TEST_SEVERA_001,VEICULO_TESTE_01,2759.3,75.0,109.3,54.7,32.9,37.8,58.6,11.02,13.08,81.73,CONDICAO_SEVERA_SIMULADA,SIMULADO
2026-09-16 15:52:36,TEST_SEVERA_001,VEICULO_TESTE_01,2640.2,75.6,109.0,50.7,27.5,37.0,53.8,10.42,13.12,81.72,CONDICAO_SEVERA_SIMULADA,SIMULADO
2026-09-16 15:52:37,TEST_SEVERA_001,VEICULO_TESTE_01,2597.2,76.1,108.4,46.4,24.7,36.9,49.6,10.04,13.28,81.72,CONDICAO_SEVERA_SIMULADA,SIMULADO
2026-09-16 15:52:38,TEST_SEVERA_001,VEICULO_TESTE_01,2718.2,76.7,108.2,45.9,26.2,35.6,50.7,10.57,13.24,81.72,CONDICAO_SEVERA_SIMULADA,SIMULADO
2026-09-16 15:52:39,TEST_SEVERA_001,VEICULO_TESTE_01,2615.7,77.4,109.1,56.8,29.8,35.7,58.5,11.83,13.27,81.72,CONDICAO_SEVERA_SIMULADA,SIMULADO
2026-09-16 15:52:40,TEST_SEVERA_001,VEICULO_TESTE_01,2772.1,78.1,109.7,58.2,32.5,34.6,57.3,11.04,13.14,81.72,CONDICAO_SEVERA_SIMULADA,SIMULADO
2026-09-16 15:52:41,TEST_SEVERA_001,VEICULO_TESTE_01,2837.0,78.7,110.0,55.0,33.9,35.2,58.9,11.35,13.06,81.72,CONDICAO_SEVERA_SIMULADA,SIMULADO
2026-09-16 15:52:42,TEST_SEVERA_001,VEICULO_TESTE_01,2988.5,79.4,109.7,50.5,32.8,36.3,55.8,11.0,13.13,81.71,CONDICAO_SEVERA_SIMULADA,SIMULADO
2026-09-16 15:52:43,TEST_SEVERA_001,VEICULO_TESTE_01,2881.0,79.9,108.2,47.6,29.2,34.9,53.4,11.17,13.09,81.71,CONDICAO_SEVERA_SIMULADA,SIMULADO
2026-09-16 15:52:44,TEST_SEVERA_001,VEICULO_TESTE_01,2937.8,80.2,109.3,41.3,23.3,38.0,49.6,9.86,13.12,81.71,CONDICAO_SEVERA_SIMULADA,SIMULADO
2026-09-16 15:52:45,TEST_SEVERA_001,VEICULO_TESTE_01,3007.6,80.4,109.0,38.9,25.5,35.9,49.9,9.82,13.12,81.71,CONDICAO_SEVERA_SIMULADA,SIMULADO
2026-09-16 15:52:46,TEST_SEVERA_001,VEICULO_TESTE_01,2824.6,80.5,110.7,41.9,19.2,35.1,46.7,9.25,13.14,81.71,CONDICAO_SEVERA_SIMULADA,SIMULADO
2026-09-16 15:52:47,TEST_SEVERA_001,VEICULO_TESTE_01,2975.5,80.5,109.9,49.4,25.9,36.2,52.9,9.59,13.08,81.71,CONDICAO_SEVERA_SIMULADA,SIMULADO
2026-09-16 15:52:48,TEST_SEVERA_001,VEICULO_TESTE_01,2960.9,80.6,110.3,46.2,25.5,35.5,52.7,10.7,13.19,81.7,CONDICAO_SEVERA_SIMULADA,SIMULADO
2026-09-16 15:52:49,TEST_SEVERA_001,VEICULO_TESTE_01,2991.2,80.6,110.6,41.7,24.6,35.6,49.2,9.49,13.07,81.7,CONDICAO_SEVERA_SIMULADA,SIMULADO
2026-09-16 15:52:50,TEST_SEVERA_001,VEICULO_TESTE_01,2960.2,80.6,110.5,44.8,21.5,36.6,48.4,10.43,13.05,81.7,CONDICAO_SEVERA_SIMULADA,SIMULADO
2026-09-16 15:52:51,TEST_SEVERA_001,VEICULO_TESTE_01,2871.3,80.6,110.0,45.6,24.7,36.2,52.8,9.35,13.04,81.7,CONDICAO_SEVERA_SIMULADA,SIMULADO
2026-09-16 15:52:52,TEST_SEVERA_001,VEICULO_TESTE_01,2848.3,80.6,109.7,36.4,20.3,35.2,46.9,9.8,13.05,81.7,CONDICAO_SEVERA_SIMULADA,SIMULADO
2026-09-16 15:52:53,TEST_SEVERA_001,VEICULO_TESTE_01,2762.5,80.6,111.3,42.4,21.3,36.3,49.0,10.42,12.99,81.7,CONDICAO_SEVERA_SIMULADA,SIMULADO
2026-09-16 15:52:54,TEST_SEVERA_001,VEICULO_TESTE_01,2649.5,80.6,110.2,39.7,24.4,37.3,49.0,10.57,13.16,81.69,CONDICAO_SEVERA_SIMULADA,SIMULADO
2026-09-16 15:52:55,TEST_SEVERA_001,VEICULO_TESTE_01,2722.4,80.7,110.0,41.7,23.2,36.3,49.1,10.41,13.07,81.69,CONDICAO_SEVERA_SIMULADA,SIMULADO
2026-09-16 15:52:56,TEST_SEVERA_001,VEICULO_TESTE_01,2567.1,80.7,110.5,47.9,22.2,36.5,49.3,10.65,13.04,81.69,CONDICAO_SEVERA_SIMULADA,SIMULADO
2026-09-16 15:52:57,TEST_SEVERA_001,VEICULO_TESTE_01,2581.2,80.7,110.5,45.2,26.3,37.1,55.9,10.46,13.18,81.69,CONDICAO_SEVERA_SIMULADA,SIMULADO
2026-09-16 15:52:58,TEST_SEVERA_001,VEICULO_TESTE_01,2587.6,80.7,110.8,46.3,22.2,36.5,49.2,10.09,13.14,81.69,CONDICAO_SEVERA_SIMULADA,SIMULADO
2026-09-16 15:52:59,TEST_SEVERA_001,VEICULO_TESTE_01,2609.0,80.6,110.7,47.6,25.1,37.3,50.6,10.53,13.15,81.69,CONDICAO_SEVERA_SIMULADA,SIMULADO
2026-09-16 15:53:00,TEST_SEVERA_001,VEICULO_TESTE_01,2634.3,80.5,110.7,42.8,22.6,36.8,47.6,10.4,12.98,81.68,CONDICAO_SEVERA_SIMULADA,SIMULADO
2026-09-16 15:53:01,TEST_SEVERA_001,VEICULO_TESTE_01,2635.7,80.5,111.0,43.9,22.8,35.9,49.6,10.31,13.06,81.68,CONDICAO_SEVERA_SIMULADA,SIMULADO
2026-09-16 15:53:02,TEST_SEVERA_001,VEICULO_TESTE_01,2645.3,80.5,111.2,39.7,18.8,35.7,48.0,9.41,12.96,81.68,CONDICAO_SEVERA_SIMULADA,SIMULADO
2026-09-16 15:53:03,TEST_SEVERA_001,VEICULO_TESTE_01,2859.7,80.5,111.5,47.4,25.0,36.6,51.4,10.28,13.15,81.68,CONDICAO_SEVERA_SIMULADA,SIMULADO
2026-09-16 15:53:04,TEST_SEVERA_001,VEICULO_TESTE_01,2665.8,80.5,110.2,45.1,25.6,37.7,52.0,10.16,13.08,81.68,CONDICAO_SEVERA_SIMULADA,SIMULADO
2026-09-16 15:53:05,TEST_SEVERA_001,VEICULO_TESTE_01,2765.5,80.6,111.1,40.5,24.3,36.7,46.5,9.88,13.08,81.68,CONDICAO_SEVERA_SIMULADA,SIMULADO
2026-09-16 15:53:06,TEST_SEVERA_001,VEICULO_TESTE_01,2901.2,80.6,110.2,44.3,24.8,37.0,49.7,10.25,12.98,81.67,CONDICAO_SEVERA_SIMULADA,SIMULADO
2026-09-16 15:53:07,TEST_SEVERA_001,VEICULO_TESTE_01,3039.1,80.6,111.2,41.4,20.0,35.6,48.9,10.78,13.13,81.67,CONDICAO_SEVERA_SIMULADA,SIMULADO
2026-09-16 15:53:08,TEST_SEVERA_001,VEICULO_TESTE_01,2974.3,80.6,111.8,39.4,24.6,37.1,48.7,9.89,12.98,81.67,CONDICAO_SEVERA_SIMULADA,SIMULADO
2026-09-16 15:53:09,TEST_SEVERA_001,VEICULO_TESTE_01,3020.8,80.6,111.4,45.1,23.0,37.1,52.3,10.29,12.88,81.67,CONDICAO_SEVERA_SIMULADA,SIMULADO
2026-09-16 15:53:10,TEST_SEVERA_001,VEICULO_TESTE_01,3004.3,80.6,112.2,45.6,24.5,38.8,47.1,10.36,12.99,81.67,CONDICAO_SEVERA_SIMULADA,SIMULADO
2026-09-16 15:53:11,TEST_SEVERA_001,VEICULO_TESTE_01,2955.0,80.6,111.4,46.8,19.5,34.3,48.3,10.62,12.91,81.67,CONDICAO_SEVERA_SIMULADA,SIMULADO
2026-09-16 15:53:12,TEST_SEVERA_001,VEICULO_TESTE_01,2849.0,80.6,112.0,43.7,23.1,36.4,48.0,9.81,13.07,81.66,CONDICAO_SEVERA_SIMULADA,SIMULADO
2026-09-16 15:53:13,TEST_SEVERA_001,VEICULO_TESTE_01,2906.5,80.6,112.1,44.4,22.5,37.1,49.9,10.35,12.91,81.66,CONDICAO_SEVERA_SIMULADA,SIMULADO
2026-09-16 15:53:14,TEST_SEVERA_001,VEICULO_TESTE_01,2873.0,80.6,111.5,44.3,23.0,36.4,50.0,10.3,13.02,81.66,CONDICAO_SEVERA_SIMULADA,SIMULADO
2026-09-16 15:53:15,TEST_SEVERA_001,VEICULO_TESTE_01,2538.1,80.6,112.1,36.2,14.7,36.7,46.1,9.39,13.04,81.66,CONDICAO_SEVERA_SIMULADA,SIMULADO
2026-09-16 15:53:16,TEST_SEVERA_001,VEICULO_TESTE_01,2681.6,80.3,111.9,46.6,25.3,37.6,54.3,10.66,12.94,81.66,CONDICAO_SEVERA_SIMULADA,SIMULADO
2026-09-16 15:53:17,TEST_SEVERA_001,VEICULO_TESTE_01,2644.2,80.0,111.6,43.4,21.6,36.4,50.4,9.42,13.01,81.66,CONDICAO_SEVERA_SIMULADA,SIMULADO
2026-09-16 15:53:18,TEST_SEVERA_001,VEICULO_TESTE_01,2462.6,79.5,111.8,40.8,21.6,35.6,46.5,9.54,12.86,81.66,CONDICAO_SEVERA_SIMULADA,SIMULADO
2026-09-16 15:53:19,TEST_SEVERA_001,VEICULO_TESTE_01,2602.8,78.8,112.1,49.7,21.1,36.2,47.8,10.1,12.99,81.65,CONDICAO_SEVERA_SIMULADA,SIMULADO
2026-09-16 15:53:20,TEST_SEVERA_001,VEICULO_TESTE_01,2525.2,77.7,112.2,41.7,20.4,36.5,44.1,9.21,13.02,81.65,CONDICAO_SEVERA_SIMULADA,SIMULADO
2026-09-16 15:53:21,TEST_SEVERA_001,VEICULO_TESTE_01,2498.3,76.7,111.3,44.1,22.7,34.4,53.3,9.16,12.99,81.65,CONDICAO_SEVERA_SIMULADA,SIMULADO
2026-09-16 15:53:22,TEST_SEVERA_001,VEICULO_TESTE_01,2406.5,75.4,112.9,39.8,21.3,35.5,46.6,9.54,12.91,81.65,CONDICAO_SEVERA_SIMULADA,SIMULADO
2026-09-16 15:53:23,TEST_SEVERA_001,VEICULO_TESTE_01,2493.4,74.0,112.4,46.7,20.3,36.4,48.2,10.48,13.1,81.65,CONDICAO_SEVERA_SIMULADA,SIMULADO
2026-09-16 15:53:24,TEST_SEVERA_001,VEICULO_TESTE_01,2411.0,72.6,111.4,39.0,21.0,36.4,46.3,9.18,13.01,81.65,CONDICAO_SEVERA_SIMULADA,SIMULADO
2026-09-16 15:53:25,TEST_SEVERA_001,VEICULO_TESTE_01,2533.2,71.3,113.5,48.1,19.7,37.0,47.6,10.01,12.95,81.64,CONDICAO_SEVERA_SIMULADA,SIMULADO
2026-09-16 15:53:26,TEST_SEVERA_001,VEICULO_TESTE_01,2529.9,69.9,113.0,45.0,19.1,35.5,46.2,9.1,12.9,81.64,CONDICAO_SEVERA_SIMULADA,SIMULADO
2026-09-16 15:53:27,TEST_SEVERA_001,VEICULO_TESTE_01,2625.7,68.7,113.3,40.6,23.4,35.9,47.2,9.58,13.02,81.64,CONDICAO_SEVERA_SIMULADA,SIMULADO
2026-09-16 15:53:28,TEST_SEVERA_001,VEICULO_TESTE_01,2607.3,67.6,113.0,42.5,21.6,36.5,45.9,8.69,13.02,81.64,CONDICAO_SEVERA_SIMULADA,SIMULADO
2026-09-16 15:53:29,TEST_SEVERA_001,VEICULO_TESTE_01,2653.8,66.7,111.7,38.6,18.9,37.2,45.1,9.32,13.02,81.64,CONDICAO_SEVERA_SIMULADA,SIMULADO
2026-09-16 15:53:30,TEST_SEVERA_001,VEICULO_TESTE_01,2538.9,65.7,113.6,44.2,19.9,35.1,45.1,9.34,12.96,81.64,CONDICAO_SEVERA_SIMULADA,SIMULADO
2026-09-16 15:53:31,TEST_SEVERA_001,VEICULO_TESTE_01,2613.5,64.7,112.9,43.5,20.4,38.7,45.2,9.33,13.0,81.63,CONDICAO_SEVERA_SIMULADA,SIMULADO
2026-09-16 15:53:32,TEST_SEVERA_001,VEICULO_TESTE_01,2612.2,63.7,114.0,44.8,23.2,37.3,50.5,9.8,12.95,81.63,CONDICAO_SEVERA_SIMULADA,SIMULADO
2026-09-16 15:53:33,TEST_SEVERA_001,VEICULO_TESTE_01,2344.9,62.4,113.4,41.3,19.8,36.7,45.8,8.07,12.96,81.63,CONDICAO_SEVERA_SIMULADA,SIMULADO
2026-09-16 15:53:34,TEST_SEVERA_001,VEICULO_TESTE_01,2447.8,61.2,113.6,40.7,19.9,37.1,46.2,8.5,12.86,81.63,CONDICAO_SEVERA_SIMULADA,SIMULADO
2026-09-16 15:53:35,TEST_SEVERA_001,VEICULO_TESTE_01,2492.0,59.9,112.1,44.7,20.2,36.6,48.1,9.75,12.8,81.63,CONDICAO_SEVERA_SIMULADA,SIMULADO
2026-09-16 15:53:36,TEST_SEVERA_001,VEICULO_TESTE_01,2273.0,58.8,113.1,46.1,22.4,36.5,47.6,8.46,12.79,81.63,CONDICAO_SEVERA_SIMULADA,SIMULADO
2026-09-16 15:53:37,TEST_SEVERA_001,VEICULO_TESTE_01,2120.5,57.8,112.4,46.5,20.8,36.5,46.2,9.05,12.89,81.63,CONDICAO_SEVERA_SIMULADA,SIMULADO
2026-09-16 15:53:38,TEST_SEVERA_001,VEICULO_TESTE_01,2126.0,57.0,113.1,37.3,18.4,38.3,45.4,8.15,12.86,81.62,CONDICAO_SEVERA_SIMULADA,SIMULADO
2026-09-16 15:53:39,TEST_SEVERA_001,VEICULO_TESTE_01,1975.3,56.1,113.9,45.0,19.3,36.8,48.0,8.43,12.99,81.62,CONDICAO_SEVERA_SIMULADA,SIMULADO
2026-09-16 15:53:40,TEST_SEVERA_001,VEICULO_TESTE_01,1817.0,55.3,113.7,45.5,17.9,36.3,49.0,8.19,12.85,81.62,CONDICAO_SEVERA_SIMULADA,SIMULADO
2026-09-16 15:53:41,TEST_SEVERA_001,VEICULO_TESTE_01,1902.3,54.4,114.4,39.6,14.4,36.0,42.9,7.96,12.91,81.62,CONDICAO_SEVERA_SIMULADA,SIMULADO
2026-09-16 15:53:42,TEST_SEVERA_001,VEICULO_TESTE_01,1870.5,53.4,113.1,38.0,18.9,36.8,47.9,8.13,12.93,81.62,CONDICAO_SEVERA_SIMULADA,SIMULADO
2026-09-16 15:53:43,TEST_SEVERA_001,VEICULO_TESTE_01,2004.4,52.3,113.4,42.2,21.3,38.4,48.9,8.23,12.92,81.62,CONDICAO_SEVERA_SIMULADA,SIMULADO
2026-09-16 15:53:44,TEST_SEVERA_001,VEICULO_TESTE_01,2062.6,51.2,114.6,45.8,16.2,37.0,46.3,8.79,12.89,81.62,CONDICAO_SEVERA_SIMULADA,SIMULADO
2026-09-16 15:53:45,TEST_SEVERA_001,VEICULO_TESTE_01,2028.4,50.0,113.5,42.0,19.0,38.2,46.2,8.43,12.9,81.61,CONDICAO_SEVERA_SIMULADA,SIMULADO
2026-09-16 15:53:46,TEST_SEVERA_001,VEICULO_TESTE_01,1936.1,48.8,114.8,40.3,14.9,36.5,42.6,7.79,12.88,81.61,CONDICAO_SEVERA_SIMULADA,SIMULADO
2026-09-16 15:53:47,TEST_SEVERA_001,VEICULO_TESTE_01,2083.1,47.4,114.8,46.4,19.1,38.4,44.8,8.45,12.8,81.61,CONDICAO_SEVERA_SIMULADA,SIMULADO
2026-09-16 15:53:48,TEST_SEVERA_001,VEICULO_TESTE_01,2043.3,46.0,114.5,46.0,17.4,37.4,44.4,8.3,13.0,81.61,CONDICAO_SEVERA_SIMULADA,SIMULADO
2026-09-16 15:53:49,TEST_SEVERA_001,VEICULO_TESTE_01,2125.0,44.6,115.0,39.4,15.6,36.3,46.1,8.39,12.98,81.61,CONDICAO_SEVERA_SIMULADA,SIMULADO
2026-09-16 15:53:50,TEST_SEVERA_001,VEICULO_TESTE_01,2020.7,43.3,114.5,38.1,16.8,37.5,43.5,7.64,12.64,81.61,CONDICAO_SEVERA_SIMULADA,SIMULADO
2026-09-16 15:53:51,TEST_SEVERA_001,VEICULO_TESTE_01,2168.2,42.1,114.2,35.1,16.1,37.5,44.3,7.79,12.84,81.61,CONDICAO_SEVERA_SIMULADA,SIMULADO
2026-09-16 15:53:52,TEST_SEVERA_001,VEICULO_TESTE_01,1903.4,41.1,114.8,45.9,16.4,37.1,40.4,7.34,12.94,81.6,CONDICAO_SEVERA_SIMULADA,SIMULADO
2026-09-16 15:53:53,TEST_SEVERA_001,VEICULO_TESTE_01,1931.2,40.2,115.7,34.6,15.1,37.8,40.3,6.65,12.76,81.6,CONDICAO_SEVERA_SIMULADA,SIMULADO
2026-09-16 15:53:54,TEST_SEVERA_001,VEICULO_TESTE_01,1881.1,39.3,115.3,40.5,17.7,38.3,42.3,7.08,12.79,81.6,CONDICAO_SEVERA_SIMULADA,SIMULADO
2026-09-16 15:53:55,TEST_SEVERA_001,VEICULO_TESTE_01,1921.3,38.2,114.8,42.4,14.7,40.0,42.4,7.28,12.89,81.6,CONDICAO_SEVERA_SIMULADA,SIMULADO
2026-09-16 15:53:56,TEST_SEVERA_001,VEICULO_TESTE_01,1763.4,36.9,114.3,45.7,19.0,37.0,51.0,7.67,12.75,81.6,CONDICAO_SEVERA_SIMULADA,SIMULADO
2026-09-16 15:53:57,TEST_SEVERA_001,VEICULO_TESTE_01,1605.9,35.5,115.3,39.0,14.7,37.9,42.7,6.16,12.87,81.6,CONDICAO_SEVERA_SIMULADA,SIMULADO
2026-09-16 15:53:58,TEST_SEVERA_001,VEICULO_TESTE_01,1455.9,34.0,115.1,38.1,14.4,36.7,41.0,7.28,12.97,81.6,CONDICAO_SEVERA_SIMULADA,SIMULADO
2026-09-16 15:53:59,TEST_SEVERA_001,VEICULO_TESTE_01,1393.1,32.4,114.9,38.5,15.6,35.8,39.6,6.32,12.77,81.59,CONDICAO_SEVERA_SIMULADA,SIMULADO
2026-09-16 15:54:00,TEST_SEVERA_001,VEICULO_TESTE_01,1428.4,30.9,115.5,38.9,13.4,38.0,40.7,7.21,12.82,81.59,CONDICAO_SEVERA_SIMULADA,SIMULADO
2026-09-16 15:54:01,TEST_SEVERA_001,VEICULO_TESTE_01,1419.5,29.5,114.5,37.6,14.6,37.7,41.9,7.15,12.72,81.59,CONDICAO_SEVERA_SIMULADA,SIMULADO
2026-09-16 15:54:02,TEST_SEVERA_001,VEICULO_TESTE_01,1351.4,28.2,115.7,40.4,14.8,38.3,44.9,7.27,12.75,81.59,CONDICAO_SEVERA_SIMULADA,SIMULADO
2026-09-16 15:54:03,TEST_SEVERA_001,VEICULO_TESTE_01,1382.4,26.9,115.1,37.9,15.5,36.5,43.5,6.69,12.78,81.59,CONDICAO_SEVERA_SIMULADA,SIMULADO
2026-09-16 15:54:04,TEST_SEVERA_001,VEICULO_TESTE_01,1315.9,25.7,114.3,35.8,12.3,37.3,38.3,6.39,12.85,81.59,CONDICAO_SEVERA_SIMULADA,SIMULADO
2026-09-16 15:54:05,TEST_SEVERA_001,VEICULO_TESTE_01,1310.8,24.5,115.4,37.1,13.7,36.5,41.7,6.88,12.95,81.59,CONDICAO_SEVERA_SIMULADA,SIMULADO
2026-09-16 15:54:06,TEST_SEVERA_001,VEICULO_TESTE_01,1235.8,23.3,115.2,35.8,11.3,37.3,42.1,5.43,12.83,81.59,CONDICAO_SEVERA_SIMULADA,SIMULADO
2026-09-16 15:54:07,TEST_SEVERA_001,VEICULO_TESTE_01,1515.6,22.4,115.8,39.7,15.3,37.3,44.1,6.25,12.71,81.58,CONDICAO_SEVERA_SIMULADA,SIMULADO
2026-09-16 15:54:08,TEST_SEVERA_001,VEICULO_TESTE_01,1320.3,21.3,115.5,35.7,11.1,36.9,40.1,5.35,12.78,81.58,CONDICAO_SEVERA_SIMULADA,SIMULADO
2026-09-16 15:54:09,TEST_SEVERA_001,VEICULO_TESTE_01,1454.3,20.4,115.3,38.3,13.5,38.0,40.9,5.86,12.87,81.58,CONDICAO_SEVERA_SIMULADA,SIMULADO
2026-09-16 15:54:10,TEST_SEVERA_001,VEICULO_TESTE_01,1501.2,19.4,114.8,41.4,11.4,38.6,41.3,6.07,12.9,81.58,CONDICAO_SEVERA_SIMULADA,SIMULADO
2026-09-16 15:54:11,TEST_SEVERA_001,VEICULO_TESTE_01,1427.9,18.3,116.4,44.3,11.9,38.0,37.2,6.95,12.69,81.58,CONDICAO_SEVERA_SIMULADA,SIMULADO
2026-09-16 15:54:12,TEST_SEVERA_001,VEICULO_TESTE_01,1365.5,17.1,116.3,38.5,13.6,38.5,41.4,6.01,12.73,81.58,CONDICAO_SEVERA_SIMULADA,SIMULADO
2026-09-16 15:54:13,TEST_SEVERA_001,VEICULO_TESTE_01,1445.1,15.9,115.9,36.5,14.7,38.4,40.2,6.3,12.8,81.58,CONDICAO_SEVERA_SIMULADA,SIMULADO
2026-09-16 15:54:14,TEST_SEVERA_001,VEICULO_TESTE_01,1372.2,14.6,116.9,42.7,11.4,37.0,40.0,5.88,12.54,81.58,CONDICAO_SEVERA_SIMULADA,SIMULADO
2026-09-16 15:54:15,TEST_SEVERA_001,VEICULO_TESTE_01,1181.5,13.3,116.2,41.0,11.1,38.5,39.7,6.17,12.85,81.57,CONDICAO_SEVERA_SIMULADA,SIMULADO
2026-09-16 15:54:16,TEST_SEVERA_001,VEICULO_TESTE_01,1093.6,12.0,117.1,43.3,13.2,37.4,42.4,5.72,12.69,81.57,CONDICAO_SEVERA_SIMULADA,SIMULADO
2026-09-16 15:54:17,TEST_SEVERA_001,VEICULO_TESTE_01,1114.9,10.8,117.1,39.6,13.4,39.8,43.7,5.43,12.92,81.57,CONDICAO_SEVERA_SIMULADA,SIMULADO
2026-09-16 15:54:18,TEST_SEVERA_001,VEICULO_TESTE_01,950.1,9.5,117.5,34.5,10.6,38.3,38.0,5.26,12.74,81.57,CONDICAO_SEVERA_SIMULADA,SIMULADO
2026-09-16 15:54:19,TEST_SEVERA_001,VEICULO_TESTE_01,829.9,8.8,116.8,34.5,9.3,37.8,33.4,4.44,12.8,81.57,CONDICAO_SEVERA_SIMULADA,SIMULADO
2026-09-16 15:54:20,TEST_SEVERA_001,VEICULO_TESTE_01,973.1,8.7,117.5,38.9,9.8,37.3,36.1,5.31,12.85,81.57,CONDICAO_SEVERA_SIMULADA,SIMULADO
2026-09-16 15:54:21,TEST_SEVERA_001,VEICULO_TESTE_01,979.9,8.9,118.2,48.2,16.6,39.0,47.8,6.65,12.82,81.57,CONDICAO_SEVERA_SIMULADA,SIMULADO
2026-09-16 15:54:22,TEST_SEVERA_001,VEICULO_TESTE_01,996.4,9.4,117.1,48.9,17.8,39.0,47.8,6.47,12.74,81.57,CONDICAO_SEVERA_SIMULADA,SIMULADO
2026-09-16 15:54:23,TEST_SEVERA_001,VEICULO_TESTE_01,1031.3,10.4,116.6,51.3,18.8,38.2,52.0,6.69,12.87,81.57,CONDICAO_SEVERA_SIMULADA,SIMULADO
2026-09-16 15:54:24,TEST_SEVERA_001,VEICULO_TESTE_01,1088.1,11.3,117.2,50.5,17.8,37.7,46.9,6.61,12.73,81.56,CONDICAO_SEVERA_SIMULADA,SIMULADO
2026-09-16 15:54:25,TEST_SEVERA_001,VEICULO_TESTE_01,1055.3,11.7,116.2,46.0,18.8,37.5,46.8,5.56,12.76,81.56,CONDICAO_SEVERA_SIMULADA,SIMULADO
2026-09-16 15:54:26,TEST_SEVERA_001,VEICULO_TESTE_01,1068.1,12.2,116.2,44.7,18.0,38.3,41.2,6.4,12.61,81.56,CONDICAO_SEVERA_SIMULADA,SIMULADO
