session_id,indice_inicio,indice_final,reconstruction_error,acima_threshold
DEV_NORMAL_003,0,29,0.22256716,False
DEV_NORMAL_003,1,30,0.216929,False
DEV_NORMAL_003,2,31,0.23020798,False
DEV_NORMAL_003,3,32,0.23284121,False
DEV_NORMAL_003,4,33,0.23242947,False
DEV_NORMAL_003,5,34,0.23378994,False
DEV_NORMAL_003,6,35,0.23644552,False
DEV_NORMAL_003,7,36,0.22891875,False
DEV_NORMAL_003,8,37,0.22862451,False
DEV_NORMAL_003,9,38,0.23547961,False
DEV_NORMAL_003,10,39,0.22591175,False
DEV_NORMAL_003,11,40,0.23249987,False
DEV_NORMAL_003,12,41,0.23993415,False
DEV_NORMAL_003,13,42,0.224732,False
DEV_NORMAL_003,14,43,0.21625783,False
DEV_NORMAL_003,15,44,0.20222254,False
DEV_NORMAL_003,16,45,0.19167203,False
DEV_NORMAL_003,17,46,0.20547302,False
DEV_NORMAL_003,18,47,0.20846017,False
DEV_NORMAL_003,19,48,0.21365538,False
DEV_NORMAL_003,20,49,0.2012168,False
DEV_NORMAL_003,21,50,0.19051024,False
DEV_NORMAL_003,22,51,0.1987715,False
DEV_NORMAL_003,23,52,0.20661132,False
DEV_NORMAL_003,24,53,0.21612453,False
DEV_NORMAL_003,25,54,0.20120642,False
DEV_NORMAL_003,26,55,0.19298531,False
DEV_NORMAL_003,27,56,0.19098371,False
DEV_NORMAL_003,28,57,0.19392928,False
DEV_NORMAL_003,29,58,0.19072285,False
DEV_NORMAL_003,30,59,0.19444638,False
DEV_NORMAL_003,31,60,0.18309307,False
DEV_NORMAL_003,32,61,0.18099442,False
DEV_NORMAL_003,33,62,0.17914867,False
DEV_NORMAL_003,34,63,0.16828884,False
DEV_NORMAL_003,35,64,0.17899774,False
DEV_NORMAL_003,36,65,0.18168138,False
DEV_NORMAL_003,37,66,0.18840364,False
DEV_NORMAL_003,38,67,0.19158714,False
DEV_NORMAL_003,39,68,0.18562303,False
DEV_NORMAL_003,40,69,0.19749098,False
DEV_NORMAL_003,41,70,0.21267515,False
DEV_NORMAL_003,42,71,0.2366753,False
DEV_NORMAL_003,43,72,0.25122994,False
DEV_NORMAL_003,44,73,0.25430244,False
DEV_NORMAL_003,45,74,0.23796211,False
DEV_NORMAL_003,46,75,0.24879804,False
DEV_NORMAL_003,47,76,0.24649897,False
DEV_NORMAL_003,48,77,0.2580472,False
DEV_NORMAL_003,49,78,0.24944629,False
DEV_NORMAL_003,50,79,0.25422177,False
DEV_NORMAL_003,51,80,0.26808748,False
DEV_NORMAL_003,52,81,0.25681436,False
DEV_NORMAL_003,53,82,0.26486742,False
DEV_NORMAL_003,54,83,0.25636914,False
DEV_NORMAL_003,55,84,0.2536343,False
DEV_NORMAL_003,56,85,0.2589877,False
DEV_NORMAL_003,57,86,0.25461665,False
DEV_NORMAL_003,58,87,0.2641739,False
DEV_NORMAL_003,59,88,0.2697302,False
DEV_NORMAL_003,60,89,0.2635563,False
DEV_NORMAL_003,61,90,0.26168334,False
DEV_NORMAL_003,62,91,0.2605753,False
DEV_NORMAL_003,63,92,0.25391653,False
DEV_NORMAL_003,64,93,0.23070043,False
DEV_NORMAL_003,65,94,0.23014839,False
DEV_NORMAL_003,66,95,0.2027104,False
DEV_NORMAL_003,67,96,0.21335922,False
DEV_NORMAL_003,68,97,0.20678023,False
DEV_NORMAL_003,69,98,0.2296153,False
DEV_NORMAL_003,70,99,0.20904133,False
DEV_NORMAL_003,71,100,0.20014626,False
DEV_NORMAL_003,72,101,0.19804929,False
DEV_NORMAL_003,73,102,0.21346124,False
DEV_NORMAL_003,74,103,0.21957451,False
DEV_NORMAL_003,75,104,0.21204084,False
DEV_NORMAL_003,76,105,0.20105435,False
DEV_NORMAL_003,77,106,0.22455613,False
DEV_NORMAL_003,78,107,0.21760869,False
DEV_NORMAL_003,79,108,0.2404504,False
DEV_NORMAL_003,80,109,0.2431643,False
DEV_NORMAL_003,81,110,0.2408096,False
DEV_NORMAL_003,82,111,0.2182045,False
DEV_NORMAL_003,83,112,0.2088135,False
DEV_NORMAL_003,84,113,0.2329541,False
DEV_NORMAL_003,85,114,0.21015911,False
DEV_NORMAL_003,86,115,0.20773837,False
DEV_NORMAL_003,87,116,0.21091598,False
DEV_NORMAL_003,88,117,0.21770744,False
DEV_NORMAL_003,89,118,0.22307141,False
DEV_NORMAL_003,90,119,0.23146108,False
DEV_NORMAL_003,91,120,0.265896,False
DEV_NORMAL_003,92,121,0.25550902,False
DEV_NORMAL_003,93,122,0.26014867,False
DEV_NORMAL_003,94,123,0.27688047,False
DEV_NORMAL_003,95,124,0.2832908,False
DEV_NORMAL_003,96,125,0.29079348,False
DEV_NORMAL_003,97,126,0.28768685,False
DEV_NORMAL_003,98,127,0.30640444,True
DEV_NORMAL_003,99,128,0.2947648,True
DEV_NORMAL_003,100,129,0.30005917,True
DEV_NORMAL_003,101,130,0.28720376,False
DEV_NORMAL_003,102,131,0.28085643,False
DEV_NORMAL_003,103,132,0.2835059,False
DEV_NORMAL_003,104,133,0.26728922,False
DEV_NORMAL_003,105,134,0.2617165,False
DEV_NORMAL_003,106,135,0.26071134,False
DEV_NORMAL_003,107,136,0.25974196,False
DEV_NORMAL_003,108,137,0.25660747,False
DEV_NORMAL_003,109,138,0.25969508,False
DEV_NORMAL_003,110,139,0.27517548,False
DEV_NORMAL_003,111,140,0.27064565,False
DEV_NORMAL_003,112,141,0.28681952,False
DEV_NORMAL_003,113,142,0.29036883,False
DEV_NORMAL_003,114,143,0.28950596,False
DEV_NORMAL_003,115,144,0.28202724,False
DEV_NORMAL_003,116,145,0.28088838,False
DEV_NORMAL_003,117,146,0.2604294,False
DEV_NORMAL_003,118,147,0.2525295,False
DEV_NORMAL_003,119,148,0.25446066,False
DEV_NORMAL_003,120,149,0.22351629,False
DEV_NORMAL_003,121,150,0.22624104,False
DEV_NORMAL_003,122,151,0.22388321,False
DEV_NORMAL_003,123,152,0.21178105,False
DEV_NORMAL_003,124,153,0.20530333,False
DEV_NORMAL_003,125,154,0.18655702,False
DEV_NORMAL_003,126,155,0.19564527,False
DEV_NORMAL_003,127,156,0.18745843,False
DEV_NORMAL_003,128,157,0.185744,False
DEV_NORMAL_003,129,158,0.18413442,False
DEV_NORMAL_003,130,159,0.17647943,False
DEV_NORMAL_003,131,160,0.17034249,False
DEV_NORMAL_003,132,161,0.17405027,False
DEV_NORMAL_003,133,162,0.17438737,False
DEV_NORMAL_003,134,163,0.16552405,False
DEV_NORMAL_003,135,164,0.17874724,False
DEV_NORMAL_003,136,165,0.16119416,False
DEV_NORMAL_003,137,166,0.15971358,False
DEV_NORMAL_003,138,167,0.16432403,False
DEV_NORMAL_003,139,168,0.1649435,False
DEV_NORMAL_003,140,169,0.1599692,False
DEV_NORMAL_003,141,170,0.15869574,False
DEV_NORMAL_003,142,171,0.16916934,False
DEV_NORMAL_003,143,172,0.17872508,False
DEV_NORMAL_003,144,173,0.19796477,False
DEV_NORMAL_003,145,174,0.19731164,False
DEV_NORMAL_003,146,175,0.19889542,False
DEV_NORMAL_003,147,176,0.20730901,False
DEV_NORMAL_003,148,177,0.20523754,False
DEV_NORMAL_003,149,178,0.21368845,False
DEV_NORMAL_003,150,179,0.22481357,False
DEV_NORMAL_003,151,180,0.22785717,False
DEV_NORMAL_003,152,181,0.24191052,False
DEV_NORMAL_003,153,182,0.23443866,False
DEV_NORMAL_003,154,183,0.23907724,False
DEV_NORMAL_003,155,184,0.22502784,False
DEV_NORMAL_003,156,185,0.2314687,False
DEV_NORMAL_003,157,186,0.22407547,False
DEV_NORMAL_003,158,187,0.23033775,False
DEV_NORMAL_003,159,188,0.22282931,False
DEV_NORMAL_003,160,189,0.2398461,False
DEV_NORMAL_003,161,190,0.25420853,False
DEV_NORMAL_003,162,191,0.25314212,False
DEV_NORMAL_003,163,192,0.2327707,False
DEV_NORMAL_003,164,193,0.23492032,False
DEV_NORMAL_003,165,194,0.24038365,False
DEV_NORMAL_003,166,195,0.24997632,False
DEV_NORMAL_003,167,196,0.2389689,False
DEV_NORMAL_003,168,197,0.23767331,False
DEV_NORMAL_003,169,198,0.24212018,False
DEV_NORMAL_003,170,199,0.23560582,False
DEV_NORMAL_003,171,200,0.21775803,False
DEV_NORMAL_003,172,201,0.23242553,False
DEV_NORMAL_003,173,202,0.20924014,False
DEV_NORMAL_003,174,203,0.20424725,False
DEV_NORMAL_003,175,204,0.21069552,False
DEV_NORMAL_003,176,205,0.20515686,False
DEV_NORMAL_003,177,206,0.19095789,False
DEV_NORMAL_003,178,207,0.19664483,False
DEV_NORMAL_003,179,208,0.20595135,False
DEV_NORMAL_003,180,209,0.21226862,False
DEV_NORMAL_003,181,210,0.22734772,False
DEV_NORMAL_003,182,211,0.23089603,False
DEV_NORMAL_003,183,212,0.22872184,False
DEV_NORMAL_003,184,213,0.24451418,False
DEV_NORMAL_003,185,214,0.23196357,False
DEV_NORMAL_003,186,215,0.21570171,False
DEV_NORMAL_003,187,216,0.21302652,False
DEV_NORMAL_003,188,217,0.21287899,False
DEV_NORMAL_003,189,218,0.2189066,False
DEV_NORMAL_003,190,219,0.21717362,False
DEV_NORMAL_003,191,220,0.22372805,False
DEV_NORMAL_003,192,221,0.22710423,False
DEV_NORMAL_003,193,222,0.22645836,False
DEV_NORMAL_003,194,223,0.2197747,False
DEV_NORMAL_003,195,224,0.2246101,False
DEV_NORMAL_003,196,225,0.19864856,False
DEV_NORMAL_003,197,226,0.20343776,False
DEV_NORMAL_003,198,227,0.19587936,False
DEV_NORMAL_003,199,228,0.18738991,False
DEV_NORMAL_003,200,229,0.18397252,False
DEV_NORMAL_003,201,230,0.21563286,False
DEV_NORMAL_003,202,231,0.23111545,False
DEV_NORMAL_003,203,232,0.23890108,False
DEV_NORMAL_003,204,233,0.21942542,False
DEV_NORMAL_003,205,234,0.22862431,False
DEV_NORMAL_003,206,235,0.22444384,False
DEV_NORMAL_003,207,236,0.22159229,False
DEV_NORMAL_003,208,237,0.22660343,False
DEV_NORMAL_003,209,238,0.21889938,False
DEV_NORMAL_003,210,239,0.19659023,False
DEV_NORMAL_003,211,240,0.19894129,False
DEV_NORMAL_003,212,241,0.2188777,False
DEV_NORMAL_003,213,242,0.20417996,False
DEV_NORMAL_003,214,243,0.20591666,False
DEV_NORMAL_003,215,244,0.22208841,False
DEV_NORMAL_003,216,245,0.22475816,False
DEV_NORMAL_003,217,246,0.22160767,False
DEV_NORMAL_003,218,247,0.22995797,False
DEV_NORMAL_003,219,248,0.2344026,False
DEV_NORMAL_003,220,249,0.22740313,False
DEV_NORMAL_003,221,250,0.22256263,False
DEV_NORMAL_003,222,251,0.22347242,False
DEV_NORMAL_003,223,252,0.20857522,False
DEV_NORMAL_003,224,253,0.21125917,False
DEV_NORMAL_003,225,254,0.20943826,False
DEV_NORMAL_003,226,255,0.21438237,False
DEV_NORMAL_003,227,256,0.21607094,False
DEV_NORMAL_003,228,257,0.21030906,False
DEV_NORMAL_003,229,258,0.2073946,False
DEV_NORMAL_003,230,259,0.20592387,False
DEV_NORMAL_003,231,260,0.21530482,False
DEV_NORMAL_003,232,261,0.19990212,False
DEV_NORMAL_003,233,262,0.20021278,False
DEV_NORMAL_003,234,263,0.19202806,False
DEV_NORMAL_003,235,264,0.19263826,False
DEV_NORMAL_003,236,265,0.2090341,False
DEV_NORMAL_003,237,266,0.20888367,False
DEV_NORMAL_003,238,267,0.21946745,False
DEV_NORMAL_003,239,268,0.2095887,False
DEV_NORMAL_003,240,269,0.2007149,False
DEV_NORMAL_003,241,270,0.19361992,False
DEV_NORMAL_003,242,271,0.1938378,False
DEV_NORMAL_003,243,272,0.20235564,False
DEV_NORMAL_003,244,273,0.23311907,False
DEV_NORMAL_003,245,274,0.23403008,False
DEV_NORMAL_003,246,275,0.22904451,False
DEV_NORMAL_003,247,276,0.23577115,False
DEV_NORMAL_003,248,277,0.23641948,False
DEV_NORMAL_003,249,278,0.24128097,False
DEV_NORMAL_003,250,279,0.25923643,False
DEV_NORMAL_003,251,280,0.26624224,False
DEV_NORMAL_003,252,281,0.27683696,False
DEV_NORMAL_003,253,282,0.2871689,False
DEV_NORMAL_003,254,283,0.2854341,False
DEV_NORMAL_003,255,284,0.29218116,True
DEV_NORMAL_003,256,285,0.28505543,False
DEV_NORMAL_003,257,286,0.28791147,False
DEV_NORMAL_003,258,287,0.2910046,False
DEV_NORMAL_003,259,288,0.28651682,False
DEV_NORMAL_003,260,289,0.26476577,False
DEV_NORMAL_003,261,290,0.26849362,False
DEV_NORMAL_003,262,291,0.26927584,False
DEV_NORMAL_003,263,292,0.27168053,False
DEV_NORMAL_003,264,293,0.2682681,False
DEV_NORMAL_003,265,294,0.25128156,False
DEV_NORMAL_003,266,295,0.24369724,False
DEV_NORMAL_003,267,296,0.24160592,False
DEV_NORMAL_003,268,297,0.24032778,False
DEV_NORMAL_003,269,298,0.26872504,False
DEV_NORMAL_003,270,299,0.27430928,False
DEV_NORMAL_003,271,300,0.24777645,False
DEV_NORMAL_003,272,301,0.23456737,False
DEV_NORMAL_003,273,302,0.19109526,False
DEV_NORMAL_003,274,303,0.22438075,False
DEV_NORMAL_003,275,304,0.22812623,False
DEV_NORMAL_003,276,305,0.21986505,False
DEV_NORMAL_003,277,306,0.21786101,False
DEV_NORMAL_003,278,307,0.2168819,False
DEV_NORMAL_003,279,308,0.20100877,False
DEV_NORMAL_003,280,309,0.20725374,False
DEV_NORMAL_003,281,310,0.20478871,False
DEV_NORMAL_003,282,311,0.19141026,False
DEV_NORMAL_003,283,312,0.18768655,False
DEV_NORMAL_003,284,313,0.18954596,False
DEV_NORMAL_003,285,314,0.1790116,False
DEV_NORMAL_003,286,315,0.19201303,False
DEV_NORMAL_003,287,316,0.19151045,False
DEV_NORMAL_003,288,317,0.19425339,False
DEV_NORMAL_003,289,318,0.1928387,False
DEV_NORMAL_003,290,319,0.19581561,False
DEV_NORMAL_003,291,320,0.18696661,False
DEV_NORMAL_003,292,321,0.21232739,False
DEV_NORMAL_003,293,322,0.23134644,False
DEV_NORMAL_003,294,323,0.22970136,False
DEV_NORMAL_003,295,324,0.22417463,False
DEV_NORMAL_003,296,325,0.22689381,False
DEV_NORMAL_003,297,326,0.23592295,False
DEV_NORMAL_003,298,327,0.21458752,False
DEV_NORMAL_003,299,328,0.21641117,False
DEV_NORMAL_003,300,329,0.22635584,False
DEV_NORMAL_003,301,330,0.22734194,False
DEV_NORMAL_003,302,331,0.23017552,False
DEV_NORMAL_003,303,332,0.21790686,False
DEV_NORMAL_003,304,333,0.19795045,False
DEV_NORMAL_003,305,334,0.19770263,False
DEV_NORMAL_003,306,335,0.21003868,False
DEV_NORMAL_003,307,336,0.21301202,False
DEV_NORMAL_003,308,337,0.2111015,False
DEV_NORMAL_003,309,338,0.20751676,False
DEV_NORMAL_003,310,339,0.20393682,False
DEV_NORMAL_003,311,340,0.20491701,False
DEV_NORMAL_003,312,341,0.2235403,False
DEV_NORMAL_003,313,342,0.2312823,False
DEV_NORMAL_003,314,343,0.22867012,False
DEV_NORMAL_003,315,344,0.2288225,False
DEV_NORMAL_003,316,345,0.25588816,False
DEV_NORMAL_003,317,346,0.26209068,False
DEV_NORMAL_003,318,347,0.2577398,False
DEV_NORMAL_003,319,348,0.24959491,False
DEV_NORMAL_003,320,349,0.25014278,False
DEV_NORMAL_003,321,350,0.22809486,False
DEV_NORMAL_003,322,351,0.22159551,False
DEV_NORMAL_003,323,352,0.2337561,False
DEV_NORMAL_003,324,353,0.2084529,False
DEV_NORMAL_003,325,354,0.23369916,False
DEV_NORMAL_003,326,355,0.22131863,False
DEV_NORMAL_003,327,356,0.23086739,False
DEV_NORMAL_003,328,357,0.221468,False
DEV_NORMAL_003,329,358,0.22200091,False
DEV_NORMAL_003,330,359,0.22410801,False
DEV_NORMAL_003,331,360,0.2292927,False
DEV_NORMAL_003,332,361,0.22117466,False
DEV_NORMAL_003,333,362,0.21676305,False
DEV_NORMAL_003,334,363,0.24739577,False
DEV_NORMAL_003,335,364,0.24541682,False
DEV_NORMAL_003,336,365,0.25258648,False
DEV_NORMAL_003,337,366,0.24736688,False
DEV_NORMAL_003,338,367,0.25736177,False
DEV_NORMAL_003,339,368,0.25128815,False
DEV_NORMAL_003,340,369,0.23173437,False
DEV_NORMAL_003,341,370,0.22799256,False
DEV_NORMAL_003,342,371,0.22245236,False
DEV_NORMAL_003,343,372,0.21534233,False
DEV_NORMAL_003,344,373,0.20151141,False
DEV_NORMAL_003,345,374,0.18803313,False
DEV_NORMAL_003,346,375,0.19558842,False
DEV_NORMAL_003,347,376,0.19660483,False
DEV_NORMAL_003,348,377,0.20605251,False
DEV_NORMAL_003,349,378,0.21362989,False
DEV_NORMAL_003,350,379,0.21236159,False
DEV_NORMAL_003,351,380,0.21536033,False
DEV_NORMAL_003,352,381,0.21340246,False
DEV_NORMAL_003,353,382,0.20713067,False
DEV_NORMAL_003,354,383,0.20087725,False
DEV_NORMAL_003,355,384,0.18264055,False
DEV_NORMAL_003,356,385,0.19168898,False
DEV_NORMAL_003,357,386,0.20662537,False
DEV_NORMAL_003,358,387,0.20370556,False
DEV_NORMAL_003,359,388,0.19805282,False
DEV_NORMAL_003,360,389,0.1971113,False
DEV_NORMAL_003,361,390,0.20892102,False
DEV_NORMAL_003,362,391,0.18429483,False
DEV_NORMAL_003,363,392,0.1754294,False
DEV_NORMAL_003,364,393,0.18024775,False
DEV_NORMAL_003,365,394,0.17566583,False
DEV_NORMAL_003,366,395,0.17307469,False
DEV_NORMAL_003,367,396,0.17938228,False
DEV_NORMAL_003,368,397,0.1782059,False
DEV_NORMAL_003,369,398,0.17944005,False
DEV_NORMAL_003,370,399,0.16900064,False
DEV_NORMAL_003,371,400,0.17048575,False
DEV_NORMAL_003,372,401,0.17538062,False
DEV_NORMAL_003,373,402,0.1684701,False
DEV_NORMAL_003,374,403,0.17318258,False
DEV_NORMAL_003,375,404,0.16749258,False
DEV_NORMAL_003,376,405,0.1485122,False
DEV_NORMAL_003,377,406,0.15011492,False
DEV_NORMAL_003,378,407,0.15149821,False
DEV_NORMAL_003,379,408,0.16126779,False
DEV_NORMAL_003,380,409,0.15645796,False
DEV_NORMAL_003,381,410,0.1621611,False
DEV_NORMAL_003,382,411,0.17415397,False
DEV_NORMAL_003,383,412,0.18534938,False
DEV_NORMAL_003,384,413,0.1897481,False
DEV_NORMAL_003,385,414,0.19383174,False
DEV_NORMAL_003,386,415,0.1872231,False
DEV_NORMAL_003,387,416,0.19614369,False
DEV_NORMAL_003,388,417,0.20012917,False
DEV_NORMAL_003,389,418,0.18481033,False
DEV_NORMAL_003,390,419,0.18514095,False
DEV_NORMAL_003,391,420,0.20044486,False
DEV_NORMAL_003,392,421,0.19681884,False
DEV_NORMAL_003,393,422,0.19457795,False
DEV_NORMAL_003,394,423,0.21065038,False
DEV_NORMAL_003,395,424,0.21305816,False
DEV_NORMAL_003,396,425,0.20752335,False
DEV_NORMAL_003,397,426,0.21292093,False
DEV_NORMAL_003,398,427,0.21851178,False
DEV_NORMAL_003,399,428,0.22593753,False
DEV_NORMAL_003,400,429,0.23560731,False
DEV_NORMAL_003,401,430,0.23893383,False
DEV_NORMAL_003,402,431,0.25040326,False
DEV_NORMAL_003,403,432,0.25478506,False
DEV_NORMAL_003,404,433,0.25436023,False
DEV_NORMAL_003,405,434,0.25986272,False
DEV_NORMAL_003,406,435,0.25470486,False
DEV_NORMAL_003,407,436,0.2637528,False
DEV_NORMAL_003,408,437,0.2582324,False
DEV_NORMAL_003,409,438,0.2539771,False
DEV_NORMAL_003,410,439,0.2688862,False
DEV_NORMAL_003,411,440,0.26309633,False
DEV_NORMAL_003,412,441,0.22781071,False
DEV_NORMAL_003,413,442,0.23254633,False
DEV_NORMAL_003,414,443,0.23021407,False
DEV_NORMAL_003,415,444,0.22328922,False
DEV_NORMAL_003,416,445,0.23038356,False
DEV_NORMAL_003,417,446,0.24761528,False
DEV_NORMAL_003,418,447,0.23907919,False
DEV_NORMAL_003,419,448,0.23473991,False
DEV_NORMAL_003,420,449,0.23436315,False
DEV_NORMAL_003,421,450,0.22016607,False
DEV_NORMAL_003,422,451,0.21759906,False
DEV_NORMAL_003,423,452,0.21780497,False
DEV_NORMAL_003,424,453,0.2166377,False
DEV_NORMAL_003,425,454,0.22038889,False
DEV_NORMAL_003,426,455,0.21510324,False
DEV_NORMAL_003,427,456,0.21739763,False
DEV_NORMAL_003,428,457,0.2174093,False
DEV_NORMAL_003,429,458,0.20343,False
DEV_NORMAL_003,430,459,0.18915339,False
DEV_NORMAL_003,431,460,0.18964224,False
DEV_NORMAL_003,432,461,0.20088069,False
DEV_NORMAL_003,433,462,0.2191978,False
DEV_NORMAL_003,434,463,0.2035663,False
DEV_NORMAL_003,435,464,0.18896304,False
DEV_NORMAL_003,436,465,0.18332489,False
DEV_NORMAL_003,437,466,0.18986289,False
DEV_NORMAL_003,438,467,0.21313168,False
DEV_NORMAL_003,439,468,0.20445277,False
DEV_NORMAL_003,440,469,0.1980133,False
DEV_NORMAL_003,441,470,0.2033619,False
DEV_NORMAL_003,442,471,0.19837593,False
DEV_NORMAL_003,443,472,0.19709495,False
DEV_NORMAL_003,444,473,0.20257625,False
DEV_NORMAL_003,445,474,0.18199539,False
DEV_NORMAL_003,446,475,0.1751097,False
DEV_NORMAL_003,447,476,0.17431206,False
DEV_NORMAL_003,448,477,0.18548107,False
DEV_NORMAL_003,449,478,0.19406891,False
DEV_NORMAL_003,450,479,0.20571204,False
DEV_NORMAL_003,451,480,0.19620997,False
DEV_NORMAL_003,452,481,0.20670809,False
DEV_NORMAL_003,453,482,0.19668986,False
DEV_NORMAL_003,454,483,0.2056283,False
DEV_NORMAL_003,455,484,0.19682713,False
DEV_NORMAL_003,456,485,0.19227852,False
DEV_NORMAL_003,457,486,0.20798229,False
DEV_NORMAL_003,458,487,0.19530036,False
DEV_NORMAL_003,459,488,0.19228141,False
DEV_NORMAL_003,460,489,0.19894247,False
DEV_NORMAL_003,461,490,0.18873854,False
DEV_NORMAL_003,462,491,0.18898174,False
DEV_NORMAL_003,463,492,0.18558683,False
DEV_NORMAL_003,464,493,0.18604292,False
DEV_NORMAL_003,465,494,0.17021266,False
DEV_NORMAL_003,466,495,0.17670856,False
DEV_NORMAL_003,467,496,0.17259362,False
DEV_NORMAL_003,468,497,0.17341754,False
DEV_NORMAL_003,469,498,0.17316692,False
DEV_NORMAL_003,470,499,0.17565905,False
DEV_NORMAL_003,471,500,0.17571022,False
DEV_NORMAL_003,472,501,0.1823566,False
DEV_NORMAL_003,473,502,0.175018,False
DEV_NORMAL_003,474,503,0.17989992,False
DEV_NORMAL_003,475,504,0.19036141,False
DEV_NORMAL_003,476,505,0.16500603,False
DEV_NORMAL_003,477,506,0.15399046,False
DEV_NORMAL_003,478,507,0.15147892,False
DEV_NORMAL_003,479,508,0.15978415,False
DEV_NORMAL_003,480,509,0.1636867,False
DEV_NORMAL_003,481,510,0.15892826,False
DEV_NORMAL_003,482,511,0.14731139,False
DEV_NORMAL_003,483,512,0.15152918,False
DEV_NORMAL_003,484,513,0.15079889,False
DEV_NORMAL_003,485,514,0.15983309,False
DEV_NORMAL_003,486,515,0.15359415,False
DEV_NORMAL_003,487,516,0.13472115,False
DEV_NORMAL_003,488,517,0.15838467,False
DEV_NORMAL_003,489,518,0.16126676,False
DEV_NORMAL_003,490,519,0.15888594,False
DEV_NORMAL_003,491,520,0.15900816,False
DEV_NORMAL_003,492,521,0.1613515,False
DEV_NORMAL_003,493,522,0.15468447,False
DEV_NORMAL_003,494,523,0.15609583,False
DEV_NORMAL_003,495,524,0.16110583,False
DEV_NORMAL_003,496,525,0.16146812,False
DEV_NORMAL_003,497,526,0.15669674,False
DEV_NORMAL_003,498,527,0.15603667,False
DEV_NORMAL_003,499,528,0.15430735,False
DEV_NORMAL_003,500,529,0.15292397,False
DEV_NORMAL_003,501,530,0.15324716,False
DEV_NORMAL_003,502,531,0.1585874,False
DEV_NORMAL_003,503,532,0.15303335,False
DEV_NORMAL_003,504,533,0.15873747,False
DEV_NORMAL_003,505,534,0.16987494,False
DEV_NORMAL_003,506,535,0.16783236,False
DEV_NORMAL_003,507,536,0.1716459,False
DEV_NORMAL_003,508,537,0.16797946,False
DEV_NORMAL_003,509,538,0.16861919,False
DEV_NORMAL_003,510,539,0.17448066,False
DEV_NORMAL_003,511,540,0.1758763,False
DEV_NORMAL_003,512,541,0.17180084,False
DEV_NORMAL_003,513,542,0.17475148,False
DEV_NORMAL_003,514,543,0.17414872,False
DEV_NORMAL_003,515,544,0.17851979,False
DEV_NORMAL_003,516,545,0.17520766,False
DEV_NORMAL_003,517,546,0.17232758,False
DEV_NORMAL_003,518,547,0.16341239,False
DEV_NORMAL_003,519,548,0.17286141,False
DEV_NORMAL_003,520,549,0.17466258,False
DEV_NORMAL_003,521,550,0.18657526,False
DEV_NORMAL_003,522,551,0.18427871,False
DEV_NORMAL_003,523,552,0.20175497,False
DEV_NORMAL_003,524,553,0.19849567,False
DEV_NORMAL_003,525,554,0.22113472,False
DEV_NORMAL_003,526,555,0.2382277,False
DEV_NORMAL_003,527,556,0.23628762,False
DEV_NORMAL_003,528,557,0.2519251,False
DEV_NORMAL_003,529,558,0.25709057,False
DEV_NORMAL_003,530,559,0.2509248,False
DEV_NORMAL_003,531,560,0.246866,False
DEV_NORMAL_003,532,561,0.24455157,False
DEV_NORMAL_003,533,562,0.23480746,False
DEV_NORMAL_003,534,563,0.24684073,False
DEV_NORMAL_003,535,564,0.23320813,False
DEV_NORMAL_003,536,565,0.22269408,False
DEV_NORMAL_003,537,566,0.22433819,False
DEV_NORMAL_003,538,567,0.23031299,False
DEV_NORMAL_003,539,568,0.21908201,False
DEV_NORMAL_003,540,569,0.22496675,False
DEV_NORMAL_003,541,570,0.2548257,False
DEV_NORMAL_003,542,571,0.25100067,False
DEV_NORMAL_003,543,572,0.24179628,False
DEV_NORMAL_003,544,573,0.2456563,False
DEV_NORMAL_003,545,574,0.25489202,False
DEV_NORMAL_003,546,575,0.25417218,False
DEV_NORMAL_003,547,576,0.26794425,False
DEV_NORMAL_003,548,577,0.26417583,False
DEV_NORMAL_003,549,578,0.23399398,False
DEV_NORMAL_003,550,579,0.23428461,False
DEV_NORMAL_003,551,580,0.24141158,False
DEV_NORMAL_003,552,581,0.23476338,False
DEV_NORMAL_003,553,582,0.24526027,False
DEV_NORMAL_003,554,583,0.22089055,False
DEV_NORMAL_003,555,584,0.21111205,False
DEV_NORMAL_003,556,585,0.22013858,False
DEV_NORMAL_003,557,586,0.21642882,False
DEV_NORMAL_003,558,587,0.19782715,False
DEV_NORMAL_003,559,588,0.2117482,False
DEV_NORMAL_003,560,589,0.20917384,False
DEV_NORMAL_003,561,590,0.21636221,False
DEV_NORMAL_003,562,591,0.19892862,False
DEV_NORMAL_003,563,592,0.20312275,False
DEV_NORMAL_003,564,593,0.20611593,False
DEV_NORMAL_003,565,594,0.202344,False
DEV_NORMAL_003,566,595,0.20842317,False
DEV_NORMAL_003,567,596,0.20445156,False
DEV_NORMAL_003,568,597,0.20254494,False
DEV_NORMAL_003,569,598,0.20198172,False
DEV_NORMAL_003,570,599,0.19266301,False
DEV_NORMAL_003,571,600,0.18710245,False
DEV_NORMAL_003,572,601,0.18333067,False
DEV_NORMAL_003,573,602,0.18077828,False
DEV_NORMAL_003,574,603,0.1933938,False
DEV_NORMAL_003,575,604,0.1859346,False
DEV_NORMAL_003,576,605,0.19938329,False
DEV_NORMAL_003,577,606,0.20266847,False
DEV_NORMAL_003,578,607,0.20362076,False
DEV_NORMAL_003,579,608,0.22682546,False
DEV_NORMAL_003,580,609,0.22428036,False
DEV_NORMAL_003,581,610,0.22245237,False
DEV_NORMAL_003,582,611,0.23693492,False
DEV_NORMAL_003,583,612,0.24318543,False
DEV_NORMAL_003,584,613,0.24428993,False
DEV_NORMAL_003,585,614,0.23545192,False
DEV_NORMAL_003,586,615,0.24282204,False
DEV_NORMAL_003,587,616,0.2402188,False
DEV_NORMAL_003,588,617,0.24141522,False
DEV_NORMAL_003,589,618,0.22809719,False
DEV_NORMAL_003,590,619,0.23455791,False
DEV_NORMAL_003,591,620,0.24481076,False
DEV_NORMAL_003,592,621,0.25266808,False
DEV_NORMAL_003,593,622,0.2663934,False
DEV_NORMAL_003,594,623,0.25602195,False
DEV_NORMAL_003,595,624,0.2571827,False
DEV_NORMAL_003,596,625,0.25225356,False
DEV_NORMAL_003,597,626,0.2507057,False
DEV_NORMAL_003,598,627,0.24526663,False
DEV_NORMAL_003,599,628,0.24608164,False
DEV_NORMAL_003,600,629,0.23551545,False
DEV_NORMAL_003,601,630,0.2440024,False
DEV_NORMAL_003,602,631,0.2375905,False
DEV_NORMAL_003,603,632,0.25272697,False
DEV_NORMAL_003,604,633,0.2604431,False
DEV_NORMAL_003,605,634,0.25508392,False
DEV_NORMAL_003,606,635,0.24156427,False
DEV_NORMAL_003,607,636,0.24696665,False
DEV_NORMAL_003,608,637,0.23811881,False
DEV_NORMAL_003,609,638,0.23756929,False
DEV_NORMAL_003,610,639,0.21461357,False
DEV_NORMAL_003,611,640,0.21157984,False
DEV_NORMAL_003,612,641,0.19531412,False
DEV_NORMAL_003,613,642,0.18526195,False
DEV_NORMAL_003,614,643,0.22991644,False
DEV_NORMAL_003,615,644,0.2446392,False
DEV_NORMAL_003,616,645,0.26298907,False
DEV_NORMAL_003,617,646,0.25092235,False
DEV_NORMAL_003,618,647,0.24609992,False
DEV_NORMAL_003,619,648,0.2537684,False
DEV_NORMAL_003,620,649,0.2566754,False
DEV_NORMAL_003,621,650,0.24413767,False
DEV_NORMAL_003,622,651,0.24141146,False
DEV_NORMAL_003,623,652,0.23923722,False
DEV_NORMAL_003,624,653,0.24347906,False
DEV_NORMAL_003,625,654,0.25112918,False
DEV_NORMAL_003,626,655,0.23826441,False
DEV_NORMAL_003,627,656,0.25537336,False
DEV_NORMAL_003,628,657,0.24121562,False
DEV_NORMAL_003,629,658,0.25598085,False
DEV_NORMAL_003,630,659,0.2584935,False
DEV_NORMAL_003,631,660,0.28321797,False
DEV_NORMAL_003,632,661,0.27513665,False
DEV_NORMAL_003,633,662,0.2687154,False
DEV_NORMAL_003,634,663,0.26364923,False
DEV_NORMAL_003,635,664,0.24849518,False
DEV_NORMAL_003,636,665,0.24972436,False
DEV_NORMAL_003,637,666,0.26498908,False
DEV_NORMAL_003,638,667,0.27163282,False
DEV_NORMAL_003,639,668,0.2753022,False
DEV_NORMAL_003,640,669,0.2669513,False
DEV_NORMAL_003,641,670,0.27542028,False
DEV_NORMAL_003,642,671,0.28750795,False
DEV_NORMAL_003,643,672,0.2656356,False
DEV_NORMAL_003,644,673,0.21307999,False
DEV_NORMAL_003,645,674,0.20324188,False
DEV_NORMAL_003,646,675,0.2143233,False
DEV_NORMAL_003,647,676,0.22229289,False
DEV_NORMAL_003,648,677,0.2216212,False
DEV_NORMAL_003,649,678,0.22486302,False
DEV_NORMAL_003,650,679,0.22119918,False
DEV_NORMAL_003,651,680,0.202329,False
DEV_NORMAL_003,652,681,0.20293283,False
DEV_NORMAL_003,653,682,0.2227972,False
DEV_NORMAL_003,654,683,0.2054837,False
DEV_NORMAL_003,655,684,0.21094616,False
DEV_NORMAL_003,656,685,0.22136422,False
DEV_NORMAL_003,657,686,0.20589046,False
DEV_NORMAL_003,658,687,0.19847307,False
DEV_NORMAL_003,659,688,0.19919005,False
DEV_NORMAL_003,660,689,0.19323936,False
DEV_NORMAL_003,661,690,0.19384107,False
DEV_NORMAL_003,662,691,0.18812606,False
DEV_NORMAL_003,663,692,0.20929861,False
DEV_NORMAL_003,664,693,0.21436545,False
DEV_NORMAL_003,665,694,0.19534622,False
DEV_NORMAL_003,666,695,0.17183486,False
DEV_NORMAL_003,667,696,0.18417573,False
DEV_NORMAL_003,668,697,0.17545184,False
DEV_NORMAL_003,669,698,0.18354915,False
DEV_NORMAL_003,670,699,0.18186283,False
DEV_NORMAL_003,671,700,0.18962184,False
DEV_NORMAL_003,672,701,0.1872346,False
DEV_NORMAL_003,673,702,0.19919445,False
DEV_NORMAL_003,674,703,0.19455118,False
DEV_NORMAL_003,675,704,0.19013047,False
DEV_NORMAL_003,676,705,0.2109565,False
DEV_NORMAL_003,677,706,0.21097825,False
DEV_NORMAL_003,678,707,0.20306961,False
DEV_NORMAL_003,679,708,0.22439265,False
DEV_NORMAL_003,680,709,0.22335611,False
DEV_NORMAL_003,681,710,0.2323624,False
DEV_NORMAL_003,682,711,0.22149852,False
DEV_NORMAL_003,683,712,0.21892096,False
DEV_NORMAL_003,684,713,0.2292362,False
DEV_NORMAL_003,685,714,0.23967393,False
DEV_NORMAL_003,686,715,0.2452404,False
DEV_NORMAL_003,687,716,0.2301936,False
DEV_NORMAL_003,688,717,0.23543797,False
DEV_NORMAL_003,689,718,0.23514876,False
DEV_NORMAL_003,690,719,0.2382732,False
DEV_NORMAL_003,691,720,0.2422643,False
DEV_NORMAL_003,692,721,0.23385951,False
DEV_NORMAL_003,693,722,0.24850637,False
DEV_NORMAL_003,694,723,0.24221157,False
DEV_NORMAL_003,695,724,0.24701776,False
DEV_NORMAL_003,696,725,0.23799284,False
DEV_NORMAL_003,697,726,0.23115295,False
DEV_NORMAL_003,698,727,0.23575309,False
DEV_NORMAL_003,699,728,0.24513164,False
DEV_NORMAL_003,700,729,0.2358129,False
DEV_NORMAL_003,701,730,0.23328072,False
DEV_NORMAL_003,702,731,0.23150699,False
DEV_NORMAL_003,703,732,0.23620908,False
DEV_NORMAL_003,704,733,0.23253766,False
DEV_NORMAL_003,705,734,0.22959785,False
DEV_NORMAL_003,706,735,0.22586598,False
DEV_NORMAL_003,707,736,0.22579552,False
DEV_NORMAL_003,708,737,0.2095256,False
DEV_NORMAL_003,709,738,0.20844421,False
DEV_NORMAL_003,710,739,0.23888728,False
DEV_NORMAL_003,711,740,0.22596088,False
DEV_NORMAL_003,712,741,0.24033748,False
DEV_NORMAL_003,713,742,0.22571073,False
DEV_NORMAL_003,714,743,0.2170999,False
DEV_NORMAL_003,715,744,0.23618609,False
DEV_NORMAL_003,716,745,0.24606416,False
DEV_NORMAL_003,717,746,0.24066858,False
DEV_NORMAL_003,718,747,0.23222739,False
DEV_NORMAL_003,719,748,0.21919498,False
DEV_NORMAL_003,720,749,0.22548942,False
DEV_NORMAL_003,721,750,0.22430919,False
DEV_NORMAL_003,722,751,0.24031235,False
DEV_NORMAL_003,723,752,0.24180277,False
DEV_NORMAL_003,724,753,0.24899985,False
DEV_NORMAL_003,725,754,0.24779935,False
DEV_NORMAL_003,726,755,0.24879876,False
DEV_NORMAL_003,727,756,0.24650054,False
DEV_NORMAL_003,728,757,0.24145465,False
DEV_NORMAL_003,729,758,0.24439986,False
DEV_NORMAL_003,730,759,0.22602524,False
DEV_NORMAL_003,731,760,0.22563584,False
DEV_NORMAL_003,732,761,0.22385266,False
DEV_NORMAL_003,733,762,0.22733322,False
DEV_NORMAL_003,734,763,0.24041589,False
DEV_NORMAL_003,735,764,0.23767026,False
DEV_NORMAL_003,736,765,0.24537109,False
DEV_NORMAL_003,737,766,0.20685771,False
DEV_NORMAL_003,738,767,0.21317425,False
DEV_NORMAL_003,739,768,0.21393877,False
DEV_NORMAL_003,740,769,0.2247992,False
DEV_NORMAL_003,741,770,0.18864127,False
DEV_NORMAL_003,742,771,0.19090314,False
DEV_NORMAL_003,743,772,0.17912169,False
DEV_NORMAL_003,744,773,0.17471586,False
DEV_NORMAL_003,745,774,0.17342974,False
DEV_NORMAL_003,746,775,0.18137299,False
DEV_NORMAL_003,747,776,0.18754202,False
DEV_NORMAL_003,748,777,0.18731575,False
DEV_NORMAL_003,749,778,0.18774985,False
DEV_NORMAL_003,750,779,0.20216866,False
DEV_NORMAL_003,751,780,0.1890717,False
DEV_NORMAL_003,752,781,0.16765428,False
DEV_NORMAL_003,753,782,0.17008136,False
DEV_NORMAL_003,754,783,0.1790038,False
DEV_NORMAL_003,755,784,0.17729238,False
DEV_NORMAL_003,756,785,0.18300468,False
DEV_NORMAL_003,757,786,0.18739218,False
DEV_NORMAL_003,758,787,0.17965151,False
DEV_NORMAL_003,759,788,0.19021808,False
DEV_NORMAL_003,760,789,0.182954,False
DEV_NORMAL_003,761,790,0.17844416,False
DEV_NORMAL_003,762,791,0.17476885,False
DEV_NORMAL_003,763,792,0.1729758,False
DEV_NORMAL_003,764,793,0.18979757,False
DEV_NORMAL_003,765,794,0.19611187,False
DEV_NORMAL_003,766,795,0.20020504,False
DEV_NORMAL_003,767,796,0.19359693,False
DEV_NORMAL_003,768,797,0.1874992,False
DEV_NORMAL_003,769,798,0.20031977,False
DEV_NORMAL_003,770,799,0.21213092,False
DEV_NORMAL_003,771,800,0.20473859,False
DEV_NORMAL_003,772,801,0.1960112,False
DEV_NORMAL_003,773,802,0.2240839,False
DEV_NORMAL_003,774,803,0.2097961,False
DEV_NORMAL_003,775,804,0.20981331,False
DEV_NORMAL_003,776,805,0.22038227,False
DEV_NORMAL_003,777,806,0.22176024,False
DEV_NORMAL_003,778,807,0.21259639,False
DEV_NORMAL_003,779,808,0.21540342,False
DEV_NORMAL_003,780,809,0.22188354,False
DEV_NORMAL_003,781,810,0.22327328,False
DEV_NORMAL_003,782,811,0.22511862,False
DEV_NORMAL_003,783,812,0.22161147,False
DEV_NORMAL_003,784,813,0.22808781,False
DEV_NORMAL_003,785,814,0.23567146,False
DEV_NORMAL_003,786,815,0.24787311,False
DEV_NORMAL_003,787,816,0.24585864,False
DEV_NORMAL_003,788,817,0.24574675,False
DEV_NORMAL_003,789,818,0.24548931,False
DEV_NORMAL_003,790,819,0.23281866,False
DEV_NORMAL_003,791,820,0.2360932,False
DEV_NORMAL_003,792,821,0.23039742,False
DEV_NORMAL_003,793,822,0.23022972,False
DEV_NORMAL_003,794,823,0.2336331,False
DEV_NORMAL_003,795,824,0.23265454,False
DEV_NORMAL_003,796,825,0.22822246,False
DEV_NORMAL_003,797,826,0.22889788,False
DEV_NORMAL_003,798,827,0.22349055,False
DEV_NORMAL_003,799,828,0.21931884,False
DEV_NORMAL_003,800,829,0.21641223,False
DEV_NORMAL_003,801,830,0.22068702,False
DEV_NORMAL_003,802,831,0.21668012,False
DEV_NORMAL_003,803,832,0.2099653,False
DEV_NORMAL_003,804,833,0.21274298,False
DEV_NORMAL_003,805,834,0.20580348,False
DEV_NORMAL_003,806,835,0.20478252,False
DEV_NORMAL_003,807,836,0.21436891,False
DEV_NORMAL_003,808,837,0.20781317,False
DEV_NORMAL_003,809,838,0.21194242,False
DEV_NORMAL_003,810,839,0.2046451,False
DEV_NORMAL_003,811,840,0.19352683,False
DEV_NORMAL_003,812,841,0.1945643,False
DEV_NORMAL_003,813,842,0.16293472,False
DEV_NORMAL_003,814,843,0.17533906,False
DEV_NORMAL_003,815,844,0.17681001,False
DEV_NORMAL_003,816,845,0.17956387,False
DEV_NORMAL_003,817,846,0.19652599,False
DEV_NORMAL_003,818,847,0.22220181,False
DEV_NORMAL_003,819,848,0.22996378,False
DEV_NORMAL_003,820,849,0.21919957,False
DEV_NORMAL_003,821,850,0.22056447,False
DEV_NORMAL_003,822,851,0.2427233,False
DEV_NORMAL_003,823,852,0.2426023,False
DEV_NORMAL_003,824,853,0.24292336,False
DEV_NORMAL_003,825,854,0.23940581,False
DEV_NORMAL_003,826,855,0.23819855,False
DEV_NORMAL_003,827,856,0.23205613,False
DEV_NORMAL_003,828,857,0.23794664,False
DEV_NORMAL_003,829,858,0.23035383,False
DEV_NORMAL_003,830,859,0.2304175,False
DEV_NORMAL_003,831,860,0.22791697,False
DEV_NORMAL_003,832,861,0.22642384,False
DEV_NORMAL_003,833,862,0.23720434,False
DEV_NORMAL_003,834,863,0.24312863,False
DEV_NORMAL_003,835,864,0.2286821,False
DEV_NORMAL_003,836,865,0.2293675,False
DEV_NORMAL_003,837,866,0.2261351,False
DEV_NORMAL_003,838,867,0.21978039,False
DEV_NORMAL_003,839,868,0.23942992,False
DEV_NORMAL_003,840,869,0.247195,False
DEV_NORMAL_003,841,870,0.24013439,False
DEV_NORMAL_003,842,871,0.24163996,False
DEV_NORMAL_003,843,872,0.24948098,False
DEV_NORMAL_003,844,873,0.238978,False
DEV_NORMAL_003,845,874,0.23709184,False
DEV_NORMAL_003,846,875,0.21934827,False
DEV_NORMAL_003,847,876,0.20057777,False
DEV_NORMAL_003,848,877,0.20278025,False
DEV_NORMAL_003,849,878,0.20197871,False
DEV_NORMAL_003,850,879,0.21143837,False
DEV_NORMAL_003,851,880,0.18470062,False
DEV_NORMAL_003,852,881,0.19673847,False
DEV_NORMAL_003,853,882,0.20150681,False
DEV_NORMAL_003,854,883,0.18974689,False
DEV_NORMAL_003,855,884,0.1898128,False
DEV_NORMAL_003,856,885,0.19578001,False
DEV_NORMAL_003,857,886,0.18621367,False
DEV_NORMAL_003,858,887,0.18260473,False
DEV_NORMAL_003,859,888,0.1929293,False
DEV_NORMAL_003,860,889,0.18631168,False
DEV_NORMAL_003,861,890,0.2007467,False
DEV_NORMAL_003,862,891,0.20024629,False
DEV_NORMAL_003,863,892,0.19409472,False
DEV_NORMAL_003,864,893,0.19590852,False
DEV_NORMAL_003,865,894,0.20063773,False
DEV_NORMAL_003,866,895,0.19481932,False
DEV_NORMAL_003,867,896,0.19578381,False
DEV_NORMAL_003,868,897,0.18284848,False
DEV_NORMAL_003,869,898,0.17244521,False
DEV_NORMAL_003,870,899,0.17106333,False
DEV_NORMAL_003,871,900,0.1676462,False
DEV_NORMAL_003,872,901,0.16348931,False
DEV_NORMAL_003,873,902,0.17154577,False
DEV_NORMAL_003,874,903,0.17194037,False
DEV_NORMAL_003,875,904,0.17770615,False
DEV_NORMAL_003,876,905,0.18031509,False
DEV_NORMAL_003,877,906,0.19019954,False
DEV_NORMAL_003,878,907,0.1690623,False
DEV_NORMAL_003,879,908,0.16914734,False
DEV_NORMAL_003,880,909,0.16315705,False
DEV_NORMAL_003,881,910,0.16521269,False
DEV_NORMAL_003,882,911,0.16105781,False
DEV_NORMAL_003,883,912,0.15441942,False
DEV_NORMAL_003,884,913,0.16010574,False
DEV_NORMAL_003,885,914,0.16793607,False
DEV_NORMAL_003,886,915,0.17281774,False
DEV_NORMAL_003,887,916,0.18515351,False
DEV_NORMAL_003,888,917,0.17732935,False
DEV_NORMAL_003,889,918,0.17788312,False
DEV_NORMAL_003,890,919,0.17626289,False
DEV_NORMAL_003,891,920,0.17509791,False
DEV_NORMAL_003,892,921,0.17226076,False
DEV_NORMAL_003,893,922,0.17299399,False
DEV_NORMAL_003,894,923,0.17475288,False
DEV_NORMAL_003,895,924,0.18650217,False
DEV_NORMAL_003,896,925,0.20758349,False
DEV_NORMAL_003,897,926,0.21026948,False
DEV_NORMAL_003,898,927,0.21772073,False
DEV_NORMAL_003,899,928,0.20856126,False
DEV_NORMAL_003,900,929,0.20397161,False
DEV_NORMAL_003,901,930,0.21392971,False
DEV_NORMAL_003,902,931,0.20579523,False
DEV_NORMAL_003,903,932,0.1922844,False
DEV_NORMAL_003,904,933,0.19499688,False
DEV_NORMAL_003,905,934,0.19946426,False
DEV_NORMAL_003,906,935,0.202545,False
DEV_NORMAL_003,907,936,0.21030284,False
DEV_NORMAL_003,908,937,0.2109,False
DEV_NORMAL_003,909,938,0.20943867,False
DEV_NORMAL_003,910,939,0.20379211,False
DEV_NORMAL_003,911,940,0.21370633,False
DEV_NORMAL_003,912,941,0.21778129,False
DEV_NORMAL_003,913,942,0.20861523,False
DEV_NORMAL_003,914,943,0.21868972,False
DEV_NORMAL_003,915,944,0.22151425,False
DEV_NORMAL_003,916,945,0.21719462,False
DEV_NORMAL_003,917,946,0.22044028,False
DEV_NORMAL_003,918,947,0.24944493,False
DEV_NORMAL_003,919,948,0.2584144,False
DEV_NORMAL_003,920,949,0.26783746,False
DEV_NORMAL_003,921,950,0.26557648,False
DEV_NORMAL_003,922,951,0.27534714,False
DEV_NORMAL_003,923,952,0.27841407,False
DEV_NORMAL_003,924,953,0.26970735,False
DEV_NORMAL_003,925,954,0.24455483,False
DEV_NORMAL_003,926,955,0.24694894,False
DEV_NORMAL_003,927,956,0.24422438,False
DEV_NORMAL_003,928,957,0.24375242,False
DEV_NORMAL_003,929,958,0.24406296,False
DEV_NORMAL_003,930,959,0.2622558,False
DEV_NORMAL_003,931,960,0.26337808,False
DEV_NORMAL_003,932,961,0.2799984,False
DEV_NORMAL_003,933,962,0.26582,False
DEV_NORMAL_003,934,963,0.28053793,False
DEV_NORMAL_003,935,964,0.28155392,False
DEV_NORMAL_003,936,965,0.28058496,False
DEV_NORMAL_003,937,966,0.2957138,True
DEV_NORMAL_003,938,967,0.3150615,True
DEV_NORMAL_003,939,968,0.31269848,True
DEV_NORMAL_003,940,969,0.30491886,True
DEV_NORMAL_003,941,970,0.30072924,True
DEV_NORMAL_003,942,971,0.30429,True
DEV_NORMAL_003,943,972,0.30116805,True
DEV_NORMAL_003,944,973,0.3107325,True
DEV_NORMAL_003,945,974,0.28144658,False
DEV_NORMAL_003,946,975,0.30095282,True
DEV_NORMAL_003,947,976,0.27923647,False
DEV_NORMAL_003,948,977,0.27118525,False
DEV_NORMAL_003,949,978,0.2927657,True
DEV_NORMAL_003,950,979,0.29470345,True
DEV_NORMAL_003,951,980,0.29290962,True
DEV_NORMAL_003,952,981,0.28756243,False
DEV_NORMAL_003,953,982,0.30356756,True
DEV_NORMAL_003,954,983,0.28943652,False
DEV_NORMAL_003,955,984,0.26303133,False
DEV_NORMAL_003,956,985,0.2838232,False
DEV_NORMAL_003,957,986,0.28305322,False
DEV_NORMAL_003,958,987,0.2777471,False
DEV_NORMAL_003,959,988,0.25761843,False
DEV_NORMAL_003,960,989,0.27594382,False
DEV_NORMAL_003,961,990,0.23226567,False
DEV_NORMAL_003,962,991,0.23441726,False
DEV_NORMAL_003,963,992,0.24079983,False
DEV_NORMAL_003,964,993,0.24201946,False
DEV_NORMAL_003,965,994,0.23507789,False
DEV_NORMAL_003,966,995,0.252765,False
DEV_NORMAL_003,967,996,0.24356751,False
DEV_NORMAL_003,968,997,0.23222694,False
DEV_NORMAL_003,969,998,0.23541354,False
DEV_NORMAL_003,970,999,0.2263431,False
DEV_NORMAL_003,971,1000,0.21932459,False
DEV_NORMAL_003,972,1001,0.21712944,False
DEV_NORMAL_003,973,1002,0.2384495,False
DEV_NORMAL_003,974,1003,0.26506475,False
DEV_NORMAL_003,975,1004,0.2370444,False
DEV_NORMAL_003,976,1005,0.21365763,False
DEV_NORMAL_003,977,1006,0.22450534,False
DEV_NORMAL_003,978,1007,0.2189756,False
DEV_NORMAL_003,979,1008,0.2135451,False
DEV_NORMAL_003,980,1009,0.22282566,False
DEV_NORMAL_003,981,1010,0.211495,False
DEV_NORMAL_003,982,1011,0.21131195,False
DEV_NORMAL_003,983,1012,0.22174764,False
DEV_NORMAL_003,984,1013,0.21797428,False
DEV_NORMAL_003,985,1014,0.21732928,False
DEV_NORMAL_003,986,1015,0.21315333,False
DEV_NORMAL_003,987,1016,0.21378952,False
DEV_NORMAL_003,988,1017,0.23252703,False
DEV_NORMAL_003,989,1018,0.25009453,False
DEV_NORMAL_003,990,1019,0.25132573,False
DEV_NORMAL_005,0,29,0.32381058,True
DEV_NORMAL_005,1,30,0.34085923,True
DEV_NORMAL_005,2,31,0.35449493,True
DEV_NORMAL_005,3,32,0.33563283,True
DEV_NORMAL_005,4,33,0.3219944,True
DEV_NORMAL_005,5,34,0.3057845,True
DEV_NORMAL_005,6,35,0.32251707,True
DEV_NORMAL_005,7,36,0.29272583,True
DEV_NORMAL_005,8,37,0.28983223,False
DEV_NORMAL_005,9,38,0.31438878,True
DEV_NORMAL_005,10,39,0.32134816,True
DEV_NORMAL_005,11,40,0.29699627,True
DEV_NORMAL_005,12,41,0.31912574,True
DEV_NORMAL_005,13,42,0.30249336,True
DEV_NORMAL_005,14,43,0.2598044,False
DEV_NORMAL_005,15,44,0.26551497,False
DEV_NORMAL_005,16,45,0.26449358,False
DEV_NORMAL_005,17,46,0.2624776,False
DEV_NORMAL_005,18,47,0.25995708,False
DEV_NORMAL_005,19,48,0.24540898,False
DEV_NORMAL_005,20,49,0.25148362,False
DEV_NORMAL_005,21,50,0.24100448,False
DEV_NORMAL_005,22,51,0.2231687,False
DEV_NORMAL_005,23,52,0.21807928,False
DEV_NORMAL_005,24,53,0.23904476,False
DEV_NORMAL_005,25,54,0.22562024,False
DEV_NORMAL_005,26,55,0.23929854,False
DEV_NORMAL_005,27,56,0.21860994,False
DEV_NORMAL_005,28,57,0.20467441,False
DEV_NORMAL_005,29,58,0.20915665,False
DEV_NORMAL_005,30,59,0.22070643,False
DEV_NORMAL_005,31,60,0.21358252,False
DEV_NORMAL_005,32,61,0.21493278,False
DEV_NORMAL_005,33,62,0.20586245,False
DEV_NORMAL_005,34,63,0.20391397,False
DEV_NORMAL_005,35,64,0.19127719,False
DEV_NORMAL_005,36,65,0.22042331,False
DEV_NORMAL_005,37,66,0.21925576,False
DEV_NORMAL_005,38,67,0.23376732,False
DEV_NORMAL_005,39,68,0.22166611,False
DEV_NORMAL_005,40,69,0.23436676,False
DEV_NORMAL_005,41,70,0.23516794,False
DEV_NORMAL_005,42,71,0.24396653,False
DEV_NORMAL_005,43,72,0.24238904,False
DEV_NORMAL_005,44,73,0.2423499,False
DEV_NORMAL_005,45,74,0.24092384,False
DEV_NORMAL_005,46,75,0.2509037,False
DEV_NORMAL_005,47,76,0.25901324,False
DEV_NORMAL_005,48,77,0.2331097,False
DEV_NORMAL_005,49,78,0.22797085,False
DEV_NORMAL_005,50,79,0.24079205,False
DEV_NORMAL_005,51,80,0.22196728,False
DEV_NORMAL_005,52,81,0.22589369,False
DEV_NORMAL_005,53,82,0.23463632,False
DEV_NORMAL_005,54,83,0.21086894,False
DEV_NORMAL_005,55,84,0.22640033,False
DEV_NORMAL_005,56,85,0.24429092,False
DEV_NORMAL_005,57,86,0.25653446,False
DEV_NORMAL_005,58,87,0.23388961,False
DEV_NORMAL_005,59,88,0.23441397,False
DEV_NORMAL_005,60,89,0.22823836,False
DEV_NORMAL_005,61,90,0.23822676,False
DEV_NORMAL_005,62,91,0.22632103,False
DEV_NORMAL_005,63,92,0.23302568,False
DEV_NORMAL_005,64,93,0.24764888,False
DEV_NORMAL_005,65,94,0.23765334,False
DEV_NORMAL_005,66,95,0.21178494,False
DEV_NORMAL_005,67,96,0.19259797,False
DEV_NORMAL_005,68,97,0.19768661,False
DEV_NORMAL_005,69,98,0.21143614,False
DEV_NORMAL_005,70,99,0.20956716,False
DEV_NORMAL_005,71,100,0.21044591,False
DEV_NORMAL_005,72,101,0.19856243,False
DEV_NORMAL_005,73,102,0.20556873,False
DEV_NORMAL_005,74,103,0.22115538,False
DEV_NORMAL_005,75,104,0.22369297,False
DEV_NORMAL_005,76,105,0.21938907,False
DEV_NORMAL_005,77,106,0.22323462,False
DEV_NORMAL_005,78,107,0.23008758,False
DEV_NORMAL_005,79,108,0.21679643,False
DEV_NORMAL_005,80,109,0.21958679,False
DEV_NORMAL_005,81,110,0.23167133,False
DEV_NORMAL_005,82,111,0.22767858,False
DEV_NORMAL_005,83,112,0.23527363,False
DEV_NORMAL_005,84,113,0.21411724,False
DEV_NORMAL_005,85,114,0.22772871,False
DEV_NORMAL_005,86,115,0.22013527,False
DEV_NORMAL_005,87,116,0.21417212,False
DEV_NORMAL_005,88,117,0.22000784,False
DEV_NORMAL_005,89,118,0.22190371,False
DEV_NORMAL_005,90,119,0.20755383,False
DEV_NORMAL_005,91,120,0.2061923,False
DEV_NORMAL_005,92,121,0.22654699,False
DEV_NORMAL_005,93,122,0.22449647,False
DEV_NORMAL_005,94,123,0.23891057,False
DEV_NORMAL_005,95,124,0.23386975,False
DEV_NORMAL_005,96,125,0.24163412,False
DEV_NORMAL_005,97,126,0.27042928,False
DEV_NORMAL_005,98,127,0.2656628,False
DEV_NORMAL_005,99,128,0.27066568,False
DEV_NORMAL_005,100,129,0.26237774,False
DEV_NORMAL_005,101,130,0.2671689,False
DEV_NORMAL_005,102,131,0.27251607,False
DEV_NORMAL_005,103,132,0.27107507,False
DEV_NORMAL_005,104,133,0.23903249,False
DEV_NORMAL_005,105,134,0.23303245,False
DEV_NORMAL_005,106,135,0.2301154,False
DEV_NORMAL_005,107,136,0.24150567,False
DEV_NORMAL_005,108,137,0.26178133,False
DEV_NORMAL_005,109,138,0.23862912,False
DEV_NORMAL_005,110,139,0.23820326,False
DEV_NORMAL_005,111,140,0.24332404,False
DEV_NORMAL_005,112,141,0.2531061,False
DEV_NORMAL_005,113,142,0.23975238,False
DEV_NORMAL_005,114,143,0.24102885,False
DEV_NORMAL_005,115,144,0.25876698,False
DEV_NORMAL_005,116,145,0.2564492,False
DEV_NORMAL_005,117,146,0.2572837,False
DEV_NORMAL_005,118,147,0.2737088,False
DEV_NORMAL_005,119,148,0.28356764,False
DEV_NORMAL_005,120,149,0.28388366,False
DEV_NORMAL_005,121,150,0.27476227,False
DEV_NORMAL_005,122,151,0.26706836,False
DEV_NORMAL_005,123,152,0.25879583,False
DEV_NORMAL_005,124,153,0.26055798,False
DEV_NORMAL_005,125,154,0.23199275,False
DEV_NORMAL_005,126,155,0.22689441,False
DEV_NORMAL_005,127,156,0.22692378,False
DEV_NORMAL_005,128,157,0.22936465,False
DEV_NORMAL_005,129,158,0.23160376,False
DEV_NORMAL_005,130,159,0.23830383,False
DEV_NORMAL_005,131,160,0.24344483,False
DEV_NORMAL_005,132,161,0.2487188,False
DEV_NORMAL_005,133,162,0.24632154,False
DEV_NORMAL_005,134,163,0.24974969,False
DEV_NORMAL_005,135,164,0.2530742,False
DEV_NORMAL_005,136,165,0.252171,False
DEV_NORMAL_005,137,166,0.25948235,False
DEV_NORMAL_005,138,167,0.26343334,False
DEV_NORMAL_005,139,168,0.235339,False
DEV_NORMAL_005,140,169,0.24027677,False
DEV_NORMAL_005,141,170,0.24533129,False
DEV_NORMAL_005,142,171,0.23012179,False
DEV_NORMAL_005,143,172,0.2366135,False
DEV_NORMAL_005,144,173,0.21523012,False
DEV_NORMAL_005,145,174,0.21623741,False
DEV_NORMAL_005,146,175,0.23248185,False
DEV_NORMAL_005,147,176,0.22581352,False
DEV_NORMAL_005,148,177,0.23342071,False
DEV_NORMAL_005,149,178,0.24623927,False
DEV_NORMAL_005,150,179,0.2561535,False
DEV_NORMAL_005,151,180,0.25309768,False
DEV_NORMAL_005,152,181,0.26466256,False
DEV_NORMAL_005,153,182,0.2588133,False
DEV_NORMAL_005,154,183,0.25991505,False
DEV_NORMAL_005,155,184,0.25427568,False
DEV_NORMAL_005,156,185,0.24460454,False
DEV_NORMAL_005,157,186,0.2594658,False
DEV_NORMAL_005,158,187,0.24627893,False
DEV_NORMAL_005,159,188,0.23001081,False
DEV_NORMAL_005,160,189,0.22909276,False
DEV_NORMAL_005,161,190,0.22356868,False
DEV_NORMAL_005,162,191,0.22417341,False
DEV_NORMAL_005,163,192,0.2274757,False
DEV_NORMAL_005,164,193,0.23334599,False
DEV_NORMAL_005,165,194,0.22573996,False
DEV_NORMAL_005,166,195,0.22473015,False
DEV_NORMAL_005,167,196,0.23720153,False
DEV_NORMAL_005,168,197,0.24091762,False
DEV_NORMAL_005,169,198,0.24564019,False
DEV_NORMAL_005,170,199,0.2548185,False
DEV_NORMAL_005,171,200,0.25998557,False
DEV_NORMAL_005,172,201,0.26395178,False
DEV_NORMAL_005,173,202,0.2664744,False
DEV_NORMAL_005,174,203,0.28652185,False
DEV_NORMAL_005,175,204,0.22852132,False
DEV_NORMAL_005,176,205,0.21918516,False
DEV_NORMAL_005,177,206,0.2235219,False
DEV_NORMAL_005,178,207,0.22597627,False
DEV_NORMAL_005,179,208,0.2053058,False
DEV_NORMAL_005,180,209,0.19591533,False
DEV_NORMAL_005,181,210,0.19925827,False
DEV_NORMAL_005,182,211,0.20119946,False
DEV_NORMAL_005,183,212,0.19647175,False
DEV_NORMAL_005,184,213,0.20172104,False
DEV_NORMAL_005,185,214,0.19825181,False
DEV_NORMAL_005,186,215,0.21990514,False
DEV_NORMAL_005,187,216,0.22529802,False
DEV_NORMAL_005,188,217,0.21928594,False
DEV_NORMAL_005,189,218,0.22426857,False
DEV_NORMAL_005,190,219,0.22723526,False
DEV_NORMAL_005,191,220,0.22406165,False
DEV_NORMAL_005,192,221,0.21215875,False
DEV_NORMAL_005,193,222,0.21407458,False
DEV_NORMAL_005,194,223,0.19265217,False
DEV_NORMAL_005,195,224,0.197252,False
DEV_NORMAL_005,196,225,0.2043106,False
DEV_NORMAL_005,197,226,0.21634121,False
DEV_NORMAL_005,198,227,0.21845436,False
DEV_NORMAL_005,199,228,0.21259813,False
DEV_NORMAL_005,200,229,0.19608371,False
DEV_NORMAL_005,201,230,0.21508156,False
DEV_NORMAL_005,202,231,0.21988754,False
DEV_NORMAL_005,203,232,0.20554666,False
DEV_NORMAL_005,204,233,0.204362,False
DEV_NORMAL_005,205,234,0.2041412,False
DEV_NORMAL_005,206,235,0.20057535,False
DEV_NORMAL_005,207,236,0.1989968,False
DEV_NORMAL_005,208,237,0.20521374,False
DEV_NORMAL_005,209,238,0.21709925,False
DEV_NORMAL_005,210,239,0.21374992,False
DEV_NORMAL_005,211,240,0.21071844,False
DEV_NORMAL_005,212,241,0.23124734,False
DEV_NORMAL_005,213,242,0.22767954,False
DEV_NORMAL_005,214,243,0.23718734,False
DEV_NORMAL_005,215,244,0.22449176,False
DEV_NORMAL_005,216,245,0.22209974,False
DEV_NORMAL_005,217,246,0.23505436,False
DEV_NORMAL_005,218,247,0.23078173,False
DEV_NORMAL_005,219,248,0.21286385,False
DEV_NORMAL_005,220,249,0.21662816,False
DEV_NORMAL_005,221,250,0.23015471,False
DEV_NORMAL_005,222,251,0.2272198,False
DEV_NORMAL_005,223,252,0.23391578,False
DEV_NORMAL_005,224,253,0.23457949,False
DEV_NORMAL_005,225,254,0.22876173,False
DEV_NORMAL_005,226,255,0.21882218,False
DEV_NORMAL_005,227,256,0.2193102,False
DEV_NORMAL_005,228,257,0.23242407,False
DEV_NORMAL_005,229,258,0.22853376,False
DEV_NORMAL_005,230,259,0.23245734,False
DEV_NORMAL_005,231,260,0.22861578,False
DEV_NORMAL_005,232,261,0.22102222,False
DEV_NORMAL_005,233,262,0.22025941,False
DEV_NORMAL_005,234,263,0.21176362,False
DEV_NORMAL_005,235,264,0.205705,False
DEV_NORMAL_005,236,265,0.21739228,False
DEV_NORMAL_005,237,266,0.21249303,False
DEV_NORMAL_005,238,267,0.19482924,False
DEV_NORMAL_005,239,268,0.17939061,False
DEV_NORMAL_005,240,269,0.19506861,False
DEV_NORMAL_005,241,270,0.17668003,False
DEV_NORMAL_005,242,271,0.17850709,False
DEV_NORMAL_005,243,272,0.18013376,False
DEV_NORMAL_005,244,273,0.18703502,False
DEV_NORMAL_005,245,274,0.18284646,False
DEV_NORMAL_005,246,275,0.17255229,False
DEV_NORMAL_005,247,276,0.17141765,False
DEV_NORMAL_005,248,277,0.17034432,False
DEV_NORMAL_005,249,278,0.16291046,False
DEV_NORMAL_005,250,279,0.16173834,False
DEV_NORMAL_005,251,280,0.16391453,False
DEV_NORMAL_005,252,281,0.15702982,False
DEV_NORMAL_005,253,282,0.15996787,False
DEV_NORMAL_005,254,283,0.14913,False
DEV_NORMAL_005,255,284,0.16447309,False
DEV_NORMAL_005,256,285,0.14858256,False
DEV_NORMAL_005,257,286,0.16102019,False
DEV_NORMAL_005,258,287,0.16437931,False
DEV_NORMAL_005,259,288,0.16450863,False
DEV_NORMAL_005,260,289,0.16612794,False
DEV_NORMAL_005,261,290,0.17875318,False
DEV_NORMAL_005,262,291,0.17629193,False
DEV_NORMAL_005,263,292,0.18943018,False
DEV_NORMAL_005,264,293,0.18745446,False
DEV_NORMAL_005,265,294,0.18602234,False
DEV_NORMAL_005,266,295,0.20364055,False
DEV_NORMAL_005,267,296,0.2017261,False
DEV_NORMAL_005,268,297,0.19721848,False
DEV_NORMAL_005,269,298,0.19027162,False
DEV_NORMAL_005,270,299,0.18724562,False
DEV_NORMAL_005,271,300,0.1737401,False
DEV_NORMAL_005,272,301,0.18471704,False
DEV_NORMAL_005,273,302,0.1792688,False
DEV_NORMAL_005,274,303,0.19599552,False
DEV_NORMAL_005,275,304,0.20665191,False
DEV_NORMAL_005,276,305,0.20701548,False
DEV_NORMAL_005,277,306,0.21593113,False
DEV_NORMAL_005,278,307,0.23824415,False
DEV_NORMAL_005,279,308,0.23359902,False
DEV_NORMAL_005,280,309,0.2497119,False
DEV_NORMAL_005,281,310,0.25574523,False
DEV_NORMAL_005,282,311,0.2651493,False
DEV_NORMAL_005,283,312,0.26665348,False
DEV_NORMAL_005,284,313,0.26428443,False
DEV_NORMAL_005,285,314,0.23382933,False
DEV_NORMAL_005,286,315,0.24562778,False
DEV_NORMAL_005,287,316,0.23115256,False
DEV_NORMAL_005,288,317,0.24199483,False
DEV_NORMAL_005,289,318,0.24768867,False
DEV_NORMAL_005,290,319,0.24022608,False
DEV_NORMAL_005,291,320,0.25160143,False
DEV_NORMAL_005,292,321,0.24169546,False
DEV_NORMAL_005,293,322,0.23253676,False
DEV_NORMAL_005,294,323,0.2561262,False
DEV_NORMAL_005,295,324,0.2611299,False
DEV_NORMAL_005,296,325,0.2662103,False
DEV_NORMAL_005,297,326,0.27014256,False
DEV_NORMAL_005,298,327,0.28464457,False
DEV_NORMAL_005,299,328,0.29031944,False
DEV_NORMAL_005,300,329,0.2859396,False
DEV_NORMAL_005,301,330,0.27182293,False
DEV_NORMAL_005,302,331,0.27754328,False
DEV_NORMAL_005,303,332,0.26441234,False
DEV_NORMAL_005,304,333,0.24965699,False
DEV_NORMAL_005,305,334,0.24872354,False
DEV_NORMAL_005,306,335,0.23191902,False
DEV_NORMAL_005,307,336,0.23650478,False
DEV_NORMAL_005,308,337,0.2546814,False
DEV_NORMAL_005,309,338,0.24426208,False
DEV_NORMAL_005,310,339,0.23626341,False
DEV_NORMAL_005,311,340,0.24125744,False
DEV_NORMAL_005,312,341,0.25679883,False
DEV_NORMAL_005,313,342,0.2507162,False
DEV_NORMAL_005,314,343,0.2501563,False
DEV_NORMAL_005,315,344,0.2595137,False
DEV_NORMAL_005,316,345,0.25195196,False
DEV_NORMAL_005,317,346,0.25346953,False
DEV_NORMAL_005,318,347,0.23287204,False
DEV_NORMAL_005,319,348,0.23537412,False
DEV_NORMAL_005,320,349,0.2465633,False
DEV_NORMAL_005,321,350,0.21205549,False
DEV_NORMAL_005,322,351,0.20495725,False
DEV_NORMAL_005,323,352,0.18744554,False
DEV_NORMAL_005,324,353,0.18948515,False
DEV_NORMAL_005,325,354,0.18255551,False
DEV_NORMAL_005,326,355,0.1957111,False
DEV_NORMAL_005,327,356,0.19974318,False
DEV_NORMAL_005,328,357,0.19447978,False
DEV_NORMAL_005,329,358,0.19198236,False
DEV_NORMAL_005,330,359,0.20115013,False
DEV_NORMAL_005,331,360,0.2148058,False
DEV_NORMAL_005,332,361,0.22112341,False
DEV_NORMAL_005,333,362,0.21380432,False
DEV_NORMAL_005,334,363,0.21558169,False
DEV_NORMAL_005,335,364,0.21233957,False
DEV_NORMAL_005,336,365,0.22650817,False
DEV_NORMAL_005,337,366,0.2298175,False
DEV_NORMAL_005,338,367,0.21470934,False
DEV_NORMAL_005,339,368,0.22190492,False
DEV_NORMAL_005,340,369,0.22857969,False
DEV_NORMAL_005,341,370,0.22749723,False
DEV_NORMAL_005,342,371,0.21837266,False
DEV_NORMAL_005,343,372,0.20751955,False
DEV_NORMAL_005,344,373,0.21923323,False
DEV_NORMAL_005,345,374,0.23129225,False
DEV_NORMAL_005,346,375,0.21933451,False
DEV_NORMAL_005,347,376,0.23444106,False
DEV_NORMAL_005,348,377,0.24567969,False
DEV_NORMAL_005,349,378,0.25199455,False
DEV_NORMAL_005,350,379,0.23079818,False
DEV_NORMAL_005,351,380,0.23187147,False
DEV_NORMAL_005,352,381,0.22327779,False
DEV_NORMAL_005,353,382,0.23480247,False
DEV_NORMAL_005,354,383,0.23660612,False
DEV_NORMAL_005,355,384,0.24110396,False
DEV_NORMAL_005,356,385,0.21603619,False
DEV_NORMAL_005,357,386,0.21338454,False
DEV_NORMAL_005,358,387,0.22011636,False
DEV_NORMAL_005,359,388,0.21973287,False
DEV_NORMAL_005,360,389,0.1987523,False
DEV_NORMAL_005,361,390,0.20007905,False
DEV_NORMAL_005,362,391,0.2069893,False
DEV_NORMAL_005,363,392,0.20484631,False
DEV_NORMAL_005,364,393,0.20633909,False
DEV_NORMAL_005,365,394,0.21086149,False
DEV_NORMAL_005,366,395,0.21225928,False
DEV_NORMAL_005,367,396,0.19104901,False
DEV_NORMAL_005,368,397,0.1938044,False
DEV_NORMAL_005,369,398,0.18534479,False
DEV_NORMAL_005,370,399,0.18154281,False
DEV_NORMAL_005,371,400,0.18603308,False
DEV_NORMAL_005,372,401,0.16610165,False
DEV_NORMAL_005,373,402,0.16626745,False
DEV_NORMAL_005,374,403,0.15812206,False
DEV_NORMAL_005,375,404,0.17225343,False
DEV_NORMAL_005,376,405,0.17506075,False
DEV_NORMAL_005,377,406,0.17854287,False
DEV_NORMAL_005,378,407,0.1684346,False
DEV_NORMAL_005,379,408,0.18199247,False
DEV_NORMAL_005,380,409,0.18295674,False
DEV_NORMAL_005,381,410,0.17378372,False
DEV_NORMAL_005,382,411,0.16682276,False
DEV_NORMAL_005,383,412,0.17263831,False
DEV_NORMAL_005,384,413,0.16650046,False
DEV_NORMAL_005,385,414,0.17471784,False
DEV_NORMAL_005,386,415,0.17879365,False
DEV_NORMAL_005,387,416,0.18210465,False
DEV_NORMAL_005,388,417,0.18325287,False
DEV_NORMAL_005,389,418,0.18730189,False
DEV_NORMAL_005,390,419,0.18291019,False
DEV_NORMAL_005,391,420,0.17270194,False
DEV_NORMAL_005,392,421,0.17895228,False
DEV_NORMAL_005,393,422,0.18258518,False
DEV_NORMAL_005,394,423,0.19851866,False
DEV_NORMAL_005,395,424,0.2054774,False
DEV_NORMAL_005,396,425,0.21771695,False
DEV_NORMAL_005,397,426,0.21714868,False
DEV_NORMAL_005,398,427,0.21794745,False
DEV_NORMAL_005,399,428,0.22199449,False
DEV_NORMAL_005,400,429,0.20796873,False
DEV_NORMAL_005,401,430,0.21234448,False
DEV_NORMAL_005,402,431,0.21090886,False
DEV_NORMAL_005,403,432,0.20633593,False
DEV_NORMAL_005,404,433,0.20297432,False
DEV_NORMAL_005,405,434,0.20738862,False
DEV_NORMAL_005,406,435,0.19251609,False
DEV_NORMAL_005,407,436,0.19828941,False
DEV_NORMAL_005,408,437,0.21536799,False
DEV_NORMAL_005,409,438,0.21872377,False
DEV_NORMAL_005,410,439,0.21060278,False
DEV_NORMAL_005,411,440,0.21496296,False
DEV_NORMAL_005,412,441,0.22380114,False
DEV_NORMAL_005,413,442,0.22476894,False
DEV_NORMAL_005,414,443,0.20033497,False
DEV_NORMAL_005,415,444,0.19858368,False
DEV_NORMAL_005,416,445,0.20094118,False
DEV_NORMAL_005,417,446,0.21340588,False
DEV_NORMAL_005,418,447,0.21292938,False
DEV_NORMAL_005,419,448,0.22225673,False
DEV_NORMAL_005,420,449,0.2222792,False
DEV_NORMAL_005,421,450,0.21275139,False
DEV_NORMAL_005,422,451,0.21964881,False
DEV_NORMAL_005,423,452,0.1923006,False
DEV_NORMAL_005,424,453,0.1984308,False
DEV_NORMAL_005,425,454,0.1891816,False
DEV_NORMAL_005,426,455,0.20459598,False
DEV_NORMAL_005,427,456,0.21285862,False
DEV_NORMAL_005,428,457,0.21447767,False
DEV_NORMAL_005,429,458,0.227106,False
DEV_NORMAL_005,430,459,0.23505336,False
DEV_NORMAL_005,431,460,0.23836806,False
DEV_NORMAL_005,432,461,0.24059965,False
DEV_NORMAL_005,433,462,0.23876753,False
DEV_NORMAL_005,434,463,0.23123804,False
DEV_NORMAL_005,435,464,0.22097413,False
DEV_NORMAL_005,436,465,0.22965667,False
DEV_NORMAL_005,437,466,0.22717641,False
DEV_NORMAL_005,438,467,0.21935418,False
DEV_NORMAL_005,439,468,0.22024307,False
DEV_NORMAL_005,440,469,0.23684162,False
DEV_NORMAL_005,441,470,0.22987196,False
DEV_NORMAL_005,442,471,0.26706505,False
DEV_NORMAL_005,443,472,0.26714024,False
DEV_NORMAL_005,444,473,0.2652586,False
DEV_NORMAL_005,445,474,0.26785174,False
DEV_NORMAL_005,446,475,0.26076227,False
DEV_NORMAL_005,447,476,0.26691994,False
DEV_NORMAL_005,448,477,0.25553378,False
DEV_NORMAL_005,449,478,0.25783718,False
DEV_NORMAL_005,450,479,0.26006603,False
DEV_NORMAL_005,451,480,0.2576804,False
DEV_NORMAL_005,452,481,0.25544536,False
DEV_NORMAL_005,453,482,0.26242542,False
DEV_NORMAL_005,454,483,0.2620774,False
DEV_NORMAL_005,455,484,0.2324659,False
DEV_NORMAL_005,456,485,0.24655138,False
DEV_NORMAL_005,457,486,0.26538098,False
DEV_NORMAL_005,458,487,0.2759157,False
DEV_NORMAL_005,459,488,0.28733408,False
DEV_NORMAL_005,460,489,0.27894813,False
DEV_NORMAL_005,461,490,0.27211285,False
DEV_NORMAL_005,462,491,0.29468453,True
DEV_NORMAL_005,463,492,0.29761136,True
DEV_NORMAL_005,464,493,0.30915,True
DEV_NORMAL_005,465,494,0.30136406,True
DEV_NORMAL_005,466,495,0.30781022,True
DEV_NORMAL_005,467,496,0.30770162,True
DEV_NORMAL_005,468,497,0.29511926,True
DEV_NORMAL_005,469,498,0.29662654,True
DEV_NORMAL_005,470,499,0.2804267,False
DEV_NORMAL_005,471,500,0.26714772,False
DEV_NORMAL_005,472,501,0.27612147,False
DEV_NORMAL_005,473,502,0.27084082,False
DEV_NORMAL_005,474,503,0.27557462,False
DEV_NORMAL_005,475,504,0.2823529,False
DEV_NORMAL_005,476,505,0.2899456,False
DEV_NORMAL_005,477,506,0.29205307,True
DEV_NORMAL_005,478,507,0.28068626,False
DEV_NORMAL_005,479,508,0.263737,False
DEV_NORMAL_005,480,509,0.28051051,False
DEV_NORMAL_005,481,510,0.28600377,False
DEV_NORMAL_005,482,511,0.27668095,False
DEV_NORMAL_005,483,512,0.28239012,False
DEV_NORMAL_005,484,513,0.29205328,True
DEV_NORMAL_005,485,514,0.27864522,False
DEV_NORMAL_005,486,515,0.2613942,False
DEV_NORMAL_005,487,516,0.2827036,False
DEV_NORMAL_005,488,517,0.2605547,False
DEV_NORMAL_005,489,518,0.24642967,False
DEV_NORMAL_005,490,519,0.24123158,False
DEV_NORMAL_005,491,520,0.22770523,False
DEV_NORMAL_005,492,521,0.2401275,False
DEV_NORMAL_005,493,522,0.25560156,False
DEV_NORMAL_005,494,523,0.25626546,False
DEV_NORMAL_005,495,524,0.2392468,False
DEV_NORMAL_005,496,525,0.25169313,False
DEV_NORMAL_005,497,526,0.24242376,False
DEV_NORMAL_005,498,527,0.24564123,False
DEV_NORMAL_005,499,528,0.24788961,False
DEV_NORMAL_005,500,529,0.2630963,False
DEV_NORMAL_005,501,530,0.26212022,False
DEV_NORMAL_005,502,531,0.27383688,False
DEV_NORMAL_005,503,532,0.267582,False
DEV_NORMAL_005,504,533,0.25377372,False
DEV_NORMAL_005,505,534,0.2560112,False
DEV_NORMAL_005,506,535,0.25596267,False
DEV_NORMAL_005,507,536,0.26455173,False
DEV_NORMAL_005,508,537,0.271229,False
DEV_NORMAL_005,509,538,0.27014178,False
DEV_NORMAL_005,510,539,0.26797178,False
DEV_NORMAL_005,511,540,0.25833172,False
DEV_NORMAL_005,512,541,0.26917735,False
DEV_NORMAL_005,513,542,0.2690696,False
DEV_NORMAL_005,514,543,0.25736532,False
DEV_NORMAL_005,515,544,0.26000014,False
DEV_NORMAL_005,516,545,0.2515956,False
DEV_NORMAL_005,517,546,0.25748536,False
DEV_NORMAL_005,518,547,0.24428615,False
DEV_NORMAL_005,519,548,0.24774484,False
DEV_NORMAL_005,520,549,0.24962063,False
DEV_NORMAL_005,521,550,0.2367349,False
DEV_NORMAL_005,522,551,0.24248664,False
DEV_NORMAL_005,523,552,0.21942265,False
DEV_NORMAL_005,524,553,0.19843303,False
DEV_NORMAL_005,525,554,0.19639724,False
DEV_NORMAL_005,526,555,0.185217,False
DEV_NORMAL_005,527,556,0.19172285,False
DEV_NORMAL_005,528,557,0.20350672,False
DEV_NORMAL_005,529,558,0.19646455,False
DEV_NORMAL_005,530,559,0.19344823,False
DEV_NORMAL_005,531,560,0.19459733,False
DEV_NORMAL_005,532,561,0.19347861,False
DEV_NORMAL_005,533,562,0.18824707,False
DEV_NORMAL_005,534,563,0.18859616,False
DEV_NORMAL_005,535,564,0.18153197,False
DEV_NORMAL_005,536,565,0.16458358,False
DEV_NORMAL_005,537,566,0.1562034,False
DEV_NORMAL_005,538,567,0.1549889,False
DEV_NORMAL_005,539,568,0.16600291,False
DEV_NORMAL_005,540,569,0.15775636,False
DEV_NORMAL_005,541,570,0.151959,False
DEV_NORMAL_005,542,571,0.16456951,False
DEV_NORMAL_005,543,572,0.16147374,False
DEV_NORMAL_005,544,573,0.16152881,False
DEV_NORMAL_005,545,574,0.15995738,False
DEV_NORMAL_005,546,575,0.20325254,False
DEV_NORMAL_005,547,576,0.19440337,False
DEV_NORMAL_005,548,577,0.18597642,False
DEV_NORMAL_005,549,578,0.21317546,False
DEV_NORMAL_005,550,579,0.20036182,False
DEV_NORMAL_005,551,580,0.20984782,False
DEV_NORMAL_005,552,581,0.21377929,False
DEV_NORMAL_005,553,582,0.21974705,False
DEV_NORMAL_005,554,583,0.22279052,False
DEV_NORMAL_005,555,584,0.21832556,False
DEV_NORMAL_005,556,585,0.2264172,False
DEV_NORMAL_005,557,586,0.22392511,False
DEV_NORMAL_005,558,587,0.22445662,False
DEV_NORMAL_005,559,588,0.2295452,False
DEV_NORMAL_005,560,589,0.22873469,False
DEV_NORMAL_005,561,590,0.22451432,False
DEV_NORMAL_005,562,591,0.22072029,False
DEV_NORMAL_005,563,592,0.22749855,False
DEV_NORMAL_005,564,593,0.23274565,False
DEV_NORMAL_005,565,594,0.2283567,False
DEV_NORMAL_005,566,595,0.23411305,False
DEV_NORMAL_005,567,596,0.23828474,False
DEV_NORMAL_005,568,597,0.23535421,False
DEV_NORMAL_005,569,598,0.23450314,False
DEV_NORMAL_005,570,599,0.234142,False
DEV_NORMAL_005,571,600,0.23825882,False
DEV_NORMAL_005,572,601,0.22968385,False
DEV_NORMAL_005,573,602,0.22364661,False
DEV_NORMAL_005,574,603,0.22467555,False
DEV_NORMAL_005,575,604,0.19074054,False
DEV_NORMAL_005,576,605,0.19277532,False
DEV_NORMAL_005,577,606,0.15756254,False
DEV_NORMAL_005,578,607,0.14777619,False
DEV_NORMAL_005,579,608,0.15190001,False
DEV_NORMAL_005,580,609,0.15902239,False
DEV_NORMAL_005,581,610,0.16016057,False
DEV_NORMAL_005,582,611,0.15225293,False
DEV_NORMAL_005,583,612,0.15266734,False
DEV_NORMAL_005,584,613,0.16377208,False
DEV_NORMAL_005,585,614,0.1680351,False
DEV_NORMAL_005,586,615,0.16622578,False
DEV_NORMAL_005,587,616,0.16956905,False
DEV_NORMAL_005,588,617,0.17300393,False
DEV_NORMAL_005,589,618,0.17934813,False
DEV_NORMAL_005,590,619,0.18512082,False
DEV_NORMAL_005,591,620,0.19086315,False
DEV_NORMAL_005,592,621,0.17987223,False
DEV_NORMAL_005,593,622,0.18269232,False
DEV_NORMAL_005,594,623,0.20353527,False
DEV_NORMAL_005,595,624,0.1972327,False
DEV_NORMAL_005,596,625,0.20251416,False
DEV_NORMAL_005,597,626,0.20022097,False
DEV_NORMAL_005,598,627,0.20826316,False
DEV_NORMAL_005,599,628,0.21013294,False
DEV_NORMAL_005,600,629,0.22201204,False
DEV_NORMAL_005,601,630,0.23063211,False
DEV_NORMAL_005,602,631,0.24005136,False
DEV_NORMAL_005,603,632,0.23001124,False
DEV_NORMAL_005,604,633,0.24102277,False
DEV_NORMAL_005,605,634,0.24451987,False
DEV_NORMAL_005,606,635,0.2524516,False
DEV_NORMAL_005,607,636,0.26979652,False
DEV_NORMAL_005,608,637,0.25927913,False
DEV_NORMAL_005,609,638,0.24519512,False
DEV_NORMAL_005,610,639,0.25200853,False
DEV_NORMAL_005,611,640,0.2349925,False
DEV_NORMAL_005,612,641,0.24736401,False
DEV_NORMAL_005,613,642,0.23891334,False
DEV_NORMAL_005,614,643,0.24305797,False
DEV_NORMAL_005,615,644,0.24106948,False
DEV_NORMAL_005,616,645,0.23020795,False
DEV_NORMAL_005,617,646,0.23625226,False
DEV_NORMAL_005,618,647,0.22449163,False
DEV_NORMAL_005,619,648,0.22556023,False
DEV_NORMAL_005,620,649,0.22383112,False
DEV_NORMAL_005,621,650,0.22229739,False
DEV_NORMAL_005,622,651,0.22189353,False
DEV_NORMAL_005,623,652,0.21524183,False
DEV_NORMAL_005,624,653,0.22130312,False
DEV_NORMAL_005,625,654,0.21612763,False
DEV_NORMAL_005,626,655,0.2103465,False
DEV_NORMAL_005,627,656,0.20347217,False
DEV_NORMAL_005,628,657,0.21017863,False
DEV_NORMAL_005,629,658,0.20582342,False
DEV_NORMAL_005,630,659,0.21212645,False
DEV_NORMAL_005,631,660,0.21783848,False
DEV_NORMAL_005,632,661,0.21162106,False
DEV_NORMAL_005,633,662,0.20700951,False
DEV_NORMAL_005,634,663,0.18550502,False
DEV_NORMAL_005,635,664,0.18774192,False
DEV_NORMAL_005,636,665,0.18271342,False
DEV_NORMAL_005,637,666,0.1825727,False
DEV_NORMAL_005,638,667,0.19267234,False
DEV_NORMAL_005,639,668,0.18808359,False
DEV_NORMAL_005,640,669,0.19220366,False
DEV_NORMAL_005,641,670,0.19086488,False
DEV_NORMAL_005,642,671,0.1859343,False
DEV_NORMAL_005,643,672,0.17867765,False
DEV_NORMAL_005,644,673,0.1860392,False
DEV_NORMAL_005,645,674,0.18332066,False
DEV_NORMAL_005,646,675,0.17607634,False
DEV_NORMAL_005,647,676,0.1768963,False
DEV_NORMAL_005,648,677,0.1792671,False
DEV_NORMAL_005,649,678,0.17342298,False
DEV_NORMAL_005,650,679,0.16993816,False
DEV_NORMAL_005,651,680,0.17507254,False
DEV_NORMAL_005,652,681,0.18512599,False
DEV_NORMAL_005,653,682,0.17878069,False
DEV_NORMAL_005,654,683,0.17701714,False
DEV_NORMAL_005,655,684,0.19216841,False
DEV_NORMAL_005,656,685,0.17920518,False
DEV_NORMAL_005,657,686,0.1902988,False
DEV_NORMAL_005,658,687,0.19695555,False
DEV_NORMAL_005,659,688,0.19416873,False
DEV_NORMAL_005,660,689,0.19145657,False
DEV_NORMAL_005,661,690,0.1840303,False
DEV_NORMAL_005,662,691,0.20279685,False
DEV_NORMAL_005,663,692,0.19726798,False
DEV_NORMAL_005,664,693,0.24647273,False
DEV_NORMAL_005,665,694,0.24676132,False
DEV_NORMAL_005,666,695,0.23147483,False
DEV_NORMAL_005,667,696,0.24690637,False
DEV_NORMAL_005,668,697,0.24867229,False
DEV_NORMAL_005,669,698,0.25105646,False
DEV_NORMAL_005,670,699,0.26043263,False
DEV_NORMAL_005,671,700,0.2651188,False
DEV_NORMAL_005,672,701,0.24360876,False
DEV_NORMAL_005,673,702,0.2561523,False
DEV_NORMAL_005,674,703,0.2517013,False
DEV_NORMAL_005,675,704,0.25128305,False
DEV_NORMAL_005,676,705,0.2799943,False
DEV_NORMAL_005,677,706,0.27059358,False
DEV_NORMAL_005,678,707,0.26559004,False
DEV_NORMAL_005,679,708,0.26723343,False
DEV_NORMAL_005,680,709,0.28402036,False
DEV_NORMAL_005,681,710,0.26597276,False
DEV_NORMAL_005,682,711,0.28156644,False
DEV_NORMAL_005,683,712,0.30433586,True
DEV_NORMAL_005,684,713,0.29987633,True
DEV_NORMAL_005,685,714,0.29090768,False
DEV_NORMAL_005,686,715,0.2819327,False
DEV_NORMAL_005,687,716,0.2862316,False
DEV_NORMAL_005,688,717,0.27601904,False
DEV_NORMAL_005,689,718,0.27166286,False
DEV_NORMAL_005,690,719,0.25724688,False
DEV_NORMAL_005,691,720,0.24654196,False
DEV_NORMAL_005,692,721,0.23960239,False
DEV_NORMAL_005,693,722,0.22574575,False
DEV_NORMAL_005,694,723,0.21078888,False
DEV_NORMAL_005,695,724,0.2075595,False
DEV_NORMAL_005,696,725,0.21242362,False
DEV_NORMAL_005,697,726,0.21533127,False
DEV_NORMAL_005,698,727,0.21566954,False
DEV_NORMAL_005,699,728,0.20710962,False
DEV_NORMAL_005,700,729,0.2134243,False
DEV_NORMAL_005,701,730,0.20098798,False
DEV_NORMAL_005,702,731,0.20901845,False
DEV_NORMAL_005,703,732,0.20011756,False
DEV_NORMAL_005,704,733,0.19805323,False
DEV_NORMAL_005,705,734,0.2030036,False
DEV_NORMAL_005,706,735,0.20737861,False
DEV_NORMAL_005,707,736,0.24366887,False
DEV_NORMAL_005,708,737,0.25930715,False
DEV_NORMAL_005,709,738,0.24936113,False
DEV_NORMAL_005,710,739,0.23875766,False
DEV_NORMAL_005,711,740,0.23784794,False
DEV_NORMAL_005,712,741,0.2507274,False
DEV_NORMAL_005,713,742,0.23155436,False
DEV_NORMAL_005,714,743,0.2224539,False
DEV_NORMAL_005,715,744,0.2299539,False
DEV_NORMAL_005,716,745,0.23797305,False
DEV_NORMAL_005,717,746,0.23414254,False
DEV_NORMAL_005,718,747,0.24140327,False
DEV_NORMAL_005,719,748,0.2491924,False
DEV_NORMAL_005,720,749,0.26122752,False
DEV_NORMAL_005,721,750,0.2596096,False
DEV_NORMAL_005,722,751,0.2523815,False
DEV_NORMAL_005,723,752,0.2543392,False
DEV_NORMAL_005,724,753,0.25157726,False
DEV_NORMAL_005,725,754,0.25882968,False
DEV_NORMAL_005,726,755,0.2672491,False
DEV_NORMAL_005,727,756,0.26147208,False
DEV_NORMAL_005,728,757,0.26701018,False
DEV_NORMAL_005,729,758,0.26643214,False
DEV_NORMAL_005,730,759,0.2714981,False
DEV_NORMAL_005,731,760,0.26020235,False
DEV_NORMAL_005,732,761,0.26546228,False
DEV_NORMAL_005,733,762,0.2626347,False
DEV_NORMAL_005,734,763,0.2640474,False
DEV_NORMAL_005,735,764,0.25052997,False
DEV_NORMAL_005,736,765,0.23297672,False
DEV_NORMAL_005,737,766,0.22818333,False
DEV_NORMAL_005,738,767,0.20691377,False
DEV_NORMAL_005,739,768,0.20910653,False
DEV_NORMAL_005,740,769,0.21467909,False
DEV_NORMAL_005,741,770,0.20772682,False
DEV_NORMAL_005,742,771,0.21632583,False
DEV_NORMAL_005,743,772,0.20530589,False
DEV_NORMAL_005,744,773,0.21201296,False
DEV_NORMAL_005,745,774,0.19847965,False
DEV_NORMAL_005,746,775,0.21297505,False
DEV_NORMAL_005,747,776,0.21913335,False
DEV_NORMAL_005,748,777,0.21940225,False
DEV_NORMAL_005,749,778,0.2159081,False
DEV_NORMAL_005,750,779,0.22451907,False
DEV_NORMAL_005,751,780,0.23022908,False
DEV_NORMAL_005,752,781,0.21577977,False
DEV_NORMAL_005,753,782,0.22110638,False
DEV_NORMAL_005,754,783,0.2230917,False
DEV_NORMAL_005,755,784,0.20201845,False
DEV_NORMAL_005,756,785,0.21383753,False
DEV_NORMAL_005,757,786,0.21755804,False
DEV_NORMAL_005,758,787,0.217585,False
DEV_NORMAL_005,759,788,0.22001337,False
DEV_NORMAL_005,760,789,0.21220146,False
DEV_NORMAL_005,761,790,0.24082428,False
DEV_NORMAL_005,762,791,0.23103662,False
DEV_NORMAL_005,763,792,0.22745213,False
DEV_NORMAL_005,764,793,0.23362532,False
DEV_NORMAL_005,765,794,0.22431125,False
DEV_NORMAL_005,766,795,0.24123341,False
DEV_NORMAL_005,767,796,0.23017369,False
DEV_NORMAL_005,768,797,0.23833135,False
DEV_NORMAL_005,769,798,0.239948,False
DEV_NORMAL_005,770,799,0.22685738,False
DEV_NORMAL_005,771,800,0.23457597,False
DEV_NORMAL_005,772,801,0.23841466,False
DEV_NORMAL_005,773,802,0.22844683,False
DEV_NORMAL_005,774,803,0.22660473,False
DEV_NORMAL_005,775,804,0.21006663,False
DEV_NORMAL_005,776,805,0.22619328,False
DEV_NORMAL_005,777,806,0.2190428,False
DEV_NORMAL_005,778,807,0.23304282,False
DEV_NORMAL_005,779,808,0.22759154,False
DEV_NORMAL_005,780,809,0.21694352,False
DEV_NORMAL_005,781,810,0.23483613,False
DEV_NORMAL_005,782,811,0.23145622,False
DEV_NORMAL_005,783,812,0.23508917,False
DEV_NORMAL_005,784,813,0.22534953,False
DEV_NORMAL_005,785,814,0.23099102,False
DEV_NORMAL_005,786,815,0.20194998,False
DEV_NORMAL_005,787,816,0.21392792,False
DEV_NORMAL_005,788,817,0.21923393,False
DEV_NORMAL_005,789,818,0.21708657,False
DEV_NORMAL_005,790,819,0.2205664,False
DEV_NORMAL_005,791,820,0.2071055,False
DEV_NORMAL_005,792,821,0.21981233,False
DEV_NORMAL_005,793,822,0.23085286,False
DEV_NORMAL_005,794,823,0.21189496,False
DEV_NORMAL_005,795,824,0.20440796,False
DEV_NORMAL_005,796,825,0.20168085,False
DEV_NORMAL_005,797,826,0.20127256,False
DEV_NORMAL_005,798,827,0.20095181,False
DEV_NORMAL_005,799,828,0.20258938,False
DEV_NORMAL_005,800,829,0.2042545,False
DEV_NORMAL_005,801,830,0.20490123,False
DEV_NORMAL_005,802,831,0.21307157,False
DEV_NORMAL_005,803,832,0.20618123,False
DEV_NORMAL_005,804,833,0.20538254,False
DEV_NORMAL_005,805,834,0.1999199,False
DEV_NORMAL_005,806,835,0.19463262,False
DEV_NORMAL_005,807,836,0.1840599,False
DEV_NORMAL_005,808,837,0.18289477,False
DEV_NORMAL_005,809,838,0.17939533,False
DEV_NORMAL_005,810,839,0.18102667,False
DEV_NORMAL_005,811,840,0.19662192,False
DEV_NORMAL_005,812,841,0.20489863,False
DEV_NORMAL_005,813,842,0.22951524,False
DEV_NORMAL_005,814,843,0.21338135,False
DEV_NORMAL_005,815,844,0.21120638,False
DEV_NORMAL_005,816,845,0.20526396,False
DEV_NORMAL_005,817,846,0.20415561,False
DEV_NORMAL_005,818,847,0.20339139,False
DEV_NORMAL_005,819,848,0.1985647,False
DEV_NORMAL_005,820,849,0.19397955,False
DEV_NORMAL_005,821,850,0.20576154,False
DEV_NORMAL_005,822,851,0.20577158,False
DEV_NORMAL_005,823,852,0.19263346,False
DEV_NORMAL_005,824,853,0.1892374,False
DEV_NORMAL_005,825,854,0.1955046,False
DEV_NORMAL_005,826,855,0.21720724,False
DEV_NORMAL_005,827,856,0.22498658,False
DEV_NORMAL_005,828,857,0.2182176,False
DEV_NORMAL_005,829,858,0.20491038,False
DEV_NORMAL_005,830,859,0.20982781,False
DEV_NORMAL_005,831,860,0.20815037,False
DEV_NORMAL_005,832,861,0.21966432,False
DEV_NORMAL_005,833,862,0.21497732,False
DEV_NORMAL_005,834,863,0.20381184,False
DEV_NORMAL_005,835,864,0.19415127,False
DEV_NORMAL_005,836,865,0.19233768,False
DEV_NORMAL_005,837,866,0.19755615,False
DEV_NORMAL_005,838,867,0.19638786,False
DEV_NORMAL_005,839,868,0.18528743,False
DEV_NORMAL_005,840,869,0.17122513,False
DEV_NORMAL_005,841,870,0.16477351,False
DEV_NORMAL_005,842,871,0.1661856,False
DEV_NORMAL_005,843,872,0.17215027,False
DEV_NORMAL_005,844,873,0.18108287,False
DEV_NORMAL_005,845,874,0.17478047,False
DEV_NORMAL_005,846,875,0.19013245,False
DEV_NORMAL_005,847,876,0.19450636,False
DEV_NORMAL_005,848,877,0.18766162,False
DEV_NORMAL_005,849,878,0.19905066,False
DEV_NORMAL_005,850,879,0.20109385,False
DEV_NORMAL_005,851,880,0.19608647,False
DEV_NORMAL_005,852,881,0.20013052,False
DEV_NORMAL_005,853,882,0.19496354,False
DEV_NORMAL_005,854,883,0.1918005,False
DEV_NORMAL_005,855,884,0.19940466,False
DEV_NORMAL_005,856,885,0.17373766,False
DEV_NORMAL_005,857,886,0.1812891,False
DEV_NORMAL_005,858,887,0.16927433,False
DEV_NORMAL_005,859,888,0.17206722,False
DEV_NORMAL_005,860,889,0.17208238,False
DEV_NORMAL_005,861,890,0.17297257,False
DEV_NORMAL_005,862,891,0.1757604,False
DEV_NORMAL_005,863,892,0.180955,False
DEV_NORMAL_005,864,893,0.17711718,False
DEV_NORMAL_005,865,894,0.19467029,False
DEV_NORMAL_005,866,895,0.19591334,False
DEV_NORMAL_005,867,896,0.20630464,False
DEV_NORMAL_005,868,897,0.19266142,False
DEV_NORMAL_005,869,898,0.20071481,False
DEV_NORMAL_005,870,899,0.21542367,False
DEV_NORMAL_005,871,900,0.22123273,False
DEV_NORMAL_005,872,901,0.1994729,False
DEV_NORMAL_005,873,902,0.18799973,False
DEV_NORMAL_005,874,903,0.20341614,False
DEV_NORMAL_005,875,904,0.20880847,False
DEV_NORMAL_005,876,905,0.19309111,False
DEV_NORMAL_005,877,906,0.20993966,False
DEV_NORMAL_005,878,907,0.21836227,False
DEV_NORMAL_005,879,908,0.21313389,False
DEV_NORMAL_005,880,909,0.2185194,False
DEV_NORMAL_005,881,910,0.22908236,False
DEV_NORMAL_005,882,911,0.2304658,False
DEV_NORMAL_005,883,912,0.23484755,False
DEV_NORMAL_005,884,913,0.25424534,False
DEV_NORMAL_005,885,914,0.24768645,False
DEV_NORMAL_005,886,915,0.23516841,False
DEV_NORMAL_005,887,916,0.24088977,False
DEV_NORMAL_005,888,917,0.23884836,False
DEV_NORMAL_005,889,918,0.24667846,False
DEV_NORMAL_005,890,919,0.25197446,False
DEV_NORMAL_005,891,920,0.24470015,False
DEV_NORMAL_005,892,921,0.24436389,False
DEV_NORMAL_005,893,922,0.24044347,False
DEV_NORMAL_005,894,923,0.24814826,False
DEV_NORMAL_005,895,924,0.24969953,False
DEV_NORMAL_005,896,925,0.23612794,False
DEV_NORMAL_005,897,926,0.22886728,False
DEV_NORMAL_005,898,927,0.23368129,False
DEV_NORMAL_005,899,928,0.22686608,False
DEV_NORMAL_005,900,929,0.228475,False
DEV_NORMAL_005,901,930,0.21893257,False
DEV_NORMAL_005,902,931,0.21142751,False
DEV_NORMAL_005,903,932,0.21046065,False
DEV_NORMAL_005,904,933,0.2039078,False
DEV_NORMAL_005,905,934,0.19334008,False
DEV_NORMAL_005,906,935,0.19643989,False
DEV_NORMAL_005,907,936,0.20161436,False
DEV_NORMAL_005,908,937,0.20067953,False
DEV_NORMAL_005,909,938,0.20153587,False
DEV_NORMAL_005,910,939,0.19893795,False
DEV_NORMAL_005,911,940,0.18511547,False
DEV_NORMAL_005,912,941,0.18930712,False
DEV_NORMAL_005,913,942,0.19325218,False
DEV_NORMAL_005,914,943,0.19526474,False
DEV_NORMAL_005,915,944,0.20921816,False
DEV_NORMAL_005,916,945,0.20943041,False
DEV_NORMAL_005,917,946,0.21029094,False
DEV_NORMAL_005,918,947,0.20686823,False
DEV_NORMAL_005,919,948,0.21125631,False
DEV_NORMAL_005,920,949,0.21065879,False
DEV_NORMAL_005,921,950,0.20479558,False
DEV_NORMAL_005,922,951,0.19568166,False
DEV_NORMAL_005,923,952,0.2020833,False
DEV_NORMAL_005,924,953,0.2043669,False
DEV_NORMAL_005,925,954,0.20917359,False
DEV_NORMAL_005,926,955,0.20188488,False
DEV_NORMAL_005,927,956,0.20651336,False
DEV_NORMAL_005,928,957,0.21292801,False
DEV_NORMAL_005,929,958,0.22379261,False
DEV_NORMAL_005,930,959,0.21360035,False
DEV_NORMAL_005,931,960,0.21068642,False
DEV_NORMAL_005,932,961,0.211498,False
DEV_NORMAL_005,933,962,0.20042232,False
DEV_NORMAL_005,934,963,0.20303647,False
DEV_NORMAL_005,935,964,0.2044201,False
DEV_NORMAL_005,936,965,0.21041514,False
DEV_NORMAL_005,937,966,0.20764884,False
DEV_NORMAL_005,938,967,0.21767333,False
DEV_NORMAL_005,939,968,0.216466,False
DEV_NORMAL_005,940,969,0.21710469,False
DEV_NORMAL_005,941,970,0.23436792,False
DEV_NORMAL_005,942,971,0.2015116,False
DEV_NORMAL_005,943,972,0.19425362,False
DEV_NORMAL_005,944,973,0.18907592,False
DEV_NORMAL_005,945,974,0.18785547,False
DEV_NORMAL_005,946,975,0.18409577,False
DEV_NORMAL_005,947,976,0.18184106,False
DEV_NORMAL_005,948,977,0.19183768,False
DEV_NORMAL_005,949,978,0.21389249,False
DEV_NORMAL_005,950,979,0.2224585,False
DEV_NORMAL_005,951,980,0.24190982,False
DEV_NORMAL_005,952,981,0.2358158,False
DEV_NORMAL_005,953,982,0.22592679,False
DEV_NORMAL_005,954,983,0.21210423,False
DEV_NORMAL_005,955,984,0.21345368,False
DEV_NORMAL_005,956,985,0.2277454,False
DEV_NORMAL_005,957,986,0.2337224,False
DEV_NORMAL_005,958,987,0.22530223,False
DEV_NORMAL_005,959,988,0.22832027,False
DEV_NORMAL_005,960,989,0.23035143,False
DEV_NORMAL_005,961,990,0.22993402,False
DEV_NORMAL_005,962,991,0.23062836,False
DEV_NORMAL_005,963,992,0.23298518,False
DEV_NORMAL_005,964,993,0.2199853,False
DEV_NORMAL_005,965,994,0.23647746,False
DEV_NORMAL_005,966,995,0.22125314,False
DEV_NORMAL_005,967,996,0.21191172,False
DEV_NORMAL_005,968,997,0.21903953,False
DEV_NORMAL_005,969,998,0.21869092,False
DEV_NORMAL_005,970,999,0.22579937,False
DEV_NORMAL_005,971,1000,0.22903429,False
DEV_NORMAL_005,972,1001,0.22575463,False
DEV_NORMAL_005,973,1002,0.2234222,False
DEV_NORMAL_005,974,1003,0.2297798,False
DEV_NORMAL_005,975,1004,0.23426297,False
DEV_NORMAL_005,976,1005,0.24357904,False
DEV_NORMAL_005,977,1006,0.2548366,False
DEV_NORMAL_005,978,1007,0.20786625,False
DEV_NORMAL_005,979,1008,0.21667697,False
DEV_NORMAL_005,980,1009,0.20060846,False
DEV_NORMAL_005,981,1010,0.19439764,False
DEV_NORMAL_005,982,1011,0.20125905,False
DEV_NORMAL_005,983,1012,0.20485531,False
DEV_NORMAL_005,984,1013,0.20239592,False
DEV_NORMAL_005,985,1014,0.18796156,False
DEV_NORMAL_005,986,1015,0.18640853,False
DEV_NORMAL_005,987,1016,0.19301489,False
DEV_NORMAL_005,988,1017,0.19924237,False
DEV_NORMAL_005,989,1018,0.20125426,False
DEV_NORMAL_005,990,1019,0.20067151,False
DEV_NORMAL_005,991,1020,0.22049192,False
DEV_NORMAL_005,992,1021,0.22549888,False
DEV_NORMAL_005,993,1022,0.20962118,False
DEV_NORMAL_005,994,1023,0.20305471,False
DEV_NORMAL_005,995,1024,0.21329126,False
DEV_NORMAL_005,996,1025,0.19814508,False
DEV_NORMAL_005,997,1026,0.19472326,False
DEV_NORMAL_005,998,1027,0.1884804,False
DEV_NORMAL_005,999,1028,0.1757314,False
DEV_NORMAL_005,1000,1029,0.17269781,False
DEV_NORMAL_005,1001,1030,0.16284141,False
DEV_NORMAL_005,1002,1031,0.17395133,False
DEV_NORMAL_005,1003,1032,0.17270231,False
DEV_NORMAL_005,1004,1033,0.15997556,False
DEV_NORMAL_005,1005,1034,0.16540521,False
DEV_NORMAL_005,1006,1035,0.16431278,False
DEV_NORMAL_005,1007,1036,0.1605881,False
DEV_NORMAL_005,1008,1037,0.17639779,False
DEV_NORMAL_005,1009,1038,0.17769991,False
DEV_NORMAL_005,1010,1039,0.16966242,False
DEV_NORMAL_005,1011,1040,0.17564751,False
DEV_NORMAL_005,1012,1041,0.17744859,False
DEV_NORMAL_005,1013,1042,0.18566898,False
DEV_NORMAL_005,1014,1043,0.18806253,False
DEV_NORMAL_005,1015,1044,0.17212217,False
DEV_NORMAL_005,1016,1045,0.19294153,False
DEV_NORMAL_005,1017,1046,0.19412726,False
DEV_NORMAL_005,1018,1047,0.19205698,False
DEV_NORMAL_005,1019,1048,0.18936582,False
DEV_NORMAL_005,1020,1049,0.19473961,False
DEV_NORMAL_005,1021,1050,0.21423568,False
DEV_NORMAL_005,1022,1051,0.21823998,False
DEV_NORMAL_005,1023,1052,0.21597987,False
DEV_NORMAL_005,1024,1053,0.21919785,False
DEV_NORMAL_005,1025,1054,0.2213184,False
DEV_NORMAL_005,1026,1055,0.2234655,False
DEV_NORMAL_005,1027,1056,0.22542244,False
DEV_NORMAL_005,1028,1057,0.2313582,False
DEV_NORMAL_005,1029,1058,0.22540471,False
DEV_NORMAL_005,1030,1059,0.24179608,False
DEV_NORMAL_005,1031,1060,0.24606237,False
DEV_NORMAL_005,1032,1061,0.23995034,False
DEV_NORMAL_005,1033,1062,0.246262,False
DEV_NORMAL_005,1034,1063,0.23644644,False
DEV_NORMAL_005,1035,1064,0.2540943,False
DEV_NORMAL_005,1036,1065,0.24190308,False
DEV_NORMAL_005,1037,1066,0.24092199,False
DEV_NORMAL_005,1038,1067,0.23740129,False
DEV_NORMAL_005,1039,1068,0.2317855,False
DEV_NORMAL_005,1040,1069,0.23548931,False
DEV_NORMAL_005,1041,1070,0.23973803,False
DEV_NORMAL_005,1042,1071,0.23407745,False
DEV_NORMAL_005,1043,1072,0.23200981,False
DEV_NORMAL_005,1044,1073,0.2587161,False
DEV_NORMAL_005,1045,1074,0.2313052,False
DEV_NORMAL_005,1046,1075,0.21908861,False
DEV_NORMAL_005,1047,1076,0.21728496,False
DEV_NORMAL_005,1048,1077,0.2126518,False
DEV_NORMAL_005,1049,1078,0.25795862,False
DEV_NORMAL_005,1050,1079,0.25240695,False
DEV_NORMAL_005,1051,1080,0.24763736,False
DEV_NORMAL_005,1052,1081,0.26341635,False
DEV_NORMAL_005,1053,1082,0.25988337,False
DEV_NORMAL_005,1054,1083,0.2563971,False
DEV_NORMAL_005,1055,1084,0.26153535,False
DEV_NORMAL_005,1056,1085,0.2712798,False
DEV_NORMAL_005,1057,1086,0.2611821,False
DEV_NORMAL_005,1058,1087,0.2739263,False
DEV_NORMAL_005,1059,1088,0.25486535,False
DEV_NORMAL_005,1060,1089,0.26321423,False
DEV_NORMAL_005,1061,1090,0.2804778,False
DEV_NORMAL_005,1062,1091,0.2786718,False
DEV_NORMAL_005,1063,1092,0.28724274,False
DEV_NORMAL_005,1064,1093,0.27846926,False
DEV_NORMAL_005,1065,1094,0.2773838,False
DEV_NORMAL_005,1066,1095,0.277572,False
DEV_NORMAL_005,1067,1096,0.27895907,False
DEV_NORMAL_005,1068,1097,0.29077098,False
DEV_NORMAL_005,1069,1098,0.28604308,False
DEV_NORMAL_005,1070,1099,0.2774236,False
DEV_NORMAL_005,1071,1100,0.26423985,False
DEV_NORMAL_005,1072,1101,0.27444047,False
DEV_NORMAL_005,1073,1102,0.2848371,False
DEV_NORMAL_005,1074,1103,0.2776901,False
DEV_NORMAL_005,1075,1104,0.28851658,False
DEV_NORMAL_005,1076,1105,0.2751115,False
DEV_NORMAL_005,1077,1106,0.2788618,False
DEV_NORMAL_005,1078,1107,0.27237135,False
DEV_NORMAL_005,1079,1108,0.26964954,False
DEV_NORMAL_005,1080,1109,0.24811861,False
DEV_NORMAL_005,1081,1110,0.24873851,False
DEV_NORMAL_005,1082,1111,0.23553966,False
DEV_NORMAL_005,1083,1112,0.2567706,False
DEV_NORMAL_005,1084,1113,0.25300983,False
DEV_NORMAL_005,1085,1114,0.25216922,False
DEV_NORMAL_005,1086,1115,0.24916242,False
DEV_NORMAL_005,1087,1116,0.25787598,False
DEV_NORMAL_005,1088,1117,0.25209126,False
DEV_NORMAL_005,1089,1118,0.23974411,False
DEV_NORMAL_005,1090,1119,0.24560885,False
DEV_NORMAL_005,1091,1120,0.25263616,False
DEV_NORMAL_005,1092,1121,0.23648357,False
DEV_NORMAL_005,1093,1122,0.24061295,False
DEV_NORMAL_005,1094,1123,0.23159768,False
DEV_NORMAL_005,1095,1124,0.23938555,False
DEV_NORMAL_005,1096,1125,0.23080912,False
DEV_NORMAL_005,1097,1126,0.22446536,False
DEV_NORMAL_005,1098,1127,0.20313215,False
DEV_NORMAL_005,1099,1128,0.19906506,False
DEV_NORMAL_005,1100,1129,0.20352885,False
DEV_NORMAL_005,1101,1130,0.19942029,False
DEV_NORMAL_005,1102,1131,0.20709056,False
DEV_NORMAL_005,1103,1132,0.20887515,False
DEV_NORMAL_005,1104,1133,0.22317521,False
DEV_NORMAL_005,1105,1134,0.21105637,False
DEV_NORMAL_005,1106,1135,0.20235796,False
DEV_NORMAL_005,1107,1136,0.18400761,False
DEV_NORMAL_005,1108,1137,0.19267072,False
DEV_NORMAL_005,1109,1138,0.18573616,False
DEV_NORMAL_005,1110,1139,0.19494312,False
DEV_NORMAL_019,0,29,0.2461892,False
DEV_NORMAL_019,1,30,0.23776613,False
DEV_NORMAL_019,2,31,0.24727856,False
DEV_NORMAL_019,3,32,0.24762574,False
DEV_NORMAL_019,4,33,0.2354998,False
DEV_NORMAL_019,5,34,0.24175599,False
DEV_NORMAL_019,6,35,0.23333982,False
DEV_NORMAL_019,7,36,0.23593308,False
DEV_NORMAL_019,8,37,0.2492821,False
DEV_NORMAL_019,9,38,0.24549033,False
DEV_NORMAL_019,10,39,0.25117868,False
DEV_NORMAL_019,11,40,0.24910288,False
DEV_NORMAL_019,12,41,0.24522066,False
DEV_NORMAL_019,13,42,0.23320013,False
DEV_NORMAL_019,14,43,0.24658012,False
DEV_NORMAL_019,15,44,0.23514691,False
DEV_NORMAL_019,16,45,0.24211918,False
DEV_NORMAL_019,17,46,0.24599129,False
DEV_NORMAL_019,18,47,0.27291805,False
DEV_NORMAL_019,19,48,0.24814965,False
DEV_NORMAL_019,20,49,0.2364481,False
DEV_NORMAL_019,21,50,0.22688116,False
DEV_NORMAL_019,22,51,0.24036671,False
DEV_NORMAL_019,23,52,0.23809256,False
DEV_NORMAL_019,24,53,0.25633734,False
DEV_NORMAL_019,25,54,0.24853961,False
DEV_NORMAL_019,26,55,0.23596948,False
DEV_NORMAL_019,27,56,0.23223753,False
DEV_NORMAL_019,28,57,0.24650806,False
DEV_NORMAL_019,29,58,0.2548348,False
DEV_NORMAL_019,30,59,0.24923798,False
DEV_NORMAL_019,31,60,0.24392532,False
DEV_NORMAL_019,32,61,0.23674439,False
DEV_NORMAL_019,33,62,0.241215,False
DEV_NORMAL_019,34,63,0.2564144,False
DEV_NORMAL_019,35,64,0.26773232,False
DEV_NORMAL_019,36,65,0.27978095,False
DEV_NORMAL_019,37,66,0.27506596,False
DEV_NORMAL_019,38,67,0.27226722,False
DEV_NORMAL_019,39,68,0.26697627,False
DEV_NORMAL_019,40,69,0.26872855,False
DEV_NORMAL_019,41,70,0.28149801,False
DEV_NORMAL_019,42,71,0.26581326,False
DEV_NORMAL_019,43,72,0.27006486,False
DEV_NORMAL_019,44,73,0.26351377,False
DEV_NORMAL_019,45,74,0.24618667,False
DEV_NORMAL_019,46,75,0.2465786,False
DEV_NORMAL_019,47,76,0.23499902,False
DEV_NORMAL_019,48,77,0.23356973,False
DEV_NORMAL_019,49,78,0.25298944,False
DEV_NORMAL_019,50,79,0.23622793,False
DEV_NORMAL_019,51,80,0.23840027,False
DEV_NORMAL_019,52,81,0.2606667,False
DEV_NORMAL_019,53,82,0.25924617,False
DEV_NORMAL_019,54,83,0.26960894,False
DEV_NORMAL_019,55,84,0.28092352,False
DEV_NORMAL_019,56,85,0.32749805,True
DEV_NORMAL_019,57,86,0.33841732,True
DEV_NORMAL_019,58,87,0.3192216,True
DEV_NORMAL_019,59,88,0.3231293,True
DEV_NORMAL_019,60,89,0.32370797,True
DEV_NORMAL_019,61,90,0.3240661,True
DEV_NORMAL_019,62,91,0.28515625,False
DEV_NORMAL_019,63,92,0.29802692,True
DEV_NORMAL_019,64,93,0.28758404,False
DEV_NORMAL_019,65,94,0.2791951,False
DEV_NORMAL_019,66,95,0.2746618,False
DEV_NORMAL_019,67,96,0.27782136,False
DEV_NORMAL_019,68,97,0.28534552,False
DEV_NORMAL_019,69,98,0.28977445,False
DEV_NORMAL_019,70,99,0.30459532,True
DEV_NORMAL_019,71,100,0.30633116,True
DEV_NORMAL_019,72,101,0.29566556,True
DEV_NORMAL_019,73,102,0.28780174,False
DEV_NORMAL_019,74,103,0.31068245,True
DEV_NORMAL_019,75,104,0.2744084,False
DEV_NORMAL_019,76,105,0.30706447,True
DEV_NORMAL_019,77,106,0.30806655,True
DEV_NORMAL_019,78,107,0.2991719,True
DEV_NORMAL_019,79,108,0.29545206,True
DEV_NORMAL_019,80,109,0.31650072,True
DEV_NORMAL_019,81,110,0.3158006,True
DEV_NORMAL_019,82,111,0.28230518,False
DEV_NORMAL_019,83,112,0.2841026,False
DEV_NORMAL_019,84,113,0.26483408,False
DEV_NORMAL_019,85,114,0.25991866,False
DEV_NORMAL_019,86,115,0.24603973,False
DEV_NORMAL_019,87,116,0.2524044,False
DEV_NORMAL_019,88,117,0.29335225,True
DEV_NORMAL_019,89,118,0.27058372,False
DEV_NORMAL_019,90,119,0.24606396,False
DEV_NORMAL_019,91,120,0.2514586,False
DEV_NORMAL_019,92,121,0.25993165,False
DEV_NORMAL_019,93,122,0.26357535,False
DEV_NORMAL_019,94,123,0.24703042,False
DEV_NORMAL_019,95,124,0.23661712,False
DEV_NORMAL_019,96,125,0.23560877,False
DEV_NORMAL_019,97,126,0.2394189,False
DEV_NORMAL_019,98,127,0.24299973,False
DEV_NORMAL_019,99,128,0.23532037,False
DEV_NORMAL_019,100,129,0.23740618,False
DEV_NORMAL_019,101,130,0.25027952,False
DEV_NORMAL_019,102,131,0.25272432,False
DEV_NORMAL_019,103,132,0.25197068,False
DEV_NORMAL_019,104,133,0.22519532,False
DEV_NORMAL_019,105,134,0.21849914,False
DEV_NORMAL_019,106,135,0.21193327,False
DEV_NORMAL_019,107,136,0.22320004,False
DEV_NORMAL_019,108,137,0.21954952,False
DEV_NORMAL_019,109,138,0.22182481,False
DEV_NORMAL_019,110,139,0.22713201,False
DEV_NORMAL_019,111,140,0.2190554,False
DEV_NORMAL_019,112,141,0.2241937,False
DEV_NORMAL_019,113,142,0.22212562,False
DEV_NORMAL_019,114,143,0.20800765,False
DEV_NORMAL_019,115,144,0.21382393,False
DEV_NORMAL_019,116,145,0.20288762,False
DEV_NORMAL_019,117,146,0.19788204,False
DEV_NORMAL_019,118,147,0.19460186,False
DEV_NORMAL_019,119,148,0.20656922,False
DEV_NORMAL_019,120,149,0.22674982,False
DEV_NORMAL_019,121,150,0.21036871,False
DEV_NORMAL_019,122,151,0.2132109,False
DEV_NORMAL_019,123,152,0.21306197,False
DEV_NORMAL_019,124,153,0.21517372,False
DEV_NORMAL_019,125,154,0.2149372,False
DEV_NORMAL_019,126,155,0.21219276,False
DEV_NORMAL_019,127,156,0.2162579,False
DEV_NORMAL_019,128,157,0.23481642,False
DEV_NORMAL_019,129,158,0.21897358,False
DEV_NORMAL_019,130,159,0.21791553,False
DEV_NORMAL_019,131,160,0.21458417,False
DEV_NORMAL_019,132,161,0.2196168,False
DEV_NORMAL_019,133,162,0.20286164,False
DEV_NORMAL_019,134,163,0.20209314,False
DEV_NORMAL_019,135,164,0.21064845,False
DEV_NORMAL_019,136,165,0.22036432,False
DEV_NORMAL_019,137,166,0.22033802,False
DEV_NORMAL_019,138,167,0.22160394,False
DEV_NORMAL_019,139,168,0.22389908,False
DEV_NORMAL_019,140,169,0.22867025,False
DEV_NORMAL_019,141,170,0.2299706,False
DEV_NORMAL_019,142,171,0.23456812,False
DEV_NORMAL_019,143,172,0.23444213,False
DEV_NORMAL_019,144,173,0.23853885,False
DEV_NORMAL_019,145,174,0.23602001,False
DEV_NORMAL_019,146,175,0.23491916,False
DEV_NORMAL_019,147,176,0.25986588,False
DEV_NORMAL_019,148,177,0.24492438,False
DEV_NORMAL_019,149,178,0.2414815,False
DEV_NORMAL_019,150,179,0.2560029,False
DEV_NORMAL_019,151,180,0.25328085,False
DEV_NORMAL_019,152,181,0.23972197,False
DEV_NORMAL_019,153,182,0.23576424,False
DEV_NORMAL_019,154,183,0.2609245,False
DEV_NORMAL_019,155,184,0.26510897,False
DEV_NORMAL_019,156,185,0.25652358,False
DEV_NORMAL_019,157,186,0.26095513,False
DEV_NORMAL_019,158,187,0.25526288,False
DEV_NORMAL_019,159,188,0.24070247,False
DEV_NORMAL_019,160,189,0.2488598,False
DEV_NORMAL_019,161,190,0.2523151,False
DEV_NORMAL_019,162,191,0.2535573,False
DEV_NORMAL_019,163,192,0.24776343,False
DEV_NORMAL_019,164,193,0.24466509,False
DEV_NORMAL_019,165,194,0.25045806,False
DEV_NORMAL_019,166,195,0.24230376,False
DEV_NORMAL_019,167,196,0.24698624,False
DEV_NORMAL_019,168,197,0.23792718,False
DEV_NORMAL_019,169,198,0.25071782,False
DEV_NORMAL_019,170,199,0.23728989,False
DEV_NORMAL_019,171,200,0.22538604,False
DEV_NORMAL_019,172,201,0.22742754,False
DEV_NORMAL_019,173,202,0.24177608,False
DEV_NORMAL_019,174,203,0.24143547,False
DEV_NORMAL_019,175,204,0.23425882,False
DEV_NORMAL_019,176,205,0.24471442,False
DEV_NORMAL_019,177,206,0.24513464,False
DEV_NORMAL_019,178,207,0.24934104,False
DEV_NORMAL_019,179,208,0.24562986,False
DEV_NORMAL_019,180,209,0.24654523,False
DEV_NORMAL_019,181,210,0.24047047,False
DEV_NORMAL_019,182,211,0.23871201,False
DEV_NORMAL_019,183,212,0.22421964,False
DEV_NORMAL_019,184,213,0.24163218,False
DEV_NORMAL_019,185,214,0.25184366,False
DEV_NORMAL_019,186,215,0.2573201,False
DEV_NORMAL_019,187,216,0.26081413,False
DEV_NORMAL_019,188,217,0.27590522,False
DEV_NORMAL_019,189,218,0.26787418,False
DEV_NORMAL_019,190,219,0.27857855,False
DEV_NORMAL_019,191,220,0.27741882,False
DEV_NORMAL_019,192,221,0.27759185,False
DEV_NORMAL_019,193,222,0.27769938,False
DEV_NORMAL_019,194,223,0.27604797,False
DEV_NORMAL_019,195,224,0.28155002,False
DEV_NORMAL_019,196,225,0.28006274,False
DEV_NORMAL_019,197,226,0.25172427,False
DEV_NORMAL_019,198,227,0.27462292,False
DEV_NORMAL_019,199,228,0.28259405,False
DEV_NORMAL_019,200,229,0.30020174,True
DEV_NORMAL_019,201,230,0.28229567,False
DEV_NORMAL_019,202,231,0.26825157,False
DEV_NORMAL_019,203,232,0.27019495,False
DEV_NORMAL_019,204,233,0.3048628,True
DEV_NORMAL_019,205,234,0.28842944,False
DEV_NORMAL_019,206,235,0.2866977,False
DEV_NORMAL_019,207,236,0.27231923,False
DEV_NORMAL_019,208,237,0.2809066,False
DEV_NORMAL_019,209,238,0.28925723,False
DEV_NORMAL_019,210,239,0.29674214,True
DEV_NORMAL_019,211,240,0.3011146,True
DEV_NORMAL_019,212,241,0.30367547,True
DEV_NORMAL_019,213,242,0.30302456,True
DEV_NORMAL_019,214,243,0.28441718,False
DEV_NORMAL_019,215,244,0.29060304,False
DEV_NORMAL_019,216,245,0.29117993,True
DEV_NORMAL_019,217,246,0.28194493,False
DEV_NORMAL_019,218,247,0.28724423,False
DEV_NORMAL_019,219,248,0.28101438,False
DEV_NORMAL_019,220,249,0.25374034,False
DEV_NORMAL_019,221,250,0.25300872,False
DEV_NORMAL_019,222,251,0.26848507,False
DEV_NORMAL_019,223,252,0.26697758,False
DEV_NORMAL_019,224,253,0.26826152,False
DEV_NORMAL_019,225,254,0.27099445,False
DEV_NORMAL_019,226,255,0.27487317,False
DEV_NORMAL_019,227,256,0.3024862,True
DEV_NORMAL_019,228,257,0.2818281,False
DEV_NORMAL_019,229,258,0.27690956,False
DEV_NORMAL_019,230,259,0.2776695,False
DEV_NORMAL_019,231,260,0.28038895,False
DEV_NORMAL_019,232,261,0.27712503,False
DEV_NORMAL_019,233,262,0.27656326,False
DEV_NORMAL_019,234,263,0.28474587,False
DEV_NORMAL_019,235,264,0.28054696,False
DEV_NORMAL_019,236,265,0.27750093,False
DEV_NORMAL_019,237,266,0.26529908,False
DEV_NORMAL_019,238,267,0.26490247,False
DEV_NORMAL_019,239,268,0.2644389,False
DEV_NORMAL_019,240,269,0.26094186,False
DEV_NORMAL_019,241,270,0.2623476,False
DEV_NORMAL_019,242,271,0.2823548,False
DEV_NORMAL_019,243,272,0.28088373,False
DEV_NORMAL_019,244,273,0.2643851,False
DEV_NORMAL_019,245,274,0.27557012,False
DEV_NORMAL_019,246,275,0.26545066,False
DEV_NORMAL_019,247,276,0.27446684,False
DEV_NORMAL_019,248,277,0.287459,False
DEV_NORMAL_019,249,278,0.2822763,False
DEV_NORMAL_019,250,279,0.28563377,False
DEV_NORMAL_019,251,280,0.2635282,False
DEV_NORMAL_019,252,281,0.2609254,False
DEV_NORMAL_019,253,282,0.26708356,False
DEV_NORMAL_019,254,283,0.25779563,False
DEV_NORMAL_019,255,284,0.26184997,False
DEV_NORMAL_019,256,285,0.26299465,False
DEV_NORMAL_019,257,286,0.25088128,False
DEV_NORMAL_019,258,287,0.25396597,False
DEV_NORMAL_019,259,288,0.2555658,False
DEV_NORMAL_019,260,289,0.25539243,False
DEV_NORMAL_019,261,290,0.25163984,False
DEV_NORMAL_019,262,291,0.24464378,False
DEV_NORMAL_019,263,292,0.23709974,False
DEV_NORMAL_019,264,293,0.2455855,False
DEV_NORMAL_019,265,294,0.23885633,False
DEV_NORMAL_019,266,295,0.23459975,False
DEV_NORMAL_019,267,296,0.23141211,False
DEV_NORMAL_019,268,297,0.22090416,False
DEV_NORMAL_019,269,298,0.21083298,False
DEV_NORMAL_019,270,299,0.19652511,False
DEV_NORMAL_019,271,300,0.20582692,False
DEV_NORMAL_019,272,301,0.19601202,False
DEV_NORMAL_019,273,302,0.19264832,False
DEV_NORMAL_019,274,303,0.1776782,False
DEV_NORMAL_019,275,304,0.16725822,False
DEV_NORMAL_019,276,305,0.17259,False
DEV_NORMAL_019,277,306,0.17005701,False
DEV_NORMAL_019,278,307,0.17468031,False
DEV_NORMAL_019,279,308,0.17902225,False
DEV_NORMAL_019,280,309,0.16306384,False
DEV_NORMAL_019,281,310,0.16645196,False
DEV_NORMAL_019,282,311,0.15223305,False
DEV_NORMAL_019,283,312,0.17905465,False
DEV_NORMAL_019,284,313,0.1818408,False
DEV_NORMAL_019,285,314,0.1672307,False
DEV_NORMAL_019,286,315,0.16438058,False
DEV_NORMAL_019,287,316,0.14548336,False
DEV_NORMAL_019,288,317,0.15073007,False
DEV_NORMAL_019,289,318,0.14528586,False
DEV_NORMAL_019,290,319,0.15897796,False
DEV_NORMAL_019,291,320,0.16371565,False
DEV_NORMAL_019,292,321,0.15218982,False
DEV_NORMAL_019,293,322,0.15720662,False
DEV_NORMAL_019,294,323,0.19073859,False
DEV_NORMAL_019,295,324,0.19112201,False
DEV_NORMAL_019,296,325,0.18174584,False
DEV_NORMAL_019,297,326,0.19411558,False
DEV_NORMAL_019,298,327,0.19195977,False
DEV_NORMAL_019,299,328,0.16574624,False
DEV_NORMAL_019,300,329,0.17791958,False
DEV_NORMAL_019,301,330,0.17399254,False
DEV_NORMAL_019,302,331,0.17637205,False
DEV_NORMAL_019,303,332,0.18078765,False
DEV_NORMAL_019,304,333,0.18118554,False
DEV_NORMAL_019,305,334,0.1797445,False
DEV_NORMAL_019,306,335,0.18025044,False
DEV_NORMAL_019,307,336,0.19568658,False
DEV_NORMAL_019,308,337,0.18717238,False
DEV_NORMAL_019,309,338,0.18190937,False
DEV_NORMAL_019,310,339,0.19324309,False
DEV_NORMAL_019,311,340,0.19758974,False
DEV_NORMAL_019,312,341,0.18309654,False
DEV_NORMAL_019,313,342,0.16881587,False
DEV_NORMAL_019,314,343,0.17036964,False
DEV_NORMAL_019,315,344,0.18003017,False
DEV_NORMAL_019,316,345,0.1828629,False
DEV_NORMAL_019,317,346,0.18304959,False
DEV_NORMAL_019,318,347,0.1915769,False
DEV_NORMAL_019,319,348,0.18984467,False
DEV_NORMAL_019,320,349,0.19413608,False
DEV_NORMAL_019,321,350,0.20981243,False
DEV_NORMAL_019,322,351,0.1832715,False
DEV_NORMAL_019,323,352,0.18791623,False
DEV_NORMAL_019,324,353,0.1868384,False
DEV_NORMAL_019,325,354,0.18781583,False
DEV_NORMAL_019,326,355,0.1944304,False
DEV_NORMAL_019,327,356,0.20032637,False
DEV_NORMAL_019,328,357,0.20236066,False
DEV_NORMAL_019,329,358,0.19633074,False
DEV_NORMAL_019,330,359,0.19475451,False
DEV_NORMAL_019,331,360,0.19532324,False
DEV_NORMAL_019,332,361,0.18725935,False
DEV_NORMAL_019,333,362,0.19709693,False
DEV_NORMAL_019,334,363,0.20394698,False
DEV_NORMAL_019,335,364,0.2017989,False
DEV_NORMAL_019,336,365,0.20918958,False
DEV_NORMAL_019,337,366,0.2086732,False
DEV_NORMAL_019,338,367,0.20487641,False
DEV_NORMAL_019,339,368,0.1997032,False
DEV_NORMAL_019,340,369,0.19477366,False
DEV_NORMAL_019,341,370,0.20558411,False
DEV_NORMAL_019,342,371,0.20325021,False
DEV_NORMAL_019,343,372,0.22084203,False
DEV_NORMAL_019,344,373,0.23079221,False
DEV_NORMAL_019,345,374,0.22035259,False
DEV_NORMAL_019,346,375,0.24820518,False
DEV_NORMAL_019,347,376,0.23533137,False
DEV_NORMAL_019,348,377,0.2474651,False
DEV_NORMAL_019,349,378,0.26379842,False
DEV_NORMAL_019,350,379,0.26165625,False
DEV_NORMAL_019,351,380,0.26655817,False
DEV_NORMAL_019,352,381,0.26635572,False
DEV_NORMAL_019,353,382,0.27462932,False
DEV_NORMAL_019,354,383,0.266385,False
DEV_NORMAL_019,355,384,0.26247567,False
DEV_NORMAL_019,356,385,0.27223167,False
DEV_NORMAL_019,357,386,0.27473357,False
DEV_NORMAL_019,358,387,0.27298534,False
DEV_NORMAL_019,359,388,0.2756326,False
DEV_NORMAL_019,360,389,0.28448454,False
DEV_NORMAL_019,361,390,0.2985597,True
DEV_NORMAL_019,362,391,0.28814334,False
DEV_NORMAL_019,363,392,0.2757735,False
DEV_NORMAL_019,364,393,0.28246504,False
DEV_NORMAL_019,365,394,0.27744532,False
DEV_NORMAL_019,366,395,0.27584773,False
DEV_NORMAL_019,367,396,0.27659792,False
DEV_NORMAL_019,368,397,0.2854145,False
DEV_NORMAL_019,369,398,0.30885065,True
DEV_NORMAL_019,370,399,0.3066927,True
DEV_NORMAL_019,371,400,0.3374438,True
DEV_NORMAL_019,372,401,0.3399294,True
DEV_NORMAL_019,373,402,0.32696706,True
DEV_NORMAL_019,374,403,0.31420314,True
DEV_NORMAL_019,375,404,0.3090712,True
DEV_NORMAL_019,376,405,0.31360495,True
DEV_NORMAL_019,377,406,0.30875447,True
DEV_NORMAL_019,378,407,0.29240906,True
DEV_NORMAL_019,379,408,0.26172686,False
DEV_NORMAL_019,380,409,0.27506414,False
DEV_NORMAL_019,381,410,0.27298877,False
DEV_NORMAL_019,382,411,0.2683206,False
DEV_NORMAL_019,383,412,0.2752528,False
DEV_NORMAL_019,384,413,0.27922502,False
DEV_NORMAL_019,385,414,0.27923295,False
DEV_NORMAL_019,386,415,0.2739341,False
DEV_NORMAL_019,387,416,0.2700966,False
DEV_NORMAL_019,388,417,0.279046,False
DEV_NORMAL_019,389,418,0.2698356,False
DEV_NORMAL_019,390,419,0.2604519,False
DEV_NORMAL_019,391,420,0.2580056,False
DEV_NORMAL_019,392,421,0.259458,False
DEV_NORMAL_019,393,422,0.25019854,False
DEV_NORMAL_019,394,423,0.2523112,False
DEV_NORMAL_019,395,424,0.25451633,False
DEV_NORMAL_019,396,425,0.2553727,False
DEV_NORMAL_019,397,426,0.25258344,False
DEV_NORMAL_019,398,427,0.22567591,False
DEV_NORMAL_019,399,428,0.22157884,False
DEV_NORMAL_019,400,429,0.21671085,False
DEV_NORMAL_019,401,430,0.2164794,False
DEV_NORMAL_019,402,431,0.21435665,False
DEV_NORMAL_019,403,432,0.22170134,False
DEV_NORMAL_019,404,433,0.23520279,False
DEV_NORMAL_019,405,434,0.23527429,False
DEV_NORMAL_019,406,435,0.23892403,False
DEV_NORMAL_019,407,436,0.23451906,False
DEV_NORMAL_019,408,437,0.23324423,False
DEV_NORMAL_019,409,438,0.21283568,False
DEV_NORMAL_019,410,439,0.22767445,False
DEV_NORMAL_019,411,440,0.23105507,False
DEV_NORMAL_019,412,441,0.22874355,False
DEV_NORMAL_019,413,442,0.2144742,False
DEV_NORMAL_019,414,443,0.22441047,False
DEV_NORMAL_019,415,444,0.213652,False
DEV_NORMAL_019,416,445,0.2112353,False
DEV_NORMAL_019,417,446,0.19717787,False
DEV_NORMAL_019,418,447,0.22134492,False
DEV_NORMAL_019,419,448,0.22315536,False
DEV_NORMAL_019,420,449,0.21798773,False
DEV_NORMAL_019,421,450,0.22417374,False
DEV_NORMAL_019,422,451,0.23806189,False
DEV_NORMAL_019,423,452,0.2367598,False
DEV_NORMAL_019,424,453,0.2389851,False
DEV_NORMAL_019,425,454,0.23209013,False
DEV_NORMAL_019,426,455,0.232702,False
DEV_NORMAL_019,427,456,0.23620087,False
DEV_NORMAL_019,428,457,0.23216626,False
DEV_NORMAL_019,429,458,0.21167342,False
DEV_NORMAL_019,430,459,0.19593744,False
DEV_NORMAL_019,431,460,0.22530136,False
DEV_NORMAL_019,432,461,0.2239618,False
DEV_NORMAL_019,433,462,0.21187903,False
DEV_NORMAL_019,434,463,0.2154917,False
DEV_NORMAL_019,435,464,0.23658425,False
DEV_NORMAL_019,436,465,0.2439932,False
DEV_NORMAL_019,437,466,0.2455683,False
DEV_NORMAL_019,438,467,0.23537101,False
DEV_NORMAL_019,439,468,0.25109476,False
DEV_NORMAL_019,440,469,0.272239,False
DEV_NORMAL_019,441,470,0.2800228,False
DEV_NORMAL_019,442,471,0.2802271,False
DEV_NORMAL_019,443,472,0.2688111,False
DEV_NORMAL_019,444,473,0.25864917,False
DEV_NORMAL_019,445,474,0.2588823,False
DEV_NORMAL_019,446,475,0.2527704,False
DEV_NORMAL_019,447,476,0.2546211,False
DEV_NORMAL_019,448,477,0.24310741,False
DEV_NORMAL_019,449,478,0.26229653,False
DEV_NORMAL_019,450,479,0.25457966,False
DEV_NORMAL_019,451,480,0.23564072,False
DEV_NORMAL_019,452,481,0.23436515,False
DEV_NORMAL_019,453,482,0.2398375,False
DEV_NORMAL_019,454,483,0.2378009,False
DEV_NORMAL_019,455,484,0.23638181,False
DEV_NORMAL_019,456,485,0.23084544,False
DEV_NORMAL_019,457,486,0.24489349,False
DEV_NORMAL_019,458,487,0.2505973,False
DEV_NORMAL_019,459,488,0.2404432,False
DEV_NORMAL_019,460,489,0.23727645,False
DEV_NORMAL_019,461,490,0.223371,False
DEV_NORMAL_019,462,491,0.21212873,False
DEV_NORMAL_019,463,492,0.2146961,False
DEV_NORMAL_019,464,493,0.19743249,False
DEV_NORMAL_019,465,494,0.1951458,False
DEV_NORMAL_019,466,495,0.18361221,False
DEV_NORMAL_019,467,496,0.17684893,False
DEV_NORMAL_019,468,497,0.16048066,False
DEV_NORMAL_019,469,498,0.15989521,False
DEV_NORMAL_019,470,499,0.15706962,False
DEV_NORMAL_019,471,500,0.15347049,False
DEV_NORMAL_019,472,501,0.16289337,False
DEV_NORMAL_019,473,502,0.16805197,False
DEV_NORMAL_019,474,503,0.17442569,False
DEV_NORMAL_019,475,504,0.18032815,False
DEV_NORMAL_019,476,505,0.17625237,False
DEV_NORMAL_019,477,506,0.17065392,False
DEV_NORMAL_019,478,507,0.1726643,False
DEV_NORMAL_019,479,508,0.186815,False
DEV_NORMAL_019,480,509,0.16998748,False
DEV_NORMAL_019,481,510,0.2060302,False
DEV_NORMAL_019,482,511,0.21020275,False
DEV_NORMAL_019,483,512,0.21236664,False
DEV_NORMAL_019,484,513,0.20390828,False
DEV_NORMAL_019,485,514,0.20775077,False
DEV_NORMAL_019,486,515,0.21542375,False
DEV_NORMAL_019,487,516,0.20545034,False
DEV_NORMAL_019,488,517,0.1929141,False
DEV_NORMAL_019,489,518,0.18869159,False
DEV_NORMAL_019,490,519,0.1904958,False
DEV_NORMAL_019,491,520,0.19204538,False
DEV_NORMAL_019,492,521,0.20235036,False
DEV_NORMAL_019,493,522,0.2149741,False
DEV_NORMAL_019,494,523,0.20778185,False
DEV_NORMAL_019,495,524,0.22113276,False
DEV_NORMAL_019,496,525,0.23111384,False
DEV_NORMAL_019,497,526,0.2494704,False
DEV_NORMAL_019,498,527,0.2651997,False
DEV_NORMAL_019,499,528,0.2665852,False
DEV_NORMAL_019,500,529,0.26456565,False
DEV_NORMAL_019,501,530,0.27887288,False
DEV_NORMAL_019,502,531,0.27108625,False
DEV_NORMAL_019,503,532,0.28537834,False
DEV_NORMAL_019,504,533,0.2800947,False
DEV_NORMAL_019,505,534,0.27138177,False
DEV_NORMAL_019,506,535,0.26287493,False
DEV_NORMAL_019,507,536,0.2696076,False
DEV_NORMAL_019,508,537,0.2618319,False
DEV_NORMAL_019,509,538,0.25391397,False
DEV_NORMAL_019,510,539,0.24717861,False
DEV_NORMAL_019,511,540,0.24430253,False
DEV_NORMAL_019,512,541,0.23628838,False
DEV_NORMAL_019,513,542,0.2477733,False
DEV_NORMAL_019,514,543,0.2535424,False
DEV_NORMAL_019,515,544,0.25027382,False
DEV_NORMAL_019,516,545,0.26197195,False
DEV_NORMAL_019,517,546,0.25765544,False
DEV_NORMAL_019,518,547,0.26544505,False
DEV_NORMAL_019,519,548,0.26387,False
DEV_NORMAL_019,520,549,0.25650927,False
DEV_NORMAL_019,521,550,0.25125042,False
DEV_NORMAL_019,522,551,0.25578284,False
DEV_NORMAL_019,523,552,0.25938728,False
DEV_NORMAL_019,524,553,0.23308592,False
DEV_NORMAL_019,525,554,0.24536565,False
DEV_NORMAL_019,526,555,0.23950733,False
DEV_NORMAL_019,527,556,0.21935613,False
DEV_NORMAL_019,528,557,0.20979303,False
DEV_NORMAL_019,529,558,0.21735029,False
DEV_NORMAL_019,530,559,0.23584293,False
DEV_NORMAL_019,531,560,0.23059756,False
DEV_NORMAL_019,532,561,0.24876715,False
DEV_NORMAL_019,533,562,0.23388284,False
DEV_NORMAL_019,534,563,0.2329971,False
DEV_NORMAL_019,535,564,0.2537072,False
DEV_NORMAL_019,536,565,0.27769628,False
DEV_NORMAL_019,537,566,0.26523742,False
DEV_NORMAL_019,538,567,0.26089203,False
DEV_NORMAL_019,539,568,0.25848737,False
DEV_NORMAL_019,540,569,0.2577277,False
DEV_NORMAL_019,541,570,0.26212874,False
DEV_NORMAL_019,542,571,0.26231226,False
DEV_NORMAL_019,543,572,0.2599113,False
DEV_NORMAL_019,544,573,0.26019365,False
DEV_NORMAL_019,545,574,0.2643328,False
DEV_NORMAL_019,546,575,0.2775236,False
DEV_NORMAL_019,547,576,0.29315937,True
DEV_NORMAL_019,548,577,0.29094663,False
DEV_NORMAL_019,549,578,0.2907947,False
DEV_NORMAL_019,550,579,0.29730293,True
DEV_NORMAL_019,551,580,0.26802656,False
DEV_NORMAL_019,552,581,0.27640578,False
DEV_NORMAL_019,553,582,0.2751269,False
DEV_NORMAL_019,554,583,0.28022507,False
DEV_NORMAL_019,555,584,0.2731543,False
DEV_NORMAL_019,556,585,0.31739223,True
DEV_NORMAL_019,557,586,0.30731913,True
DEV_NORMAL_019,558,587,0.30132484,True
DEV_NORMAL_019,559,588,0.31172803,True
DEV_NORMAL_019,560,589,0.2713536,False
DEV_NORMAL_019,561,590,0.24720071,False
DEV_NORMAL_019,562,591,0.25506967,False
DEV_NORMAL_019,563,592,0.269563,False
DEV_NORMAL_019,564,593,0.26838246,False
DEV_NORMAL_019,565,594,0.275126,False
DEV_NORMAL_019,566,595,0.27748242,False
DEV_NORMAL_019,567,596,0.27314213,False
DEV_NORMAL_019,568,597,0.2628473,False
DEV_NORMAL_019,569,598,0.24946707,False
DEV_NORMAL_019,570,599,0.2695224,False
DEV_NORMAL_019,571,600,0.26384842,False
DEV_NORMAL_019,572,601,0.2533206,False
DEV_NORMAL_019,573,602,0.26509994,False
DEV_NORMAL_019,574,603,0.265471,False
DEV_NORMAL_019,575,604,0.26521465,False
DEV_NORMAL_019,576,605,0.2665844,False
DEV_NORMAL_019,577,606,0.27325964,False
DEV_NORMAL_019,578,607,0.27267948,False
DEV_NORMAL_019,579,608,0.2692688,False
DEV_NORMAL_019,580,609,0.2672543,False
DEV_NORMAL_019,581,610,0.260021,False
DEV_NORMAL_019,582,611,0.26246694,False
DEV_NORMAL_019,583,612,0.2505139,False
DEV_NORMAL_019,584,613,0.23662822,False
DEV_NORMAL_019,585,614,0.2204111,False
DEV_NORMAL_019,586,615,0.24350387,False
DEV_NORMAL_019,587,616,0.23026702,False
DEV_NORMAL_019,588,617,0.25010744,False
DEV_NORMAL_019,589,618,0.24397653,False
DEV_NORMAL_019,590,619,0.24520442,False
DEV_NORMAL_019,591,620,0.22531347,False
DEV_NORMAL_019,592,621,0.22689165,False
DEV_NORMAL_019,593,622,0.22661874,False
DEV_NORMAL_019,594,623,0.22358672,False
DEV_NORMAL_019,595,624,0.22233695,False
DEV_NORMAL_019,596,625,0.22591838,False
DEV_NORMAL_019,597,626,0.23036739,False
DEV_NORMAL_019,598,627,0.22220293,False
DEV_NORMAL_019,599,628,0.21780491,False
DEV_NORMAL_019,600,629,0.20654885,False
DEV_NORMAL_019,601,630,0.22079271,False
DEV_NORMAL_019,602,631,0.20283492,False
DEV_NORMAL_019,603,632,0.2059318,False
DEV_NORMAL_019,604,633,0.19414945,False
DEV_NORMAL_019,605,634,0.19311309,False
DEV_NORMAL_019,606,635,0.19916321,False
DEV_NORMAL_019,607,636,0.19752742,False
DEV_NORMAL_019,608,637,0.2003181,False
DEV_NORMAL_019,609,638,0.20908466,False
DEV_NORMAL_019,610,639,0.20898968,False
DEV_NORMAL_019,611,640,0.224147,False
DEV_NORMAL_019,612,641,0.21589817,False
DEV_NORMAL_019,613,642,0.2108548,False
DEV_NORMAL_019,614,643,0.21893805,False
DEV_NORMAL_019,615,644,0.21395944,False
DEV_NORMAL_019,616,645,0.21213014,False
DEV_NORMAL_019,617,646,0.18964624,False
DEV_NORMAL_019,618,647,0.19526821,False
DEV_NORMAL_019,619,648,0.1938073,False
DEV_NORMAL_019,620,649,0.19365801,False
DEV_NORMAL_019,621,650,0.20084763,False
DEV_NORMAL_019,622,651,0.18569277,False
DEV_NORMAL_019,623,652,0.19185401,False
DEV_NORMAL_019,624,653,0.19630452,False
DEV_NORMAL_019,625,654,0.18943426,False
DEV_NORMAL_019,626,655,0.19476007,False
DEV_NORMAL_019,627,656,0.1973675,False
DEV_NORMAL_019,628,657,0.21069272,False
DEV_NORMAL_019,629,658,0.2083865,False
DEV_NORMAL_019,630,659,0.1948611,False
DEV_NORMAL_019,631,660,0.19762269,False
DEV_NORMAL_019,632,661,0.18839137,False
DEV_NORMAL_019,633,662,0.18841667,False
DEV_NORMAL_019,634,663,0.20040892,False
DEV_NORMAL_019,635,664,0.19612579,False
DEV_NORMAL_019,636,665,0.18537508,False
DEV_NORMAL_019,637,666,0.19515397,False
DEV_NORMAL_019,638,667,0.19696222,False
DEV_NORMAL_019,639,668,0.18446186,False
DEV_NORMAL_019,640,669,0.19568878,False
DEV_NORMAL_019,641,670,0.20414804,False
DEV_NORMAL_019,642,671,0.2178839,False
DEV_NORMAL_019,643,672,0.23407207,False
DEV_NORMAL_019,644,673,0.23669408,False
DEV_NORMAL_019,645,674,0.24154325,False
DEV_NORMAL_019,646,675,0.2430545,False
DEV_NORMAL_019,647,676,0.24979387,False
DEV_NORMAL_019,648,677,0.24552928,False
DEV_NORMAL_019,649,678,0.2511346,False
DEV_NORMAL_019,650,679,0.25048772,False
DEV_NORMAL_019,651,680,0.23039405,False
DEV_NORMAL_019,652,681,0.23845758,False
DEV_NORMAL_019,653,682,0.22980852,False
DEV_NORMAL_019,654,683,0.23001309,False
DEV_NORMAL_019,655,684,0.25986224,False
DEV_NORMAL_019,656,685,0.2776849,False
DEV_NORMAL_019,657,686,0.27906132,False
DEV_NORMAL_019,658,687,0.27825484,False
DEV_NORMAL_019,659,688,0.28782207,False
DEV_NORMAL_019,660,689,0.30176684,True
DEV_NORMAL_019,661,690,0.27596605,False
DEV_NORMAL_019,662,691,0.27768582,False
DEV_NORMAL_019,663,692,0.30474922,True
DEV_NORMAL_019,664,693,0.29948622,True
DEV_NORMAL_019,665,694,0.2939544,True
DEV_NORMAL_019,666,695,0.2875328,False
DEV_NORMAL_019,667,696,0.30222663,True
DEV_NORMAL_019,668,697,0.28938356,False
DEV_NORMAL_019,669,698,0.28874537,False
DEV_NORMAL_019,670,699,0.25629345,False
DEV_NORMAL_019,671,700,0.23557602,False
DEV_NORMAL_019,672,701,0.22819999,False
DEV_NORMAL_019,673,702,0.23188528,False
DEV_NORMAL_019,674,703,0.23661089,False
DEV_NORMAL_019,675,704,0.21838935,False
DEV_NORMAL_019,676,705,0.20591447,False
DEV_NORMAL_019,677,706,0.21915986,False
DEV_NORMAL_019,678,707,0.2540519,False
DEV_NORMAL_019,679,708,0.2584248,False
DEV_NORMAL_019,680,709,0.23252858,False
DEV_NORMAL_019,681,710,0.22985986,False
DEV_NORMAL_019,682,711,0.22327808,False
DEV_NORMAL_019,683,712,0.2276616,False
DEV_NORMAL_019,684,713,0.20836844,False
DEV_NORMAL_019,685,714,0.19600746,False
DEV_NORMAL_019,686,715,0.19623543,False
DEV_NORMAL_019,687,716,0.19948833,False
DEV_NORMAL_019,688,717,0.1990005,False
DEV_NORMAL_019,689,718,0.20177269,False
DEV_NORMAL_019,690,719,0.19611935,False
DEV_NORMAL_019,691,720,0.19774534,False
DEV_NORMAL_019,692,721,0.19497353,False
DEV_NORMAL_019,693,722,0.19259652,False
DEV_NORMAL_019,694,723,0.18653482,False
DEV_NORMAL_019,695,724,0.17958835,False
DEV_NORMAL_019,696,725,0.1831416,False
DEV_NORMAL_019,697,726,0.18619439,False
DEV_NORMAL_019,698,727,0.19019084,False
DEV_NORMAL_019,699,728,0.19431964,False
DEV_NORMAL_019,700,729,0.17477222,False
DEV_NORMAL_019,701,730,0.19143969,False
DEV_NORMAL_019,702,731,0.2017872,False
DEV_NORMAL_019,703,732,0.17788531,False
DEV_NORMAL_019,704,733,0.17330892,False
DEV_NORMAL_019,705,734,0.17136405,False
DEV_NORMAL_019,706,735,0.17279789,False
DEV_NORMAL_019,707,736,0.16913395,False
DEV_NORMAL_019,708,737,0.16563112,False
DEV_NORMAL_019,709,738,0.17133233,False
DEV_NORMAL_019,710,739,0.1684693,False
DEV_NORMAL_019,711,740,0.18770616,False
DEV_NORMAL_019,712,741,0.20187044,False
DEV_NORMAL_019,713,742,0.20214424,False
DEV_NORMAL_019,714,743,0.21313933,False
DEV_NORMAL_019,715,744,0.20498212,False
DEV_NORMAL_019,716,745,0.20322876,False
DEV_NORMAL_019,717,746,0.20293668,False
DEV_NORMAL_019,718,747,0.22644708,False
DEV_NORMAL_019,719,748,0.23499465,False
DEV_NORMAL_019,720,749,0.23705819,False
DEV_NORMAL_019,721,750,0.25217122,False
DEV_NORMAL_019,722,751,0.23690876,False
DEV_NORMAL_019,723,752,0.24259445,False
DEV_NORMAL_019,724,753,0.25694844,False
DEV_NORMAL_019,725,754,0.27364638,False
DEV_NORMAL_019,726,755,0.28205287,False
DEV_NORMAL_019,727,756,0.27709278,False
DEV_NORMAL_019,728,757,0.2560691,False
DEV_NORMAL_019,729,758,0.24749431,False
DEV_NORMAL_019,730,759,0.24757923,False
DEV_NORMAL_019,731,760,0.25847137,False
DEV_NORMAL_019,732,761,0.2635488,False
DEV_NORMAL_019,733,762,0.24915752,False
DEV_NORMAL_019,734,763,0.26452118,False
DEV_NORMAL_019,735,764,0.24309745,False
DEV_NORMAL_019,736,765,0.25133616,False
DEV_NORMAL_019,737,766,0.25245583,False
DEV_NORMAL_019,738,767,0.24691544,False
DEV_NORMAL_019,739,768,0.23198697,False
DEV_NORMAL_019,740,769,0.22215086,False
DEV_NORMAL_019,741,770,0.20447563,False
DEV_NORMAL_019,742,771,0.2033626,False
DEV_NORMAL_019,743,772,0.22051422,False
DEV_NORMAL_019,744,773,0.20323591,False
DEV_NORMAL_019,745,774,0.19583245,False
DEV_NORMAL_019,746,775,0.1935761,False
DEV_NORMAL_019,747,776,0.18771893,False
DEV_NORMAL_019,748,777,0.18195246,False
DEV_NORMAL_019,749,778,0.18076286,False
DEV_NORMAL_019,750,779,0.17426087,False
DEV_NORMAL_019,751,780,0.17563865,False
DEV_NORMAL_019,752,781,0.17997113,False
DEV_NORMAL_019,753,782,0.16132578,False
DEV_NORMAL_019,754,783,0.15753816,False
DEV_NORMAL_019,755,784,0.15640275,False
DEV_NORMAL_019,756,785,0.1621435,False
DEV_NORMAL_019,757,786,0.17274708,False
DEV_NORMAL_019,758,787,0.16240485,False
DEV_NORMAL_019,759,788,0.15469728,False
DEV_NORMAL_019,760,789,0.17535928,False
DEV_NORMAL_019,761,790,0.18221903,False
DEV_NORMAL_019,762,791,0.20260794,False
DEV_NORMAL_019,763,792,0.21430495,False
DEV_NORMAL_019,764,793,0.2179449,False
DEV_NORMAL_019,765,794,0.22913395,False
DEV_NORMAL_019,766,795,0.21848843,False
DEV_NORMAL_019,767,796,0.22323054,False
DEV_NORMAL_019,768,797,0.23074074,False
DEV_NORMAL_019,769,798,0.25315943,False
DEV_NORMAL_019,770,799,0.25608745,False
DEV_NORMAL_019,771,800,0.26677057,False
DEV_NORMAL_019,772,801,0.24365374,False
DEV_NORMAL_019,773,802,0.24891214,False
DEV_NORMAL_019,774,803,0.24987726,False
DEV_NORMAL_019,775,804,0.24559437,False
DEV_NORMAL_019,776,805,0.2473379,False
DEV_NORMAL_019,777,806,0.25344038,False
DEV_NORMAL_019,778,807,0.24163452,False
DEV_NORMAL_019,779,808,0.23377152,False
DEV_NORMAL_019,780,809,0.2320622,False
DEV_NORMAL_019,781,810,0.23616022,False
DEV_NORMAL_019,782,811,0.23596567,False
DEV_NORMAL_019,783,812,0.22537217,False
DEV_NORMAL_019,784,813,0.22713287,False
DEV_NORMAL_019,785,814,0.23670909,False
DEV_NORMAL_019,786,815,0.22897558,False
DEV_NORMAL_019,787,816,0.23842888,False
DEV_NORMAL_019,788,817,0.23456088,False
DEV_NORMAL_019,789,818,0.24937382,False
DEV_NORMAL_019,790,819,0.24072757,False
DEV_NORMAL_019,791,820,0.24072565,False
DEV_NORMAL_019,792,821,0.23335196,False
DEV_NORMAL_019,793,822,0.22693211,False
DEV_NORMAL_019,794,823,0.19976944,False
DEV_NORMAL_019,795,824,0.20374629,False
DEV_NORMAL_019,796,825,0.20369746,False
DEV_NORMAL_019,797,826,0.22874802,False
DEV_NORMAL_019,798,827,0.22601487,False
DEV_NORMAL_019,799,828,0.21101983,False
DEV_NORMAL_019,800,829,0.20597409,False
DEV_NORMAL_019,801,830,0.20883131,False
DEV_NORMAL_019,802,831,0.21051735,False
DEV_NORMAL_019,803,832,0.2120572,False
DEV_NORMAL_019,804,833,0.21148984,False
DEV_NORMAL_019,805,834,0.21507715,False
DEV_NORMAL_019,806,835,0.23734255,False
DEV_NORMAL_019,807,836,0.23847829,False
DEV_NORMAL_019,808,837,0.23592766,False
DEV_NORMAL_019,809,838,0.23131321,False
DEV_NORMAL_019,810,839,0.23007157,False
DEV_NORMAL_019,811,840,0.22156434,False
DEV_NORMAL_019,812,841,0.21636261,False
DEV_NORMAL_019,813,842,0.21604286,False
DEV_NORMAL_019,814,843,0.21706915,False
DEV_NORMAL_019,815,844,0.2141528,False
DEV_NORMAL_019,816,845,0.21036799,False
DEV_NORMAL_019,817,846,0.1967601,False
DEV_NORMAL_019,818,847,0.20705467,False
DEV_NORMAL_019,819,848,0.21641168,False
DEV_NORMAL_019,820,849,0.22920097,False
DEV_NORMAL_019,821,850,0.2310606,False
DEV_NORMAL_019,822,851,0.23214859,False
DEV_NORMAL_019,823,852,0.2222469,False
DEV_NORMAL_019,824,853,0.22322245,False
DEV_NORMAL_019,825,854,0.22474436,False
DEV_NORMAL_019,826,855,0.2175125,False
DEV_NORMAL_019,827,856,0.19915648,False
DEV_NORMAL_019,828,857,0.20111232,False
DEV_NORMAL_019,829,858,0.2061751,False
DEV_NORMAL_019,830,859,0.21625379,False
DEV_NORMAL_019,831,860,0.22305067,False
DEV_NORMAL_019,832,861,0.21685115,False
DEV_NORMAL_019,833,862,0.21727811,False
DEV_NORMAL_019,834,863,0.22730404,False
DEV_NORMAL_019,835,864,0.20440575,False
DEV_NORMAL_019,836,865,0.21351284,False
DEV_NORMAL_019,837,866,0.21563539,False
DEV_NORMAL_019,838,867,0.21738885,False
DEV_NORMAL_019,839,868,0.21963657,False
DEV_NORMAL_019,840,869,0.22575349,False
DEV_NORMAL_019,841,870,0.23334983,False
DEV_NORMAL_019,842,871,0.25000203,False
DEV_NORMAL_019,843,872,0.2507427,False
DEV_NORMAL_019,844,873,0.27148134,False
DEV_NORMAL_019,845,874,0.3175146,True
DEV_NORMAL_019,846,875,0.2802019,False
DEV_NORMAL_019,847,876,0.27201575,False
DEV_NORMAL_019,848,877,0.27049652,False
DEV_NORMAL_019,849,878,0.2611016,False
DEV_NORMAL_019,850,879,0.25682467,False
DEV_NORMAL_019,851,880,0.25744972,False
DEV_NORMAL_019,852,881,0.26418498,False
DEV_NORMAL_019,853,882,0.26021773,False
DEV_NORMAL_019,854,883,0.27950573,False
DEV_NORMAL_019,855,884,0.27115932,False
DEV_NORMAL_019,856,885,0.29687306,True
DEV_NORMAL_019,857,886,0.3079764,True
DEV_NORMAL_019,858,887,0.31102446,True
DEV_NORMAL_019,859,888,0.30328733,True
DEV_NORMAL_019,860,889,0.30058753,True
DEV_NORMAL_019,861,890,0.30412942,True
DEV_NORMAL_019,862,891,0.29711425,True
DEV_NORMAL_019,863,892,0.3015514,True
DEV_NORMAL_019,864,893,0.31645343,True
DEV_NORMAL_019,865,894,0.32033855,True
DEV_NORMAL_019,866,895,0.28918496,False
DEV_NORMAL_019,867,896,0.2883927,False
DEV_NORMAL_019,868,897,0.2878495,False
DEV_NORMAL_019,869,898,0.28099114,False
DEV_NORMAL_019,870,899,0.28012717,False
DEV_NORMAL_019,871,900,0.29637012,True
DEV_NORMAL_019,872,901,0.2865117,False
DEV_NORMAL_019,873,902,0.23247732,False
DEV_NORMAL_019,874,903,0.2528491,False
DEV_NORMAL_019,875,904,0.25214225,False
DEV_NORMAL_019,876,905,0.25770795,False
DEV_NORMAL_019,877,906,0.26053584,False
DEV_NORMAL_019,878,907,0.25557753,False
DEV_NORMAL_019,879,908,0.23543602,False
DEV_NORMAL_019,880,909,0.2269876,False
DEV_NORMAL_019,881,910,0.2189317,False
DEV_NORMAL_019,882,911,0.22535083,False
DEV_NORMAL_019,883,912,0.20484672,False
DEV_NORMAL_019,884,913,0.2150413,False
DEV_NORMAL_019,885,914,0.1859469,False
DEV_NORMAL_019,886,915,0.18801789,False
DEV_NORMAL_019,887,916,0.18132281,False
DEV_NORMAL_019,888,917,0.19349709,False
DEV_NORMAL_019,889,918,0.19407707,False
DEV_NORMAL_019,890,919,0.19938688,False
DEV_NORMAL_019,891,920,0.19104719,False
DEV_NORMAL_019,892,921,0.19611822,False
DEV_NORMAL_019,893,922,0.1890159,False
DEV_NORMAL_019,894,923,0.18404688,False
DEV_NORMAL_019,895,924,0.18327624,False
DEV_NORMAL_019,896,925,0.1850932,False
DEV_NORMAL_019,897,926,0.18905093,False
DEV_NORMAL_019,898,927,0.19222997,False
DEV_NORMAL_019,899,928,0.20673104,False
DEV_NORMAL_019,900,929,0.2127484,False
DEV_NORMAL_019,901,930,0.223911,False
DEV_NORMAL_019,902,931,0.2200408,False
DEV_NORMAL_019,903,932,0.20425338,False
DEV_NORMAL_019,904,933,0.19782543,False
DEV_NORMAL_019,905,934,0.21449044,False
DEV_NORMAL_019,906,935,0.21401294,False
DEV_NORMAL_019,907,936,0.21678819,False
DEV_NORMAL_019,908,937,0.21094058,False
DEV_NORMAL_019,909,938,0.24150285,False
DEV_NORMAL_019,910,939,0.26567516,False
DEV_NORMAL_019,911,940,0.2646747,False
DEV_NORMAL_019,912,941,0.24723405,False
DEV_NORMAL_019,913,942,0.2417174,False
DEV_NORMAL_019,914,943,0.23264669,False
DEV_NORMAL_019,915,944,0.22655062,False
DEV_NORMAL_019,916,945,0.24361834,False
DEV_NORMAL_019,917,946,0.21770623,False
DEV_NORMAL_019,918,947,0.23066095,False
DEV_NORMAL_019,919,948,0.23083533,False
DEV_NORMAL_019,920,949,0.22179168,False
DEV_NORMAL_019,921,950,0.20217289,False
DEV_NORMAL_019,922,951,0.21696228,False
DEV_NORMAL_019,923,952,0.20523685,False
DEV_NORMAL_019,924,953,0.17641939,False
DEV_NORMAL_019,925,954,0.18233176,False
DEV_NORMAL_019,926,955,0.17713712,False
DEV_NORMAL_019,927,956,0.19648223,False
DEV_NORMAL_019,928,957,0.19404693,False
DEV_NORMAL_019,929,958,0.19681825,False
DEV_NORMAL_019,930,959,0.18564895,False
DEV_NORMAL_019,931,960,0.19407517,False
DEV_NORMAL_019,932,961,0.20432185,False
DEV_NORMAL_019,933,962,0.20251046,False
DEV_NORMAL_019,934,963,0.20770836,False
DEV_NORMAL_019,935,964,0.22012787,False
DEV_NORMAL_019,936,965,0.22504038,False
DEV_NORMAL_019,937,966,0.22641529,False
DEV_NORMAL_019,938,967,0.23821306,False
DEV_NORMAL_019,939,968,0.22862294,False
DEV_NORMAL_019,940,969,0.23007819,False
DEV_NORMAL_019,941,970,0.22782713,False
DEV_NORMAL_019,942,971,0.23103714,False
DEV_NORMAL_019,943,972,0.22342409,False
DEV_NORMAL_019,944,973,0.22090368,False
DEV_NORMAL_019,945,974,0.21962704,False
DEV_NORMAL_019,946,975,0.23464714,False
DEV_NORMAL_019,947,976,0.24554397,False
DEV_NORMAL_019,948,977,0.2454359,False
DEV_NORMAL_019,949,978,0.24767019,False
DEV_NORMAL_019,950,979,0.2591068,False
DEV_NORMAL_019,951,980,0.2618533,False
DEV_NORMAL_019,952,981,0.2761437,False
DEV_NORMAL_019,953,982,0.28840032,False
DEV_NORMAL_019,954,983,0.29971898,True
DEV_NORMAL_019,955,984,0.2992488,True
DEV_NORMAL_019,956,985,0.27439874,False
DEV_NORMAL_019,957,986,0.26899332,False
DEV_NORMAL_019,958,987,0.26462063,False
DEV_NORMAL_019,959,988,0.2684798,False
DEV_NORMAL_019,960,989,0.26775113,False
DEV_NORMAL_019,961,990,0.24599132,False
DEV_NORMAL_019,962,991,0.26031137,False
DEV_NORMAL_019,963,992,0.24132563,False
DEV_NORMAL_019,964,993,0.23883595,False
DEV_NORMAL_019,965,994,0.25073496,False
DEV_NORMAL_019,966,995,0.259962,False
DEV_NORMAL_019,967,996,0.25615832,False
DEV_NORMAL_019,968,997,0.26796913,False
DEV_NORMAL_019,969,998,0.2668281,False
DEV_NORMAL_019,970,999,0.2601712,False
DEV_NORMAL_019,971,1000,0.25392535,False
DEV_NORMAL_019,972,1001,0.26032618,False
DEV_NORMAL_019,973,1002,0.25119916,False
DEV_NORMAL_019,974,1003,0.26038674,False
DEV_NORMAL_019,975,1004,0.23203251,False
DEV_NORMAL_019,976,1005,0.2279662,False
DEV_NORMAL_019,977,1006,0.22904514,False
DEV_NORMAL_019,978,1007,0.2313585,False
DEV_NORMAL_019,979,1008,0.209491,False
DEV_NORMAL_019,980,1009,0.20499893,False
DEV_NORMAL_019,981,1010,0.19856732,False
DEV_NORMAL_019,982,1011,0.17938514,False
DEV_NORMAL_019,983,1012,0.17742488,False
DEV_NORMAL_019,984,1013,0.18643567,False
DEV_NORMAL_019,985,1014,0.1926977,False
DEV_NORMAL_019,986,1015,0.19394737,False
DEV_NORMAL_019,987,1016,0.18974733,False
DEV_NORMAL_019,988,1017,0.19038986,False
DEV_NORMAL_019,989,1018,0.21987256,False
DEV_NORMAL_019,990,1019,0.21207537,False
DEV_NORMAL_019,991,1020,0.19453958,False
DEV_NORMAL_019,992,1021,0.19874433,False
DEV_NORMAL_019,993,1022,0.19265452,False
DEV_NORMAL_019,994,1023,0.19288512,False
DEV_NORMAL_019,995,1024,0.16769019,False
DEV_NORMAL_019,996,1025,0.18315706,False
DEV_NORMAL_019,997,1026,0.19615124,False
DEV_NORMAL_019,998,1027,0.19622739,False
DEV_NORMAL_019,999,1028,0.20704506,False
DEV_NORMAL_019,1000,1029,0.212199,False
DEV_NORMAL_019,1001,1030,0.19711675,False
DEV_NORMAL_019,1002,1031,0.2048394,False
DEV_NORMAL_019,1003,1032,0.21997547,False
DEV_NORMAL_019,1004,1033,0.21126732,False
DEV_NORMAL_019,1005,1034,0.21210477,False
DEV_NORMAL_019,1006,1035,0.20985414,False
DEV_NORMAL_019,1007,1036,0.21414366,False
DEV_NORMAL_019,1008,1037,0.20538343,False
DEV_NORMAL_019,1009,1038,0.2076126,False
DEV_NORMAL_019,1010,1039,0.19475165,False
DEV_NORMAL_019,1011,1040,0.18458466,False
DEV_NORMAL_019,1012,1041,0.19371395,False
DEV_NORMAL_019,1013,1042,0.18888286,False
DEV_NORMAL_019,1014,1043,0.18496086,False
DEV_NORMAL_019,1015,1044,0.18836416,False
DEV_NORMAL_019,1016,1045,0.19139057,False
DEV_NORMAL_019,1017,1046,0.17406918,False
DEV_NORMAL_019,1018,1047,0.16789833,False
DEV_NORMAL_019,1019,1048,0.19471535,False
DEV_NORMAL_019,1020,1049,0.19499771,False
DEV_NORMAL_019,1021,1050,0.17748162,False
DEV_NORMAL_019,1022,1051,0.18332036,False
DEV_NORMAL_019,1023,1052,0.18418783,False
DEV_NORMAL_019,1024,1053,0.18980542,False
DEV_NORMAL_019,1025,1054,0.21875706,False
DEV_NORMAL_019,1026,1055,0.22291422,False
DEV_NORMAL_019,1027,1056,0.20142597,False
DEV_NORMAL_019,1028,1057,0.2080284,False
DEV_NORMAL_019,1029,1058,0.22975641,False
DEV_NORMAL_019,1030,1059,0.22985455,False
DEV_NORMAL_019,1031,1060,0.24832694,False
DEV_NORMAL_019,1032,1061,0.2415327,False
DEV_NORMAL_019,1033,1062,0.24653295,False
DEV_NORMAL_019,1034,1063,0.24083668,False
DEV_NORMAL_019,1035,1064,0.24944544,False
DEV_NORMAL_019,1036,1065,0.25868663,False
DEV_NORMAL_019,1037,1066,0.2583729,False
DEV_NORMAL_019,1038,1067,0.2595319,False
DEV_NORMAL_019,1039,1068,0.25637972,False
DEV_NORMAL_019,1040,1069,0.2584981,False
DEV_NORMAL_019,1041,1070,0.25784585,False
DEV_NORMAL_019,1042,1071,0.24292241,False
DEV_NORMAL_019,1043,1072,0.22311138,False
DEV_NORMAL_019,1044,1073,0.21789335,False
DEV_NORMAL_019,1045,1074,0.2275658,False
DEV_NORMAL_019,1046,1075,0.22249469,False
DEV_NORMAL_019,1047,1076,0.21879965,False
DEV_NORMAL_019,1048,1077,0.21893588,False
DEV_NORMAL_019,1049,1078,0.2135001,False
DEV_NORMAL_019,1050,1079,0.21961255,False
DEV_NORMAL_019,1051,1080,0.22113255,False
DEV_NORMAL_019,1052,1081,0.2293028,False
DEV_NORMAL_019,1053,1082,0.24399437,False
DEV_NORMAL_019,1054,1083,0.21150288,False
DEV_NORMAL_019,1055,1084,0.19179355,False
DEV_NORMAL_019,1056,1085,0.20411262,False
DEV_NORMAL_019,1057,1086,0.19999322,False
DEV_NORMAL_019,1058,1087,0.18279044,False
DEV_NORMAL_019,1059,1088,0.17498454,False
DEV_NORMAL_019,1060,1089,0.15124129,False
DEV_NORMAL_019,1061,1090,0.15020616,False
DEV_NORMAL_019,1062,1091,0.146591,False
DEV_NORMAL_019,1063,1092,0.14899239,False
DEV_NORMAL_019,1064,1093,0.15262263,False
DEV_NORMAL_019,1065,1094,0.14288375,False
DEV_NORMAL_019,1066,1095,0.13800707,False
DEV_NORMAL_019,1067,1096,0.14498097,False
DEV_NORMAL_019,1068,1097,0.14470594,False
DEV_NORMAL_019,1069,1098,0.1602018,False
DEV_NORMAL_019,1070,1099,0.15516472,False
DEV_NORMAL_019,1071,1100,0.15162066,False
DEV_NORMAL_019,1072,1101,0.15658404,False
DEV_NORMAL_019,1073,1102,0.16512202,False
DEV_NORMAL_019,1074,1103,0.1757953,False
DEV_NORMAL_019,1075,1104,0.1839167,False
DEV_NORMAL_019,1076,1105,0.18873756,False
DEV_NORMAL_019,1077,1106,0.16296983,False
DEV_NORMAL_019,1078,1107,0.17384605,False
DEV_NORMAL_019,1079,1108,0.18316391,False
DEV_NORMAL_019,1080,1109,0.16917573,False
DEV_NORMAL_019,1081,1110,0.17782691,False
DEV_NORMAL_019,1082,1111,0.17246462,False
DEV_NORMAL_019,1083,1112,0.188248,False
DEV_NORMAL_019,1084,1113,0.2184116,False
DEV_NORMAL_019,1085,1114,0.22260188,False
DEV_NORMAL_019,1086,1115,0.22232065,False
DEV_NORMAL_019,1087,1116,0.21108416,False
DEV_NORMAL_019,1088,1117,0.21886355,False
DEV_NORMAL_019,1089,1118,0.22170083,False
DEV_NORMAL_019,1090,1119,0.21863528,False
DEV_NORMAL_019,1091,1120,0.22350788,False
DEV_NORMAL_019,1092,1121,0.24458621,False
DEV_NORMAL_019,1093,1122,0.23728797,False
DEV_NORMAL_019,1094,1123,0.24461807,False
DEV_NORMAL_019,1095,1124,0.24965407,False
DEV_NORMAL_019,1096,1125,0.24142593,False
DEV_NORMAL_019,1097,1126,0.2438682,False
DEV_NORMAL_019,1098,1127,0.23335846,False
DEV_NORMAL_019,1099,1128,0.2513089,False
DEV_NORMAL_019,1100,1129,0.2583454,False
DEV_NORMAL_019,1101,1130,0.26231644,False
DEV_NORMAL_019,1102,1131,0.24796216,False
DEV_NORMAL_019,1103,1132,0.24777871,False
DEV_NORMAL_019,1104,1133,0.25941274,False
DEV_NORMAL_019,1105,1134,0.2651431,False
DEV_NORMAL_019,1106,1135,0.27049458,False
DEV_NORMAL_019,1107,1136,0.27707225,False
DEV_NORMAL_019,1108,1137,0.2644738,False
DEV_NORMAL_019,1109,1138,0.2716307,False
DEV_NORMAL_019,1110,1139,0.25467983,False
DEV_NORMAL_019,1111,1140,0.2488331,False
DEV_NORMAL_019,1112,1141,0.22068033,False
DEV_NORMAL_019,1113,1142,0.22195123,False
DEV_NORMAL_019,1114,1143,0.23864691,False
DEV_NORMAL_019,1115,1144,0.23246601,False
DEV_NORMAL_019,1116,1145,0.24057144,False
DEV_NORMAL_019,1117,1146,0.25324023,False
DEV_NORMAL_019,1118,1147,0.25516403,False
DEV_NORMAL_019,1119,1148,0.25391552,False
DEV_NORMAL_019,1120,1149,0.25938934,False
DEV_NORMAL_019,1121,1150,0.26680267,False
DEV_NORMAL_019,1122,1151,0.2873836,False
DEV_NORMAL_019,1123,1152,0.2620729,False
DEV_NORMAL_019,1124,1153,0.25205144,False
DEV_NORMAL_019,1125,1154,0.24689299,False
DEV_NORMAL_019,1126,1155,0.25002545,False
DEV_NORMAL_019,1127,1156,0.22805507,False
DEV_NORMAL_019,1128,1157,0.21781693,False
DEV_NORMAL_019,1129,1158,0.2268488,False
DEV_NORMAL_019,1130,1159,0.23335323,False
DEV_NORMAL_019,1131,1160,0.22995602,False
DEV_NORMAL_019,1132,1161,0.22286248,False
DEV_NORMAL_019,1133,1162,0.22894506,False
DEV_NORMAL_019,1134,1163,0.21487387,False
DEV_NORMAL_019,1135,1164,0.2067415,False
DEV_NORMAL_019,1136,1165,0.21025199,False
DEV_NORMAL_019,1137,1166,0.19989164,False
DEV_NORMAL_019,1138,1167,0.19625317,False
DEV_NORMAL_019,1139,1168,0.20148866,False
DEV_NORMAL_019,1140,1169,0.19934115,False
DEV_NORMAL_019,1141,1170,0.21331707,False
DEV_NORMAL_019,1142,1171,0.22043186,False
DEV_NORMAL_019,1143,1172,0.18645163,False
DEV_NORMAL_019,1144,1173,0.17415065,False
DEV_NORMAL_019,1145,1174,0.15075423,False
DEV_NORMAL_019,1146,1175,0.16133584,False
DEV_NORMAL_019,1147,1176,0.16255666,False
DEV_NORMAL_019,1148,1177,0.16196029,False
DEV_NORMAL_019,1149,1178,0.15418646,False
DEV_NORMAL_019,1150,1179,0.15884158,False
DEV_NORMAL_019,1151,1180,0.1626942,False
DEV_NORMAL_019,1152,1181,0.17427514,False
DEV_NORMAL_019,1153,1182,0.17286062,False
DEV_NORMAL_019,1154,1183,0.18090013,False
DEV_NORMAL_019,1155,1184,0.18642224,False
DEV_NORMAL_019,1156,1185,0.21017496,False
DEV_NORMAL_019,1157,1186,0.21026598,False
DEV_NORMAL_019,1158,1187,0.21534055,False
DEV_NORMAL_019,1159,1188,0.20779581,False
DEV_NORMAL_019,1160,1189,0.20729186,False
DEV_NORMAL_019,1161,1190,0.22168376,False
DEV_NORMAL_019,1162,1191,0.21640709,False
DEV_NORMAL_019,1163,1192,0.2059345,False
DEV_NORMAL_019,1164,1193,0.20403422,False
DEV_NORMAL_019,1165,1194,0.20652927,False
DEV_NORMAL_019,1166,1195,0.20605469,False
DEV_NORMAL_019,1167,1196,0.20104742,False
DEV_NORMAL_019,1168,1197,0.19385095,False
DEV_NORMAL_019,1169,1198,0.19659513,False
DEV_NORMAL_019,1170,1199,0.19489641,False
DEV_NORMAL_019,1171,1200,0.19388917,False
DEV_NORMAL_019,1172,1201,0.20984708,False
DEV_NORMAL_019,1173,1202,0.20514733,False
DEV_NORMAL_019,1174,1203,0.19806771,False
DEV_NORMAL_019,1175,1204,0.20136786,False
DEV_NORMAL_019,1176,1205,0.20245762,False
DEV_NORMAL_019,1177,1206,0.1942501,False
DEV_NORMAL_019,1178,1207,0.18867403,False
DEV_NORMAL_019,1179,1208,0.19506484,False
DEV_NORMAL_019,1180,1209,0.17899068,False
DEV_NORMAL_019,1181,1210,0.19389376,False
DEV_NORMAL_019,1182,1211,0.17615823,False
DEV_NORMAL_019,1183,1212,0.16145769,False
DEV_NORMAL_019,1184,1213,0.15654667,False
DEV_NORMAL_019,1185,1214,0.1510952,False
DEV_NORMAL_019,1186,1215,0.14525156,False
DEV_NORMAL_019,1187,1216,0.15099986,False
DEV_NORMAL_019,1188,1217,0.16308829,False
DEV_NORMAL_019,1189,1218,0.15783283,False
DEV_NORMAL_019,1190,1219,0.16558534,False
DEV_NORMAL_019,1191,1220,0.1586235,False
DEV_NORMAL_019,1192,1221,0.16982962,False
DEV_NORMAL_019,1193,1222,0.17450243,False
DEV_NORMAL_019,1194,1223,0.18095906,False
DEV_NORMAL_019,1195,1224,0.18944064,False
DEV_NORMAL_019,1196,1225,0.20394196,False
DEV_NORMAL_019,1197,1226,0.22533678,False
DEV_NORMAL_019,1198,1227,0.232293,False
DEV_NORMAL_019,1199,1228,0.2185371,False
DEV_NORMAL_019,1200,1229,0.21797393,False
DEV_NORMAL_019,1201,1230,0.20348944,False
DEV_NORMAL_019,1202,1231,0.21835142,False
DEV_NORMAL_019,1203,1232,0.21161371,False
DEV_NORMAL_019,1204,1233,0.22767968,False
DEV_NORMAL_019,1205,1234,0.22808148,False
DEV_NORMAL_019,1206,1235,0.2190314,False
DEV_NORMAL_019,1207,1236,0.22130546,False
DEV_NORMAL_019,1208,1237,0.21963793,False
DEV_NORMAL_019,1209,1238,0.22416435,False
DEV_NORMAL_019,1210,1239,0.20670868,False
DEV_NORMAL_019,1211,1240,0.22409417,False
DEV_NORMAL_019,1212,1241,0.23088837,False
DEV_NORMAL_019,1213,1242,0.22276697,False
DEV_NORMAL_019,1214,1243,0.22471908,False
DEV_NORMAL_019,1215,1244,0.2136302,False
DEV_NORMAL_019,1216,1245,0.21756761,False
DEV_NORMAL_019,1217,1246,0.21138325,False
DEV_NORMAL_019,1218,1247,0.2196023,False
DEV_NORMAL_019,1219,1248,0.19352446,False
DEV_NORMAL_019,1220,1249,0.18207255,False
DEV_NORMAL_019,1221,1250,0.19236006,False
DEV_NORMAL_019,1222,1251,0.1821798,False
DEV_NORMAL_019,1223,1252,0.18867165,False
DEV_NORMAL_019,1224,1253,0.17029415,False
DEV_NORMAL_019,1225,1254,0.18680887,False
DEV_NORMAL_019,1226,1255,0.19204105,False
DEV_NORMAL_019,1227,1256,0.19603123,False
DEV_NORMAL_019,1228,1257,0.18616208,False
DEV_NORMAL_019,1229,1258,0.1793837,False
DEV_NORMAL_019,1230,1259,0.17665723,False
DEV_NORMAL_019,1231,1260,0.1704498,False
DEV_NORMAL_019,1232,1261,0.17519073,False
DEV_NORMAL_019,1233,1262,0.17296247,False
DEV_NORMAL_019,1234,1263,0.19778417,False
DEV_NORMAL_019,1235,1264,0.18766724,False
DEV_NORMAL_019,1236,1265,0.18869212,False
DEV_NORMAL_019,1237,1266,0.18914296,False
DEV_NORMAL_019,1238,1267,0.19603835,False
DEV_NORMAL_019,1239,1268,0.1926313,False
DEV_NORMAL_019,1240,1269,0.18532678,False
DEV_NORMAL_019,1241,1270,0.17695594,False
DEV_NORMAL_019,1242,1271,0.17317003,False
DEV_NORMAL_019,1243,1272,0.17462584,False
DEV_NORMAL_019,1244,1273,0.18130118,False
DEV_NORMAL_019,1245,1274,0.17413156,False
DEV_NORMAL_019,1246,1275,0.16999593,False
DEV_NORMAL_019,1247,1276,0.17354502,False
DEV_NORMAL_019,1248,1277,0.17080487,False
DEV_NORMAL_019,1249,1278,0.1722412,False
DEV_NORMAL_019,1250,1279,0.16973454,False
DEV_NORMAL_019,1251,1280,0.16891417,False
DEV_NORMAL_019,1252,1281,0.16108401,False
DEV_NORMAL_019,1253,1282,0.14516449,False
DEV_NORMAL_019,1254,1283,0.14906977,False
DEV_NORMAL_019,1255,1284,0.1540479,False
DEV_NORMAL_019,1256,1285,0.1492455,False
DEV_NORMAL_019,1257,1286,0.16039361,False
DEV_NORMAL_019,1258,1287,0.16116333,False
DEV_NORMAL_019,1259,1288,0.15945487,False
DEV_NORMAL_019,1260,1289,0.16880855,False
DEV_NORMAL_019,1261,1290,0.17371587,False
DEV_NORMAL_019,1262,1291,0.18382743,False
DEV_NORMAL_019,1263,1292,0.15673326,False
DEV_NORMAL_019,1264,1293,0.16191092,False
DEV_NORMAL_019,1265,1294,0.17390916,False
DEV_NORMAL_019,1266,1295,0.15995823,False
DEV_NORMAL_019,1267,1296,0.15586264,False
DEV_NORMAL_019,1268,1297,0.17565219,False
DEV_NORMAL_019,1269,1298,0.18367507,False
DEV_NORMAL_019,1270,1299,0.17327347,False
DEV_NORMAL_019,1271,1300,0.16596909,False
DEV_NORMAL_019,1272,1301,0.17247257,False
DEV_NORMAL_019,1273,1302,0.16832517,False
DEV_NORMAL_019,1274,1303,0.17267011,False
DEV_NORMAL_019,1275,1304,0.19364929,False
DEV_NORMAL_019,1276,1305,0.19789547,False
DEV_NORMAL_019,1277,1306,0.1934651,False
DEV_NORMAL_019,1278,1307,0.19829722,False
DEV_NORMAL_019,1279,1308,0.22077762,False
DEV_NORMAL_019,1280,1309,0.21527563,False
DEV_NORMAL_019,1281,1310,0.20960334,False
DEV_NORMAL_019,1282,1311,0.21990156,False
DEV_NORMAL_019,1283,1312,0.22298336,False
DEV_NORMAL_019,1284,1313,0.23410524,False
DEV_NORMAL_019,1285,1314,0.22546448,False
DEV_NORMAL_019,1286,1315,0.22772835,False
DEV_NORMAL_019,1287,1316,0.2384236,False
DEV_NORMAL_019,1288,1317,0.23780648,False
DEV_NORMAL_019,1289,1318,0.22647728,False
DEV_NORMAL_019,1290,1319,0.2223255,False
DEV_NORMAL_022,0,29,0.2243447,False
DEV_NORMAL_022,1,30,0.22929862,False
DEV_NORMAL_022,2,31,0.23152278,False
DEV_NORMAL_022,3,32,0.24638173,False
DEV_NORMAL_022,4,33,0.24037214,False
DEV_NORMAL_022,5,34,0.23117433,False
DEV_NORMAL_022,6,35,0.23472437,False
DEV_NORMAL_022,7,36,0.2337652,False
DEV_NORMAL_022,8,37,0.23286882,False
DEV_NORMAL_022,9,38,0.24039812,False
DEV_NORMAL_022,10,39,0.2466438,False
DEV_NORMAL_022,11,40,0.24823548,False
DEV_NORMAL_022,12,41,0.24886222,False
DEV_NORMAL_022,13,42,0.25025812,False
DEV_NORMAL_022,14,43,0.24333867,False
DEV_NORMAL_022,15,44,0.24500844,False
DEV_NORMAL_022,16,45,0.2396541,False
DEV_NORMAL_022,17,46,0.23920245,False
DEV_NORMAL_022,18,47,0.24206546,False
DEV_NORMAL_022,19,48,0.23700158,False
DEV_NORMAL_022,20,49,0.24876447,False
DEV_NORMAL_022,21,50,0.23476674,False
DEV_NORMAL_022,22,51,0.24104491,False
DEV_NORMAL_022,23,52,0.26148742,False
DEV_NORMAL_022,24,53,0.24551252,False
DEV_NORMAL_022,25,54,0.2427924,False
DEV_NORMAL_022,26,55,0.23629493,False
DEV_NORMAL_022,27,56,0.24196377,False
DEV_NORMAL_022,28,57,0.20829694,False
DEV_NORMAL_022,29,58,0.20170122,False
DEV_NORMAL_022,30,59,0.21646671,False
DEV_NORMAL_022,31,60,0.21183398,False
DEV_NORMAL_022,32,61,0.20705205,False
DEV_NORMAL_022,33,62,0.20330642,False
DEV_NORMAL_022,34,63,0.1918362,False
DEV_NORMAL_022,35,64,0.19868724,False
DEV_NORMAL_022,36,65,0.20366296,False
DEV_NORMAL_022,37,66,0.20421667,False
DEV_NORMAL_022,38,67,0.20894334,False
DEV_NORMAL_022,39,68,0.2072697,False
DEV_NORMAL_022,40,69,0.20438519,False
DEV_NORMAL_022,41,70,0.2177249,False
DEV_NORMAL_022,42,71,0.21684422,False
DEV_NORMAL_022,43,72,0.21967383,False
DEV_NORMAL_022,44,73,0.2231411,False
DEV_NORMAL_022,45,74,0.22530922,False
DEV_NORMAL_022,46,75,0.23304902,False
DEV_NORMAL_022,47,76,0.21982488,False
DEV_NORMAL_022,48,77,0.21876903,False
DEV_NORMAL_022,49,78,0.21482147,False
DEV_NORMAL_022,50,79,0.21606494,False
DEV_NORMAL_022,51,80,0.21479072,False
DEV_NORMAL_022,52,81,0.2054806,False
DEV_NORMAL_022,53,82,0.20336051,False
DEV_NORMAL_022,54,83,0.21164398,False
DEV_NORMAL_022,55,84,0.2095088,False
DEV_NORMAL_022,56,85,0.21392791,False
DEV_NORMAL_022,57,86,0.21472977,False
DEV_NORMAL_022,58,87,0.20200507,False
DEV_NORMAL_022,59,88,0.1864674,False
DEV_NORMAL_022,60,89,0.20499916,False
DEV_NORMAL_022,61,90,0.18884888,False
DEV_NORMAL_022,62,91,0.17412166,False
DEV_NORMAL_022,63,92,0.19136097,False
DEV_NORMAL_022,64,93,0.19406573,False
DEV_NORMAL_022,65,94,0.2025746,False
DEV_NORMAL_022,66,95,0.20988591,False
DEV_NORMAL_022,67,96,0.20591971,False
DEV_NORMAL_022,68,97,0.19784518,False
DEV_NORMAL_022,69,98,0.22259998,False
DEV_NORMAL_022,70,99,0.22502805,False
DEV_NORMAL_022,71,100,0.22275728,False
DEV_NORMAL_022,72,101,0.24496397,False
DEV_NORMAL_022,73,102,0.24017935,False
DEV_NORMAL_022,74,103,0.25069106,False
DEV_NORMAL_022,75,104,0.25422558,False
DEV_NORMAL_022,76,105,0.2714317,False
DEV_NORMAL_022,77,106,0.26028338,False
DEV_NORMAL_022,78,107,0.23579976,False
DEV_NORMAL_022,79,108,0.23628375,False
DEV_NORMAL_022,80,109,0.24169703,False
DEV_NORMAL_022,81,110,0.23039669,False
DEV_NORMAL_022,82,111,0.21783438,False
DEV_NORMAL_022,83,112,0.21715523,False
DEV_NORMAL_022,84,113,0.2218074,False
DEV_NORMAL_022,85,114,0.22730154,False
DEV_NORMAL_022,86,115,0.21487607,False
DEV_NORMAL_022,87,116,0.22335127,False
DEV_NORMAL_022,88,117,0.22040527,False
DEV_NORMAL_022,89,118,0.2167945,False
DEV_NORMAL_022,90,119,0.22817345,False
DEV_NORMAL_022,91,120,0.22218068,False
DEV_NORMAL_022,92,121,0.24414006,False
DEV_NORMAL_022,93,122,0.24180178,False
DEV_NORMAL_022,94,123,0.24578485,False
DEV_NORMAL_022,95,124,0.25043494,False
DEV_NORMAL_022,96,125,0.26550025,False
DEV_NORMAL_022,97,126,0.24773073,False
DEV_NORMAL_022,98,127,0.23464082,False
DEV_NORMAL_022,99,128,0.24154788,False
DEV_NORMAL_022,100,129,0.2568142,False
DEV_NORMAL_022,101,130,0.25009462,False
DEV_NORMAL_022,102,131,0.2393338,False
DEV_NORMAL_022,103,132,0.24470313,False
DEV_NORMAL_022,104,133,0.24837095,False
DEV_NORMAL_022,105,134,0.26512307,False
DEV_NORMAL_022,106,135,0.26556033,False
DEV_NORMAL_022,107,136,0.27159175,False
DEV_NORMAL_022,108,137,0.26157358,False
DEV_NORMAL_022,109,138,0.26536223,False
DEV_NORMAL_022,110,139,0.2610219,False
DEV_NORMAL_022,111,140,0.26061305,False
DEV_NORMAL_022,112,141,0.27286774,False
DEV_NORMAL_022,113,142,0.29129186,True
DEV_NORMAL_022,114,143,0.3103419,True
DEV_NORMAL_022,115,144,0.33042145,True
DEV_NORMAL_022,116,145,0.32980138,True
DEV_NORMAL_022,117,146,0.32565907,True
DEV_NORMAL_022,118,147,0.3026826,True
DEV_NORMAL_022,119,148,0.30419457,True
DEV_NORMAL_022,120,149,0.28958732,False
DEV_NORMAL_022,121,150,0.29416743,True
DEV_NORMAL_022,122,151,0.2962733,True
DEV_NORMAL_022,123,152,0.2902813,False
DEV_NORMAL_022,124,153,0.29261747,True
DEV_NORMAL_022,125,154,0.30594346,True
DEV_NORMAL_022,126,155,0.31042168,True
DEV_NORMAL_022,127,156,0.31073883,True
DEV_NORMAL_022,128,157,0.31671315,True
DEV_NORMAL_022,129,158,0.295574,True
DEV_NORMAL_022,130,159,0.28906754,False
DEV_NORMAL_022,131,160,0.2866059,False
DEV_NORMAL_022,132,161,0.28084514,False
DEV_NORMAL_022,133,162,0.2905673,False
DEV_NORMAL_022,134,163,0.26995808,False
DEV_NORMAL_022,135,164,0.2735478,False
DEV_NORMAL_022,136,165,0.2633452,False
DEV_NORMAL_022,137,166,0.25066432,False
DEV_NORMAL_022,138,167,0.26269966,False
DEV_NORMAL_022,139,168,0.25887167,False
DEV_NORMAL_022,140,169,0.22896115,False
DEV_NORMAL_022,141,170,0.22316757,False
DEV_NORMAL_022,142,171,0.2312182,False
DEV_NORMAL_022,143,172,0.21878883,False
DEV_NORMAL_022,144,173,0.21845481,False
DEV_NORMAL_022,145,174,0.22762634,False
DEV_NORMAL_022,146,175,0.23293787,False
DEV_NORMAL_022,147,176,0.24446926,False
DEV_NORMAL_022,148,177,0.23022495,False
DEV_NORMAL_022,149,178,0.2257461,False
DEV_NORMAL_022,150,179,0.21739167,False
DEV_NORMAL_022,151,180,0.21082553,False
DEV_NORMAL_022,152,181,0.20996933,False
DEV_NORMAL_022,153,182,0.20303665,False
DEV_NORMAL_022,154,183,0.19310059,False
DEV_NORMAL_022,155,184,0.1913099,False
DEV_NORMAL_022,156,185,0.19370656,False
DEV_NORMAL_022,157,186,0.17801069,False
DEV_NORMAL_022,158,187,0.16722502,False
DEV_NORMAL_022,159,188,0.17233667,False
DEV_NORMAL_022,160,189,0.17238002,False
DEV_NORMAL_022,161,190,0.17539717,False
DEV_NORMAL_022,162,191,0.17883791,False
DEV_NORMAL_022,163,192,0.17123517,False
DEV_NORMAL_022,164,193,0.17114772,False
DEV_NORMAL_022,165,194,0.16677672,False
DEV_NORMAL_022,166,195,0.18517247,False
DEV_NORMAL_022,167,196,0.18496886,False
DEV_NORMAL_022,168,197,0.18245071,False
DEV_NORMAL_022,169,198,0.17817037,False
DEV_NORMAL_022,170,199,0.18415006,False
DEV_NORMAL_022,171,200,0.16948737,False
DEV_NORMAL_022,172,201,0.19624701,False
DEV_NORMAL_022,173,202,0.18805403,False
DEV_NORMAL_022,174,203,0.19215475,False
DEV_NORMAL_022,175,204,0.1875078,False
DEV_NORMAL_022,176,205,0.17780611,False
DEV_NORMAL_022,177,206,0.18046513,False
DEV_NORMAL_022,178,207,0.18954062,False
DEV_NORMAL_022,179,208,0.18346742,False
DEV_NORMAL_022,180,209,0.20668602,False
DEV_NORMAL_022,181,210,0.21302319,False
DEV_NORMAL_022,182,211,0.201366,False
DEV_NORMAL_022,183,212,0.19742881,False
DEV_NORMAL_022,184,213,0.21450256,False
DEV_NORMAL_022,185,214,0.19735047,False
DEV_NORMAL_022,186,215,0.18502879,False
DEV_NORMAL_022,187,216,0.18179162,False
DEV_NORMAL_022,188,217,0.18974136,False
DEV_NORMAL_022,189,218,0.19141003,False
DEV_NORMAL_022,190,219,0.19499995,False
DEV_NORMAL_022,191,220,0.19225563,False
DEV_NORMAL_022,192,221,0.20571934,False
DEV_NORMAL_022,193,222,0.20881358,False
DEV_NORMAL_022,194,223,0.21234198,False
DEV_NORMAL_022,195,224,0.20836751,False
DEV_NORMAL_022,196,225,0.20734602,False
DEV_NORMAL_022,197,226,0.21496342,False
DEV_NORMAL_022,198,227,0.21888158,False
DEV_NORMAL_022,199,228,0.2248964,False
DEV_NORMAL_022,200,229,0.22058694,False
DEV_NORMAL_022,201,230,0.21972872,False
DEV_NORMAL_022,202,231,0.21823423,False
DEV_NORMAL_022,203,232,0.21084803,False
DEV_NORMAL_022,204,233,0.20511661,False
DEV_NORMAL_022,205,234,0.22079964,False
DEV_NORMAL_022,206,235,0.21941356,False
DEV_NORMAL_022,207,236,0.20396878,False
DEV_NORMAL_022,208,237,0.21720631,False
DEV_NORMAL_022,209,238,0.20870024,False
DEV_NORMAL_022,210,239,0.20998046,False
DEV_NORMAL_022,211,240,0.21312395,False
DEV_NORMAL_022,212,241,0.2154572,False
DEV_NORMAL_022,213,242,0.21839643,False
DEV_NORMAL_022,214,243,0.21671225,False
DEV_NORMAL_022,215,244,0.21929134,False
DEV_NORMAL_022,216,245,0.23225309,False
DEV_NORMAL_022,217,246,0.22725756,False
DEV_NORMAL_022,218,247,0.21173032,False
DEV_NORMAL_022,219,248,0.21223576,False
DEV_NORMAL_022,220,249,0.23454127,False
DEV_NORMAL_022,221,250,0.23924951,False
DEV_NORMAL_022,222,251,0.22511396,False
DEV_NORMAL_022,223,252,0.2339059,False
DEV_NORMAL_022,224,253,0.22273965,False
DEV_NORMAL_022,225,254,0.22317384,False
DEV_NORMAL_022,226,255,0.21287018,False
DEV_NORMAL_022,227,256,0.2102278,False
DEV_NORMAL_022,228,257,0.17441037,False
DEV_NORMAL_022,229,258,0.18610665,False
DEV_NORMAL_022,230,259,0.19274333,False
DEV_NORMAL_022,231,260,0.19797084,False
DEV_NORMAL_022,232,261,0.18618676,False
DEV_NORMAL_022,233,262,0.20183992,False
DEV_NORMAL_022,234,263,0.20354815,False
DEV_NORMAL_022,235,264,0.2049477,False
DEV_NORMAL_022,236,265,0.20461322,False
DEV_NORMAL_022,237,266,0.20500083,False
DEV_NORMAL_022,238,267,0.21111093,False
DEV_NORMAL_022,239,268,0.20506659,False
DEV_NORMAL_022,240,269,0.19821069,False
DEV_NORMAL_022,241,270,0.1909311,False
DEV_NORMAL_022,242,271,0.1999041,False
DEV_NORMAL_022,243,272,0.19232057,False
DEV_NORMAL_022,244,273,0.19457619,False
DEV_NORMAL_022,245,274,0.20122541,False
DEV_NORMAL_022,246,275,0.20821282,False
DEV_NORMAL_022,247,276,0.21817389,False
DEV_NORMAL_022,248,277,0.21288401,False
DEV_NORMAL_022,249,278,0.2121161,False
DEV_NORMAL_022,250,279,0.21635437,False
DEV_NORMAL_022,251,280,0.21882631,False
DEV_NORMAL_022,252,281,0.24096997,False
DEV_NORMAL_022,253,282,0.23370859,False
DEV_NORMAL_022,254,283,0.25231373,False
DEV_NORMAL_022,255,284,0.24498469,False
DEV_NORMAL_022,256,285,0.2513793,False
DEV_NORMAL_022,257,286,0.24965715,False
DEV_NORMAL_022,258,287,0.21969172,False
DEV_NORMAL_022,259,288,0.23523222,False
DEV_NORMAL_022,260,289,0.25546733,False
DEV_NORMAL_022,261,290,0.25319582,False
DEV_NORMAL_022,262,291,0.25506127,False
DEV_NORMAL_022,263,292,0.23804154,False
DEV_NORMAL_022,264,293,0.23888142,False
DEV_NORMAL_022,265,294,0.24552594,False
DEV_NORMAL_022,266,295,0.24491571,False
DEV_NORMAL_022,267,296,0.2496884,False
DEV_NORMAL_022,268,297,0.24933209,False
DEV_NORMAL_022,269,298,0.3133159,True
DEV_NORMAL_022,270,299,0.324704,True
DEV_NORMAL_022,271,300,0.3217961,True
DEV_NORMAL_022,272,301,0.30282983,True
DEV_NORMAL_022,273,302,0.3112485,True
DEV_NORMAL_022,274,303,0.30244687,True
DEV_NORMAL_022,275,304,0.27105796,False
DEV_NORMAL_022,276,305,0.27755138,False
DEV_NORMAL_022,277,306,0.2995411,True
DEV_NORMAL_022,278,307,0.27595338,False
DEV_NORMAL_022,279,308,0.26438686,False
DEV_NORMAL_022,280,309,0.26068687,False
DEV_NORMAL_022,281,310,0.2567077,False
DEV_NORMAL_022,282,311,0.2622423,False
DEV_NORMAL_022,283,312,0.2669054,False
DEV_NORMAL_022,284,313,0.26315886,False
DEV_NORMAL_022,285,314,0.2724247,False
DEV_NORMAL_022,286,315,0.23726644,False
DEV_NORMAL_022,287,316,0.25127923,False
DEV_NORMAL_022,288,317,0.24540967,False
DEV_NORMAL_022,289,318,0.24578586,False
DEV_NORMAL_022,290,319,0.25459638,False
DEV_NORMAL_022,291,320,0.2571142,False
DEV_NORMAL_022,292,321,0.25460237,False
DEV_NORMAL_022,293,322,0.26488253,False
DEV_NORMAL_022,294,323,0.26402885,False
DEV_NORMAL_022,295,324,0.24651428,False
DEV_NORMAL_022,296,325,0.23656861,False
DEV_NORMAL_022,297,326,0.21294086,False
DEV_NORMAL_022,298,327,0.19978425,False
DEV_NORMAL_022,299,328,0.20095065,False
DEV_NORMAL_022,300,329,0.19436398,False
DEV_NORMAL_022,301,330,0.20212388,False
DEV_NORMAL_022,302,331,0.2044948,False
DEV_NORMAL_022,303,332,0.19383882,False
DEV_NORMAL_022,304,333,0.20671326,False
DEV_NORMAL_022,305,334,0.20399062,False
DEV_NORMAL_022,306,335,0.2169653,False
DEV_NORMAL_022,307,336,0.22232395,False
DEV_NORMAL_022,308,337,0.23818429,False
DEV_NORMAL_022,309,338,0.23988447,False
DEV_NORMAL_022,310,339,0.23449723,False
DEV_NORMAL_022,311,340,0.23427984,False
DEV_NORMAL_022,312,341,0.23363206,False
DEV_NORMAL_022,313,342,0.2343753,False
DEV_NORMAL_022,314,343,0.2529754,False
DEV_NORMAL_022,315,344,0.22652388,False
DEV_NORMAL_022,316,345,0.23580456,False
DEV_NORMAL_022,317,346,0.23674771,False
DEV_NORMAL_022,318,347,0.23491421,False
DEV_NORMAL_022,319,348,0.2226325,False
DEV_NORMAL_022,320,349,0.21940573,False
DEV_NORMAL_022,321,350,0.2208092,False
DEV_NORMAL_022,322,351,0.2117341,False
DEV_NORMAL_022,323,352,0.22946164,False
DEV_NORMAL_022,324,353,0.23945192,False
DEV_NORMAL_022,325,354,0.24543266,False
DEV_NORMAL_022,326,355,0.24093777,False
DEV_NORMAL_022,327,356,0.25872383,False
DEV_NORMAL_022,328,357,0.2541753,False
DEV_NORMAL_022,329,358,0.2271442,False
DEV_NORMAL_022,330,359,0.24686566,False
DEV_NORMAL_022,331,360,0.23822793,False
DEV_NORMAL_022,332,361,0.2342305,False
DEV_NORMAL_022,333,362,0.241416,False
DEV_NORMAL_022,334,363,0.23242159,False
DEV_NORMAL_022,335,364,0.22015148,False
DEV_NORMAL_022,336,365,0.22411346,False
DEV_NORMAL_022,337,366,0.22575721,False
DEV_NORMAL_022,338,367,0.24073604,False
DEV_NORMAL_022,339,368,0.2451609,False
DEV_NORMAL_022,340,369,0.2480051,False
DEV_NORMAL_022,341,370,0.23111959,False
DEV_NORMAL_022,342,371,0.24701303,False
DEV_NORMAL_022,343,372,0.24654189,False
DEV_NORMAL_022,344,373,0.252795,False
DEV_NORMAL_022,345,374,0.2369215,False
DEV_NORMAL_022,346,375,0.2335101,False
DEV_NORMAL_022,347,376,0.24358414,False
DEV_NORMAL_022,348,377,0.25266832,False
DEV_NORMAL_022,349,378,0.2462642,False
DEV_NORMAL_022,350,379,0.26080438,False
DEV_NORMAL_022,351,380,0.27810106,False
DEV_NORMAL_022,352,381,0.29991072,True
DEV_NORMAL_022,353,382,0.3046035,True
DEV_NORMAL_022,354,383,0.29501808,True
DEV_NORMAL_022,355,384,0.28811914,False
DEV_NORMAL_022,356,385,0.28941995,False
DEV_NORMAL_022,357,386,0.29732174,True
DEV_NORMAL_022,358,387,0.2630421,False
DEV_NORMAL_022,359,388,0.2637948,False
DEV_NORMAL_022,360,389,0.2896127,False
DEV_NORMAL_022,361,390,0.27996334,False
DEV_NORMAL_022,362,391,0.28748083,False
DEV_NORMAL_022,363,392,0.31850675,True
DEV_NORMAL_022,364,393,0.35388127,True
DEV_NORMAL_022,365,394,0.3445966,True
DEV_NORMAL_022,366,395,0.3593229,True
DEV_NORMAL_022,367,396,0.37667313,True
DEV_NORMAL_022,368,397,0.3578994,True
DEV_NORMAL_022,369,398,0.3442182,True
DEV_NORMAL_022,370,399,0.32364878,True
DEV_NORMAL_022,371,400,0.34260786,True
DEV_NORMAL_022,372,401,0.33570036,True
DEV_NORMAL_022,373,402,0.3208103,True
DEV_NORMAL_022,374,403,0.31320316,True
DEV_NORMAL_022,375,404,0.29559788,True
DEV_NORMAL_022,376,405,0.29845098,True
DEV_NORMAL_022,377,406,0.3092869,True
DEV_NORMAL_022,378,407,0.3110773,True
DEV_NORMAL_022,379,408,0.29840514,True
DEV_NORMAL_022,380,409,0.3103611,True
DEV_NORMAL_022,381,410,0.2816098,False
DEV_NORMAL_022,382,411,0.28288412,False
DEV_NORMAL_022,383,412,0.28565082,False
DEV_NORMAL_022,384,413,0.2897175,False
DEV_NORMAL_022,385,414,0.3077291,True
DEV_NORMAL_022,386,415,0.29830462,True
DEV_NORMAL_022,387,416,0.29181674,True
DEV_NORMAL_022,388,417,0.29341468,True
DEV_NORMAL_022,389,418,0.28947273,False
DEV_NORMAL_022,390,419,0.30088,True
DEV_NORMAL_022,391,420,0.2946253,True
DEV_NORMAL_022,392,421,0.2587958,False
DEV_NORMAL_022,393,422,0.24712338,False
DEV_NORMAL_022,394,423,0.24965087,False
DEV_NORMAL_022,395,424,0.21639591,False
DEV_NORMAL_022,396,425,0.22049217,False
DEV_NORMAL_022,397,426,0.24376112,False
DEV_NORMAL_022,398,427,0.2327164,False
DEV_NORMAL_022,399,428,0.22472002,False
DEV_NORMAL_022,400,429,0.2251583,False
DEV_NORMAL_022,401,430,0.2450682,False
DEV_NORMAL_022,402,431,0.25091073,False
DEV_NORMAL_022,403,432,0.25375912,False
DEV_NORMAL_022,404,433,0.26229733,False
DEV_NORMAL_022,405,434,0.24381624,False
DEV_NORMAL_022,406,435,0.22721529,False
DEV_NORMAL_022,407,436,0.21930549,False
DEV_NORMAL_022,408,437,0.22632354,False
DEV_NORMAL_022,409,438,0.21477424,False
DEV_NORMAL_022,410,439,0.19675305,False
DEV_NORMAL_022,411,440,0.20932184,False
DEV_NORMAL_022,412,441,0.22800106,False
DEV_NORMAL_022,413,442,0.21541788,False
DEV_NORMAL_022,414,443,0.22357477,False
DEV_NORMAL_022,415,444,0.20781936,False
DEV_NORMAL_022,416,445,0.22016555,False
DEV_NORMAL_022,417,446,0.23902874,False
DEV_NORMAL_022,418,447,0.2459348,False
DEV_NORMAL_022,419,448,0.23438196,False
DEV_NORMAL_022,420,449,0.23002146,False
DEV_NORMAL_022,421,450,0.2369353,False
DEV_NORMAL_022,422,451,0.23297141,False
DEV_NORMAL_022,423,452,0.23074812,False
DEV_NORMAL_022,424,453,0.23148288,False
DEV_NORMAL_022,425,454,0.23832287,False
DEV_NORMAL_022,426,455,0.2172858,False
DEV_NORMAL_022,427,456,0.21541646,False
DEV_NORMAL_022,428,457,0.21650943,False
DEV_NORMAL_022,429,458,0.21889348,False
DEV_NORMAL_022,430,459,0.20822768,False
DEV_NORMAL_022,431,460,0.18725355,False
DEV_NORMAL_022,432,461,0.18347842,False
DEV_NORMAL_022,433,462,0.17702389,False
DEV_NORMAL_022,434,463,0.18820919,False
DEV_NORMAL_022,435,464,0.17843802,False
DEV_NORMAL_022,436,465,0.18421108,False
DEV_NORMAL_022,437,466,0.181396,False
DEV_NORMAL_022,438,467,0.19608307,False
DEV_NORMAL_022,439,468,0.20228547,False
DEV_NORMAL_022,440,469,0.18889497,False
DEV_NORMAL_022,441,470,0.18659882,False
DEV_NORMAL_022,442,471,0.17593841,False
DEV_NORMAL_022,443,472,0.1750068,False
DEV_NORMAL_022,444,473,0.17839673,False
DEV_NORMAL_022,445,474,0.1851099,False
DEV_NORMAL_022,446,475,0.17231025,False
DEV_NORMAL_022,447,476,0.18131323,False
DEV_NORMAL_022,448,477,0.17991133,False
DEV_NORMAL_022,449,478,0.1692923,False
DEV_NORMAL_022,450,479,0.16836958,False
DEV_NORMAL_022,451,480,0.17395407,False
DEV_NORMAL_022,452,481,0.16953257,False
DEV_NORMAL_022,453,482,0.17121997,False
DEV_NORMAL_022,454,483,0.16903737,False
DEV_NORMAL_022,455,484,0.1757645,False
DEV_NORMAL_022,456,485,0.17892212,False
DEV_NORMAL_022,457,486,0.18324378,False
DEV_NORMAL_022,458,487,0.18223049,False
DEV_NORMAL_022,459,488,0.19183397,False
DEV_NORMAL_022,460,489,0.22333747,False
DEV_NORMAL_022,461,490,0.21296631,False
DEV_NORMAL_022,462,491,0.2215727,False
DEV_NORMAL_022,463,492,0.22474241,False
DEV_NORMAL_022,464,493,0.23998903,False
DEV_NORMAL_022,465,494,0.23841286,False
DEV_NORMAL_022,466,495,0.24500687,False
DEV_NORMAL_022,467,496,0.23258719,False
DEV_NORMAL_022,468,497,0.21905857,False
DEV_NORMAL_022,469,498,0.22480296,False
DEV_NORMAL_022,470,499,0.2225838,False
DEV_NORMAL_022,471,500,0.21727715,False
DEV_NORMAL_022,472,501,0.20162535,False
DEV_NORMAL_022,473,502,0.23793165,False
DEV_NORMAL_022,474,503,0.2485449,False
DEV_NORMAL_022,475,504,0.24653202,False
DEV_NORMAL_022,476,505,0.24420269,False
DEV_NORMAL_022,477,506,0.23887691,False
DEV_NORMAL_022,478,507,0.22958647,False
DEV_NORMAL_022,479,508,0.22813691,False
DEV_NORMAL_022,480,509,0.2265239,False
DEV_NORMAL_022,481,510,0.22988835,False
DEV_NORMAL_022,482,511,0.2314771,False
DEV_NORMAL_022,483,512,0.22700907,False
DEV_NORMAL_022,484,513,0.22353896,False
DEV_NORMAL_022,485,514,0.21515547,False
DEV_NORMAL_022,486,515,0.23774086,False
DEV_NORMAL_022,487,516,0.22106822,False
DEV_NORMAL_022,488,517,0.20253325,False
DEV_NORMAL_022,489,518,0.21051583,False
DEV_NORMAL_022,490,519,0.20814769,False
DEV_NORMAL_022,491,520,0.20739491,False
DEV_NORMAL_022,492,521,0.21280153,False
DEV_NORMAL_022,493,522,0.21411136,False
DEV_NORMAL_022,494,523,0.20073082,False
DEV_NORMAL_022,495,524,0.18550679,False
DEV_NORMAL_022,496,525,0.18743473,False
DEV_NORMAL_022,497,526,0.19108057,False
DEV_NORMAL_022,498,527,0.20882423,False
DEV_NORMAL_022,499,528,0.18846779,False
DEV_NORMAL_022,500,529,0.18730393,False
DEV_NORMAL_022,501,530,0.18250395,False
DEV_NORMAL_022,502,531,0.17402974,False
DEV_NORMAL_022,503,532,0.17318803,False
DEV_NORMAL_022,504,533,0.19200134,False
DEV_NORMAL_022,505,534,0.2058542,False
DEV_NORMAL_022,506,535,0.20273335,False
DEV_NORMAL_022,507,536,0.20079936,False
DEV_NORMAL_022,508,537,0.20160617,False
DEV_NORMAL_022,509,538,0.20723441,False
DEV_NORMAL_022,510,539,0.21869929,False
DEV_NORMAL_022,511,540,0.24652818,False
DEV_NORMAL_022,512,541,0.2473825,False
DEV_NORMAL_022,513,542,0.2606404,False
DEV_NORMAL_022,514,543,0.2557932,False
DEV_NORMAL_022,515,544,0.2576221,False
DEV_NORMAL_022,516,545,0.2612844,False
DEV_NORMAL_022,517,546,0.28151157,False
DEV_NORMAL_022,518,547,0.2696455,False
DEV_NORMAL_022,519,548,0.25234753,False
DEV_NORMAL_022,520,549,0.26435363,False
DEV_NORMAL_022,521,550,0.24732167,False
DEV_NORMAL_022,522,551,0.2616099,False
DEV_NORMAL_022,523,552,0.26608095,False
DEV_NORMAL_022,524,553,0.27771613,False
DEV_NORMAL_022,525,554,0.29867858,True
DEV_NORMAL_022,526,555,0.2960385,True
DEV_NORMAL_022,527,556,0.27994248,False
DEV_NORMAL_022,528,557,0.27917928,False
DEV_NORMAL_022,529,558,0.26570594,False
DEV_NORMAL_022,530,559,0.28452012,False
DEV_NORMAL_022,531,560,0.28201118,False
DEV_NORMAL_022,532,561,0.27441272,False
DEV_NORMAL_022,533,562,0.25453386,False
DEV_NORMAL_022,534,563,0.25219592,False
DEV_NORMAL_022,535,564,0.2608917,False
DEV_NORMAL_022,536,565,0.24693988,False
DEV_NORMAL_022,537,566,0.24910055,False
DEV_NORMAL_022,538,567,0.2298555,False
DEV_NORMAL_022,539,568,0.22149183,False
DEV_NORMAL_022,540,569,0.21623841,False
DEV_NORMAL_022,541,570,0.20745106,False
DEV_NORMAL_022,542,571,0.20070967,False
DEV_NORMAL_022,543,572,0.2198961,False
DEV_NORMAL_022,544,573,0.21242172,False
DEV_NORMAL_022,545,574,0.22075105,False
DEV_NORMAL_022,546,575,0.21957542,False
DEV_NORMAL_022,547,576,0.20890643,False
DEV_NORMAL_022,548,577,0.20612933,False
DEV_NORMAL_022,549,578,0.21234332,False
DEV_NORMAL_022,550,579,0.21037534,False
DEV_NORMAL_022,551,580,0.19515257,False
DEV_NORMAL_022,552,581,0.20342906,False
DEV_NORMAL_022,553,582,0.19577223,False
DEV_NORMAL_022,554,583,0.20883885,False
DEV_NORMAL_022,555,584,0.22295071,False
DEV_NORMAL_022,556,585,0.22300926,False
DEV_NORMAL_022,557,586,0.22822322,False
DEV_NORMAL_022,558,587,0.2317807,False
DEV_NORMAL_022,559,588,0.2245445,False
DEV_NORMAL_022,560,589,0.22217096,False
DEV_NORMAL_022,561,590,0.21321869,False
DEV_NORMAL_022,562,591,0.21650966,False
DEV_NORMAL_022,563,592,0.22051309,False
DEV_NORMAL_022,564,593,0.21479222,False
DEV_NORMAL_022,565,594,0.21668117,False
DEV_NORMAL_022,566,595,0.23011507,False
DEV_NORMAL_022,567,596,0.2381533,False
DEV_NORMAL_022,568,597,0.2400228,False
DEV_NORMAL_022,569,598,0.22740887,False
DEV_NORMAL_022,570,599,0.23404631,False
DEV_NORMAL_022,571,600,0.23569879,False
DEV_NORMAL_022,572,601,0.24173228,False
DEV_NORMAL_022,573,602,0.2379604,False
DEV_NORMAL_022,574,603,0.23978458,False
DEV_NORMAL_022,575,604,0.25690734,False
DEV_NORMAL_022,576,605,0.26925454,False
DEV_NORMAL_022,577,606,0.26777607,False
DEV_NORMAL_022,578,607,0.27755973,False
DEV_NORMAL_022,579,608,0.26551667,False
DEV_NORMAL_022,580,609,0.2686592,False
DEV_NORMAL_022,581,610,0.25148532,False
DEV_NORMAL_022,582,611,0.2355482,False
DEV_NORMAL_022,583,612,0.22707085,False
DEV_NORMAL_022,584,613,0.2375359,False
DEV_NORMAL_022,585,614,0.26012745,False
DEV_NORMAL_022,586,615,0.2627022,False
DEV_NORMAL_022,587,616,0.26847455,False
DEV_NORMAL_022,588,617,0.28541353,False
DEV_NORMAL_022,589,618,0.2992852,True
DEV_NORMAL_022,590,619,0.32116535,True
DEV_NORMAL_022,591,620,0.3320928,True
DEV_NORMAL_022,592,621,0.31909388,True
DEV_NORMAL_022,593,622,0.32275283,True
DEV_NORMAL_022,594,623,0.33999285,True
DEV_NORMAL_022,595,624,0.35856253,True
DEV_NORMAL_022,596,625,0.33686873,True
DEV_NORMAL_022,597,626,0.32661068,True
DEV_NORMAL_022,598,627,0.32296506,True
DEV_NORMAL_022,599,628,0.34691525,True
DEV_NORMAL_022,600,629,0.35545677,True
DEV_NORMAL_022,601,630,0.35129166,True
DEV_NORMAL_022,602,631,0.3284008,True
DEV_NORMAL_022,603,632,0.33546335,True
DEV_NORMAL_022,604,633,0.31291136,True
DEV_NORMAL_022,605,634,0.3367143,True
DEV_NORMAL_022,606,635,0.33426654,True
DEV_NORMAL_022,607,636,0.33412558,True
DEV_NORMAL_022,608,637,0.32180282,True
DEV_NORMAL_022,609,638,0.31261232,True
DEV_NORMAL_022,610,639,0.31786188,True
DEV_NORMAL_022,611,640,0.31618816,True
DEV_NORMAL_022,612,641,0.3078547,True
DEV_NORMAL_022,613,642,0.2952418,True
DEV_NORMAL_022,614,643,0.28885612,False
DEV_NORMAL_022,615,644,0.28308117,False
DEV_NORMAL_022,616,645,0.2816742,False
DEV_NORMAL_022,617,646,0.27759504,False
DEV_NORMAL_022,618,647,0.25760376,False
DEV_NORMAL_022,619,648,0.22643162,False
DEV_NORMAL_022,620,649,0.21525997,False
DEV_NORMAL_022,621,650,0.2197725,False
DEV_NORMAL_022,622,651,0.21906178,False
DEV_NORMAL_022,623,652,0.22629191,False
DEV_NORMAL_022,624,653,0.20645645,False
DEV_NORMAL_022,625,654,0.20844866,False
DEV_NORMAL_022,626,655,0.19458325,False
DEV_NORMAL_022,627,656,0.19767071,False
DEV_NORMAL_022,628,657,0.1963707,False
DEV_NORMAL_022,629,658,0.18555017,False
DEV_NORMAL_022,630,659,0.18960515,False
DEV_NORMAL_022,631,660,0.20164964,False
DEV_NORMAL_022,632,661,0.20133922,False
DEV_NORMAL_022,633,662,0.1926582,False
DEV_NORMAL_022,634,663,0.17572562,False
DEV_NORMAL_022,635,664,0.18925104,False
DEV_NORMAL_022,636,665,0.19079222,False
DEV_NORMAL_022,637,666,0.19511276,False
DEV_NORMAL_022,638,667,0.1941488,False
DEV_NORMAL_022,639,668,0.19777472,False
DEV_NORMAL_022,640,669,0.18943529,False
DEV_NORMAL_022,641,670,0.1993305,False
DEV_NORMAL_022,642,671,0.19747859,False
DEV_NORMAL_022,643,672,0.20355763,False
DEV_NORMAL_022,644,673,0.20273826,False
DEV_NORMAL_022,645,674,0.20529285,False
DEV_NORMAL_022,646,675,0.20359446,False
DEV_NORMAL_022,647,676,0.21467878,False
DEV_NORMAL_022,648,677,0.21243545,False
DEV_NORMAL_022,649,678,0.21788517,False
DEV_NORMAL_022,650,679,0.21786144,False
DEV_NORMAL_022,651,680,0.20706059,False
DEV_NORMAL_022,652,681,0.21122429,False
DEV_NORMAL_022,653,682,0.21433146,False
DEV_NORMAL_022,654,683,0.21209584,False
DEV_NORMAL_022,655,684,0.20151943,False
DEV_NORMAL_022,656,685,0.19978485,False
DEV_NORMAL_022,657,686,0.20594925,False
DEV_NORMAL_022,658,687,0.20144399,False
DEV_NORMAL_022,659,688,0.19504999,False
DEV_NORMAL_022,660,689,0.20753597,False
DEV_NORMAL_022,661,690,0.21259356,False
DEV_NORMAL_022,662,691,0.22111565,False
DEV_NORMAL_022,663,692,0.21760756,False
DEV_NORMAL_022,664,693,0.21728855,False
DEV_NORMAL_022,665,694,0.22426884,False
DEV_NORMAL_022,666,695,0.24118225,False
DEV_NORMAL_022,667,696,0.24199401,False
DEV_NORMAL_022,668,697,0.2421024,False
DEV_NORMAL_022,669,698,0.24394862,False
DEV_NORMAL_022,670,699,0.2462368,False
DEV_NORMAL_022,671,700,0.24807593,False
DEV_NORMAL_022,672,701,0.26047617,False
DEV_NORMAL_022,673,702,0.2613677,False
DEV_NORMAL_022,674,703,0.2579719,False
DEV_NORMAL_022,675,704,0.26205024,False
DEV_NORMAL_022,676,705,0.25679487,False
DEV_NORMAL_022,677,706,0.254357,False
DEV_NORMAL_022,678,707,0.25684923,False
DEV_NORMAL_022,679,708,0.2634705,False
DEV_NORMAL_022,680,709,0.24292387,False
DEV_NORMAL_022,681,710,0.24448492,False
DEV_NORMAL_022,682,711,0.2467467,False
DEV_NORMAL_022,683,712,0.25867036,False
DEV_NORMAL_022,684,713,0.24237709,False
DEV_NORMAL_022,685,714,0.23311323,False
DEV_NORMAL_022,686,715,0.2458176,False
DEV_NORMAL_022,687,716,0.25202757,False
DEV_NORMAL_022,688,717,0.2255104,False
DEV_NORMAL_022,689,718,0.22844706,False
DEV_NORMAL_022,690,719,0.22740754,False
DEV_NORMAL_022,691,720,0.18591937,False
DEV_NORMAL_022,692,721,0.193647,False
DEV_NORMAL_022,693,722,0.2058148,False
DEV_NORMAL_022,694,723,0.18828583,False
DEV_NORMAL_022,695,724,0.18886563,False
DEV_NORMAL_022,696,725,0.18713601,False
DEV_NORMAL_022,697,726,0.17142598,False
DEV_NORMAL_022,698,727,0.16830435,False
DEV_NORMAL_022,699,728,0.18083191,False
DEV_NORMAL_022,700,729,0.19434275,False
DEV_NORMAL_022,701,730,0.2040926,False
DEV_NORMAL_022,702,731,0.20467828,False
DEV_NORMAL_022,703,732,0.23915042,False
DEV_NORMAL_022,704,733,0.24230918,False
DEV_NORMAL_022,705,734,0.2555626,False
DEV_NORMAL_022,706,735,0.24966398,False
DEV_NORMAL_022,707,736,0.23806979,False
DEV_NORMAL_022,708,737,0.23941265,False
DEV_NORMAL_022,709,738,0.2420792,False
DEV_NORMAL_022,710,739,0.24130102,False
DEV_NORMAL_022,711,740,0.23446767,False
DEV_NORMAL_022,712,741,0.24058463,False
DEV_NORMAL_022,713,742,0.25418532,False
DEV_NORMAL_022,714,743,0.2659852,False
DEV_NORMAL_022,715,744,0.25581163,False
DEV_NORMAL_022,716,745,0.2532562,False
DEV_NORMAL_022,717,746,0.26123947,False
DEV_NORMAL_022,718,747,0.26823938,False
DEV_NORMAL_022,719,748,0.26817864,False
DEV_NORMAL_022,720,749,0.2850921,False
DEV_NORMAL_022,721,750,0.28433806,False
DEV_NORMAL_022,722,751,0.26247582,False
DEV_NORMAL_022,723,752,0.25607523,False
DEV_NORMAL_022,724,753,0.26538026,False
DEV_NORMAL_022,725,754,0.27426675,False
DEV_NORMAL_022,726,755,0.2653357,False
DEV_NORMAL_022,727,756,0.2578356,False
DEV_NORMAL_022,728,757,0.24367905,False
DEV_NORMAL_022,729,758,0.2552825,False
DEV_NORMAL_022,730,759,0.23536818,False
DEV_NORMAL_022,731,760,0.21773642,False
DEV_NORMAL_022,732,761,0.21132387,False
DEV_NORMAL_022,733,762,0.21309303,False
DEV_NORMAL_022,734,763,0.20261438,False
DEV_NORMAL_022,735,764,0.20539059,False
DEV_NORMAL_022,736,765,0.21183522,False
DEV_NORMAL_022,737,766,0.2046092,False
DEV_NORMAL_022,738,767,0.20492548,False
DEV_NORMAL_022,739,768,0.20536941,False
DEV_NORMAL_022,740,769,0.20218591,False
DEV_NORMAL_022,741,770,0.19771671,False
DEV_NORMAL_022,742,771,0.19195303,False
DEV_NORMAL_022,743,772,0.1985415,False
DEV_NORMAL_022,744,773,0.19290833,False
DEV_NORMAL_022,745,774,0.1896969,False
DEV_NORMAL_022,746,775,0.17699404,False
DEV_NORMAL_022,747,776,0.16824172,False
DEV_NORMAL_022,748,777,0.16680215,False
DEV_NORMAL_022,749,778,0.16886133,False
DEV_NORMAL_022,750,779,0.19611952,False
DEV_NORMAL_022,751,780,0.18874435,False
DEV_NORMAL_022,752,781,0.19445047,False
DEV_NORMAL_022,753,782,0.22384365,False
DEV_NORMAL_022,754,783,0.20876583,False
DEV_NORMAL_022,755,784,0.21345125,False
DEV_NORMAL_022,756,785,0.21808645,False
DEV_NORMAL_022,757,786,0.21308641,False
DEV_NORMAL_022,758,787,0.21280912,False
DEV_NORMAL_022,759,788,0.21440347,False
DEV_NORMAL_022,760,789,0.20534404,False
DEV_NORMAL_022,761,790,0.20648588,False
DEV_NORMAL_022,762,791,0.20183392,False
DEV_NORMAL_022,763,792,0.2070212,False
DEV_NORMAL_022,764,793,0.20875551,False
DEV_NORMAL_022,765,794,0.21603718,False
DEV_NORMAL_022,766,795,0.20801525,False
DEV_NORMAL_022,767,796,0.2132933,False
DEV_NORMAL_022,768,797,0.22233108,False
DEV_NORMAL_022,769,798,0.22255683,False
DEV_NORMAL_022,770,799,0.23115358,False
DEV_NORMAL_022,771,800,0.23273595,False
DEV_NORMAL_022,772,801,0.22361265,False
DEV_NORMAL_022,773,802,0.20914903,False
DEV_NORMAL_022,774,803,0.21277046,False
DEV_NORMAL_022,775,804,0.20706758,False
DEV_NORMAL_022,776,805,0.20047912,False
DEV_NORMAL_022,777,806,0.19204019,False
DEV_NORMAL_022,778,807,0.20231298,False
DEV_NORMAL_022,779,808,0.19611555,False
DEV_NORMAL_022,780,809,0.20101474,False
DEV_NORMAL_022,781,810,0.19382712,False
DEV_NORMAL_022,782,811,0.19949324,False
DEV_NORMAL_022,783,812,0.19861923,False
DEV_NORMAL_022,784,813,0.19795483,False
DEV_NORMAL_022,785,814,0.2013565,False
DEV_NORMAL_022,786,815,0.20066206,False
DEV_NORMAL_022,787,816,0.20157908,False
DEV_NORMAL_022,788,817,0.19877023,False
DEV_NORMAL_022,789,818,0.18451737,False
DEV_NORMAL_022,790,819,0.19205509,False
DEV_NORMAL_022,791,820,0.19726425,False
DEV_NORMAL_022,792,821,0.18300912,False
DEV_NORMAL_022,793,822,0.21231225,False
DEV_NORMAL_022,794,823,0.21895829,False
DEV_NORMAL_022,795,824,0.22003473,False
DEV_NORMAL_022,796,825,0.22170156,False
DEV_NORMAL_022,797,826,0.22274403,False
DEV_NORMAL_022,798,827,0.21975467,False
DEV_NORMAL_022,799,828,0.21474314,False
DEV_NORMAL_022,800,829,0.20539698,False
DEV_NORMAL_022,801,830,0.20627639,False
DEV_NORMAL_022,802,831,0.21224546,False
DEV_NORMAL_022,803,832,0.22147305,False
DEV_NORMAL_022,804,833,0.2365888,False
DEV_NORMAL_022,805,834,0.24801885,False
DEV_NORMAL_022,806,835,0.25086766,False
DEV_NORMAL_022,807,836,0.2498633,False
DEV_NORMAL_022,808,837,0.24318232,False
DEV_NORMAL_022,809,838,0.25087395,False
DEV_NORMAL_022,810,839,0.2478369,False
DEV_NORMAL_022,811,840,0.23477009,False
DEV_NORMAL_022,812,841,0.23480716,False
DEV_NORMAL_022,813,842,0.25216344,False
DEV_NORMAL_022,814,843,0.25602445,False
DEV_NORMAL_022,815,844,0.2624802,False
DEV_NORMAL_022,816,845,0.24829534,False
DEV_NORMAL_022,817,846,0.24198465,False
DEV_NORMAL_022,818,847,0.25044477,False
DEV_NORMAL_022,819,848,0.25325507,False
DEV_NORMAL_022,820,849,0.25641498,False
DEV_NORMAL_022,821,850,0.2793942,False
DEV_NORMAL_022,822,851,0.29650858,True
DEV_NORMAL_022,823,852,0.25173613,False
DEV_NORMAL_022,824,853,0.25235015,False
DEV_NORMAL_022,825,854,0.25187707,False
DEV_NORMAL_022,826,855,0.25211203,False
DEV_NORMAL_022,827,856,0.27890027,False
DEV_NORMAL_022,828,857,0.29018143,False
DEV_NORMAL_022,829,858,0.27624,False
DEV_NORMAL_022,830,859,0.25869927,False
DEV_NORMAL_022,831,860,0.2745041,False
DEV_NORMAL_022,832,861,0.25405064,False
DEV_NORMAL_022,833,862,0.2191791,False
DEV_NORMAL_022,834,863,0.23007755,False
DEV_NORMAL_022,835,864,0.21707182,False
DEV_NORMAL_022,836,865,0.2052259,False
DEV_NORMAL_022,837,866,0.22310185,False
DEV_NORMAL_022,838,867,0.2301107,False
DEV_NORMAL_022,839,868,0.20997159,False
DEV_NORMAL_022,840,869,0.23111273,False
DEV_NORMAL_022,841,870,0.2079766,False
DEV_NORMAL_022,842,871,0.20800312,False
DEV_NORMAL_022,843,872,0.20567878,False
DEV_NORMAL_022,844,873,0.20310564,False
DEV_NORMAL_022,845,874,0.19652557,False
DEV_NORMAL_022,846,875,0.19504286,False
DEV_NORMAL_022,847,876,0.18656835,False
DEV_NORMAL_022,848,877,0.18038654,False
DEV_NORMAL_022,849,878,0.18423001,False
DEV_NORMAL_022,850,879,0.18894841,False
DEV_NORMAL_022,851,880,0.18937898,False
DEV_NORMAL_022,852,881,0.18099698,False
DEV_NORMAL_022,853,882,0.17009634,False
DEV_NORMAL_022,854,883,0.16636887,False
DEV_NORMAL_022,855,884,0.16747221,False
DEV_NORMAL_022,856,885,0.16852306,False
DEV_NORMAL_022,857,886,0.16344452,False
DEV_NORMAL_022,858,887,0.1622767,False
DEV_NORMAL_022,859,888,0.1765973,False
DEV_NORMAL_022,860,889,0.17230651,False
DEV_NORMAL_022,861,890,0.1677229,False
DEV_NORMAL_022,862,891,0.16184181,False
DEV_NORMAL_022,863,892,0.16161299,False
DEV_NORMAL_022,864,893,0.16203895,False
DEV_NORMAL_022,865,894,0.15408915,False
DEV_NORMAL_022,866,895,0.16386499,False
DEV_NORMAL_022,867,896,0.17369536,False
DEV_NORMAL_022,868,897,0.17850421,False
DEV_NORMAL_022,869,898,0.17852035,False
DEV_NORMAL_022,870,899,0.18797252,False
DEV_NORMAL_022,871,900,0.18223022,False
DEV_NORMAL_022,872,901,0.18931736,False
DEV_NORMAL_022,873,902,0.20768365,False
DEV_NORMAL_022,874,903,0.22846943,False
DEV_NORMAL_022,875,904,0.23589571,False
DEV_NORMAL_022,876,905,0.22342211,False
DEV_NORMAL_022,877,906,0.23748241,False
DEV_NORMAL_022,878,907,0.2534102,False
DEV_NORMAL_022,879,908,0.25506613,False
DEV_NORMAL_022,880,909,0.23712857,False
DEV_NORMAL_022,881,910,0.24269365,False
DEV_NORMAL_022,882,911,0.23609552,False
DEV_NORMAL_022,883,912,0.24291353,False
DEV_NORMAL_022,884,913,0.2630856,False
DEV_NORMAL_022,885,914,0.23204775,False
DEV_NORMAL_022,886,915,0.22987686,False
DEV_NORMAL_022,887,916,0.24424043,False
DEV_NORMAL_022,888,917,0.24022843,False
DEV_NORMAL_022,889,918,0.25644115,False
DEV_NORMAL_022,890,919,0.2623069,False
DEV_NORMAL_022,891,920,0.25087515,False
DEV_NORMAL_022,892,921,0.256658,False
DEV_NORMAL_022,893,922,0.2718467,False
DEV_NORMAL_022,894,923,0.26897955,False
DEV_NORMAL_022,895,924,0.23953788,False
DEV_NORMAL_022,896,925,0.24250771,False
DEV_NORMAL_022,897,926,0.24942271,False
DEV_NORMAL_022,898,927,0.23854668,False
DEV_NORMAL_022,899,928,0.25150004,False
DEV_NORMAL_022,900,929,0.24494654,False
DEV_NORMAL_022,901,930,0.2517015,False
DEV_NORMAL_022,902,931,0.26955712,False
DEV_NORMAL_022,903,932,0.2521847,False
DEV_NORMAL_022,904,933,0.26689628,False
DEV_NORMAL_022,905,934,0.24085608,False
DEV_NORMAL_022,906,935,0.2522716,False
DEV_NORMAL_022,907,936,0.26787287,False
DEV_NORMAL_022,908,937,0.25561267,False
DEV_NORMAL_022,909,938,0.268877,False
DEV_NORMAL_022,910,939,0.2691208,False
DEV_NORMAL_022,911,940,0.27038783,False
DEV_NORMAL_022,912,941,0.27125886,False
DEV_NORMAL_022,913,942,0.27005634,False
DEV_NORMAL_022,914,943,0.27853206,False
DEV_NORMAL_022,915,944,0.28451285,False
DEV_NORMAL_022,916,945,0.2882185,False
DEV_NORMAL_022,917,946,0.2516765,False
DEV_NORMAL_022,918,947,0.25646195,False
DEV_NORMAL_022,919,948,0.2591197,False
DEV_NORMAL_022,920,949,0.2646731,False
DEV_NORMAL_022,921,950,0.27730268,False
DEV_NORMAL_022,922,951,0.27872854,False
DEV_NORMAL_022,923,952,0.2797985,False
DEV_NORMAL_022,924,953,0.28345388,False
DEV_NORMAL_022,925,954,0.284098,False
DEV_NORMAL_022,926,955,0.28636882,False
DEV_NORMAL_022,927,956,0.29711756,True
DEV_NORMAL_022,928,957,0.2751601,False
DEV_NORMAL_022,929,958,0.28078508,False
DEV_NORMAL_022,930,959,0.26950568,False
DEV_NORMAL_022,931,960,0.25846,False
DEV_NORMAL_022,932,961,0.24955648,False
DEV_NORMAL_022,933,962,0.24721041,False
DEV_NORMAL_022,934,963,0.23219077,False
DEV_NORMAL_022,935,964,0.24517053,False
DEV_NORMAL_022,936,965,0.2373595,False
DEV_NORMAL_022,937,966,0.23367591,False
DEV_NORMAL_022,938,967,0.22932464,False
DEV_NORMAL_022,939,968,0.23618382,False
DEV_NORMAL_022,940,969,0.237214,False
DEV_NORMAL_022,941,970,0.24315779,False
DEV_NORMAL_022,942,971,0.2608189,False
DEV_NORMAL_022,943,972,0.27223772,False
DEV_NORMAL_022,944,973,0.27441952,False
DEV_NORMAL_022,945,974,0.27395847,False
DEV_NORMAL_022,946,975,0.29683286,True
DEV_NORMAL_022,947,976,0.2838739,False
DEV_NORMAL_022,948,977,0.28460395,False
DEV_NORMAL_022,949,978,0.27500406,False
DEV_NORMAL_022,950,979,0.28037706,False
DEV_NORMAL_022,951,980,0.28405413,False
DEV_NORMAL_022,952,981,0.2406306,False
DEV_NORMAL_022,953,982,0.24616893,False
DEV_NORMAL_022,954,983,0.24310789,False
DEV_NORMAL_022,955,984,0.2642228,False
DEV_NORMAL_022,956,985,0.26900926,False
DEV_NORMAL_022,957,986,0.27094376,False
DEV_NORMAL_022,958,987,0.27811795,False
DEV_NORMAL_022,959,988,0.2771663,False
DEV_NORMAL_022,960,989,0.27896196,False
DEV_NORMAL_022,961,990,0.30889347,True
DEV_NORMAL_022,962,991,0.29166734,True
DEV_NORMAL_022,963,992,0.28310758,False
DEV_NORMAL_022,964,993,0.27371418,False
DEV_NORMAL_022,965,994,0.27724093,False
DEV_NORMAL_022,966,995,0.28026816,False
DEV_NORMAL_022,967,996,0.26453704,False
DEV_NORMAL_022,968,997,0.27278996,False
DEV_NORMAL_022,969,998,0.27284768,False
DEV_NORMAL_022,970,999,0.27378407,False
DEV_NORMAL_022,971,1000,0.24248075,False
DEV_NORMAL_022,972,1001,0.2426363,False
DEV_NORMAL_022,973,1002,0.22901097,False
DEV_NORMAL_022,974,1003,0.22459371,False
DEV_NORMAL_022,975,1004,0.23872833,False
DEV_NORMAL_022,976,1005,0.2506878,False
DEV_NORMAL_022,977,1006,0.21790205,False
DEV_NORMAL_022,978,1007,0.21637061,False
DEV_NORMAL_022,979,1008,0.21600303,False
DEV_NORMAL_022,980,1009,0.21779619,False
DEV_NORMAL_022,981,1010,0.22376436,False
DEV_NORMAL_022,982,1011,0.23307256,False
DEV_NORMAL_022,983,1012,0.20274454,False
DEV_NORMAL_022,984,1013,0.20644884,False
DEV_NORMAL_022,985,1014,0.21566921,False
DEV_NORMAL_022,986,1015,0.18604898,False
DEV_NORMAL_022,987,1016,0.17752644,False
DEV_NORMAL_022,988,1017,0.17252168,False
DEV_NORMAL_022,989,1018,0.17160313,False
DEV_NORMAL_022,990,1019,0.16656841,False
DEV_NORMAL_022,991,1020,0.16401812,False
DEV_NORMAL_022,992,1021,0.1658857,False
DEV_NORMAL_022,993,1022,0.1828362,False
DEV_NORMAL_022,994,1023,0.1868073,False
DEV_NORMAL_022,995,1024,0.18147367,False
DEV_NORMAL_022,996,1025,0.1912616,False
DEV_NORMAL_022,997,1026,0.17900416,False
DEV_NORMAL_022,998,1027,0.20104843,False
DEV_NORMAL_022,999,1028,0.19678664,False
DEV_NORMAL_022,1000,1029,0.18914595,False
DEV_NORMAL_022,1001,1030,0.18456073,False
DEV_NORMAL_022,1002,1031,0.19304432,False
DEV_NORMAL_022,1003,1032,0.20340951,False
DEV_NORMAL_022,1004,1033,0.19336583,False
DEV_NORMAL_022,1005,1034,0.19422127,False
DEV_NORMAL_022,1006,1035,0.20576811,False
DEV_NORMAL_022,1007,1036,0.20934257,False
DEV_NORMAL_022,1008,1037,0.21296749,False
DEV_NORMAL_022,1009,1038,0.21253577,False
DEV_NORMAL_022,1010,1039,0.20875064,False
DEV_NORMAL_022,1011,1040,0.21164684,False
DEV_NORMAL_022,1012,1041,0.22925569,False
DEV_NORMAL_022,1013,1042,0.22150512,False
DEV_NORMAL_022,1014,1043,0.23171677,False
DEV_NORMAL_022,1015,1044,0.23218414,False
DEV_NORMAL_022,1016,1045,0.23006599,False
DEV_NORMAL_022,1017,1046,0.2405685,False
DEV_NORMAL_022,1018,1047,0.24215837,False
DEV_NORMAL_022,1019,1048,0.22984926,False
DEV_NORMAL_022,1020,1049,0.23110713,False
DEV_NORMAL_022,1021,1050,0.23076336,False
DEV_NORMAL_022,1022,1051,0.23143612,False
DEV_NORMAL_022,1023,1052,0.23685881,False
DEV_NORMAL_022,1024,1053,0.22978798,False
DEV_NORMAL_022,1025,1054,0.2647508,False
DEV_NORMAL_022,1026,1055,0.30544096,True
DEV_NORMAL_022,1027,1056,0.28469983,False
DEV_NORMAL_022,1028,1057,0.27847517,False
DEV_NORMAL_022,1029,1058,0.28287074,False
DEV_NORMAL_022,1030,1059,0.27900118,False
DEV_NORMAL_022,1031,1060,0.28355032,False
DEV_NORMAL_022,1032,1061,0.27424666,False
DEV_NORMAL_022,1033,1062,0.278628,False
DEV_NORMAL_022,1034,1063,0.2774333,False
DEV_NORMAL_022,1035,1064,0.2783539,False
DEV_NORMAL_022,1036,1065,0.26357898,False
DEV_NORMAL_022,1037,1066,0.268251,False
DEV_NORMAL_022,1038,1067,0.28290665,False
DEV_NORMAL_022,1039,1068,0.28189883,False
DEV_NORMAL_022,1040,1069,0.28226936,False
DEV_NORMAL_022,1041,1070,0.26834437,False
DEV_NORMAL_022,1042,1071,0.27242354,False
DEV_NORMAL_022,1043,1072,0.2553824,False
DEV_NORMAL_022,1044,1073,0.25315508,False
DEV_NORMAL_022,1045,1074,0.25076464,False
DEV_NORMAL_022,1046,1075,0.25315103,False
DEV_NORMAL_022,1047,1076,0.25142032,False
DEV_NORMAL_022,1048,1077,0.25116998,False
DEV_NORMAL_022,1049,1078,0.2535914,False
DEV_NORMAL_022,1050,1079,0.25972527,False
DEV_NORMAL_022,1051,1080,0.22882392,False
DEV_NORMAL_022,1052,1081,0.24582395,False
DEV_NORMAL_022,1053,1082,0.23342253,False
DEV_NORMAL_022,1054,1083,0.22854427,False
DEV_NORMAL_022,1055,1084,0.2047042,False
DEV_NORMAL_022,1056,1085,0.19750537,False
DEV_NORMAL_022,1057,1086,0.19782118,False
DEV_NORMAL_022,1058,1087,0.1989693,False
DEV_NORMAL_022,1059,1088,0.19698893,False
DEV_NORMAL_022,1060,1089,0.20553845,False
DEV_NORMAL_022,1061,1090,0.21225786,False
DEV_NORMAL_022,1062,1091,0.20043492,False
DEV_NORMAL_022,1063,1092,0.20556222,False
DEV_NORMAL_022,1064,1093,0.20314279,False
DEV_NORMAL_022,1065,1094,0.20683952,False
DEV_NORMAL_022,1066,1095,0.22188629,False
DEV_NORMAL_022,1067,1096,0.2213684,False
DEV_NORMAL_022,1068,1097,0.21462257,False
DEV_NORMAL_022,1069,1098,0.23285526,False
DEV_NORMAL_022,1070,1099,0.24043244,False
DEV_NORMAL_022,1071,1100,0.24212907,False
DEV_NORMAL_022,1072,1101,0.24153766,False
DEV_NORMAL_022,1073,1102,0.23831274,False
DEV_NORMAL_022,1074,1103,0.23499714,False
DEV_NORMAL_022,1075,1104,0.2479039,False
DEV_NORMAL_022,1076,1105,0.24860382,False
DEV_NORMAL_022,1077,1106,0.24027684,False
DEV_NORMAL_022,1078,1107,0.2538408,False
DEV_NORMAL_022,1079,1108,0.23733069,False
DEV_NORMAL_022,1080,1109,0.2425135,False
DEV_NORMAL_022,1081,1110,0.23869051,False
DEV_NORMAL_022,1082,1111,0.23469648,False
DEV_NORMAL_022,1083,1112,0.24399446,False
DEV_NORMAL_022,1084,1113,0.21085173,False
DEV_NORMAL_022,1085,1114,0.21654297,False
DEV_NORMAL_022,1086,1115,0.23144655,False
DEV_NORMAL_022,1087,1116,0.20518807,False
DEV_NORMAL_022,1088,1117,0.2138938,False
DEV_NORMAL_022,1089,1118,0.21358605,False
DEV_NORMAL_022,1090,1119,0.22885892,False
DEV_NORMAL_022,1091,1120,0.2372846,False
DEV_NORMAL_022,1092,1121,0.23725647,False
DEV_NORMAL_022,1093,1122,0.22528023,False
DEV_NORMAL_022,1094,1123,0.22500914,False
DEV_NORMAL_022,1095,1124,0.22725725,False
DEV_NORMAL_022,1096,1125,0.24000889,False
DEV_NORMAL_022,1097,1126,0.22639227,False
DEV_NORMAL_022,1098,1127,0.20256631,False
DEV_NORMAL_022,1099,1128,0.22614756,False
DEV_NORMAL_022,1100,1129,0.22263221,False
DEV_NORMAL_022,1101,1130,0.23819615,False
DEV_NORMAL_022,1102,1131,0.24259187,False
DEV_NORMAL_022,1103,1132,0.24834456,False
DEV_NORMAL_022,1104,1133,0.24999876,False
DEV_NORMAL_022,1105,1134,0.24320398,False
DEV_NORMAL_022,1106,1135,0.24581903,False
DEV_NORMAL_022,1107,1136,0.23721312,False
DEV_NORMAL_022,1108,1137,0.25533772,False
DEV_NORMAL_022,1109,1138,0.24331026,False
DEV_NORMAL_022,1110,1139,0.24793866,False
DEV_NORMAL_022,1111,1140,0.2478486,False
DEV_NORMAL_022,1112,1141,0.2513333,False
DEV_NORMAL_022,1113,1142,0.2544611,False
DEV_NORMAL_022,1114,1143,0.25340393,False
DEV_NORMAL_022,1115,1144,0.23254704,False
DEV_NORMAL_022,1116,1145,0.2350332,False
DEV_NORMAL_022,1117,1146,0.23377849,False
DEV_NORMAL_022,1118,1147,0.2367515,False
DEV_NORMAL_022,1119,1148,0.23386733,False
DEV_NORMAL_022,1120,1149,0.24872229,False
DEV_NORMAL_022,1121,1150,0.23906714,False
DEV_NORMAL_022,1122,1151,0.22813484,False
DEV_NORMAL_022,1123,1152,0.23335041,False
DEV_NORMAL_022,1124,1153,0.23490919,False
DEV_NORMAL_022,1125,1154,0.24068737,False
DEV_NORMAL_022,1126,1155,0.20166355,False
DEV_NORMAL_022,1127,1156,0.20352773,False
DEV_NORMAL_022,1128,1157,0.20436607,False
DEV_NORMAL_022,1129,1158,0.22529517,False
DEV_NORMAL_022,1130,1159,0.22713032,False
DEV_NORMAL_022,1131,1160,0.22879553,False
DEV_NORMAL_022,1132,1161,0.22801583,False
DEV_NORMAL_022,1133,1162,0.21113017,False
DEV_NORMAL_022,1134,1163,0.22068353,False
DEV_NORMAL_022,1135,1164,0.21840312,False
DEV_NORMAL_022,1136,1165,0.23032472,False
DEV_NORMAL_022,1137,1166,0.22555254,False
DEV_NORMAL_022,1138,1167,0.21865687,False
DEV_NORMAL_022,1139,1168,0.24525833,False
DEV_NORMAL_022,1140,1169,0.24130407,False
DEV_NORMAL_022,1141,1170,0.23582919,False
DEV_NORMAL_022,1142,1171,0.22667462,False
DEV_NORMAL_022,1143,1172,0.22825286,False
DEV_NORMAL_022,1144,1173,0.22507305,False
DEV_NORMAL_022,1145,1174,0.2394619,False
DEV_NORMAL_022,1146,1175,0.23974442,False
DEV_NORMAL_022,1147,1176,0.22330515,False
DEV_NORMAL_022,1148,1177,0.2297215,False
DEV_NORMAL_022,1149,1178,0.2170178,False
DEV_NORMAL_022,1150,1179,0.22514585,False
DEV_NORMAL_022,1151,1180,0.21353503,False
DEV_NORMAL_022,1152,1181,0.23793362,False
DEV_NORMAL_022,1153,1182,0.22879831,False
DEV_NORMAL_022,1154,1183,0.22928038,False
DEV_NORMAL_022,1155,1184,0.24610138,False
DEV_NORMAL_022,1156,1185,0.25059983,False
DEV_NORMAL_022,1157,1186,0.24525993,False
DEV_NORMAL_022,1158,1187,0.24083008,False
DEV_NORMAL_022,1159,1188,0.21854047,False
DEV_NORMAL_022,1160,1189,0.21707726,False
DEV_NORMAL_022,1161,1190,0.20979612,False
DEV_NORMAL_022,1162,1191,0.22762346,False
DEV_NORMAL_022,1163,1192,0.2161784,False
DEV_NORMAL_022,1164,1193,0.2299817,False
DEV_NORMAL_022,1165,1194,0.24042922,False
DEV_NORMAL_022,1166,1195,0.26285484,False
DEV_NORMAL_022,1167,1196,0.2685711,False
DEV_NORMAL_022,1168,1197,0.27319062,False
DEV_NORMAL_022,1169,1198,0.26753947,False
DEV_NORMAL_022,1170,1199,0.2746343,False
DEV_NORMAL_022,1171,1200,0.28300145,False
DEV_NORMAL_022,1172,1201,0.27220517,False
DEV_NORMAL_022,1173,1202,0.2806556,False
DEV_NORMAL_022,1174,1203,0.29517308,True
DEV_NORMAL_022,1175,1204,0.28417963,False
DEV_NORMAL_022,1176,1205,0.2762228,False
DEV_NORMAL_022,1177,1206,0.2714195,False
DEV_NORMAL_022,1178,1207,0.28206208,False
DEV_NORMAL_022,1179,1208,0.27003777,False
DEV_NORMAL_022,1180,1209,0.28422344,False
DEV_NORMAL_022,1181,1210,0.28727672,False
DEV_NORMAL_022,1182,1211,0.2665734,False
DEV_NORMAL_022,1183,1212,0.26518127,False
DEV_NORMAL_022,1184,1213,0.27221742,False
DEV_NORMAL_022,1185,1214,0.2588686,False
DEV_NORMAL_022,1186,1215,0.26709086,False
DEV_NORMAL_022,1187,1216,0.25729102,False
DEV_NORMAL_022,1188,1217,0.25453404,False
DEV_NORMAL_022,1189,1218,0.26188004,False
DEV_NORMAL_022,1190,1219,0.28256142,False
DEV_NORMAL_022,1191,1220,0.25354093,False
DEV_NORMAL_022,1192,1221,0.28445002,False
DEV_NORMAL_022,1193,1222,0.23256622,False
DEV_NORMAL_022,1194,1223,0.20430997,False
DEV_NORMAL_022,1195,1224,0.22578003,False
DEV_NORMAL_022,1196,1225,0.22969471,False
DEV_NORMAL_022,1197,1226,0.23327877,False
DEV_NORMAL_022,1198,1227,0.23859313,False
DEV_NORMAL_022,1199,1228,0.22724158,False
DEV_NORMAL_022,1200,1229,0.23235194,False
DEV_NORMAL_022,1201,1230,0.23451707,False
DEV_NORMAL_022,1202,1231,0.2382295,False
DEV_NORMAL_022,1203,1232,0.24677235,False
DEV_NORMAL_022,1204,1233,0.24830072,False
DEV_NORMAL_022,1205,1234,0.26063386,False
DEV_NORMAL_022,1206,1235,0.24605592,False
DEV_NORMAL_022,1207,1236,0.23566476,False
DEV_NORMAL_022,1208,1237,0.2594494,False
DEV_NORMAL_022,1209,1238,0.27066585,False
DEV_NORMAL_022,1210,1239,0.26077738,False
DEV_NORMAL_022,1211,1240,0.26827058,False
DEV_NORMAL_022,1212,1241,0.24254495,False
DEV_NORMAL_022,1213,1242,0.2391158,False
DEV_NORMAL_022,1214,1243,0.24447592,False
DEV_NORMAL_022,1215,1244,0.2618088,False
DEV_NORMAL_022,1216,1245,0.2479261,False
DEV_NORMAL_022,1217,1246,0.2539579,False
DEV_NORMAL_022,1218,1247,0.25516212,False
DEV_NORMAL_022,1219,1248,0.27066898,False
DEV_NORMAL_022,1220,1249,0.2718506,False
DEV_NORMAL_022,1221,1250,0.264471,False
DEV_NORMAL_022,1222,1251,0.27912515,False
DEV_NORMAL_022,1223,1252,0.27963558,False
DEV_NORMAL_022,1224,1253,0.27733535,False
DEV_NORMAL_022,1225,1254,0.27116448,False
DEV_NORMAL_022,1226,1255,0.2658341,False
DEV_NORMAL_022,1227,1256,0.26071784,False
DEV_NORMAL_022,1228,1257,0.2589739,False
DEV_NORMAL_022,1229,1258,0.26052818,False
DEV_NORMAL_022,1230,1259,0.24738838,False
DEV_NORMAL_022,1231,1260,0.25105974,False
DEV_NORMAL_022,1232,1261,0.2602122,False
DEV_NORMAL_022,1233,1262,0.26123202,False
DEV_NORMAL_022,1234,1263,0.2694683,False
DEV_NORMAL_022,1235,1264,0.26838017,False
DEV_NORMAL_022,1236,1265,0.2872209,False
DEV_NORMAL_022,1237,1266,0.28429225,False
DEV_NORMAL_022,1238,1267,0.25969598,False
DEV_NORMAL_022,1239,1268,0.2617485,False
DEV_NORMAL_022,1240,1269,0.26755112,False
DEV_NORMAL_022,1241,1270,0.26198548,False
DEV_NORMAL_022,1242,1271,0.26114392,False
DEV_NORMAL_022,1243,1272,0.2649537,False
DEV_NORMAL_022,1244,1273,0.2562863,False
DEV_NORMAL_022,1245,1274,0.2553077,False
DEV_NORMAL_022,1246,1275,0.24302135,False
DEV_NORMAL_022,1247,1276,0.2568063,False
DEV_NORMAL_022,1248,1277,0.26970333,False
DEV_NORMAL_022,1249,1278,0.24922132,False
DEV_NORMAL_022,1250,1279,0.24499607,False
DEV_NORMAL_022,1251,1280,0.24274102,False
DEV_NORMAL_022,1252,1281,0.23414893,False
DEV_NORMAL_022,1253,1282,0.21966957,False
DEV_NORMAL_022,1254,1283,0.23264866,False
DEV_NORMAL_022,1255,1284,0.23428236,False
DEV_NORMAL_022,1256,1285,0.2311757,False
DEV_NORMAL_022,1257,1286,0.21609856,False
DEV_NORMAL_022,1258,1287,0.21623598,False
DEV_NORMAL_022,1259,1288,0.23133074,False
DEV_NORMAL_022,1260,1289,0.23217557,False
DEV_NORMAL_022,1261,1290,0.18549256,False
DEV_NORMAL_022,1262,1291,0.18690364,False
DEV_NORMAL_022,1263,1292,0.1776757,False
DEV_NORMAL_022,1264,1293,0.18956894,False
DEV_NORMAL_022,1265,1294,0.18975165,False
DEV_NORMAL_022,1266,1295,0.1958513,False
DEV_NORMAL_022,1267,1296,0.19465713,False
DEV_NORMAL_022,1268,1297,0.18273844,False
DEV_NORMAL_022,1269,1298,0.16899589,False
DEV_NORMAL_022,1270,1299,0.18108095,False
DEV_NORMAL_022,1271,1300,0.17872177,False
DEV_NORMAL_022,1272,1301,0.16624826,False
DEV_NORMAL_022,1273,1302,0.16953805,False
DEV_NORMAL_022,1274,1303,0.1630236,False
DEV_NORMAL_022,1275,1304,0.17269939,False
DEV_NORMAL_022,1276,1305,0.16468872,False
DEV_NORMAL_022,1277,1306,0.16150665,False
DEV_NORMAL_022,1278,1307,0.19891992,False
DEV_NORMAL_022,1279,1308,0.19301929,False
DEV_NORMAL_022,1280,1309,0.19612932,False
DEV_NORMAL_022,1281,1310,0.20157188,False
DEV_NORMAL_022,1282,1311,0.19399348,False
DEV_NORMAL_022,1283,1312,0.1902278,False
DEV_NORMAL_022,1284,1313,0.19291426,False
DEV_NORMAL_022,1285,1314,0.1845171,False
DEV_NORMAL_022,1286,1315,0.18568143,False
DEV_NORMAL_022,1287,1316,0.19343838,False
DEV_NORMAL_022,1288,1317,0.19019388,False
DEV_NORMAL_022,1289,1318,0.18863627,False
DEV_NORMAL_022,1290,1319,0.19345604,False
DEV_NORMAL_022,1291,1320,0.21133858,False
DEV_NORMAL_022,1292,1321,0.22805879,False
DEV_NORMAL_022,1293,1322,0.2357183,False
DEV_NORMAL_022,1294,1323,0.22396792,False
DEV_NORMAL_022,1295,1324,0.21342754,False
DEV_NORMAL_022,1296,1325,0.2128656,False
DEV_NORMAL_022,1297,1326,0.21842575,False
DEV_NORMAL_022,1298,1327,0.22305231,False
DEV_NORMAL_022,1299,1328,0.21460836,False
DEV_NORMAL_022,1300,1329,0.20491408,False
DEV_NORMAL_022,1301,1330,0.20584545,False
DEV_NORMAL_022,1302,1331,0.20557684,False
DEV_NORMAL_022,1303,1332,0.2113752,False
DEV_NORMAL_022,1304,1333,0.22124846,False
DEV_NORMAL_022,1305,1334,0.20744851,False
DEV_NORMAL_022,1306,1335,0.20578559,False
DEV_NORMAL_022,1307,1336,0.19437504,False
DEV_NORMAL_022,1308,1337,0.19621338,False
DEV_NORMAL_022,1309,1338,0.20694736,False
DEV_NORMAL_022,1310,1339,0.2144199,False
DEV_NORMAL_022,1311,1340,0.2138273,False
DEV_NORMAL_022,1312,1341,0.22659387,False
DEV_NORMAL_022,1313,1342,0.24075554,False
DEV_NORMAL_022,1314,1343,0.23403624,False
DEV_NORMAL_022,1315,1344,0.24027716,False
DEV_NORMAL_022,1316,1345,0.22424613,False
DEV_NORMAL_022,1317,1346,0.22011642,False
DEV_NORMAL_022,1318,1347,0.22098179,False
DEV_NORMAL_022,1319,1348,0.21866758,False
DEV_NORMAL_022,1320,1349,0.2085394,False
DEV_NORMAL_022,1321,1350,0.21479866,False
DEV_NORMAL_022,1322,1351,0.20434672,False
DEV_NORMAL_022,1323,1352,0.21078008,False
DEV_NORMAL_022,1324,1353,0.2096301,False
DEV_NORMAL_022,1325,1354,0.2107381,False
DEV_NORMAL_022,1326,1355,0.20880131,False
DEV_NORMAL_022,1327,1356,0.20985702,False
DEV_NORMAL_022,1328,1357,0.2386976,False
DEV_NORMAL_022,1329,1358,0.22572413,False
DEV_NORMAL_022,1330,1359,0.2286664,False
DEV_NORMAL_022,1331,1360,0.26811144,False
DEV_NORMAL_022,1332,1361,0.25921714,False
DEV_NORMAL_022,1333,1362,0.28110543,False
DEV_NORMAL_022,1334,1363,0.27297953,False
DEV_NORMAL_022,1335,1364,0.28818256,False
DEV_NORMAL_022,1336,1365,0.28775945,False
DEV_NORMAL_022,1337,1366,0.27343696,False
DEV_NORMAL_022,1338,1367,0.26800686,False
DEV_NORMAL_022,1339,1368,0.27661616,False
DEV_NORMAL_022,1340,1369,0.2726364,False
DEV_NORMAL_022,1341,1370,0.27150488,False
DEV_NORMAL_022,1342,1371,0.2705068,False
DEV_NORMAL_022,1343,1372,0.2687588,False
DEV_NORMAL_022,1344,1373,0.26780263,False
DEV_NORMAL_022,1345,1374,0.27761644,False
DEV_NORMAL_022,1346,1375,0.2877253,False
DEV_NORMAL_022,1347,1376,0.28207785,False
DEV_NORMAL_022,1348,1377,0.30155754,True
DEV_NORMAL_022,1349,1378,0.3094616,True
DEV_NORMAL_022,1350,1379,0.3090906,True
DEV_NORMAL_022,1351,1380,0.30044028,True
DEV_NORMAL_022,1352,1381,0.30781952,True
DEV_NORMAL_022,1353,1382,0.29165572,True
DEV_NORMAL_022,1354,1383,0.29589012,True
DEV_NORMAL_022,1355,1384,0.29391536,True
DEV_NORMAL_022,1356,1385,0.29657573,True
DEV_NORMAL_022,1357,1386,0.2963397,True
DEV_NORMAL_022,1358,1387,0.27735206,False
DEV_NORMAL_022,1359,1388,0.29816043,True
DEV_NORMAL_022,1360,1389,0.27770004,False
DEV_NORMAL_022,1361,1390,0.2565912,False
DEV_NORMAL_022,1362,1391,0.2543509,False
DEV_NORMAL_022,1363,1392,0.269963,False
DEV_NORMAL_022,1364,1393,0.25165924,False
DEV_NORMAL_022,1365,1394,0.25375465,False
DEV_NORMAL_022,1366,1395,0.2604586,False
DEV_NORMAL_022,1367,1396,0.25829077,False
DEV_NORMAL_022,1368,1397,0.26722908,False
DEV_NORMAL_022,1369,1398,0.28686345,False
DEV_NORMAL_022,1370,1399,0.30117843,True
DEV_NORMAL_022,1371,1400,0.27532038,False
DEV_NORMAL_022,1372,1401,0.26210698,False
DEV_NORMAL_022,1373,1402,0.2717519,False
DEV_NORMAL_022,1374,1403,0.26908937,False
DEV_NORMAL_022,1375,1404,0.2814561,False
DEV_NORMAL_022,1376,1405,0.2934395,True
DEV_NORMAL_022,1377,1406,0.2637336,False
DEV_NORMAL_022,1378,1407,0.2659737,False
DEV_NORMAL_022,1379,1408,0.2719533,False
DEV_NORMAL_022,1380,1409,0.27929077,False
DEV_NORMAL_022,1381,1410,0.27581146,False
DEV_NORMAL_022,1382,1411,0.2624415,False
DEV_NORMAL_022,1383,1412,0.26169652,False
DEV_NORMAL_022,1384,1413,0.25343412,False
DEV_NORMAL_022,1385,1414,0.25248313,False
DEV_NORMAL_022,1386,1415,0.26105657,False
DEV_NORMAL_022,1387,1416,0.27750766,False
DEV_NORMAL_022,1388,1417,0.2813634,False
DEV_NORMAL_022,1389,1418,0.2619221,False
DEV_NORMAL_022,1390,1419,0.26453564,False
DEV_NORMAL_022,1391,1420,0.2692278,False
DEV_NORMAL_022,1392,1421,0.26484182,False
DEV_NORMAL_022,1393,1422,0.2562203,False
DEV_NORMAL_022,1394,1423,0.23997849,False
DEV_NORMAL_022,1395,1424,0.24341956,False
DEV_NORMAL_022,1396,1425,0.22723772,False
DEV_NORMAL_022,1397,1426,0.23191547,False
DEV_NORMAL_022,1398,1427,0.2107182,False
DEV_NORMAL_022,1399,1428,0.2167726,False
DEV_NORMAL_022,1400,1429,0.21982715,False
DEV_NORMAL_022,1401,1430,0.23107895,False
DEV_NORMAL_022,1402,1431,0.2391934,False
DEV_NORMAL_022,1403,1432,0.24012473,False
DEV_NORMAL_022,1404,1433,0.2462382,False
DEV_NORMAL_022,1405,1434,0.23780876,False
DEV_NORMAL_022,1406,1435,0.22312398,False
DEV_NORMAL_022,1407,1436,0.23529272,False
DEV_NORMAL_022,1408,1437,0.25180525,False
DEV_NORMAL_022,1409,1438,0.2460282,False
DEV_NORMAL_022,1410,1439,0.23511353,False
DEV_NORMAL_022,1411,1440,0.22408056,False
DEV_NORMAL_022,1412,1441,0.24557582,False
DEV_NORMAL_022,1413,1442,0.23911181,False
DEV_NORMAL_022,1414,1443,0.24596715,False
DEV_NORMAL_022,1415,1444,0.2269933,False
DEV_NORMAL_022,1416,1445,0.21677881,False
DEV_NORMAL_022,1417,1446,0.20606028,False
DEV_NORMAL_022,1418,1447,0.21124198,False
DEV_NORMAL_022,1419,1448,0.22871533,False
DEV_NORMAL_022,1420,1449,0.2185448,False
DEV_NORMAL_022,1421,1450,0.21513523,False
DEV_NORMAL_022,1422,1451,0.22648428,False
DEV_NORMAL_022,1423,1452,0.22850545,False
DEV_NORMAL_022,1424,1453,0.21370505,False
DEV_NORMAL_022,1425,1454,0.24260376,False
DEV_NORMAL_022,1426,1455,0.25490496,False
DEV_NORMAL_022,1427,1456,0.26166975,False
DEV_NORMAL_022,1428,1457,0.25927287,False
DEV_NORMAL_022,1429,1458,0.24369955,False
DEV_NORMAL_022,1430,1459,0.24401335,False
DEV_NORMAL_022,1431,1460,0.24278775,False
DEV_NORMAL_022,1432,1461,0.24009594,False
DEV_NORMAL_022,1433,1462,0.22859472,False
DEV_NORMAL_022,1434,1463,0.23105808,False
DEV_NORMAL_022,1435,1464,0.2216888,False
DEV_NORMAL_022,1436,1465,0.20346023,False
DEV_NORMAL_022,1437,1466,0.20488086,False
DEV_NORMAL_022,1438,1467,0.2268106,False
DEV_NORMAL_022,1439,1468,0.22190483,False
DEV_NORMAL_022,1440,1469,0.20669807,False
DEV_NORMAL_022,1441,1470,0.21403243,False
DEV_NORMAL_022,1442,1471,0.22185121,False
DEV_NORMAL_022,1443,1472,0.23838669,False
DEV_NORMAL_022,1444,1473,0.23816763,False
DEV_NORMAL_022,1445,1474,0.24604185,False
DEV_NORMAL_022,1446,1475,0.24227919,False
DEV_NORMAL_022,1447,1476,0.25023636,False
DEV_NORMAL_022,1448,1477,0.24859099,False
DEV_NORMAL_022,1449,1478,0.23957726,False
DEV_NORMAL_022,1450,1479,0.23351975,False
DEV_NORMAL_022,1451,1480,0.23135462,False
DEV_NORMAL_022,1452,1481,0.23647372,False
DEV_NORMAL_022,1453,1482,0.23723653,False
DEV_NORMAL_022,1454,1483,0.2278258,False
DEV_NORMAL_022,1455,1484,0.21943432,False
DEV_NORMAL_022,1456,1485,0.21478876,False
DEV_NORMAL_022,1457,1486,0.20414563,False
DEV_NORMAL_022,1458,1487,0.19510031,False
DEV_NORMAL_022,1459,1488,0.19537438,False
DEV_NORMAL_022,1460,1489,0.19257475,False
DEV_NORMAL_022,1461,1490,0.19665886,False
DEV_NORMAL_022,1462,1491,0.20942304,False
DEV_NORMAL_022,1463,1492,0.19829653,False
DEV_NORMAL_022,1464,1493,0.18264341,False
DEV_NORMAL_022,1465,1494,0.201109,False
DEV_NORMAL_022,1466,1495,0.20769739,False
DEV_NORMAL_022,1467,1496,0.19977635,False
DEV_NORMAL_022,1468,1497,0.1918007,False
DEV_NORMAL_022,1469,1498,0.19743142,False
DEV_NORMAL_022,1470,1499,0.20056023,False
DEV_NORMAL_025,0,29,0.2242371,False
DEV_NORMAL_025,1,30,0.21722367,False
DEV_NORMAL_025,2,31,0.218305,False
DEV_NORMAL_025,3,32,0.22399092,False
DEV_NORMAL_025,4,33,0.20790167,False
DEV_NORMAL_025,5,34,0.21004613,False
DEV_NORMAL_025,6,35,0.20728336,False
DEV_NORMAL_025,7,36,0.2290958,False
DEV_NORMAL_025,8,37,0.23285173,False
DEV_NORMAL_025,9,38,0.22660238,False
DEV_NORMAL_025,10,39,0.22622173,False
DEV_NORMAL_025,11,40,0.22343908,False
DEV_NORMAL_025,12,41,0.21546005,False
DEV_NORMAL_025,13,42,0.2511192,False
DEV_NORMAL_025,14,43,0.22460917,False
DEV_NORMAL_025,15,44,0.21700372,False
DEV_NORMAL_025,16,45,0.22603543,False
DEV_NORMAL_025,17,46,0.22723405,False
DEV_NORMAL_025,18,47,0.22340211,False
DEV_NORMAL_025,19,48,0.23126541,False
DEV_NORMAL_025,20,49,0.2287297,False
DEV_NORMAL_025,21,50,0.22777647,False
DEV_NORMAL_025,22,51,0.22528312,False
DEV_NORMAL_025,23,52,0.22530714,False
DEV_NORMAL_025,24,53,0.21231773,False
DEV_NORMAL_025,25,54,0.21795794,False
DEV_NORMAL_025,26,55,0.21546218,False
DEV_NORMAL_025,27,56,0.21930216,False
DEV_NORMAL_025,28,57,0.22005793,False
DEV_NORMAL_025,29,58,0.20906857,False
DEV_NORMAL_025,30,59,0.19866544,False
DEV_NORMAL_025,31,60,0.19555752,False
DEV_NORMAL_025,32,61,0.16745795,False
DEV_NORMAL_025,33,62,0.17038123,False
DEV_NORMAL_025,34,63,0.17362481,False
DEV_NORMAL_025,35,64,0.18346685,False
DEV_NORMAL_025,36,65,0.1682622,False
DEV_NORMAL_025,37,66,0.17860343,False
DEV_NORMAL_025,38,67,0.17585757,False
DEV_NORMAL_025,39,68,0.17601426,False
DEV_NORMAL_025,40,69,0.16456144,False
DEV_NORMAL_025,41,70,0.17931004,False
DEV_NORMAL_025,42,71,0.15402684,False
DEV_NORMAL_025,43,72,0.1484535,False
DEV_NORMAL_025,44,73,0.15698472,False
DEV_NORMAL_025,45,74,0.15269509,False
DEV_NORMAL_025,46,75,0.1451294,False
DEV_NORMAL_025,47,76,0.16083474,False
DEV_NORMAL_025,48,77,0.15499742,False
DEV_NORMAL_025,49,78,0.15706082,False
DEV_NORMAL_025,50,79,0.15724167,False
DEV_NORMAL_025,51,80,0.16858591,False
DEV_NORMAL_025,52,81,0.17960583,False
DEV_NORMAL_025,53,82,0.17388378,False
DEV_NORMAL_025,54,83,0.18687159,False
DEV_NORMAL_025,55,84,0.18646911,False
DEV_NORMAL_025,56,85,0.1773247,False
DEV_NORMAL_025,57,86,0.18035606,False
DEV_NORMAL_025,58,87,0.1919625,False
DEV_NORMAL_025,59,88,0.17850962,False
DEV_NORMAL_025,60,89,0.1872838,False
DEV_NORMAL_025,61,90,0.18252213,False
DEV_NORMAL_025,62,91,0.18277404,False
DEV_NORMAL_025,63,92,0.19128267,False
DEV_NORMAL_025,64,93,0.18971348,False
DEV_NORMAL_025,65,94,0.18698193,False
DEV_NORMAL_025,66,95,0.18078066,False
DEV_NORMAL_025,67,96,0.17182826,False
DEV_NORMAL_025,68,97,0.17881432,False
DEV_NORMAL_025,69,98,0.18234816,False
DEV_NORMAL_025,70,99,0.17493671,False
DEV_NORMAL_025,71,100,0.16843031,False
DEV_NORMAL_025,72,101,0.17558295,False
DEV_NORMAL_025,73,102,0.18250565,False
DEV_NORMAL_025,74,103,0.17981477,False
DEV_NORMAL_025,75,104,0.1815082,False
DEV_NORMAL_025,76,105,0.19389029,False
DEV_NORMAL_025,77,106,0.1769392,False
DEV_NORMAL_025,78,107,0.17713003,False
DEV_NORMAL_025,79,108,0.16611573,False
DEV_NORMAL_025,80,109,0.1724363,False
DEV_NORMAL_025,81,110,0.18422861,False
DEV_NORMAL_025,82,111,0.17702357,False
DEV_NORMAL_025,83,112,0.1752534,False
DEV_NORMAL_025,84,113,0.18798979,False
DEV_NORMAL_025,85,114,0.18475355,False
DEV_NORMAL_025,86,115,0.17593226,False
DEV_NORMAL_025,87,116,0.16129513,False
DEV_NORMAL_025,88,117,0.17445643,False
DEV_NORMAL_025,89,118,0.17150335,False
DEV_NORMAL_025,90,119,0.17554933,False
DEV_NORMAL_025,91,120,0.1812128,False
DEV_NORMAL_025,92,121,0.19687621,False
DEV_NORMAL_025,93,122,0.19165191,False
DEV_NORMAL_025,94,123,0.22504324,False
DEV_NORMAL_025,95,124,0.20398292,False
DEV_NORMAL_025,96,125,0.20956278,False
DEV_NORMAL_025,97,126,0.21601933,False
DEV_NORMAL_025,98,127,0.23515494,False
DEV_NORMAL_025,99,128,0.26076677,False
DEV_NORMAL_025,100,129,0.25397378,False
DEV_NORMAL_025,101,130,0.27120823,False
DEV_NORMAL_025,102,131,0.27280766,False
DEV_NORMAL_025,103,132,0.27843556,False
DEV_NORMAL_025,104,133,0.26637217,False
DEV_NORMAL_025,105,134,0.26983228,False
DEV_NORMAL_025,106,135,0.2716917,False
DEV_NORMAL_025,107,136,0.27986673,False
DEV_NORMAL_025,108,137,0.27181682,False
DEV_NORMAL_025,109,138,0.26139584,False
DEV_NORMAL_025,110,139,0.26451504,False
DEV_NORMAL_025,111,140,0.26219064,False
DEV_NORMAL_025,112,141,0.276171,False
DEV_NORMAL_025,113,142,0.28465787,False
DEV_NORMAL_025,114,143,0.2545097,False
DEV_NORMAL_025,115,144,0.2597945,False
DEV_NORMAL_025,116,145,0.25771782,False
DEV_NORMAL_025,117,146,0.2598573,False
DEV_NORMAL_025,118,147,0.26539478,False
DEV_NORMAL_025,119,148,0.26397622,False
DEV_NORMAL_025,120,149,0.26113746,False
DEV_NORMAL_025,121,150,0.23350477,False
DEV_NORMAL_025,122,151,0.24641211,False
DEV_NORMAL_025,123,152,0.24708316,False
DEV_NORMAL_025,124,153,0.22453146,False
DEV_NORMAL_025,125,154,0.22804199,False
DEV_NORMAL_025,126,155,0.17909986,False
DEV_NORMAL_025,127,156,0.18707024,False
DEV_NORMAL_025,128,157,0.18407978,False
DEV_NORMAL_025,129,158,0.17548516,False
DEV_NORMAL_025,130,159,0.18205674,False
DEV_NORMAL_025,131,160,0.18676421,False
DEV_NORMAL_025,132,161,0.1958216,False
DEV_NORMAL_025,133,162,0.18540093,False
DEV_NORMAL_025,134,163,0.1802453,False
DEV_NORMAL_025,135,164,0.19216873,False
DEV_NORMAL_025,136,165,0.18908891,False
DEV_NORMAL_025,137,166,0.19198848,False
DEV_NORMAL_025,138,167,0.20579888,False
DEV_NORMAL_025,139,168,0.19614239,False
DEV_NORMAL_025,140,169,0.18886931,False
DEV_NORMAL_025,141,170,0.19135325,False
DEV_NORMAL_025,142,171,0.17043771,False
DEV_NORMAL_025,143,172,0.16492179,False
DEV_NORMAL_025,144,173,0.17207912,False
DEV_NORMAL_025,145,174,0.16749424,False
DEV_NORMAL_025,146,175,0.16417553,False
DEV_NORMAL_025,147,176,0.1930585,False
DEV_NORMAL_025,148,177,0.1919013,False
DEV_NORMAL_025,149,178,0.19140527,False
DEV_NORMAL_025,150,179,0.20136985,False
DEV_NORMAL_025,151,180,0.20403989,False
DEV_NORMAL_025,152,181,0.2034182,False
DEV_NORMAL_025,153,182,0.2023429,False
DEV_NORMAL_025,154,183,0.19823313,False
DEV_NORMAL_025,155,184,0.19617602,False
DEV_NORMAL_025,156,185,0.20848866,False
DEV_NORMAL_025,157,186,0.20245177,False
DEV_NORMAL_025,158,187,0.20741463,False
DEV_NORMAL_025,159,188,0.20998041,False
DEV_NORMAL_025,160,189,0.2244874,False
DEV_NORMAL_025,161,190,0.21175785,False
DEV_NORMAL_025,162,191,0.2167957,False
DEV_NORMAL_025,163,192,0.22230132,False
DEV_NORMAL_025,164,193,0.22773796,False
DEV_NORMAL_025,165,194,0.22074461,False
DEV_NORMAL_025,166,195,0.22282663,False
DEV_NORMAL_025,167,196,0.22479348,False
DEV_NORMAL_025,168,197,0.23858592,False
DEV_NORMAL_025,169,198,0.2513747,False
DEV_NORMAL_025,170,199,0.25901744,False
DEV_NORMAL_025,171,200,0.2502695,False
DEV_NORMAL_025,172,201,0.24700007,False
DEV_NORMAL_025,173,202,0.26048532,False
DEV_NORMAL_025,174,203,0.25665304,False
DEV_NORMAL_025,175,204,0.24911848,False
DEV_NORMAL_025,176,205,0.22879845,False
DEV_NORMAL_025,177,206,0.23346736,False
DEV_NORMAL_025,178,207,0.23449637,False
DEV_NORMAL_025,179,208,0.24689601,False
DEV_NORMAL_025,180,209,0.2564403,False
DEV_NORMAL_025,181,210,0.2665117,False
DEV_NORMAL_025,182,211,0.26510778,False
DEV_NORMAL_025,183,212,0.27124885,False
DEV_NORMAL_025,184,213,0.288414,False
DEV_NORMAL_025,185,214,0.26143962,False
DEV_NORMAL_025,186,215,0.26401895,False
DEV_NORMAL_025,187,216,0.25272515,False
DEV_NORMAL_025,188,217,0.24709895,False
DEV_NORMAL_025,189,218,0.23516747,False
DEV_NORMAL_025,190,219,0.24131444,False
DEV_NORMAL_025,191,220,0.23107669,False
DEV_NORMAL_025,192,221,0.23456557,False
DEV_NORMAL_025,193,222,0.24768405,False
DEV_NORMAL_025,194,223,0.23979062,False
DEV_NORMAL_025,195,224,0.24267954,False
DEV_NORMAL_025,196,225,0.2402316,False
DEV_NORMAL_025,197,226,0.22876956,False
DEV_NORMAL_025,198,227,0.23017603,False
DEV_NORMAL_025,199,228,0.2381959,False
DEV_NORMAL_025,200,229,0.24871261,False
DEV_NORMAL_025,201,230,0.24633226,False
DEV_NORMAL_025,202,231,0.25162253,False
DEV_NORMAL_025,203,232,0.24108766,False
DEV_NORMAL_025,204,233,0.24006443,False
DEV_NORMAL_025,205,234,0.2406214,False
DEV_NORMAL_025,206,235,0.27467135,False
DEV_NORMAL_025,207,236,0.2681046,False
DEV_NORMAL_025,208,237,0.2641459,False
DEV_NORMAL_025,209,238,0.25292283,False
DEV_NORMAL_025,210,239,0.24810594,False
DEV_NORMAL_025,211,240,0.23042168,False
DEV_NORMAL_025,212,241,0.24283044,False
DEV_NORMAL_025,213,242,0.2411521,False
DEV_NORMAL_025,214,243,0.24163789,False
DEV_NORMAL_025,215,244,0.24413964,False
DEV_NORMAL_025,216,245,0.25735015,False
DEV_NORMAL_025,217,246,0.251447,False
DEV_NORMAL_025,218,247,0.21931292,False
DEV_NORMAL_025,219,248,0.24396594,False
DEV_NORMAL_025,220,249,0.24414463,False
DEV_NORMAL_025,221,250,0.2528726,False
DEV_NORMAL_025,222,251,0.2436606,False
DEV_NORMAL_025,223,252,0.24243046,False
DEV_NORMAL_025,224,253,0.24419223,False
DEV_NORMAL_025,225,254,0.26608628,False
DEV_NORMAL_025,226,255,0.26502338,False
DEV_NORMAL_025,227,256,0.23918064,False
DEV_NORMAL_025,228,257,0.23129731,False
DEV_NORMAL_025,229,258,0.23121421,False
DEV_NORMAL_025,230,259,0.23047619,False
DEV_NORMAL_025,231,260,0.23975986,False
DEV_NORMAL_025,232,261,0.24284746,False
DEV_NORMAL_025,233,262,0.24125035,False
DEV_NORMAL_025,234,263,0.22995038,False
DEV_NORMAL_025,235,264,0.23475298,False
DEV_NORMAL_025,236,265,0.21923241,False
DEV_NORMAL_025,237,266,0.23812975,False
DEV_NORMAL_025,238,267,0.24341947,False
DEV_NORMAL_025,239,268,0.24616536,False
DEV_NORMAL_025,240,269,0.25815192,False
DEV_NORMAL_025,241,270,0.25056383,False
DEV_NORMAL_025,242,271,0.24973182,False
DEV_NORMAL_025,243,272,0.24377991,False
DEV_NORMAL_025,244,273,0.25439394,False
DEV_NORMAL_025,245,274,0.2626044,False
DEV_NORMAL_025,246,275,0.2883353,False
DEV_NORMAL_025,247,276,0.26474044,False
DEV_NORMAL_025,248,277,0.25606325,False
DEV_NORMAL_025,249,278,0.26685593,False
DEV_NORMAL_025,250,279,0.26768202,False
DEV_NORMAL_025,251,280,0.28235734,False
DEV_NORMAL_025,252,281,0.27584597,False
DEV_NORMAL_025,253,282,0.26957858,False
DEV_NORMAL_025,254,283,0.26251796,False
DEV_NORMAL_025,255,284,0.26843032,False
DEV_NORMAL_025,256,285,0.25409895,False
DEV_NORMAL_025,257,286,0.24506108,False
DEV_NORMAL_025,258,287,0.2667082,False
DEV_NORMAL_025,259,288,0.26082656,False
DEV_NORMAL_025,260,289,0.2514072,False
DEV_NORMAL_025,261,290,0.275217,False
DEV_NORMAL_025,262,291,0.29817212,True
DEV_NORMAL_025,263,292,0.28297046,False
DEV_NORMAL_025,264,293,0.28364462,False
DEV_NORMAL_025,265,294,0.28928393,False
DEV_NORMAL_025,266,295,0.24767761,False
DEV_NORMAL_025,267,296,0.23826991,False
DEV_NORMAL_025,268,297,0.24105245,False
DEV_NORMAL_025,269,298,0.24822347,False
DEV_NORMAL_025,270,299,0.25413957,False
DEV_NORMAL_025,271,300,0.25705954,False
DEV_NORMAL_025,272,301,0.24105063,False
DEV_NORMAL_025,273,302,0.23604228,False
DEV_NORMAL_025,274,303,0.24384253,False
DEV_NORMAL_025,275,304,0.23961042,False
DEV_NORMAL_025,276,305,0.23782489,False
DEV_NORMAL_025,277,306,0.23151715,False
DEV_NORMAL_025,278,307,0.22960266,False
DEV_NORMAL_025,279,308,0.23280688,False
DEV_NORMAL_025,280,309,0.21980406,False
DEV_NORMAL_025,281,310,0.2191019,False
DEV_NORMAL_025,282,311,0.23069,False
DEV_NORMAL_025,283,312,0.23535798,False
DEV_NORMAL_025,284,313,0.24071974,False
DEV_NORMAL_025,285,314,0.23969057,False
DEV_NORMAL_025,286,315,0.23964378,False
DEV_NORMAL_025,287,316,0.22359206,False
DEV_NORMAL_025,288,317,0.2281602,False
DEV_NORMAL_025,289,318,0.23598118,False
DEV_NORMAL_025,290,319,0.22387059,False
DEV_NORMAL_025,291,320,0.20255347,False
DEV_NORMAL_025,292,321,0.20838839,False
DEV_NORMAL_025,293,322,0.1926047,False
DEV_NORMAL_025,294,323,0.20562764,False
DEV_NORMAL_025,295,324,0.20501886,False
DEV_NORMAL_025,296,325,0.2129383,False
DEV_NORMAL_025,297,326,0.21030354,False
DEV_NORMAL_025,298,327,0.20088215,False
DEV_NORMAL_025,299,328,0.19902894,False
DEV_NORMAL_025,300,329,0.19321766,False
DEV_NORMAL_025,301,330,0.18886764,False
DEV_NORMAL_025,302,331,0.201024,False
DEV_NORMAL_025,303,332,0.21358252,False
DEV_NORMAL_025,304,333,0.19884081,False
DEV_NORMAL_025,305,334,0.18261784,False
DEV_NORMAL_025,306,335,0.2029038,False
DEV_NORMAL_025,307,336,0.20723127,False
DEV_NORMAL_025,308,337,0.21189994,False
DEV_NORMAL_025,309,338,0.19882427,False
DEV_NORMAL_025,310,339,0.18409033,False
DEV_NORMAL_025,311,340,0.17607342,False
DEV_NORMAL_025,312,341,0.19836783,False
DEV_NORMAL_025,313,342,0.19510134,False
DEV_NORMAL_025,314,343,0.19881055,False
DEV_NORMAL_025,315,344,0.20468292,False
DEV_NORMAL_025,316,345,0.2120553,False
DEV_NORMAL_025,317,346,0.20616277,False
DEV_NORMAL_025,318,347,0.20728423,False
DEV_NORMAL_025,319,348,0.1946185,False
DEV_NORMAL_025,320,349,0.20473792,False
DEV_NORMAL_025,321,350,0.20367485,False
DEV_NORMAL_025,322,351,0.18631108,False
DEV_NORMAL_025,323,352,0.18915063,False
DEV_NORMAL_025,324,353,0.18930952,False
DEV_NORMAL_025,325,354,0.1891932,False
DEV_NORMAL_025,326,355,0.18755688,False
DEV_NORMAL_025,327,356,0.19224647,False
DEV_NORMAL_025,328,357,0.20366833,False
DEV_NORMAL_025,329,358,0.2220525,False
DEV_NORMAL_025,330,359,0.22425826,False
DEV_NORMAL_025,331,360,0.21253796,False
DEV_NORMAL_025,332,361,0.23126048,False
DEV_NORMAL_025,333,362,0.23075148,False
DEV_NORMAL_025,334,363,0.2357208,False
DEV_NORMAL_025,335,364,0.23514122,False
DEV_NORMAL_025,336,365,0.23782812,False
DEV_NORMAL_025,337,366,0.23172785,False
DEV_NORMAL_025,338,367,0.23484401,False
DEV_NORMAL_025,339,368,0.22350934,False
DEV_NORMAL_025,340,369,0.24273303,False
DEV_NORMAL_025,341,370,0.2180933,False
DEV_NORMAL_025,342,371,0.21828486,False
DEV_NORMAL_025,343,372,0.22154008,False
DEV_NORMAL_025,344,373,0.21439794,False
DEV_NORMAL_025,345,374,0.20698419,False
DEV_NORMAL_025,346,375,0.2098791,False
DEV_NORMAL_025,347,376,0.22712798,False
DEV_NORMAL_025,348,377,0.22050358,False
DEV_NORMAL_025,349,378,0.22242609,False
DEV_NORMAL_025,350,379,0.2333056,False
DEV_NORMAL_025,351,380,0.2248846,False
DEV_NORMAL_025,352,381,0.23053026,False
DEV_NORMAL_025,353,382,0.23021479,False
DEV_NORMAL_025,354,383,0.21856378,False
DEV_NORMAL_025,355,384,0.21955004,False
DEV_NORMAL_025,356,385,0.22188978,False
DEV_NORMAL_025,357,386,0.2082154,False
DEV_NORMAL_025,358,387,0.20791702,False
DEV_NORMAL_025,359,388,0.198045,False
DEV_NORMAL_025,360,389,0.19259739,False
DEV_NORMAL_025,361,390,0.18537685,False
DEV_NORMAL_025,362,391,0.19058776,False
DEV_NORMAL_025,363,392,0.19261083,False
DEV_NORMAL_025,364,393,0.19456455,False
DEV_NORMAL_025,365,394,0.2164972,False
DEV_NORMAL_025,366,395,0.22520761,False
DEV_NORMAL_025,367,396,0.21985461,False
DEV_NORMAL_025,368,397,0.21728836,False
DEV_NORMAL_025,369,398,0.20217255,False
DEV_NORMAL_025,370,399,0.2091918,False
DEV_NORMAL_025,371,400,0.20564589,False
DEV_NORMAL_025,372,401,0.2008306,False
DEV_NORMAL_025,373,402,0.20372887,False
DEV_NORMAL_025,374,403,0.20632371,False
DEV_NORMAL_025,375,404,0.21895036,False
DEV_NORMAL_025,376,405,0.20996697,False
DEV_NORMAL_025,377,406,0.21193062,False
DEV_NORMAL_025,378,407,0.22278589,False
DEV_NORMAL_025,379,408,0.22882588,False
DEV_NORMAL_025,380,409,0.21743864,False
DEV_NORMAL_025,381,410,0.20527758,False
DEV_NORMAL_025,382,411,0.20080063,False
DEV_NORMAL_025,383,412,0.21367964,False
DEV_NORMAL_025,384,413,0.20917304,False
DEV_NORMAL_025,385,414,0.20859084,False
DEV_NORMAL_025,386,415,0.2139786,False
DEV_NORMAL_025,387,416,0.21675514,False
DEV_NORMAL_025,388,417,0.22030087,False
DEV_NORMAL_025,389,418,0.21814771,False
DEV_NORMAL_025,390,419,0.19983323,False
DEV_NORMAL_025,391,420,0.19230217,False
DEV_NORMAL_025,392,421,0.19152585,False
DEV_NORMAL_025,393,422,0.18938187,False
DEV_NORMAL_025,394,423,0.18977141,False
DEV_NORMAL_025,395,424,0.18679954,False
DEV_NORMAL_025,396,425,0.1974381,False
DEV_NORMAL_025,397,426,0.19491698,False
DEV_NORMAL_025,398,427,0.20672263,False
DEV_NORMAL_025,399,428,0.20663552,False
DEV_NORMAL_025,400,429,0.20368722,False
DEV_NORMAL_025,401,430,0.22177531,False
DEV_NORMAL_025,402,431,0.20756465,False
DEV_NORMAL_025,403,432,0.20227565,False
DEV_NORMAL_025,404,433,0.20711318,False
DEV_NORMAL_025,405,434,0.21711627,False
DEV_NORMAL_025,406,435,0.22058474,False
DEV_NORMAL_025,407,436,0.22534348,False
DEV_NORMAL_025,408,437,0.22461246,False
DEV_NORMAL_025,409,438,0.20913287,False
DEV_NORMAL_025,410,439,0.2207718,False
DEV_NORMAL_025,411,440,0.22300437,False
DEV_NORMAL_025,412,441,0.2041491,False
DEV_NORMAL_025,413,442,0.2163882,False
DEV_NORMAL_025,414,443,0.2126275,False
DEV_NORMAL_025,415,444,0.21843809,False
DEV_NORMAL_025,416,445,0.22874655,False
DEV_NORMAL_025,417,446,0.23157527,False
DEV_NORMAL_025,418,447,0.24888076,False
DEV_NORMAL_025,419,448,0.26520607,False
DEV_NORMAL_025,420,449,0.24857126,False
DEV_NORMAL_025,421,450,0.25388792,False
DEV_NORMAL_025,422,451,0.258767,False
DEV_NORMAL_025,423,452,0.25167906,False
DEV_NORMAL_025,424,453,0.25047433,False
DEV_NORMAL_025,425,454,0.2659049,False
DEV_NORMAL_025,426,455,0.2639197,False
DEV_NORMAL_025,427,456,0.26220435,False
DEV_NORMAL_025,428,457,0.25973517,False
DEV_NORMAL_025,429,458,0.25484762,False
DEV_NORMAL_025,430,459,0.25397205,False
DEV_NORMAL_025,431,460,0.2572653,False
DEV_NORMAL_025,432,461,0.23789324,False
DEV_NORMAL_025,433,462,0.23021074,False
DEV_NORMAL_025,434,463,0.22732992,False
DEV_NORMAL_025,435,464,0.22598404,False
DEV_NORMAL_025,436,465,0.22323222,False
DEV_NORMAL_025,437,466,0.22682643,False
DEV_NORMAL_025,438,467,0.22851801,False
DEV_NORMAL_025,439,468,0.23372562,False
DEV_NORMAL_025,440,469,0.22098024,False
DEV_NORMAL_025,441,470,0.22246714,False
DEV_NORMAL_025,442,471,0.21612035,False
DEV_NORMAL_025,443,472,0.22097762,False
DEV_NORMAL_025,444,473,0.20162371,False
DEV_NORMAL_025,445,474,0.19108848,False
DEV_NORMAL_025,446,475,0.18820585,False
DEV_NORMAL_025,447,476,0.17626362,False
DEV_NORMAL_025,448,477,0.16660443,False
DEV_NORMAL_025,449,478,0.16710444,False
DEV_NORMAL_025,450,479,0.16661759,False
DEV_NORMAL_025,451,480,0.17068195,False
DEV_NORMAL_025,452,481,0.17551838,False
DEV_NORMAL_025,453,482,0.16805336,False
DEV_NORMAL_025,454,483,0.16106735,False
DEV_NORMAL_025,455,484,0.14974983,False
DEV_NORMAL_025,456,485,0.153202,False
DEV_NORMAL_025,457,486,0.15100433,False
DEV_NORMAL_025,458,487,0.1435397,False
DEV_NORMAL_025,459,488,0.1454746,False
DEV_NORMAL_025,460,489,0.1502135,False
DEV_NORMAL_025,461,490,0.15030469,False
DEV_NORMAL_025,462,491,0.15475668,False
DEV_NORMAL_025,463,492,0.16711567,False
DEV_NORMAL_025,464,493,0.16053645,False
DEV_NORMAL_025,465,494,0.16404524,False
DEV_NORMAL_025,466,495,0.1961724,False
DEV_NORMAL_025,467,496,0.19181396,False
DEV_NORMAL_025,468,497,0.20163158,False
DEV_NORMAL_025,469,498,0.21795303,False
DEV_NORMAL_025,470,499,0.20662633,False
DEV_NORMAL_025,471,500,0.20885815,False
DEV_NORMAL_025,472,501,0.21186177,False
DEV_NORMAL_025,473,502,0.21268205,False
DEV_NORMAL_025,474,503,0.22668184,False
DEV_NORMAL_025,475,504,0.24152704,False
DEV_NORMAL_025,476,505,0.2431784,False
DEV_NORMAL_025,477,506,0.23530862,False
DEV_NORMAL_025,478,507,0.23292999,False
DEV_NORMAL_025,479,508,0.23061289,False
DEV_NORMAL_025,480,509,0.24437466,False
DEV_NORMAL_025,481,510,0.23928538,False
DEV_NORMAL_025,482,511,0.24435346,False
DEV_NORMAL_025,483,512,0.24680227,False
DEV_NORMAL_025,484,513,0.25095075,False
DEV_NORMAL_025,485,514,0.25330576,False
DEV_NORMAL_025,486,515,0.2602613,False
DEV_NORMAL_025,487,516,0.27152196,False
DEV_NORMAL_025,488,517,0.25458857,False
DEV_NORMAL_025,489,518,0.25450918,False
DEV_NORMAL_025,490,519,0.27228203,False
DEV_NORMAL_025,491,520,0.2773048,False
DEV_NORMAL_025,492,521,0.30274633,True
DEV_NORMAL_025,493,522,0.2911971,True
DEV_NORMAL_025,494,523,0.29586756,True
DEV_NORMAL_025,495,524,0.25920957,False
DEV_NORMAL_025,496,525,0.263217,False
DEV_NORMAL_025,497,526,0.272396,False
DEV_NORMAL_025,498,527,0.27661997,False
DEV_NORMAL_025,499,528,0.27695724,False
DEV_NORMAL_025,500,529,0.2641352,False
DEV_NORMAL_025,501,530,0.247955,False
DEV_NORMAL_025,502,531,0.25476375,False
DEV_NORMAL_025,503,532,0.24385685,False
DEV_NORMAL_025,504,533,0.25330356,False
DEV_NORMAL_025,505,534,0.2317838,False
DEV_NORMAL_025,506,535,0.23834114,False
DEV_NORMAL_025,507,536,0.23291054,False
DEV_NORMAL_025,508,537,0.22019294,False
DEV_NORMAL_025,509,538,0.2198789,False
DEV_NORMAL_025,510,539,0.2299108,False
DEV_NORMAL_025,511,540,0.20954438,False
DEV_NORMAL_025,512,541,0.21590723,False
DEV_NORMAL_025,513,542,0.24558358,False
DEV_NORMAL_025,514,543,0.24413186,False
DEV_NORMAL_025,515,544,0.23291963,False
DEV_NORMAL_025,516,545,0.22676319,False
DEV_NORMAL_025,517,546,0.20408198,False
DEV_NORMAL_025,518,547,0.20155303,False
DEV_NORMAL_025,519,548,0.19578283,False
DEV_NORMAL_025,520,549,0.20797135,False
DEV_NORMAL_025,521,550,0.19093464,False
DEV_NORMAL_025,522,551,0.19325319,False
DEV_NORMAL_025,523,552,0.20604229,False
DEV_NORMAL_025,524,553,0.22636658,False
DEV_NORMAL_025,525,554,0.22920577,False
DEV_NORMAL_025,526,555,0.20129636,False
DEV_NORMAL_025,527,556,0.18836336,False
DEV_NORMAL_025,528,557,0.19074823,False
DEV_NORMAL_025,529,558,0.19594441,False
DEV_NORMAL_025,530,559,0.20109081,False
DEV_NORMAL_025,531,560,0.19988552,False
DEV_NORMAL_025,532,561,0.20760883,False
DEV_NORMAL_025,533,562,0.22241463,False
DEV_NORMAL_025,534,563,0.2269749,False
DEV_NORMAL_025,535,564,0.22075412,False
DEV_NORMAL_025,536,565,0.2183701,False
DEV_NORMAL_025,537,566,0.23136885,False
DEV_NORMAL_025,538,567,0.2284925,False
DEV_NORMAL_025,539,568,0.22169568,False
DEV_NORMAL_025,540,569,0.22775905,False
DEV_NORMAL_025,541,570,0.23187272,False
DEV_NORMAL_025,542,571,0.23883525,False
DEV_NORMAL_025,543,572,0.23748389,False
DEV_NORMAL_025,544,573,0.23560214,False
DEV_NORMAL_025,545,574,0.24471168,False
DEV_NORMAL_025,546,575,0.24392799,False
DEV_NORMAL_025,547,576,0.23356524,False
DEV_NORMAL_025,548,577,0.22634287,False
DEV_NORMAL_025,549,578,0.24971743,False
DEV_NORMAL_025,550,579,0.26583436,False
DEV_NORMAL_025,551,580,0.25884667,False
DEV_NORMAL_025,552,581,0.24636784,False
DEV_NORMAL_025,553,582,0.23612475,False
DEV_NORMAL_025,554,583,0.24948533,False
DEV_NORMAL_025,555,584,0.26434326,False
DEV_NORMAL_025,556,585,0.26065955,False
DEV_NORMAL_025,557,586,0.265749,False
DEV_NORMAL_025,558,587,0.26226446,False
DEV_NORMAL_025,559,588,0.26812375,False
DEV_NORMAL_025,560,589,0.26953772,False
DEV_NORMAL_025,561,590,0.26906365,False
DEV_NORMAL_025,562,591,0.26404744,False
DEV_NORMAL_025,563,592,0.2682829,False
DEV_NORMAL_025,564,593,0.27085134,False
DEV_NORMAL_025,565,594,0.2685621,False
DEV_NORMAL_025,566,595,0.294012,True
DEV_NORMAL_025,567,596,0.2909953,False
DEV_NORMAL_025,568,597,0.3270686,True
DEV_NORMAL_025,569,598,0.32156786,True
DEV_NORMAL_025,570,599,0.29974583,True
DEV_NORMAL_025,571,600,0.2937427,True
DEV_NORMAL_025,572,601,0.290584,False
DEV_NORMAL_025,573,602,0.30065364,True
DEV_NORMAL_025,574,603,0.33513954,True
DEV_NORMAL_025,575,604,0.3305556,True
DEV_NORMAL_025,576,605,0.32583573,True
DEV_NORMAL_025,577,606,0.3309866,True
DEV_NORMAL_025,578,607,0.3284281,True
DEV_NORMAL_025,579,608,0.26561525,False
DEV_NORMAL_025,580,609,0.27506477,False
DEV_NORMAL_025,581,610,0.32611078,True
DEV_NORMAL_025,582,611,0.2827242,False
DEV_NORMAL_025,583,612,0.2717468,False
DEV_NORMAL_025,584,613,0.28101844,False
DEV_NORMAL_025,585,614,0.27026957,False
DEV_NORMAL_025,586,615,0.26807338,False
DEV_NORMAL_025,587,616,0.25524628,False
DEV_NORMAL_025,588,617,0.2534662,False
DEV_NORMAL_025,589,618,0.26189297,False
DEV_NORMAL_025,590,619,0.2765328,False
DEV_NORMAL_025,591,620,0.26711118,False
DEV_NORMAL_025,592,621,0.2569284,False
DEV_NORMAL_025,593,622,0.26675302,False
DEV_NORMAL_025,594,623,0.24819568,False
DEV_NORMAL_025,595,624,0.26240572,False
DEV_NORMAL_025,596,625,0.2567927,False
DEV_NORMAL_025,597,626,0.24366917,False
DEV_NORMAL_025,598,627,0.26312792,False
DEV_NORMAL_025,599,628,0.26392162,False
DEV_NORMAL_025,600,629,0.2605992,False
DEV_NORMAL_025,601,630,0.25139073,False
DEV_NORMAL_025,602,631,0.2597801,False
DEV_NORMAL_025,603,632,0.25841412,False
DEV_NORMAL_025,604,633,0.2331263,False
DEV_NORMAL_025,605,634,0.24293862,False
DEV_NORMAL_025,606,635,0.24007365,False
DEV_NORMAL_025,607,636,0.24376029,False
DEV_NORMAL_025,608,637,0.24174382,False
DEV_NORMAL_025,609,638,0.24633512,False
DEV_NORMAL_025,610,639,0.2505073,False
DEV_NORMAL_025,611,640,0.2664658,False
DEV_NORMAL_025,612,641,0.28374252,False
DEV_NORMAL_025,613,642,0.29730654,True
DEV_NORMAL_025,614,643,0.28152174,False
DEV_NORMAL_025,615,644,0.27967462,False
DEV_NORMAL_025,616,645,0.29060212,False
DEV_NORMAL_025,617,646,0.28361028,False
DEV_NORMAL_025,618,647,0.27679586,False
DEV_NORMAL_025,619,648,0.26267624,False
DEV_NORMAL_025,620,649,0.26387227,False
DEV_NORMAL_025,621,650,0.27092788,False
DEV_NORMAL_025,622,651,0.26796925,False
DEV_NORMAL_025,623,652,0.2659071,False
DEV_NORMAL_025,624,653,0.2543564,False
DEV_NORMAL_025,625,654,0.2569939,False
DEV_NORMAL_025,626,655,0.25674465,False
DEV_NORMAL_025,627,656,0.24353448,False
DEV_NORMAL_025,628,657,0.24083687,False
DEV_NORMAL_025,629,658,0.22540233,False
DEV_NORMAL_025,630,659,0.21451731,False
DEV_NORMAL_025,631,660,0.22206225,False
DEV_NORMAL_025,632,661,0.21384828,False
DEV_NORMAL_025,633,662,0.23325576,False
DEV_NORMAL_025,634,663,0.24027126,False
DEV_NORMAL_025,635,664,0.25826207,False
DEV_NORMAL_025,636,665,0.2520954,False
DEV_NORMAL_025,637,666,0.2655241,False
DEV_NORMAL_025,638,667,0.25177893,False
DEV_NORMAL_025,639,668,0.235076,False
DEV_NORMAL_025,640,669,0.2361004,False
DEV_NORMAL_025,641,670,0.21259263,False
DEV_NORMAL_025,642,671,0.21543494,False
DEV_NORMAL_025,643,672,0.21241038,False
DEV_NORMAL_025,644,673,0.22761123,False
DEV_NORMAL_025,645,674,0.22811116,False
DEV_NORMAL_025,646,675,0.23564212,False
DEV_NORMAL_025,647,676,0.22675003,False
DEV_NORMAL_025,648,677,0.24000974,False
DEV_NORMAL_025,649,678,0.23676808,False
DEV_NORMAL_025,650,679,0.23143953,False
DEV_NORMAL_025,651,680,0.27043697,False
DEV_NORMAL_025,652,681,0.2876674,False
DEV_NORMAL_025,653,682,0.28695756,False
DEV_NORMAL_025,654,683,0.2831929,False
DEV_NORMAL_025,655,684,0.2941517,True
DEV_NORMAL_025,656,685,0.30971038,True
DEV_NORMAL_025,657,686,0.30729473,True
DEV_NORMAL_025,658,687,0.30413163,True
DEV_NORMAL_025,659,688,0.32719097,True
DEV_NORMAL_025,660,689,0.29854932,True
DEV_NORMAL_025,661,690,0.31715977,True
DEV_NORMAL_025,662,691,0.29760578,True
DEV_NORMAL_025,663,692,0.2737802,False
DEV_NORMAL_025,664,693,0.27051225,False
DEV_NORMAL_025,665,694,0.2615055,False
DEV_NORMAL_025,666,695,0.26489255,False
DEV_NORMAL_025,667,696,0.2629205,False
DEV_NORMAL_025,668,697,0.25450915,False
DEV_NORMAL_025,669,698,0.27690086,False
DEV_NORMAL_025,670,699,0.31220853,True
DEV_NORMAL_025,671,700,0.29928574,True
DEV_NORMAL_025,672,701,0.3064183,True
DEV_NORMAL_025,673,702,0.3034564,True
DEV_NORMAL_025,674,703,0.30944392,True
DEV_NORMAL_025,675,704,0.30224136,True
DEV_NORMAL_025,676,705,0.2753557,False
DEV_NORMAL_025,677,706,0.30014855,True
DEV_NORMAL_025,678,707,0.30649123,True
DEV_NORMAL_025,679,708,0.29788405,True
DEV_NORMAL_025,680,709,0.29795483,True
DEV_NORMAL_025,681,710,0.295548,True
DEV_NORMAL_025,682,711,0.26462546,False
DEV_NORMAL_025,683,712,0.27938506,False
DEV_NORMAL_025,684,713,0.28494397,False
DEV_NORMAL_025,685,714,0.25313908,False
DEV_NORMAL_025,686,715,0.24703677,False
DEV_NORMAL_025,687,716,0.25755042,False
DEV_NORMAL_025,688,717,0.24580063,False
DEV_NORMAL_025,689,718,0.26079988,False
DEV_NORMAL_025,690,719,0.27000993,False
DEV_NORMAL_025,691,720,0.27805346,False
DEV_NORMAL_025,692,721,0.28124276,False
DEV_NORMAL_025,693,722,0.28327847,False
DEV_NORMAL_025,694,723,0.28565332,False
DEV_NORMAL_025,695,724,0.27334055,False
DEV_NORMAL_025,696,725,0.26818275,False
DEV_NORMAL_025,697,726,0.26415193,False
DEV_NORMAL_025,698,727,0.2634247,False
DEV_NORMAL_025,699,728,0.2604802,False
DEV_NORMAL_025,700,729,0.23605207,False
DEV_NORMAL_025,701,730,0.25111338,False
DEV_NORMAL_025,702,731,0.23965241,False
DEV_NORMAL_025,703,732,0.23267685,False
DEV_NORMAL_025,704,733,0.21503796,False
DEV_NORMAL_025,705,734,0.21043707,False
DEV_NORMAL_025,706,735,0.20197728,False
DEV_NORMAL_025,707,736,0.20734571,False
DEV_NORMAL_025,708,737,0.22557266,False
DEV_NORMAL_025,709,738,0.2120338,False
DEV_NORMAL_025,710,739,0.22352563,False
DEV_NORMAL_025,711,740,0.2274426,False
DEV_NORMAL_025,712,741,0.23915762,False
DEV_NORMAL_025,713,742,0.21933976,False
DEV_NORMAL_025,714,743,0.21711944,False
DEV_NORMAL_025,715,744,0.22402732,False
DEV_NORMAL_025,716,745,0.2247457,False
DEV_NORMAL_025,717,746,0.18479118,False
DEV_NORMAL_025,718,747,0.17075539,False
DEV_NORMAL_025,719,748,0.19605948,False
DEV_NORMAL_025,720,749,0.20036523,False
DEV_NORMAL_025,721,750,0.20119487,False
DEV_NORMAL_025,722,751,0.20074145,False
DEV_NORMAL_025,723,752,0.22732438,False
DEV_NORMAL_025,724,753,0.23651859,False
DEV_NORMAL_025,725,754,0.24744533,False
DEV_NORMAL_025,726,755,0.25001612,False
DEV_NORMAL_025,727,756,0.24864621,False
DEV_NORMAL_025,728,757,0.24266471,False
DEV_NORMAL_025,729,758,0.24259129,False
DEV_NORMAL_025,730,759,0.2342789,False
DEV_NORMAL_025,731,760,0.2486489,False
DEV_NORMAL_025,732,761,0.27230778,False
DEV_NORMAL_025,733,762,0.26281503,False
DEV_NORMAL_025,734,763,0.27384552,False
DEV_NORMAL_025,735,764,0.28746948,False
DEV_NORMAL_025,736,765,0.23660561,False
DEV_NORMAL_025,737,766,0.23762366,False
DEV_NORMAL_025,738,767,0.22725548,False
DEV_NORMAL_025,739,768,0.2267793,False
DEV_NORMAL_025,740,769,0.22896652,False
DEV_NORMAL_025,741,770,0.23542102,False
DEV_NORMAL_025,742,771,0.24022344,False
DEV_NORMAL_025,743,772,0.25817415,False
DEV_NORMAL_025,744,773,0.27328667,False
DEV_NORMAL_025,745,774,0.2766774,False
DEV_NORMAL_025,746,775,0.26487297,False
DEV_NORMAL_025,747,776,0.26475146,False
DEV_NORMAL_025,748,777,0.25008288,False
DEV_NORMAL_025,749,778,0.24659656,False
DEV_NORMAL_025,750,779,0.22452661,False
DEV_NORMAL_025,751,780,0.2330073,False
DEV_NORMAL_025,752,781,0.22053868,False
DEV_NORMAL_025,753,782,0.2156336,False
DEV_NORMAL_025,754,783,0.20186196,False
DEV_NORMAL_025,755,784,0.21600507,False
DEV_NORMAL_025,756,785,0.21789065,False
DEV_NORMAL_025,757,786,0.21851383,False
DEV_NORMAL_025,758,787,0.21700102,False
DEV_NORMAL_025,759,788,0.22462495,False
DEV_NORMAL_025,760,789,0.21557121,False
DEV_NORMAL_025,761,790,0.21779375,False
DEV_NORMAL_025,762,791,0.22181249,False
DEV_NORMAL_025,763,792,0.21924146,False
DEV_NORMAL_025,764,793,0.22013703,False
DEV_NORMAL_025,765,794,0.22396116,False
DEV_NORMAL_025,766,795,0.21313837,False
DEV_NORMAL_025,767,796,0.20843776,False
DEV_NORMAL_025,768,797,0.23058271,False
DEV_NORMAL_025,769,798,0.20186315,False
DEV_NORMAL_025,770,799,0.20692301,False
DEV_NORMAL_025,771,800,0.20432237,False
DEV_NORMAL_025,772,801,0.20465313,False
DEV_NORMAL_025,773,802,0.21159549,False
DEV_NORMAL_025,774,803,0.21387897,False
DEV_NORMAL_025,775,804,0.20969473,False
DEV_NORMAL_025,776,805,0.21099089,False
DEV_NORMAL_025,777,806,0.22323631,False
DEV_NORMAL_025,778,807,0.22652557,False
DEV_NORMAL_025,779,808,0.21953818,False
DEV_NORMAL_025,780,809,0.21850409,False
DEV_NORMAL_025,781,810,0.23127319,False
DEV_NORMAL_025,782,811,0.22170967,False
DEV_NORMAL_025,783,812,0.22151534,False
DEV_NORMAL_025,784,813,0.20336334,False
DEV_NORMAL_025,785,814,0.20227872,False
DEV_NORMAL_025,786,815,0.21067907,False
DEV_NORMAL_025,787,816,0.21133648,False
DEV_NORMAL_025,788,817,0.2254637,False
DEV_NORMAL_025,789,818,0.2080048,False
DEV_NORMAL_025,790,819,0.21093127,False
DEV_NORMAL_025,791,820,0.22291657,False
DEV_NORMAL_025,792,821,0.22148702,False
DEV_NORMAL_025,793,822,0.22379357,False
DEV_NORMAL_025,794,823,0.22798675,False
DEV_NORMAL_025,795,824,0.23443265,False
DEV_NORMAL_025,796,825,0.23405308,False
DEV_NORMAL_025,797,826,0.22220367,False
DEV_NORMAL_025,798,827,0.22515965,False
DEV_NORMAL_025,799,828,0.22972943,False
DEV_NORMAL_025,800,829,0.21913043,False
DEV_NORMAL_025,801,830,0.2204374,False
DEV_NORMAL_025,802,831,0.20910864,False
DEV_NORMAL_025,803,832,0.21214175,False
DEV_NORMAL_025,804,833,0.22627029,False
DEV_NORMAL_025,805,834,0.22754578,False
DEV_NORMAL_025,806,835,0.24398631,False
DEV_NORMAL_025,807,836,0.24286625,False
DEV_NORMAL_025,808,837,0.23929821,False
DEV_NORMAL_025,809,838,0.24601215,False
DEV_NORMAL_025,810,839,0.2454197,False
DEV_NORMAL_025,811,840,0.24551885,False
DEV_NORMAL_025,812,841,0.2602095,False
DEV_NORMAL_025,813,842,0.23257615,False
DEV_NORMAL_025,814,843,0.25752065,False
DEV_NORMAL_025,815,844,0.2283104,False
DEV_NORMAL_025,816,845,0.23191084,False
DEV_NORMAL_025,817,846,0.23579903,False
DEV_NORMAL_025,818,847,0.2375908,False
DEV_NORMAL_025,819,848,0.22995616,False
DEV_NORMAL_025,820,849,0.21312298,False
DEV_NORMAL_025,821,850,0.21052186,False
DEV_NORMAL_025,822,851,0.2287309,False
DEV_NORMAL_025,823,852,0.22261041,False
DEV_NORMAL_025,824,853,0.22738491,False
DEV_NORMAL_025,825,854,0.22288527,False
DEV_NORMAL_025,826,855,0.20020983,False
DEV_NORMAL_025,827,856,0.20037253,False
DEV_NORMAL_025,828,857,0.19872586,False
DEV_NORMAL_025,829,858,0.20540063,False
DEV_NORMAL_025,830,859,0.20346628,False
DEV_NORMAL_025,831,860,0.21989043,False
DEV_NORMAL_025,832,861,0.22192322,False
DEV_NORMAL_025,833,862,0.20494153,False
DEV_NORMAL_025,834,863,0.1875358,False
DEV_NORMAL_025,835,864,0.19624233,False
DEV_NORMAL_025,836,865,0.21169662,False
DEV_NORMAL_025,837,866,0.22807655,False
DEV_NORMAL_025,838,867,0.22226241,False
DEV_NORMAL_025,839,868,0.24571304,False
DEV_NORMAL_025,840,869,0.24333856,False
DEV_NORMAL_025,841,870,0.2387085,False
DEV_NORMAL_025,842,871,0.23567061,False
DEV_NORMAL_025,843,872,0.23053688,False
DEV_NORMAL_025,844,873,0.22651456,False
DEV_NORMAL_025,845,874,0.23259209,False
DEV_NORMAL_025,846,875,0.2243886,False
DEV_NORMAL_025,847,876,0.24546768,False
DEV_NORMAL_025,848,877,0.25498202,False
DEV_NORMAL_025,849,878,0.26093432,False
DEV_NORMAL_025,850,879,0.27727208,False
DEV_NORMAL_025,851,880,0.27749953,False
DEV_NORMAL_025,852,881,0.29711792,True
DEV_NORMAL_025,853,882,0.30001646,True
DEV_NORMAL_025,854,883,0.27941054,False
DEV_NORMAL_025,855,884,0.2830525,False
DEV_NORMAL_025,856,885,0.29914138,True
DEV_NORMAL_025,857,886,0.28849882,False
DEV_NORMAL_025,858,887,0.29212743,True
DEV_NORMAL_025,859,888,0.28900892,False
DEV_NORMAL_025,860,889,0.30285326,True
DEV_NORMAL_025,861,890,0.3184168,True
DEV_NORMAL_025,862,891,0.3028739,True
DEV_NORMAL_025,863,892,0.27657712,False
DEV_NORMAL_025,864,893,0.2858286,False
DEV_NORMAL_025,865,894,0.28873143,False
DEV_NORMAL_025,866,895,0.26311082,False
DEV_NORMAL_025,867,896,0.2540862,False
DEV_NORMAL_025,868,897,0.25613233,False
DEV_NORMAL_025,869,898,0.2538901,False
DEV_NORMAL_025,870,899,0.25533345,False
DEV_NORMAL_025,871,900,0.2330442,False
DEV_NORMAL_025,872,901,0.2432928,False
DEV_NORMAL_025,873,902,0.26510173,False
DEV_NORMAL_025,874,903,0.27002686,False
DEV_NORMAL_025,875,904,0.26177394,False
DEV_NORMAL_025,876,905,0.2495718,False
DEV_NORMAL_025,877,906,0.23453888,False
DEV_NORMAL_025,878,907,0.22695452,False
DEV_NORMAL_025,879,908,0.23266263,False
DEV_NORMAL_025,880,909,0.2519162,False
DEV_NORMAL_025,881,910,0.2337711,False
DEV_NORMAL_025,882,911,0.22344793,False
DEV_NORMAL_025,883,912,0.20905937,False
DEV_NORMAL_025,884,913,0.19844672,False
DEV_NORMAL_025,885,914,0.20106927,False
DEV_NORMAL_025,886,915,0.19286627,False
DEV_NORMAL_025,887,916,0.19840853,False
DEV_NORMAL_025,888,917,0.20011221,False
DEV_NORMAL_025,889,918,0.18751697,False
DEV_NORMAL_025,890,919,0.20151506,False
DEV_NORMAL_025,891,920,0.20167449,False
DEV_NORMAL_025,892,921,0.21054697,False
DEV_NORMAL_025,893,922,0.1995594,False
DEV_NORMAL_025,894,923,0.20440899,False
DEV_NORMAL_025,895,924,0.2100153,False
DEV_NORMAL_025,896,925,0.2155624,False
DEV_NORMAL_025,897,926,0.19676138,False
DEV_NORMAL_025,898,927,0.19003646,False
DEV_NORMAL_025,899,928,0.18656175,False
DEV_NORMAL_025,900,929,0.19493541,False
DEV_NORMAL_025,901,930,0.18702236,False
DEV_NORMAL_025,902,931,0.18774933,False
DEV_NORMAL_025,903,932,0.18711641,False
DEV_NORMAL_025,904,933,0.1836778,False
DEV_NORMAL_025,905,934,0.17763649,False
DEV_NORMAL_025,906,935,0.17263272,False
DEV_NORMAL_025,907,936,0.17543478,False
DEV_NORMAL_025,908,937,0.16210279,False
DEV_NORMAL_025,909,938,0.16447435,False
DEV_NORMAL_025,910,939,0.1825335,False
DEV_NORMAL_025,911,940,0.205757,False
DEV_NORMAL_025,912,941,0.20715144,False
DEV_NORMAL_025,913,942,0.20567514,False
DEV_NORMAL_025,914,943,0.21149564,False
DEV_NORMAL_025,915,944,0.19735906,False
DEV_NORMAL_025,916,945,0.20046781,False
DEV_NORMAL_025,917,946,0.19845094,False
DEV_NORMAL_025,918,947,0.2006703,False
DEV_NORMAL_025,919,948,0.20526774,False
DEV_NORMAL_025,920,949,0.21485864,False
DEV_NORMAL_025,921,950,0.20084551,False
DEV_NORMAL_025,922,951,0.21556848,False
DEV_NORMAL_025,923,952,0.22113849,False
DEV_NORMAL_025,924,953,0.24904414,False
DEV_NORMAL_025,925,954,0.22615932,False
DEV_NORMAL_025,926,955,0.22074133,False
DEV_NORMAL_025,927,956,0.21694565,False
DEV_NORMAL_025,928,957,0.21458094,False
DEV_NORMAL_025,929,958,0.22570276,False
DEV_NORMAL_025,930,959,0.22967468,False
DEV_NORMAL_025,931,960,0.23056069,False
DEV_NORMAL_025,932,961,0.23363486,False
DEV_NORMAL_025,933,962,0.2377568,False
DEV_NORMAL_025,934,963,0.23809645,False
DEV_NORMAL_025,935,964,0.23852368,False
DEV_NORMAL_025,936,965,0.23629735,False
DEV_NORMAL_025,937,966,0.23003474,False
DEV_NORMAL_025,938,967,0.22131506,False
DEV_NORMAL_025,939,968,0.22674897,False
DEV_NORMAL_025,940,969,0.21964006,False
DEV_NORMAL_025,941,970,0.21563669,False
DEV_NORMAL_025,942,971,0.20395266,False
DEV_NORMAL_025,943,972,0.20443852,False
DEV_NORMAL_025,944,973,0.2337172,False
DEV_NORMAL_025,945,974,0.22991797,False
DEV_NORMAL_025,946,975,0.22911574,False
DEV_NORMAL_025,947,976,0.23389393,False
DEV_NORMAL_025,948,977,0.22359638,False
DEV_NORMAL_025,949,978,0.22214876,False
DEV_NORMAL_025,950,979,0.23563477,False
DEV_NORMAL_025,951,980,0.23560427,False
DEV_NORMAL_025,952,981,0.24263316,False
DEV_NORMAL_025,953,982,0.2169885,False
DEV_NORMAL_025,954,983,0.24209934,False
DEV_NORMAL_025,955,984,0.23600858,False
DEV_NORMAL_025,956,985,0.24253638,False
DEV_NORMAL_025,957,986,0.25027898,False
DEV_NORMAL_025,958,987,0.25008914,False
DEV_NORMAL_025,959,988,0.24161187,False
DEV_NORMAL_025,960,989,0.24056807,False
DEV_NORMAL_025,961,990,0.22577444,False
DEV_NORMAL_025,962,991,0.21880588,False
DEV_NORMAL_025,963,992,0.21866074,False
DEV_NORMAL_025,964,993,0.23178713,False
DEV_NORMAL_025,965,994,0.22395532,False
DEV_NORMAL_025,966,995,0.22983433,False
DEV_NORMAL_025,967,996,0.24892782,False
DEV_NORMAL_025,968,997,0.23658873,False
DEV_NORMAL_025,969,998,0.2672172,False
DEV_NORMAL_025,970,999,0.27837878,False
DEV_NORMAL_025,971,1000,0.27103513,False
DEV_NORMAL_025,972,1001,0.27081686,False
DEV_NORMAL_025,973,1002,0.24840067,False
DEV_NORMAL_025,974,1003,0.24680392,False
DEV_NORMAL_025,975,1004,0.24324141,False
DEV_NORMAL_025,976,1005,0.24071129,False
DEV_NORMAL_025,977,1006,0.23665316,False
DEV_NORMAL_025,978,1007,0.23519729,False
DEV_NORMAL_025,979,1008,0.23558296,False
DEV_NORMAL_025,980,1009,0.24255498,False
DEV_NORMAL_025,981,1010,0.24343418,False
DEV_NORMAL_025,982,1011,0.22613674,False
DEV_NORMAL_025,983,1012,0.21475811,False
DEV_NORMAL_025,984,1013,0.22081931,False
DEV_NORMAL_025,985,1014,0.21457568,False
DEV_NORMAL_025,986,1015,0.21476375,False
DEV_NORMAL_025,987,1016,0.20684811,False
DEV_NORMAL_025,988,1017,0.22555634,False
DEV_NORMAL_025,989,1018,0.24308263,False
DEV_NORMAL_025,990,1019,0.22444709,False
DEV_NORMAL_026,0,29,0.29088923,False
DEV_NORMAL_026,1,30,0.29732507,True
DEV_NORMAL_026,2,31,0.30193177,True
DEV_NORMAL_026,3,32,0.30216175,True
DEV_NORMAL_026,4,33,0.29072228,False
DEV_NORMAL_026,5,34,0.25858256,False
DEV_NORMAL_026,6,35,0.26315516,False
DEV_NORMAL_026,7,36,0.27077565,False
DEV_NORMAL_026,8,37,0.2952366,True
DEV_NORMAL_026,9,38,0.27818063,False
DEV_NORMAL_026,10,39,0.2747078,False
DEV_NORMAL_026,11,40,0.2632702,False
DEV_NORMAL_026,12,41,0.26700675,False
DEV_NORMAL_026,13,42,0.2814855,False
DEV_NORMAL_026,14,43,0.29036576,False
DEV_NORMAL_026,15,44,0.2757381,False
DEV_NORMAL_026,16,45,0.29023743,False
DEV_NORMAL_026,17,46,0.2729123,False
DEV_NORMAL_026,18,47,0.27341512,False
DEV_NORMAL_026,19,48,0.27912208,False
DEV_NORMAL_026,20,49,0.28114396,False
DEV_NORMAL_026,21,50,0.25321183,False
DEV_NORMAL_026,22,51,0.24721546,False
DEV_NORMAL_026,23,52,0.25344688,False
DEV_NORMAL_026,24,53,0.26947084,False
DEV_NORMAL_026,25,54,0.26349142,False
DEV_NORMAL_026,26,55,0.2616857,False
DEV_NORMAL_026,27,56,0.2654664,False
DEV_NORMAL_026,28,57,0.24868926,False
DEV_NORMAL_026,29,58,0.24853703,False
DEV_NORMAL_026,30,59,0.26537475,False
DEV_NORMAL_026,31,60,0.23225221,False
DEV_NORMAL_026,32,61,0.23309197,False
DEV_NORMAL_026,33,62,0.24751376,False
DEV_NORMAL_026,34,63,0.24706025,False
DEV_NORMAL_026,35,64,0.23596795,False
DEV_NORMAL_026,36,65,0.23732805,False
DEV_NORMAL_026,37,66,0.22026151,False
DEV_NORMAL_026,38,67,0.22207294,False
DEV_NORMAL_026,39,68,0.2414548,False
DEV_NORMAL_026,40,69,0.23569085,False
DEV_NORMAL_026,41,70,0.23649861,False
DEV_NORMAL_026,42,71,0.23577777,False
DEV_NORMAL_026,43,72,0.22516377,False
DEV_NORMAL_026,44,73,0.23187558,False
DEV_NORMAL_026,45,74,0.22159703,False
DEV_NORMAL_026,46,75,0.22699937,False
DEV_NORMAL_026,47,76,0.23310693,False
DEV_NORMAL_026,48,77,0.22955036,False
DEV_NORMAL_026,49,78,0.2167201,False
DEV_NORMAL_026,50,79,0.22553164,False
DEV_NORMAL_026,51,80,0.22285753,False
DEV_NORMAL_026,52,81,0.22700164,False
DEV_NORMAL_026,53,82,0.23377514,False
DEV_NORMAL_026,54,83,0.24855623,False
DEV_NORMAL_026,55,84,0.24182634,False
DEV_NORMAL_026,56,85,0.24120754,False
DEV_NORMAL_026,57,86,0.24926431,False
DEV_NORMAL_026,58,87,0.2681078,False
DEV_NORMAL_026,59,88,0.26963598,False
DEV_NORMAL_026,60,89,0.2813295,False
DEV_NORMAL_026,61,90,0.27950522,False
DEV_NORMAL_026,62,91,0.2625317,False
DEV_NORMAL_026,63,92,0.24859336,False
DEV_NORMAL_026,64,93,0.25771022,False
DEV_NORMAL_026,65,94,0.2573526,False
DEV_NORMAL_026,66,95,0.2616659,False
DEV_NORMAL_026,67,96,0.25945523,False
DEV_NORMAL_026,68,97,0.24618845,False
DEV_NORMAL_026,69,98,0.2410821,False
DEV_NORMAL_026,70,99,0.26887268,False
DEV_NORMAL_026,71,100,0.2745386,False
DEV_NORMAL_026,72,101,0.28583845,False
DEV_NORMAL_026,73,102,0.28135502,False
DEV_NORMAL_026,74,103,0.2669727,False
DEV_NORMAL_026,75,104,0.26920396,False
DEV_NORMAL_026,76,105,0.27198103,False
DEV_NORMAL_026,77,106,0.277504,False
DEV_NORMAL_026,78,107,0.27919972,False
DEV_NORMAL_026,79,108,0.27221718,False
DEV_NORMAL_026,80,109,0.2626569,False
DEV_NORMAL_026,81,110,0.25009525,False
DEV_NORMAL_026,82,111,0.26677412,False
DEV_NORMAL_026,83,112,0.2610401,False
DEV_NORMAL_026,84,113,0.25895983,False
DEV_NORMAL_026,85,114,0.26286545,False
DEV_NORMAL_026,86,115,0.27869278,False
DEV_NORMAL_026,87,116,0.23158623,False
DEV_NORMAL_026,88,117,0.22002704,False
DEV_NORMAL_026,89,118,0.22602971,False
DEV_NORMAL_026,90,119,0.22046165,False
DEV_NORMAL_026,91,120,0.22473978,False
DEV_NORMAL_026,92,121,0.21061979,False
DEV_NORMAL_026,93,122,0.22460188,False
DEV_NORMAL_026,94,123,0.23046781,False
DEV_NORMAL_026,95,124,0.19717135,False
DEV_NORMAL_026,96,125,0.20988399,False
DEV_NORMAL_026,97,126,0.21974033,False
DEV_NORMAL_026,98,127,0.19900292,False
DEV_NORMAL_026,99,128,0.19598068,False
DEV_NORMAL_026,100,129,0.19888714,False
DEV_NORMAL_026,101,130,0.23137589,False
DEV_NORMAL_026,102,131,0.21665071,False
DEV_NORMAL_026,103,132,0.21722521,False
DEV_NORMAL_026,104,133,0.22502133,False
DEV_NORMAL_026,105,134,0.23631757,False
DEV_NORMAL_026,106,135,0.22426333,False
DEV_NORMAL_026,107,136,0.23119164,False
DEV_NORMAL_026,108,137,0.23984286,False
DEV_NORMAL_026,109,138,0.2416064,False
DEV_NORMAL_026,110,139,0.23931095,False
DEV_NORMAL_026,111,140,0.25618112,False
DEV_NORMAL_026,112,141,0.25558266,False
DEV_NORMAL_026,113,142,0.2577857,False
DEV_NORMAL_026,114,143,0.25812665,False
DEV_NORMAL_026,115,144,0.25095588,False
DEV_NORMAL_026,116,145,0.24831718,False
DEV_NORMAL_026,117,146,0.25398043,False
DEV_NORMAL_026,118,147,0.25549927,False
DEV_NORMAL_026,119,148,0.25172484,False
DEV_NORMAL_026,120,149,0.23649101,False
DEV_NORMAL_026,121,150,0.24485245,False
DEV_NORMAL_026,122,151,0.26113614,False
DEV_NORMAL_026,123,152,0.2658263,False
DEV_NORMAL_026,124,153,0.26155424,False
DEV_NORMAL_026,125,154,0.2568609,False
DEV_NORMAL_026,126,155,0.25411186,False
DEV_NORMAL_026,127,156,0.24665532,False
DEV_NORMAL_026,128,157,0.262059,False
DEV_NORMAL_026,129,158,0.2518256,False
DEV_NORMAL_026,130,159,0.24372523,False
DEV_NORMAL_026,131,160,0.24672982,False
DEV_NORMAL_026,132,161,0.25312412,False
DEV_NORMAL_026,133,162,0.22922465,False
DEV_NORMAL_026,134,163,0.22078705,False
DEV_NORMAL_026,135,164,0.22091112,False
DEV_NORMAL_026,136,165,0.20377098,False
DEV_NORMAL_026,137,166,0.21142466,False
DEV_NORMAL_026,138,167,0.19631453,False
DEV_NORMAL_026,139,168,0.1898227,False
DEV_NORMAL_026,140,169,0.21858981,False
DEV_NORMAL_026,141,170,0.21482635,False
DEV_NORMAL_026,142,171,0.21776575,False
DEV_NORMAL_026,143,172,0.2224764,False
DEV_NORMAL_026,144,173,0.23880012,False
DEV_NORMAL_026,145,174,0.24866107,False
DEV_NORMAL_026,146,175,0.27790573,False
DEV_NORMAL_026,147,176,0.27886587,False
DEV_NORMAL_026,148,177,0.2691766,False
DEV_NORMAL_026,149,178,0.2515268,False
DEV_NORMAL_026,150,179,0.24008647,False
DEV_NORMAL_026,151,180,0.23636903,False
DEV_NORMAL_026,152,181,0.24532746,False
DEV_NORMAL_026,153,182,0.25050238,False
DEV_NORMAL_026,154,183,0.24217454,False
DEV_NORMAL_026,155,184,0.2440849,False
DEV_NORMAL_026,156,185,0.23698725,False
DEV_NORMAL_026,157,186,0.23661426,False
DEV_NORMAL_026,158,187,0.24243946,False
DEV_NORMAL_026,159,188,0.24126095,False
DEV_NORMAL_026,160,189,0.24459833,False
DEV_NORMAL_026,161,190,0.25777015,False
DEV_NORMAL_026,162,191,0.2527363,False
DEV_NORMAL_026,163,192,0.26039287,False
DEV_NORMAL_026,164,193,0.25664136,False
DEV_NORMAL_026,165,194,0.24267934,False
DEV_NORMAL_026,166,195,0.23246711,False
DEV_NORMAL_026,167,196,0.23388927,False
DEV_NORMAL_026,168,197,0.23427702,False
DEV_NORMAL_026,169,198,0.23714918,False
DEV_NORMAL_026,170,199,0.22979718,False
DEV_NORMAL_026,171,200,0.23189421,False
DEV_NORMAL_026,172,201,0.20894752,False
DEV_NORMAL_026,173,202,0.21328719,False
DEV_NORMAL_026,174,203,0.18376824,False
DEV_NORMAL_026,175,204,0.19685446,False
DEV_NORMAL_026,176,205,0.20791976,False
DEV_NORMAL_026,177,206,0.20838688,False
DEV_NORMAL_026,178,207,0.21657364,False
DEV_NORMAL_026,179,208,0.2064471,False
DEV_NORMAL_026,180,209,0.21057968,False
DEV_NORMAL_026,181,210,0.23518267,False
DEV_NORMAL_026,182,211,0.2393094,False
DEV_NORMAL_026,183,212,0.26874885,False
DEV_NORMAL_026,184,213,0.2685282,False
DEV_NORMAL_026,185,214,0.24863347,False
DEV_NORMAL_026,186,215,0.25039342,False
DEV_NORMAL_026,187,216,0.24422516,False
DEV_NORMAL_026,188,217,0.25405625,False
DEV_NORMAL_026,189,218,0.25294596,False
DEV_NORMAL_026,190,219,0.24531998,False
DEV_NORMAL_026,191,220,0.23721498,False
DEV_NORMAL_026,192,221,0.24548067,False
DEV_NORMAL_026,193,222,0.25198415,False
DEV_NORMAL_026,194,223,0.25442818,False
DEV_NORMAL_026,195,224,0.25120947,False
DEV_NORMAL_026,196,225,0.24894401,False
DEV_NORMAL_026,197,226,0.25308457,False
DEV_NORMAL_026,198,227,0.25099647,False
DEV_NORMAL_026,199,228,0.25585467,False
DEV_NORMAL_026,200,229,0.26099434,False
DEV_NORMAL_026,201,230,0.23751198,False
DEV_NORMAL_026,202,231,0.22901084,False
DEV_NORMAL_026,203,232,0.2430685,False
DEV_NORMAL_026,204,233,0.22849101,False
DEV_NORMAL_026,205,234,0.21971594,False
DEV_NORMAL_026,206,235,0.22445177,False
DEV_NORMAL_026,207,236,0.2316303,False
DEV_NORMAL_026,208,237,0.22654085,False
DEV_NORMAL_026,209,238,0.23012452,False
DEV_NORMAL_026,210,239,0.21931413,False
DEV_NORMAL_026,211,240,0.2138277,False
DEV_NORMAL_026,212,241,0.20498618,False
DEV_NORMAL_026,213,242,0.19418308,False
DEV_NORMAL_026,214,243,0.18802685,False
DEV_NORMAL_026,215,244,0.17984062,False
DEV_NORMAL_026,216,245,0.18408038,False
DEV_NORMAL_026,217,246,0.17164509,False
DEV_NORMAL_026,218,247,0.18026374,False
DEV_NORMAL_026,219,248,0.18303584,False
DEV_NORMAL_026,220,249,0.19434233,False
DEV_NORMAL_026,221,250,0.18158522,False
DEV_NORMAL_026,222,251,0.16917957,False
DEV_NORMAL_026,223,252,0.1502595,False
DEV_NORMAL_026,224,253,0.1429216,False
DEV_NORMAL_026,225,254,0.17426625,False
DEV_NORMAL_026,226,255,0.17756173,False
DEV_NORMAL_026,227,256,0.17907095,False
DEV_NORMAL_026,228,257,0.18731289,False
DEV_NORMAL_026,229,258,0.17825088,False
DEV_NORMAL_026,230,259,0.17844221,False
DEV_NORMAL_026,231,260,0.18324378,False
DEV_NORMAL_026,232,261,0.20908025,False
DEV_NORMAL_026,233,262,0.21531276,False
DEV_NORMAL_026,234,263,0.19502275,False
DEV_NORMAL_026,235,264,0.17858404,False
DEV_NORMAL_026,236,265,0.1715209,False
DEV_NORMAL_026,237,266,0.18268484,False
DEV_NORMAL_026,238,267,0.17551781,False
DEV_NORMAL_026,239,268,0.16944878,False
DEV_NORMAL_026,240,269,0.17498949,False
DEV_NORMAL_026,241,270,0.19137515,False
DEV_NORMAL_026,242,271,0.20196413,False
DEV_NORMAL_026,243,272,0.19715121,False
DEV_NORMAL_026,244,273,0.1968762,False
DEV_NORMAL_026,245,274,0.19655176,False
DEV_NORMAL_026,246,275,0.1884877,False
DEV_NORMAL_026,247,276,0.19726998,False
DEV_NORMAL_026,248,277,0.18925634,False
DEV_NORMAL_026,249,278,0.1824644,False
DEV_NORMAL_026,250,279,0.2028221,False
DEV_NORMAL_026,251,280,0.20570472,False
DEV_NORMAL_026,252,281,0.2253747,False
DEV_NORMAL_026,253,282,0.24428733,False
DEV_NORMAL_026,254,283,0.23114513,False
DEV_NORMAL_026,255,284,0.2218928,False
DEV_NORMAL_026,256,285,0.220893,False
DEV_NORMAL_026,257,286,0.22831453,False
DEV_NORMAL_026,258,287,0.24138904,False
DEV_NORMAL_026,259,288,0.23863481,False
DEV_NORMAL_026,260,289,0.23549563,False
DEV_NORMAL_026,261,290,0.20903185,False
DEV_NORMAL_026,262,291,0.20448093,False
DEV_NORMAL_026,263,292,0.22643055,False
DEV_NORMAL_026,264,293,0.22782752,False
DEV_NORMAL_026,265,294,0.22421093,False
DEV_NORMAL_026,266,295,0.24303783,False
DEV_NORMAL_026,267,296,0.25575608,False
DEV_NORMAL_026,268,297,0.2616617,False
DEV_NORMAL_026,269,298,0.26342693,False
DEV_NORMAL_026,270,299,0.25320897,False
DEV_NORMAL_026,271,300,0.24866988,False
DEV_NORMAL_026,272,301,0.23927577,False
DEV_NORMAL_026,273,302,0.23981526,False
DEV_NORMAL_026,274,303,0.23892164,False
DEV_NORMAL_026,275,304,0.2326619,False
DEV_NORMAL_026,276,305,0.2476886,False
DEV_NORMAL_026,277,306,0.25706083,False
DEV_NORMAL_026,278,307,0.25670972,False
DEV_NORMAL_026,279,308,0.21309201,False
DEV_NORMAL_026,280,309,0.21460333,False
DEV_NORMAL_026,281,310,0.20330335,False
DEV_NORMAL_026,282,311,0.22362114,False
DEV_NORMAL_026,283,312,0.22367814,False
DEV_NORMAL_026,284,313,0.23031187,False
DEV_NORMAL_026,285,314,0.23480831,False
DEV_NORMAL_026,286,315,0.22894676,False
DEV_NORMAL_026,287,316,0.22956587,False
DEV_NORMAL_026,288,317,0.24775855,False
DEV_NORMAL_026,289,318,0.2510564,False
DEV_NORMAL_026,290,319,0.24689512,False
DEV_NORMAL_026,291,320,0.26759416,False
DEV_NORMAL_026,292,321,0.23747781,False
DEV_NORMAL_026,293,322,0.23464933,False
DEV_NORMAL_026,294,323,0.22176473,False
DEV_NORMAL_026,295,324,0.21419936,False
DEV_NORMAL_026,296,325,0.21588923,False
DEV_NORMAL_026,297,326,0.22598524,False
DEV_NORMAL_026,298,327,0.21044487,False
DEV_NORMAL_026,299,328,0.22142509,False
DEV_NORMAL_026,300,329,0.21813233,False
DEV_NORMAL_026,301,330,0.22964899,False
DEV_NORMAL_026,302,331,0.2153658,False
DEV_NORMAL_026,303,332,0.21530348,False
DEV_NORMAL_026,304,333,0.21350455,False
DEV_NORMAL_026,305,334,0.22358266,False
DEV_NORMAL_026,306,335,0.21481462,False
DEV_NORMAL_026,307,336,0.22063565,False
DEV_NORMAL_026,308,337,0.22878942,False
DEV_NORMAL_026,309,338,0.23523538,False
DEV_NORMAL_026,310,339,0.22605094,False
DEV_NORMAL_026,311,340,0.2158809,False
DEV_NORMAL_026,312,341,0.20559832,False
DEV_NORMAL_026,313,342,0.19036523,False
DEV_NORMAL_026,314,343,0.1876101,False
DEV_NORMAL_026,315,344,0.19521824,False
DEV_NORMAL_026,316,345,0.19583157,False
DEV_NORMAL_026,317,346,0.18803485,False
DEV_NORMAL_026,318,347,0.19249716,False
DEV_NORMAL_026,319,348,0.19840713,False
DEV_NORMAL_026,320,349,0.1880391,False
DEV_NORMAL_026,321,350,0.20489867,False
DEV_NORMAL_026,322,351,0.21267775,False
DEV_NORMAL_026,323,352,0.22783579,False
DEV_NORMAL_026,324,353,0.225147,False
DEV_NORMAL_026,325,354,0.22537416,False
DEV_NORMAL_026,326,355,0.24639007,False
DEV_NORMAL_026,327,356,0.2455864,False
DEV_NORMAL_026,328,357,0.22722086,False
DEV_NORMAL_026,329,358,0.220205,False
DEV_NORMAL_026,330,359,0.22442593,False
DEV_NORMAL_026,331,360,0.23509613,False
DEV_NORMAL_026,332,361,0.2301288,False
DEV_NORMAL_026,333,362,0.23943287,False
DEV_NORMAL_026,334,363,0.2568111,False
DEV_NORMAL_026,335,364,0.26093006,False
DEV_NORMAL_026,336,365,0.25505093,False
DEV_NORMAL_026,337,366,0.23931594,False
DEV_NORMAL_026,338,367,0.23624271,False
DEV_NORMAL_026,339,368,0.23709597,False
DEV_NORMAL_026,340,369,0.23808219,False
DEV_NORMAL_026,341,370,0.2385944,False
DEV_NORMAL_026,342,371,0.2578599,False
DEV_NORMAL_026,343,372,0.2661902,False
DEV_NORMAL_026,344,373,0.2507601,False
DEV_NORMAL_026,345,374,0.23458664,False
DEV_NORMAL_026,346,375,0.2403299,False
DEV_NORMAL_026,347,376,0.23445652,False
DEV_NORMAL_026,348,377,0.22896136,False
DEV_NORMAL_026,349,378,0.23372525,False
DEV_NORMAL_026,350,379,0.23633124,False
DEV_NORMAL_026,351,380,0.23077396,False
DEV_NORMAL_026,352,381,0.23837881,False
DEV_NORMAL_026,353,382,0.23135836,False
DEV_NORMAL_026,354,383,0.21912459,False
DEV_NORMAL_026,355,384,0.21634479,False
DEV_NORMAL_026,356,385,0.2123645,False
DEV_NORMAL_026,357,386,0.20618428,False
DEV_NORMAL_026,358,387,0.20560385,False
DEV_NORMAL_026,359,388,0.20375279,False
DEV_NORMAL_026,360,389,0.19427398,False
DEV_NORMAL_026,361,390,0.21816285,False
DEV_NORMAL_026,362,391,0.21121727,False
DEV_NORMAL_026,363,392,0.19002822,False
DEV_NORMAL_026,364,393,0.18698221,False
DEV_NORMAL_026,365,394,0.19184174,False
DEV_NORMAL_026,366,395,0.19793105,False
DEV_NORMAL_026,367,396,0.19260186,False
DEV_NORMAL_026,368,397,0.18168983,False
DEV_NORMAL_026,369,398,0.18983437,False
DEV_NORMAL_026,370,399,0.20825015,False
DEV_NORMAL_026,371,400,0.19869858,False
DEV_NORMAL_026,372,401,0.20181541,False
DEV_NORMAL_026,373,402,0.19287916,False
DEV_NORMAL_026,374,403,0.19962314,False
DEV_NORMAL_026,375,404,0.19974072,False
DEV_NORMAL_026,376,405,0.20515823,False
DEV_NORMAL_026,377,406,0.20518783,False
DEV_NORMAL_026,378,407,0.1977925,False
DEV_NORMAL_026,379,408,0.20091018,False
DEV_NORMAL_026,380,409,0.19867113,False
DEV_NORMAL_026,381,410,0.22483991,False
DEV_NORMAL_026,382,411,0.20851149,False
DEV_NORMAL_026,383,412,0.21206068,False
DEV_NORMAL_026,384,413,0.19696897,False
DEV_NORMAL_026,385,414,0.19842927,False
DEV_NORMAL_026,386,415,0.20171279,False
DEV_NORMAL_026,387,416,0.20321816,False
DEV_NORMAL_026,388,417,0.20676874,False
DEV_NORMAL_026,389,418,0.21748161,False
DEV_NORMAL_026,390,419,0.20801455,False
DEV_NORMAL_026,391,420,0.23029493,False
DEV_NORMAL_026,392,421,0.24644038,False
DEV_NORMAL_026,393,422,0.24963866,False
DEV_NORMAL_026,394,423,0.25265297,False
DEV_NORMAL_026,395,424,0.25450152,False
DEV_NORMAL_026,396,425,0.26168317,False
DEV_NORMAL_026,397,426,0.26067716,False
DEV_NORMAL_026,398,427,0.27016848,False
DEV_NORMAL_026,399,428,0.28864995,False
DEV_NORMAL_026,400,429,0.29953972,True
DEV_NORMAL_026,401,430,0.28285405,False
DEV_NORMAL_026,402,431,0.299751,True
DEV_NORMAL_026,403,432,0.2984008,True
DEV_NORMAL_026,404,433,0.28123504,False
DEV_NORMAL_026,405,434,0.29497376,True
DEV_NORMAL_026,406,435,0.3001997,True
DEV_NORMAL_026,407,436,0.29015288,False
DEV_NORMAL_026,408,437,0.28822014,False
DEV_NORMAL_026,409,438,0.2934999,True
DEV_NORMAL_026,410,439,0.26742825,False
DEV_NORMAL_026,411,440,0.28209883,False
DEV_NORMAL_026,412,441,0.29213798,True
DEV_NORMAL_026,413,442,0.28120744,False
DEV_NORMAL_026,414,443,0.29126307,True
DEV_NORMAL_026,415,444,0.28594932,False
DEV_NORMAL_026,416,445,0.2811838,False
DEV_NORMAL_026,417,446,0.29024735,False
DEV_NORMAL_026,418,447,0.2693108,False
DEV_NORMAL_026,419,448,0.2653374,False
DEV_NORMAL_026,420,449,0.26239657,False
DEV_NORMAL_026,421,450,0.2762222,False
DEV_NORMAL_026,422,451,0.26867503,False
DEV_NORMAL_026,423,452,0.2570918,False
DEV_NORMAL_026,424,453,0.2567932,False
DEV_NORMAL_026,425,454,0.2312312,False
DEV_NORMAL_026,426,455,0.23654836,False
DEV_NORMAL_026,427,456,0.23207928,False
DEV_NORMAL_026,428,457,0.20533507,False
DEV_NORMAL_026,429,458,0.20839874,False
DEV_NORMAL_026,430,459,0.19970067,False
DEV_NORMAL_026,431,460,0.19603509,False
DEV_NORMAL_026,432,461,0.20379041,False
DEV_NORMAL_026,433,462,0.19959597,False
DEV_NORMAL_026,434,463,0.19530182,False
DEV_NORMAL_026,435,464,0.19974384,False
DEV_NORMAL_026,436,465,0.21033755,False
DEV_NORMAL_026,437,466,0.20271918,False
DEV_NORMAL_026,438,467,0.19908781,False
DEV_NORMAL_026,439,468,0.21952987,False
DEV_NORMAL_026,440,469,0.22347459,False
DEV_NORMAL_026,441,470,0.21822391,False
DEV_NORMAL_026,442,471,0.21791086,False
DEV_NORMAL_026,443,472,0.20736356,False
DEV_NORMAL_026,444,473,0.209104,False
DEV_NORMAL_026,445,474,0.19682921,False
DEV_NORMAL_026,446,475,0.19332132,False
DEV_NORMAL_026,447,476,0.19557482,False
DEV_NORMAL_026,448,477,0.20717207,False
DEV_NORMAL_026,449,478,0.20448922,False
DEV_NORMAL_026,450,479,0.19178067,False
DEV_NORMAL_026,451,480,0.19894409,False
DEV_NORMAL_026,452,481,0.20624205,False
DEV_NORMAL_026,453,482,0.206726,False
DEV_NORMAL_026,454,483,0.2020243,False
DEV_NORMAL_026,455,484,0.20039701,False
DEV_NORMAL_026,456,485,0.21168098,False
DEV_NORMAL_026,457,486,0.21348728,False
DEV_NORMAL_026,458,487,0.1933364,False
DEV_NORMAL_026,459,488,0.209629,False
DEV_NORMAL_026,460,489,0.20797618,False
DEV_NORMAL_026,461,490,0.20092611,False
DEV_NORMAL_026,462,491,0.21420689,False
DEV_NORMAL_026,463,492,0.20642132,False
DEV_NORMAL_026,464,493,0.21340962,False
DEV_NORMAL_026,465,494,0.20680737,False
DEV_NORMAL_026,466,495,0.22097732,False
DEV_NORMAL_026,467,496,0.19662096,False
DEV_NORMAL_026,468,497,0.20173493,False
DEV_NORMAL_026,469,498,0.19915988,False
DEV_NORMAL_026,470,499,0.2022399,False
DEV_NORMAL_026,471,500,0.20103477,False
DEV_NORMAL_026,472,501,0.19670002,False
DEV_NORMAL_026,473,502,0.19925933,False
DEV_NORMAL_026,474,503,0.19152206,False
DEV_NORMAL_026,475,504,0.19163197,False
DEV_NORMAL_026,476,505,0.1925237,False
DEV_NORMAL_026,477,506,0.19817823,False
DEV_NORMAL_026,478,507,0.21638241,False
DEV_NORMAL_026,479,508,0.21531276,False
DEV_NORMAL_026,480,509,0.21330892,False
DEV_NORMAL_026,481,510,0.21184084,False
DEV_NORMAL_026,482,511,0.23647115,False
DEV_NORMAL_026,483,512,0.23510541,False
DEV_NORMAL_026,484,513,0.22927809,False
DEV_NORMAL_026,485,514,0.24767442,False
DEV_NORMAL_026,486,515,0.27197486,False
DEV_NORMAL_026,487,516,0.25439608,False
DEV_NORMAL_026,488,517,0.24789003,False
DEV_NORMAL_026,489,518,0.24261783,False
DEV_NORMAL_026,490,519,0.25514832,False
DEV_NORMAL_026,491,520,0.2527064,False
DEV_NORMAL_026,492,521,0.25093052,False
DEV_NORMAL_026,493,522,0.2576674,False
DEV_NORMAL_026,494,523,0.2781528,False
DEV_NORMAL_026,495,524,0.26348698,False
DEV_NORMAL_026,496,525,0.26800403,False
DEV_NORMAL_026,497,526,0.26192084,False
DEV_NORMAL_026,498,527,0.26702866,False
DEV_NORMAL_026,499,528,0.27584317,False
DEV_NORMAL_026,500,529,0.27290827,False
DEV_NORMAL_026,501,530,0.26454824,False
DEV_NORMAL_026,502,531,0.27434972,False
DEV_NORMAL_026,503,532,0.28090137,False
DEV_NORMAL_026,504,533,0.2816042,False
DEV_NORMAL_026,505,534,0.28715575,False
DEV_NORMAL_026,506,535,0.2830254,False
DEV_NORMAL_026,507,536,0.29837096,True
DEV_NORMAL_026,508,537,0.30164394,True
DEV_NORMAL_026,509,538,0.2758435,False
DEV_NORMAL_026,510,539,0.3018293,True
DEV_NORMAL_026,511,540,0.29730472,True
DEV_NORMAL_026,512,541,0.29021928,False
DEV_NORMAL_026,513,542,0.29244155,True
DEV_NORMAL_026,514,543,0.26646975,False
DEV_NORMAL_026,515,544,0.25796792,False
DEV_NORMAL_026,516,545,0.26923162,False
DEV_NORMAL_026,517,546,0.27251753,False
DEV_NORMAL_026,518,547,0.26115417,False
DEV_NORMAL_026,519,548,0.25878766,False
DEV_NORMAL_026,520,549,0.26682612,False
DEV_NORMAL_026,521,550,0.2697207,False
DEV_NORMAL_026,522,551,0.26589936,False
DEV_NORMAL_026,523,552,0.25500295,False
DEV_NORMAL_026,524,553,0.2505045,False
DEV_NORMAL_026,525,554,0.24786584,False
DEV_NORMAL_026,526,555,0.24264151,False
DEV_NORMAL_026,527,556,0.24173076,False
DEV_NORMAL_026,528,557,0.24280119,False
DEV_NORMAL_026,529,558,0.2630304,False
DEV_NORMAL_026,530,559,0.2772992,False
DEV_NORMAL_026,531,560,0.28150046,False
DEV_NORMAL_026,532,561,0.26398626,False
DEV_NORMAL_026,533,562,0.25382704,False
DEV_NORMAL_026,534,563,0.26066652,False
DEV_NORMAL_026,535,564,0.25912517,False
DEV_NORMAL_026,536,565,0.2522744,False
DEV_NORMAL_026,537,566,0.24645542,False
DEV_NORMAL_026,538,567,0.24063277,False
DEV_NORMAL_026,539,568,0.23620449,False
DEV_NORMAL_026,540,569,0.25204122,False
DEV_NORMAL_026,541,570,0.27895695,False
DEV_NORMAL_026,542,571,0.27150398,False
DEV_NORMAL_026,543,572,0.2804942,False
DEV_NORMAL_026,544,573,0.2821134,False
DEV_NORMAL_026,545,574,0.28125927,False
DEV_NORMAL_026,546,575,0.27802658,False
DEV_NORMAL_026,547,576,0.26490584,False
DEV_NORMAL_026,548,577,0.27106297,False
DEV_NORMAL_026,549,578,0.29458794,True
DEV_NORMAL_026,550,579,0.30361044,True
DEV_NORMAL_026,551,580,0.30214253,True
DEV_NORMAL_026,552,581,0.28823784,False
DEV_NORMAL_026,553,582,0.2968324,True
DEV_NORMAL_026,554,583,0.25869825,False
DEV_NORMAL_026,555,584,0.29851118,True
DEV_NORMAL_026,556,585,0.29908594,True
DEV_NORMAL_026,557,586,0.29604512,True
DEV_NORMAL_026,558,587,0.2820035,False
DEV_NORMAL_026,559,588,0.27344218,False
DEV_NORMAL_026,560,589,0.26731837,False
DEV_NORMAL_026,561,590,0.26632637,False
DEV_NORMAL_026,562,591,0.28282404,False
DEV_NORMAL_026,563,592,0.31761876,True
DEV_NORMAL_026,564,593,0.29516703,True
DEV_NORMAL_026,565,594,0.3014395,True
DEV_NORMAL_026,566,595,0.29087836,False
DEV_NORMAL_026,567,596,0.29462597,True
DEV_NORMAL_026,568,597,0.30490813,True
DEV_NORMAL_026,569,598,0.29709378,True
DEV_NORMAL_026,570,599,0.2686303,False
DEV_NORMAL_026,571,600,0.2803522,False
DEV_NORMAL_026,572,601,0.27534142,False
DEV_NORMAL_026,573,602,0.27516815,False
DEV_NORMAL_026,574,603,0.27601773,False
DEV_NORMAL_026,575,604,0.25984448,False
DEV_NORMAL_026,576,605,0.28002116,False
DEV_NORMAL_026,577,606,0.2695833,False
DEV_NORMAL_026,578,607,0.26294616,False
DEV_NORMAL_026,579,608,0.26580653,False
DEV_NORMAL_026,580,609,0.2707078,False
DEV_NORMAL_026,581,610,0.26384768,False
DEV_NORMAL_026,582,611,0.25656402,False
DEV_NORMAL_026,583,612,0.2675683,False
DEV_NORMAL_026,584,613,0.24610604,False
DEV_NORMAL_026,585,614,0.23740368,False
DEV_NORMAL_026,586,615,0.24593167,False
DEV_NORMAL_026,587,616,0.24896201,False
DEV_NORMAL_026,588,617,0.24493279,False
DEV_NORMAL_026,589,618,0.24719153,False
DEV_NORMAL_026,590,619,0.25129178,False
DEV_NORMAL_026,591,620,0.22060208,False
DEV_NORMAL_026,592,621,0.20161511,False
DEV_NORMAL_026,593,622,0.20350605,False
DEV_NORMAL_026,594,623,0.20654622,False
DEV_NORMAL_026,595,624,0.20976114,False
DEV_NORMAL_026,596,625,0.21426043,False
DEV_NORMAL_026,597,626,0.1918317,False
DEV_NORMAL_026,598,627,0.1813599,False
DEV_NORMAL_026,599,628,0.19077437,False
DEV_NORMAL_026,600,629,0.18391262,False
DEV_NORMAL_026,601,630,0.1803545,False
DEV_NORMAL_026,602,631,0.19590326,False
DEV_NORMAL_026,603,632,0.19254594,False
DEV_NORMAL_026,604,633,0.189615,False
DEV_NORMAL_026,605,634,0.19296837,False
DEV_NORMAL_026,606,635,0.19510049,False
DEV_NORMAL_026,607,636,0.19022553,False
DEV_NORMAL_026,608,637,0.17074217,False
DEV_NORMAL_026,609,638,0.17979845,False
DEV_NORMAL_026,610,639,0.1631875,False
DEV_NORMAL_026,611,640,0.16829075,False
DEV_NORMAL_026,612,641,0.1712252,False
DEV_NORMAL_026,613,642,0.14499792,False
DEV_NORMAL_026,614,643,0.15560032,False
DEV_NORMAL_026,615,644,0.14757572,False
DEV_NORMAL_026,616,645,0.15209787,False
DEV_NORMAL_026,617,646,0.15708266,False
DEV_NORMAL_026,618,647,0.15478045,False
DEV_NORMAL_026,619,648,0.16039267,False
DEV_NORMAL_026,620,649,0.1554608,False
DEV_NORMAL_026,621,650,0.14685948,False
DEV_NORMAL_026,622,651,0.16577408,False
DEV_NORMAL_026,623,652,0.15454467,False
DEV_NORMAL_026,624,653,0.1593907,False
DEV_NORMAL_026,625,654,0.16494592,False
DEV_NORMAL_026,626,655,0.16462836,False
DEV_NORMAL_026,627,656,0.17710508,False
DEV_NORMAL_026,628,657,0.18128702,False
DEV_NORMAL_026,629,658,0.18520212,False
DEV_NORMAL_026,630,659,0.18788914,False
DEV_NORMAL_026,631,660,0.18492241,False
DEV_NORMAL_026,632,661,0.16497447,False
DEV_NORMAL_026,633,662,0.1654941,False
DEV_NORMAL_026,634,663,0.16733669,False
DEV_NORMAL_026,635,664,0.16307244,False
DEV_NORMAL_026,636,665,0.166532,False
DEV_NORMAL_026,637,666,0.19862084,False
DEV_NORMAL_026,638,667,0.2017258,False
DEV_NORMAL_026,639,668,0.20890449,False
DEV_NORMAL_026,640,669,0.22428027,False
DEV_NORMAL_026,641,670,0.23888111,False
DEV_NORMAL_026,642,671,0.23405308,False
DEV_NORMAL_026,643,672,0.2328132,False
DEV_NORMAL_026,644,673,0.24504307,False
DEV_NORMAL_026,645,674,0.2352689,False
DEV_NORMAL_026,646,675,0.23594646,False
DEV_NORMAL_026,647,676,0.25011444,False
DEV_NORMAL_026,648,677,0.25713643,False
DEV_NORMAL_026,649,678,0.26935834,False
DEV_NORMAL_026,650,679,0.27385268,False
DEV_NORMAL_026,651,680,0.27284497,False
DEV_NORMAL_026,652,681,0.27356884,False
DEV_NORMAL_026,653,682,0.25759012,False
DEV_NORMAL_026,654,683,0.2647108,False
DEV_NORMAL_026,655,684,0.2686037,False
DEV_NORMAL_026,656,685,0.2821494,False
DEV_NORMAL_026,657,686,0.25976047,False
DEV_NORMAL_026,658,687,0.26472977,False
DEV_NORMAL_026,659,688,0.27742183,False
DEV_NORMAL_026,660,689,0.28539994,False
DEV_NORMAL_026,661,690,0.28339273,False
DEV_NORMAL_026,662,691,0.2830226,False
DEV_NORMAL_026,663,692,0.27865002,False
DEV_NORMAL_026,664,693,0.2646456,False
DEV_NORMAL_026,665,694,0.2709681,False
DEV_NORMAL_026,666,695,0.23094997,False
DEV_NORMAL_026,667,696,0.2560627,False
DEV_NORMAL_026,668,697,0.2732241,False
DEV_NORMAL_026,669,698,0.3058753,True
DEV_NORMAL_026,670,699,0.29282278,True
DEV_NORMAL_026,671,700,0.292781,True
DEV_NORMAL_026,672,701,0.30012354,True
DEV_NORMAL_026,673,702,0.28831986,False
DEV_NORMAL_026,674,703,0.28023338,False
DEV_NORMAL_026,675,704,0.25922582,False
DEV_NORMAL_026,676,705,0.26494902,False
DEV_NORMAL_026,677,706,0.25721037,False
DEV_NORMAL_026,678,707,0.2749785,False
DEV_NORMAL_026,679,708,0.2580028,False
DEV_NORMAL_026,680,709,0.25579485,False
DEV_NORMAL_026,681,710,0.2677831,False
DEV_NORMAL_026,682,711,0.2670407,False
DEV_NORMAL_026,683,712,0.2673532,False
DEV_NORMAL_026,684,713,0.28422147,False
DEV_NORMAL_026,685,714,0.28836146,False
DEV_NORMAL_026,686,715,0.286253,False
DEV_NORMAL_026,687,716,0.2615276,False
DEV_NORMAL_026,688,717,0.27879116,False
DEV_NORMAL_026,689,718,0.27193552,False
DEV_NORMAL_026,690,719,0.26056477,False
DEV_NORMAL_026,691,720,0.28159148,False
DEV_NORMAL_026,692,721,0.2896673,False
DEV_NORMAL_026,693,722,0.2697607,False
DEV_NORMAL_026,694,723,0.27463722,False
DEV_NORMAL_026,695,724,0.2776716,False
DEV_NORMAL_026,696,725,0.24897847,False
DEV_NORMAL_026,697,726,0.24495417,False
DEV_NORMAL_026,698,727,0.25491664,False
DEV_NORMAL_026,699,728,0.2507788,False
DEV_NORMAL_026,700,729,0.26235336,False
DEV_NORMAL_026,701,730,0.2658942,False
DEV_NORMAL_026,702,731,0.26413408,False
DEV_NORMAL_026,703,732,0.2622959,False
DEV_NORMAL_026,704,733,0.2588723,False
DEV_NORMAL_026,705,734,0.24965364,False
DEV_NORMAL_026,706,735,0.25552276,False
DEV_NORMAL_026,707,736,0.25143453,False
DEV_NORMAL_026,708,737,0.23939459,False
DEV_NORMAL_026,709,738,0.25032008,False
DEV_NORMAL_026,710,739,0.2426003,False
DEV_NORMAL_026,711,740,0.25643343,False
DEV_NORMAL_026,712,741,0.2605167,False
DEV_NORMAL_026,713,742,0.24642643,False
DEV_NORMAL_026,714,743,0.22166677,False
DEV_NORMAL_026,715,744,0.21068674,False
DEV_NORMAL_026,716,745,0.22227843,False
DEV_NORMAL_026,717,746,0.22384033,False
DEV_NORMAL_026,718,747,0.21107814,False
DEV_NORMAL_026,719,748,0.2076191,False
DEV_NORMAL_026,720,749,0.21444893,False
DEV_NORMAL_026,721,750,0.22150885,False
DEV_NORMAL_026,722,751,0.2185021,False
DEV_NORMAL_026,723,752,0.20176461,False
DEV_NORMAL_026,724,753,0.21445243,False
DEV_NORMAL_026,725,754,0.22499861,False
DEV_NORMAL_026,726,755,0.20973507,False
DEV_NORMAL_026,727,756,0.20159572,False
DEV_NORMAL_026,728,757,0.19163951,False
DEV_NORMAL_026,729,758,0.1948037,False
DEV_NORMAL_026,730,759,0.20801821,False
DEV_NORMAL_026,731,760,0.20194037,False
DEV_NORMAL_026,732,761,0.20104025,False
DEV_NORMAL_026,733,762,0.20148279,False
DEV_NORMAL_026,734,763,0.21931835,False
DEV_NORMAL_026,735,764,0.21203041,False
DEV_NORMAL_026,736,765,0.20484954,False
DEV_NORMAL_026,737,766,0.22503614,False
DEV_NORMAL_026,738,767,0.2075812,False
DEV_NORMAL_026,739,768,0.22140102,False
DEV_NORMAL_026,740,769,0.22017552,False
DEV_NORMAL_026,741,770,0.21427193,False
DEV_NORMAL_026,742,771,0.22578217,False
DEV_NORMAL_026,743,772,0.21957162,False
DEV_NORMAL_026,744,773,0.2181003,False
DEV_NORMAL_026,745,774,0.20936124,False
DEV_NORMAL_026,746,775,0.2096543,False
DEV_NORMAL_026,747,776,0.2122125,False
DEV_NORMAL_026,748,777,0.2217725,False
DEV_NORMAL_026,749,778,0.2171987,False
DEV_NORMAL_026,750,779,0.23685673,False
DEV_NORMAL_026,751,780,0.24142952,False
DEV_NORMAL_026,752,781,0.2490174,False
DEV_NORMAL_026,753,782,0.26847696,False
DEV_NORMAL_026,754,783,0.25336915,False
DEV_NORMAL_026,755,784,0.2579281,False
DEV_NORMAL_026,756,785,0.27419665,False
DEV_NORMAL_026,757,786,0.26780218,False
DEV_NORMAL_026,758,787,0.26384506,False
DEV_NORMAL_026,759,788,0.25008482,False
DEV_NORMAL_026,760,789,0.2507969,False
DEV_NORMAL_026,761,790,0.23604809,False
DEV_NORMAL_026,762,791,0.24451734,False
DEV_NORMAL_026,763,792,0.25743967,False
DEV_NORMAL_026,764,793,0.25135967,False
DEV_NORMAL_026,765,794,0.25173998,False
DEV_NORMAL_026,766,795,0.25269324,False
DEV_NORMAL_026,767,796,0.26474315,False
DEV_NORMAL_026,768,797,0.27398464,False
DEV_NORMAL_026,769,798,0.29489848,True
DEV_NORMAL_026,770,799,0.28831485,False
DEV_NORMAL_026,771,800,0.24960397,False
DEV_NORMAL_026,772,801,0.25417998,False
DEV_NORMAL_026,773,802,0.25646242,False
DEV_NORMAL_026,774,803,0.25494993,False
DEV_NORMAL_026,775,804,0.25210914,False
DEV_NORMAL_026,776,805,0.2557497,False
DEV_NORMAL_026,777,806,0.25359222,False
DEV_NORMAL_026,778,807,0.23749368,False
DEV_NORMAL_026,779,808,0.2440388,False
DEV_NORMAL_026,780,809,0.23028189,False
DEV_NORMAL_026,781,810,0.23181434,False
DEV_NORMAL_026,782,811,0.22076902,False
DEV_NORMAL_026,783,812,0.22282752,False
DEV_NORMAL_026,784,813,0.21030718,False
DEV_NORMAL_026,785,814,0.1925367,False
DEV_NORMAL_026,786,815,0.21646112,False
DEV_NORMAL_026,787,816,0.21549542,False
DEV_NORMAL_026,788,817,0.21997087,False
DEV_NORMAL_026,789,818,0.23092106,False
DEV_NORMAL_026,790,819,0.24786691,False
DEV_NORMAL_026,791,820,0.24282879,False
DEV_NORMAL_026,792,821,0.24395636,False
DEV_NORMAL_026,793,822,0.23873106,False
DEV_NORMAL_026,794,823,0.23962109,False
DEV_NORMAL_026,795,824,0.23796394,False
DEV_NORMAL_026,796,825,0.2599097,False
DEV_NORMAL_026,797,826,0.2669424,False
DEV_NORMAL_026,798,827,0.25553358,False
DEV_NORMAL_026,799,828,0.24766204,False
DEV_NORMAL_026,800,829,0.24835926,False
DEV_NORMAL_026,801,830,0.25226417,False
DEV_NORMAL_026,802,831,0.25678742,False
DEV_NORMAL_026,803,832,0.2586524,False
DEV_NORMAL_026,804,833,0.28380096,False
DEV_NORMAL_026,805,834,0.2846462,False
DEV_NORMAL_026,806,835,0.30123577,True
DEV_NORMAL_026,807,836,0.2852851,False
DEV_NORMAL_026,808,837,0.2705992,False
DEV_NORMAL_026,809,838,0.27420613,False
DEV_NORMAL_026,810,839,0.2596568,False
DEV_NORMAL_026,811,840,0.24474055,False
DEV_NORMAL_026,812,841,0.25273398,False
DEV_NORMAL_026,813,842,0.26667386,False
DEV_NORMAL_026,814,843,0.25193623,False
DEV_NORMAL_026,815,844,0.25249675,False
DEV_NORMAL_026,816,845,0.25545496,False
DEV_NORMAL_026,817,846,0.23780808,False
DEV_NORMAL_026,818,847,0.22488648,False
DEV_NORMAL_026,819,848,0.22166078,False
DEV_NORMAL_026,820,849,0.21415727,False
DEV_NORMAL_026,821,850,0.22545487,False
DEV_NORMAL_026,822,851,0.21053872,False
DEV_NORMAL_026,823,852,0.19672784,False
DEV_NORMAL_026,824,853,0.19642766,False
DEV_NORMAL_026,825,854,0.191191,False
DEV_NORMAL_026,826,855,0.19741923,False
DEV_NORMAL_026,827,856,0.1918552,False
DEV_NORMAL_026,828,857,0.18193561,False
DEV_NORMAL_026,829,858,0.17856884,False
DEV_NORMAL_026,830,859,0.17990878,False
DEV_NORMAL_026,831,860,0.17256594,False
DEV_NORMAL_026,832,861,0.17210121,False
DEV_NORMAL_026,833,862,0.16335481,False
DEV_NORMAL_026,834,863,0.16692105,False
DEV_NORMAL_026,835,864,0.15421554,False
DEV_NORMAL_026,836,865,0.15298237,False
DEV_NORMAL_026,837,866,0.16191968,False
DEV_NORMAL_026,838,867,0.17472158,False
DEV_NORMAL_026,839,868,0.17103615,False
DEV_NORMAL_026,840,869,0.1675008,False
DEV_NORMAL_026,841,870,0.18265751,False
DEV_NORMAL_026,842,871,0.18884608,False
DEV_NORMAL_026,843,872,0.19483887,False
DEV_NORMAL_026,844,873,0.21754816,False
DEV_NORMAL_026,845,874,0.21642794,False
DEV_NORMAL_026,846,875,0.21194486,False
DEV_NORMAL_026,847,876,0.20817319,False
DEV_NORMAL_026,848,877,0.20718366,False
DEV_NORMAL_026,849,878,0.20768794,False
DEV_NORMAL_026,850,879,0.21088934,False
DEV_NORMAL_026,851,880,0.20365442,False
DEV_NORMAL_026,852,881,0.21433693,False
DEV_NORMAL_026,853,882,0.20919186,False
DEV_NORMAL_026,854,883,0.2077996,False
DEV_NORMAL_026,855,884,0.20020814,False
DEV_NORMAL_026,856,885,0.19217396,False
DEV_NORMAL_026,857,886,0.19653682,False
DEV_NORMAL_026,858,887,0.19256848,False
DEV_NORMAL_026,859,888,0.1934381,False
DEV_NORMAL_026,860,889,0.20095712,False
DEV_NORMAL_026,861,890,0.19695935,False
DEV_NORMAL_026,862,891,0.19821231,False
DEV_NORMAL_026,863,892,0.20585276,False
DEV_NORMAL_026,864,893,0.1956452,False
DEV_NORMAL_026,865,894,0.20317481,False
DEV_NORMAL_026,866,895,0.20946775,False
DEV_NORMAL_026,867,896,0.20808353,False
DEV_NORMAL_026,868,897,0.1849812,False
DEV_NORMAL_026,869,898,0.18942553,False
DEV_NORMAL_026,870,899,0.18547687,False
DEV_NORMAL_026,871,900,0.17801324,False
DEV_NORMAL_026,872,901,0.15595548,False
DEV_NORMAL_026,873,902,0.15743084,False
DEV_NORMAL_026,874,903,0.15207234,False
DEV_NORMAL_026,875,904,0.18056516,False
DEV_NORMAL_026,876,905,0.17985897,False
DEV_NORMAL_026,877,906,0.17636886,False
DEV_NORMAL_026,878,907,0.17691666,False
DEV_NORMAL_026,879,908,0.17900802,False
DEV_NORMAL_026,880,909,0.17639984,False
DEV_NORMAL_026,881,910,0.17433704,False
DEV_NORMAL_026,882,911,0.18216823,False
DEV_NORMAL_026,883,912,0.18017878,False
DEV_NORMAL_026,884,913,0.19451183,False
DEV_NORMAL_026,885,914,0.20169033,False
DEV_NORMAL_026,886,915,0.20531288,False
DEV_NORMAL_026,887,916,0.19929837,False
DEV_NORMAL_026,888,917,0.1947833,False
DEV_NORMAL_026,889,918,0.20522986,False
DEV_NORMAL_026,890,919,0.21122545,False
DEV_NORMAL_026,891,920,0.22425906,False
DEV_NORMAL_026,892,921,0.22160469,False
DEV_NORMAL_026,893,922,0.23369958,False
DEV_NORMAL_026,894,923,0.23186925,False
DEV_NORMAL_026,895,924,0.21886498,False
DEV_NORMAL_026,896,925,0.21073423,False
DEV_NORMAL_026,897,926,0.21744135,False
DEV_NORMAL_026,898,927,0.2221661,False
DEV_NORMAL_026,899,928,0.22062664,False
DEV_NORMAL_026,900,929,0.2202523,False
DEV_NORMAL_026,901,930,0.23006625,False
DEV_NORMAL_026,902,931,0.22891451,False
DEV_NORMAL_026,903,932,0.21872708,False
DEV_NORMAL_026,904,933,0.22218698,False
DEV_NORMAL_026,905,934,0.2193633,False
DEV_NORMAL_026,906,935,0.23059937,False
DEV_NORMAL_026,907,936,0.22224046,False
DEV_NORMAL_026,908,937,0.2208413,False
DEV_NORMAL_026,909,938,0.20618635,False
DEV_NORMAL_026,910,939,0.20293283,False
DEV_NORMAL_026,911,940,0.20797291,False
DEV_NORMAL_026,912,941,0.19750525,False
DEV_NORMAL_026,913,942,0.19968148,False
DEV_NORMAL_026,914,943,0.20846185,False
DEV_NORMAL_026,915,944,0.20049733,False
DEV_NORMAL_026,916,945,0.1972409,False
DEV_NORMAL_026,917,946,0.18676141,False
DEV_NORMAL_026,918,947,0.19627686,False
DEV_NORMAL_026,919,948,0.20628586,False
DEV_NORMAL_026,920,949,0.20366646,False
DEV_NORMAL_026,921,950,0.22241907,False
DEV_NORMAL_026,922,951,0.21599433,False
DEV_NORMAL_026,923,952,0.22077005,False
DEV_NORMAL_026,924,953,0.22270803,False
DEV_NORMAL_026,925,954,0.21979627,False
DEV_NORMAL_026,926,955,0.22012635,False
DEV_NORMAL_026,927,956,0.20808792,False
DEV_NORMAL_026,928,957,0.19789259,False
DEV_NORMAL_026,929,958,0.19686499,False
DEV_NORMAL_026,930,959,0.18347168,False
DEV_NORMAL_026,931,960,0.1911758,False
DEV_NORMAL_026,932,961,0.1922678,False
DEV_NORMAL_026,933,962,0.17788292,False
DEV_NORMAL_026,934,963,0.17757301,False
DEV_NORMAL_026,935,964,0.18411224,False
DEV_NORMAL_026,936,965,0.17688541,False
DEV_NORMAL_026,937,966,0.19696455,False
DEV_NORMAL_026,938,967,0.20643839,False
DEV_NORMAL_026,939,968,0.19606867,False
DEV_NORMAL_026,940,969,0.19500004,False
DEV_NORMAL_026,941,970,0.19926964,False
DEV_NORMAL_026,942,971,0.19436827,False
DEV_NORMAL_026,943,972,0.2068163,False
DEV_NORMAL_026,944,973,0.19378455,False
DEV_NORMAL_026,945,974,0.1850628,False
DEV_NORMAL_026,946,975,0.19020155,False
DEV_NORMAL_026,947,976,0.18916503,False
DEV_NORMAL_026,948,977,0.19279416,False
DEV_NORMAL_026,949,978,0.1761186,False
DEV_NORMAL_026,950,979,0.16881214,False
DEV_NORMAL_026,951,980,0.17519163,False
DEV_NORMAL_026,952,981,0.19549069,False
DEV_NORMAL_026,953,982,0.18860886,False
DEV_NORMAL_026,954,983,0.1949858,False
DEV_NORMAL_026,955,984,0.19359851,False
DEV_NORMAL_026,956,985,0.19919421,False
DEV_NORMAL_026,957,986,0.2012346,False
DEV_NORMAL_026,958,987,0.20642132,False
DEV_NORMAL_026,959,988,0.19841425,False
DEV_NORMAL_026,960,989,0.19126919,False
DEV_NORMAL_026,961,990,0.2021439,False
DEV_NORMAL_026,962,991,0.20922346,False
DEV_NORMAL_026,963,992,0.19651277,False
DEV_NORMAL_026,964,993,0.19761471,False
DEV_NORMAL_026,965,994,0.17799078,False
DEV_NORMAL_026,966,995,0.17176148,False
DEV_NORMAL_026,967,996,0.17619146,False
DEV_NORMAL_026,968,997,0.19000158,False
DEV_NORMAL_026,969,998,0.19421329,False
DEV_NORMAL_026,970,999,0.20741647,False
DEV_NORMAL_026,971,1000,0.21151128,False
DEV_NORMAL_026,972,1001,0.22508787,False
DEV_NORMAL_026,973,1002,0.23243316,False
DEV_NORMAL_026,974,1003,0.22808686,False
DEV_NORMAL_026,975,1004,0.24131711,False
DEV_NORMAL_026,976,1005,0.2516929,False
DEV_NORMAL_026,977,1006,0.24997045,False
DEV_NORMAL_026,978,1007,0.26052815,False
DEV_NORMAL_026,979,1008,0.2558574,False
DEV_NORMAL_026,980,1009,0.267461,False
DEV_NORMAL_026,981,1010,0.30253762,True
DEV_NORMAL_026,982,1011,0.31390926,True
DEV_NORMAL_026,983,1012,0.32254314,True
DEV_NORMAL_026,984,1013,0.32927054,True
DEV_NORMAL_026,985,1014,0.32265037,True
DEV_NORMAL_026,986,1015,0.32968304,True
DEV_NORMAL_026,987,1016,0.38446897,True
DEV_NORMAL_026,988,1017,0.3930217,True
DEV_NORMAL_026,989,1018,0.38264006,True
DEV_NORMAL_026,990,1019,0.38292217,True
DEV_NORMAL_026,991,1020,0.37292063,True
DEV_NORMAL_026,992,1021,0.37409827,True
DEV_NORMAL_026,993,1022,0.37695807,True
DEV_NORMAL_026,994,1023,0.38679868,True
DEV_NORMAL_026,995,1024,0.37978354,True
DEV_NORMAL_026,996,1025,0.3821738,True
DEV_NORMAL_026,997,1026,0.3686446,True
DEV_NORMAL_026,998,1027,0.36717033,True
DEV_NORMAL_026,999,1028,0.359537,True
DEV_NORMAL_026,1000,1029,0.34450808,True
DEV_NORMAL_026,1001,1030,0.33890167,True
DEV_NORMAL_026,1002,1031,0.33836383,True
DEV_NORMAL_026,1003,1032,0.349743,True
DEV_NORMAL_026,1004,1033,0.30600247,True
DEV_NORMAL_026,1005,1034,0.3101655,True
DEV_NORMAL_026,1006,1035,0.34810644,True
DEV_NORMAL_026,1007,1036,0.33592275,True
DEV_NORMAL_026,1008,1037,0.33997905,True
DEV_NORMAL_026,1009,1038,0.29065314,False
DEV_NORMAL_026,1010,1039,0.28060338,False
DEV_NORMAL_026,1011,1040,0.27505973,False
DEV_NORMAL_026,1012,1041,0.2660327,False
DEV_NORMAL_026,1013,1042,0.2650219,False
DEV_NORMAL_026,1014,1043,0.25716835,False
DEV_NORMAL_026,1015,1044,0.2732115,False
DEV_NORMAL_026,1016,1045,0.25364095,False
DEV_NORMAL_026,1017,1046,0.24335028,False
DEV_NORMAL_026,1018,1047,0.24435088,False
DEV_NORMAL_026,1019,1048,0.23618485,False
DEV_NORMAL_026,1020,1049,0.24072811,False
DEV_NORMAL_026,1021,1050,0.23133786,False
DEV_NORMAL_026,1022,1051,0.22522026,False
DEV_NORMAL_026,1023,1052,0.23759559,False
DEV_NORMAL_026,1024,1053,0.2258335,False
DEV_NORMAL_026,1025,1054,0.22006811,False
DEV_NORMAL_026,1026,1055,0.22880112,False
DEV_NORMAL_026,1027,1056,0.2499508,False
DEV_NORMAL_026,1028,1057,0.25820428,False
DEV_NORMAL_026,1029,1058,0.2647719,False
DEV_NORMAL_026,1030,1059,0.2788421,False
DEV_NORMAL_026,1031,1060,0.27459353,False
DEV_NORMAL_026,1032,1061,0.26642257,False
DEV_NORMAL_026,1033,1062,0.24837472,False
DEV_NORMAL_026,1034,1063,0.24044558,False
DEV_NORMAL_026,1035,1064,0.22696419,False
DEV_NORMAL_026,1036,1065,0.23188432,False
DEV_NORMAL_026,1037,1066,0.23922992,False
DEV_NORMAL_026,1038,1067,0.23033075,False
DEV_NORMAL_026,1039,1068,0.23519348,False
DEV_NORMAL_026,1040,1069,0.2311539,False
DEV_NORMAL_026,1041,1070,0.22743487,False
DEV_NORMAL_026,1042,1071,0.23843463,False
DEV_NORMAL_026,1043,1072,0.22781314,False
DEV_NORMAL_026,1044,1073,0.23110156,False
DEV_NORMAL_026,1045,1074,0.22483723,False
DEV_NORMAL_026,1046,1075,0.2527341,False
DEV_NORMAL_026,1047,1076,0.25854364,False
DEV_NORMAL_026,1048,1077,0.24932353,False
DEV_NORMAL_026,1049,1078,0.25838616,False
DEV_NORMAL_026,1050,1079,0.26595852,False
DEV_NORMAL_028,0,29,0.25061896,False
DEV_NORMAL_028,1,30,0.24526873,False
DEV_NORMAL_028,2,31,0.2365286,False
DEV_NORMAL_028,3,32,0.23707695,False
DEV_NORMAL_028,4,33,0.23501444,False
DEV_NORMAL_028,5,34,0.24976888,False
DEV_NORMAL_028,6,35,0.24222858,False
DEV_NORMAL_028,7,36,0.24816592,False
DEV_NORMAL_028,8,37,0.24915999,False
DEV_NORMAL_028,9,38,0.22444746,False
DEV_NORMAL_028,10,39,0.21548638,False
DEV_NORMAL_028,11,40,0.21849464,False
DEV_NORMAL_028,12,41,0.21306351,False
DEV_NORMAL_028,13,42,0.22852443,False
DEV_NORMAL_028,14,43,0.21886732,False
DEV_NORMAL_028,15,44,0.23129088,False
DEV_NORMAL_028,16,45,0.23768112,False
DEV_NORMAL_028,17,46,0.22845677,False
DEV_NORMAL_028,18,47,0.23008962,False
DEV_NORMAL_028,19,48,0.2287005,False
DEV_NORMAL_028,20,49,0.22684565,False
DEV_NORMAL_028,21,50,0.22645065,False
DEV_NORMAL_028,22,51,0.22501507,False
DEV_NORMAL_028,23,52,0.19353656,False
DEV_NORMAL_028,24,53,0.1937089,False
DEV_NORMAL_028,25,54,0.19095643,False
DEV_NORMAL_028,26,55,0.20328362,False
DEV_NORMAL_028,27,56,0.20722769,False
DEV_NORMAL_028,28,57,0.21155098,False
DEV_NORMAL_028,29,58,0.22567062,False
DEV_NORMAL_028,30,59,0.2274334,False
DEV_NORMAL_028,31,60,0.22799744,False
DEV_NORMAL_028,32,61,0.22128844,False
DEV_NORMAL_028,33,62,0.22401689,False
DEV_NORMAL_028,34,63,0.22937222,False
DEV_NORMAL_028,35,64,0.22587459,False
DEV_NORMAL_028,36,65,0.22442299,False
DEV_NORMAL_028,37,66,0.22556877,False
DEV_NORMAL_028,38,67,0.23035948,False
DEV_NORMAL_028,39,68,0.22731222,False
DEV_NORMAL_028,40,69,0.2106406,False
DEV_NORMAL_028,41,70,0.21167098,False
DEV_NORMAL_028,42,71,0.21959725,False
DEV_NORMAL_028,43,72,0.21467209,False
DEV_NORMAL_028,44,73,0.22942974,False
DEV_NORMAL_028,45,74,0.22702922,False
DEV_NORMAL_028,46,75,0.22159262,False
DEV_NORMAL_028,47,76,0.23114729,False
DEV_NORMAL_028,48,77,0.23278446,False
DEV_NORMAL_028,49,78,0.23717216,False
DEV_NORMAL_028,50,79,0.21621229,False
DEV_NORMAL_028,51,80,0.22847834,False
DEV_NORMAL_028,52,81,0.23884365,False
DEV_NORMAL_028,53,82,0.22115523,False
DEV_NORMAL_028,54,83,0.21832746,False
DEV_NORMAL_028,55,84,0.19955716,False
DEV_NORMAL_028,56,85,0.2043288,False
DEV_NORMAL_028,57,86,0.18614848,False
DEV_NORMAL_028,58,87,0.17319642,False
DEV_NORMAL_028,59,88,0.16967122,False
DEV_NORMAL_028,60,89,0.17575486,False
DEV_NORMAL_028,61,90,0.18032204,False
DEV_NORMAL_028,62,91,0.17701119,False
DEV_NORMAL_028,63,92,0.18538564,False
DEV_NORMAL_028,64,93,0.18890105,False
DEV_NORMAL_028,65,94,0.18421768,False
DEV_NORMAL_028,66,95,0.17506737,False
DEV_NORMAL_028,67,96,0.1711209,False
DEV_NORMAL_028,68,97,0.18316081,False
DEV_NORMAL_028,69,98,0.1801181,False
DEV_NORMAL_028,70,99,0.17765112,False
DEV_NORMAL_028,71,100,0.1846069,False
DEV_NORMAL_028,72,101,0.19281028,False
DEV_NORMAL_028,73,102,0.1831939,False
DEV_NORMAL_028,74,103,0.18793622,False
DEV_NORMAL_028,75,104,0.17859934,False
DEV_NORMAL_028,76,105,0.18288508,False
DEV_NORMAL_028,77,106,0.18981381,False
DEV_NORMAL_028,78,107,0.18967642,False
DEV_NORMAL_028,79,108,0.18918991,False
DEV_NORMAL_028,80,109,0.1889068,False
DEV_NORMAL_028,81,110,0.1850468,False
DEV_NORMAL_028,82,111,0.1868378,False
DEV_NORMAL_028,83,112,0.19391868,False
DEV_NORMAL_028,84,113,0.18988205,False
DEV_NORMAL_028,85,114,0.197778,False
DEV_NORMAL_028,86,115,0.2019182,False
DEV_NORMAL_028,87,116,0.19923306,False
DEV_NORMAL_028,88,117,0.19992647,False
DEV_NORMAL_028,89,118,0.19562283,False
DEV_NORMAL_028,90,119,0.19413096,False
DEV_NORMAL_028,91,120,0.20033136,False
DEV_NORMAL_028,92,121,0.18684845,False
DEV_NORMAL_028,93,122,0.18933281,False
DEV_NORMAL_028,94,123,0.19487524,False
DEV_NORMAL_028,95,124,0.1746595,False
DEV_NORMAL_028,96,125,0.17303576,False
DEV_NORMAL_028,97,126,0.179909,False
DEV_NORMAL_028,98,127,0.19742066,False
DEV_NORMAL_028,99,128,0.19519486,False
DEV_NORMAL_028,100,129,0.19318031,False
DEV_NORMAL_028,101,130,0.18574108,False
DEV_NORMAL_028,102,131,0.20267159,False
DEV_NORMAL_028,103,132,0.21450335,False
DEV_NORMAL_028,104,133,0.2094048,False
DEV_NORMAL_028,105,134,0.21272214,False
DEV_NORMAL_028,106,135,0.21023838,False
DEV_NORMAL_028,107,136,0.19585988,False
DEV_NORMAL_028,108,137,0.19262643,False
DEV_NORMAL_028,109,138,0.20733471,False
DEV_NORMAL_028,110,139,0.20637608,False
DEV_NORMAL_028,111,140,0.20492703,False
DEV_NORMAL_028,112,141,0.19401468,False
DEV_NORMAL_028,113,142,0.20507328,False
DEV_NORMAL_028,114,143,0.19753002,False
DEV_NORMAL_028,115,144,0.20398591,False
DEV_NORMAL_028,116,145,0.21043777,False
DEV_NORMAL_028,117,146,0.22768374,False
DEV_NORMAL_028,118,147,0.23331496,False
DEV_NORMAL_028,119,148,0.23269299,False
DEV_NORMAL_028,120,149,0.23154332,False
DEV_NORMAL_028,121,150,0.24665633,False
DEV_NORMAL_028,122,151,0.25081396,False
DEV_NORMAL_028,123,152,0.24188043,False
DEV_NORMAL_028,124,153,0.25358716,False
DEV_NORMAL_028,125,154,0.25498146,False
DEV_NORMAL_028,126,155,0.2604866,False
DEV_NORMAL_028,127,156,0.23856796,False
DEV_NORMAL_028,128,157,0.2347942,False
DEV_NORMAL_028,129,158,0.22600894,False
DEV_NORMAL_028,130,159,0.22652976,False
DEV_NORMAL_028,131,160,0.215834,False
DEV_NORMAL_028,132,161,0.22213504,False
DEV_NORMAL_028,133,162,0.2215392,False
DEV_NORMAL_028,134,163,0.2214212,False
DEV_NORMAL_028,135,164,0.23032968,False
DEV_NORMAL_028,136,165,0.22702703,False
DEV_NORMAL_028,137,166,0.24732378,False
DEV_NORMAL_028,138,167,0.24268532,False
DEV_NORMAL_028,139,168,0.24522604,False
DEV_NORMAL_028,140,169,0.22996978,False
DEV_NORMAL_028,141,170,0.23645388,False
DEV_NORMAL_028,142,171,0.24102455,False
DEV_NORMAL_028,143,172,0.25089774,False
DEV_NORMAL_028,144,173,0.23671742,False
DEV_NORMAL_028,145,174,0.22916317,False
DEV_NORMAL_028,146,175,0.2238196,False
DEV_NORMAL_028,147,176,0.2354425,False
DEV_NORMAL_028,148,177,0.2164753,False
DEV_NORMAL_028,149,178,0.21584545,False
DEV_NORMAL_028,150,179,0.21428506,False
DEV_NORMAL_028,151,180,0.2222504,False
DEV_NORMAL_028,152,181,0.21541786,False
DEV_NORMAL_028,153,182,0.20971355,False
DEV_NORMAL_028,154,183,0.20796086,False
DEV_NORMAL_028,155,184,0.21355537,False
DEV_NORMAL_028,156,185,0.21152823,False
DEV_NORMAL_028,157,186,0.19642477,False
DEV_NORMAL_028,158,187,0.19724494,False
DEV_NORMAL_028,159,188,0.19643562,False
DEV_NORMAL_028,160,189,0.1962674,False
DEV_NORMAL_028,161,190,0.20060447,False
DEV_NORMAL_028,162,191,0.17774774,False
DEV_NORMAL_028,163,192,0.16859372,False
DEV_NORMAL_028,164,193,0.16356672,False
DEV_NORMAL_028,165,194,0.16626215,False
DEV_NORMAL_028,166,195,0.1621528,False
DEV_NORMAL_028,167,196,0.16935453,False
DEV_NORMAL_028,168,197,0.16674945,False
DEV_NORMAL_028,169,198,0.16785206,False
DEV_NORMAL_028,170,199,0.17284833,False
DEV_NORMAL_028,171,200,0.1628336,False
DEV_NORMAL_028,172,201,0.16376854,False
DEV_NORMAL_028,173,202,0.16693547,False
DEV_NORMAL_028,174,203,0.1599999,False
DEV_NORMAL_028,175,204,0.18174651,False
DEV_NORMAL_028,176,205,0.17629477,False
DEV_NORMAL_028,177,206,0.15647154,False
DEV_NORMAL_028,178,207,0.15154606,False
DEV_NORMAL_028,179,208,0.15445693,False
DEV_NORMAL_028,180,209,0.14381538,False
DEV_NORMAL_028,181,210,0.14677581,False
DEV_NORMAL_028,182,211,0.15229037,False
DEV_NORMAL_028,183,212,0.15056285,False
DEV_NORMAL_028,184,213,0.16058594,False
DEV_NORMAL_028,185,214,0.17698921,False
DEV_NORMAL_028,186,215,0.17063951,False
DEV_NORMAL_028,187,216,0.16650148,False
DEV_NORMAL_028,188,217,0.17081743,False
DEV_NORMAL_028,189,218,0.16683607,False
DEV_NORMAL_028,190,219,0.16823865,False
DEV_NORMAL_028,191,220,0.18600853,False
DEV_NORMAL_028,192,221,0.17551838,False
DEV_NORMAL_028,193,222,0.17389216,False
DEV_NORMAL_028,194,223,0.17476395,False
DEV_NORMAL_028,195,224,0.18536724,False
DEV_NORMAL_028,196,225,0.19353946,False
DEV_NORMAL_028,197,226,0.19470733,False
DEV_NORMAL_028,198,227,0.1856086,False
DEV_NORMAL_028,199,228,0.19987708,False
DEV_NORMAL_028,200,229,0.2105123,False
DEV_NORMAL_028,201,230,0.19672595,False
DEV_NORMAL_028,202,231,0.18492396,False
DEV_NORMAL_028,203,232,0.19299085,False
DEV_NORMAL_028,204,233,0.18391918,False
DEV_NORMAL_028,205,234,0.18721007,False
DEV_NORMAL_028,206,235,0.20714706,False
DEV_NORMAL_028,207,236,0.20953271,False
DEV_NORMAL_028,208,237,0.20870318,False
DEV_NORMAL_028,209,238,0.20803009,False
DEV_NORMAL_028,210,239,0.19015221,False
DEV_NORMAL_028,211,240,0.19701941,False
DEV_NORMAL_028,212,241,0.18968554,False
DEV_NORMAL_028,213,242,0.19134822,False
DEV_NORMAL_028,214,243,0.20014232,False
DEV_NORMAL_028,215,244,0.20253532,False
DEV_NORMAL_028,216,245,0.19716881,False
DEV_NORMAL_028,217,246,0.2010015,False
DEV_NORMAL_028,218,247,0.21340424,False
DEV_NORMAL_028,219,248,0.20170829,False
DEV_NORMAL_028,220,249,0.18308048,False
DEV_NORMAL_028,221,250,0.19260699,False
DEV_NORMAL_028,222,251,0.17694692,False
DEV_NORMAL_028,223,252,0.18568532,False
DEV_NORMAL_028,224,253,0.19276235,False
DEV_NORMAL_028,225,254,0.19648495,False
DEV_NORMAL_028,226,255,0.18183479,False
DEV_NORMAL_028,227,256,0.20109317,False
DEV_NORMAL_028,228,257,0.21268441,False
DEV_NORMAL_028,229,258,0.22054614,False
DEV_NORMAL_028,230,259,0.21557434,False
DEV_NORMAL_028,231,260,0.22271675,False
DEV_NORMAL_028,232,261,0.23986834,False
DEV_NORMAL_028,233,262,0.23953557,False
DEV_NORMAL_028,234,263,0.24247885,False
DEV_NORMAL_028,235,264,0.23843963,False
DEV_NORMAL_028,236,265,0.24796501,False
DEV_NORMAL_028,237,266,0.24748841,False
DEV_NORMAL_028,238,267,0.2470196,False
DEV_NORMAL_028,239,268,0.2590473,False
DEV_NORMAL_028,240,269,0.25473943,False
DEV_NORMAL_028,241,270,0.25094038,False
DEV_NORMAL_028,242,271,0.24479145,False
DEV_NORMAL_028,243,272,0.24745159,False
DEV_NORMAL_028,244,273,0.24265136,False
DEV_NORMAL_028,245,274,0.24113621,False
DEV_NORMAL_028,246,275,0.23511925,False
DEV_NORMAL_028,247,276,0.24657671,False
DEV_NORMAL_028,248,277,0.24111918,False
DEV_NORMAL_028,249,278,0.25466317,False
DEV_NORMAL_028,250,279,0.26667145,False
DEV_NORMAL_028,251,280,0.27182606,False
DEV_NORMAL_028,252,281,0.2741823,False
DEV_NORMAL_028,253,282,0.24138077,False
DEV_NORMAL_028,254,283,0.25783953,False
DEV_NORMAL_028,255,284,0.23673458,False
DEV_NORMAL_028,256,285,0.23682928,False
DEV_NORMAL_028,257,286,0.22237097,False
DEV_NORMAL_028,258,287,0.21468432,False
DEV_NORMAL_028,259,288,0.19134998,False
DEV_NORMAL_028,260,289,0.19945922,False
DEV_NORMAL_028,261,290,0.18385811,False
DEV_NORMAL_028,262,291,0.17098092,False
DEV_NORMAL_028,263,292,0.18164505,False
DEV_NORMAL_028,264,293,0.17749725,False
DEV_NORMAL_028,265,294,0.16557576,False
DEV_NORMAL_028,266,295,0.18214907,False
DEV_NORMAL_028,267,296,0.17237945,False
DEV_NORMAL_028,268,297,0.15881552,False
DEV_NORMAL_028,269,298,0.16673633,False
DEV_NORMAL_028,270,299,0.1694429,False
DEV_NORMAL_028,271,300,0.1837431,False
DEV_NORMAL_028,272,301,0.19590922,False
DEV_NORMAL_028,273,302,0.2079659,False
DEV_NORMAL_028,274,303,0.19569947,False
DEV_NORMAL_028,275,304,0.20459038,False
DEV_NORMAL_028,276,305,0.21407273,False
DEV_NORMAL_028,277,306,0.21887411,False
DEV_NORMAL_028,278,307,0.21042712,False
DEV_NORMAL_028,279,308,0.21077463,False
DEV_NORMAL_028,280,309,0.22439517,False
DEV_NORMAL_028,281,310,0.20802177,False
DEV_NORMAL_028,282,311,0.21485382,False
DEV_NORMAL_028,283,312,0.25006655,False
DEV_NORMAL_028,284,313,0.24267203,False
DEV_NORMAL_028,285,314,0.23227447,False
DEV_NORMAL_028,286,315,0.23227902,False
DEV_NORMAL_028,287,316,0.27963522,False
DEV_NORMAL_028,288,317,0.27463245,False
DEV_NORMAL_028,289,318,0.24879052,False
DEV_NORMAL_028,290,319,0.25164545,False
DEV_NORMAL_028,291,320,0.2549776,False
DEV_NORMAL_028,292,321,0.24685495,False
DEV_NORMAL_028,293,322,0.23892279,False
DEV_NORMAL_028,294,323,0.25228378,False
DEV_NORMAL_028,295,324,0.24009193,False
DEV_NORMAL_028,296,325,0.23168255,False
DEV_NORMAL_028,297,326,0.22111487,False
DEV_NORMAL_028,298,327,0.2300262,False
DEV_NORMAL_028,299,328,0.23331648,False
DEV_NORMAL_028,300,329,0.22166945,False
DEV_NORMAL_028,301,330,0.22250284,False
DEV_NORMAL_028,302,331,0.21090253,False
DEV_NORMAL_028,303,332,0.21463694,False
DEV_NORMAL_028,304,333,0.20737654,False
DEV_NORMAL_028,305,334,0.1965912,False
DEV_NORMAL_028,306,335,0.19103003,False
DEV_NORMAL_028,307,336,0.18582086,False
DEV_NORMAL_028,308,337,0.19701615,False
DEV_NORMAL_028,309,338,0.19148971,False
DEV_NORMAL_028,310,339,0.1889767,False
DEV_NORMAL_028,311,340,0.19118023,False
DEV_NORMAL_028,312,341,0.1838431,False
DEV_NORMAL_028,313,342,0.16088824,False
DEV_NORMAL_028,314,343,0.17691873,False
DEV_NORMAL_028,315,344,0.18015145,False
DEV_NORMAL_028,316,345,0.15750542,False
DEV_NORMAL_028,317,346,0.16062655,False
DEV_NORMAL_028,318,347,0.15675052,False
DEV_NORMAL_028,319,348,0.16889781,False
DEV_NORMAL_028,320,349,0.17938058,False
DEV_NORMAL_028,321,350,0.18697119,False
DEV_NORMAL_028,322,351,0.20962739,False
DEV_NORMAL_028,323,352,0.20483147,False
DEV_NORMAL_028,324,353,0.21540661,False
DEV_NORMAL_028,325,354,0.21011348,False
DEV_NORMAL_028,326,355,0.21166363,False
DEV_NORMAL_028,327,356,0.21831577,False
DEV_NORMAL_028,328,357,0.21065542,False
DEV_NORMAL_028,329,358,0.23973243,False
DEV_NORMAL_028,330,359,0.22908197,False
DEV_NORMAL_028,331,360,0.23096132,False
DEV_NORMAL_028,332,361,0.23668896,False
DEV_NORMAL_028,333,362,0.23099352,False
DEV_NORMAL_028,334,363,0.24574661,False
DEV_NORMAL_028,335,364,0.24884138,False
DEV_NORMAL_028,336,365,0.25072202,False
DEV_NORMAL_028,337,366,0.24609484,False
DEV_NORMAL_028,338,367,0.23674005,False
DEV_NORMAL_028,339,368,0.2400579,False
DEV_NORMAL_028,340,369,0.2372571,False
DEV_NORMAL_028,341,370,0.23198752,False
DEV_NORMAL_028,342,371,0.2508464,False
DEV_NORMAL_028,343,372,0.245158,False
DEV_NORMAL_028,344,373,0.24708886,False
DEV_NORMAL_028,345,374,0.25331667,False
DEV_NORMAL_028,346,375,0.2484507,False
DEV_NORMAL_028,347,376,0.24537274,False
DEV_NORMAL_028,348,377,0.22446363,False
DEV_NORMAL_028,349,378,0.20063464,False
DEV_NORMAL_028,350,379,0.21063922,False
DEV_NORMAL_028,351,380,0.21437052,False
DEV_NORMAL_028,352,381,0.23157325,False
DEV_NORMAL_028,353,382,0.21234526,False
DEV_NORMAL_028,354,383,0.20995416,False
DEV_NORMAL_028,355,384,0.21794933,False
DEV_NORMAL_028,356,385,0.20370175,False
DEV_NORMAL_028,357,386,0.21798302,False
DEV_NORMAL_028,358,387,0.22017242,False
DEV_NORMAL_028,359,388,0.23665762,False
DEV_NORMAL_028,360,389,0.22984384,False
DEV_NORMAL_028,361,390,0.22311573,False
DEV_NORMAL_028,362,391,0.22016668,False
DEV_NORMAL_028,363,392,0.22125308,False
DEV_NORMAL_028,364,393,0.22727104,False
DEV_NORMAL_028,365,394,0.24527118,False
DEV_NORMAL_028,366,395,0.24294046,False
DEV_NORMAL_028,367,396,0.24246797,False
DEV_NORMAL_028,368,397,0.2575606,False
DEV_NORMAL_028,369,398,0.24368681,False
DEV_NORMAL_028,370,399,0.23656376,False
DEV_NORMAL_028,371,400,0.23215443,False
DEV_NORMAL_028,372,401,0.24515271,False
DEV_NORMAL_028,373,402,0.24087773,False
DEV_NORMAL_028,374,403,0.23799035,False
DEV_NORMAL_028,375,404,0.23837206,False
DEV_NORMAL_028,376,405,0.22197047,False
DEV_NORMAL_028,377,406,0.25937042,False
DEV_NORMAL_028,378,407,0.27812073,False
DEV_NORMAL_028,379,408,0.27762872,False
DEV_NORMAL_028,380,409,0.2674518,False
DEV_NORMAL_028,381,410,0.28131792,False
DEV_NORMAL_028,382,411,0.29734406,True
DEV_NORMAL_028,383,412,0.31563842,True
DEV_NORMAL_028,384,413,0.29035872,False
DEV_NORMAL_028,385,414,0.2876666,False
DEV_NORMAL_028,386,415,0.27781695,False
DEV_NORMAL_028,387,416,0.2849565,False
DEV_NORMAL_028,388,417,0.2745002,False
DEV_NORMAL_028,389,418,0.25834152,False
DEV_NORMAL_028,390,419,0.27267078,False
DEV_NORMAL_028,391,420,0.27204412,False
DEV_NORMAL_028,392,421,0.28456038,False
DEV_NORMAL_028,393,422,0.2725865,False
DEV_NORMAL_028,394,423,0.2587836,False
DEV_NORMAL_028,395,424,0.25641307,False
DEV_NORMAL_028,396,425,0.24116904,False
DEV_NORMAL_028,397,426,0.24279314,False
DEV_NORMAL_028,398,427,0.24259932,False
DEV_NORMAL_028,399,428,0.23950839,False
DEV_NORMAL_028,400,429,0.23623562,False
DEV_NORMAL_028,401,430,0.2271549,False
DEV_NORMAL_028,402,431,0.23225585,False
DEV_NORMAL_028,403,432,0.23026136,False
DEV_NORMAL_028,404,433,0.23146005,False
DEV_NORMAL_028,405,434,0.22660321,False
DEV_NORMAL_028,406,435,0.2196862,False
DEV_NORMAL_028,407,436,0.20204549,False
DEV_NORMAL_028,408,437,0.20424731,False
DEV_NORMAL_028,409,438,0.20359811,False
DEV_NORMAL_028,410,439,0.19776765,False
DEV_NORMAL_028,411,440,0.18663777,False
DEV_NORMAL_028,412,441,0.16696933,False
DEV_NORMAL_028,413,442,0.1661163,False
DEV_NORMAL_028,414,443,0.16674964,False
DEV_NORMAL_028,415,444,0.16116503,False
DEV_NORMAL_028,416,445,0.16924319,False
DEV_NORMAL_028,417,446,0.17520936,False
DEV_NORMAL_028,418,447,0.17547646,False
DEV_NORMAL_028,419,448,0.15795001,False
DEV_NORMAL_028,420,449,0.16395572,False
DEV_NORMAL_028,421,450,0.16196264,False
DEV_NORMAL_028,422,451,0.17578529,False
DEV_NORMAL_028,423,452,0.17311674,False
DEV_NORMAL_028,424,453,0.1760026,False
DEV_NORMAL_028,425,454,0.16623272,False
DEV_NORMAL_028,426,455,0.18797351,False
DEV_NORMAL_028,427,456,0.19262682,False
DEV_NORMAL_028,428,457,0.20514861,False
DEV_NORMAL_028,429,458,0.21692505,False
DEV_NORMAL_028,430,459,0.22606048,False
DEV_NORMAL_028,431,460,0.22678131,False
DEV_NORMAL_028,432,461,0.23060636,False
DEV_NORMAL_028,433,462,0.22698617,False
DEV_NORMAL_028,434,463,0.20818393,False
DEV_NORMAL_028,435,464,0.20510952,False
DEV_NORMAL_028,436,465,0.2097276,False
DEV_NORMAL_028,437,466,0.20221259,False
DEV_NORMAL_028,438,467,0.21144818,False
DEV_NORMAL_028,439,468,0.22615643,False
DEV_NORMAL_028,440,469,0.21811098,False
DEV_NORMAL_028,441,470,0.21974547,False
DEV_NORMAL_028,442,471,0.21901591,False
DEV_NORMAL_028,443,472,0.21459611,False
DEV_NORMAL_028,444,473,0.23042364,False
DEV_NORMAL_028,445,474,0.23291442,False
DEV_NORMAL_028,446,475,0.22399119,False
DEV_NORMAL_028,447,476,0.22832054,False
DEV_NORMAL_028,448,477,0.24156465,False
DEV_NORMAL_028,449,478,0.25400642,False
DEV_NORMAL_028,450,479,0.23877448,False
DEV_NORMAL_028,451,480,0.24193674,False
DEV_NORMAL_028,452,481,0.25170735,False
DEV_NORMAL_028,453,482,0.23257841,False
DEV_NORMAL_028,454,483,0.24332221,False
DEV_NORMAL_028,455,484,0.23466416,False
DEV_NORMAL_028,456,485,0.23234925,False
DEV_NORMAL_028,457,486,0.22720242,False
DEV_NORMAL_028,458,487,0.20804925,False
DEV_NORMAL_028,459,488,0.2131806,False
DEV_NORMAL_028,460,489,0.2352014,False
DEV_NORMAL_028,461,490,0.2399548,False
DEV_NORMAL_028,462,491,0.2408343,False
DEV_NORMAL_028,463,492,0.24946855,False
DEV_NORMAL_028,464,493,0.24439463,False
DEV_NORMAL_028,465,494,0.2670615,False
DEV_NORMAL_028,466,495,0.28957406,False
DEV_NORMAL_028,467,496,0.2985119,True
DEV_NORMAL_028,468,497,0.28392488,False
DEV_NORMAL_028,469,498,0.2863484,False
DEV_NORMAL_028,470,499,0.29077655,False
DEV_NORMAL_028,471,500,0.2857334,False
DEV_NORMAL_028,472,501,0.2904778,False
DEV_NORMAL_028,473,502,0.28743216,False
DEV_NORMAL_028,474,503,0.2842371,False
DEV_NORMAL_028,475,504,0.2913377,True
DEV_NORMAL_028,476,505,0.3053891,True
DEV_NORMAL_028,477,506,0.2763503,False
DEV_NORMAL_028,478,507,0.27754638,False
DEV_NORMAL_028,479,508,0.27113202,False
DEV_NORMAL_028,480,509,0.25733203,False
DEV_NORMAL_028,481,510,0.26610866,False
DEV_NORMAL_028,482,511,0.27555045,False
DEV_NORMAL_028,483,512,0.2900775,False
DEV_NORMAL_028,484,513,0.27930173,False
DEV_NORMAL_028,485,514,0.29069692,False
DEV_NORMAL_028,486,515,0.30230033,True
DEV_NORMAL_028,487,516,0.31073526,True
DEV_NORMAL_028,488,517,0.30238825,True
DEV_NORMAL_028,489,518,0.29686585,True
DEV_NORMAL_028,490,519,0.30525404,True
DEV_NORMAL_028,491,520,0.30379036,True
DEV_NORMAL_028,492,521,0.28967482,False
DEV_NORMAL_028,493,522,0.30298418,True
DEV_NORMAL_028,494,523,0.26923135,False
DEV_NORMAL_028,495,524,0.28782696,False
DEV_NORMAL_028,496,525,0.2829343,False
DEV_NORMAL_028,497,526,0.2945038,True
DEV_NORMAL_028,498,527,0.31630906,True
DEV_NORMAL_028,499,528,0.30878595,True
DEV_NORMAL_028,500,529,0.28849623,False
DEV_NORMAL_028,501,530,0.29655254,True
DEV_NORMAL_028,502,531,0.29821312,True
DEV_NORMAL_028,503,532,0.2881155,False
DEV_NORMAL_028,504,533,0.2753925,False
DEV_NORMAL_028,505,534,0.2772149,False
DEV_NORMAL_028,506,535,0.26484668,False
DEV_NORMAL_028,507,536,0.28051674,False
DEV_NORMAL_028,508,537,0.2697689,False
DEV_NORMAL_028,509,538,0.27080625,False
DEV_NORMAL_028,510,539,0.2761902,False
DEV_NORMAL_028,511,540,0.27642247,False
DEV_NORMAL_028,512,541,0.27881733,False
DEV_NORMAL_028,513,542,0.27514556,False
DEV_NORMAL_028,514,543,0.2507498,False
DEV_NORMAL_028,515,544,0.23583207,False
DEV_NORMAL_028,516,545,0.23396161,False
DEV_NORMAL_028,517,546,0.22992152,False
DEV_NORMAL_028,518,547,0.22766326,False
DEV_NORMAL_028,519,548,0.1976833,False
DEV_NORMAL_028,520,549,0.1986859,False
DEV_NORMAL_028,521,550,0.19589566,False
DEV_NORMAL_028,522,551,0.20760423,False
DEV_NORMAL_028,523,552,0.2095779,False
DEV_NORMAL_028,524,553,0.2035757,False
DEV_NORMAL_028,525,554,0.19000241,False
DEV_NORMAL_028,526,555,0.18847777,False
DEV_NORMAL_028,527,556,0.17711666,False
DEV_NORMAL_028,528,557,0.16369575,False
DEV_NORMAL_028,529,558,0.16216183,False
DEV_NORMAL_028,530,559,0.17613725,False
DEV_NORMAL_028,531,560,0.18632212,False
DEV_NORMAL_028,532,561,0.18262269,False
DEV_NORMAL_028,533,562,0.19079043,False
DEV_NORMAL_028,534,563,0.1926281,False
DEV_NORMAL_028,535,564,0.19667728,False
DEV_NORMAL_028,536,565,0.21366192,False
DEV_NORMAL_028,537,566,0.20947665,False
DEV_NORMAL_028,538,567,0.2079486,False
DEV_NORMAL_028,539,568,0.21292847,False
DEV_NORMAL_028,540,569,0.21831292,False
DEV_NORMAL_028,541,570,0.2089283,False
DEV_NORMAL_028,542,571,0.19939893,False
DEV_NORMAL_028,543,572,0.18832394,False
DEV_NORMAL_028,544,573,0.20528717,False
DEV_NORMAL_028,545,574,0.2130935,False
DEV_NORMAL_028,546,575,0.21511509,False
DEV_NORMAL_028,547,576,0.19356792,False
DEV_NORMAL_028,548,577,0.20963503,False
DEV_NORMAL_028,549,578,0.19419909,False
DEV_NORMAL_028,550,579,0.19199961,False
DEV_NORMAL_028,551,580,0.1891601,False
DEV_NORMAL_028,552,581,0.20010084,False
DEV_NORMAL_028,553,582,0.21791008,False
DEV_NORMAL_028,554,583,0.2089255,False
DEV_NORMAL_028,555,584,0.21566541,False
DEV_NORMAL_028,556,585,0.21249142,False
DEV_NORMAL_028,557,586,0.20816769,False
DEV_NORMAL_028,558,587,0.20799388,False
DEV_NORMAL_028,559,588,0.21287209,False
DEV_NORMAL_028,560,589,0.21208382,False
DEV_NORMAL_028,561,590,0.21274583,False
DEV_NORMAL_028,562,591,0.23040476,False
DEV_NORMAL_028,563,592,0.22351904,False
DEV_NORMAL_028,564,593,0.23250672,False
DEV_NORMAL_028,565,594,0.26578125,False
DEV_NORMAL_028,566,595,0.25449696,False
DEV_NORMAL_028,567,596,0.29188728,True
DEV_NORMAL_028,568,597,0.2773971,False
DEV_NORMAL_028,569,598,0.28977636,False
DEV_NORMAL_028,570,599,0.2898791,False
DEV_NORMAL_028,571,600,0.29545495,True
DEV_NORMAL_028,572,601,0.29663506,True
DEV_NORMAL_028,573,602,0.29352906,True
DEV_NORMAL_028,574,603,0.29080465,False
DEV_NORMAL_028,575,604,0.30502567,True
DEV_NORMAL_028,576,605,0.30927166,True
DEV_NORMAL_028,577,606,0.31025288,True
DEV_NORMAL_028,578,607,0.32305902,True
DEV_NORMAL_028,579,608,0.3125162,True
DEV_NORMAL_028,580,609,0.30744082,True
DEV_NORMAL_028,581,610,0.30567124,True
DEV_NORMAL_028,582,611,0.29661098,True
DEV_NORMAL_028,583,612,0.2987304,True
DEV_NORMAL_028,584,613,0.29754692,True
DEV_NORMAL_028,585,614,0.2811139,False
DEV_NORMAL_028,586,615,0.29099482,False
DEV_NORMAL_028,587,616,0.2765778,False
DEV_NORMAL_028,588,617,0.27802163,False
DEV_NORMAL_028,589,618,0.2876801,False
DEV_NORMAL_028,590,619,0.2913926,True
DEV_NORMAL_028,591,620,0.2705077,False
DEV_NORMAL_028,592,621,0.2715148,False
DEV_NORMAL_028,593,622,0.27978078,False
DEV_NORMAL_028,594,623,0.22654833,False
DEV_NORMAL_028,595,624,0.24046561,False
DEV_NORMAL_028,596,625,0.23658945,False
DEV_NORMAL_028,597,626,0.22320452,False
DEV_NORMAL_028,598,627,0.22932865,False
DEV_NORMAL_028,599,628,0.24874271,False
DEV_NORMAL_028,600,629,0.22107458,False
DEV_NORMAL_028,601,630,0.21817487,False
DEV_NORMAL_028,602,631,0.21766166,False
DEV_NORMAL_028,603,632,0.21908545,False
DEV_NORMAL_028,604,633,0.19472145,False
DEV_NORMAL_028,605,634,0.20853977,False
DEV_NORMAL_028,606,635,0.20851533,False
DEV_NORMAL_028,607,636,0.20713368,False
DEV_NORMAL_028,608,637,0.21524543,False
DEV_NORMAL_028,609,638,0.2167195,False
DEV_NORMAL_028,610,639,0.2026435,False
DEV_NORMAL_028,611,640,0.19634837,False
DEV_NORMAL_028,612,641,0.18624687,False
DEV_NORMAL_028,613,642,0.20088473,False
DEV_NORMAL_028,614,643,0.2113109,False
DEV_NORMAL_028,615,644,0.20994934,False
DEV_NORMAL_028,616,645,0.20805305,False
DEV_NORMAL_028,617,646,0.21027736,False
DEV_NORMAL_028,618,647,0.20740338,False
DEV_NORMAL_028,619,648,0.2077749,False
DEV_NORMAL_028,620,649,0.1942496,False
DEV_NORMAL_028,621,650,0.18320279,False
DEV_NORMAL_028,622,651,0.19501784,False
DEV_NORMAL_028,623,652,0.18927874,False
DEV_NORMAL_028,624,653,0.1757371,False
DEV_NORMAL_028,625,654,0.18923204,False
DEV_NORMAL_028,626,655,0.19818603,False
DEV_NORMAL_028,627,656,0.18223427,False
DEV_NORMAL_028,628,657,0.18765195,False
DEV_NORMAL_028,629,658,0.18600807,False
DEV_NORMAL_028,630,659,0.19810815,False
DEV_NORMAL_028,631,660,0.19892322,False
DEV_NORMAL_028,632,661,0.2202968,False
DEV_NORMAL_028,633,662,0.20743297,False
DEV_NORMAL_028,634,663,0.19590704,False
DEV_NORMAL_028,635,664,0.19094057,False
DEV_NORMAL_028,636,665,0.19465803,False
DEV_NORMAL_028,637,666,0.19156437,False
DEV_NORMAL_028,638,667,0.18932478,False
DEV_NORMAL_028,639,668,0.19386704,False
DEV_NORMAL_028,640,669,0.20104714,False
DEV_NORMAL_028,641,670,0.20170113,False
DEV_NORMAL_028,642,671,0.20939723,False
DEV_NORMAL_028,643,672,0.19536495,False
DEV_NORMAL_028,644,673,0.18613091,False
DEV_NORMAL_028,645,674,0.18316483,False
DEV_NORMAL_028,646,675,0.19318582,False
DEV_NORMAL_028,647,676,0.19901444,False
DEV_NORMAL_028,648,677,0.20071001,False
DEV_NORMAL_028,649,678,0.19247627,False
DEV_NORMAL_028,650,679,0.20720097,False
DEV_NORMAL_028,651,680,0.20258348,False
DEV_NORMAL_028,652,681,0.20164347,False
DEV_NORMAL_028,653,682,0.19420357,False
DEV_NORMAL_028,654,683,0.2049428,False
DEV_NORMAL_028,655,684,0.19955845,False
DEV_NORMAL_028,656,685,0.2145449,False
DEV_NORMAL_028,657,686,0.20926072,False
DEV_NORMAL_028,658,687,0.20203413,False
DEV_NORMAL_028,659,688,0.19378382,False
DEV_NORMAL_028,660,689,0.18223405,False
DEV_NORMAL_028,661,690,0.19275333,False
DEV_NORMAL_028,662,691,0.2086574,False
DEV_NORMAL_028,663,692,0.20139545,False
DEV_NORMAL_028,664,693,0.19986032,False
DEV_NORMAL_028,665,694,0.20710255,False
DEV_NORMAL_028,666,695,0.2172623,False
DEV_NORMAL_028,667,696,0.22591956,False
DEV_NORMAL_028,668,697,0.22911523,False
DEV_NORMAL_028,669,698,0.22995672,False
DEV_NORMAL_028,670,699,0.22101173,False
DEV_NORMAL_028,671,700,0.21200772,False
DEV_NORMAL_028,672,701,0.21363351,False
DEV_NORMAL_028,673,702,0.22865508,False
DEV_NORMAL_028,674,703,0.26155952,False
DEV_NORMAL_028,675,704,0.25481772,False
DEV_NORMAL_028,676,705,0.23374857,False
DEV_NORMAL_028,677,706,0.25076467,False
DEV_NORMAL_028,678,707,0.25347194,False
DEV_NORMAL_028,679,708,0.24211907,False
DEV_NORMAL_028,680,709,0.2428066,False
DEV_NORMAL_028,681,710,0.25398073,False
DEV_NORMAL_028,682,711,0.24720815,False
DEV_NORMAL_028,683,712,0.2602591,False
DEV_NORMAL_028,684,713,0.25501344,False
DEV_NORMAL_028,685,714,0.24424,False
DEV_NORMAL_028,686,715,0.22950864,False
DEV_NORMAL_028,687,716,0.243116,False
DEV_NORMAL_028,688,717,0.2538703,False
DEV_NORMAL_028,689,718,0.24550109,False
DEV_NORMAL_028,690,719,0.23754437,False
DEV_NORMAL_028,691,720,0.23171768,False
DEV_NORMAL_028,692,721,0.23711091,False
DEV_NORMAL_028,693,722,0.23802549,False
DEV_NORMAL_028,694,723,0.23216438,False
DEV_NORMAL_028,695,724,0.23237829,False
DEV_NORMAL_028,696,725,0.22128041,False
DEV_NORMAL_028,697,726,0.23686652,False
DEV_NORMAL_028,698,727,0.22719882,False
DEV_NORMAL_028,699,728,0.22293958,False
DEV_NORMAL_028,700,729,0.23194583,False
DEV_NORMAL_028,701,730,0.223434,False
DEV_NORMAL_028,702,731,0.21171898,False
DEV_NORMAL_028,703,732,0.18869512,False
DEV_NORMAL_028,704,733,0.19412293,False
DEV_NORMAL_028,705,734,0.19831517,False
DEV_NORMAL_028,706,735,0.19733085,False
DEV_NORMAL_028,707,736,0.2135623,False
DEV_NORMAL_028,708,737,0.25094217,False
DEV_NORMAL_028,709,738,0.28923017,False
DEV_NORMAL_028,710,739,0.283277,False
DEV_NORMAL_028,711,740,0.29155546,True
DEV_NORMAL_028,712,741,0.28872,False
DEV_NORMAL_028,713,742,0.2940654,True
DEV_NORMAL_028,714,743,0.32220984,True
DEV_NORMAL_028,715,744,0.3402743,True
DEV_NORMAL_028,716,745,0.33148316,True
DEV_NORMAL_028,717,746,0.3271728,True
DEV_NORMAL_028,718,747,0.32393843,True
DEV_NORMAL_028,719,748,0.3410538,True
DEV_NORMAL_028,720,749,0.32648367,True
DEV_NORMAL_028,721,750,0.33511734,True
DEV_NORMAL_028,722,751,0.33436728,True
DEV_NORMAL_028,723,752,0.3293748,True
DEV_NORMAL_028,724,753,0.33575854,True
DEV_NORMAL_028,725,754,0.3391395,True
DEV_NORMAL_028,726,755,0.31615117,True
DEV_NORMAL_028,727,756,0.30997962,True
DEV_NORMAL_028,728,757,0.3142854,True
DEV_NORMAL_028,729,758,0.3295961,True
DEV_NORMAL_028,730,759,0.33062392,True
DEV_NORMAL_028,731,760,0.32214233,True
DEV_NORMAL_028,732,761,0.31905538,True
DEV_NORMAL_028,733,762,0.2952062,True
DEV_NORMAL_028,734,763,0.30876935,True
DEV_NORMAL_028,735,764,0.27069747,False
DEV_NORMAL_028,736,765,0.27458307,False
DEV_NORMAL_028,737,766,0.2369025,False
DEV_NORMAL_028,738,767,0.2242539,False
DEV_NORMAL_028,739,768,0.23402259,False
DEV_NORMAL_028,740,769,0.22139898,False
DEV_NORMAL_028,741,770,0.23022385,False
DEV_NORMAL_028,742,771,0.20943615,False
DEV_NORMAL_028,743,772,0.17031415,False
DEV_NORMAL_028,744,773,0.1731507,False
DEV_NORMAL_028,745,774,0.17159796,False
DEV_NORMAL_028,746,775,0.18055369,False
DEV_NORMAL_028,747,776,0.18330875,False
DEV_NORMAL_028,748,777,0.18683133,False
DEV_NORMAL_028,749,778,0.1826786,False
DEV_NORMAL_028,750,779,0.1823296,False
DEV_NORMAL_028,751,780,0.19585584,False
DEV_NORMAL_028,752,781,0.19425221,False
DEV_NORMAL_028,753,782,0.19317144,False
DEV_NORMAL_028,754,783,0.19474958,False
DEV_NORMAL_028,755,784,0.17914648,False
DEV_NORMAL_028,756,785,0.1878008,False
DEV_NORMAL_028,757,786,0.19292164,False
DEV_NORMAL_028,758,787,0.18955247,False
DEV_NORMAL_028,759,788,0.18432818,False
DEV_NORMAL_028,760,789,0.18293788,False
DEV_NORMAL_028,761,790,0.18801212,False
DEV_NORMAL_028,762,791,0.188729,False
DEV_NORMAL_028,763,792,0.19965442,False
DEV_NORMAL_028,764,793,0.20047046,False
DEV_NORMAL_028,765,794,0.18978025,False
DEV_NORMAL_028,766,795,0.19664994,False
DEV_NORMAL_028,767,796,0.21380486,False
DEV_NORMAL_028,768,797,0.2165759,False
DEV_NORMAL_028,769,798,0.21350734,False
DEV_NORMAL_028,770,799,0.22313556,False
DEV_NORMAL_028,771,800,0.20725197,False
DEV_NORMAL_028,772,801,0.22184433,False
DEV_NORMAL_028,773,802,0.22107361,False
DEV_NORMAL_028,774,803,0.22870442,False
DEV_NORMAL_028,775,804,0.22020258,False
DEV_NORMAL_028,776,805,0.21192357,False
DEV_NORMAL_028,777,806,0.22463894,False
DEV_NORMAL_028,778,807,0.21892406,False
DEV_NORMAL_028,779,808,0.22981972,False
DEV_NORMAL_028,780,809,0.2181795,False
DEV_NORMAL_028,781,810,0.23474942,False
DEV_NORMAL_028,782,811,0.24075608,False
DEV_NORMAL_028,783,812,0.2599982,False
DEV_NORMAL_028,784,813,0.26999825,False
DEV_NORMAL_028,785,814,0.27453825,False
DEV_NORMAL_028,786,815,0.26880106,False
DEV_NORMAL_028,787,816,0.2770367,False
DEV_NORMAL_028,788,817,0.26375562,False
DEV_NORMAL_028,789,818,0.24631925,False
DEV_NORMAL_028,790,819,0.2626762,False
DEV_NORMAL_028,791,820,0.26774022,False
DEV_NORMAL_028,792,821,0.2579109,False
DEV_NORMAL_028,793,822,0.26680818,False
DEV_NORMAL_028,794,823,0.26710555,False
DEV_NORMAL_028,795,824,0.25660273,False
DEV_NORMAL_028,796,825,0.22757427,False
DEV_NORMAL_028,797,826,0.24255148,False
DEV_NORMAL_028,798,827,0.24134956,False
DEV_NORMAL_028,799,828,0.23648593,False
DEV_NORMAL_028,800,829,0.2300678,False
DEV_NORMAL_028,801,830,0.22187,False
DEV_NORMAL_028,802,831,0.24222475,False
DEV_NORMAL_028,803,832,0.23770913,False
DEV_NORMAL_028,804,833,0.22371374,False
DEV_NORMAL_028,805,834,0.22395582,False
DEV_NORMAL_028,806,835,0.21808271,False
DEV_NORMAL_028,807,836,0.2116689,False
DEV_NORMAL_028,808,837,0.21179105,False
DEV_NORMAL_028,809,838,0.20715123,False
DEV_NORMAL_028,810,839,0.18169883,False
DEV_NORMAL_028,811,840,0.17591469,False
DEV_NORMAL_028,812,841,0.17315374,False
DEV_NORMAL_028,813,842,0.17091027,False
DEV_NORMAL_028,814,843,0.171233,False
DEV_NORMAL_028,815,844,0.17278288,False
DEV_NORMAL_028,816,845,0.17167243,False
DEV_NORMAL_028,817,846,0.18139985,False
DEV_NORMAL_028,818,847,0.1701973,False
DEV_NORMAL_028,819,848,0.17424105,False
DEV_NORMAL_028,820,849,0.17105754,False
DEV_NORMAL_028,821,850,0.1703568,False
DEV_NORMAL_028,822,851,0.16973932,False
DEV_NORMAL_028,823,852,0.16580425,False
DEV_NORMAL_028,824,853,0.17833662,False
DEV_NORMAL_028,825,854,0.18811552,False
DEV_NORMAL_028,826,855,0.20020714,False
DEV_NORMAL_028,827,856,0.20187823,False
DEV_NORMAL_028,828,857,0.1892754,False
DEV_NORMAL_028,829,858,0.17636554,False
DEV_NORMAL_028,830,859,0.18883805,False
DEV_NORMAL_028,831,860,0.18527435,False
DEV_NORMAL_028,832,861,0.18474886,False
DEV_NORMAL_028,833,862,0.17755051,False
DEV_NORMAL_028,834,863,0.17065404,False
DEV_NORMAL_028,835,864,0.19334297,False
DEV_NORMAL_028,836,865,0.19162038,False
DEV_NORMAL_028,837,866,0.19985439,False
DEV_NORMAL_028,838,867,0.19573914,False
DEV_NORMAL_028,839,868,0.19618663,False
DEV_NORMAL_028,840,869,0.21967843,False
DEV_NORMAL_028,841,870,0.2517393,False
DEV_NORMAL_028,842,871,0.26959172,False
DEV_NORMAL_028,843,872,0.28091496,False
DEV_NORMAL_028,844,873,0.2743797,False
DEV_NORMAL_028,845,874,0.2812103,False
DEV_NORMAL_028,846,875,0.297904,True
DEV_NORMAL_028,847,876,0.30294502,True
DEV_NORMAL_028,848,877,0.29410887,True
DEV_NORMAL_028,849,878,0.29378924,True
DEV_NORMAL_028,850,879,0.3010518,True
DEV_NORMAL_028,851,880,0.28278127,False
DEV_NORMAL_028,852,881,0.29981223,True
DEV_NORMAL_028,853,882,0.27724898,False
DEV_NORMAL_028,854,883,0.26819402,False
DEV_NORMAL_028,855,884,0.26366916,False
DEV_NORMAL_028,856,885,0.27062857,False
DEV_NORMAL_028,857,886,0.29178655,True
DEV_NORMAL_028,858,887,0.27733237,False
DEV_NORMAL_028,859,888,0.28997624,False
DEV_NORMAL_028,860,889,0.29538056,True
DEV_NORMAL_028,861,890,0.2957795,True
DEV_NORMAL_028,862,891,0.31600955,True
DEV_NORMAL_028,863,892,0.3233525,True
DEV_NORMAL_028,864,893,0.3093923,True
DEV_NORMAL_028,865,894,0.2861166,False
DEV_NORMAL_028,866,895,0.2891794,False
DEV_NORMAL_028,867,896,0.29592645,True
DEV_NORMAL_028,868,897,0.25783512,False
DEV_NORMAL_028,869,898,0.2373244,False
DEV_NORMAL_028,870,899,0.23351577,False
DEV_NORMAL_028,871,900,0.23183663,False
DEV_NORMAL_028,872,901,0.23583044,False
DEV_NORMAL_028,873,902,0.21296333,False
DEV_NORMAL_028,874,903,0.22708006,False
DEV_NORMAL_028,875,904,0.21676715,False
DEV_NORMAL_028,876,905,0.21785678,False
DEV_NORMAL_028,877,906,0.22947435,False
DEV_NORMAL_028,878,907,0.22301947,False
DEV_NORMAL_028,879,908,0.22691002,False
DEV_NORMAL_028,880,909,0.22707158,False
DEV_NORMAL_028,881,910,0.21251562,False
DEV_NORMAL_028,882,911,0.2146499,False
DEV_NORMAL_028,883,912,0.21502618,False
DEV_NORMAL_028,884,913,0.20992805,False
DEV_NORMAL_028,885,914,0.2186705,False
DEV_NORMAL_028,886,915,0.21012397,False
DEV_NORMAL_028,887,916,0.20864372,False
DEV_NORMAL_028,888,917,0.21221389,False
DEV_NORMAL_028,889,918,0.20380351,False
DEV_NORMAL_028,890,919,0.17924081,False
DEV_NORMAL_028,891,920,0.18477131,False
DEV_NORMAL_028,892,921,0.19375582,False
DEV_NORMAL_028,893,922,0.17628075,False
DEV_NORMAL_028,894,923,0.1768039,False
DEV_NORMAL_028,895,924,0.1824157,False
DEV_NORMAL_028,896,925,0.17847458,False
DEV_NORMAL_028,897,926,0.17991638,False
DEV_NORMAL_028,898,927,0.19680212,False
DEV_NORMAL_028,899,928,0.19775873,False
DEV_NORMAL_028,900,929,0.19953366,False
DEV_NORMAL_028,901,930,0.20167564,False
DEV_NORMAL_028,902,931,0.19368568,False
DEV_NORMAL_028,903,932,0.18503977,False
DEV_NORMAL_028,904,933,0.18425117,False
DEV_NORMAL_028,905,934,0.19435911,False
DEV_NORMAL_028,906,935,0.18998395,False
DEV_NORMAL_028,907,936,0.19612274,False
DEV_NORMAL_028,908,937,0.20266104,False
DEV_NORMAL_028,909,938,0.19141708,False
DEV_NORMAL_028,910,939,0.17849305,False
DEV_NORMAL_028,911,940,0.18492308,False
DEV_NORMAL_028,912,941,0.1732375,False
DEV_NORMAL_028,913,942,0.17843528,False
DEV_NORMAL_028,914,943,0.19449015,False
DEV_NORMAL_028,915,944,0.17722736,False
DEV_NORMAL_028,916,945,0.16029282,False
DEV_NORMAL_028,917,946,0.16485453,False
DEV_NORMAL_028,918,947,0.18160817,False
DEV_NORMAL_028,919,948,0.1744828,False
DEV_NORMAL_028,920,949,0.18545215,False
DEV_NORMAL_028,921,950,0.17456312,False
DEV_NORMAL_028,922,951,0.17395224,False
DEV_NORMAL_028,923,952,0.18669885,False
DEV_NORMAL_028,924,953,0.1552336,False
DEV_NORMAL_028,925,954,0.16106558,False
DEV_NORMAL_028,926,955,0.15857007,False
DEV_NORMAL_028,927,956,0.15814158,False
DEV_NORMAL_028,928,957,0.16844219,False
DEV_NORMAL_028,929,958,0.16041936,False
DEV_NORMAL_028,930,959,0.16275813,False
DEV_NORMAL_028,931,960,0.16358182,False
DEV_NORMAL_028,932,961,0.16933629,False
DEV_NORMAL_028,933,962,0.16841902,False
DEV_NORMAL_028,934,963,0.1603067,False
DEV_NORMAL_028,935,964,0.15966196,False
DEV_NORMAL_028,936,965,0.16426136,False
DEV_NORMAL_028,937,966,0.17584744,False
DEV_NORMAL_028,938,967,0.17716834,False
DEV_NORMAL_028,939,968,0.18377562,False
DEV_NORMAL_028,940,969,0.18660781,False
DEV_NORMAL_028,941,970,0.19569285,False
DEV_NORMAL_028,942,971,0.22656699,False
DEV_NORMAL_028,943,972,0.225282,False
DEV_NORMAL_028,944,973,0.22024289,False
DEV_NORMAL_028,945,974,0.22963387,False
DEV_NORMAL_028,946,975,0.22841333,False
DEV_NORMAL_028,947,976,0.2407755,False
DEV_NORMAL_028,948,977,0.23512891,False
DEV_NORMAL_028,949,978,0.22330226,False
DEV_NORMAL_028,950,979,0.22307603,False
DEV_NORMAL_028,951,980,0.22867401,False
DEV_NORMAL_028,952,981,0.24606457,False
DEV_NORMAL_028,953,982,0.2514041,False
DEV_NORMAL_028,954,983,0.25759938,False
DEV_NORMAL_028,955,984,0.26117817,False
DEV_NORMAL_028,956,985,0.27503335,False
DEV_NORMAL_028,957,986,0.27051312,False
DEV_NORMAL_028,958,987,0.270852,False
DEV_NORMAL_028,959,988,0.27411836,False
DEV_NORMAL_028,960,989,0.25634122,False
DEV_NORMAL_028,961,990,0.26143107,False
DEV_NORMAL_028,962,991,0.25718635,False
DEV_NORMAL_028,963,992,0.2585565,False
DEV_NORMAL_028,964,993,0.25631747,False
DEV_NORMAL_028,965,994,0.26159543,False
DEV_NORMAL_028,966,995,0.2611496,False
DEV_NORMAL_028,967,996,0.24953365,False
DEV_NORMAL_028,968,997,0.24661896,False
DEV_NORMAL_028,969,998,0.2320983,False
DEV_NORMAL_028,970,999,0.23707928,False
DEV_NORMAL_028,971,1000,0.19675699,False
DEV_NORMAL_028,972,1001,0.19786146,False
DEV_NORMAL_028,973,1002,0.20638084,False
DEV_NORMAL_028,974,1003,0.20042937,False
DEV_NORMAL_028,975,1004,0.20244735,False
DEV_NORMAL_028,976,1005,0.2095438,False
DEV_NORMAL_028,977,1006,0.20904304,False
DEV_NORMAL_028,978,1007,0.20284463,False
DEV_NORMAL_028,979,1008,0.19490167,False
DEV_NORMAL_028,980,1009,0.19873022,False
DEV_NORMAL_028,981,1010,0.19134516,False
DEV_NORMAL_028,982,1011,0.19158989,False
DEV_NORMAL_028,983,1012,0.19231202,False
DEV_NORMAL_028,984,1013,0.172185,False
DEV_NORMAL_028,985,1014,0.1718461,False
DEV_NORMAL_028,986,1015,0.15695381,False
DEV_NORMAL_028,987,1016,0.17127623,False
DEV_NORMAL_028,988,1017,0.17463496,False
DEV_NORMAL_028,989,1018,0.17890204,False
DEV_NORMAL_028,990,1019,0.17495841,False
DEV_NORMAL_028,991,1020,0.1809118,False
DEV_NORMAL_028,992,1021,0.17620836,False
DEV_NORMAL_028,993,1022,0.1683424,False
DEV_NORMAL_028,994,1023,0.15289646,False
DEV_NORMAL_028,995,1024,0.15713927,False
DEV_NORMAL_028,996,1025,0.16168879,False
DEV_NORMAL_028,997,1026,0.15918367,False
DEV_NORMAL_028,998,1027,0.15984821,False
DEV_NORMAL_028,999,1028,0.16752316,False
DEV_NORMAL_028,1000,1029,0.16782261,False
DEV_NORMAL_028,1001,1030,0.17109944,False
DEV_NORMAL_028,1002,1031,0.15258831,False
DEV_NORMAL_028,1003,1032,0.1560584,False
DEV_NORMAL_028,1004,1033,0.18136463,False
DEV_NORMAL_028,1005,1034,0.1755229,False
DEV_NORMAL_028,1006,1035,0.17928118,False
DEV_NORMAL_028,1007,1036,0.17695579,False
DEV_NORMAL_028,1008,1037,0.19112876,False
DEV_NORMAL_028,1009,1038,0.18791571,False
DEV_NORMAL_028,1010,1039,0.1817462,False
DEV_NORMAL_028,1011,1040,0.18317097,False
DEV_NORMAL_028,1012,1041,0.16730295,False
DEV_NORMAL_028,1013,1042,0.17895101,False
DEV_NORMAL_028,1014,1043,0.17153843,False
DEV_NORMAL_028,1015,1044,0.1695179,False
DEV_NORMAL_028,1016,1045,0.18027131,False
DEV_NORMAL_028,1017,1046,0.18039623,False
DEV_NORMAL_028,1018,1047,0.18449777,False
DEV_NORMAL_028,1019,1048,0.18621215,False
DEV_NORMAL_028,1020,1049,0.17278121,False
DEV_NORMAL_028,1021,1050,0.17450078,False
DEV_NORMAL_028,1022,1051,0.17496076,False
DEV_NORMAL_028,1023,1052,0.17675845,False
DEV_NORMAL_028,1024,1053,0.19973797,False
DEV_NORMAL_028,1025,1054,0.18998753,False
DEV_NORMAL_028,1026,1055,0.20010485,False
DEV_NORMAL_028,1027,1056,0.20160075,False
DEV_NORMAL_028,1028,1057,0.19918238,False
DEV_NORMAL_028,1029,1058,0.1884077,False
DEV_NORMAL_028,1030,1059,0.17169672,False
DEV_NORMAL_028,1031,1060,0.15923324,False
DEV_NORMAL_028,1032,1061,0.1613333,False
DEV_NORMAL_028,1033,1062,0.15193905,False
DEV_NORMAL_028,1034,1063,0.15888368,False
DEV_NORMAL_028,1035,1064,0.16085869,False
DEV_NORMAL_028,1036,1065,0.17839244,False
DEV_NORMAL_028,1037,1066,0.18450072,False
DEV_NORMAL_028,1038,1067,0.18982345,False
DEV_NORMAL_028,1039,1068,0.20252934,False
DEV_NORMAL_028,1040,1069,0.19108747,False
DEV_NORMAL_028,1041,1070,0.19726779,False
DEV_NORMAL_028,1042,1071,0.19772603,False
DEV_NORMAL_028,1043,1072,0.18465468,False
DEV_NORMAL_028,1044,1073,0.19416577,False
DEV_NORMAL_028,1045,1074,0.20159931,False
DEV_NORMAL_028,1046,1075,0.22250302,False
DEV_NORMAL_028,1047,1076,0.22905669,False
DEV_NORMAL_028,1048,1077,0.24740182,False
DEV_NORMAL_028,1049,1078,0.25634202,False
DEV_NORMAL_028,1050,1079,0.2623552,False
DEV_NORMAL_028,1051,1080,0.25912738,False
DEV_NORMAL_028,1052,1081,0.25498894,False
DEV_NORMAL_028,1053,1082,0.26771927,False
DEV_NORMAL_028,1054,1083,0.26375252,False
DEV_NORMAL_028,1055,1084,0.25603294,False
DEV_NORMAL_028,1056,1085,0.2598483,False
DEV_NORMAL_028,1057,1086,0.26062563,False
DEV_NORMAL_028,1058,1087,0.27493274,False
DEV_NORMAL_028,1059,1088,0.28624782,False
DEV_NORMAL_028,1060,1089,0.29164904,True
DEV_NORMAL_028,1061,1090,0.2915965,True
DEV_NORMAL_028,1062,1091,0.27435791,False
DEV_NORMAL_028,1063,1092,0.2666708,False
DEV_NORMAL_028,1064,1093,0.28783366,False
DEV_NORMAL_028,1065,1094,0.34480485,True
DEV_NORMAL_028,1066,1095,0.31842354,True
DEV_NORMAL_028,1067,1096,0.31260413,True
DEV_NORMAL_028,1068,1097,0.3049075,True
DEV_NORMAL_028,1069,1098,0.30905566,True
DEV_NORMAL_028,1070,1099,0.3074976,True
DEV_NORMAL_028,1071,1100,0.31572923,True
DEV_NORMAL_028,1072,1101,0.31181678,True
DEV_NORMAL_028,1073,1102,0.3111823,True
DEV_NORMAL_028,1074,1103,0.30684468,True
DEV_NORMAL_028,1075,1104,0.30321783,True
DEV_NORMAL_028,1076,1105,0.28467432,False
DEV_NORMAL_028,1077,1106,0.28216034,False
DEV_NORMAL_028,1078,1107,0.26014474,False
DEV_NORMAL_028,1079,1108,0.27131927,False
DEV_NORMAL_028,1080,1109,0.2948618,True
DEV_NORMAL_028,1081,1110,0.28913543,False
DEV_NORMAL_028,1082,1111,0.27790445,False
DEV_NORMAL_028,1083,1112,0.26408565,False
DEV_NORMAL_028,1084,1113,0.26672223,False
DEV_NORMAL_028,1085,1114,0.28042644,False
DEV_NORMAL_028,1086,1115,0.2697776,False
DEV_NORMAL_028,1087,1116,0.2641043,False
DEV_NORMAL_028,1088,1117,0.2458333,False
DEV_NORMAL_028,1089,1118,0.24073616,False
DEV_NORMAL_028,1090,1119,0.24637897,False
DEV_NORMAL_028,1091,1120,0.263828,False
DEV_NORMAL_028,1092,1121,0.26512447,False
DEV_NORMAL_028,1093,1122,0.24063772,False
DEV_NORMAL_028,1094,1123,0.20352945,False
DEV_NORMAL_028,1095,1124,0.21117261,False
DEV_NORMAL_028,1096,1125,0.224182,False
DEV_NORMAL_028,1097,1126,0.22753057,False
DEV_NORMAL_028,1098,1127,0.22621444,False
DEV_NORMAL_028,1099,1128,0.22850582,False
DEV_NORMAL_028,1100,1129,0.21544197,False
DEV_NORMAL_028,1101,1130,0.22613546,False
DEV_NORMAL_028,1102,1131,0.20454054,False
DEV_NORMAL_028,1103,1132,0.19883607,False
DEV_NORMAL_028,1104,1133,0.19781576,False
DEV_NORMAL_028,1105,1134,0.21957682,False
DEV_NORMAL_028,1106,1135,0.21763277,False
DEV_NORMAL_028,1107,1136,0.20709391,False
DEV_NORMAL_028,1108,1137,0.19989474,False
DEV_NORMAL_028,1109,1138,0.19638279,False
DEV_NORMAL_028,1110,1139,0.20529369,False
DEV_NORMAL_028,1111,1140,0.21291374,False
DEV_NORMAL_028,1112,1141,0.20509227,False
DEV_NORMAL_028,1113,1142,0.21227387,False
DEV_NORMAL_028,1114,1143,0.21871956,False
DEV_NORMAL_028,1115,1144,0.21404107,False
DEV_NORMAL_028,1116,1145,0.21424125,False
DEV_NORMAL_028,1117,1146,0.21087347,False
DEV_NORMAL_028,1118,1147,0.21822068,False
DEV_NORMAL_028,1119,1148,0.2105377,False
DEV_NORMAL_028,1120,1149,0.19936988,False
DEV_NORMAL_028,1121,1150,0.20296936,False
DEV_NORMAL_028,1122,1151,0.19721486,False
DEV_NORMAL_028,1123,1152,0.19311288,False
DEV_NORMAL_028,1124,1153,0.19850308,False
DEV_NORMAL_028,1125,1154,0.20179875,False
DEV_NORMAL_028,1126,1155,0.19626842,False
DEV_NORMAL_028,1127,1156,0.20954221,False
DEV_NORMAL_028,1128,1157,0.23763897,False
DEV_NORMAL_028,1129,1158,0.22976837,False
DEV_NORMAL_028,1130,1159,0.23201697,False
DEV_NORMAL_028,1131,1160,0.23933779,False
DEV_NORMAL_028,1132,1161,0.24116445,False
DEV_NORMAL_028,1133,1162,0.2308953,False
DEV_NORMAL_028,1134,1163,0.21852478,False
DEV_NORMAL_028,1135,1164,0.22885002,False
DEV_NORMAL_028,1136,1165,0.23957753,False
DEV_NORMAL_028,1137,1166,0.23511197,False
DEV_NORMAL_028,1138,1167,0.23325299,False
DEV_NORMAL_028,1139,1168,0.22336438,False
DEV_NORMAL_028,1140,1169,0.22463712,False
DEV_NORMAL_028,1141,1170,0.22169343,False
DEV_NORMAL_028,1142,1171,0.21969551,False
DEV_NORMAL_028,1143,1172,0.21120447,False
DEV_NORMAL_028,1144,1173,0.21466014,False
DEV_NORMAL_028,1145,1174,0.22185421,False
DEV_NORMAL_028,1146,1175,0.20890465,False
DEV_NORMAL_028,1147,1176,0.21371469,False
DEV_NORMAL_028,1148,1177,0.2243877,False
DEV_NORMAL_028,1149,1178,0.20968625,False
DEV_NORMAL_028,1150,1179,0.21498767,False
DEV_NORMAL_028,1151,1180,0.21323398,False
DEV_NORMAL_028,1152,1181,0.2079743,False
DEV_NORMAL_028,1153,1182,0.2047589,False
DEV_NORMAL_028,1154,1183,0.20757847,False
DEV_NORMAL_028,1155,1184,0.22352074,False
DEV_NORMAL_028,1156,1185,0.23871295,False
DEV_NORMAL_028,1157,1186,0.19056128,False
DEV_NORMAL_028,1158,1187,0.17023544,False
DEV_NORMAL_028,1159,1188,0.16799419,False
DEV_NORMAL_028,1160,1189,0.1871726,False
DEV_NORMAL_028,1161,1190,0.17985608,False
DEV_NORMAL_028,1162,1191,0.18799286,False
DEV_NORMAL_028,1163,1192,0.19983038,False
DEV_NORMAL_028,1164,1193,0.20337139,False
DEV_NORMAL_028,1165,1194,0.20142135,False
DEV_NORMAL_028,1166,1195,0.22104216,False
DEV_NORMAL_028,1167,1196,0.21291761,False
DEV_NORMAL_028,1168,1197,0.21948338,False
DEV_NORMAL_028,1169,1198,0.21480249,False
DEV_NORMAL_028,1170,1199,0.21926112,False
DEV_NORMAL_034,0,29,0.25295267,False
DEV_NORMAL_034,1,30,0.25390622,False
DEV_NORMAL_034,2,31,0.27808812,False
DEV_NORMAL_034,3,32,0.26590204,False
DEV_NORMAL_034,4,33,0.26407537,False
DEV_NORMAL_034,5,34,0.27104154,False
DEV_NORMAL_034,6,35,0.26527154,False
DEV_NORMAL_034,7,36,0.27796847,False
DEV_NORMAL_034,8,37,0.27642116,False
DEV_NORMAL_034,9,38,0.27357566,False
DEV_NORMAL_034,10,39,0.2706413,False
DEV_NORMAL_034,11,40,0.2690822,False
DEV_NORMAL_034,12,41,0.25730002,False
DEV_NORMAL_034,13,42,0.26523912,False
DEV_NORMAL_034,14,43,0.2757463,False
DEV_NORMAL_034,15,44,0.2522404,False
DEV_NORMAL_034,16,45,0.25076863,False
DEV_NORMAL_034,17,46,0.23948961,False
DEV_NORMAL_034,18,47,0.24009202,False
DEV_NORMAL_034,19,48,0.23965962,False
DEV_NORMAL_034,20,49,0.24150544,False
DEV_NORMAL_034,21,50,0.24398136,False
DEV_NORMAL_034,22,51,0.23623827,False
DEV_NORMAL_034,23,52,0.22171453,False
DEV_NORMAL_034,24,53,0.22373384,False
DEV_NORMAL_034,25,54,0.23200655,False
DEV_NORMAL_034,26,55,0.23006986,False
DEV_NORMAL_034,27,56,0.23692493,False
DEV_NORMAL_034,28,57,0.23203276,False
DEV_NORMAL_034,29,58,0.22330691,False
DEV_NORMAL_034,30,59,0.2181717,False
DEV_NORMAL_034,31,60,0.21382412,False
DEV_NORMAL_034,32,61,0.1950848,False
DEV_NORMAL_034,33,62,0.21658653,False
DEV_NORMAL_034,34,63,0.19779798,False
DEV_NORMAL_034,35,64,0.19373348,False
DEV_NORMAL_034,36,65,0.191079,False
DEV_NORMAL_034,37,66,0.18047053,False
DEV_NORMAL_034,38,67,0.1744621,False
DEV_NORMAL_034,39,68,0.173326,False
DEV_NORMAL_034,40,69,0.16750044,False
DEV_NORMAL_034,41,70,0.1952017,False
DEV_NORMAL_034,42,71,0.2050547,False
DEV_NORMAL_034,43,72,0.21404473,False
DEV_NORMAL_034,44,73,0.20145954,False
DEV_NORMAL_034,45,74,0.2000482,False
DEV_NORMAL_034,46,75,0.21242478,False
DEV_NORMAL_034,47,76,0.22393678,False
DEV_NORMAL_034,48,77,0.2258782,False
DEV_NORMAL_034,49,78,0.23281807,False
DEV_NORMAL_034,50,79,0.22569323,False
DEV_NORMAL_034,51,80,0.22428218,False
DEV_NORMAL_034,52,81,0.2390645,False
DEV_NORMAL_034,53,82,0.24495016,False
DEV_NORMAL_034,54,83,0.24914034,False
DEV_NORMAL_034,55,84,0.24274968,False
DEV_NORMAL_034,56,85,0.24480411,False
DEV_NORMAL_034,57,86,0.24637856,False
DEV_NORMAL_034,58,87,0.2555086,False
DEV_NORMAL_034,59,88,0.2551168,False
DEV_NORMAL_034,60,89,0.25674933,False
DEV_NORMAL_034,61,90,0.2567757,False
DEV_NORMAL_034,62,91,0.2452775,False
DEV_NORMAL_034,63,92,0.24378513,False
DEV_NORMAL_034,64,93,0.24935566,False
DEV_NORMAL_034,65,94,0.26138625,False
DEV_NORMAL_034,66,95,0.27750587,False
DEV_NORMAL_034,67,96,0.2681445,False
DEV_NORMAL_034,68,97,0.26420945,False
DEV_NORMAL_034,69,98,0.26196206,False
DEV_NORMAL_034,70,99,0.26805457,False
DEV_NORMAL_034,71,100,0.24025771,False
DEV_NORMAL_034,72,101,0.23362947,False
DEV_NORMAL_034,73,102,0.22440456,False
DEV_NORMAL_034,74,103,0.221457,False
DEV_NORMAL_034,75,104,0.23449826,False
DEV_NORMAL_034,76,105,0.26174638,False
DEV_NORMAL_034,77,106,0.25072023,False
DEV_NORMAL_034,78,107,0.2544298,False
DEV_NORMAL_034,79,108,0.24668671,False
DEV_NORMAL_034,80,109,0.23306735,False
DEV_NORMAL_034,81,110,0.23828028,False
DEV_NORMAL_034,82,111,0.22770245,False
DEV_NORMAL_034,83,112,0.22123185,False
DEV_NORMAL_034,84,113,0.21804434,False
DEV_NORMAL_034,85,114,0.23687719,False
DEV_NORMAL_034,86,115,0.22771187,False
DEV_NORMAL_034,87,116,0.22970603,False
DEV_NORMAL_034,88,117,0.23113099,False
DEV_NORMAL_034,89,118,0.24702962,False
DEV_NORMAL_034,90,119,0.2417255,False
DEV_NORMAL_034,91,120,0.24880505,False
DEV_NORMAL_034,92,121,0.25417644,False
DEV_NORMAL_034,93,122,0.24544795,False
DEV_NORMAL_034,94,123,0.21570091,False
DEV_NORMAL_034,95,124,0.20437743,False
DEV_NORMAL_034,96,125,0.20304489,False
DEV_NORMAL_034,97,126,0.20373496,False
DEV_NORMAL_034,98,127,0.21145374,False
DEV_NORMAL_034,99,128,0.20516342,False
DEV_NORMAL_034,100,129,0.20544004,False
DEV_NORMAL_034,101,130,0.19203892,False
DEV_NORMAL_034,102,131,0.20725182,False
DEV_NORMAL_034,103,132,0.22003934,False
DEV_NORMAL_034,104,133,0.21693407,False
DEV_NORMAL_034,105,134,0.18974873,False
DEV_NORMAL_034,106,135,0.18451592,False
DEV_NORMAL_034,107,136,0.18599401,False
DEV_NORMAL_034,108,137,0.17748894,False
DEV_NORMAL_034,109,138,0.16038227,False
DEV_NORMAL_034,110,139,0.17779009,False
DEV_NORMAL_034,111,140,0.18629421,False
DEV_NORMAL_034,112,141,0.18222882,False
DEV_NORMAL_034,113,142,0.18230054,False
DEV_NORMAL_034,114,143,0.19028841,False
DEV_NORMAL_034,115,144,0.1884552,False
DEV_NORMAL_034,116,145,0.19574362,False
DEV_NORMAL_034,117,146,0.19610962,False
DEV_NORMAL_034,118,147,0.1930218,False
DEV_NORMAL_034,119,148,0.19599842,False
DEV_NORMAL_034,120,149,0.19259201,False
DEV_NORMAL_034,121,150,0.21092631,False
DEV_NORMAL_034,122,151,0.20186903,False
DEV_NORMAL_034,123,152,0.21178108,False
DEV_NORMAL_034,124,153,0.20570351,False
DEV_NORMAL_034,125,154,0.2036295,False
DEV_NORMAL_034,126,155,0.21720389,False
DEV_NORMAL_034,127,156,0.21599475,False
DEV_NORMAL_034,128,157,0.21815586,False
DEV_NORMAL_034,129,158,0.22557837,False
DEV_NORMAL_034,130,159,0.22891878,False
DEV_NORMAL_034,131,160,0.23407513,False
DEV_NORMAL_034,132,161,0.21979672,False
DEV_NORMAL_034,133,162,0.21158136,False
DEV_NORMAL_034,134,163,0.21050201,False
DEV_NORMAL_034,135,164,0.21914595,False
DEV_NORMAL_034,136,165,0.21718153,False
DEV_NORMAL_034,137,166,0.21914788,False
DEV_NORMAL_034,138,167,0.21504177,False
DEV_NORMAL_034,139,168,0.21976013,False
DEV_NORMAL_034,140,169,0.20172168,False
DEV_NORMAL_034,141,170,0.18867475,False
DEV_NORMAL_034,142,171,0.2073259,False
DEV_NORMAL_034,143,172,0.2164926,False
DEV_NORMAL_034,144,173,0.22138692,False
DEV_NORMAL_034,145,174,0.21695064,False
DEV_NORMAL_034,146,175,0.21876167,False
DEV_NORMAL_034,147,176,0.22366552,False
DEV_NORMAL_034,148,177,0.21564122,False
DEV_NORMAL_034,149,178,0.22206561,False
DEV_NORMAL_034,150,179,0.21804167,False
DEV_NORMAL_034,151,180,0.21473835,False
DEV_NORMAL_034,152,181,0.21806307,False
DEV_NORMAL_034,153,182,0.21577805,False
DEV_NORMAL_034,154,183,0.2045892,False
DEV_NORMAL_034,155,184,0.20207958,False
DEV_NORMAL_034,156,185,0.20099828,False
DEV_NORMAL_034,157,186,0.19869106,False
DEV_NORMAL_034,158,187,0.2015775,False
DEV_NORMAL_034,159,188,0.21462269,False
DEV_NORMAL_034,160,189,0.21611395,False
DEV_NORMAL_034,161,190,0.20339555,False
DEV_NORMAL_034,162,191,0.22900416,False
DEV_NORMAL_034,163,192,0.22461961,False
DEV_NORMAL_034,164,193,0.22769055,False
DEV_NORMAL_034,165,194,0.23717973,False
DEV_NORMAL_034,166,195,0.23730098,False
DEV_NORMAL_034,167,196,0.23441347,False
DEV_NORMAL_034,168,197,0.24476321,False
DEV_NORMAL_034,169,198,0.23292653,False
DEV_NORMAL_034,170,199,0.2237689,False
DEV_NORMAL_034,171,200,0.215008,False
DEV_NORMAL_034,172,201,0.21293043,False
DEV_NORMAL_034,173,202,0.21455151,False
DEV_NORMAL_034,174,203,0.19277564,False
DEV_NORMAL_034,175,204,0.20128223,False
DEV_NORMAL_034,176,205,0.20375381,False
DEV_NORMAL_034,177,206,0.19650888,False
DEV_NORMAL_034,178,207,0.19664942,False
DEV_NORMAL_034,179,208,0.2005981,False
DEV_NORMAL_034,180,209,0.20482229,False
DEV_NORMAL_034,181,210,0.19826733,False
DEV_NORMAL_034,182,211,0.20765127,False
DEV_NORMAL_034,183,212,0.19907135,False
DEV_NORMAL_034,184,213,0.20519854,False
DEV_NORMAL_034,185,214,0.21572046,False
DEV_NORMAL_034,186,215,0.18933387,False
DEV_NORMAL_034,187,216,0.1908486,False
DEV_NORMAL_034,188,217,0.2036415,False
DEV_NORMAL_034,189,218,0.20041971,False
DEV_NORMAL_034,190,219,0.19697765,False
DEV_NORMAL_034,191,220,0.20565072,False
DEV_NORMAL_034,192,221,0.19178873,False
DEV_NORMAL_034,193,222,0.193258,False
DEV_NORMAL_034,194,223,0.19052836,False
DEV_NORMAL_034,195,224,0.18859074,False
DEV_NORMAL_034,196,225,0.17936417,False
DEV_NORMAL_034,197,226,0.18531288,False
DEV_NORMAL_034,198,227,0.18165222,False
DEV_NORMAL_034,199,228,0.20285481,False
DEV_NORMAL_034,200,229,0.21072994,False
DEV_NORMAL_034,201,230,0.21302634,False
DEV_NORMAL_034,202,231,0.20901865,False
DEV_NORMAL_034,203,232,0.22146806,False
DEV_NORMAL_034,204,233,0.22757326,False
DEV_NORMAL_034,205,234,0.21227716,False
DEV_NORMAL_034,206,235,0.20626096,False
DEV_NORMAL_034,207,236,0.20415953,False
DEV_NORMAL_034,208,237,0.19949706,False
DEV_NORMAL_034,209,238,0.19698827,False
DEV_NORMAL_034,210,239,0.19405158,False
DEV_NORMAL_034,211,240,0.19469322,False
DEV_NORMAL_034,212,241,0.18935286,False
DEV_NORMAL_034,213,242,0.19508876,False
DEV_NORMAL_034,214,243,0.1942185,False
DEV_NORMAL_034,215,244,0.1848372,False
DEV_NORMAL_034,216,245,0.1834319,False
DEV_NORMAL_034,217,246,0.18398122,False
DEV_NORMAL_034,218,247,0.18182947,False
DEV_NORMAL_034,219,248,0.18291791,False
DEV_NORMAL_034,220,249,0.19045375,False
DEV_NORMAL_034,221,250,0.19386746,False
DEV_NORMAL_034,222,251,0.19374639,False
DEV_NORMAL_034,223,252,0.20454316,False
DEV_NORMAL_034,224,253,0.19356953,False
DEV_NORMAL_034,225,254,0.19448908,False
DEV_NORMAL_034,226,255,0.2064239,False
DEV_NORMAL_034,227,256,0.19359635,False
DEV_NORMAL_034,228,257,0.18148954,False
DEV_NORMAL_034,229,258,0.1856403,False
DEV_NORMAL_034,230,259,0.19329795,False
DEV_NORMAL_034,231,260,0.19681148,False
DEV_NORMAL_034,232,261,0.17287299,False
DEV_NORMAL_034,233,262,0.18798041,False
DEV_NORMAL_034,234,263,0.18405691,False
DEV_NORMAL_034,235,264,0.19745569,False
DEV_NORMAL_034,236,265,0.20172071,False
DEV_NORMAL_034,237,266,0.19322078,False
DEV_NORMAL_034,238,267,0.18388738,False
DEV_NORMAL_034,239,268,0.20098513,False
DEV_NORMAL_034,240,269,0.1935783,False
DEV_NORMAL_034,241,270,0.18956,False
DEV_NORMAL_034,242,271,0.18821783,False
DEV_NORMAL_034,243,272,0.18378703,False
DEV_NORMAL_034,244,273,0.17667395,False
DEV_NORMAL_034,245,274,0.18834072,False
DEV_NORMAL_034,246,275,0.20363824,False
DEV_NORMAL_034,247,276,0.19753188,False
DEV_NORMAL_034,248,277,0.20413923,False
DEV_NORMAL_034,249,278,0.2557256,False
DEV_NORMAL_034,250,279,0.2578146,False
DEV_NORMAL_034,251,280,0.22897552,False
DEV_NORMAL_034,252,281,0.23131461,False
DEV_NORMAL_034,253,282,0.22169155,False
DEV_NORMAL_034,254,283,0.21882874,False
DEV_NORMAL_034,255,284,0.20229451,False
DEV_NORMAL_034,256,285,0.21450835,False
DEV_NORMAL_034,257,286,0.21962671,False
DEV_NORMAL_034,258,287,0.21676077,False
DEV_NORMAL_034,259,288,0.21769841,False
DEV_NORMAL_034,260,289,0.22306395,False
DEV_NORMAL_034,261,290,0.21868332,False
DEV_NORMAL_034,262,291,0.21362495,False
DEV_NORMAL_034,263,292,0.21702005,False
DEV_NORMAL_034,264,293,0.21019708,False
DEV_NORMAL_034,265,294,0.21318913,False
DEV_NORMAL_034,266,295,0.23058373,False
DEV_NORMAL_034,267,296,0.24633278,False
DEV_NORMAL_034,268,297,0.22728895,False
DEV_NORMAL_034,269,298,0.23276946,False
DEV_NORMAL_034,270,299,0.22232364,False
DEV_NORMAL_034,271,300,0.22631006,False
DEV_NORMAL_034,272,301,0.23351005,False
DEV_NORMAL_034,273,302,0.2046567,False
DEV_NORMAL_034,274,303,0.20790176,False
DEV_NORMAL_034,275,304,0.22503729,False
DEV_NORMAL_034,276,305,0.19629908,False
DEV_NORMAL_034,277,306,0.221927,False
DEV_NORMAL_034,278,307,0.23009892,False
DEV_NORMAL_034,279,308,0.22034146,False
DEV_NORMAL_034,280,309,0.21576649,False
DEV_NORMAL_034,281,310,0.21145198,False
DEV_NORMAL_034,282,311,0.21195428,False
DEV_NORMAL_034,283,312,0.19863024,False
DEV_NORMAL_034,284,313,0.20878829,False
DEV_NORMAL_034,285,314,0.21041149,False
DEV_NORMAL_034,286,315,0.21812373,False
DEV_NORMAL_034,287,316,0.214006,False
DEV_NORMAL_034,288,317,0.20149417,False
DEV_NORMAL_034,289,318,0.21752937,False
DEV_NORMAL_034,290,319,0.21335532,False
DEV_NORMAL_034,291,320,0.21122763,False
DEV_NORMAL_034,292,321,0.20752868,False
DEV_NORMAL_034,293,322,0.20913248,False
DEV_NORMAL_034,294,323,0.21513459,False
DEV_NORMAL_034,295,324,0.22473411,False
DEV_NORMAL_034,296,325,0.21260332,False
DEV_NORMAL_034,297,326,0.20679693,False
DEV_NORMAL_034,298,327,0.22025283,False
DEV_NORMAL_034,299,328,0.21776676,False
DEV_NORMAL_034,300,329,0.22562447,False
DEV_NORMAL_034,301,330,0.22401063,False
DEV_NORMAL_034,302,331,0.2275502,False
DEV_NORMAL_034,303,332,0.22164205,False
DEV_NORMAL_034,304,333,0.21164235,False
DEV_NORMAL_034,305,334,0.20842311,False
DEV_NORMAL_034,306,335,0.20791896,False
DEV_NORMAL_034,307,336,0.22487155,False
DEV_NORMAL_034,308,337,0.25372282,False
DEV_NORMAL_034,309,338,0.2547221,False
DEV_NORMAL_034,310,339,0.2643072,False
DEV_NORMAL_034,311,340,0.2583961,False
DEV_NORMAL_034,312,341,0.26743042,False
DEV_NORMAL_034,313,342,0.26895088,False
DEV_NORMAL_034,314,343,0.2875432,False
DEV_NORMAL_034,315,344,0.29125786,True
DEV_NORMAL_034,316,345,0.29136792,True
DEV_NORMAL_034,317,346,0.28990668,False
DEV_NORMAL_034,318,347,0.30413863,True
DEV_NORMAL_034,319,348,0.29964933,True
DEV_NORMAL_034,320,349,0.29384238,True
DEV_NORMAL_034,321,350,0.2843741,False
DEV_NORMAL_034,322,351,0.28092673,False
DEV_NORMAL_034,323,352,0.27357525,False
DEV_NORMAL_034,324,353,0.27715823,False
DEV_NORMAL_034,325,354,0.28441602,False
DEV_NORMAL_034,326,355,0.280875,False
DEV_NORMAL_034,327,356,0.27047285,False
DEV_NORMAL_034,328,357,0.2633829,False
DEV_NORMAL_034,329,358,0.26765892,False
DEV_NORMAL_034,330,359,0.27604473,False
DEV_NORMAL_034,331,360,0.26733667,False
DEV_NORMAL_034,332,361,0.26314884,False
DEV_NORMAL_034,333,362,0.2542741,False
DEV_NORMAL_034,334,363,0.24910702,False
DEV_NORMAL_034,335,364,0.25048473,False
DEV_NORMAL_034,336,365,0.2300518,False
DEV_NORMAL_034,337,366,0.21809134,False
DEV_NORMAL_034,338,367,0.20452642,False
DEV_NORMAL_034,339,368,0.22211467,False
DEV_NORMAL_034,340,369,0.20055397,False
DEV_NORMAL_034,341,370,0.19603923,False
DEV_NORMAL_034,342,371,0.20108245,False
DEV_NORMAL_034,343,372,0.18847138,False
DEV_NORMAL_034,344,373,0.18643557,False
DEV_NORMAL_034,345,374,0.2030502,False
DEV_NORMAL_034,346,375,0.19515634,False
DEV_NORMAL_034,347,376,0.1844737,False
DEV_NORMAL_034,348,377,0.18256675,False
DEV_NORMAL_034,349,378,0.19163996,False
DEV_NORMAL_034,350,379,0.20141283,False
DEV_NORMAL_034,351,380,0.19113986,False
DEV_NORMAL_034,352,381,0.19075431,False
DEV_NORMAL_034,353,382,0.21185605,False
DEV_NORMAL_034,354,383,0.21346913,False
DEV_NORMAL_034,355,384,0.22425197,False
DEV_NORMAL_034,356,385,0.2115819,False
DEV_NORMAL_034,357,386,0.20598124,False
DEV_NORMAL_034,358,387,0.20610438,False
DEV_NORMAL_034,359,388,0.21356338,False
DEV_NORMAL_034,360,389,0.21220477,False
DEV_NORMAL_034,361,390,0.2372534,False
DEV_NORMAL_034,362,391,0.24914153,False
DEV_NORMAL_034,363,392,0.23962049,False
DEV_NORMAL_034,364,393,0.23065938,False
DEV_NORMAL_034,365,394,0.24940422,False
DEV_NORMAL_034,366,395,0.24888588,False
DEV_NORMAL_034,367,396,0.27114168,False
DEV_NORMAL_034,368,397,0.2730612,False
DEV_NORMAL_034,369,398,0.25430283,False
DEV_NORMAL_034,370,399,0.265891,False
DEV_NORMAL_034,371,400,0.26867792,False
DEV_NORMAL_034,372,401,0.26265866,False
DEV_NORMAL_034,373,402,0.2559755,False
DEV_NORMAL_034,374,403,0.25719538,False
DEV_NORMAL_034,375,404,0.2540236,False
DEV_NORMAL_034,376,405,0.24720812,False
DEV_NORMAL_034,377,406,0.24654038,False
DEV_NORMAL_034,378,407,0.23097533,False
DEV_NORMAL_034,379,408,0.23996954,False
DEV_NORMAL_034,380,409,0.23467782,False
DEV_NORMAL_034,381,410,0.2398591,False
DEV_NORMAL_034,382,411,0.23801595,False
DEV_NORMAL_034,383,412,0.23308338,False
DEV_NORMAL_034,384,413,0.23290698,False
DEV_NORMAL_034,385,414,0.2435343,False
DEV_NORMAL_034,386,415,0.26060155,False
DEV_NORMAL_034,387,416,0.25522822,False
DEV_NORMAL_034,388,417,0.2606692,False
DEV_NORMAL_034,389,418,0.26817554,False
DEV_NORMAL_034,390,419,0.2645423,False
DEV_NORMAL_034,391,420,0.25317535,False
DEV_NORMAL_034,392,421,0.23148789,False
DEV_NORMAL_034,393,422,0.23384762,False
DEV_NORMAL_034,394,423,0.22445549,False
DEV_NORMAL_034,395,424,0.23388673,False
DEV_NORMAL_034,396,425,0.20824595,False
DEV_NORMAL_034,397,426,0.19501849,False
DEV_NORMAL_034,398,427,0.19895624,False
DEV_NORMAL_034,399,428,0.19839266,False
DEV_NORMAL_034,400,429,0.19666284,False
DEV_NORMAL_034,401,430,0.19623026,False
DEV_NORMAL_034,402,431,0.18527657,False
DEV_NORMAL_034,403,432,0.19612455,False
DEV_NORMAL_034,404,433,0.19938324,False
DEV_NORMAL_034,405,434,0.21009639,False
DEV_NORMAL_034,406,435,0.20667163,False
DEV_NORMAL_034,407,436,0.20677128,False
DEV_NORMAL_034,408,437,0.21129702,False
DEV_NORMAL_034,409,438,0.20465045,False
DEV_NORMAL_034,410,439,0.212746,False
DEV_NORMAL_034,411,440,0.21574362,False
DEV_NORMAL_034,412,441,0.21565242,False
DEV_NORMAL_034,413,442,0.21294409,False
DEV_NORMAL_034,414,443,0.20868282,False
DEV_NORMAL_034,415,444,0.20016807,False
DEV_NORMAL_034,416,445,0.209347,False
DEV_NORMAL_034,417,446,0.20261355,False
DEV_NORMAL_034,418,447,0.1943025,False
DEV_NORMAL_034,419,448,0.18896408,False
DEV_NORMAL_034,420,449,0.19529158,False
DEV_NORMAL_034,421,450,0.205879,False
DEV_NORMAL_034,422,451,0.20784563,False
DEV_NORMAL_034,423,452,0.22796075,False
DEV_NORMAL_034,424,453,0.21278194,False
DEV_NORMAL_034,425,454,0.22006588,False
DEV_NORMAL_034,426,455,0.23606867,False
DEV_NORMAL_034,427,456,0.24234866,False
DEV_NORMAL_034,428,457,0.23790754,False
DEV_NORMAL_034,429,458,0.24307172,False
DEV_NORMAL_034,430,459,0.2488384,False
DEV_NORMAL_034,431,460,0.24372925,False
DEV_NORMAL_034,432,461,0.25049892,False
DEV_NORMAL_034,433,462,0.25974894,False
DEV_NORMAL_034,434,463,0.2552229,False
DEV_NORMAL_034,435,464,0.25355545,False
DEV_NORMAL_034,436,465,0.27328378,False
DEV_NORMAL_034,437,466,0.26405463,False
DEV_NORMAL_034,438,467,0.27201113,False
DEV_NORMAL_034,439,468,0.27776894,False
DEV_NORMAL_034,440,469,0.27363196,False
DEV_NORMAL_034,441,470,0.26436815,False
DEV_NORMAL_034,442,471,0.26027563,False
DEV_NORMAL_034,443,472,0.29071674,False
DEV_NORMAL_034,444,473,0.2917701,True
DEV_NORMAL_034,445,474,0.31798986,True
DEV_NORMAL_034,446,475,0.34013033,True
DEV_NORMAL_034,447,476,0.3250183,True
DEV_NORMAL_034,448,477,0.3272498,True
DEV_NORMAL_034,449,478,0.3288556,True
DEV_NORMAL_034,450,479,0.3412782,True
DEV_NORMAL_034,451,480,0.32306048,True
DEV_NORMAL_034,452,481,0.30678234,True
DEV_NORMAL_034,453,482,0.30497745,True
DEV_NORMAL_034,454,483,0.323517,True
DEV_NORMAL_034,455,484,0.31989592,True
DEV_NORMAL_034,456,485,0.31921303,True
DEV_NORMAL_034,457,486,0.31903356,True
DEV_NORMAL_034,458,487,0.30503312,True
DEV_NORMAL_034,459,488,0.31818685,True
DEV_NORMAL_034,460,489,0.29821217,True
DEV_NORMAL_034,461,490,0.28144994,False
DEV_NORMAL_034,462,491,0.29810035,True
DEV_NORMAL_034,463,492,0.28571925,False
DEV_NORMAL_034,464,493,0.28396973,False
DEV_NORMAL_034,465,494,0.31641734,True
DEV_NORMAL_034,466,495,0.31365928,True
DEV_NORMAL_034,467,496,0.29660812,True
DEV_NORMAL_034,468,497,0.3124526,True
DEV_NORMAL_034,469,498,0.32317755,True
DEV_NORMAL_034,470,499,0.3155306,True
DEV_NORMAL_034,471,500,0.3193369,True
DEV_NORMAL_034,472,501,0.30095667,True
DEV_NORMAL_034,473,502,0.29292127,True
DEV_NORMAL_034,474,503,0.30195993,True
DEV_NORMAL_034,475,504,0.2663941,False
DEV_NORMAL_034,476,505,0.26101187,False
DEV_NORMAL_034,477,506,0.27720082,False
DEV_NORMAL_034,478,507,0.27432406,False
DEV_NORMAL_034,479,508,0.2805417,False
DEV_NORMAL_034,480,509,0.29894766,True
DEV_NORMAL_034,481,510,0.2962031,True
DEV_NORMAL_034,482,511,0.27789953,False
DEV_NORMAL_034,483,512,0.27549204,False
DEV_NORMAL_034,484,513,0.27598768,False
DEV_NORMAL_034,485,514,0.26894394,False
DEV_NORMAL_034,486,515,0.27283236,False
DEV_NORMAL_034,487,516,0.27016336,False
DEV_NORMAL_034,488,517,0.26412487,False
DEV_NORMAL_034,489,518,0.27639282,False
DEV_NORMAL_034,490,519,0.2833033,False
DEV_NORMAL_034,491,520,0.28089777,False
DEV_NORMAL_034,492,521,0.29018492,False
DEV_NORMAL_034,493,522,0.27541485,False
DEV_NORMAL_034,494,523,0.27934697,False
DEV_NORMAL_034,495,524,0.27995485,False
DEV_NORMAL_034,496,525,0.27735487,False
DEV_NORMAL_034,497,526,0.26555026,False
DEV_NORMAL_034,498,527,0.27887765,False
DEV_NORMAL_034,499,528,0.25315237,False
DEV_NORMAL_034,500,529,0.24805996,False
DEV_NORMAL_034,501,530,0.25956365,False
DEV_NORMAL_034,502,531,0.25323743,False
DEV_NORMAL_034,503,532,0.2580208,False
DEV_NORMAL_034,504,533,0.26417366,False
DEV_NORMAL_034,505,534,0.2515297,False
DEV_NORMAL_034,506,535,0.25842416,False
DEV_NORMAL_034,507,536,0.24691772,False
DEV_NORMAL_034,508,537,0.2447312,False
DEV_NORMAL_034,509,538,0.24850029,False
DEV_NORMAL_034,510,539,0.23629682,False
DEV_NORMAL_034,511,540,0.2725975,False
DEV_NORMAL_034,512,541,0.25757575,False
DEV_NORMAL_034,513,542,0.26276997,False
DEV_NORMAL_034,514,543,0.24995258,False
DEV_NORMAL_034,515,544,0.2471161,False
DEV_NORMAL_034,516,545,0.25488457,False
DEV_NORMAL_034,517,546,0.26110414,False
DEV_NORMAL_034,518,547,0.24777912,False
DEV_NORMAL_034,519,548,0.24506353,False
DEV_NORMAL_034,520,549,0.24228808,False
DEV_NORMAL_034,521,550,0.2417409,False
DEV_NORMAL_034,522,551,0.23559979,False
DEV_NORMAL_034,523,552,0.24443653,False
DEV_NORMAL_034,524,553,0.24576291,False
DEV_NORMAL_034,525,554,0.22483581,False
DEV_NORMAL_034,526,555,0.22271672,False
DEV_NORMAL_034,527,556,0.21416011,False
DEV_NORMAL_034,528,557,0.22043337,False
DEV_NORMAL_034,529,558,0.24710426,False
DEV_NORMAL_034,530,559,0.25738606,False
DEV_NORMAL_034,531,560,0.25847378,False
DEV_NORMAL_034,532,561,0.2486838,False
DEV_NORMAL_034,533,562,0.23867771,False
DEV_NORMAL_034,534,563,0.24806996,False
DEV_NORMAL_034,535,564,0.24379714,False
DEV_NORMAL_034,536,565,0.2553012,False
DEV_NORMAL_034,537,566,0.25431195,False
DEV_NORMAL_034,538,567,0.24272604,False
DEV_NORMAL_034,539,568,0.24464121,False
DEV_NORMAL_034,540,569,0.24192148,False
DEV_NORMAL_034,541,570,0.24741557,False
DEV_NORMAL_034,542,571,0.25393376,False
DEV_NORMAL_034,543,572,0.24920674,False
DEV_NORMAL_034,544,573,0.24303868,False
DEV_NORMAL_034,545,574,0.22812936,False
DEV_NORMAL_034,546,575,0.23307244,False
DEV_NORMAL_034,547,576,0.24482173,False
DEV_NORMAL_034,548,577,0.22945379,False
DEV_NORMAL_034,549,578,0.24460691,False
DEV_NORMAL_034,550,579,0.24908914,False
DEV_NORMAL_034,551,580,0.24485,False
DEV_NORMAL_034,552,581,0.23163518,False
DEV_NORMAL_034,553,582,0.22010234,False
DEV_NORMAL_034,554,583,0.21557063,False
DEV_NORMAL_034,555,584,0.22488163,False
DEV_NORMAL_034,556,585,0.21960752,False
DEV_NORMAL_034,557,586,0.2158869,False
DEV_NORMAL_034,558,587,0.2205069,False
DEV_NORMAL_034,559,588,0.2064814,False
DEV_NORMAL_034,560,589,0.20634307,False
DEV_NORMAL_034,561,590,0.21116145,False
DEV_NORMAL_034,562,591,0.21774936,False
DEV_NORMAL_034,563,592,0.21548392,False
DEV_NORMAL_034,564,593,0.23627932,False
DEV_NORMAL_034,565,594,0.22620822,False
DEV_NORMAL_034,566,595,0.22832972,False
DEV_NORMAL_034,567,596,0.23586296,False
DEV_NORMAL_034,568,597,0.23293959,False
DEV_NORMAL_034,569,598,0.23869728,False
DEV_NORMAL_034,570,599,0.23360482,False
DEV_NORMAL_034,571,600,0.21873121,False
DEV_NORMAL_034,572,601,0.22814748,False
DEV_NORMAL_034,573,602,0.22084007,False
DEV_NORMAL_034,574,603,0.22845238,False
DEV_NORMAL_034,575,604,0.22654848,False
DEV_NORMAL_034,576,605,0.22208904,False
DEV_NORMAL_034,577,606,0.23118138,False
DEV_NORMAL_034,578,607,0.23947401,False
DEV_NORMAL_034,579,608,0.24109077,False
DEV_NORMAL_034,580,609,0.22756936,False
DEV_NORMAL_034,581,610,0.2446026,False
DEV_NORMAL_034,582,611,0.26379207,False
DEV_NORMAL_034,583,612,0.26345554,False
DEV_NORMAL_034,584,613,0.24290855,False
DEV_NORMAL_034,585,614,0.2535221,False
DEV_NORMAL_034,586,615,0.2430612,False
DEV_NORMAL_034,587,616,0.23974729,False
DEV_NORMAL_034,588,617,0.2502347,False
DEV_NORMAL_034,589,618,0.24640507,False
DEV_NORMAL_034,590,619,0.22690861,False
DEV_NORMAL_034,591,620,0.22224617,False
DEV_NORMAL_034,592,621,0.23594084,False
DEV_NORMAL_034,593,622,0.20576735,False
DEV_NORMAL_034,594,623,0.20237488,False
DEV_NORMAL_034,595,624,0.19321874,False
DEV_NORMAL_034,596,625,0.19164422,False
DEV_NORMAL_034,597,626,0.18233559,False
DEV_NORMAL_034,598,627,0.1721664,False
DEV_NORMAL_034,599,628,0.17004277,False
DEV_NORMAL_034,600,629,0.16890237,False
DEV_NORMAL_034,601,630,0.16645227,False
DEV_NORMAL_034,602,631,0.17457777,False
DEV_NORMAL_034,603,632,0.17199476,False
DEV_NORMAL_034,604,633,0.1583237,False
DEV_NORMAL_034,605,634,0.17386204,False
DEV_NORMAL_034,606,635,0.1904815,False
DEV_NORMAL_034,607,636,0.18251722,False
DEV_NORMAL_034,608,637,0.17443211,False
DEV_NORMAL_034,609,638,0.1617774,False
DEV_NORMAL_034,610,639,0.16241466,False
DEV_NORMAL_034,611,640,0.19251701,False
DEV_NORMAL_034,612,641,0.17440012,False
DEV_NORMAL_034,613,642,0.17911953,False
DEV_NORMAL_034,614,643,0.18993981,False
DEV_NORMAL_034,615,644,0.19200188,False
DEV_NORMAL_034,616,645,0.1945965,False
DEV_NORMAL_034,617,646,0.21198355,False
DEV_NORMAL_034,618,647,0.20184612,False
DEV_NORMAL_034,619,648,0.20288341,False
DEV_NORMAL_034,620,649,0.19994341,False
DEV_NORMAL_034,621,650,0.20986849,False
DEV_NORMAL_034,622,651,0.21296291,False
DEV_NORMAL_034,623,652,0.21162266,False
DEV_NORMAL_034,624,653,0.21486168,False
DEV_NORMAL_034,625,654,0.21409824,False
DEV_NORMAL_034,626,655,0.22834267,False
DEV_NORMAL_034,627,656,0.23369977,False
DEV_NORMAL_034,628,657,0.23312871,False
DEV_NORMAL_034,629,658,0.23955682,False
DEV_NORMAL_034,630,659,0.23348007,False
DEV_NORMAL_034,631,660,0.24070016,False
DEV_NORMAL_034,632,661,0.23910554,False
DEV_NORMAL_034,633,662,0.24218304,False
DEV_NORMAL_034,634,663,0.24247758,False
DEV_NORMAL_034,635,664,0.23787518,False
DEV_NORMAL_034,636,665,0.24813601,False
DEV_NORMAL_034,637,666,0.24268664,False
DEV_NORMAL_034,638,667,0.24874295,False
DEV_NORMAL_034,639,668,0.2457785,False
DEV_NORMAL_034,640,669,0.23769945,False
DEV_NORMAL_034,641,670,0.22644638,False
DEV_NORMAL_034,642,671,0.22791438,False
DEV_NORMAL_034,643,672,0.2249858,False
DEV_NORMAL_034,644,673,0.22740631,False
DEV_NORMAL_034,645,674,0.21868728,False
DEV_NORMAL_034,646,675,0.20214844,False
DEV_NORMAL_034,647,676,0.20662126,False
DEV_NORMAL_034,648,677,0.21196617,False
DEV_NORMAL_034,649,678,0.22922127,False
DEV_NORMAL_034,650,679,0.21150416,False
DEV_NORMAL_034,651,680,0.20376986,False
DEV_NORMAL_034,652,681,0.2057624,False
DEV_NORMAL_034,653,682,0.21124348,False
DEV_NORMAL_034,654,683,0.20493285,False
DEV_NORMAL_034,655,684,0.22321662,False
DEV_NORMAL_034,656,685,0.21072008,False
DEV_NORMAL_034,657,686,0.20093594,False
DEV_NORMAL_034,658,687,0.20795979,False
DEV_NORMAL_034,659,688,0.21311632,False
DEV_NORMAL_034,660,689,0.21283154,False
DEV_NORMAL_034,661,690,0.21165203,False
DEV_NORMAL_034,662,691,0.21170813,False
DEV_NORMAL_034,663,692,0.20916004,False
DEV_NORMAL_034,664,693,0.22233655,False
DEV_NORMAL_034,665,694,0.21359554,False
DEV_NORMAL_034,666,695,0.21495286,False
DEV_NORMAL_034,667,696,0.22609068,False
DEV_NORMAL_034,668,697,0.19090535,False
DEV_NORMAL_034,669,698,0.21648699,False
DEV_NORMAL_034,670,699,0.22516498,False
DEV_NORMAL_034,671,700,0.22874857,False
DEV_NORMAL_034,672,701,0.22854353,False
DEV_NORMAL_034,673,702,0.2329791,False
DEV_NORMAL_034,674,703,0.2294636,False
DEV_NORMAL_034,675,704,0.23565598,False
DEV_NORMAL_034,676,705,0.24166703,False
DEV_NORMAL_034,677,706,0.25480506,False
DEV_NORMAL_034,678,707,0.25379077,False
DEV_NORMAL_034,679,708,0.25425306,False
DEV_NORMAL_034,680,709,0.23615399,False
DEV_NORMAL_034,681,710,0.245334,False
DEV_NORMAL_034,682,711,0.25412884,False
DEV_NORMAL_034,683,712,0.2610086,False
DEV_NORMAL_034,684,713,0.24451818,False
DEV_NORMAL_034,685,714,0.2566829,False
DEV_NORMAL_034,686,715,0.2583021,False
DEV_NORMAL_034,687,716,0.27446932,False
DEV_NORMAL_034,688,717,0.27120164,False
DEV_NORMAL_034,689,718,0.2661727,False
DEV_NORMAL_034,690,719,0.2664445,False
DEV_NORMAL_034,691,720,0.26385906,False
DEV_NORMAL_034,692,721,0.2656127,False
DEV_NORMAL_034,693,722,0.27992493,False
DEV_NORMAL_034,694,723,0.2771921,False
DEV_NORMAL_034,695,724,0.28467178,False
DEV_NORMAL_034,696,725,0.26813972,False
DEV_NORMAL_034,697,726,0.27233976,False
DEV_NORMAL_034,698,727,0.25145346,False
DEV_NORMAL_034,699,728,0.27647606,False
DEV_NORMAL_034,700,729,0.30042994,True
DEV_NORMAL_034,701,730,0.296046,True
DEV_NORMAL_034,702,731,0.30239958,True
DEV_NORMAL_034,703,732,0.30151048,True
DEV_NORMAL_034,704,733,0.3053522,True
DEV_NORMAL_034,705,734,0.28281963,False
DEV_NORMAL_034,706,735,0.29489815,True
DEV_NORMAL_034,707,736,0.32820398,True
DEV_NORMAL_034,708,737,0.3010995,True
DEV_NORMAL_034,709,738,0.3114152,True
DEV_NORMAL_034,710,739,0.2959092,True
DEV_NORMAL_034,711,740,0.28029597,False
DEV_NORMAL_034,712,741,0.2783435,False
DEV_NORMAL_034,713,742,0.28644288,False
DEV_NORMAL_034,714,743,0.31423867,True
DEV_NORMAL_034,715,744,0.30714658,True
DEV_NORMAL_034,716,745,0.3113658,True
DEV_NORMAL_034,717,746,0.31808814,True
DEV_NORMAL_034,718,747,0.32029787,True
DEV_NORMAL_034,719,748,0.33151785,True
DEV_NORMAL_034,720,749,0.3202877,True
DEV_NORMAL_034,721,750,0.29750225,True
DEV_NORMAL_034,722,751,0.30322087,True
DEV_NORMAL_034,723,752,0.31414172,True
DEV_NORMAL_034,724,753,0.3053629,True
DEV_NORMAL_034,725,754,0.3147477,True
DEV_NORMAL_034,726,755,0.3056268,True
DEV_NORMAL_034,727,756,0.30316636,True
DEV_NORMAL_034,728,757,0.29392084,True
DEV_NORMAL_034,729,758,0.28583708,False
DEV_NORMAL_034,730,759,0.29797345,True
DEV_NORMAL_034,731,760,0.28850046,False
DEV_NORMAL_034,732,761,0.28085843,False
DEV_NORMAL_034,733,762,0.26929858,False
DEV_NORMAL_034,734,763,0.2645947,False
DEV_NORMAL_034,735,764,0.25434935,False
DEV_NORMAL_034,736,765,0.24079214,False
DEV_NORMAL_034,737,766,0.24244316,False
DEV_NORMAL_034,738,767,0.24017428,False
DEV_NORMAL_034,739,768,0.24862376,False
DEV_NORMAL_034,740,769,0.2529872,False
DEV_NORMAL_034,741,770,0.2522017,False
DEV_NORMAL_034,742,771,0.24590307,False
DEV_NORMAL_034,743,772,0.2171064,False
DEV_NORMAL_034,744,773,0.2324283,False
DEV_NORMAL_034,745,774,0.23554944,False
DEV_NORMAL_034,746,775,0.22649927,False
DEV_NORMAL_034,747,776,0.24094844,False
DEV_NORMAL_034,748,777,0.22993585,False
DEV_NORMAL_034,749,778,0.22984412,False
DEV_NORMAL_034,750,779,0.23186341,False
DEV_NORMAL_034,751,780,0.23879239,False
DEV_NORMAL_034,752,781,0.23928547,False
DEV_NORMAL_034,753,782,0.23977335,False
DEV_NORMAL_034,754,783,0.23397875,False
DEV_NORMAL_034,755,784,0.23046641,False
DEV_NORMAL_034,756,785,0.23487088,False
DEV_NORMAL_034,757,786,0.23353897,False
DEV_NORMAL_034,758,787,0.23610555,False
DEV_NORMAL_034,759,788,0.22639224,False
DEV_NORMAL_034,760,789,0.23357812,False
DEV_NORMAL_034,761,790,0.22843184,False
DEV_NORMAL_034,762,791,0.22686666,False
DEV_NORMAL_034,763,792,0.22295885,False
DEV_NORMAL_034,764,793,0.22442539,False
DEV_NORMAL_034,765,794,0.23134829,False
DEV_NORMAL_034,766,795,0.24990527,False
DEV_NORMAL_034,767,796,0.24692221,False
DEV_NORMAL_034,768,797,0.23526001,False
DEV_NORMAL_034,769,798,0.24075477,False
DEV_NORMAL_034,770,799,0.24421388,False
DEV_NORMAL_034,771,800,0.24916403,False
DEV_NORMAL_034,772,801,0.26079598,False
DEV_NORMAL_034,773,802,0.21588977,False
DEV_NORMAL_034,774,803,0.21490425,False
DEV_NORMAL_034,775,804,0.2238942,False
DEV_NORMAL_034,776,805,0.20855986,False
DEV_NORMAL_034,777,806,0.22043957,False
DEV_NORMAL_034,778,807,0.2000995,False
DEV_NORMAL_034,779,808,0.19151886,False
DEV_NORMAL_034,780,809,0.19404732,False
DEV_NORMAL_034,781,810,0.22149041,False
DEV_NORMAL_034,782,811,0.22486386,False
DEV_NORMAL_034,783,812,0.2168545,False
DEV_NORMAL_034,784,813,0.20801215,False
DEV_NORMAL_034,785,814,0.22664322,False
DEV_NORMAL_034,786,815,0.23571676,False
DEV_NORMAL_034,787,816,0.24500765,False
DEV_NORMAL_034,788,817,0.2402622,False
DEV_NORMAL_034,789,818,0.24197379,False
DEV_NORMAL_034,790,819,0.24642055,False
DEV_NORMAL_034,791,820,0.25343513,False
DEV_NORMAL_034,792,821,0.26179215,False
DEV_NORMAL_034,793,822,0.27404818,False
DEV_NORMAL_034,794,823,0.26443735,False
DEV_NORMAL_034,795,824,0.28145868,False
DEV_NORMAL_034,796,825,0.2507461,False
DEV_NORMAL_034,797,826,0.26751843,False
DEV_NORMAL_034,798,827,0.24261917,False
DEV_NORMAL_034,799,828,0.23687097,False
DEV_NORMAL_034,800,829,0.2448828,False
DEV_NORMAL_034,801,830,0.25392452,False
DEV_NORMAL_034,802,831,0.24685554,False
DEV_NORMAL_034,803,832,0.2660147,False
DEV_NORMAL_034,804,833,0.26278073,False
DEV_NORMAL_034,805,834,0.2598477,False
DEV_NORMAL_034,806,835,0.25983813,False
DEV_NORMAL_034,807,836,0.24856195,False
DEV_NORMAL_034,808,837,0.26626378,False
DEV_NORMAL_034,809,838,0.26192537,False
DEV_NORMAL_034,810,839,0.23723173,False
DEV_NORMAL_034,811,840,0.2498827,False
DEV_NORMAL_034,812,841,0.25454518,False
DEV_NORMAL_034,813,842,0.26039553,False
DEV_NORMAL_034,814,843,0.22992243,False
DEV_NORMAL_034,815,844,0.25134248,False
DEV_NORMAL_034,816,845,0.24965629,False
DEV_NORMAL_034,817,846,0.26062208,False
DEV_NORMAL_034,818,847,0.26099464,False
DEV_NORMAL_034,819,848,0.2610749,False
DEV_NORMAL_034,820,849,0.26209554,False
DEV_NORMAL_034,821,850,0.2580005,False
DEV_NORMAL_034,822,851,0.2412743,False
DEV_NORMAL_034,823,852,0.23773423,False
DEV_NORMAL_034,824,853,0.22750947,False
DEV_NORMAL_034,825,854,0.22759013,False
DEV_NORMAL_034,826,855,0.21635514,False
DEV_NORMAL_034,827,856,0.21328256,False
DEV_NORMAL_034,828,857,0.21969527,False
DEV_NORMAL_034,829,858,0.2209375,False
DEV_NORMAL_034,830,859,0.20701922,False
DEV_NORMAL_034,831,860,0.21198429,False
DEV_NORMAL_034,832,861,0.2123744,False
DEV_NORMAL_034,833,862,0.20760609,False
DEV_NORMAL_034,834,863,0.2099109,False
DEV_NORMAL_034,835,864,0.21119598,False
DEV_NORMAL_034,836,865,0.1992521,False
DEV_NORMAL_034,837,866,0.20220664,False
DEV_NORMAL_034,838,867,0.20409396,False
DEV_NORMAL_034,839,868,0.21190831,False
DEV_NORMAL_034,840,869,0.20734826,False
DEV_NORMAL_034,841,870,0.21891253,False
DEV_NORMAL_034,842,871,0.21141253,False
DEV_NORMAL_034,843,872,0.22506472,False
DEV_NORMAL_034,844,873,0.19237141,False
DEV_NORMAL_034,845,874,0.21077041,False
DEV_NORMAL_034,846,875,0.21186963,False
DEV_NORMAL_034,847,876,0.21064447,False
DEV_NORMAL_034,848,877,0.21758385,False
DEV_NORMAL_034,849,878,0.23127253,False
DEV_NORMAL_034,850,879,0.23941015,False
DEV_NORMAL_034,851,880,0.26191905,False
DEV_NORMAL_034,852,881,0.25817183,False
DEV_NORMAL_034,853,882,0.2641677,False
DEV_NORMAL_034,854,883,0.26147157,False
DEV_NORMAL_034,855,884,0.259649,False
DEV_NORMAL_034,856,885,0.26194915,False
DEV_NORMAL_034,857,886,0.26815626,False
DEV_NORMAL_034,858,887,0.28767845,False
DEV_NORMAL_034,859,888,0.28915876,False
DEV_NORMAL_034,860,889,0.2650596,False
DEV_NORMAL_034,861,890,0.27342266,False
DEV_NORMAL_034,862,891,0.2794378,False
DEV_NORMAL_034,863,892,0.2764598,False
DEV_NORMAL_034,864,893,0.28570715,False
DEV_NORMAL_034,865,894,0.2888036,False
DEV_NORMAL_034,866,895,0.313182,True
DEV_NORMAL_034,867,896,0.30052707,True
DEV_NORMAL_034,868,897,0.30629995,True
DEV_NORMAL_034,869,898,0.29933745,True
DEV_NORMAL_034,870,899,0.29157224,True
DEV_NORMAL_043,0,29,0.27191028,False
DEV_NORMAL_043,1,30,0.26564115,False
DEV_NORMAL_043,2,31,0.27736697,False
DEV_NORMAL_043,3,32,0.26473168,False
DEV_NORMAL_043,4,33,0.23642285,False
DEV_NORMAL_043,5,34,0.23481096,False
DEV_NORMAL_043,6,35,0.24516341,False
DEV_NORMAL_043,7,36,0.25058,False
DEV_NORMAL_043,8,37,0.23891163,False
DEV_NORMAL_043,9,38,0.24862942,False
DEV_NORMAL_043,10,39,0.24897973,False
DEV_NORMAL_043,11,40,0.22938618,False
DEV_NORMAL_043,12,41,0.24173598,False
DEV_NORMAL_043,13,42,0.2308237,False
DEV_NORMAL_043,14,43,0.23635517,False
DEV_NORMAL_043,15,44,0.23810045,False
DEV_NORMAL_043,16,45,0.27215677,False
DEV_NORMAL_043,17,46,0.25724822,False
DEV_NORMAL_043,18,47,0.24535833,False
DEV_NORMAL_043,19,48,0.23168272,False
DEV_NORMAL_043,20,49,0.23648077,False
DEV_NORMAL_043,21,50,0.23764178,False
DEV_NORMAL_043,22,51,0.26495716,False
DEV_NORMAL_043,23,52,0.24659133,False
DEV_NORMAL_043,24,53,0.25379965,False
DEV_NORMAL_043,25,54,0.25241366,False
DEV_NORMAL_043,26,55,0.21949533,False
DEV_NORMAL_043,27,56,0.2132411,False
DEV_NORMAL_043,28,57,0.22164418,False
DEV_NORMAL_043,29,58,0.22309913,False
DEV_NORMAL_043,30,59,0.22694692,False
DEV_NORMAL_043,31,60,0.22933806,False
DEV_NORMAL_043,32,61,0.2312865,False
DEV_NORMAL_043,33,62,0.23049484,False
DEV_NORMAL_043,34,63,0.23319045,False
DEV_NORMAL_043,35,64,0.23939024,False
DEV_NORMAL_043,36,65,0.24394652,False
DEV_NORMAL_043,37,66,0.2437182,False
DEV_NORMAL_043,38,67,0.26476315,False
DEV_NORMAL_043,39,68,0.26429376,False
DEV_NORMAL_043,40,69,0.28029722,False
DEV_NORMAL_043,41,70,0.28689542,False
DEV_NORMAL_043,42,71,0.28157377,False
DEV_NORMAL_043,43,72,0.25797695,False
DEV_NORMAL_043,44,73,0.25729427,False
DEV_NORMAL_043,45,74,0.24275306,False
DEV_NORMAL_043,46,75,0.23349254,False
DEV_NORMAL_043,47,76,0.24325934,False
DEV_NORMAL_043,48,77,0.23843692,False
DEV_NORMAL_043,49,78,0.2471686,False
DEV_NORMAL_043,50,79,0.24051353,False
DEV_NORMAL_043,51,80,0.251429,False
DEV_NORMAL_043,52,81,0.24571514,False
DEV_NORMAL_043,53,82,0.2550869,False
DEV_NORMAL_043,54,83,0.2530889,False
DEV_NORMAL_043,55,84,0.2547183,False
DEV_NORMAL_043,56,85,0.25725815,False
DEV_NORMAL_043,57,86,0.24955146,False
DEV_NORMAL_043,58,87,0.23959023,False
DEV_NORMAL_043,59,88,0.23729426,False
DEV_NORMAL_043,60,89,0.24908797,False
DEV_NORMAL_043,61,90,0.24738225,False
DEV_NORMAL_043,62,91,0.2479008,False
DEV_NORMAL_043,63,92,0.24478628,False
DEV_NORMAL_043,64,93,0.23346709,False
DEV_NORMAL_043,65,94,0.23396908,False
DEV_NORMAL_043,66,95,0.22790204,False
DEV_NORMAL_043,67,96,0.20463422,False
DEV_NORMAL_043,68,97,0.20491783,False
DEV_NORMAL_043,69,98,0.19772938,False
DEV_NORMAL_043,70,99,0.20938806,False
DEV_NORMAL_043,71,100,0.20454764,False
DEV_NORMAL_043,72,101,0.1991656,False
DEV_NORMAL_043,73,102,0.20186894,False
DEV_NORMAL_043,74,103,0.19967015,False
DEV_NORMAL_043,75,104,0.18887714,False
DEV_NORMAL_043,76,105,0.18453242,False
DEV_NORMAL_043,77,106,0.20663889,False
DEV_NORMAL_043,78,107,0.2134675,False
DEV_NORMAL_043,79,108,0.20985031,False
DEV_NORMAL_043,80,109,0.19536403,False
DEV_NORMAL_043,81,110,0.20151968,False
DEV_NORMAL_043,82,111,0.22486357,False
DEV_NORMAL_043,83,112,0.2349251,False
DEV_NORMAL_043,84,113,0.22420351,False
DEV_NORMAL_043,85,114,0.22370437,False
DEV_NORMAL_043,86,115,0.23651129,False
DEV_NORMAL_043,87,116,0.2364081,False
DEV_NORMAL_043,88,117,0.24058212,False
DEV_NORMAL_043,89,118,0.25388965,False
DEV_NORMAL_043,90,119,0.25835264,False
DEV_NORMAL_043,91,120,0.23944126,False
DEV_NORMAL_043,92,121,0.24036121,False
DEV_NORMAL_043,93,122,0.238637,False
DEV_NORMAL_043,94,123,0.23541053,False
DEV_NORMAL_043,95,124,0.22231793,False
DEV_NORMAL_043,96,125,0.2268407,False
DEV_NORMAL_043,97,126,0.22653212,False
DEV_NORMAL_043,98,127,0.22295101,False
DEV_NORMAL_043,99,128,0.22619845,False
DEV_NORMAL_043,100,129,0.23448221,False
DEV_NORMAL_043,101,130,0.2358236,False
DEV_NORMAL_043,102,131,0.23241472,False
DEV_NORMAL_043,103,132,0.22085021,False
DEV_NORMAL_043,104,133,0.2367067,False
DEV_NORMAL_043,105,134,0.23214251,False
DEV_NORMAL_043,106,135,0.2282845,False
DEV_NORMAL_043,107,136,0.21287063,False
DEV_NORMAL_043,108,137,0.21089265,False
DEV_NORMAL_043,109,138,0.22828954,False
DEV_NORMAL_043,110,139,0.21754439,False
DEV_NORMAL_043,111,140,0.19782428,False
DEV_NORMAL_043,112,141,0.20081568,False
DEV_NORMAL_043,113,142,0.19547027,False
DEV_NORMAL_043,114,143,0.19296925,False
DEV_NORMAL_043,115,144,0.1892436,False
DEV_NORMAL_043,116,145,0.18631229,False
DEV_NORMAL_043,117,146,0.18007879,False
DEV_NORMAL_043,118,147,0.18876635,False
DEV_NORMAL_043,119,148,0.1945298,False
DEV_NORMAL_043,120,149,0.20185083,False
DEV_NORMAL_043,121,150,0.20094417,False
DEV_NORMAL_043,122,151,0.19300535,False
DEV_NORMAL_043,123,152,0.19482361,False
DEV_NORMAL_043,124,153,0.20115553,False
DEV_NORMAL_043,125,154,0.20529144,False
DEV_NORMAL_043,126,155,0.21105008,False
DEV_NORMAL_043,127,156,0.20959947,False
DEV_NORMAL_043,128,157,0.2083876,False
DEV_NORMAL_043,129,158,0.20349713,False
DEV_NORMAL_043,130,159,0.21344188,False
DEV_NORMAL_043,131,160,0.21001968,False
DEV_NORMAL_043,132,161,0.2074487,False
DEV_NORMAL_043,133,162,0.21004789,False
DEV_NORMAL_043,134,163,0.19549698,False
DEV_NORMAL_043,135,164,0.19501387,False
DEV_NORMAL_043,136,165,0.2108776,False
DEV_NORMAL_043,137,166,0.21012507,False
DEV_NORMAL_043,138,167,0.20997895,False
DEV_NORMAL_043,139,168,0.20869786,False
DEV_NORMAL_043,140,169,0.21433808,False
DEV_NORMAL_043,141,170,0.21910511,False
DEV_NORMAL_043,142,171,0.20080996,False
DEV_NORMAL_043,143,172,0.21467908,False
DEV_NORMAL_043,144,173,0.23216432,False
DEV_NORMAL_043,145,174,0.24093413,False
DEV_NORMAL_043,146,175,0.24086806,False
DEV_NORMAL_043,147,176,0.23025973,False
DEV_NORMAL_043,148,177,0.20540313,False
DEV_NORMAL_043,149,178,0.21265975,False
DEV_NORMAL_043,150,179,0.23615529,False
DEV_NORMAL_043,151,180,0.23632367,False
DEV_NORMAL_043,152,181,0.2516375,False
DEV_NORMAL_043,153,182,0.23793049,False
DEV_NORMAL_043,154,183,0.24225807,False
DEV_NORMAL_043,155,184,0.24854253,False
DEV_NORMAL_043,156,185,0.2480555,False
DEV_NORMAL_043,157,186,0.26485947,False
DEV_NORMAL_043,158,187,0.26763868,False
DEV_NORMAL_043,159,188,0.272909,False
DEV_NORMAL_043,160,189,0.28769404,False
DEV_NORMAL_043,161,190,0.28139815,False
DEV_NORMAL_043,162,191,0.27568677,False
DEV_NORMAL_043,163,192,0.28476143,False
DEV_NORMAL_043,164,193,0.27689877,False
DEV_NORMAL_043,165,194,0.27161208,False
DEV_NORMAL_043,166,195,0.25352016,False
DEV_NORMAL_043,167,196,0.23591134,False
DEV_NORMAL_043,168,197,0.26113072,False
DEV_NORMAL_043,169,198,0.25539437,False
DEV_NORMAL_043,170,199,0.25052768,False
DEV_NORMAL_043,171,200,0.24576126,False
DEV_NORMAL_043,172,201,0.27160734,False
DEV_NORMAL_043,173,202,0.25289196,False
DEV_NORMAL_043,174,203,0.24649985,False
DEV_NORMAL_043,175,204,0.2507039,False
DEV_NORMAL_043,176,205,0.24695855,False
DEV_NORMAL_043,177,206,0.23684672,False
DEV_NORMAL_043,178,207,0.26036203,False
DEV_NORMAL_043,179,208,0.25728777,False
DEV_NORMAL_043,180,209,0.2607583,False
DEV_NORMAL_043,181,210,0.24796163,False
DEV_NORMAL_043,182,211,0.23512512,False
DEV_NORMAL_043,183,212,0.24258916,False
DEV_NORMAL_043,184,213,0.24839605,False
DEV_NORMAL_043,185,214,0.22511062,False
DEV_NORMAL_043,186,215,0.2309524,False
DEV_NORMAL_043,187,216,0.23332621,False
DEV_NORMAL_043,188,217,0.24010181,False
DEV_NORMAL_043,189,218,0.23849599,False
DEV_NORMAL_043,190,219,0.24951537,False
DEV_NORMAL_043,191,220,0.26626572,False
DEV_NORMAL_043,192,221,0.27525017,False
DEV_NORMAL_043,193,222,0.290549,False
DEV_NORMAL_043,194,223,0.28101712,False
DEV_NORMAL_043,195,224,0.281467,False
DEV_NORMAL_043,196,225,0.27151367,False
DEV_NORMAL_043,197,226,0.2645342,False
DEV_NORMAL_043,198,227,0.2682285,False
DEV_NORMAL_043,199,228,0.2498276,False
DEV_NORMAL_043,200,229,0.2531998,False
DEV_NORMAL_043,201,230,0.24854477,False
DEV_NORMAL_043,202,231,0.24865024,False
DEV_NORMAL_043,203,232,0.25959557,False
DEV_NORMAL_043,204,233,0.2667972,False
DEV_NORMAL_043,205,234,0.27789307,False
DEV_NORMAL_043,206,235,0.2709962,False
DEV_NORMAL_043,207,236,0.2583414,False
DEV_NORMAL_043,208,237,0.24761394,False
DEV_NORMAL_043,209,238,0.24092858,False
DEV_NORMAL_043,210,239,0.24246694,False
DEV_NORMAL_043,211,240,0.27284425,False
DEV_NORMAL_043,212,241,0.27356103,False
DEV_NORMAL_043,213,242,0.28339335,False
DEV_NORMAL_043,214,243,0.27264205,False
DEV_NORMAL_043,215,244,0.2504631,False
DEV_NORMAL_043,216,245,0.26418126,False
DEV_NORMAL_043,217,246,0.2652791,False
DEV_NORMAL_043,218,247,0.26263455,False
DEV_NORMAL_043,219,248,0.26844198,False
DEV_NORMAL_043,220,249,0.26652366,False
DEV_NORMAL_043,221,250,0.26389566,False
DEV_NORMAL_043,222,251,0.25483412,False
DEV_NORMAL_043,223,252,0.26222238,False
DEV_NORMAL_043,224,253,0.2657286,False
DEV_NORMAL_043,225,254,0.27481446,False
DEV_NORMAL_043,226,255,0.28614694,False
DEV_NORMAL_043,227,256,0.32262668,True
DEV_NORMAL_043,228,257,0.31597605,True
DEV_NORMAL_043,229,258,0.29917,True
DEV_NORMAL_043,230,259,0.29558423,True
DEV_NORMAL_043,231,260,0.30287167,True
DEV_NORMAL_043,232,261,0.30678532,True
DEV_NORMAL_043,233,262,0.29902872,True
DEV_NORMAL_043,234,263,0.30272084,True
DEV_NORMAL_043,235,264,0.30034444,True
DEV_NORMAL_043,236,265,0.28958616,False
DEV_NORMAL_043,237,266,0.3035332,True
DEV_NORMAL_043,238,267,0.28698584,False
DEV_NORMAL_043,239,268,0.29162502,True
DEV_NORMAL_043,240,269,0.2719408,False
DEV_NORMAL_043,241,270,0.2969424,True
DEV_NORMAL_043,242,271,0.29225597,True
DEV_NORMAL_043,243,272,0.28742835,False
DEV_NORMAL_043,244,273,0.28634486,False
DEV_NORMAL_043,245,274,0.29042327,False
DEV_NORMAL_043,246,275,0.28083736,False
DEV_NORMAL_043,247,276,0.26288286,False
DEV_NORMAL_043,248,277,0.25764745,False
DEV_NORMAL_043,249,278,0.2687359,False
DEV_NORMAL_043,250,279,0.2651832,False
DEV_NORMAL_043,251,280,0.24507059,False
DEV_NORMAL_043,252,281,0.2563687,False
DEV_NORMAL_043,253,282,0.26367566,False
DEV_NORMAL_043,254,283,0.25486833,False
DEV_NORMAL_043,255,284,0.2471517,False
DEV_NORMAL_043,256,285,0.25299454,False
DEV_NORMAL_043,257,286,0.25692543,False
DEV_NORMAL_043,258,287,0.24761099,False
DEV_NORMAL_043,259,288,0.23691282,False
DEV_NORMAL_043,260,289,0.24478102,False
DEV_NORMAL_043,261,290,0.22842269,False
DEV_NORMAL_043,262,291,0.21734686,False
DEV_NORMAL_043,263,292,0.22670358,False
DEV_NORMAL_043,264,293,0.24570078,False
DEV_NORMAL_043,265,294,0.23004688,False
DEV_NORMAL_043,266,295,0.22413215,False
DEV_NORMAL_043,267,296,0.21471237,False
DEV_NORMAL_043,268,297,0.18464054,False
DEV_NORMAL_043,269,298,0.17517231,False
DEV_NORMAL_043,270,299,0.17661162,False
DEV_NORMAL_043,271,300,0.1718969,False
DEV_NORMAL_043,272,301,0.16955134,False
DEV_NORMAL_043,273,302,0.170259,False
DEV_NORMAL_043,274,303,0.16920961,False
DEV_NORMAL_043,275,304,0.18242714,False
DEV_NORMAL_043,276,305,0.19532843,False
DEV_NORMAL_043,277,306,0.16096444,False
DEV_NORMAL_043,278,307,0.16642122,False
DEV_NORMAL_043,279,308,0.16885838,False
DEV_NORMAL_043,280,309,0.16677599,False
DEV_NORMAL_043,281,310,0.16689758,False
DEV_NORMAL_043,282,311,0.16500211,False
DEV_NORMAL_043,283,312,0.1818313,False
DEV_NORMAL_043,284,313,0.17318718,False
DEV_NORMAL_043,285,314,0.17630488,False
DEV_NORMAL_043,286,315,0.17104438,False
DEV_NORMAL_043,287,316,0.17654303,False
DEV_NORMAL_043,288,317,0.16993393,False
DEV_NORMAL_043,289,318,0.17331362,False
DEV_NORMAL_043,290,319,0.21307613,False
DEV_NORMAL_043,291,320,0.215791,False
DEV_NORMAL_043,292,321,0.24176762,False
DEV_NORMAL_043,293,322,0.23566994,False
DEV_NORMAL_043,294,323,0.24116859,False
DEV_NORMAL_043,295,324,0.23486306,False
DEV_NORMAL_043,296,325,0.23709136,False
DEV_NORMAL_043,297,326,0.24812642,False
DEV_NORMAL_043,298,327,0.25099793,False
DEV_NORMAL_043,299,328,0.24139014,False
DEV_NORMAL_043,300,329,0.24967645,False
DEV_NORMAL_043,301,330,0.25170815,False
DEV_NORMAL_043,302,331,0.24081539,False
DEV_NORMAL_043,303,332,0.23712085,False
DEV_NORMAL_043,304,333,0.2414168,False
DEV_NORMAL_043,305,334,0.25688106,False
DEV_NORMAL_043,306,335,0.25862637,False
DEV_NORMAL_043,307,336,0.2593124,False
DEV_NORMAL_043,308,337,0.2639883,False
DEV_NORMAL_043,309,338,0.27588063,False
DEV_NORMAL_043,310,339,0.2641544,False
DEV_NORMAL_043,311,340,0.25400698,False
DEV_NORMAL_043,312,341,0.23747924,False
DEV_NORMAL_043,313,342,0.2381451,False
DEV_NORMAL_043,314,343,0.24225299,False
DEV_NORMAL_043,315,344,0.2418858,False
DEV_NORMAL_043,316,345,0.25181928,False
DEV_NORMAL_043,317,346,0.25249073,False
DEV_NORMAL_043,318,347,0.25385264,False
DEV_NORMAL_043,319,348,0.22503583,False
DEV_NORMAL_043,320,349,0.24015276,False
DEV_NORMAL_043,321,350,0.2060172,False
DEV_NORMAL_043,322,351,0.20377375,False
DEV_NORMAL_043,323,352,0.19848458,False
DEV_NORMAL_043,324,353,0.19807734,False
DEV_NORMAL_043,325,354,0.19765511,False
DEV_NORMAL_043,326,355,0.20304984,False
DEV_NORMAL_043,327,356,0.20761971,False
DEV_NORMAL_043,328,357,0.21737833,False
DEV_NORMAL_043,329,358,0.21126643,False
DEV_NORMAL_043,330,359,0.21236986,False
DEV_NORMAL_043,331,360,0.223089,False
DEV_NORMAL_043,332,361,0.23122229,False
DEV_NORMAL_043,333,362,0.22594735,False
DEV_NORMAL_043,334,363,0.22830611,False
DEV_NORMAL_043,335,364,0.23361467,False
DEV_NORMAL_043,336,365,0.24864823,False
DEV_NORMAL_043,337,366,0.2383884,False
DEV_NORMAL_043,338,367,0.24235159,False
DEV_NORMAL_043,339,368,0.22474593,False
DEV_NORMAL_043,340,369,0.22602685,False
DEV_NORMAL_043,341,370,0.22300822,False
DEV_NORMAL_043,342,371,0.21609503,False
DEV_NORMAL_043,343,372,0.21681362,False
DEV_NORMAL_043,344,373,0.21578468,False
DEV_NORMAL_043,345,374,0.20331314,False
DEV_NORMAL_043,346,375,0.20981742,False
DEV_NORMAL_043,347,376,0.20613466,False
DEV_NORMAL_043,348,377,0.20650326,False
DEV_NORMAL_043,349,378,0.19992192,False
DEV_NORMAL_043,350,379,0.19050404,False
DEV_NORMAL_043,351,380,0.19995588,False
DEV_NORMAL_043,352,381,0.20682028,False
DEV_NORMAL_043,353,382,0.20307547,False
DEV_NORMAL_043,354,383,0.2099063,False
DEV_NORMAL_043,355,384,0.20189139,False
DEV_NORMAL_043,356,385,0.20859966,False
DEV_NORMAL_043,357,386,0.19724703,False
DEV_NORMAL_043,358,387,0.20625687,False
DEV_NORMAL_043,359,388,0.21280716,False
DEV_NORMAL_043,360,389,0.19993864,False
DEV_NORMAL_043,361,390,0.19385806,False
DEV_NORMAL_043,362,391,0.19283238,False
DEV_NORMAL_043,363,392,0.1954682,False
DEV_NORMAL_043,364,393,0.19822802,False
DEV_NORMAL_043,365,394,0.19732028,False
DEV_NORMAL_043,366,395,0.19786933,False
DEV_NORMAL_043,367,396,0.20061025,False
DEV_NORMAL_043,368,397,0.19547914,False
DEV_NORMAL_043,369,398,0.20157215,False
DEV_NORMAL_043,370,399,0.20087337,False
DEV_NORMAL_043,371,400,0.20376775,False
DEV_NORMAL_043,372,401,0.21396253,False
DEV_NORMAL_043,373,402,0.22264194,False
DEV_NORMAL_043,374,403,0.2118015,False
DEV_NORMAL_043,375,404,0.20934692,False
DEV_NORMAL_043,376,405,0.20913973,False
DEV_NORMAL_043,377,406,0.23518835,False
DEV_NORMAL_043,378,407,0.23225778,False
DEV_NORMAL_043,379,408,0.24181019,False
DEV_NORMAL_043,380,409,0.2332836,False
DEV_NORMAL_043,381,410,0.23431619,False
DEV_NORMAL_043,382,411,0.21404381,False
DEV_NORMAL_043,383,412,0.21746133,False
DEV_NORMAL_043,384,413,0.22056268,False
DEV_NORMAL_043,385,414,0.21995428,False
DEV_NORMAL_043,386,415,0.21754736,False
DEV_NORMAL_043,387,416,0.21189211,False
DEV_NORMAL_043,388,417,0.20834222,False
DEV_NORMAL_043,389,418,0.20508483,False
DEV_NORMAL_043,390,419,0.21887383,False
DEV_NORMAL_043,391,420,0.21234213,False
DEV_NORMAL_043,392,421,0.21997163,False
DEV_NORMAL_043,393,422,0.20542856,False
DEV_NORMAL_043,394,423,0.18051103,False
DEV_NORMAL_043,395,424,0.19031991,False
DEV_NORMAL_043,396,425,0.19350268,False
DEV_NORMAL_043,397,426,0.20466678,False
DEV_NORMAL_043,398,427,0.20269829,False
DEV_NORMAL_043,399,428,0.20393257,False
DEV_NORMAL_043,400,429,0.19484074,False
DEV_NORMAL_043,401,430,0.18955117,False
DEV_NORMAL_043,402,431,0.17945287,False
DEV_NORMAL_043,403,432,0.17492437,False
DEV_NORMAL_043,404,433,0.16843472,False
DEV_NORMAL_043,405,434,0.16478181,False
DEV_NORMAL_043,406,435,0.15990852,False
DEV_NORMAL_043,407,436,0.16629314,False
DEV_NORMAL_043,408,437,0.17374967,False
DEV_NORMAL_043,409,438,0.17801143,False
DEV_NORMAL_043,410,439,0.19694781,False
DEV_NORMAL_043,411,440,0.17961794,False
DEV_NORMAL_043,412,441,0.16748203,False
DEV_NORMAL_043,413,442,0.17038806,False
DEV_NORMAL_043,414,443,0.18066792,False
DEV_NORMAL_043,415,444,0.17727023,False
DEV_NORMAL_043,416,445,0.17137578,False
DEV_NORMAL_043,417,446,0.15659234,False
DEV_NORMAL_043,418,447,0.18645589,False
DEV_NORMAL_043,419,448,0.19104885,False
DEV_NORMAL_043,420,449,0.18525632,False
DEV_NORMAL_043,421,450,0.15626736,False
DEV_NORMAL_043,422,451,0.18999872,False
DEV_NORMAL_043,423,452,0.19021206,False
DEV_NORMAL_043,424,453,0.1823237,False
DEV_NORMAL_043,425,454,0.19466543,False
DEV_NORMAL_043,426,455,0.20819244,False
DEV_NORMAL_043,427,456,0.21418346,False
DEV_NORMAL_043,428,457,0.21504469,False
DEV_NORMAL_043,429,458,0.21687967,False
DEV_NORMAL_043,430,459,0.22476822,False
DEV_NORMAL_043,431,460,0.2500501,False
DEV_NORMAL_043,432,461,0.27090886,False
DEV_NORMAL_043,433,462,0.26241797,False
DEV_NORMAL_043,434,463,0.25672132,False
DEV_NORMAL_043,435,464,0.26002485,False
DEV_NORMAL_043,436,465,0.27281576,False
DEV_NORMAL_043,437,466,0.2866245,False
DEV_NORMAL_043,438,467,0.27952003,False
DEV_NORMAL_043,439,468,0.2970539,True
DEV_NORMAL_043,440,469,0.29327133,True
DEV_NORMAL_043,441,470,0.30735,True
DEV_NORMAL_043,442,471,0.31132966,True
DEV_NORMAL_043,443,472,0.3013243,True
DEV_NORMAL_043,444,473,0.2974037,True
DEV_NORMAL_043,445,474,0.29736206,True
DEV_NORMAL_043,446,475,0.29899693,True
DEV_NORMAL_043,447,476,0.2928114,True
DEV_NORMAL_043,448,477,0.284421,False
DEV_NORMAL_043,449,478,0.29274952,True
DEV_NORMAL_043,450,479,0.28555807,False
DEV_NORMAL_043,451,480,0.2947066,True
DEV_NORMAL_043,452,481,0.30248687,True
DEV_NORMAL_043,453,482,0.2802723,False
DEV_NORMAL_043,454,483,0.28205642,False
DEV_NORMAL_043,455,484,0.26990134,False
DEV_NORMAL_043,456,485,0.24891128,False
DEV_NORMAL_043,457,486,0.24768619,False
DEV_NORMAL_043,458,487,0.25128427,False
DEV_NORMAL_043,459,488,0.23851958,False
DEV_NORMAL_043,460,489,0.22184347,False
DEV_NORMAL_043,461,490,0.21817786,False
DEV_NORMAL_043,462,491,0.2118404,False
DEV_NORMAL_043,463,492,0.21755433,False
DEV_NORMAL_043,464,493,0.22364998,False
DEV_NORMAL_043,465,494,0.20901355,False
DEV_NORMAL_043,466,495,0.20498171,False
DEV_NORMAL_043,467,496,0.19873765,False
DEV_NORMAL_043,468,497,0.19291331,False
DEV_NORMAL_043,469,498,0.20548798,False
DEV_NORMAL_043,470,499,0.21100344,False
DEV_NORMAL_043,471,500,0.20027971,False
DEV_NORMAL_043,472,501,0.1974713,False
DEV_NORMAL_043,473,502,0.21046463,False
DEV_NORMAL_043,474,503,0.19920334,False
DEV_NORMAL_043,475,504,0.20226695,False
DEV_NORMAL_043,476,505,0.1963164,False
DEV_NORMAL_043,477,506,0.19894995,False
DEV_NORMAL_043,478,507,0.20161702,False
DEV_NORMAL_043,479,508,0.2037246,False
DEV_NORMAL_043,480,509,0.20675239,False
DEV_NORMAL_043,481,510,0.21542762,False
DEV_NORMAL_043,482,511,0.2023494,False
DEV_NORMAL_043,483,512,0.20251392,False
DEV_NORMAL_043,484,513,0.19591494,False
DEV_NORMAL_043,485,514,0.20741755,False
DEV_NORMAL_043,486,515,0.21227403,False
DEV_NORMAL_043,487,516,0.20284285,False
DEV_NORMAL_043,488,517,0.21045494,False
DEV_NORMAL_043,489,518,0.2058904,False
DEV_NORMAL_043,490,519,0.20448719,False
DEV_NORMAL_043,491,520,0.2116966,False
DEV_NORMAL_043,492,521,0.20697728,False
DEV_NORMAL_043,493,522,0.23035288,False
DEV_NORMAL_043,494,523,0.23347041,False
DEV_NORMAL_043,495,524,0.23427486,False
DEV_NORMAL_043,496,525,0.23190738,False
DEV_NORMAL_043,497,526,0.23579563,False
DEV_NORMAL_043,498,527,0.2465711,False
DEV_NORMAL_043,499,528,0.22441022,False
DEV_NORMAL_043,500,529,0.2319132,False
DEV_NORMAL_043,501,530,0.23711671,False
DEV_NORMAL_043,502,531,0.2242538,False
DEV_NORMAL_043,503,532,0.22823833,False
DEV_NORMAL_043,504,533,0.23765591,False
DEV_NORMAL_043,505,534,0.23892434,False
DEV_NORMAL_043,506,535,0.23981462,False
DEV_NORMAL_043,507,536,0.24431156,False
DEV_NORMAL_043,508,537,0.22827391,False
DEV_NORMAL_043,509,538,0.21293634,False
DEV_NORMAL_043,510,539,0.21599503,False
DEV_NORMAL_043,511,540,0.23194498,False
DEV_NORMAL_043,512,541,0.22882126,False
DEV_NORMAL_043,513,542,0.22489166,False
DEV_NORMAL_043,514,543,0.23956124,False
DEV_NORMAL_043,515,544,0.24096164,False
DEV_NORMAL_043,516,545,0.23527177,False
DEV_NORMAL_043,517,546,0.23700425,False
DEV_NORMAL_043,518,547,0.24574855,False
DEV_NORMAL_043,519,548,0.23522492,False
DEV_NORMAL_043,520,549,0.2450924,False
DEV_NORMAL_043,521,550,0.2278404,False
DEV_NORMAL_043,522,551,0.23852637,False
DEV_NORMAL_043,523,552,0.24768487,False
DEV_NORMAL_043,524,553,0.23903145,False
DEV_NORMAL_043,525,554,0.24903768,False
DEV_NORMAL_043,526,555,0.2504495,False
DEV_NORMAL_043,527,556,0.24254963,False
DEV_NORMAL_043,528,557,0.24754395,False
DEV_NORMAL_043,529,558,0.25546876,False
DEV_NORMAL_043,530,559,0.25736922,False
DEV_NORMAL_043,531,560,0.24518265,False
DEV_NORMAL_043,532,561,0.24786396,False
DEV_NORMAL_043,533,562,0.2400759,False
DEV_NORMAL_043,534,563,0.23041947,False
DEV_NORMAL_043,535,564,0.23265584,False
DEV_NORMAL_043,536,565,0.23789883,False
DEV_NORMAL_043,537,566,0.23237506,False
DEV_NORMAL_043,538,567,0.23028,False
DEV_NORMAL_043,539,568,0.22592303,False
DEV_NORMAL_043,540,569,0.21129633,False
DEV_NORMAL_043,541,570,0.21008138,False
DEV_NORMAL_043,542,571,0.22637793,False
DEV_NORMAL_043,543,572,0.19928476,False
DEV_NORMAL_043,544,573,0.2006671,False
DEV_NORMAL_043,545,574,0.19677912,False
DEV_NORMAL_043,546,575,0.19897653,False
DEV_NORMAL_043,547,576,0.20325439,False
DEV_NORMAL_043,548,577,0.19720648,False
DEV_NORMAL_043,549,578,0.20248364,False
DEV_NORMAL_043,550,579,0.21667884,False
DEV_NORMAL_043,551,580,0.21472105,False
DEV_NORMAL_043,552,581,0.1839056,False
DEV_NORMAL_043,553,582,0.18256602,False
DEV_NORMAL_043,554,583,0.18768498,False
DEV_NORMAL_043,555,584,0.2063988,False
DEV_NORMAL_043,556,585,0.20214391,False
DEV_NORMAL_043,557,586,0.1913633,False
DEV_NORMAL_043,558,587,0.19141974,False
DEV_NORMAL_043,559,588,0.19121978,False
DEV_NORMAL_043,560,589,0.19113499,False
DEV_NORMAL_043,561,590,0.18312262,False
DEV_NORMAL_043,562,591,0.1880522,False
DEV_NORMAL_043,563,592,0.19423376,False
DEV_NORMAL_043,564,593,0.19852445,False
DEV_NORMAL_043,565,594,0.19801977,False
DEV_NORMAL_043,566,595,0.19788456,False
DEV_NORMAL_043,567,596,0.19601788,False
DEV_NORMAL_043,568,597,0.20354728,False
DEV_NORMAL_043,569,598,0.20616831,False
DEV_NORMAL_043,570,599,0.22758135,False
DEV_NORMAL_043,571,600,0.22625789,False
DEV_NORMAL_043,572,601,0.21523555,False
DEV_NORMAL_043,573,602,0.2210035,False
DEV_NORMAL_043,574,603,0.21928515,False
DEV_NORMAL_043,575,604,0.21887639,False
DEV_NORMAL_043,576,605,0.21637446,False
DEV_NORMAL_043,577,606,0.21712297,False
DEV_NORMAL_043,578,607,0.23157826,False
DEV_NORMAL_043,579,608,0.21663705,False
DEV_NORMAL_043,580,609,0.21943201,False
DEV_NORMAL_043,581,610,0.21692523,False
DEV_NORMAL_043,582,611,0.22952841,False
DEV_NORMAL_043,583,612,0.22639324,False
DEV_NORMAL_043,584,613,0.23596898,False
DEV_NORMAL_043,585,614,0.23579045,False
DEV_NORMAL_043,586,615,0.23364562,False
DEV_NORMAL_043,587,616,0.22978422,False
DEV_NORMAL_043,588,617,0.22194983,False
DEV_NORMAL_043,589,618,0.22061934,False
DEV_NORMAL_043,590,619,0.21871482,False
DEV_NORMAL_043,591,620,0.21318337,False
DEV_NORMAL_043,592,621,0.20901683,False
DEV_NORMAL_043,593,622,0.20177253,False
DEV_NORMAL_043,594,623,0.198876,False
DEV_NORMAL_043,595,624,0.19835466,False
DEV_NORMAL_043,596,625,0.20934282,False
DEV_NORMAL_043,597,626,0.22183046,False
DEV_NORMAL_043,598,627,0.22137007,False
DEV_NORMAL_043,599,628,0.21625143,False
DEV_NORMAL_043,600,629,0.2174647,False
DEV_NORMAL_043,601,630,0.21927676,False
DEV_NORMAL_043,602,631,0.20860274,False
DEV_NORMAL_043,603,632,0.20862994,False
DEV_NORMAL_043,604,633,0.20946522,False
DEV_NORMAL_043,605,634,0.21130879,False
DEV_NORMAL_043,606,635,0.19033584,False
DEV_NORMAL_043,607,636,0.18395407,False
DEV_NORMAL_043,608,637,0.17906979,False
DEV_NORMAL_043,609,638,0.17468326,False
DEV_NORMAL_043,610,639,0.17636964,False
DEV_NORMAL_043,611,640,0.16277549,False
DEV_NORMAL_043,612,641,0.16770338,False
DEV_NORMAL_043,613,642,0.15521994,False
DEV_NORMAL_043,614,643,0.14932974,False
DEV_NORMAL_043,615,644,0.16361402,False
DEV_NORMAL_043,616,645,0.1523026,False
DEV_NORMAL_043,617,646,0.14526078,False
DEV_NORMAL_043,618,647,0.15375115,False
DEV_NORMAL_043,619,648,0.1716687,False
DEV_NORMAL_043,620,649,0.16760162,False
DEV_NORMAL_043,621,650,0.16815971,False
DEV_NORMAL_043,622,651,0.18723384,False
DEV_NORMAL_043,623,652,0.1847643,False
DEV_NORMAL_043,624,653,0.17134356,False
DEV_NORMAL_043,625,654,0.17157196,False
DEV_NORMAL_043,626,655,0.18432076,False
DEV_NORMAL_043,627,656,0.1956729,False
DEV_NORMAL_043,628,657,0.20587026,False
DEV_NORMAL_043,629,658,0.2138578,False
DEV_NORMAL_043,630,659,0.20588951,False
DEV_NORMAL_043,631,660,0.19942477,False
DEV_NORMAL_043,632,661,0.21457571,False
DEV_NORMAL_043,633,662,0.21521643,False
DEV_NORMAL_043,634,663,0.2136324,False
DEV_NORMAL_043,635,664,0.21609615,False
DEV_NORMAL_043,636,665,0.22191739,False
DEV_NORMAL_043,637,666,0.2246637,False
DEV_NORMAL_043,638,667,0.2383638,False
DEV_NORMAL_043,639,668,0.24469732,False
DEV_NORMAL_043,640,669,0.24706082,False
DEV_NORMAL_043,641,670,0.24544093,False
DEV_NORMAL_043,642,671,0.25217304,False
DEV_NORMAL_043,643,672,0.25280803,False
DEV_NORMAL_043,644,673,0.26277694,False
DEV_NORMAL_043,645,674,0.2629209,False
DEV_NORMAL_043,646,675,0.26918185,False
DEV_NORMAL_043,647,676,0.2663769,False
DEV_NORMAL_043,648,677,0.24794826,False
DEV_NORMAL_043,649,678,0.2553546,False
DEV_NORMAL_043,650,679,0.2440047,False
DEV_NORMAL_043,651,680,0.2533006,False
DEV_NORMAL_043,652,681,0.22548658,False
DEV_NORMAL_043,653,682,0.22768362,False
DEV_NORMAL_043,654,683,0.21857694,False
DEV_NORMAL_043,655,684,0.2139895,False
DEV_NORMAL_043,656,685,0.19893199,False
DEV_NORMAL_043,657,686,0.20255838,False
DEV_NORMAL_043,658,687,0.20991498,False
DEV_NORMAL_043,659,688,0.21630444,False
DEV_NORMAL_043,660,689,0.21592365,False
DEV_NORMAL_043,661,690,0.22700116,False
DEV_NORMAL_043,662,691,0.22075953,False
DEV_NORMAL_043,663,692,0.21743245,False
DEV_NORMAL_043,664,693,0.2122199,False
DEV_NORMAL_043,665,694,0.20780253,False
DEV_NORMAL_043,666,695,0.217284,False
DEV_NORMAL_043,667,696,0.21597579,False
DEV_NORMAL_043,668,697,0.2206803,False
DEV_NORMAL_043,669,698,0.216491,False
DEV_NORMAL_043,670,699,0.2220694,False
DEV_NORMAL_043,671,700,0.22192986,False
DEV_NORMAL_043,672,701,0.21619971,False
DEV_NORMAL_043,673,702,0.22286822,False
DEV_NORMAL_043,674,703,0.19970672,False
DEV_NORMAL_043,675,704,0.19090727,False
DEV_NORMAL_043,676,705,0.19484454,False
DEV_NORMAL_043,677,706,0.21313004,False
DEV_NORMAL_043,678,707,0.21058078,False
DEV_NORMAL_043,679,708,0.19803947,False
DEV_NORMAL_043,680,709,0.20018038,False
DEV_NORMAL_043,681,710,0.20872733,False
DEV_NORMAL_043,682,711,0.20311788,False
DEV_NORMAL_043,683,712,0.21016452,False
DEV_NORMAL_043,684,713,0.21630067,False
DEV_NORMAL_043,685,714,0.21382627,False
DEV_NORMAL_043,686,715,0.21707378,False
DEV_NORMAL_043,687,716,0.22610731,False
DEV_NORMAL_043,688,717,0.21480025,False
DEV_NORMAL_043,689,718,0.2046188,False
DEV_NORMAL_043,690,719,0.21406642,False
DEV_NORMAL_043,691,720,0.23019566,False
DEV_NORMAL_043,692,721,0.2225777,False
DEV_NORMAL_043,693,722,0.2113804,False
DEV_NORMAL_043,694,723,0.21804442,False
DEV_NORMAL_043,695,724,0.22074929,False
DEV_NORMAL_043,696,725,0.21202232,False
DEV_NORMAL_043,697,726,0.20017894,False
DEV_NORMAL_043,698,727,0.20630178,False
DEV_NORMAL_043,699,728,0.20922428,False
DEV_NORMAL_043,700,729,0.22612494,False
DEV_NORMAL_043,701,730,0.2261431,False
DEV_NORMAL_043,702,731,0.23147802,False
DEV_NORMAL_043,703,732,0.22595747,False
DEV_NORMAL_043,704,733,0.2191894,False
DEV_NORMAL_043,705,734,0.24541117,False
DEV_NORMAL_043,706,735,0.24952425,False
DEV_NORMAL_043,707,736,0.23796962,False
DEV_NORMAL_043,708,737,0.23848963,False
DEV_NORMAL_043,709,738,0.24746181,False
DEV_NORMAL_043,710,739,0.24382393,False
DEV_NORMAL_043,711,740,0.21157677,False
DEV_NORMAL_043,712,741,0.19643936,False
DEV_NORMAL_043,713,742,0.22678897,False
DEV_NORMAL_043,714,743,0.20979978,False
DEV_NORMAL_043,715,744,0.21880004,False
DEV_NORMAL_043,716,745,0.23292752,False
DEV_NORMAL_043,717,746,0.21903019,False
DEV_NORMAL_043,718,747,0.20798397,False
DEV_NORMAL_043,719,748,0.21010746,False
DEV_NORMAL_043,720,749,0.20422806,False
DEV_NORMAL_043,721,750,0.21530844,False
DEV_NORMAL_043,722,751,0.23878165,False
DEV_NORMAL_043,723,752,0.23967521,False
DEV_NORMAL_043,724,753,0.23190907,False
DEV_NORMAL_043,725,754,0.22813667,False
DEV_NORMAL_043,726,755,0.23284148,False
DEV_NORMAL_043,727,756,0.21919934,False
DEV_NORMAL_043,728,757,0.21358283,False
DEV_NORMAL_043,729,758,0.20802459,False
DEV_NORMAL_043,730,759,0.20126028,False
DEV_NORMAL_043,731,760,0.20294994,False
DEV_NORMAL_043,732,761,0.21989301,False
DEV_NORMAL_043,733,762,0.19696897,False
DEV_NORMAL_043,734,763,0.19955616,False
DEV_NORMAL_043,735,764,0.18493733,False
DEV_NORMAL_043,736,765,0.17665593,False
DEV_NORMAL_043,737,766,0.18420158,False
DEV_NORMAL_043,738,767,0.18023787,False
DEV_NORMAL_043,739,768,0.20154619,False
DEV_NORMAL_043,740,769,0.19750524,False
DEV_NORMAL_043,741,770,0.20973314,False
DEV_NORMAL_043,742,771,0.20059752,False
DEV_NORMAL_043,743,772,0.20311327,False
DEV_NORMAL_043,744,773,0.21735671,False
DEV_NORMAL_043,745,774,0.20707884,False
DEV_NORMAL_043,746,775,0.21434675,False
DEV_NORMAL_043,747,776,0.20091237,False
DEV_NORMAL_043,748,777,0.2050662,False
DEV_NORMAL_043,749,778,0.22069584,False
DEV_NORMAL_043,750,779,0.22426559,False
DEV_NORMAL_043,751,780,0.22368313,False
DEV_NORMAL_043,752,781,0.21449913,False
DEV_NORMAL_043,753,782,0.22278363,False
DEV_NORMAL_043,754,783,0.23343296,False
DEV_NORMAL_043,755,784,0.22045046,False
DEV_NORMAL_043,756,785,0.22998054,False
DEV_NORMAL_043,757,786,0.23345448,False
DEV_NORMAL_043,758,787,0.23212999,False
DEV_NORMAL_043,759,788,0.24470656,False
DEV_NORMAL_043,760,789,0.2574163,False
DEV_NORMAL_043,761,790,0.24837597,False
DEV_NORMAL_043,762,791,0.24985957,False
DEV_NORMAL_043,763,792,0.25510013,False
DEV_NORMAL_043,764,793,0.23812835,False
DEV_NORMAL_043,765,794,0.24410918,False
DEV_NORMAL_043,766,795,0.2469874,False
DEV_NORMAL_043,767,796,0.23815621,False
DEV_NORMAL_043,768,797,0.23487674,False
DEV_NORMAL_043,769,798,0.24480467,False
DEV_NORMAL_043,770,799,0.22790541,False
DEV_NORMAL_043,771,800,0.22027464,False
DEV_NORMAL_043,772,801,0.21983124,False
DEV_NORMAL_043,773,802,0.22493163,False
DEV_NORMAL_043,774,803,0.2163477,False
DEV_NORMAL_043,775,804,0.2351055,False
DEV_NORMAL_043,776,805,0.21551587,False
DEV_NORMAL_043,777,806,0.22688185,False
DEV_NORMAL_043,778,807,0.23061742,False
DEV_NORMAL_043,779,808,0.22557548,False
DEV_NORMAL_043,780,809,0.22650003,False
DEV_NORMAL_043,781,810,0.2180068,False
DEV_NORMAL_043,782,811,0.22086121,False
DEV_NORMAL_043,783,812,0.20243801,False
DEV_NORMAL_043,784,813,0.20821065,False
DEV_NORMAL_043,785,814,0.20729767,False
DEV_NORMAL_043,786,815,0.21949781,False
DEV_NORMAL_043,787,816,0.20705232,False
DEV_NORMAL_043,788,817,0.20718776,False
DEV_NORMAL_043,789,818,0.2023201,False
DEV_NORMAL_043,790,819,0.23117915,False
DEV_NORMAL_043,791,820,0.22463195,False
DEV_NORMAL_043,792,821,0.23226592,False
DEV_NORMAL_043,793,822,0.23419602,False
DEV_NORMAL_043,794,823,0.2255318,False
DEV_NORMAL_043,795,824,0.2305828,False
DEV_NORMAL_043,796,825,0.2295564,False
DEV_NORMAL_043,797,826,0.22448581,False
DEV_NORMAL_043,798,827,0.22486195,False
DEV_NORMAL_043,799,828,0.21280235,False
DEV_NORMAL_043,800,829,0.20696396,False
DEV_NORMAL_043,801,830,0.21614186,False
DEV_NORMAL_043,802,831,0.22206059,False
DEV_NORMAL_043,803,832,0.2217891,False
DEV_NORMAL_043,804,833,0.2091874,False
DEV_NORMAL_043,805,834,0.20256147,False
DEV_NORMAL_043,806,835,0.20336014,False
DEV_NORMAL_043,807,836,0.18584242,False
DEV_NORMAL_043,808,837,0.17445707,False
DEV_NORMAL_043,809,838,0.17936046,False
DEV_NORMAL_043,810,839,0.1686183,False
DEV_NORMAL_043,811,840,0.19524677,False
DEV_NORMAL_043,812,841,0.19005753,False
DEV_NORMAL_043,813,842,0.18785514,False
DEV_NORMAL_043,814,843,0.19304177,False
DEV_NORMAL_043,815,844,0.20143147,False
DEV_NORMAL_043,816,845,0.1892803,False
DEV_NORMAL_043,817,846,0.18563586,False
DEV_NORMAL_043,818,847,0.18420443,False
DEV_NORMAL_043,819,848,0.17949626,False
DEV_NORMAL_043,820,849,0.21599862,False
DEV_NORMAL_043,821,850,0.22118816,False
DEV_NORMAL_043,822,851,0.22979537,False
DEV_NORMAL_043,823,852,0.22459893,False
DEV_NORMAL_043,824,853,0.22680163,False
DEV_NORMAL_043,825,854,0.23408498,False
DEV_NORMAL_043,826,855,0.23920234,False
DEV_NORMAL_043,827,856,0.23984966,False
DEV_NORMAL_043,828,857,0.2425852,False
DEV_NORMAL_043,829,858,0.24917729,False
DEV_NORMAL_043,830,859,0.2467871,False
DEV_NORMAL_043,831,860,0.23968063,False
DEV_NORMAL_043,832,861,0.23961712,False
DEV_NORMAL_043,833,862,0.24913174,False
DEV_NORMAL_043,834,863,0.24501085,False
DEV_NORMAL_043,835,864,0.26670215,False
DEV_NORMAL_043,836,865,0.25974652,False
DEV_NORMAL_043,837,866,0.2640022,False
DEV_NORMAL_043,838,867,0.26371196,False
DEV_NORMAL_043,839,868,0.25215802,False
DEV_NORMAL_043,840,869,0.23797353,False
DEV_NORMAL_043,841,870,0.22920188,False
DEV_NORMAL_043,842,871,0.23585631,False
DEV_NORMAL_043,843,872,0.2497717,False
DEV_NORMAL_043,844,873,0.26457718,False
DEV_NORMAL_043,845,874,0.2526416,False
DEV_NORMAL_043,846,875,0.25888425,False
DEV_NORMAL_043,847,876,0.27444693,False
DEV_NORMAL_043,848,877,0.25626305,False
DEV_NORMAL_043,849,878,0.23420794,False
DEV_NORMAL_043,850,879,0.224574,False
DEV_NORMAL_043,851,880,0.22302595,False
DEV_NORMAL_043,852,881,0.22949314,False
DEV_NORMAL_043,853,882,0.2369893,False
DEV_NORMAL_043,854,883,0.2347751,False
DEV_NORMAL_043,855,884,0.20108731,False
DEV_NORMAL_043,856,885,0.20993118,False
DEV_NORMAL_043,857,886,0.21196504,False
DEV_NORMAL_043,858,887,0.21182518,False
DEV_NORMAL_043,859,888,0.21426764,False
DEV_NORMAL_043,860,889,0.20773785,False
DEV_NORMAL_043,861,890,0.19518237,False
DEV_NORMAL_043,862,891,0.219568,False
DEV_NORMAL_043,863,892,0.21595831,False
DEV_NORMAL_043,864,893,0.2047121,False
DEV_NORMAL_043,865,894,0.22166611,False
DEV_NORMAL_043,866,895,0.23296645,False
DEV_NORMAL_043,867,896,0.237279,False
DEV_NORMAL_043,868,897,0.23995739,False
DEV_NORMAL_043,869,898,0.25021237,False
DEV_NORMAL_043,870,899,0.24267498,False
DEV_NORMAL_043,871,900,0.24419174,False
DEV_NORMAL_043,872,901,0.23660357,False
DEV_NORMAL_043,873,902,0.22540611,False
DEV_NORMAL_043,874,903,0.23523672,False
DEV_NORMAL_043,875,904,0.23278095,False
DEV_NORMAL_043,876,905,0.2350339,False
DEV_NORMAL_043,877,906,0.23501681,False
DEV_NORMAL_043,878,907,0.22772674,False
DEV_NORMAL_043,879,908,0.21816866,False
DEV_NORMAL_043,880,909,0.21957959,False
DEV_NORMAL_043,881,910,0.2232994,False
DEV_NORMAL_043,882,911,0.2203549,False
DEV_NORMAL_043,883,912,0.21668419,False
DEV_NORMAL_043,884,913,0.22805601,False
DEV_NORMAL_043,885,914,0.2277579,False
DEV_NORMAL_043,886,915,0.20204069,False
DEV_NORMAL_043,887,916,0.2028233,False
DEV_NORMAL_043,888,917,0.22630708,False
DEV_NORMAL_043,889,918,0.22224101,False
DEV_NORMAL_043,890,919,0.2093515,False
DEV_NORMAL_043,891,920,0.20566587,False
DEV_NORMAL_043,892,921,0.20444012,False
DEV_NORMAL_043,893,922,0.20941277,False
DEV_NORMAL_043,894,923,0.20152207,False
DEV_NORMAL_043,895,924,0.19523276,False
DEV_NORMAL_043,896,925,0.20421852,False
DEV_NORMAL_043,897,926,0.20115039,False
DEV_NORMAL_043,898,927,0.1967424,False
DEV_NORMAL_043,899,928,0.20642063,False
DEV_NORMAL_043,900,929,0.20341192,False
DEV_NORMAL_043,901,930,0.19962637,False
DEV_NORMAL_043,902,931,0.24210052,False
DEV_NORMAL_043,903,932,0.18800065,False
DEV_NORMAL_043,904,933,0.1846006,False
DEV_NORMAL_043,905,934,0.19226046,False
DEV_NORMAL_043,906,935,0.19766036,False
DEV_NORMAL_043,907,936,0.19733508,False
DEV_NORMAL_043,908,937,0.20729123,False
DEV_NORMAL_043,909,938,0.21720076,False
DEV_NORMAL_043,910,939,0.22014646,False
DEV_NORMAL_043,911,940,0.22294098,False
DEV_NORMAL_043,912,941,0.23641525,False
DEV_NORMAL_043,913,942,0.22214991,False
DEV_NORMAL_043,914,943,0.21977006,False
DEV_NORMAL_043,915,944,0.22468819,False
DEV_NORMAL_043,916,945,0.21017179,False
DEV_NORMAL_043,917,946,0.19918531,False
DEV_NORMAL_043,918,947,0.20663446,False
DEV_NORMAL_043,919,948,0.20289618,False
DEV_NORMAL_043,920,949,0.17886496,False
DEV_NORMAL_043,921,950,0.18761343,False
DEV_NORMAL_043,922,951,0.19069916,False
DEV_NORMAL_043,923,952,0.17889084,False
DEV_NORMAL_043,924,953,0.18658112,False
DEV_NORMAL_043,925,954,0.19572172,False
DEV_NORMAL_043,926,955,0.1900405,False
DEV_NORMAL_043,927,956,0.18842083,False
DEV_NORMAL_043,928,957,0.20158096,False
DEV_NORMAL_043,929,958,0.1902258,False
DEV_NORMAL_043,930,959,0.18694904,False
DEV_NORMAL_043,931,960,0.19399627,False
DEV_NORMAL_043,932,961,0.18583272,False
DEV_NORMAL_043,933,962,0.18624659,False
DEV_NORMAL_043,934,963,0.19122815,False
DEV_NORMAL_043,935,964,0.20264585,False
DEV_NORMAL_043,936,965,0.20188029,False
DEV_NORMAL_043,937,966,0.20532928,False
DEV_NORMAL_043,938,967,0.19583543,False
DEV_NORMAL_043,939,968,0.18514404,False
DEV_NORMAL_043,940,969,0.17641576,False
DEV_NORMAL_043,941,970,0.18982705,False
DEV_NORMAL_043,942,971,0.20231758,False
DEV_NORMAL_043,943,972,0.20266806,False
DEV_NORMAL_043,944,973,0.2121398,False
DEV_NORMAL_043,945,974,0.22563393,False
DEV_NORMAL_043,946,975,0.24155423,False
DEV_NORMAL_043,947,976,0.24597445,False
DEV_NORMAL_043,948,977,0.24411201,False
DEV_NORMAL_043,949,978,0.24692968,False
DEV_NORMAL_043,950,979,0.23978177,False
DEV_NORMAL_043,951,980,0.24063928,False
DEV_NORMAL_043,952,981,0.23828618,False
DEV_NORMAL_043,953,982,0.2508575,False
DEV_NORMAL_043,954,983,0.25759098,False
DEV_NORMAL_043,955,984,0.25616816,False
DEV_NORMAL_043,956,985,0.26947436,False
DEV_NORMAL_043,957,986,0.26138267,False
DEV_NORMAL_043,958,987,0.27958807,False
DEV_NORMAL_043,959,988,0.2948325,True
DEV_NORMAL_043,960,989,0.29971868,True
DEV_NORMAL_043,961,990,0.2885384,False
DEV_NORMAL_043,962,991,0.3155143,True
DEV_NORMAL_043,963,992,0.298672,True
DEV_NORMAL_043,964,993,0.30920842,True
DEV_NORMAL_043,965,994,0.31509945,True
DEV_NORMAL_043,966,995,0.31448162,True
DEV_NORMAL_043,967,996,0.3134184,True
DEV_NORMAL_043,968,997,0.3287393,True
DEV_NORMAL_043,969,998,0.33817634,True
DEV_NORMAL_043,970,999,0.31623647,True
DEV_NORMAL_043,971,1000,0.30830604,True
DEV_NORMAL_043,972,1001,0.3268086,True
DEV_NORMAL_043,973,1002,0.34164602,True
DEV_NORMAL_043,974,1003,0.34150708,True
DEV_NORMAL_043,975,1004,0.3239537,True
DEV_NORMAL_043,976,1005,0.3159241,True
DEV_NORMAL_043,977,1006,0.31416714,True
DEV_NORMAL_043,978,1007,0.3183136,True
DEV_NORMAL_043,979,1008,0.31681564,True
DEV_NORMAL_043,980,1009,0.3359296,True
DEV_NORMAL_043,981,1010,0.35803145,True
DEV_NORMAL_043,982,1011,0.3424597,True
DEV_NORMAL_043,983,1012,0.3296708,True
DEV_NORMAL_043,984,1013,0.33075243,True
DEV_NORMAL_043,985,1014,0.32278347,True
DEV_NORMAL_043,986,1015,0.3002416,True
DEV_NORMAL_043,987,1016,0.27350247,False
DEV_NORMAL_043,988,1017,0.2977412,True
DEV_NORMAL_043,989,1018,0.2896668,False
DEV_NORMAL_043,990,1019,0.2870988,False
DEV_NORMAL_043,991,1020,0.26055762,False
DEV_NORMAL_043,992,1021,0.24578921,False
DEV_NORMAL_043,993,1022,0.25509247,False
DEV_NORMAL_043,994,1023,0.25061914,False
DEV_NORMAL_043,995,1024,0.25345898,False
DEV_NORMAL_043,996,1025,0.23440222,False
DEV_NORMAL_043,997,1026,0.23822576,False
DEV_NORMAL_043,998,1027,0.23950861,False
DEV_NORMAL_043,999,1028,0.22879547,False
DEV_NORMAL_043,1000,1029,0.2441569,False
DEV_NORMAL_043,1001,1030,0.21769232,False
DEV_NORMAL_043,1002,1031,0.19764087,False
DEV_NORMAL_043,1003,1032,0.20076874,False
DEV_NORMAL_043,1004,1033,0.20080473,False
DEV_NORMAL_043,1005,1034,0.19158861,False
DEV_NORMAL_043,1006,1035,0.20295219,False
DEV_NORMAL_043,1007,1036,0.19779053,False
DEV_NORMAL_043,1008,1037,0.18532711,False
DEV_NORMAL_043,1009,1038,0.16044874,False
DEV_NORMAL_043,1010,1039,0.1563173,False
DEV_NORMAL_043,1011,1040,0.14657149,False
DEV_NORMAL_043,1012,1041,0.14955232,False
DEV_NORMAL_043,1013,1042,0.16738537,False
DEV_NORMAL_043,1014,1043,0.1513473,False
DEV_NORMAL_043,1015,1044,0.16546577,False
DEV_NORMAL_043,1016,1045,0.1625415,False
DEV_NORMAL_043,1017,1046,0.14667183,False
DEV_NORMAL_043,1018,1047,0.14563695,False
DEV_NORMAL_043,1019,1048,0.14761585,False
DEV_NORMAL_043,1020,1049,0.15255488,False
DEV_NORMAL_043,1021,1050,0.15389298,False
DEV_NORMAL_043,1022,1051,0.15805465,False
DEV_NORMAL_043,1023,1052,0.17221078,False
DEV_NORMAL_043,1024,1053,0.16201359,False
DEV_NORMAL_043,1025,1054,0.15853259,False
DEV_NORMAL_043,1026,1055,0.16236846,False
DEV_NORMAL_043,1027,1056,0.16031915,False
DEV_NORMAL_043,1028,1057,0.16499208,False
DEV_NORMAL_043,1029,1058,0.17495082,False
DEV_NORMAL_043,1030,1059,0.17148536,False
DEV_NORMAL_043,1031,1060,0.1722082,False
DEV_NORMAL_043,1032,1061,0.16946651,False
DEV_NORMAL_043,1033,1062,0.17219086,False
DEV_NORMAL_043,1034,1063,0.1687313,False
DEV_NORMAL_043,1035,1064,0.18085375,False
DEV_NORMAL_043,1036,1065,0.19014914,False
DEV_NORMAL_043,1037,1066,0.18703607,False
DEV_NORMAL_043,1038,1067,0.19644566,False
DEV_NORMAL_043,1039,1068,0.20011148,False
DEV_NORMAL_043,1040,1069,0.20148866,False
DEV_NORMAL_043,1041,1070,0.20030203,False
DEV_NORMAL_043,1042,1071,0.21422358,False
DEV_NORMAL_043,1043,1072,0.21389143,False
DEV_NORMAL_043,1044,1073,0.22095795,False
DEV_NORMAL_043,1045,1074,0.21316597,False
DEV_NORMAL_043,1046,1075,0.20573027,False
DEV_NORMAL_043,1047,1076,0.23437652,False
DEV_NORMAL_043,1048,1077,0.24776338,False
DEV_NORMAL_043,1049,1078,0.2484261,False
DEV_NORMAL_043,1050,1079,0.24216639,False
DEV_NORMAL_043,1051,1080,0.20848165,False
DEV_NORMAL_043,1052,1081,0.21545996,False
DEV_NORMAL_043,1053,1082,0.21224706,False
DEV_NORMAL_043,1054,1083,0.21209207,False
DEV_NORMAL_043,1055,1084,0.21940587,False
DEV_NORMAL_043,1056,1085,0.21749951,False
DEV_NORMAL_043,1057,1086,0.23240684,False
DEV_NORMAL_043,1058,1087,0.22041674,False
DEV_NORMAL_043,1059,1088,0.22456612,False
DEV_NORMAL_043,1060,1089,0.22697516,False
DEV_NORMAL_043,1061,1090,0.22181363,False
DEV_NORMAL_043,1062,1091,0.22004257,False
DEV_NORMAL_043,1063,1092,0.23342861,False
DEV_NORMAL_043,1064,1093,0.24000527,False
DEV_NORMAL_043,1065,1094,0.24122357,False
DEV_NORMAL_043,1066,1095,0.24810009,False
DEV_NORMAL_043,1067,1096,0.251909,False
DEV_NORMAL_043,1068,1097,0.24347682,False
DEV_NORMAL_043,1069,1098,0.24150035,False
DEV_NORMAL_043,1070,1099,0.2434855,False
DEV_NORMAL_043,1071,1100,0.24541335,False
DEV_NORMAL_043,1072,1101,0.2223265,False
DEV_NORMAL_043,1073,1102,0.22895624,False
DEV_NORMAL_043,1074,1103,0.22426553,False
DEV_NORMAL_043,1075,1104,0.23707,False
DEV_NORMAL_043,1076,1105,0.23179626,False
DEV_NORMAL_043,1077,1106,0.22659145,False
DEV_NORMAL_043,1078,1107,0.23654649,False
DEV_NORMAL_043,1079,1108,0.2521648,False
DEV_NORMAL_043,1080,1109,0.2402954,False
DEV_NORMAL_043,1081,1110,0.2255466,False
DEV_NORMAL_043,1082,1111,0.24052548,False
DEV_NORMAL_043,1083,1112,0.24483594,False
DEV_NORMAL_043,1084,1113,0.23419672,False
DEV_NORMAL_043,1085,1114,0.2313905,False
DEV_NORMAL_043,1086,1115,0.23390658,False
DEV_NORMAL_043,1087,1116,0.22946279,False
DEV_NORMAL_043,1088,1117,0.22758335,False
DEV_NORMAL_043,1089,1118,0.24340385,False
DEV_NORMAL_043,1090,1119,0.24033718,False
DEV_NORMAL_043,1091,1120,0.23306397,False
DEV_NORMAL_043,1092,1121,0.24670497,False
DEV_NORMAL_043,1093,1122,0.2586633,False
DEV_NORMAL_043,1094,1123,0.25948498,False
DEV_NORMAL_043,1095,1124,0.25293607,False
DEV_NORMAL_043,1096,1125,0.23372109,False
DEV_NORMAL_043,1097,1126,0.22670688,False
DEV_NORMAL_043,1098,1127,0.24032924,False
DEV_NORMAL_043,1099,1128,0.2346041,False
DEV_NORMAL_043,1100,1129,0.21261661,False
DEV_NORMAL_043,1101,1130,0.2166057,False
DEV_NORMAL_043,1102,1131,0.22166918,False
DEV_NORMAL_043,1103,1132,0.18689846,False
DEV_NORMAL_043,1104,1133,0.20077513,False
DEV_NORMAL_043,1105,1134,0.18921986,False
DEV_NORMAL_043,1106,1135,0.19006154,False
DEV_NORMAL_043,1107,1136,0.16739303,False
DEV_NORMAL_043,1108,1137,0.1766066,False
DEV_NORMAL_043,1109,1138,0.18436569,False
DEV_NORMAL_043,1110,1139,0.17942834,False
DEV_NORMAL_043,1111,1140,0.18330257,False
DEV_NORMAL_043,1112,1141,0.1912964,False
DEV_NORMAL_043,1113,1142,0.18695764,False
DEV_NORMAL_043,1114,1143,0.1899493,False
DEV_NORMAL_043,1115,1144,0.18150587,False
DEV_NORMAL_043,1116,1145,0.17322232,False
DEV_NORMAL_043,1117,1146,0.17128801,False
DEV_NORMAL_043,1118,1147,0.17037131,False
DEV_NORMAL_043,1119,1148,0.18122318,False
DEV_NORMAL_043,1120,1149,0.17721237,False
DEV_NORMAL_043,1121,1150,0.17680821,False
DEV_NORMAL_043,1122,1151,0.17290679,False
DEV_NORMAL_043,1123,1152,0.17889579,False
DEV_NORMAL_043,1124,1153,0.17294325,False
DEV_NORMAL_043,1125,1154,0.17854942,False
DEV_NORMAL_043,1126,1155,0.1779397,False
DEV_NORMAL_043,1127,1156,0.17967716,False
DEV_NORMAL_043,1128,1157,0.17602737,False
DEV_NORMAL_043,1129,1158,0.16424185,False
DEV_NORMAL_043,1130,1159,0.16811322,False
DEV_NORMAL_043,1131,1160,0.16709384,False
DEV_NORMAL_043,1132,1161,0.17022076,False
DEV_NORMAL_043,1133,1162,0.15663086,False
DEV_NORMAL_043,1134,1163,0.16120748,False
DEV_NORMAL_043,1135,1164,0.1604325,False
DEV_NORMAL_043,1136,1165,0.16076145,False
DEV_NORMAL_043,1137,1166,0.16786501,False
DEV_NORMAL_043,1138,1167,0.17795512,False
DEV_NORMAL_043,1139,1168,0.17928116,False
DEV_NORMAL_043,1140,1169,0.16737963,False
DEV_NORMAL_043,1141,1170,0.17141387,False
DEV_NORMAL_043,1142,1171,0.18067844,False
DEV_NORMAL_043,1143,1172,0.17799966,False
DEV_NORMAL_043,1144,1173,0.17886291,False
DEV_NORMAL_043,1145,1174,0.17960863,False
DEV_NORMAL_043,1146,1175,0.1927289,False
DEV_NORMAL_043,1147,1176,0.17758174,False
DEV_NORMAL_043,1148,1177,0.16962668,False
DEV_NORMAL_043,1149,1178,0.17296107,False
DEV_NORMAL_043,1150,1179,0.16949224,False
DEV_NORMAL_043,1151,1180,0.17673346,False
DEV_NORMAL_043,1152,1181,0.17856988,False
DEV_NORMAL_043,1153,1182,0.17451474,False
DEV_NORMAL_043,1154,1183,0.18022451,False
DEV_NORMAL_043,1155,1184,0.2106995,False
DEV_NORMAL_043,1156,1185,0.20754287,False
DEV_NORMAL_043,1157,1186,0.21700957,False
DEV_NORMAL_043,1158,1187,0.22349569,False
DEV_NORMAL_043,1159,1188,0.22297448,False
DEV_NORMAL_043,1160,1189,0.22483884,False
DEV_NORMAL_043,1161,1190,0.24133545,False
DEV_NORMAL_043,1162,1191,0.23982707,False
DEV_NORMAL_043,1163,1192,0.22844876,False
DEV_NORMAL_043,1164,1193,0.23238929,False
DEV_NORMAL_043,1165,1194,0.2339686,False
DEV_NORMAL_043,1166,1195,0.24554299,False
DEV_NORMAL_043,1167,1196,0.25684467,False
DEV_NORMAL_043,1168,1197,0.26169187,False
DEV_NORMAL_043,1169,1198,0.27683994,False
DEV_NORMAL_043,1170,1199,0.26662055,False
DEV_NORMAL_043,1171,1200,0.26601908,False
DEV_NORMAL_043,1172,1201,0.27910796,False
DEV_NORMAL_043,1173,1202,0.2831976,False
DEV_NORMAL_043,1174,1203,0.28498733,False
DEV_NORMAL_043,1175,1204,0.26736337,False
DEV_NORMAL_043,1176,1205,0.2613951,False
DEV_NORMAL_043,1177,1206,0.2664256,False
DEV_NORMAL_043,1178,1207,0.26884773,False
DEV_NORMAL_043,1179,1208,0.28096068,False
DEV_NORMAL_043,1180,1209,0.29691994,True
DEV_NORMAL_043,1181,1210,0.29276288,True
DEV_NORMAL_043,1182,1211,0.30117846,True
DEV_NORMAL_043,1183,1212,0.29120317,True
DEV_NORMAL_043,1184,1213,0.27324486,False
DEV_NORMAL_043,1185,1214,0.2755054,False
DEV_NORMAL_043,1186,1215,0.2588748,False
DEV_NORMAL_043,1187,1216,0.25501195,False
DEV_NORMAL_043,1188,1217,0.24589263,False
DEV_NORMAL_043,1189,1218,0.24653767,False
DEV_NORMAL_043,1190,1219,0.25604433,False
DEV_NORMAL_043,1191,1220,0.2490806,False
DEV_NORMAL_043,1192,1221,0.23207359,False
DEV_NORMAL_043,1193,1222,0.24335553,False
DEV_NORMAL_043,1194,1223,0.22059658,False
DEV_NORMAL_043,1195,1224,0.2244234,False
DEV_NORMAL_043,1196,1225,0.22555564,False
DEV_NORMAL_043,1197,1226,0.20387277,False
DEV_NORMAL_043,1198,1227,0.20207506,False
DEV_NORMAL_043,1199,1228,0.21280262,False
DEV_NORMAL_043,1200,1229,0.22788827,False
DEV_NORMAL_043,1201,1230,0.22927809,False
DEV_NORMAL_043,1202,1231,0.21551539,False
DEV_NORMAL_043,1203,1232,0.21078669,False
DEV_NORMAL_043,1204,1233,0.2190279,False
DEV_NORMAL_043,1205,1234,0.21575642,False
DEV_NORMAL_043,1206,1235,0.21790895,False
DEV_NORMAL_043,1207,1236,0.23795058,False
DEV_NORMAL_043,1208,1237,0.20986573,False
DEV_NORMAL_043,1209,1238,0.19117907,False
DEV_NORMAL_043,1210,1239,0.19693226,False
DEV_NORMAL_043,1211,1240,0.19068375,False
DEV_NORMAL_043,1212,1241,0.18955015,False
DEV_NORMAL_043,1213,1242,0.1896031,False
DEV_NORMAL_043,1214,1243,0.18614544,False
DEV_NORMAL_043,1215,1244,0.18335406,False
DEV_NORMAL_043,1216,1245,0.18916668,False
DEV_NORMAL_043,1217,1246,0.19208956,False
DEV_NORMAL_043,1218,1247,0.18598492,False
DEV_NORMAL_043,1219,1248,0.19100694,False
DEV_NORMAL_043,1220,1249,0.20647758,False
DEV_NORMAL_043,1221,1250,0.20030698,False
DEV_NORMAL_043,1222,1251,0.22129084,False
DEV_NORMAL_043,1223,1252,0.21525961,False
DEV_NORMAL_043,1224,1253,0.24014549,False
DEV_NORMAL_043,1225,1254,0.2605748,False
DEV_NORMAL_043,1226,1255,0.26845187,False
DEV_NORMAL_043,1227,1256,0.27229372,False
DEV_NORMAL_043,1228,1257,0.23970814,False
DEV_NORMAL_043,1229,1258,0.23038937,False
DEV_NORMAL_043,1230,1259,0.23365752,False
DEV_NORMAL_043,1231,1260,0.2261884,False
DEV_NORMAL_043,1232,1261,0.2336584,False
DEV_NORMAL_043,1233,1262,0.22928284,False
DEV_NORMAL_043,1234,1263,0.22948366,False
DEV_NORMAL_043,1235,1264,0.23493907,False
DEV_NORMAL_043,1236,1265,0.2475228,False
DEV_NORMAL_043,1237,1266,0.2431379,False
DEV_NORMAL_043,1238,1267,0.24293557,False
DEV_NORMAL_043,1239,1268,0.26273987,False
DEV_NORMAL_043,1240,1269,0.27424616,False
DEV_NORMAL_043,1241,1270,0.2779326,False
DEV_NORMAL_043,1242,1271,0.27837017,False
DEV_NORMAL_043,1243,1272,0.27489275,False
DEV_NORMAL_043,1244,1273,0.26819196,False
DEV_NORMAL_043,1245,1274,0.27328074,False
DEV_NORMAL_043,1246,1275,0.2852499,False
DEV_NORMAL_043,1247,1276,0.26827103,False
DEV_NORMAL_043,1248,1277,0.25881156,False
DEV_NORMAL_043,1249,1278,0.24878874,False
DEV_NORMAL_043,1250,1279,0.24294856,False
DEV_NORMAL_043,1251,1280,0.22875357,False
DEV_NORMAL_043,1252,1281,0.22174571,False
DEV_NORMAL_043,1253,1282,0.2384867,False
DEV_NORMAL_043,1254,1283,0.2502744,False
DEV_NORMAL_043,1255,1284,0.2555936,False
DEV_NORMAL_043,1256,1285,0.25018734,False
DEV_NORMAL_043,1257,1286,0.24351403,False
DEV_NORMAL_043,1258,1287,0.24079786,False
DEV_NORMAL_043,1259,1288,0.25060812,False
DEV_NORMAL_043,1260,1289,0.2589245,False
DEV_NORMAL_043,1261,1290,0.2524391,False
DEV_NORMAL_043,1262,1291,0.25206673,False
DEV_NORMAL_043,1263,1292,0.2599656,False
DEV_NORMAL_043,1264,1293,0.23384091,False
DEV_NORMAL_043,1265,1294,0.23428981,False
DEV_NORMAL_043,1266,1295,0.23831606,False
DEV_NORMAL_043,1267,1296,0.23121926,False
DEV_NORMAL_043,1268,1297,0.22578424,False
DEV_NORMAL_043,1269,1298,0.22981364,False
DEV_NORMAL_043,1270,1299,0.22600746,False
DEV_NORMAL_043,1271,1300,0.22677003,False
DEV_NORMAL_043,1272,1301,0.23042794,False
DEV_NORMAL_043,1273,1302,0.24802567,False
DEV_NORMAL_043,1274,1303,0.2287281,False
DEV_NORMAL_043,1275,1304,0.22348353,False
DEV_NORMAL_043,1276,1305,0.2302124,False
DEV_NORMAL_043,1277,1306,0.23639171,False
DEV_NORMAL_043,1278,1307,0.2338169,False
DEV_NORMAL_043,1279,1308,0.23492289,False
DEV_NORMAL_043,1280,1309,0.23060107,False
DEV_NORMAL_043,1281,1310,0.23094015,False
DEV_NORMAL_043,1282,1311,0.21744807,False
DEV_NORMAL_043,1283,1312,0.19090667,False
DEV_NORMAL_043,1284,1313,0.20835476,False
DEV_NORMAL_043,1285,1314,0.19924752,False
DEV_NORMAL_043,1286,1315,0.19243917,False
DEV_NORMAL_043,1287,1316,0.18945736,False
DEV_NORMAL_043,1288,1317,0.21694686,False
DEV_NORMAL_043,1289,1318,0.21970034,False
DEV_NORMAL_043,1290,1319,0.22219683,False
DEV_NORMAL_043,1291,1320,0.2361138,False
DEV_NORMAL_043,1292,1321,0.23152739,False
DEV_NORMAL_043,1293,1322,0.23885365,False
DEV_NORMAL_043,1294,1323,0.24272381,False
DEV_NORMAL_043,1295,1324,0.22983935,False
DEV_NORMAL_043,1296,1325,0.22418652,False
DEV_NORMAL_043,1297,1326,0.23875427,False
DEV_NORMAL_043,1298,1327,0.23714831,False
DEV_NORMAL_043,1299,1328,0.23377138,False
DEV_NORMAL_043,1300,1329,0.25806662,False
DEV_NORMAL_043,1301,1330,0.25749472,False
DEV_NORMAL_043,1302,1331,0.23928566,False
DEV_NORMAL_043,1303,1332,0.24227412,False
DEV_NORMAL_043,1304,1333,0.24531859,False
DEV_NORMAL_043,1305,1334,0.2400729,False
DEV_NORMAL_043,1306,1335,0.23338288,False
DEV_NORMAL_043,1307,1336,0.23261002,False
DEV_NORMAL_043,1308,1337,0.22899471,False
DEV_NORMAL_043,1309,1338,0.23703314,False
DEV_NORMAL_043,1310,1339,0.23965111,False
DEV_NORMAL_043,1311,1340,0.23855682,False
DEV_NORMAL_043,1312,1341,0.24136366,False
DEV_NORMAL_043,1313,1342,0.23363139,False
DEV_NORMAL_043,1314,1343,0.22954506,False
DEV_NORMAL_043,1315,1344,0.23627882,False
DEV_NORMAL_043,1316,1345,0.23035173,False
DEV_NORMAL_043,1317,1346,0.22927088,False
DEV_NORMAL_043,1318,1347,0.21829252,False
DEV_NORMAL_043,1319,1348,0.20350415,False
DEV_NORMAL_043,1320,1349,0.20184466,False
DEV_NORMAL_043,1321,1350,0.1888177,False
DEV_NORMAL_043,1322,1351,0.18460388,False
DEV_NORMAL_043,1323,1352,0.18636307,False
DEV_NORMAL_043,1324,1353,0.19000076,False
DEV_NORMAL_043,1325,1354,0.20917326,False
DEV_NORMAL_043,1326,1355,0.20618454,False
DEV_NORMAL_043,1327,1356,0.19519399,False
DEV_NORMAL_043,1328,1357,0.19904417,False
DEV_NORMAL_043,1329,1358,0.18915953,False
DEV_NORMAL_043,1330,1359,0.19498089,False
DEV_NORMAL_043,1331,1360,0.2087834,False
DEV_NORMAL_043,1332,1361,0.20565008,False
DEV_NORMAL_043,1333,1362,0.21149044,False
DEV_NORMAL_043,1334,1363,0.20523481,False
DEV_NORMAL_043,1335,1364,0.21444608,False
DEV_NORMAL_043,1336,1365,0.2199888,False
DEV_NORMAL_043,1337,1366,0.22211795,False
DEV_NORMAL_043,1338,1367,0.21881504,False
DEV_NORMAL_043,1339,1368,0.22384265,False
DEV_NORMAL_043,1340,1369,0.22169752,False
DEV_NORMAL_043,1341,1370,0.20526306,False
DEV_NORMAL_043,1342,1371,0.20472346,False
DEV_NORMAL_043,1343,1372,0.24010687,False
DEV_NORMAL_043,1344,1373,0.23784338,False
DEV_NORMAL_043,1345,1374,0.23426218,False
DEV_NORMAL_043,1346,1375,0.25156298,False
DEV_NORMAL_043,1347,1376,0.27566501,False
DEV_NORMAL_043,1348,1377,0.2748359,False
DEV_NORMAL_043,1349,1378,0.2719959,False
DEV_NORMAL_043,1350,1379,0.29113233,False
DEV_NORMAL_043,1351,1380,0.28087416,False
DEV_NORMAL_043,1352,1381,0.30714715,True
DEV_NORMAL_043,1353,1382,0.29699382,True
DEV_NORMAL_043,1354,1383,0.28007242,False
DEV_NORMAL_043,1355,1384,0.27399176,False
DEV_NORMAL_043,1356,1385,0.28846073,False
DEV_NORMAL_043,1357,1386,0.29360664,True
DEV_NORMAL_043,1358,1387,0.2918882,True
DEV_NORMAL_043,1359,1388,0.30116445,True
DEV_NORMAL_043,1360,1389,0.29136375,True
DEV_NORMAL_043,1361,1390,0.29171404,True
DEV_NORMAL_043,1362,1391,0.29897004,True
DEV_NORMAL_043,1363,1392,0.34401062,True
DEV_NORMAL_043,1364,1393,0.32514533,True
DEV_NORMAL_043,1365,1394,0.32886252,True
DEV_NORMAL_043,1366,1395,0.3324846,True
DEV_NORMAL_043,1367,1396,0.3337209,True
DEV_NORMAL_043,1368,1397,0.3403389,True
DEV_NORMAL_043,1369,1398,0.32308576,True
DEV_NORMAL_043,1370,1399,0.33977273,True
DEV_NORMAL_043,1371,1400,0.3419902,True
DEV_NORMAL_043,1372,1401,0.3278712,True
DEV_NORMAL_043,1373,1402,0.32566452,True
DEV_NORMAL_043,1374,1403,0.32121715,True
DEV_NORMAL_043,1375,1404,0.278277,False
DEV_NORMAL_043,1376,1405,0.3012563,True
DEV_NORMAL_043,1377,1406,0.30538124,True
DEV_NORMAL_043,1378,1407,0.29985622,True
DEV_NORMAL_043,1379,1408,0.31792432,True
DEV_NORMAL_043,1380,1409,0.32384327,True
DEV_NORMAL_043,1381,1410,0.3180147,True
DEV_NORMAL_043,1382,1411,0.32705867,True
DEV_NORMAL_043,1383,1412,0.33539122,True
DEV_NORMAL_043,1384,1413,0.3454036,True
DEV_NORMAL_043,1385,1414,0.33787328,True
DEV_NORMAL_043,1386,1415,0.3344993,True
DEV_NORMAL_043,1387,1416,0.3310985,True
DEV_NORMAL_043,1388,1417,0.32504043,True
DEV_NORMAL_043,1389,1418,0.3193512,True
DEV_NORMAL_043,1390,1419,0.31417364,True
DEV_NORMAL_043,1391,1420,0.2749344,False
DEV_NORMAL_043,1392,1421,0.27761012,False
DEV_NORMAL_043,1393,1422,0.27262133,False
DEV_NORMAL_043,1394,1423,0.25811175,False
DEV_NORMAL_043,1395,1424,0.27440625,False
DEV_NORMAL_043,1396,1425,0.27110997,False
DEV_NORMAL_043,1397,1426,0.26967856,False
DEV_NORMAL_043,1398,1427,0.2905765,False
DEV_NORMAL_043,1399,1428,0.29517815,True
DEV_NORMAL_043,1400,1429,0.28599793,False
DEV_NORMAL_043,1401,1430,0.294787,True
DEV_NORMAL_043,1402,1431,0.33451504,True
DEV_NORMAL_043,1403,1432,0.34571508,True
DEV_NORMAL_043,1404,1433,0.3467129,True
DEV_NORMAL_043,1405,1434,0.33229083,True
DEV_NORMAL_043,1406,1435,0.30478033,True
DEV_NORMAL_043,1407,1436,0.30911687,True
DEV_NORMAL_043,1408,1437,0.3019209,True
DEV_NORMAL_043,1409,1438,0.30830854,True
DEV_NORMAL_043,1410,1439,0.29388297,True
DEV_NORMAL_051,0,29,0.23298241,False
DEV_NORMAL_051,1,30,0.23002383,False
DEV_NORMAL_051,2,31,0.22394435,False
DEV_NORMAL_051,3,32,0.22137496,False
DEV_NORMAL_051,4,33,0.21931806,False
DEV_NORMAL_051,5,34,0.22879842,False
DEV_NORMAL_051,6,35,0.23237118,False
DEV_NORMAL_051,7,36,0.22574316,False
DEV_NORMAL_051,8,37,0.23308195,False
DEV_NORMAL_051,9,38,0.23755907,False
DEV_NORMAL_051,10,39,0.2508556,False
DEV_NORMAL_051,11,40,0.24340698,False
DEV_NORMAL_051,12,41,0.26525784,False
DEV_NORMAL_051,13,42,0.2634396,False
DEV_NORMAL_051,14,43,0.25214732,False
DEV_NORMAL_051,15,44,0.26603612,False
DEV_NORMAL_051,16,45,0.2530578,False
DEV_NORMAL_051,17,46,0.26582497,False
DEV_NORMAL_051,18,47,0.26114988,False
DEV_NORMAL_051,19,48,0.27282694,False
DEV_NORMAL_051,20,49,0.28340545,False
DEV_NORMAL_051,21,50,0.2872803,False
DEV_NORMAL_051,22,51,0.30087334,True
DEV_NORMAL_051,23,52,0.2903995,False
DEV_NORMAL_051,24,53,0.27324778,False
DEV_NORMAL_051,25,54,0.272926,False
DEV_NORMAL_051,26,55,0.30634326,True
DEV_NORMAL_051,27,56,0.29558933,True
DEV_NORMAL_051,28,57,0.29958382,True
DEV_NORMAL_051,29,58,0.29858288,True
DEV_NORMAL_051,30,59,0.2936757,True
DEV_NORMAL_051,31,60,0.30369434,True
DEV_NORMAL_051,32,61,0.2822396,False
DEV_NORMAL_051,33,62,0.28187254,False
DEV_NORMAL_051,34,63,0.279631,False
DEV_NORMAL_051,35,64,0.26834315,False
DEV_NORMAL_051,36,65,0.2743314,False
DEV_NORMAL_051,37,66,0.27881664,False
DEV_NORMAL_051,38,67,0.27065265,False
DEV_NORMAL_051,39,68,0.27122238,False
DEV_NORMAL_051,40,69,0.2585235,False
DEV_NORMAL_051,41,70,0.24751231,False
DEV_NORMAL_051,42,71,0.26915023,False
DEV_NORMAL_051,43,72,0.27386814,False
DEV_NORMAL_051,44,73,0.2548588,False
DEV_NORMAL_051,45,74,0.25481716,False
DEV_NORMAL_051,46,75,0.24320099,False
DEV_NORMAL_051,47,76,0.24878134,False
DEV_NORMAL_051,48,77,0.24630365,False
DEV_NORMAL_051,49,78,0.24235678,False
DEV_NORMAL_051,50,79,0.24195549,False
DEV_NORMAL_051,51,80,0.22969897,False
DEV_NORMAL_051,52,81,0.22526798,False
DEV_NORMAL_051,53,82,0.22941826,False
DEV_NORMAL_051,54,83,0.2328206,False
DEV_NORMAL_051,55,84,0.22905757,False
DEV_NORMAL_051,56,85,0.21349771,False
DEV_NORMAL_051,57,86,0.20720339,False
DEV_NORMAL_051,58,87,0.20862684,False
DEV_NORMAL_051,59,88,0.21293885,False
DEV_NORMAL_051,60,89,0.21056017,False
DEV_NORMAL_051,61,90,0.20616436,False
DEV_NORMAL_051,62,91,0.21368419,False
DEV_NORMAL_051,63,92,0.2180787,False
DEV_NORMAL_051,64,93,0.23064044,False
DEV_NORMAL_051,65,94,0.22551562,False
DEV_NORMAL_051,66,95,0.2226391,False
DEV_NORMAL_051,67,96,0.22159404,False
DEV_NORMAL_051,68,97,0.21491414,False
DEV_NORMAL_051,69,98,0.20774458,False
DEV_NORMAL_051,70,99,0.2187276,False
DEV_NORMAL_051,71,100,0.21740906,False
DEV_NORMAL_051,72,101,0.20885243,False
DEV_NORMAL_051,73,102,0.21192092,False
DEV_NORMAL_051,74,103,0.21684735,False
DEV_NORMAL_051,75,104,0.22623555,False
DEV_NORMAL_051,76,105,0.22560933,False
DEV_NORMAL_051,77,106,0.22497132,False
DEV_NORMAL_051,78,107,0.21392106,False
DEV_NORMAL_051,79,108,0.20755345,False
DEV_NORMAL_051,80,109,0.21403842,False
DEV_NORMAL_051,81,110,0.23529117,False
DEV_NORMAL_051,82,111,0.24751952,False
DEV_NORMAL_051,83,112,0.23260562,False
DEV_NORMAL_051,84,113,0.23600203,False
DEV_NORMAL_051,85,114,0.24521531,False
DEV_NORMAL_051,86,115,0.23880877,False
DEV_NORMAL_051,87,116,0.23439802,False
DEV_NORMAL_051,88,117,0.2383745,False
DEV_NORMAL_051,89,118,0.24364312,False
DEV_NORMAL_051,90,119,0.24809341,False
DEV_NORMAL_051,91,120,0.24270773,False
DEV_NORMAL_051,92,121,0.26810518,False
DEV_NORMAL_051,93,122,0.25658593,False
DEV_NORMAL_051,94,123,0.2657486,False
DEV_NORMAL_051,95,124,0.2655453,False
DEV_NORMAL_051,96,125,0.26821905,False
DEV_NORMAL_051,97,126,0.2588459,False
DEV_NORMAL_051,98,127,0.2561741,False
DEV_NORMAL_051,99,128,0.24077469,False
DEV_NORMAL_051,100,129,0.2518243,False
DEV_NORMAL_051,101,130,0.24431743,False
DEV_NORMAL_051,102,131,0.24594133,False
DEV_NORMAL_051,103,132,0.2289429,False
DEV_NORMAL_051,104,133,0.22349446,False
DEV_NORMAL_051,105,134,0.23238398,False
DEV_NORMAL_051,106,135,0.23427662,False
DEV_NORMAL_051,107,136,0.23367113,False
DEV_NORMAL_051,108,137,0.23891301,False
DEV_NORMAL_051,109,138,0.23905563,False
DEV_NORMAL_051,110,139,0.2081563,False
DEV_NORMAL_051,111,140,0.20421201,False
DEV_NORMAL_051,112,141,0.21002267,False
DEV_NORMAL_051,113,142,0.21856622,False
DEV_NORMAL_051,114,143,0.21207272,False
DEV_NORMAL_051,115,144,0.20952253,False
DEV_NORMAL_051,116,145,0.21082693,False
DEV_NORMAL_051,117,146,0.21350327,False
DEV_NORMAL_051,118,147,0.21191172,False
DEV_NORMAL_051,119,148,0.21614593,False
DEV_NORMAL_051,120,149,0.21219964,False
DEV_NORMAL_051,121,150,0.18683757,False
DEV_NORMAL_051,122,151,0.18101591,False
DEV_NORMAL_051,123,152,0.18956274,False
DEV_NORMAL_051,124,153,0.19525082,False
DEV_NORMAL_051,125,154,0.20753507,False
DEV_NORMAL_051,126,155,0.21036075,False
DEV_NORMAL_051,127,156,0.2254958,False
DEV_NORMAL_051,128,157,0.21369953,False
DEV_NORMAL_051,129,158,0.21101202,False
DEV_NORMAL_051,130,159,0.21916157,False
DEV_NORMAL_051,131,160,0.22193493,False
DEV_NORMAL_051,132,161,0.21051718,False
DEV_NORMAL_051,133,162,0.20926349,False
DEV_NORMAL_051,134,163,0.20029941,False
DEV_NORMAL_051,135,164,0.20362899,False
DEV_NORMAL_051,136,165,0.20095882,False
DEV_NORMAL_051,137,166,0.20045242,False
DEV_NORMAL_051,138,167,0.19910374,False
DEV_NORMAL_051,139,168,0.20173533,False
DEV_NORMAL_051,140,169,0.19505616,False
DEV_NORMAL_051,141,170,0.18217115,False
DEV_NORMAL_051,142,171,0.17494002,False
DEV_NORMAL_051,143,172,0.18004268,False
DEV_NORMAL_051,144,173,0.1682414,False
DEV_NORMAL_051,145,174,0.16147104,False
DEV_NORMAL_051,146,175,0.1679229,False
DEV_NORMAL_051,147,176,0.17063802,False
DEV_NORMAL_051,148,177,0.16149147,False
DEV_NORMAL_051,149,178,0.16637181,False
DEV_NORMAL_051,150,179,0.16432667,False
DEV_NORMAL_051,151,180,0.17904797,False
DEV_NORMAL_051,152,181,0.18258922,False
DEV_NORMAL_051,153,182,0.1599982,False
DEV_NORMAL_051,154,183,0.15969966,False
DEV_NORMAL_051,155,184,0.1591821,False
DEV_NORMAL_051,156,185,0.15775833,False
DEV_NORMAL_051,157,186,0.16648835,False
DEV_NORMAL_051,158,187,0.1686318,False
DEV_NORMAL_051,159,188,0.17689714,False
DEV_NORMAL_051,160,189,0.19561234,False
DEV_NORMAL_051,161,190,0.19488491,False
DEV_NORMAL_051,162,191,0.20934935,False
DEV_NORMAL_051,163,192,0.21168967,False
DEV_NORMAL_051,164,193,0.21342987,False
DEV_NORMAL_051,165,194,0.21004143,False
DEV_NORMAL_051,166,195,0.21936888,False
DEV_NORMAL_051,167,196,0.21533076,False
DEV_NORMAL_051,168,197,0.22484967,False
DEV_NORMAL_051,169,198,0.22330634,False
DEV_NORMAL_051,170,199,0.23426901,False
DEV_NORMAL_051,171,200,0.22820647,False
DEV_NORMAL_051,172,201,0.23193884,False
DEV_NORMAL_051,173,202,0.23371716,False
DEV_NORMAL_051,174,203,0.2368194,False
DEV_NORMAL_051,175,204,0.2516393,False
DEV_NORMAL_051,176,205,0.28375188,False
DEV_NORMAL_051,177,206,0.28941855,False
DEV_NORMAL_051,178,207,0.2739553,False
DEV_NORMAL_051,179,208,0.2705208,False
DEV_NORMAL_051,180,209,0.26381484,False
DEV_NORMAL_051,181,210,0.27512392,False
DEV_NORMAL_051,182,211,0.28190032,False
DEV_NORMAL_051,183,212,0.26589757,False
DEV_NORMAL_051,184,213,0.26561645,False
DEV_NORMAL_051,185,214,0.27398574,False
DEV_NORMAL_051,186,215,0.26886114,False
DEV_NORMAL_051,187,216,0.24920422,False
DEV_NORMAL_051,188,217,0.24631843,False
DEV_NORMAL_051,189,218,0.24492858,False
DEV_NORMAL_051,190,219,0.24831264,False
DEV_NORMAL_051,191,220,0.2329496,False
DEV_NORMAL_051,192,221,0.24378808,False
DEV_NORMAL_051,193,222,0.25390577,False
DEV_NORMAL_051,194,223,0.2478891,False
DEV_NORMAL_051,195,224,0.24275646,False
DEV_NORMAL_051,196,225,0.2511406,False
DEV_NORMAL_051,197,226,0.2626171,False
DEV_NORMAL_051,198,227,0.26828098,False
DEV_NORMAL_051,199,228,0.283248,False
DEV_NORMAL_051,200,229,0.28804505,False
DEV_NORMAL_051,201,230,0.29474345,True
DEV_NORMAL_051,202,231,0.29053286,False
DEV_NORMAL_051,203,232,0.29845843,True
DEV_NORMAL_051,204,233,0.2818369,False
DEV_NORMAL_051,205,234,0.270454,False
DEV_NORMAL_051,206,235,0.26525083,False
DEV_NORMAL_051,207,236,0.2598093,False
DEV_NORMAL_051,208,237,0.26668322,False
DEV_NORMAL_051,209,238,0.28146857,False
DEV_NORMAL_051,210,239,0.26983902,False
DEV_NORMAL_051,211,240,0.27420685,False
DEV_NORMAL_051,212,241,0.28601825,False
DEV_NORMAL_051,213,242,0.27203614,False
DEV_NORMAL_051,214,243,0.2712789,False
DEV_NORMAL_051,215,244,0.26857102,False
DEV_NORMAL_051,216,245,0.27528682,False
DEV_NORMAL_051,217,246,0.2806556,False
DEV_NORMAL_051,218,247,0.27300316,False
DEV_NORMAL_051,219,248,0.26670253,False
DEV_NORMAL_051,220,249,0.2582775,False
DEV_NORMAL_051,221,250,0.26439676,False
DEV_NORMAL_051,222,251,0.25655535,False
DEV_NORMAL_051,223,252,0.24590632,False
DEV_NORMAL_051,224,253,0.24391976,False
DEV_NORMAL_051,225,254,0.2278857,False
DEV_NORMAL_051,226,255,0.23590864,False
DEV_NORMAL_051,227,256,0.24606289,False
DEV_NORMAL_051,228,257,0.22664231,False
DEV_NORMAL_051,229,258,0.23968185,False
DEV_NORMAL_051,230,259,0.21954626,False
DEV_NORMAL_051,231,260,0.22040266,False
DEV_NORMAL_051,232,261,0.22087106,False
DEV_NORMAL_051,233,262,0.2061536,False
DEV_NORMAL_051,234,263,0.19354066,False
DEV_NORMAL_051,235,264,0.19505872,False
DEV_NORMAL_051,236,265,0.18198933,False
DEV_NORMAL_051,237,266,0.1821322,False
DEV_NORMAL_051,238,267,0.19317545,False
DEV_NORMAL_051,239,268,0.18628031,False
DEV_NORMAL_051,240,269,0.18231662,False
DEV_NORMAL_051,241,270,0.17622754,False
DEV_NORMAL_051,242,271,0.17328858,False
DEV_NORMAL_051,243,272,0.1847278,False
DEV_NORMAL_051,244,273,0.18503162,False
DEV_NORMAL_051,245,274,0.2118559,False
DEV_NORMAL_051,246,275,0.21209447,False
DEV_NORMAL_051,247,276,0.21875948,False
DEV_NORMAL_051,248,277,0.21116036,False
DEV_NORMAL_051,249,278,0.20639154,False
DEV_NORMAL_051,250,279,0.23125783,False
DEV_NORMAL_051,251,280,0.22480252,False
DEV_NORMAL_051,252,281,0.22427228,False
DEV_NORMAL_051,253,282,0.23207773,False
DEV_NORMAL_051,254,283,0.20950231,False
DEV_NORMAL_051,255,284,0.22053371,False
DEV_NORMAL_051,256,285,0.21555139,False
DEV_NORMAL_051,257,286,0.21985863,False
DEV_NORMAL_051,258,287,0.21575432,False
DEV_NORMAL_051,259,288,0.23234275,False
DEV_NORMAL_051,260,289,0.23138605,False
DEV_NORMAL_051,261,290,0.24818312,False
DEV_NORMAL_051,262,291,0.24827749,False
DEV_NORMAL_051,263,292,0.2345542,False
DEV_NORMAL_051,264,293,0.24737024,False
DEV_NORMAL_051,265,294,0.25163412,False
DEV_NORMAL_051,266,295,0.24926434,False
DEV_NORMAL_051,267,296,0.24230042,False
DEV_NORMAL_051,268,297,0.2780818,False
DEV_NORMAL_051,269,298,0.28152326,False
DEV_NORMAL_051,270,299,0.28463066,False
DEV_NORMAL_051,271,300,0.27362573,False
DEV_NORMAL_051,272,301,0.2713209,False
DEV_NORMAL_051,273,302,0.26274058,False
DEV_NORMAL_051,274,303,0.25831965,False
DEV_NORMAL_051,275,304,0.2646413,False
DEV_NORMAL_051,276,305,0.27868646,False
DEV_NORMAL_051,277,306,0.26721555,False
DEV_NORMAL_051,278,307,0.2592563,False
DEV_NORMAL_051,279,308,0.26614982,False
DEV_NORMAL_051,280,309,0.2623271,False
DEV_NORMAL_051,281,310,0.27889958,False
DEV_NORMAL_051,282,311,0.26794848,False
DEV_NORMAL_051,283,312,0.26499525,False
DEV_NORMAL_051,284,313,0.26792684,False
DEV_NORMAL_051,285,314,0.27254158,False
DEV_NORMAL_051,286,315,0.26291677,False
DEV_NORMAL_051,287,316,0.265966,False
DEV_NORMAL_051,288,317,0.25973073,False
DEV_NORMAL_051,289,318,0.24096009,False
DEV_NORMAL_051,290,319,0.24038604,False
DEV_NORMAL_051,291,320,0.23712929,False
DEV_NORMAL_051,292,321,0.22605368,False
DEV_NORMAL_051,293,322,0.22552916,False
DEV_NORMAL_051,294,323,0.2419702,False
DEV_NORMAL_051,295,324,0.2383668,False
DEV_NORMAL_051,296,325,0.24667463,False
DEV_NORMAL_051,297,326,0.21884014,False
DEV_NORMAL_051,298,327,0.21965724,False
DEV_NORMAL_051,299,328,0.21102247,False
DEV_NORMAL_051,300,329,0.2081371,False
DEV_NORMAL_051,301,330,0.20008138,False
DEV_NORMAL_051,302,331,0.20493886,False
DEV_NORMAL_051,303,332,0.19240136,False
DEV_NORMAL_051,304,333,0.19651029,False
DEV_NORMAL_051,305,334,0.19335225,False
DEV_NORMAL_051,306,335,0.1948156,False
DEV_NORMAL_051,307,336,0.20176347,False
DEV_NORMAL_051,308,337,0.18941022,False
DEV_NORMAL_051,309,338,0.16971341,False
DEV_NORMAL_051,310,339,0.17636375,False
DEV_NORMAL_051,311,340,0.17215905,False
DEV_NORMAL_051,312,341,0.17142648,False
DEV_NORMAL_051,313,342,0.17154767,False
DEV_NORMAL_051,314,343,0.17420284,False
DEV_NORMAL_051,315,344,0.18357442,False
DEV_NORMAL_051,316,345,0.18422942,False
DEV_NORMAL_051,317,346,0.19524644,False
DEV_NORMAL_051,318,347,0.19588245,False
DEV_NORMAL_051,319,348,0.19977452,False
DEV_NORMAL_051,320,349,0.20581108,False
DEV_NORMAL_051,321,350,0.22434364,False
DEV_NORMAL_051,322,351,0.20062917,False
DEV_NORMAL_051,323,352,0.1914801,False
DEV_NORMAL_051,324,353,0.17684244,False
DEV_NORMAL_051,325,354,0.17146884,False
DEV_NORMAL_051,326,355,0.18585938,False
DEV_NORMAL_051,327,356,0.21094647,False
DEV_NORMAL_051,328,357,0.21072799,False
DEV_NORMAL_051,329,358,0.2116911,False
DEV_NORMAL_051,330,359,0.21165021,False
DEV_NORMAL_051,331,360,0.23423557,False
DEV_NORMAL_051,332,361,0.22777614,False
DEV_NORMAL_051,333,362,0.24974023,False
DEV_NORMAL_051,334,363,0.24038166,False
DEV_NORMAL_051,335,364,0.22931328,False
DEV_NORMAL_051,336,365,0.23404957,False
DEV_NORMAL_051,337,366,0.23270175,False
DEV_NORMAL_051,338,367,0.23172998,False
DEV_NORMAL_051,339,368,0.2416203,False
DEV_NORMAL_051,340,369,0.22920564,False
DEV_NORMAL_051,341,370,0.2220478,False
DEV_NORMAL_051,342,371,0.21776454,False
DEV_NORMAL_051,343,372,0.21473663,False
DEV_NORMAL_051,344,373,0.23335972,False
DEV_NORMAL_051,345,374,0.22594121,False
DEV_NORMAL_051,346,375,0.24131355,False
DEV_NORMAL_051,347,376,0.25099313,False
DEV_NORMAL_051,348,377,0.24747959,False
DEV_NORMAL_051,349,378,0.2439366,False
DEV_NORMAL_051,350,379,0.24277718,False
DEV_NORMAL_051,351,380,0.24146618,False
DEV_NORMAL_051,352,381,0.24094054,False
DEV_NORMAL_051,353,382,0.25323787,False
DEV_NORMAL_051,354,383,0.25664082,False
DEV_NORMAL_051,355,384,0.22134404,False
DEV_NORMAL_051,356,385,0.22490862,False
DEV_NORMAL_051,357,386,0.22509636,False
DEV_NORMAL_051,358,387,0.22310296,False
DEV_NORMAL_051,359,388,0.23166212,False
DEV_NORMAL_051,360,389,0.23210354,False
DEV_NORMAL_051,361,390,0.22768304,False
DEV_NORMAL_051,362,391,0.22083482,False
DEV_NORMAL_051,363,392,0.22714354,False
DEV_NORMAL_051,364,393,0.21925198,False
DEV_NORMAL_051,365,394,0.22365496,False
DEV_NORMAL_051,366,395,0.22070509,False
DEV_NORMAL_051,367,396,0.21896738,False
DEV_NORMAL_051,368,397,0.22912632,False
DEV_NORMAL_051,369,398,0.22697748,False
DEV_NORMAL_051,370,399,0.22114478,False
DEV_NORMAL_051,371,400,0.2138401,False
DEV_NORMAL_051,372,401,0.21360122,False
DEV_NORMAL_051,373,402,0.1986504,False
DEV_NORMAL_051,374,403,0.18975429,False
DEV_NORMAL_051,375,404,0.18262482,False
DEV_NORMAL_051,376,405,0.15806492,False
DEV_NORMAL_051,377,406,0.1612335,False
DEV_NORMAL_051,378,407,0.17995638,False
DEV_NORMAL_051,379,408,0.17321303,False
DEV_NORMAL_051,380,409,0.14236747,False
DEV_NORMAL_051,381,410,0.14868706,False
DEV_NORMAL_051,382,411,0.14722069,False
DEV_NORMAL_051,383,412,0.15969862,False
DEV_NORMAL_051,384,413,0.15454276,False
DEV_NORMAL_051,385,414,0.15713038,False
DEV_NORMAL_051,386,415,0.15308857,False
DEV_NORMAL_051,387,416,0.15983461,False
DEV_NORMAL_051,388,417,0.15903297,False
DEV_NORMAL_051,389,418,0.15936829,False
DEV_NORMAL_051,390,419,0.15934554,False
DEV_NORMAL_051,391,420,0.16533238,False
DEV_NORMAL_051,392,421,0.16546236,False
DEV_NORMAL_051,393,422,0.17128356,False
DEV_NORMAL_051,394,423,0.1691819,False
DEV_NORMAL_051,395,424,0.17506067,False
DEV_NORMAL_051,396,425,0.17732228,False
DEV_NORMAL_051,397,426,0.17079404,False
DEV_NORMAL_051,398,427,0.17185554,False
DEV_NORMAL_051,399,428,0.1678471,False
DEV_NORMAL_051,400,429,0.1726523,False
DEV_NORMAL_051,401,430,0.18292855,False
DEV_NORMAL_051,402,431,0.18641053,False
DEV_NORMAL_051,403,432,0.18672206,False
DEV_NORMAL_051,404,433,0.19135122,False
DEV_NORMAL_051,405,434,0.19473292,False
DEV_NORMAL_051,406,435,0.20554145,False
DEV_NORMAL_051,407,436,0.20463844,False
DEV_NORMAL_051,408,437,0.20859861,False
DEV_NORMAL_051,409,438,0.22523555,False
DEV_NORMAL_051,410,439,0.22163579,False
DEV_NORMAL_051,411,440,0.21302,False
DEV_NORMAL_051,412,441,0.21476547,False
DEV_NORMAL_051,413,442,0.21181583,False
DEV_NORMAL_051,414,443,0.21641925,False
DEV_NORMAL_051,415,444,0.21730973,False
DEV_NORMAL_051,416,445,0.23241702,False
DEV_NORMAL_051,417,446,0.23574886,False
DEV_NORMAL_051,418,447,0.25296262,False
DEV_NORMAL_051,419,448,0.25702602,False
DEV_NORMAL_051,420,449,0.26018244,False
DEV_NORMAL_051,421,450,0.24626844,False
DEV_NORMAL_051,422,451,0.24431542,False
DEV_NORMAL_051,423,452,0.242263,False
DEV_NORMAL_051,424,453,0.24353637,False
DEV_NORMAL_051,425,454,0.24375015,False
DEV_NORMAL_051,426,455,0.24312697,False
DEV_NORMAL_051,427,456,0.25955677,False
DEV_NORMAL_051,428,457,0.26387128,False
DEV_NORMAL_051,429,458,0.24461737,False
DEV_NORMAL_051,430,459,0.25288495,False
DEV_NORMAL_051,431,460,0.26140124,False
DEV_NORMAL_051,432,461,0.2590608,False
DEV_NORMAL_051,433,462,0.2755809,False
DEV_NORMAL_051,434,463,0.27140296,False
DEV_NORMAL_051,435,464,0.2755721,False
DEV_NORMAL_051,436,465,0.2888299,False
DEV_NORMAL_051,437,466,0.28487772,False
DEV_NORMAL_051,438,467,0.27666333,False
DEV_NORMAL_051,439,468,0.28586024,False
DEV_NORMAL_051,440,469,0.27564907,False
DEV_NORMAL_051,441,470,0.2835674,False
DEV_NORMAL_051,442,471,0.2891468,False
DEV_NORMAL_051,443,472,0.28435403,False
DEV_NORMAL_051,444,473,0.29088256,False
DEV_NORMAL_051,445,474,0.27018744,False
DEV_NORMAL_051,446,475,0.27261484,False
DEV_NORMAL_051,447,476,0.24629429,False
DEV_NORMAL_051,448,477,0.2454763,False
DEV_NORMAL_051,449,478,0.24156542,False
DEV_NORMAL_051,450,479,0.23827197,False
DEV_NORMAL_051,451,480,0.24689738,False
DEV_NORMAL_051,452,481,0.25531182,False
DEV_NORMAL_051,453,482,0.2640609,False
DEV_NORMAL_051,454,483,0.254212,False
DEV_NORMAL_051,455,484,0.2407005,False
DEV_NORMAL_051,456,485,0.25766316,False
DEV_NORMAL_051,457,486,0.23539662,False
DEV_NORMAL_051,458,487,0.23666063,False
DEV_NORMAL_051,459,488,0.23699123,False
DEV_NORMAL_051,460,489,0.24341273,False
DEV_NORMAL_051,461,490,0.20654102,False
DEV_NORMAL_051,462,491,0.2098624,False
DEV_NORMAL_051,463,492,0.20858589,False
DEV_NORMAL_051,464,493,0.2093086,False
DEV_NORMAL_051,465,494,0.19456014,False
DEV_NORMAL_051,466,495,0.1940401,False
DEV_NORMAL_051,467,496,0.20422293,False
DEV_NORMAL_051,468,497,0.19036746,False
DEV_NORMAL_051,469,498,0.19097506,False
DEV_NORMAL_051,470,499,0.18400775,False
DEV_NORMAL_051,471,500,0.19465116,False
DEV_NORMAL_051,472,501,0.1923772,False
DEV_NORMAL_051,473,502,0.20645472,False
DEV_NORMAL_051,474,503,0.20547104,False
DEV_NORMAL_051,475,504,0.21453686,False
DEV_NORMAL_051,476,505,0.20469338,False
DEV_NORMAL_051,477,506,0.19636628,False
DEV_NORMAL_051,478,507,0.19390996,False
DEV_NORMAL_051,479,508,0.19074713,False
DEV_NORMAL_051,480,509,0.1944485,False
DEV_NORMAL_051,481,510,0.1973609,False
DEV_NORMAL_051,482,511,0.18056116,False
DEV_NORMAL_051,483,512,0.1741717,False
DEV_NORMAL_051,484,513,0.17218918,False
DEV_NORMAL_051,485,514,0.16899237,False
DEV_NORMAL_051,486,515,0.17674735,False
DEV_NORMAL_051,487,516,0.17286609,False
DEV_NORMAL_051,488,517,0.1814928,False
DEV_NORMAL_051,489,518,0.17555939,False
DEV_NORMAL_051,490,519,0.18350701,False
DEV_NORMAL_051,491,520,0.1827742,False
DEV_NORMAL_051,492,521,0.16275662,False
DEV_NORMAL_051,493,522,0.17361751,False
DEV_NORMAL_051,494,523,0.17254385,False
DEV_NORMAL_051,495,524,0.15457703,False
DEV_NORMAL_051,496,525,0.1856438,False
DEV_NORMAL_051,497,526,0.18897556,False
DEV_NORMAL_051,498,527,0.17923857,False
DEV_NORMAL_051,499,528,0.16448079,False
DEV_NORMAL_051,500,529,0.1603916,False
DEV_NORMAL_051,501,530,0.14821997,False
DEV_NORMAL_051,502,531,0.15321244,False
DEV_NORMAL_051,503,532,0.18352829,False
DEV_NORMAL_051,504,533,0.18753201,False
DEV_NORMAL_051,505,534,0.18888022,False
DEV_NORMAL_051,506,535,0.20602776,False
DEV_NORMAL_051,507,536,0.19889896,False
DEV_NORMAL_051,508,537,0.20148633,False
DEV_NORMAL_051,509,538,0.22240978,False
DEV_NORMAL_051,510,539,0.22164275,False
DEV_NORMAL_051,511,540,0.21072464,False
DEV_NORMAL_051,512,541,0.2117581,False
DEV_NORMAL_051,513,542,0.21491018,False
DEV_NORMAL_051,514,543,0.22107063,False
DEV_NORMAL_051,515,544,0.23585437,False
DEV_NORMAL_051,516,545,0.22856493,False
DEV_NORMAL_051,517,546,0.24098955,False
DEV_NORMAL_051,518,547,0.25568217,False
DEV_NORMAL_051,519,548,0.27167663,False
DEV_NORMAL_051,520,549,0.26482806,False
DEV_NORMAL_051,521,550,0.2755052,False
DEV_NORMAL_051,522,551,0.25562438,False
DEV_NORMAL_051,523,552,0.23932768,False
DEV_NORMAL_051,524,553,0.23137492,False
DEV_NORMAL_051,525,554,0.24565719,False
DEV_NORMAL_051,526,555,0.23469207,False
DEV_NORMAL_051,527,556,0.23635371,False
DEV_NORMAL_051,528,557,0.25510088,False
DEV_NORMAL_051,529,558,0.28067818,False
DEV_NORMAL_051,530,559,0.2749972,False
DEV_NORMAL_051,531,560,0.27991563,False
DEV_NORMAL_051,532,561,0.26826707,False
DEV_NORMAL_051,533,562,0.25561848,False
DEV_NORMAL_051,534,563,0.2737098,False
DEV_NORMAL_051,535,564,0.27739272,False
DEV_NORMAL_051,536,565,0.27133992,False
DEV_NORMAL_051,537,566,0.252894,False
DEV_NORMAL_051,538,567,0.24525991,False
DEV_NORMAL_051,539,568,0.24002762,False
DEV_NORMAL_051,540,569,0.2508555,False
DEV_NORMAL_051,541,570,0.27790368,False
DEV_NORMAL_051,542,571,0.27523756,False
DEV_NORMAL_051,543,572,0.2781268,False
DEV_NORMAL_051,544,573,0.2734724,False
DEV_NORMAL_051,545,574,0.28287056,False
DEV_NORMAL_051,546,575,0.28671366,False
DEV_NORMAL_051,547,576,0.26665568,False
DEV_NORMAL_051,548,577,0.25990194,False
DEV_NORMAL_051,549,578,0.24717969,False
DEV_NORMAL_051,550,579,0.25077087,False
DEV_NORMAL_051,551,580,0.25342435,False
DEV_NORMAL_051,552,581,0.25811204,False
DEV_NORMAL_051,553,582,0.26464638,False
DEV_NORMAL_051,554,583,0.27763277,False
DEV_NORMAL_051,555,584,0.2627976,False
DEV_NORMAL_051,556,585,0.2653739,False
DEV_NORMAL_051,557,586,0.2659698,False
DEV_NORMAL_051,558,587,0.24915919,False
DEV_NORMAL_051,559,588,0.24814649,False
DEV_NORMAL_051,560,589,0.23761623,False
DEV_NORMAL_051,561,590,0.24527125,False
DEV_NORMAL_051,562,591,0.23970789,False
DEV_NORMAL_051,563,592,0.25363347,False
DEV_NORMAL_051,564,593,0.25051367,False
DEV_NORMAL_051,565,594,0.25107846,False
DEV_NORMAL_051,566,595,0.25310722,False
DEV_NORMAL_051,567,596,0.2651428,False
DEV_NORMAL_051,568,597,0.27285403,False
DEV_NORMAL_051,569,598,0.26910692,False
DEV_NORMAL_051,570,599,0.24060793,False
DEV_NORMAL_051,571,600,0.24060573,False
DEV_NORMAL_051,572,601,0.230655,False
DEV_NORMAL_051,573,602,0.19529256,False
DEV_NORMAL_051,574,603,0.22159265,False
DEV_NORMAL_051,575,604,0.21808638,False
DEV_NORMAL_051,576,605,0.21225666,False
DEV_NORMAL_051,577,606,0.21861324,False
DEV_NORMAL_051,578,607,0.21929455,False
DEV_NORMAL_051,579,608,0.22260326,False
DEV_NORMAL_051,580,609,0.2242807,False
DEV_NORMAL_051,581,610,0.23933023,False
DEV_NORMAL_051,582,611,0.23206544,False
DEV_NORMAL_051,583,612,0.23057424,False
DEV_NORMAL_051,584,613,0.22101969,False
DEV_NORMAL_051,585,614,0.21461183,False
DEV_NORMAL_051,586,615,0.1976449,False
DEV_NORMAL_051,587,616,0.21228482,False
DEV_NORMAL_051,588,617,0.21302114,False
DEV_NORMAL_051,589,618,0.20496503,False
DEV_NORMAL_051,590,619,0.21385737,False
DEV_NORMAL_051,591,620,0.20765597,False
DEV_NORMAL_051,592,621,0.20769532,False
DEV_NORMAL_051,593,622,0.21675828,False
DEV_NORMAL_051,594,623,0.22401762,False
DEV_NORMAL_051,595,624,0.24273965,False
DEV_NORMAL_051,596,625,0.23275097,False
DEV_NORMAL_051,597,626,0.24402519,False
DEV_NORMAL_051,598,627,0.23159555,False
DEV_NORMAL_051,599,628,0.23184463,False
DEV_NORMAL_051,600,629,0.2518782,False
DEV_NORMAL_051,601,630,0.21884197,False
DEV_NORMAL_051,602,631,0.2133277,False
DEV_NORMAL_051,603,632,0.21898706,False
DEV_NORMAL_051,604,633,0.22779138,False
DEV_NORMAL_051,605,634,0.21364628,False
DEV_NORMAL_051,606,635,0.21857381,False
DEV_NORMAL_051,607,636,0.23130934,False
DEV_NORMAL_051,608,637,0.21020985,False
DEV_NORMAL_051,609,638,0.22041795,False
DEV_NORMAL_051,610,639,0.2169229,False
DEV_NORMAL_051,611,640,0.21453173,False
DEV_NORMAL_051,612,641,0.2154233,False
DEV_NORMAL_051,613,642,0.21598713,False
DEV_NORMAL_051,614,643,0.21815339,False
DEV_NORMAL_051,615,644,0.21339859,False
DEV_NORMAL_051,616,645,0.2255313,False
DEV_NORMAL_051,617,646,0.21935914,False
DEV_NORMAL_051,618,647,0.22656505,False
DEV_NORMAL_051,619,648,0.20717226,False
DEV_NORMAL_051,620,649,0.21656357,False
DEV_NORMAL_051,621,650,0.21375519,False
DEV_NORMAL_051,622,651,0.20760536,False
DEV_NORMAL_051,623,652,0.18976468,False
DEV_NORMAL_051,624,653,0.1746615,False
DEV_NORMAL_051,625,654,0.16823356,False
DEV_NORMAL_051,626,655,0.16003378,False
DEV_NORMAL_051,627,656,0.15529662,False
DEV_NORMAL_051,628,657,0.16065954,False
DEV_NORMAL_051,629,658,0.13804665,False
DEV_NORMAL_051,630,659,0.15814462,False
DEV_NORMAL_051,631,660,0.15462303,False
DEV_NORMAL_051,632,661,0.16244237,False
DEV_NORMAL_051,633,662,0.15515007,False
DEV_NORMAL_051,634,663,0.15597753,False
DEV_NORMAL_051,635,664,0.15796949,False
DEV_NORMAL_051,636,665,0.16616653,False
DEV_NORMAL_051,637,666,0.1646952,False
DEV_NORMAL_051,638,667,0.17271897,False
DEV_NORMAL_051,639,668,0.17678677,False
DEV_NORMAL_051,640,669,0.17821045,False
DEV_NORMAL_051,641,670,0.1714357,False
DEV_NORMAL_051,642,671,0.1853005,False
DEV_NORMAL_051,643,672,0.19478616,False
DEV_NORMAL_051,644,673,0.20287605,False
DEV_NORMAL_051,645,674,0.2106025,False
DEV_NORMAL_051,646,675,0.2018836,False
DEV_NORMAL_051,647,676,0.1999498,False
DEV_NORMAL_051,648,677,0.2000811,False
DEV_NORMAL_051,649,678,0.20485571,False
DEV_NORMAL_051,650,679,0.21967806,False
DEV_NORMAL_051,651,680,0.21791086,False
DEV_NORMAL_051,652,681,0.21678168,False
DEV_NORMAL_051,653,682,0.20803443,False
DEV_NORMAL_051,654,683,0.2146483,False
DEV_NORMAL_051,655,684,0.22999121,False
DEV_NORMAL_051,656,685,0.22132912,False
DEV_NORMAL_051,657,686,0.22735743,False
DEV_NORMAL_051,658,687,0.2208211,False
DEV_NORMAL_051,659,688,0.21137866,False
DEV_NORMAL_051,660,689,0.20848504,False
DEV_NORMAL_051,661,690,0.21874529,False
DEV_NORMAL_051,662,691,0.22439677,False
DEV_NORMAL_051,663,692,0.20654699,False
DEV_NORMAL_051,664,693,0.20771542,False
DEV_NORMAL_051,665,694,0.18991151,False
DEV_NORMAL_051,666,695,0.19082378,False
DEV_NORMAL_051,667,696,0.20058523,False
DEV_NORMAL_051,668,697,0.20546983,False
DEV_NORMAL_051,669,698,0.19358598,False
DEV_NORMAL_051,670,699,0.23243256,False
DEV_NORMAL_051,671,700,0.2316361,False
DEV_NORMAL_051,672,701,0.20657393,False
DEV_NORMAL_051,673,702,0.21104679,False
DEV_NORMAL_051,674,703,0.215592,False
DEV_NORMAL_051,675,704,0.21888086,False
DEV_NORMAL_051,676,705,0.22178793,False
DEV_NORMAL_051,677,706,0.22363175,False
DEV_NORMAL_051,678,707,0.22186531,False
DEV_NORMAL_051,679,708,0.23903053,False
DEV_NORMAL_051,680,709,0.2449116,False
DEV_NORMAL_051,681,710,0.254471,False
DEV_NORMAL_051,682,711,0.26111966,False
DEV_NORMAL_051,683,712,0.25840226,False
DEV_NORMAL_051,684,713,0.26203015,False
DEV_NORMAL_051,685,714,0.27386215,False
DEV_NORMAL_051,686,715,0.277864,False
DEV_NORMAL_051,687,716,0.27724648,False
DEV_NORMAL_051,688,717,0.26781294,False
DEV_NORMAL_051,689,718,0.25555766,False
DEV_NORMAL_051,690,719,0.25097468,False
DEV_NORMAL_051,691,720,0.25261453,False
DEV_NORMAL_051,692,721,0.26597145,False
DEV_NORMAL_051,693,722,0.2709308,False
DEV_NORMAL_051,694,723,0.28633034,False
DEV_NORMAL_051,695,724,0.28606632,False
DEV_NORMAL_051,696,725,0.28372243,False
DEV_NORMAL_051,697,726,0.28915265,False
DEV_NORMAL_051,698,727,0.2986692,True
DEV_NORMAL_051,699,728,0.24756795,False
DEV_NORMAL_051,700,729,0.2596896,False
DEV_NORMAL_051,701,730,0.27467898,False
DEV_NORMAL_051,702,731,0.27189103,False
DEV_NORMAL_051,703,732,0.26430663,False
DEV_NORMAL_051,704,733,0.2848533,False
DEV_NORMAL_051,705,734,0.31269586,True
DEV_NORMAL_051,706,735,0.29678884,True
DEV_NORMAL_051,707,736,0.2873913,False
DEV_NORMAL_051,708,737,0.2904847,False
DEV_NORMAL_051,709,738,0.28541762,False
DEV_NORMAL_051,710,739,0.2858608,False
DEV_NORMAL_051,711,740,0.28604928,False
DEV_NORMAL_051,712,741,0.29351324,True
DEV_NORMAL_051,713,742,0.31589812,True
DEV_NORMAL_051,714,743,0.29903218,True
DEV_NORMAL_051,715,744,0.2905613,False
DEV_NORMAL_051,716,745,0.29673022,True
DEV_NORMAL_051,717,746,0.2969497,True
DEV_NORMAL_051,718,747,0.30800602,True
DEV_NORMAL_051,719,748,0.3097225,True
DEV_NORMAL_051,720,749,0.32911178,True
DEV_NORMAL_051,721,750,0.33008808,True
DEV_NORMAL_051,722,751,0.3061736,True
DEV_NORMAL_051,723,752,0.29921916,True
DEV_NORMAL_051,724,753,0.3025983,True
DEV_NORMAL_051,725,754,0.28705704,False
DEV_NORMAL_051,726,755,0.27193335,False
DEV_NORMAL_051,727,756,0.27294904,False
DEV_NORMAL_051,728,757,0.27433488,False
DEV_NORMAL_051,729,758,0.26539543,False
DEV_NORMAL_051,730,759,0.27433118,False
DEV_NORMAL_051,731,760,0.2644252,False
DEV_NORMAL_051,732,761,0.25870028,False
DEV_NORMAL_051,733,762,0.25094277,False
DEV_NORMAL_051,734,763,0.24313352,False
DEV_NORMAL_051,735,764,0.24014135,False
DEV_NORMAL_051,736,765,0.24868068,False
DEV_NORMAL_051,737,766,0.24687453,False
DEV_NORMAL_051,738,767,0.25200775,False
DEV_NORMAL_051,739,768,0.2531368,False
DEV_NORMAL_051,740,769,0.25544986,False
DEV_NORMAL_051,741,770,0.23492812,False
DEV_NORMAL_051,742,771,0.22180216,False
DEV_NORMAL_051,743,772,0.22669901,False
DEV_NORMAL_051,744,773,0.20961162,False
DEV_NORMAL_051,745,774,0.20496854,False
DEV_NORMAL_051,746,775,0.20112003,False
DEV_NORMAL_051,747,776,0.19962889,False
DEV_NORMAL_051,748,777,0.20226529,False
DEV_NORMAL_051,749,778,0.203929,False
DEV_NORMAL_051,750,779,0.20882495,False
DEV_NORMAL_051,751,780,0.20916574,False
DEV_NORMAL_051,752,781,0.21791741,False
DEV_NORMAL_051,753,782,0.21657442,False
DEV_NORMAL_051,754,783,0.21875127,False
DEV_NORMAL_051,755,784,0.22303464,False
DEV_NORMAL_051,756,785,0.21773164,False
DEV_NORMAL_051,757,786,0.21242456,False
DEV_NORMAL_051,758,787,0.2178929,False
DEV_NORMAL_051,759,788,0.23110802,False
DEV_NORMAL_051,760,789,0.23620968,False
DEV_NORMAL_051,761,790,0.24031481,False
DEV_NORMAL_051,762,791,0.23895785,False
DEV_NORMAL_051,763,792,0.21379372,False
DEV_NORMAL_051,764,793,0.19032547,False
DEV_NORMAL_051,765,794,0.1875934,False
DEV_NORMAL_051,766,795,0.19810295,False
DEV_NORMAL_051,767,796,0.18750598,False
DEV_NORMAL_051,768,797,0.19441277,False
DEV_NORMAL_051,769,798,0.1918291,False
DEV_NORMAL_051,770,799,0.20476705,False
DEV_NORMAL_051,771,800,0.2227706,False
DEV_NORMAL_051,772,801,0.21705788,False
DEV_NORMAL_051,773,802,0.21235688,False
DEV_NORMAL_051,774,803,0.21702759,False
DEV_NORMAL_051,775,804,0.21633513,False
DEV_NORMAL_051,776,805,0.21234056,False
DEV_NORMAL_051,777,806,0.20122764,False
DEV_NORMAL_051,778,807,0.19425787,False
DEV_NORMAL_051,779,808,0.19391598,False
DEV_NORMAL_051,780,809,0.21346092,False
DEV_NORMAL_051,781,810,0.20447709,False
DEV_NORMAL_051,782,811,0.18844832,False
DEV_NORMAL_051,783,812,0.20032795,False
DEV_NORMAL_051,784,813,0.22577086,False
DEV_NORMAL_051,785,814,0.22855295,False
DEV_NORMAL_051,786,815,0.22916883,False
DEV_NORMAL_051,787,816,0.22729497,False
DEV_NORMAL_051,788,817,0.201797,False
DEV_NORMAL_051,789,818,0.2275396,False
DEV_NORMAL_051,790,819,0.2508456,False
DEV_NORMAL_051,791,820,0.24288641,False
DEV_NORMAL_051,792,821,0.23557077,False
DEV_NORMAL_051,793,822,0.22646509,False
DEV_NORMAL_051,794,823,0.24634017,False
DEV_NORMAL_051,795,824,0.2463178,False
DEV_NORMAL_051,796,825,0.23155431,False
DEV_NORMAL_051,797,826,0.21585801,False
DEV_NORMAL_051,798,827,0.21593991,False
DEV_NORMAL_051,799,828,0.20948794,False
DEV_NORMAL_051,800,829,0.2173798,False
DEV_NORMAL_051,801,830,0.2055305,False
DEV_NORMAL_051,802,831,0.20761675,False
DEV_NORMAL_051,803,832,0.20904149,False
DEV_NORMAL_051,804,833,0.19964506,False
DEV_NORMAL_051,805,834,0.21153256,False
DEV_NORMAL_051,806,835,0.22365959,False
DEV_NORMAL_051,807,836,0.21709904,False
DEV_NORMAL_051,808,837,0.22223496,False
DEV_NORMAL_051,809,838,0.24488507,False
DEV_NORMAL_051,810,839,0.2544134,False
DEV_NORMAL_051,811,840,0.25737655,False
DEV_NORMAL_051,812,841,0.24682125,False
DEV_NORMAL_051,813,842,0.22068375,False
DEV_NORMAL_051,814,843,0.21369669,False
DEV_NORMAL_051,815,844,0.22307463,False
DEV_NORMAL_051,816,845,0.22595479,False
DEV_NORMAL_051,817,846,0.22408558,False
DEV_NORMAL_051,818,847,0.19514634,False
DEV_NORMAL_051,819,848,0.1900372,False
DEV_NORMAL_051,820,849,0.19120982,False
DEV_NORMAL_051,821,850,0.18966582,False
DEV_NORMAL_051,822,851,0.19029713,False
DEV_NORMAL_051,823,852,0.1828806,False
DEV_NORMAL_051,824,853,0.18305986,False
DEV_NORMAL_051,825,854,0.20413984,False
DEV_NORMAL_051,826,855,0.20720458,False
DEV_NORMAL_051,827,856,0.21172176,False
DEV_NORMAL_051,828,857,0.22587162,False
DEV_NORMAL_051,829,858,0.22801654,False
DEV_NORMAL_051,830,859,0.2224748,False
DEV_NORMAL_051,831,860,0.22532766,False
DEV_NORMAL_051,832,861,0.23043321,False
DEV_NORMAL_051,833,862,0.22378796,False
DEV_NORMAL_051,834,863,0.22705112,False
DEV_NORMAL_051,835,864,0.2321284,False
DEV_NORMAL_051,836,865,0.19851345,False
DEV_NORMAL_051,837,866,0.19554108,False
DEV_NORMAL_051,838,867,0.18741745,False
DEV_NORMAL_051,839,868,0.19655679,False
DEV_NORMAL_051,840,869,0.19484267,False
DEV_NORMAL_051,841,870,0.19329771,False
DEV_NORMAL_051,842,871,0.20372166,False
DEV_NORMAL_051,843,872,0.22314186,False
DEV_NORMAL_051,844,873,0.24685271,False
DEV_NORMAL_051,845,874,0.2342164,False
DEV_NORMAL_051,846,875,0.24557737,False
DEV_NORMAL_051,847,876,0.2468708,False
DEV_NORMAL_051,848,877,0.2615526,False
DEV_NORMAL_051,849,878,0.25656343,False
DEV_NORMAL_051,850,879,0.25858492,False
DEV_NORMAL_051,851,880,0.2607374,False
DEV_NORMAL_051,852,881,0.2636147,False
DEV_NORMAL_051,853,882,0.27426058,False
DEV_NORMAL_051,854,883,0.25691757,False
DEV_NORMAL_051,855,884,0.25670448,False
DEV_NORMAL_051,856,885,0.2613463,False
DEV_NORMAL_051,857,886,0.26855904,False
DEV_NORMAL_051,858,887,0.26734847,False
DEV_NORMAL_051,859,888,0.24236889,False
DEV_NORMAL_051,860,889,0.25525984,False
DEV_NORMAL_051,861,890,0.26938024,False
DEV_NORMAL_051,862,891,0.27140275,False
DEV_NORMAL_051,863,892,0.27682444,False
DEV_NORMAL_051,864,893,0.28677508,False
DEV_NORMAL_051,865,894,0.2723771,False
DEV_NORMAL_051,866,895,0.28332588,False
DEV_NORMAL_051,867,896,0.28925297,False
DEV_NORMAL_051,868,897,0.29011166,False
DEV_NORMAL_051,869,898,0.274873,False
DEV_NORMAL_051,870,899,0.2813554,False
DEV_NORMAL_051,871,900,0.26722997,False
DEV_NORMAL_051,872,901,0.27222225,False
DEV_NORMAL_051,873,902,0.2599721,False
DEV_NORMAL_051,874,903,0.24818961,False
DEV_NORMAL_051,875,904,0.24988057,False
DEV_NORMAL_051,876,905,0.24604115,False
DEV_NORMAL_051,877,906,0.24084368,False
DEV_NORMAL_051,878,907,0.23457724,False
DEV_NORMAL_051,879,908,0.24835472,False
DEV_NORMAL_051,880,909,0.24957427,False
DEV_NORMAL_051,881,910,0.27367306,False
DEV_NORMAL_051,882,911,0.2720147,False
DEV_NORMAL_051,883,912,0.27647302,False
DEV_NORMAL_051,884,913,0.27738157,False
DEV_NORMAL_051,885,914,0.28211498,False
DEV_NORMAL_051,886,915,0.27627066,False
DEV_NORMAL_051,887,916,0.2722256,False
DEV_NORMAL_051,888,917,0.2732506,False
DEV_NORMAL_051,889,918,0.274537,False
DEV_NORMAL_051,890,919,0.26196602,False
DEV_NORMAL_051,891,920,0.2781409,False
DEV_NORMAL_051,892,921,0.26478466,False
DEV_NORMAL_051,893,922,0.2588099,False
DEV_NORMAL_051,894,923,0.24998577,False
DEV_NORMAL_051,895,924,0.24855123,False
DEV_NORMAL_051,896,925,0.24968919,False
DEV_NORMAL_051,897,926,0.2739038,False
DEV_NORMAL_051,898,927,0.25751916,False
DEV_NORMAL_051,899,928,0.27267444,False
DEV_NORMAL_051,900,929,0.28896895,False
DEV_NORMAL_051,901,930,0.25055692,False
DEV_NORMAL_051,902,931,0.25645927,False
DEV_NORMAL_051,903,932,0.24454823,False
DEV_NORMAL_051,904,933,0.23214598,False
DEV_NORMAL_051,905,934,0.23510437,False
DEV_NORMAL_051,906,935,0.22572383,False
DEV_NORMAL_051,907,936,0.23606685,False
DEV_NORMAL_051,908,937,0.24414943,False
DEV_NORMAL_051,909,938,0.23728694,False
DEV_NORMAL_051,910,939,0.22768195,False
DEV_NORMAL_051,911,940,0.22647864,False
DEV_NORMAL_051,912,941,0.22832985,False
DEV_NORMAL_051,913,942,0.22471593,False
DEV_NORMAL_051,914,943,0.22547507,False
DEV_NORMAL_051,915,944,0.22877589,False
DEV_NORMAL_051,916,945,0.23265184,False
DEV_NORMAL_051,917,946,0.24665771,False
DEV_NORMAL_051,918,947,0.24195392,False
DEV_NORMAL_051,919,948,0.22673728,False
DEV_NORMAL_051,920,949,0.22444169,False
DEV_NORMAL_051,921,950,0.21585187,False
DEV_NORMAL_051,922,951,0.21551387,False
DEV_NORMAL_051,923,952,0.22177579,False
DEV_NORMAL_051,924,953,0.24718326,False
DEV_NORMAL_051,925,954,0.2388415,False
DEV_NORMAL_051,926,955,0.2338256,False
DEV_NORMAL_051,927,956,0.24510269,False
DEV_NORMAL_051,928,957,0.23365335,False
DEV_NORMAL_051,929,958,0.23097406,False
DEV_NORMAL_051,930,959,0.23164865,False
DEV_NORMAL_051,931,960,0.23622216,False
DEV_NORMAL_051,932,961,0.24176827,False
DEV_NORMAL_051,933,962,0.23768343,False
DEV_NORMAL_051,934,963,0.23922934,False
DEV_NORMAL_051,935,964,0.24934769,False
DEV_NORMAL_051,936,965,0.24615555,False
DEV_NORMAL_051,937,966,0.24522655,False
DEV_NORMAL_051,938,967,0.22750658,False
DEV_NORMAL_051,939,968,0.2424851,False
DEV_NORMAL_051,940,969,0.24082328,False
DEV_NORMAL_051,941,970,0.24071766,False
DEV_NORMAL_051,942,971,0.23111089,False
DEV_NORMAL_051,943,972,0.23426463,False
DEV_NORMAL_051,944,973,0.2360815,False
DEV_NORMAL_051,945,974,0.22763678,False
DEV_NORMAL_051,946,975,0.2188106,False
DEV_NORMAL_051,947,976,0.22489928,False
DEV_NORMAL_051,948,977,0.22592722,False
DEV_NORMAL_051,949,978,0.21223326,False
DEV_NORMAL_051,950,979,0.20879179,False
DEV_NORMAL_051,951,980,0.22171094,False
DEV_NORMAL_051,952,981,0.21634118,False
DEV_NORMAL_051,953,982,0.19927853,False
DEV_NORMAL_051,954,983,0.19182323,False
DEV_NORMAL_051,955,984,0.20881583,False
DEV_NORMAL_051,956,985,0.19653822,False
DEV_NORMAL_051,957,986,0.2299195,False
DEV_NORMAL_051,958,987,0.23319715,False
DEV_NORMAL_051,959,988,0.23222189,False
DEV_NORMAL_051,960,989,0.22027135,False
DEV_NORMAL_051,961,990,0.22399521,False
DEV_NORMAL_051,962,991,0.21762283,False
DEV_NORMAL_051,963,992,0.22089726,False
DEV_NORMAL_051,964,993,0.22647375,False
DEV_NORMAL_051,965,994,0.2113311,False
DEV_NORMAL_051,966,995,0.20353231,False
DEV_NORMAL_051,967,996,0.1985047,False
DEV_NORMAL_051,968,997,0.19782944,False
DEV_NORMAL_051,969,998,0.20721537,False
DEV_NORMAL_051,970,999,0.20209214,False
DEV_NORMAL_051,971,1000,0.21016288,False
DEV_NORMAL_051,972,1001,0.2055734,False
DEV_NORMAL_051,973,1002,0.206991,False
DEV_NORMAL_051,974,1003,0.20564671,False
DEV_NORMAL_051,975,1004,0.20113982,False
DEV_NORMAL_051,976,1005,0.21388146,False
DEV_NORMAL_051,977,1006,0.19013599,False
DEV_NORMAL_051,978,1007,0.20230427,False
DEV_NORMAL_051,979,1008,0.18967275,False
DEV_NORMAL_051,980,1009,0.18863826,False
DEV_NORMAL_051,981,1010,0.18334712,False
DEV_NORMAL_051,982,1011,0.18783884,False
DEV_NORMAL_051,983,1012,0.1899469,False
DEV_NORMAL_051,984,1013,0.1936834,False
DEV_NORMAL_051,985,1014,0.19363324,False
DEV_NORMAL_051,986,1015,0.17211005,False
DEV_NORMAL_051,987,1016,0.17364244,False
DEV_NORMAL_051,988,1017,0.1762332,False
DEV_NORMAL_051,989,1018,0.17601685,False
DEV_NORMAL_051,990,1019,0.17817988,False
DEV_NORMAL_051,991,1020,0.1946332,False
DEV_NORMAL_051,992,1021,0.2076373,False
DEV_NORMAL_051,993,1022,0.20556428,False
DEV_NORMAL_051,994,1023,0.2081204,False
DEV_NORMAL_051,995,1024,0.21020238,False
DEV_NORMAL_051,996,1025,0.21089941,False
DEV_NORMAL_051,997,1026,0.2013132,False
DEV_NORMAL_051,998,1027,0.20559406,False
DEV_NORMAL_051,999,1028,0.21912226,False
DEV_NORMAL_051,1000,1029,0.2167222,False
DEV_NORMAL_051,1001,1030,0.22048213,False
DEV_NORMAL_051,1002,1031,0.22896966,False
DEV_NORMAL_051,1003,1032,0.22731514,False
DEV_NORMAL_051,1004,1033,0.2526454,False
DEV_NORMAL_051,1005,1034,0.24590883,False
DEV_NORMAL_051,1006,1035,0.25406417,False
DEV_NORMAL_051,1007,1036,0.24858245,False
DEV_NORMAL_051,1008,1037,0.24610077,False
DEV_NORMAL_051,1009,1038,0.25167742,False
DEV_NORMAL_051,1010,1039,0.26008105,False
DEV_NORMAL_051,1011,1040,0.24944982,False
DEV_NORMAL_051,1012,1041,0.2519156,False
DEV_NORMAL_051,1013,1042,0.27190197,False
DEV_NORMAL_051,1014,1043,0.29601103,True
DEV_NORMAL_051,1015,1044,0.2967459,True
DEV_NORMAL_051,1016,1045,0.27110097,False
DEV_NORMAL_051,1017,1046,0.26592097,False
DEV_NORMAL_051,1018,1047,0.2666648,False
DEV_NORMAL_051,1019,1048,0.27218267,False
DEV_NORMAL_051,1020,1049,0.25229216,False
DEV_NORMAL_051,1021,1050,0.23870976,False
DEV_NORMAL_051,1022,1051,0.25173283,False
DEV_NORMAL_051,1023,1052,0.2340664,False
DEV_NORMAL_051,1024,1053,0.23214404,False
DEV_NORMAL_051,1025,1054,0.23837917,False
DEV_NORMAL_051,1026,1055,0.2128643,False
DEV_NORMAL_051,1027,1056,0.21653143,False
DEV_NORMAL_051,1028,1057,0.20437378,False
DEV_NORMAL_051,1029,1058,0.22226451,False
DEV_NORMAL_051,1030,1059,0.23137759,False
DEV_NORMAL_051,1031,1060,0.22730869,False
DEV_NORMAL_051,1032,1061,0.22033976,False
DEV_NORMAL_051,1033,1062,0.2176679,False
DEV_NORMAL_051,1034,1063,0.21451902,False
DEV_NORMAL_051,1035,1064,0.20797281,False
DEV_NORMAL_051,1036,1065,0.20380427,False
DEV_NORMAL_051,1037,1066,0.20759128,False
DEV_NORMAL_051,1038,1067,0.21405245,False
DEV_NORMAL_051,1039,1068,0.2178243,False
DEV_NORMAL_051,1040,1069,0.21099962,False
DEV_NORMAL_051,1041,1070,0.22559828,False
DEV_NORMAL_051,1042,1071,0.22344875,False
DEV_NORMAL_051,1043,1072,0.21510848,False
DEV_NORMAL_051,1044,1073,0.21840374,False
DEV_NORMAL_051,1045,1074,0.22576427,False
DEV_NORMAL_051,1046,1075,0.22436203,False
DEV_NORMAL_051,1047,1076,0.21322551,False
DEV_NORMAL_051,1048,1077,0.21393086,False
DEV_NORMAL_051,1049,1078,0.2145864,False
DEV_NORMAL_051,1050,1079,0.21381126,False
DEV_NORMAL_051,1051,1080,0.22206011,False
DEV_NORMAL_051,1052,1081,0.24256453,False
DEV_NORMAL_051,1053,1082,0.24557011,False
DEV_NORMAL_051,1054,1083,0.23313323,False
DEV_NORMAL_051,1055,1084,0.2341059,False
DEV_NORMAL_051,1056,1085,0.21997409,False
DEV_NORMAL_051,1057,1086,0.24059057,False
DEV_NORMAL_051,1058,1087,0.23034817,False
DEV_NORMAL_051,1059,1088,0.22240141,False
DEV_NORMAL_051,1060,1089,0.23557793,False
DEV_NORMAL_051,1061,1090,0.22694302,False
DEV_NORMAL_051,1062,1091,0.23370737,False
DEV_NORMAL_051,1063,1092,0.23374479,False
DEV_NORMAL_051,1064,1093,0.23936915,False
DEV_NORMAL_051,1065,1094,0.260532,False
DEV_NORMAL_051,1066,1095,0.20652483,False
DEV_NORMAL_051,1067,1096,0.22356166,False
DEV_NORMAL_051,1068,1097,0.20363288,False
DEV_NORMAL_051,1069,1098,0.17609994,False
DEV_NORMAL_051,1070,1099,0.17948392,False
DEV_NORMAL_051,1071,1100,0.18590467,False
DEV_NORMAL_051,1072,1101,0.18020864,False
DEV_NORMAL_051,1073,1102,0.1698768,False
DEV_NORMAL_051,1074,1103,0.17180087,False
DEV_NORMAL_051,1075,1104,0.17660195,False
DEV_NORMAL_051,1076,1105,0.18174712,False
DEV_NORMAL_051,1077,1106,0.19549213,False
DEV_NORMAL_051,1078,1107,0.1950435,False
DEV_NORMAL_051,1079,1108,0.20101865,False
DEV_NORMAL_051,1080,1109,0.19942246,False
DEV_NORMAL_051,1081,1110,0.20714048,False
DEV_NORMAL_051,1082,1111,0.2105125,False
DEV_NORMAL_051,1083,1112,0.2149167,False
DEV_NORMAL_051,1084,1113,0.21769908,False
DEV_NORMAL_051,1085,1114,0.20335944,False
DEV_NORMAL_051,1086,1115,0.20059535,False
DEV_NORMAL_051,1087,1116,0.18318841,False
DEV_NORMAL_051,1088,1117,0.19263195,False
DEV_NORMAL_051,1089,1118,0.19970812,False
DEV_NORMAL_051,1090,1119,0.18525699,False
DEV_NORMAL_051,1091,1120,0.19067284,False
DEV_NORMAL_051,1092,1121,0.1818151,False
DEV_NORMAL_051,1093,1122,0.17272305,False
DEV_NORMAL_051,1094,1123,0.17843954,False
DEV_NORMAL_051,1095,1124,0.18999271,False
DEV_NORMAL_051,1096,1125,0.18015149,False
DEV_NORMAL_051,1097,1126,0.17302118,False
DEV_NORMAL_051,1098,1127,0.17758408,False
DEV_NORMAL_051,1099,1128,0.18170598,False
DEV_NORMAL_051,1100,1129,0.17819509,False
DEV_NORMAL_051,1101,1130,0.17904301,False
DEV_NORMAL_051,1102,1131,0.18598694,False
DEV_NORMAL_051,1103,1132,0.18429512,False
DEV_NORMAL_051,1104,1133,0.1916433,False
DEV_NORMAL_051,1105,1134,0.18096921,False
DEV_NORMAL_051,1106,1135,0.17299671,False
DEV_NORMAL_051,1107,1136,0.18486367,False
DEV_NORMAL_051,1108,1137,0.19198947,False
DEV_NORMAL_051,1109,1138,0.20784327,False
DEV_NORMAL_051,1110,1139,0.19700804,False
DEV_NORMAL_051,1111,1140,0.20795782,False
DEV_NORMAL_051,1112,1141,0.20094608,False
DEV_NORMAL_051,1113,1142,0.18203683,False
DEV_NORMAL_051,1114,1143,0.1965668,False
DEV_NORMAL_051,1115,1144,0.19582687,False
DEV_NORMAL_051,1116,1145,0.19422612,False
DEV_NORMAL_051,1117,1146,0.19868787,False
DEV_NORMAL_051,1118,1147,0.21820186,False
DEV_NORMAL_051,1119,1148,0.22579241,False
DEV_NORMAL_051,1120,1149,0.21775834,False
DEV_NORMAL_051,1121,1150,0.20779614,False
DEV_NORMAL_051,1122,1151,0.22311205,False
DEV_NORMAL_051,1123,1152,0.21644418,False
DEV_NORMAL_051,1124,1153,0.22895518,False
DEV_NORMAL_051,1125,1154,0.2149339,False
DEV_NORMAL_051,1126,1155,0.20881963,False
DEV_NORMAL_051,1127,1156,0.20389661,False
DEV_NORMAL_051,1128,1157,0.20169793,False
DEV_NORMAL_051,1129,1158,0.21645577,False
DEV_NORMAL_051,1130,1159,0.21208525,False
DEV_NORMAL_051,1131,1160,0.21924406,False
DEV_NORMAL_051,1132,1161,0.22752136,False
DEV_NORMAL_051,1133,1162,0.22128595,False
DEV_NORMAL_051,1134,1163,0.2332499,False
DEV_NORMAL_051,1135,1164,0.22475748,False
DEV_NORMAL_051,1136,1165,0.21689942,False
DEV_NORMAL_051,1137,1166,0.21740581,False
DEV_NORMAL_051,1138,1167,0.21364675,False
DEV_NORMAL_051,1139,1168,0.2059233,False
DEV_NORMAL_051,1140,1169,0.2117416,False
DEV_NORMAL_051,1141,1170,0.24005501,False
DEV_NORMAL_051,1142,1171,0.24806646,False
DEV_NORMAL_051,1143,1172,0.2353916,False
DEV_NORMAL_051,1144,1173,0.21884795,False
DEV_NORMAL_051,1145,1174,0.2185963,False
DEV_NORMAL_051,1146,1175,0.22399499,False
DEV_NORMAL_051,1147,1176,0.21034136,False
DEV_NORMAL_051,1148,1177,0.22404964,False
DEV_NORMAL_051,1149,1178,0.21548274,False
DEV_NORMAL_051,1150,1179,0.20348716,False
DEV_NORMAL_051,1151,1180,0.20488295,False
DEV_NORMAL_051,1152,1181,0.20604888,False
DEV_NORMAL_051,1153,1182,0.20851044,False
DEV_NORMAL_051,1154,1183,0.20243527,False
DEV_NORMAL_051,1155,1184,0.19995312,False
DEV_NORMAL_051,1156,1185,0.20793915,False
DEV_NORMAL_051,1157,1186,0.1978527,False
DEV_NORMAL_051,1158,1187,0.20482989,False
DEV_NORMAL_051,1159,1188,0.19710557,False
DEV_NORMAL_051,1160,1189,0.19312945,False
DEV_NORMAL_051,1161,1190,0.20137851,False
DEV_NORMAL_051,1162,1191,0.2090158,False
DEV_NORMAL_051,1163,1192,0.2073534,False
DEV_NORMAL_051,1164,1193,0.20005833,False
DEV_NORMAL_051,1165,1194,0.20804717,False
DEV_NORMAL_051,1166,1195,0.18366918,False
DEV_NORMAL_051,1167,1196,0.17523861,False
DEV_NORMAL_051,1168,1197,0.17913745,False
DEV_NORMAL_051,1169,1198,0.17130731,False
DEV_NORMAL_051,1170,1199,0.16010644,False
DEV_NORMAL_051,1171,1200,0.15815124,False
DEV_NORMAL_051,1172,1201,0.15398028,False
DEV_NORMAL_051,1173,1202,0.15482886,False
DEV_NORMAL_051,1174,1203,0.15148637,False
DEV_NORMAL_051,1175,1204,0.15385084,False
DEV_NORMAL_051,1176,1205,0.15710896,False
DEV_NORMAL_051,1177,1206,0.18149678,False
DEV_NORMAL_051,1178,1207,0.17822345,False
DEV_NORMAL_051,1179,1208,0.18969099,False
DEV_NORMAL_051,1180,1209,0.20134662,False
DEV_NORMAL_051,1181,1210,0.21000434,False
DEV_NORMAL_051,1182,1211,0.21086656,False
DEV_NORMAL_051,1183,1212,0.20247708,False
DEV_NORMAL_051,1184,1213,0.19070779,False
DEV_NORMAL_051,1185,1214,0.18782613,False
DEV_NORMAL_051,1186,1215,0.19493714,False
DEV_NORMAL_051,1187,1216,0.18742596,False
DEV_NORMAL_051,1188,1217,0.19003324,False
DEV_NORMAL_051,1189,1218,0.18375163,False
DEV_NORMAL_051,1190,1219,0.18612452,False
DEV_NORMAL_051,1191,1220,0.19476181,False
DEV_NORMAL_051,1192,1221,0.1982243,False
DEV_NORMAL_051,1193,1222,0.22203597,False
DEV_NORMAL_051,1194,1223,0.21528797,False
DEV_NORMAL_051,1195,1224,0.20849203,False
DEV_NORMAL_051,1196,1225,0.21855113,False
DEV_NORMAL_051,1197,1226,0.21107484,False
DEV_NORMAL_051,1198,1227,0.21973181,False
DEV_NORMAL_051,1199,1228,0.21406178,False
DEV_NORMAL_051,1200,1229,0.21983308,False
DEV_NORMAL_051,1201,1230,0.23118626,False
DEV_NORMAL_051,1202,1231,0.22766657,False
DEV_NORMAL_051,1203,1232,0.232967,False
DEV_NORMAL_051,1204,1233,0.22165444,False
DEV_NORMAL_051,1205,1234,0.22631502,False
DEV_NORMAL_051,1206,1235,0.21836063,False
DEV_NORMAL_051,1207,1236,0.23085657,False
DEV_NORMAL_051,1208,1237,0.24014647,False
DEV_NORMAL_051,1209,1238,0.23831795,False
DEV_NORMAL_051,1210,1239,0.25146157,False
DEV_NORMAL_051,1211,1240,0.2618354,False
DEV_NORMAL_051,1212,1241,0.2655719,False
DEV_NORMAL_051,1213,1242,0.26433328,False
DEV_NORMAL_051,1214,1243,0.2680127,False
DEV_NORMAL_051,1215,1244,0.27520925,False
DEV_NORMAL_051,1216,1245,0.2804343,False
DEV_NORMAL_051,1217,1246,0.28836364,False
DEV_NORMAL_051,1218,1247,0.2832444,False
DEV_NORMAL_051,1219,1248,0.26670378,False
DEV_NORMAL_051,1220,1249,0.26044393,False
DEV_NORMAL_051,1221,1250,0.25181738,False
DEV_NORMAL_051,1222,1251,0.23192005,False
DEV_NORMAL_051,1223,1252,0.23937446,False
DEV_NORMAL_051,1224,1253,0.23570532,False
DEV_NORMAL_051,1225,1254,0.25201383,False
DEV_NORMAL_051,1226,1255,0.24881554,False
DEV_NORMAL_051,1227,1256,0.2315286,False
DEV_NORMAL_051,1228,1257,0.22580646,False
DEV_NORMAL_051,1229,1258,0.23464295,False
DEV_NORMAL_051,1230,1259,0.20238551,False
DEV_NORMAL_052,0,29,0.28597787,False
DEV_NORMAL_052,1,30,0.27543253,False
DEV_NORMAL_052,2,31,0.24115239,False
DEV_NORMAL_052,3,32,0.25182483,False
DEV_NORMAL_052,4,33,0.25675398,False
DEV_NORMAL_052,5,34,0.259447,False
DEV_NORMAL_052,6,35,0.27978605,False
DEV_NORMAL_052,7,36,0.2479022,False
DEV_NORMAL_052,8,37,0.24595407,False
DEV_NORMAL_052,9,38,0.2448685,False
DEV_NORMAL_052,10,39,0.24854162,False
DEV_NORMAL_052,11,40,0.259694,False
DEV_NORMAL_052,12,41,0.25568202,False
DEV_NORMAL_052,13,42,0.27212727,False
DEV_NORMAL_052,14,43,0.25989386,False
DEV_NORMAL_052,15,44,0.25029075,False
DEV_NORMAL_052,16,45,0.2558629,False
DEV_NORMAL_052,17,46,0.25234658,False
DEV_NORMAL_052,18,47,0.2378281,False
DEV_NORMAL_052,19,48,0.24326429,False
DEV_NORMAL_052,20,49,0.23721954,False
DEV_NORMAL_052,21,50,0.23619191,False
DEV_NORMAL_052,22,51,0.2276427,False
DEV_NORMAL_052,23,52,0.21927269,False
DEV_NORMAL_052,24,53,0.23547854,False
DEV_NORMAL_052,25,54,0.25466073,False
DEV_NORMAL_052,26,55,0.25715536,False
DEV_NORMAL_052,27,56,0.26123497,False
DEV_NORMAL_052,28,57,0.25865066,False
DEV_NORMAL_052,29,58,0.24296421,False
DEV_NORMAL_052,30,59,0.21652712,False
DEV_NORMAL_052,31,60,0.24676143,False
DEV_NORMAL_052,32,61,0.24142486,False
DEV_NORMAL_052,33,62,0.26006323,False
DEV_NORMAL_052,34,63,0.26010874,False
DEV_NORMAL_052,35,64,0.2528795,False
DEV_NORMAL_052,36,65,0.24739161,False
DEV_NORMAL_052,37,66,0.23616596,False
DEV_NORMAL_052,38,67,0.252664,False
DEV_NORMAL_052,39,68,0.27422255,False
DEV_NORMAL_052,40,69,0.2738072,False
DEV_NORMAL_052,41,70,0.25397965,False
DEV_NORMAL_052,42,71,0.25852805,False
DEV_NORMAL_052,43,72,0.25237092,False
DEV_NORMAL_052,44,73,0.25402257,False
DEV_NORMAL_052,45,74,0.2612851,False
DEV_NORMAL_052,46,75,0.26257554,False
DEV_NORMAL_052,47,76,0.27571055,False
DEV_NORMAL_052,48,77,0.24011901,False
DEV_NORMAL_052,49,78,0.24076563,False
DEV_NORMAL_052,50,79,0.259708,False
DEV_NORMAL_052,51,80,0.2641123,False
DEV_NORMAL_052,52,81,0.27758142,False
DEV_NORMAL_052,53,82,0.2762779,False
DEV_NORMAL_052,54,83,0.2995146,True
DEV_NORMAL_052,55,84,0.2817091,False
DEV_NORMAL_052,56,85,0.2867854,False
DEV_NORMAL_052,57,86,0.31131712,True
DEV_NORMAL_052,58,87,0.30608794,True
DEV_NORMAL_052,59,88,0.3082547,True
DEV_NORMAL_052,60,89,0.29491508,True
DEV_NORMAL_052,61,90,0.29351628,True
DEV_NORMAL_052,62,91,0.28784925,False
DEV_NORMAL_052,63,92,0.2730819,False
DEV_NORMAL_052,64,93,0.26098633,False
DEV_NORMAL_052,65,94,0.2574418,False
DEV_NORMAL_052,66,95,0.24486382,False
DEV_NORMAL_052,67,96,0.23750407,False
DEV_NORMAL_052,68,97,0.23907457,False
DEV_NORMAL_052,69,98,0.24602172,False
DEV_NORMAL_052,70,99,0.24132456,False
DEV_NORMAL_052,71,100,0.22983147,False
DEV_NORMAL_052,72,101,0.2248451,False
DEV_NORMAL_052,73,102,0.24356085,False
DEV_NORMAL_052,74,103,0.24162987,False
DEV_NORMAL_052,75,104,0.24266218,False
DEV_NORMAL_052,76,105,0.23832567,False
DEV_NORMAL_052,77,106,0.24909219,False
DEV_NORMAL_052,78,107,0.2539318,False
DEV_NORMAL_052,79,108,0.24284156,False
DEV_NORMAL_052,80,109,0.25293466,False
DEV_NORMAL_052,81,110,0.21923558,False
DEV_NORMAL_052,82,111,0.18887202,False
DEV_NORMAL_052,83,112,0.17931011,False
DEV_NORMAL_052,84,113,0.18804315,False
DEV_NORMAL_052,85,114,0.1837225,False
DEV_NORMAL_052,86,115,0.19557403,False
DEV_NORMAL_052,87,116,0.20692308,False
DEV_NORMAL_052,88,117,0.21305776,False
DEV_NORMAL_052,89,118,0.21955997,False
DEV_NORMAL_052,90,119,0.2230424,False
DEV_NORMAL_052,91,120,0.23116584,False
DEV_NORMAL_052,92,121,0.24450476,False
DEV_NORMAL_052,93,122,0.2420807,False
DEV_NORMAL_052,94,123,0.25285295,False
DEV_NORMAL_052,95,124,0.25066045,False
DEV_NORMAL_052,96,125,0.24816969,False
DEV_NORMAL_052,97,126,0.24788012,False
DEV_NORMAL_052,98,127,0.25984013,False
DEV_NORMAL_052,99,128,0.244078,False
DEV_NORMAL_052,100,129,0.24749883,False
DEV_NORMAL_052,101,130,0.2488596,False
DEV_NORMAL_052,102,131,0.25823256,False
DEV_NORMAL_052,103,132,0.25709417,False
DEV_NORMAL_052,104,133,0.24999052,False
DEV_NORMAL_052,105,134,0.25217697,False
DEV_NORMAL_052,106,135,0.24589205,False
DEV_NORMAL_052,107,136,0.23057912,False
DEV_NORMAL_052,108,137,0.24864823,False
DEV_NORMAL_052,109,138,0.25192767,False
DEV_NORMAL_052,110,139,0.24929173,False
DEV_NORMAL_052,111,140,0.24132061,False
DEV_NORMAL_052,112,141,0.24798292,False
DEV_NORMAL_052,113,142,0.23934022,False
DEV_NORMAL_052,114,143,0.23429854,False
DEV_NORMAL_052,115,144,0.24817589,False
DEV_NORMAL_052,116,145,0.26141396,False
DEV_NORMAL_052,117,146,0.24162133,False
DEV_NORMAL_052,118,147,0.22675101,False
DEV_NORMAL_052,119,148,0.21552886,False
DEV_NORMAL_052,120,149,0.22235352,False
DEV_NORMAL_052,121,150,0.21933614,False
DEV_NORMAL_052,122,151,0.21220165,False
DEV_NORMAL_052,123,152,0.22248758,False
DEV_NORMAL_052,124,153,0.22519785,False
DEV_NORMAL_052,125,154,0.22478409,False
DEV_NORMAL_052,126,155,0.22125317,False
DEV_NORMAL_052,127,156,0.21171366,False
DEV_NORMAL_052,128,157,0.22028469,False
DEV_NORMAL_052,129,158,0.21387692,False
DEV_NORMAL_052,130,159,0.18528514,False
DEV_NORMAL_052,131,160,0.19394827,False
DEV_NORMAL_052,132,161,0.20060603,False
DEV_NORMAL_052,133,162,0.20879307,False
DEV_NORMAL_052,134,163,0.2023302,False
DEV_NORMAL_052,135,164,0.19547653,False
DEV_NORMAL_052,136,165,0.1939032,False
DEV_NORMAL_052,137,166,0.18124469,False
DEV_NORMAL_052,138,167,0.19289762,False
DEV_NORMAL_052,139,168,0.18979101,False
DEV_NORMAL_052,140,169,0.1933334,False
DEV_NORMAL_052,141,170,0.19250734,False
DEV_NORMAL_052,142,171,0.20743805,False
DEV_NORMAL_052,143,172,0.19978686,False
DEV_NORMAL_052,144,173,0.19855677,False
DEV_NORMAL_052,145,174,0.18140446,False
DEV_NORMAL_052,146,175,0.17204656,False
DEV_NORMAL_052,147,176,0.1875907,False
DEV_NORMAL_052,148,177,0.19381924,False
DEV_NORMAL_052,149,178,0.18726845,False
DEV_NORMAL_052,150,179,0.17241791,False
DEV_NORMAL_052,151,180,0.17864518,False
DEV_NORMAL_052,152,181,0.1680267,False
DEV_NORMAL_052,153,182,0.17848982,False
DEV_NORMAL_052,154,183,0.19745776,False
DEV_NORMAL_052,155,184,0.19827232,False
DEV_NORMAL_052,156,185,0.20353825,False
DEV_NORMAL_052,157,186,0.19930571,False
DEV_NORMAL_052,158,187,0.20273778,False
DEV_NORMAL_052,159,188,0.19443733,False
DEV_NORMAL_052,160,189,0.1885349,False
DEV_NORMAL_052,161,190,0.19592063,False
DEV_NORMAL_052,162,191,0.1941546,False
DEV_NORMAL_052,163,192,0.21426748,False
DEV_NORMAL_052,164,193,0.2168024,False
DEV_NORMAL_052,165,194,0.21279205,False
DEV_NORMAL_052,166,195,0.20112963,False
DEV_NORMAL_052,167,196,0.2019297,False
DEV_NORMAL_052,168,197,0.20271876,False
DEV_NORMAL_052,169,198,0.20759153,False
DEV_NORMAL_052,170,199,0.2204702,False
DEV_NORMAL_052,171,200,0.21511017,False
DEV_NORMAL_052,172,201,0.22391742,False
DEV_NORMAL_052,173,202,0.22472534,False
DEV_NORMAL_052,174,203,0.2440922,False
DEV_NORMAL_052,175,204,0.24613315,False
DEV_NORMAL_052,176,205,0.22307126,False
DEV_NORMAL_052,177,206,0.21191902,False
DEV_NORMAL_052,178,207,0.21914646,False
DEV_NORMAL_052,179,208,0.21981497,False
DEV_NORMAL_052,180,209,0.21180145,False
DEV_NORMAL_052,181,210,0.20550899,False
DEV_NORMAL_052,182,211,0.21971692,False
DEV_NORMAL_052,183,212,0.2208365,False
DEV_NORMAL_052,184,213,0.22407389,False
DEV_NORMAL_052,185,214,0.2285421,False
DEV_NORMAL_052,186,215,0.22238213,False
DEV_NORMAL_052,187,216,0.21543708,False
DEV_NORMAL_052,188,217,0.22204758,False
DEV_NORMAL_052,189,218,0.22936648,False
DEV_NORMAL_052,190,219,0.2265468,False
DEV_NORMAL_052,191,220,0.20919631,False
DEV_NORMAL_052,192,221,0.22045621,False
DEV_NORMAL_052,193,222,0.20976497,False
DEV_NORMAL_052,194,223,0.21237178,False
DEV_NORMAL_052,195,224,0.19542916,False
DEV_NORMAL_052,196,225,0.19785677,False
DEV_NORMAL_052,197,226,0.20937906,False
DEV_NORMAL_052,198,227,0.21910858,False
DEV_NORMAL_052,199,228,0.18787457,False
DEV_NORMAL_052,200,229,0.18643469,False
DEV_NORMAL_052,201,230,0.1944214,False
DEV_NORMAL_052,202,231,0.19667536,False
DEV_NORMAL_052,203,232,0.1919542,False
DEV_NORMAL_052,204,233,0.19042937,False
DEV_NORMAL_052,205,234,0.19313116,False
DEV_NORMAL_052,206,235,0.19771893,False
DEV_NORMAL_052,207,236,0.19152014,False
DEV_NORMAL_052,208,237,0.21354415,False
DEV_NORMAL_052,209,238,0.20836776,False
DEV_NORMAL_052,210,239,0.1967509,False
DEV_NORMAL_052,211,240,0.19391862,False
DEV_NORMAL_052,212,241,0.18168916,False
DEV_NORMAL_052,213,242,0.2063894,False
DEV_NORMAL_052,214,243,0.20664588,False
DEV_NORMAL_052,215,244,0.21294123,False
DEV_NORMAL_052,216,245,0.218982,False
DEV_NORMAL_052,217,246,0.22592427,False
DEV_NORMAL_052,218,247,0.2334643,False
DEV_NORMAL_052,219,248,0.23805918,False
DEV_NORMAL_052,220,249,0.2447286,False
DEV_NORMAL_052,221,250,0.2430375,False
DEV_NORMAL_052,222,251,0.25781962,False
DEV_NORMAL_052,223,252,0.24466093,False
DEV_NORMAL_052,224,253,0.237559,False
DEV_NORMAL_052,225,254,0.23433627,False
DEV_NORMAL_052,226,255,0.2269157,False
DEV_NORMAL_052,227,256,0.23136944,False
DEV_NORMAL_052,228,257,0.22647543,False
DEV_NORMAL_052,229,258,0.21714473,False
DEV_NORMAL_052,230,259,0.20206662,False
DEV_NORMAL_052,231,260,0.19764087,False
DEV_NORMAL_052,232,261,0.23203738,False
DEV_NORMAL_052,233,262,0.22016197,False
DEV_NORMAL_052,234,263,0.22603652,False
DEV_NORMAL_052,235,264,0.22185825,False
DEV_NORMAL_052,236,265,0.20699158,False
DEV_NORMAL_052,237,266,0.21065944,False
DEV_NORMAL_052,238,267,0.2162942,False
DEV_NORMAL_052,239,268,0.21914342,False
DEV_NORMAL_052,240,269,0.21621698,False
DEV_NORMAL_052,241,270,0.21248676,False
DEV_NORMAL_052,242,271,0.21341076,False
DEV_NORMAL_052,243,272,0.20669171,False
DEV_NORMAL_052,244,273,0.21430285,False
DEV_NORMAL_052,245,274,0.2077528,False
DEV_NORMAL_052,246,275,0.20643972,False
DEV_NORMAL_052,247,276,0.19952306,False
DEV_NORMAL_052,248,277,0.2049361,False
DEV_NORMAL_052,249,278,0.21413018,False
DEV_NORMAL_052,250,279,0.19259077,False
DEV_NORMAL_052,251,280,0.20671412,False
DEV_NORMAL_052,252,281,0.20559174,False
DEV_NORMAL_052,253,282,0.20659651,False
DEV_NORMAL_052,254,283,0.20400381,False
DEV_NORMAL_052,255,284,0.2031248,False
DEV_NORMAL_052,256,285,0.21608765,False
DEV_NORMAL_052,257,286,0.21528742,False
DEV_NORMAL_052,258,287,0.2134626,False
DEV_NORMAL_052,259,288,0.21097665,False
DEV_NORMAL_052,260,289,0.19696924,False
DEV_NORMAL_052,261,290,0.19656795,False
DEV_NORMAL_052,262,291,0.19277628,False
DEV_NORMAL_052,263,292,0.20617864,False
DEV_NORMAL_052,264,293,0.183657,False
DEV_NORMAL_052,265,294,0.18898664,False
DEV_NORMAL_052,266,295,0.20292947,False
DEV_NORMAL_052,267,296,0.2021157,False
DEV_NORMAL_052,268,297,0.22037797,False
DEV_NORMAL_052,269,298,0.21379726,False
DEV_NORMAL_052,270,299,0.19503447,False
DEV_NORMAL_052,271,300,0.1893248,False
DEV_NORMAL_052,272,301,0.19567756,False
DEV_NORMAL_052,273,302,0.1779273,False
DEV_NORMAL_052,274,303,0.17795843,False
DEV_NORMAL_052,275,304,0.17826056,False
DEV_NORMAL_052,276,305,0.17724462,False
DEV_NORMAL_052,277,306,0.18309139,False
DEV_NORMAL_052,278,307,0.19179964,False
DEV_NORMAL_052,279,308,0.21513888,False
DEV_NORMAL_052,280,309,0.20472056,False
DEV_NORMAL_052,281,310,0.23231886,False
DEV_NORMAL_052,282,311,0.24775009,False
DEV_NORMAL_052,283,312,0.24917474,False
DEV_NORMAL_052,284,313,0.2387092,False
DEV_NORMAL_052,285,314,0.2318792,False
DEV_NORMAL_052,286,315,0.23670228,False
DEV_NORMAL_052,287,316,0.24094798,False
DEV_NORMAL_052,288,317,0.24715333,False
DEV_NORMAL_052,289,318,0.24686012,False
DEV_NORMAL_052,290,319,0.2617163,False
DEV_NORMAL_052,291,320,0.25676072,False
DEV_NORMAL_052,292,321,0.25438893,False
DEV_NORMAL_052,293,322,0.25776237,False
DEV_NORMAL_052,294,323,0.25920144,False
DEV_NORMAL_052,295,324,0.22914553,False
DEV_NORMAL_052,296,325,0.22412993,False
DEV_NORMAL_052,297,326,0.23579459,False
DEV_NORMAL_052,298,327,0.22033685,False
DEV_NORMAL_052,299,328,0.23939203,False
DEV_NORMAL_052,300,329,0.2327464,False
DEV_NORMAL_052,301,330,0.22535352,False
DEV_NORMAL_052,302,331,0.25474656,False
DEV_NORMAL_052,303,332,0.2504899,False
DEV_NORMAL_052,304,333,0.23604785,False
DEV_NORMAL_052,305,334,0.23335698,False
DEV_NORMAL_052,306,335,0.23807733,False
DEV_NORMAL_052,307,336,0.24515171,False
DEV_NORMAL_052,308,337,0.20370497,False
DEV_NORMAL_052,309,338,0.19604267,False
DEV_NORMAL_052,310,339,0.18282798,False
DEV_NORMAL_052,311,340,0.18126316,False
DEV_NORMAL_052,312,341,0.19166613,False
DEV_NORMAL_052,313,342,0.2044379,False
DEV_NORMAL_052,314,343,0.22550017,False
DEV_NORMAL_052,315,344,0.22857094,False
DEV_NORMAL_052,316,345,0.24158579,False
DEV_NORMAL_052,317,346,0.2199822,False
DEV_NORMAL_052,318,347,0.2162417,False
DEV_NORMAL_052,319,348,0.21042077,False
DEV_NORMAL_052,320,349,0.21719709,False
DEV_NORMAL_052,321,350,0.22202362,False
DEV_NORMAL_052,322,351,0.21775745,False
DEV_NORMAL_052,323,352,0.22951412,False
DEV_NORMAL_052,324,353,0.2161734,False
DEV_NORMAL_052,325,354,0.22326776,False
DEV_NORMAL_052,326,355,0.22503926,False
DEV_NORMAL_052,327,356,0.21813227,False
DEV_NORMAL_052,328,357,0.21098103,False
DEV_NORMAL_052,329,358,0.21990427,False
DEV_NORMAL_052,330,359,0.21382253,False
DEV_NORMAL_052,331,360,0.20433626,False
DEV_NORMAL_052,332,361,0.20038852,False
DEV_NORMAL_052,333,362,0.20934373,False
DEV_NORMAL_052,334,363,0.19591954,False
DEV_NORMAL_052,335,364,0.19750236,False
DEV_NORMAL_052,336,365,0.23018211,False
DEV_NORMAL_052,337,366,0.2315151,False
DEV_NORMAL_052,338,367,0.22807805,False
DEV_NORMAL_052,339,368,0.23382269,False
DEV_NORMAL_052,340,369,0.2250142,False
DEV_NORMAL_052,341,370,0.21524446,False
DEV_NORMAL_052,342,371,0.21180299,False
DEV_NORMAL_052,343,372,0.21094023,False
DEV_NORMAL_052,344,373,0.20129806,False
DEV_NORMAL_052,345,374,0.21027465,False
DEV_NORMAL_052,346,375,0.20554788,False
DEV_NORMAL_052,347,376,0.1937129,False
DEV_NORMAL_052,348,377,0.21047786,False
DEV_NORMAL_052,349,378,0.21175665,False
DEV_NORMAL_052,350,379,0.20132576,False
DEV_NORMAL_052,351,380,0.21146113,False
DEV_NORMAL_052,352,381,0.21891013,False
DEV_NORMAL_052,353,382,0.20841065,False
DEV_NORMAL_052,354,383,0.20269063,False
DEV_NORMAL_052,355,384,0.2079381,False
DEV_NORMAL_052,356,385,0.2335549,False
DEV_NORMAL_052,357,386,0.24501684,False
DEV_NORMAL_052,358,387,0.22753844,False
DEV_NORMAL_052,359,388,0.21884365,False
DEV_NORMAL_052,360,389,0.2352222,False
DEV_NORMAL_052,361,390,0.23720938,False
DEV_NORMAL_052,362,391,0.23295055,False
DEV_NORMAL_052,363,392,0.24825554,False
DEV_NORMAL_052,364,393,0.21931645,False
DEV_NORMAL_052,365,394,0.22044659,False
DEV_NORMAL_052,366,395,0.21076153,False
DEV_NORMAL_052,367,396,0.21065238,False
DEV_NORMAL_052,368,397,0.2154317,False
DEV_NORMAL_052,369,398,0.21425433,False
DEV_NORMAL_052,370,399,0.21844189,False
DEV_NORMAL_052,371,400,0.21477228,False
DEV_NORMAL_052,372,401,0.22354059,False
DEV_NORMAL_052,373,402,0.22351462,False
DEV_NORMAL_052,374,403,0.21715088,False
DEV_NORMAL_052,375,404,0.2089627,False
DEV_NORMAL_052,376,405,0.21514177,False
DEV_NORMAL_052,377,406,0.21304554,False
DEV_NORMAL_052,378,407,0.20714691,False
DEV_NORMAL_052,379,408,0.19999935,False
DEV_NORMAL_052,380,409,0.21250005,False
DEV_NORMAL_052,381,410,0.19374648,False
DEV_NORMAL_052,382,411,0.19108944,False
DEV_NORMAL_052,383,412,0.18959884,False
DEV_NORMAL_052,384,413,0.18408778,False
DEV_NORMAL_052,385,414,0.17781493,False
DEV_NORMAL_052,386,415,0.1931305,False
DEV_NORMAL_052,387,416,0.19355093,False
DEV_NORMAL_052,388,417,0.1975104,False
DEV_NORMAL_052,389,418,0.2048118,False
DEV_NORMAL_052,390,419,0.20972766,False
DEV_NORMAL_052,391,420,0.21132304,False
DEV_NORMAL_052,392,421,0.20000742,False
DEV_NORMAL_052,393,422,0.19619876,False
DEV_NORMAL_052,394,423,0.21091816,False
DEV_NORMAL_052,395,424,0.20494796,False
DEV_NORMAL_052,396,425,0.18487479,False
DEV_NORMAL_052,397,426,0.19553779,False
DEV_NORMAL_052,398,427,0.19842911,False
DEV_NORMAL_052,399,428,0.19124667,False
DEV_NORMAL_052,400,429,0.19803168,False
DEV_NORMAL_052,401,430,0.20415376,False
DEV_NORMAL_052,402,431,0.22026698,False
DEV_NORMAL_052,403,432,0.20539357,False
DEV_NORMAL_052,404,433,0.23590262,False
DEV_NORMAL_052,405,434,0.23503606,False
DEV_NORMAL_052,406,435,0.23454545,False
DEV_NORMAL_052,407,436,0.25105414,False
DEV_NORMAL_052,408,437,0.25670356,False
DEV_NORMAL_052,409,438,0.25055486,False
DEV_NORMAL_052,410,439,0.24942571,False
DEV_NORMAL_052,411,440,0.24510258,False
DEV_NORMAL_052,412,441,0.24501231,False
DEV_NORMAL_052,413,442,0.24526043,False
DEV_NORMAL_052,414,443,0.22489168,False
DEV_NORMAL_052,415,444,0.24369949,False
DEV_NORMAL_052,416,445,0.25510088,False
DEV_NORMAL_052,417,446,0.24047409,False
DEV_NORMAL_052,418,447,0.23676853,False
DEV_NORMAL_052,419,448,0.245723,False
DEV_NORMAL_052,420,449,0.2499013,False
DEV_NORMAL_052,421,450,0.24973536,False
DEV_NORMAL_052,422,451,0.25572458,False
DEV_NORMAL_052,423,452,0.25695923,False
DEV_NORMAL_052,424,453,0.2360478,False
DEV_NORMAL_052,425,454,0.24072339,False
DEV_NORMAL_052,426,455,0.24308634,False
DEV_NORMAL_052,427,456,0.2307683,False
DEV_NORMAL_052,428,457,0.22443165,False
DEV_NORMAL_052,429,458,0.23538138,False
DEV_NORMAL_052,430,459,0.24747689,False
DEV_NORMAL_052,431,460,0.21144839,False
DEV_NORMAL_052,432,461,0.20807546,False
DEV_NORMAL_052,433,462,0.22480272,False
DEV_NORMAL_052,434,463,0.22477455,False
DEV_NORMAL_052,435,464,0.22979254,False
DEV_NORMAL_052,436,465,0.2235637,False
DEV_NORMAL_052,437,466,0.21356346,False
DEV_NORMAL_052,438,467,0.22562245,False
DEV_NORMAL_052,439,468,0.22547531,False
DEV_NORMAL_052,440,469,0.23984197,False
DEV_NORMAL_052,441,470,0.24353555,False
DEV_NORMAL_052,442,471,0.24040113,False
DEV_NORMAL_052,443,472,0.23873296,False
DEV_NORMAL_052,444,473,0.24465384,False
DEV_NORMAL_052,445,474,0.24653225,False
DEV_NORMAL_052,446,475,0.23104388,False
DEV_NORMAL_052,447,476,0.22541809,False
DEV_NORMAL_052,448,477,0.23966393,False
DEV_NORMAL_052,449,478,0.22590646,False
DEV_NORMAL_052,450,479,0.25631237,False
DEV_NORMAL_052,451,480,0.25577718,False
DEV_NORMAL_052,452,481,0.2537378,False
DEV_NORMAL_052,453,482,0.24917035,False
DEV_NORMAL_052,454,483,0.25400344,False
DEV_NORMAL_052,455,484,0.2532989,False
DEV_NORMAL_052,456,485,0.26538128,False
DEV_NORMAL_052,457,486,0.25644466,False
DEV_NORMAL_052,458,487,0.27414843,False
DEV_NORMAL_052,459,488,0.27339157,False
DEV_NORMAL_052,460,489,0.26302856,False
DEV_NORMAL_052,461,490,0.26123658,False
DEV_NORMAL_052,462,491,0.26039544,False
DEV_NORMAL_052,463,492,0.25488022,False
DEV_NORMAL_052,464,493,0.24812451,False
DEV_NORMAL_052,465,494,0.25524357,False
DEV_NORMAL_052,466,495,0.2607649,False
DEV_NORMAL_052,467,496,0.23596387,False
DEV_NORMAL_052,468,497,0.2263328,False
DEV_NORMAL_052,469,498,0.22021173,False
DEV_NORMAL_052,470,499,0.22695681,False
DEV_NORMAL_052,471,500,0.22978829,False
DEV_NORMAL_052,472,501,0.24034049,False
DEV_NORMAL_052,473,502,0.23846012,False
DEV_NORMAL_052,474,503,0.23551254,False
DEV_NORMAL_052,475,504,0.24281007,False
DEV_NORMAL_052,476,505,0.23097509,False
DEV_NORMAL_052,477,506,0.22635774,False
DEV_NORMAL_052,478,507,0.21917436,False
DEV_NORMAL_052,479,508,0.21180853,False
DEV_NORMAL_052,480,509,0.21140255,False
DEV_NORMAL_052,481,510,0.2111353,False
DEV_NORMAL_052,482,511,0.2095318,False
DEV_NORMAL_052,483,512,0.20843874,False
DEV_NORMAL_052,484,513,0.21360785,False
DEV_NORMAL_052,485,514,0.22761342,False
DEV_NORMAL_052,486,515,0.21931273,False
DEV_NORMAL_052,487,516,0.21652617,False
DEV_NORMAL_052,488,517,0.21214442,False
DEV_NORMAL_052,489,518,0.18205962,False
DEV_NORMAL_052,490,519,0.18323843,False
DEV_NORMAL_052,491,520,0.17500159,False
DEV_NORMAL_052,492,521,0.18037878,False
DEV_NORMAL_052,493,522,0.17706475,False
DEV_NORMAL_052,494,523,0.19557305,False
DEV_NORMAL_052,495,524,0.1950879,False
DEV_NORMAL_052,496,525,0.19583468,False
DEV_NORMAL_052,497,526,0.2086481,False
DEV_NORMAL_052,498,527,0.21270119,False
DEV_NORMAL_052,499,528,0.1930912,False
DEV_NORMAL_052,500,529,0.20690435,False
DEV_NORMAL_052,501,530,0.20535377,False
DEV_NORMAL_052,502,531,0.2068427,False
DEV_NORMAL_052,503,532,0.20949812,False
DEV_NORMAL_052,504,533,0.21120001,False
DEV_NORMAL_052,505,534,0.21003428,False
DEV_NORMAL_052,506,535,0.20509823,False
DEV_NORMAL_052,507,536,0.19477174,False
DEV_NORMAL_052,508,537,0.20817193,False
DEV_NORMAL_052,509,538,0.21888624,False
DEV_NORMAL_052,510,539,0.22002926,False
DEV_NORMAL_052,511,540,0.21847394,False
DEV_NORMAL_052,512,541,0.22609487,False
DEV_NORMAL_052,513,542,0.23058145,False
DEV_NORMAL_052,514,543,0.21700618,False
DEV_NORMAL_052,515,544,0.2233073,False
DEV_NORMAL_052,516,545,0.20783302,False
DEV_NORMAL_052,517,546,0.21105814,False
DEV_NORMAL_052,518,547,0.21813247,False
DEV_NORMAL_052,519,548,0.24101743,False
DEV_NORMAL_052,520,549,0.22859572,False
DEV_NORMAL_052,521,550,0.22901961,False
DEV_NORMAL_052,522,551,0.22279263,False
DEV_NORMAL_052,523,552,0.22392254,False
DEV_NORMAL_052,524,553,0.22166945,False
DEV_NORMAL_052,525,554,0.20902406,False
DEV_NORMAL_052,526,555,0.21346276,False
DEV_NORMAL_052,527,556,0.24032076,False
DEV_NORMAL_052,528,557,0.23013881,False
DEV_NORMAL_052,529,558,0.20963548,False
DEV_NORMAL_052,530,559,0.22385114,False
DEV_NORMAL_052,531,560,0.20884733,False
DEV_NORMAL_052,532,561,0.2070763,False
DEV_NORMAL_052,533,562,0.22574596,False
DEV_NORMAL_052,534,563,0.19580016,False
DEV_NORMAL_052,535,564,0.20167917,False
DEV_NORMAL_052,536,565,0.20349725,False
DEV_NORMAL_052,537,566,0.20613816,False
DEV_NORMAL_052,538,567,0.20507418,False
DEV_NORMAL_052,539,568,0.19999366,False
DEV_NORMAL_052,540,569,0.18586402,False
DEV_NORMAL_052,541,570,0.19917339,False
DEV_NORMAL_052,542,571,0.21041931,False
DEV_NORMAL_052,543,572,0.21661927,False
DEV_NORMAL_052,544,573,0.20669158,False
DEV_NORMAL_052,545,574,0.21904461,False
DEV_NORMAL_052,546,575,0.20566724,False
DEV_NORMAL_052,547,576,0.20537166,False
DEV_NORMAL_052,548,577,0.19338353,False
DEV_NORMAL_052,549,578,0.19455115,False
DEV_NORMAL_052,550,579,0.1977348,False
DEV_NORMAL_052,551,580,0.19057566,False
DEV_NORMAL_052,552,581,0.18433231,False
DEV_NORMAL_052,553,582,0.18682496,False
DEV_NORMAL_052,554,583,0.17350772,False
DEV_NORMAL_052,555,584,0.17616908,False
DEV_NORMAL_052,556,585,0.16831392,False
DEV_NORMAL_052,557,586,0.1748813,False
DEV_NORMAL_052,558,587,0.1627872,False
DEV_NORMAL_052,559,588,0.161542,False
DEV_NORMAL_052,560,589,0.18241054,False
DEV_NORMAL_052,561,590,0.18187028,False
DEV_NORMAL_052,562,591,0.1870393,False
DEV_NORMAL_052,563,592,0.18373853,False
DEV_NORMAL_052,564,593,0.18082476,False
DEV_NORMAL_052,565,594,0.1911952,False
DEV_NORMAL_052,566,595,0.17852375,False
DEV_NORMAL_052,567,596,0.17636618,False
DEV_NORMAL_052,568,597,0.20156914,False
DEV_NORMAL_052,569,598,0.1906853,False
DEV_NORMAL_052,570,599,0.1917916,False
DEV_NORMAL_052,571,600,0.18350403,False
DEV_NORMAL_052,572,601,0.19440752,False
DEV_NORMAL_052,573,602,0.18787082,False
DEV_NORMAL_052,574,603,0.19149593,False
DEV_NORMAL_052,575,604,0.17908518,False
DEV_NORMAL_052,576,605,0.17028539,False
DEV_NORMAL_052,577,606,0.16630428,False
DEV_NORMAL_052,578,607,0.1832948,False
DEV_NORMAL_052,579,608,0.18818101,False
DEV_NORMAL_052,580,609,0.19491066,False
DEV_NORMAL_052,581,610,0.19166452,False
DEV_NORMAL_052,582,611,0.19164866,False
DEV_NORMAL_052,583,612,0.22813244,False
DEV_NORMAL_052,584,613,0.22198915,False
DEV_NORMAL_052,585,614,0.24849062,False
DEV_NORMAL_052,586,615,0.2387945,False
DEV_NORMAL_052,587,616,0.23808584,False
DEV_NORMAL_052,588,617,0.2380972,False
DEV_NORMAL_052,589,618,0.22872905,False
DEV_NORMAL_052,590,619,0.24242392,False
DEV_NORMAL_052,591,620,0.23934633,False
DEV_NORMAL_052,592,621,0.2333118,False
DEV_NORMAL_052,593,622,0.22901139,False
DEV_NORMAL_052,594,623,0.2398837,False
DEV_NORMAL_052,595,624,0.25255868,False
DEV_NORMAL_052,596,625,0.2465578,False
DEV_NORMAL_052,597,626,0.24238819,False
DEV_NORMAL_052,598,627,0.22757772,False
DEV_NORMAL_052,599,628,0.2155303,False
DEV_NORMAL_052,600,629,0.21397759,False
DEV_NORMAL_052,601,630,0.2110053,False
DEV_NORMAL_052,602,631,0.21917081,False
DEV_NORMAL_052,603,632,0.21776572,False
DEV_NORMAL_052,604,633,0.20547727,False
DEV_NORMAL_052,605,634,0.19960137,False
DEV_NORMAL_052,606,635,0.20541427,False
DEV_NORMAL_052,607,636,0.18553683,False
DEV_NORMAL_052,608,637,0.18922797,False
DEV_NORMAL_052,609,638,0.19018945,False
DEV_NORMAL_052,610,639,0.19461392,False
DEV_NORMAL_052,611,640,0.1819195,False
DEV_NORMAL_052,612,641,0.179107,False
DEV_NORMAL_052,613,642,0.1760677,False
DEV_NORMAL_052,614,643,0.15396418,False
DEV_NORMAL_052,615,644,0.15050882,False
DEV_NORMAL_052,616,645,0.1692241,False
DEV_NORMAL_052,617,646,0.1711271,False
DEV_NORMAL_052,618,647,0.17777675,False
DEV_NORMAL_052,619,648,0.1706158,False
DEV_NORMAL_052,620,649,0.16815396,False
DEV_NORMAL_052,621,650,0.1734408,False
DEV_NORMAL_052,622,651,0.1809804,False
DEV_NORMAL_052,623,652,0.21578516,False
DEV_NORMAL_052,624,653,0.2154066,False
DEV_NORMAL_052,625,654,0.21406358,False
DEV_NORMAL_052,626,655,0.21490495,False
DEV_NORMAL_052,627,656,0.20539822,False
DEV_NORMAL_052,628,657,0.22486582,False
DEV_NORMAL_052,629,658,0.22748905,False
DEV_NORMAL_052,630,659,0.24965937,False
DEV_NORMAL_052,631,660,0.26217568,False
DEV_NORMAL_052,632,661,0.25380975,False
DEV_NORMAL_052,633,662,0.25151145,False
DEV_NORMAL_052,634,663,0.30834928,True
DEV_NORMAL_052,635,664,0.29842222,True
DEV_NORMAL_052,636,665,0.30087212,True
DEV_NORMAL_052,637,666,0.31234416,True
DEV_NORMAL_052,638,667,0.29200852,True
DEV_NORMAL_052,639,668,0.26607788,False
DEV_NORMAL_052,640,669,0.28600186,False
DEV_NORMAL_052,641,670,0.2971543,True
DEV_NORMAL_052,642,671,0.30987397,True
DEV_NORMAL_052,643,672,0.32097805,True
DEV_NORMAL_052,644,673,0.3076158,True
DEV_NORMAL_052,645,674,0.31056067,True
DEV_NORMAL_052,646,675,0.31093886,True
DEV_NORMAL_052,647,676,0.30293643,True
DEV_NORMAL_052,648,677,0.30080384,True
DEV_NORMAL_052,649,678,0.28321305,False
DEV_NORMAL_052,650,679,0.27819288,False
DEV_NORMAL_052,651,680,0.27791122,False
DEV_NORMAL_052,652,681,0.25853395,False
DEV_NORMAL_052,653,682,0.2581593,False
DEV_NORMAL_052,654,683,0.26452592,False
DEV_NORMAL_052,655,684,0.2566939,False
DEV_NORMAL_052,656,685,0.24841163,False
DEV_NORMAL_052,657,686,0.24141791,False
DEV_NORMAL_052,658,687,0.2331583,False
DEV_NORMAL_052,659,688,0.21687965,False
DEV_NORMAL_052,660,689,0.22089285,False
DEV_NORMAL_052,661,690,0.22298749,False
DEV_NORMAL_052,662,691,0.20559473,False
DEV_NORMAL_052,663,692,0.1972243,False
DEV_NORMAL_052,664,693,0.19943091,False
DEV_NORMAL_052,665,694,0.20942551,False
DEV_NORMAL_052,666,695,0.21361545,False
DEV_NORMAL_052,667,696,0.20205197,False
DEV_NORMAL_052,668,697,0.19650212,False
DEV_NORMAL_052,669,698,0.20092681,False
DEV_NORMAL_052,670,699,0.20926513,False
DEV_NORMAL_052,671,700,0.20925356,False
DEV_NORMAL_052,672,701,0.21365432,False
DEV_NORMAL_052,673,702,0.20213994,False
DEV_NORMAL_052,674,703,0.22043899,False
DEV_NORMAL_052,675,704,0.22670785,False
DEV_NORMAL_052,676,705,0.2271089,False
DEV_NORMAL_052,677,706,0.21879889,False
DEV_NORMAL_052,678,707,0.2189413,False
DEV_NORMAL_052,679,708,0.23471707,False
DEV_NORMAL_052,680,709,0.2557694,False
DEV_NORMAL_052,681,710,0.25414604,False
DEV_NORMAL_052,682,711,0.2541304,False
DEV_NORMAL_052,683,712,0.2534211,False
DEV_NORMAL_052,684,713,0.25947338,False
DEV_NORMAL_052,685,714,0.27802742,False
DEV_NORMAL_052,686,715,0.26453602,False
DEV_NORMAL_052,687,716,0.27001902,False
DEV_NORMAL_052,688,717,0.28378576,False
DEV_NORMAL_052,689,718,0.2782032,False
DEV_NORMAL_052,690,719,0.26594147,False
DEV_NORMAL_052,691,720,0.26984873,False
DEV_NORMAL_052,692,721,0.2821266,False
DEV_NORMAL_052,693,722,0.27438328,False
DEV_NORMAL_052,694,723,0.2700972,False
DEV_NORMAL_052,695,724,0.2673356,False
DEV_NORMAL_052,696,725,0.25011885,False
DEV_NORMAL_052,697,726,0.26174414,False
DEV_NORMAL_052,698,727,0.23266537,False
DEV_NORMAL_052,699,728,0.25942075,False
DEV_NORMAL_052,700,729,0.26599813,False
DEV_NORMAL_052,701,730,0.25147623,False
DEV_NORMAL_052,702,731,0.26106304,False
DEV_NORMAL_052,703,732,0.26193553,False
DEV_NORMAL_052,704,733,0.2665942,False
DEV_NORMAL_052,705,734,0.26112908,False
DEV_NORMAL_052,706,735,0.26258662,False
DEV_NORMAL_052,707,736,0.25336298,False
DEV_NORMAL_052,708,737,0.26240104,False
DEV_NORMAL_052,709,738,0.23622802,False
DEV_NORMAL_052,710,739,0.24058507,False
DEV_NORMAL_052,711,740,0.2648212,False
DEV_NORMAL_052,712,741,0.2681577,False
DEV_NORMAL_052,713,742,0.27033672,False
DEV_NORMAL_052,714,743,0.24768353,False
DEV_NORMAL_052,715,744,0.2527919,False
DEV_NORMAL_052,716,745,0.23995882,False
DEV_NORMAL_052,717,746,0.23879719,False
DEV_NORMAL_052,718,747,0.2532312,False
DEV_NORMAL_052,719,748,0.25354847,False
DEV_NORMAL_052,720,749,0.25837848,False
DEV_NORMAL_052,721,750,0.25843728,False
DEV_NORMAL_052,722,751,0.27229738,False
DEV_NORMAL_052,723,752,0.2684217,False
DEV_NORMAL_052,724,753,0.25655624,False
DEV_NORMAL_052,725,754,0.24510841,False
DEV_NORMAL_052,726,755,0.24277566,False
DEV_NORMAL_052,727,756,0.22939534,False
DEV_NORMAL_052,728,757,0.2270562,False
DEV_NORMAL_052,729,758,0.25500503,False
DEV_NORMAL_052,730,759,0.2681731,False
DEV_NORMAL_052,731,760,0.27032757,False
DEV_NORMAL_052,732,761,0.2518158,False
DEV_NORMAL_052,733,762,0.2508284,False
DEV_NORMAL_052,734,763,0.26024386,False
DEV_NORMAL_052,735,764,0.26561123,False
DEV_NORMAL_052,736,765,0.26382312,False
DEV_NORMAL_052,737,766,0.27192384,False
DEV_NORMAL_052,738,767,0.26995495,False
DEV_NORMAL_052,739,768,0.2705001,False
DEV_NORMAL_052,740,769,0.25758034,False
DEV_NORMAL_052,741,770,0.25731447,False
DEV_NORMAL_052,742,771,0.26172343,False
DEV_NORMAL_052,743,772,0.2671545,False
DEV_NORMAL_052,744,773,0.2623851,False
DEV_NORMAL_052,745,774,0.2561675,False
DEV_NORMAL_052,746,775,0.27407488,False
DEV_NORMAL_052,747,776,0.26688758,False
DEV_NORMAL_052,748,777,0.2757019,False
DEV_NORMAL_052,749,778,0.28189528,False
DEV_NORMAL_052,750,779,0.28629097,False
DEV_NORMAL_052,751,780,0.30449963,True
DEV_NORMAL_052,752,781,0.3306833,True
DEV_NORMAL_052,753,782,0.3163542,True
DEV_NORMAL_052,754,783,0.3146028,True
DEV_NORMAL_052,755,784,0.30508894,True
DEV_NORMAL_052,756,785,0.33235532,True
DEV_NORMAL_052,757,786,0.32399547,True
DEV_NORMAL_052,758,787,0.27987817,False
DEV_NORMAL_052,759,788,0.27702567,False
DEV_NORMAL_052,760,789,0.28765383,False
DEV_NORMAL_052,761,790,0.3009391,True
DEV_NORMAL_052,762,791,0.3145333,True
DEV_NORMAL_052,763,792,0.27807796,False
DEV_NORMAL_052,764,793,0.2571804,False
DEV_NORMAL_052,765,794,0.26566905,False
DEV_NORMAL_052,766,795,0.28602573,False
DEV_NORMAL_052,767,796,0.2578549,False
DEV_NORMAL_052,768,797,0.24911068,False
DEV_NORMAL_052,769,798,0.25538015,False
DEV_NORMAL_052,770,799,0.23228985,False
DEV_NORMAL_052,771,800,0.23387045,False
DEV_NORMAL_052,772,801,0.23660749,False
DEV_NORMAL_052,773,802,0.24080007,False
DEV_NORMAL_052,774,803,0.25397775,False
DEV_NORMAL_052,775,804,0.24785782,False
DEV_NORMAL_052,776,805,0.22788171,False
DEV_NORMAL_052,777,806,0.24631317,False
DEV_NORMAL_052,778,807,0.22265768,False
DEV_NORMAL_052,779,808,0.21396624,False
DEV_NORMAL_052,780,809,0.2128411,False
DEV_NORMAL_052,781,810,0.21498543,False
DEV_NORMAL_052,782,811,0.21186158,False
DEV_NORMAL_052,783,812,0.21195723,False
DEV_NORMAL_052,784,813,0.21254219,False
DEV_NORMAL_052,785,814,0.20801435,False
DEV_NORMAL_052,786,815,0.19944689,False
DEV_NORMAL_052,787,816,0.20219335,False
DEV_NORMAL_052,788,817,0.19920184,False
DEV_NORMAL_052,789,818,0.18780683,False
DEV_NORMAL_052,790,819,0.19450395,False
DEV_NORMAL_052,791,820,0.21251532,False
DEV_NORMAL_052,792,821,0.19330998,False
DEV_NORMAL_052,793,822,0.19404571,False
DEV_NORMAL_052,794,823,0.19906424,False
DEV_NORMAL_052,795,824,0.19300742,False
DEV_NORMAL_052,796,825,0.19588766,False
DEV_NORMAL_052,797,826,0.19690564,False
DEV_NORMAL_052,798,827,0.19477291,False
DEV_NORMAL_052,799,828,0.18791208,False
DEV_NORMAL_052,800,829,0.19487658,False
DEV_NORMAL_052,801,830,0.18178171,False
DEV_NORMAL_052,802,831,0.18146253,False
DEV_NORMAL_052,803,832,0.17581882,False
DEV_NORMAL_052,804,833,0.17306948,False
DEV_NORMAL_052,805,834,0.1840703,False
DEV_NORMAL_052,806,835,0.1941876,False
DEV_NORMAL_052,807,836,0.18547495,False
DEV_NORMAL_052,808,837,0.2093443,False
DEV_NORMAL_052,809,838,0.22985293,False
DEV_NORMAL_052,810,839,0.22427009,False
DEV_NORMAL_052,811,840,0.21966548,False
DEV_NORMAL_052,812,841,0.21878542,False
DEV_NORMAL_052,813,842,0.22058198,False
DEV_NORMAL_052,814,843,0.22137521,False
DEV_NORMAL_052,815,844,0.2320432,False
DEV_NORMAL_052,816,845,0.23034522,False
DEV_NORMAL_052,817,846,0.22788897,False
DEV_NORMAL_052,818,847,0.22318363,False
DEV_NORMAL_052,819,848,0.20864469,False
DEV_NORMAL_052,820,849,0.19845067,False
DEV_NORMAL_052,821,850,0.20554559,False
DEV_NORMAL_052,822,851,0.20354266,False
DEV_NORMAL_052,823,852,0.21415177,False
DEV_NORMAL_052,824,853,0.21263056,False
DEV_NORMAL_052,825,854,0.2296694,False
DEV_NORMAL_052,826,855,0.2528923,False
DEV_NORMAL_052,827,856,0.2473503,False
DEV_NORMAL_052,828,857,0.23956299,False
DEV_NORMAL_052,829,858,0.25328457,False
DEV_NORMAL_052,830,859,0.26370487,False
DEV_NORMAL_052,831,860,0.24999748,False
DEV_NORMAL_052,832,861,0.24650835,False
DEV_NORMAL_052,833,862,0.25414947,False
DEV_NORMAL_052,834,863,0.25021917,False
DEV_NORMAL_052,835,864,0.25454628,False
DEV_NORMAL_052,836,865,0.28087935,False
DEV_NORMAL_052,837,866,0.27211896,False
DEV_NORMAL_052,838,867,0.25155714,False
DEV_NORMAL_052,839,868,0.26374832,False
DEV_NORMAL_052,840,869,0.25443184,False
DEV_NORMAL_052,841,870,0.24887691,False
DEV_NORMAL_052,842,871,0.25035244,False
DEV_NORMAL_052,843,872,0.25587663,False
DEV_NORMAL_052,844,873,0.25836888,False
DEV_NORMAL_052,845,874,0.26155472,False
DEV_NORMAL_052,846,875,0.28875408,False
DEV_NORMAL_052,847,876,0.29200414,True
DEV_NORMAL_052,848,877,0.28670475,False
DEV_NORMAL_052,849,878,0.28821677,False
DEV_NORMAL_052,850,879,0.27887568,False
DEV_NORMAL_052,851,880,0.28936177,False
DEV_NORMAL_052,852,881,0.28253973,False
DEV_NORMAL_052,853,882,0.24733706,False
DEV_NORMAL_052,854,883,0.24564269,False
DEV_NORMAL_052,855,884,0.2354827,False
DEV_NORMAL_052,856,885,0.2373218,False
DEV_NORMAL_052,857,886,0.24120778,False
DEV_NORMAL_052,858,887,0.23823318,False
DEV_NORMAL_052,859,888,0.23618706,False
DEV_NORMAL_052,860,889,0.23630181,False
DEV_NORMAL_052,861,890,0.23809515,False
DEV_NORMAL_052,862,891,0.22299242,False
DEV_NORMAL_052,863,892,0.23352794,False
DEV_NORMAL_052,864,893,0.20187728,False
DEV_NORMAL_052,865,894,0.18936382,False
DEV_NORMAL_052,866,895,0.19881916,False
DEV_NORMAL_052,867,896,0.20392208,False
DEV_NORMAL_052,868,897,0.21386284,False
DEV_NORMAL_052,869,898,0.1990382,False
DEV_NORMAL_052,870,899,0.19894917,False
DEV_NORMAL_052,871,900,0.18612514,False
DEV_NORMAL_052,872,901,0.19252309,False
DEV_NORMAL_052,873,902,0.20152639,False
DEV_NORMAL_052,874,903,0.19409135,False
DEV_NORMAL_052,875,904,0.19106753,False
DEV_NORMAL_052,876,905,0.18150307,False
DEV_NORMAL_052,877,906,0.18811274,False
DEV_NORMAL_052,878,907,0.20429939,False
DEV_NORMAL_052,879,908,0.21551558,False
DEV_NORMAL_052,880,909,0.22298786,False
DEV_NORMAL_052,881,910,0.22222093,False
DEV_NORMAL_052,882,911,0.2241788,False
DEV_NORMAL_052,883,912,0.22460395,False
DEV_NORMAL_052,884,913,0.21805468,False
DEV_NORMAL_052,885,914,0.23210631,False
DEV_NORMAL_052,886,915,0.2461932,False
DEV_NORMAL_052,887,916,0.2474917,False
DEV_NORMAL_052,888,917,0.22347869,False
DEV_NORMAL_052,889,918,0.22297268,False
DEV_NORMAL_052,890,919,0.24046014,False
DEV_NORMAL_052,891,920,0.24998665,False
DEV_NORMAL_052,892,921,0.2525341,False
DEV_NORMAL_052,893,922,0.27407137,False
DEV_NORMAL_052,894,923,0.2983278,True
DEV_NORMAL_052,895,924,0.30025455,True
DEV_NORMAL_052,896,925,0.3086323,True
DEV_NORMAL_052,897,926,0.31272385,True
DEV_NORMAL_052,898,927,0.32178256,True
DEV_NORMAL_052,899,928,0.31481087,True
DEV_NORMAL_052,900,929,0.30534038,True
DEV_NORMAL_052,901,930,0.300887,True
DEV_NORMAL_052,902,931,0.3015088,True
DEV_NORMAL_052,903,932,0.29404634,True
DEV_NORMAL_052,904,933,0.28113934,False
DEV_NORMAL_052,905,934,0.29148817,True
DEV_NORMAL_052,906,935,0.32866326,True
DEV_NORMAL_052,907,936,0.28892404,False
DEV_NORMAL_052,908,937,0.29799518,True
DEV_NORMAL_052,909,938,0.32193115,True
DEV_NORMAL_052,910,939,0.30929416,True
DEV_NORMAL_052,911,940,0.33818182,True
DEV_NORMAL_052,912,941,0.34171435,True
DEV_NORMAL_052,913,942,0.29701123,True
DEV_NORMAL_052,914,943,0.293352,True
DEV_NORMAL_052,915,944,0.2980318,True
DEV_NORMAL_052,916,945,0.3007762,True
DEV_NORMAL_052,917,946,0.30390534,True
DEV_NORMAL_052,918,947,0.30327404,True
DEV_NORMAL_052,919,948,0.29117662,True
DEV_NORMAL_052,920,949,0.29104358,False
DEV_NORMAL_052,921,950,0.30390516,True
DEV_NORMAL_052,922,951,0.2815901,False
DEV_NORMAL_052,923,952,0.27974668,False
DEV_NORMAL_052,924,953,0.28752905,False
DEV_NORMAL_052,925,954,0.26202798,False
DEV_NORMAL_052,926,955,0.2743755,False
DEV_NORMAL_052,927,956,0.27509907,False
DEV_NORMAL_052,928,957,0.2833878,False
DEV_NORMAL_052,929,958,0.28435236,False
DEV_NORMAL_052,930,959,0.30121535,True
DEV_NORMAL_052,931,960,0.29898453,True
DEV_NORMAL_052,932,961,0.2999763,True
DEV_NORMAL_052,933,962,0.29998314,True
DEV_NORMAL_052,934,963,0.3062736,True
DEV_NORMAL_052,935,964,0.26205552,False
DEV_NORMAL_052,936,965,0.2628686,False
DEV_NORMAL_052,937,966,0.26597655,False
DEV_NORMAL_052,938,967,0.25721815,False
DEV_NORMAL_052,939,968,0.22152618,False
DEV_NORMAL_052,940,969,0.25114265,False
DEV_NORMAL_052,941,970,0.24943426,False
DEV_NORMAL_052,942,971,0.23371978,False
DEV_NORMAL_052,943,972,0.25634283,False
DEV_NORMAL_052,944,973,0.2580784,False
DEV_NORMAL_052,945,974,0.25106516,False
DEV_NORMAL_052,946,975,0.24441318,False
DEV_NORMAL_052,947,976,0.2508592,False
DEV_NORMAL_052,948,977,0.252162,False
DEV_NORMAL_052,949,978,0.24813955,False
DEV_NORMAL_052,950,979,0.2458271,False
DEV_NORMAL_052,951,980,0.25753388,False
DEV_NORMAL_052,952,981,0.23216844,False
DEV_NORMAL_052,953,982,0.23674633,False
DEV_NORMAL_052,954,983,0.24043569,False
DEV_NORMAL_052,955,984,0.23197348,False
DEV_NORMAL_052,956,985,0.2390453,False
DEV_NORMAL_052,957,986,0.234797,False
DEV_NORMAL_052,958,987,0.23229899,False
DEV_NORMAL_052,959,988,0.23252048,False
DEV_NORMAL_052,960,989,0.2283433,False
DEV_NORMAL_052,961,990,0.21811587,False
DEV_NORMAL_052,962,991,0.20154296,False
DEV_NORMAL_052,963,992,0.20664877,False
DEV_NORMAL_052,964,993,0.22159724,False
DEV_NORMAL_052,965,994,0.21397004,False
DEV_NORMAL_052,966,995,0.21040072,False
DEV_NORMAL_052,967,996,0.20644702,False
DEV_NORMAL_052,968,997,0.2047412,False
DEV_NORMAL_052,969,998,0.19110817,False
DEV_NORMAL_052,970,999,0.20754202,False
DEV_NORMAL_052,971,1000,0.19555952,False
DEV_NORMAL_052,972,1001,0.20036992,False
DEV_NORMAL_052,973,1002,0.21049795,False
DEV_NORMAL_052,974,1003,0.20212983,False
DEV_NORMAL_052,975,1004,0.22314103,False
DEV_NORMAL_052,976,1005,0.20949702,False
DEV_NORMAL_052,977,1006,0.2106091,False
DEV_NORMAL_052,978,1007,0.2022109,False
DEV_NORMAL_052,979,1008,0.19862483,False
DEV_NORMAL_052,980,1009,0.19710161,False
DEV_NORMAL_052,981,1010,0.19516134,False
DEV_NORMAL_052,982,1011,0.19438455,False
DEV_NORMAL_052,983,1012,0.19788459,False
DEV_NORMAL_052,984,1013,0.20792805,False
DEV_NORMAL_052,985,1014,0.20663166,False
DEV_NORMAL_052,986,1015,0.22522,False
DEV_NORMAL_052,987,1016,0.21534039,False
DEV_NORMAL_052,988,1017,0.23261687,False
DEV_NORMAL_052,989,1018,0.262056,False
DEV_NORMAL_052,990,1019,0.29454225,True
DEV_NORMAL_052,991,1020,0.28613165,False
DEV_NORMAL_052,992,1021,0.2958378,True
DEV_NORMAL_052,993,1022,0.27242184,False
DEV_NORMAL_052,994,1023,0.26153782,False
DEV_NORMAL_052,995,1024,0.2700619,False
DEV_NORMAL_052,996,1025,0.2664716,False
DEV_NORMAL_052,997,1026,0.2712625,False
DEV_NORMAL_052,998,1027,0.2856531,False
DEV_NORMAL_052,999,1028,0.3019257,True
DEV_NORMAL_052,1000,1029,0.31576914,True
DEV_NORMAL_052,1001,1030,0.33143768,True
DEV_NORMAL_052,1002,1031,0.3247413,True
DEV_NORMAL_052,1003,1032,0.32386658,True
DEV_NORMAL_052,1004,1033,0.31022206,True
DEV_NORMAL_052,1005,1034,0.31522778,True
DEV_NORMAL_052,1006,1035,0.33179626,True
DEV_NORMAL_052,1007,1036,0.27972642,False
DEV_NORMAL_052,1008,1037,0.29486382,True
DEV_NORMAL_052,1009,1038,0.29904956,True
DEV_NORMAL_052,1010,1039,0.28039402,False
DEV_NORMAL_052,1011,1040,0.29166806,True
DEV_NORMAL_052,1012,1041,0.2949457,True
DEV_NORMAL_052,1013,1042,0.28919646,False
DEV_NORMAL_052,1014,1043,0.2956428,True
DEV_NORMAL_052,1015,1044,0.32249027,True
DEV_NORMAL_052,1016,1045,0.33029288,True
DEV_NORMAL_052,1017,1046,0.30841428,True
DEV_NORMAL_052,1018,1047,0.3056247,True
DEV_NORMAL_052,1019,1048,0.30788174,True
DEV_NORMAL_052,1020,1049,0.3049305,True
DEV_NORMAL_052,1021,1050,0.30486995,True
DEV_NORMAL_052,1022,1051,0.28916937,False
DEV_NORMAL_052,1023,1052,0.3166527,True
DEV_NORMAL_052,1024,1053,0.32423434,True
DEV_NORMAL_052,1025,1054,0.31942722,True
DEV_NORMAL_052,1026,1055,0.3092723,True
DEV_NORMAL_052,1027,1056,0.30751774,True
DEV_NORMAL_052,1028,1057,0.2715219,False
DEV_NORMAL_052,1029,1058,0.26748073,False
DEV_NORMAL_052,1030,1059,0.25618628,False
DEV_NORMAL_052,1031,1060,0.2677045,False
DEV_NORMAL_052,1032,1061,0.26688206,False
DEV_NORMAL_052,1033,1062,0.2801534,False
DEV_NORMAL_052,1034,1063,0.30587903,True
DEV_NORMAL_052,1035,1064,0.30157915,True
DEV_NORMAL_052,1036,1065,0.3076266,True
DEV_NORMAL_052,1037,1066,0.30111456,True
DEV_NORMAL_052,1038,1067,0.3037425,True
DEV_NORMAL_052,1039,1068,0.28639883,False
DEV_NORMAL_052,1040,1069,0.28577843,False
DEV_NORMAL_052,1041,1070,0.28894714,False
DEV_NORMAL_052,1042,1071,0.2562884,False
DEV_NORMAL_052,1043,1072,0.25758183,False
DEV_NORMAL_052,1044,1073,0.2575327,False
DEV_NORMAL_052,1045,1074,0.25987086,False
DEV_NORMAL_052,1046,1075,0.26725712,False
DEV_NORMAL_052,1047,1076,0.24489412,False
DEV_NORMAL_052,1048,1077,0.23933214,False
DEV_NORMAL_052,1049,1078,0.2533586,False
DEV_NORMAL_052,1050,1079,0.26098183,False
DEV_NORMAL_052,1051,1080,0.24303249,False
DEV_NORMAL_052,1052,1081,0.22364593,False
DEV_NORMAL_052,1053,1082,0.2292194,False
DEV_NORMAL_052,1054,1083,0.22285299,False
DEV_NORMAL_052,1055,1084,0.2542497,False
DEV_NORMAL_052,1056,1085,0.26277006,False
DEV_NORMAL_052,1057,1086,0.26158503,False
DEV_NORMAL_052,1058,1087,0.26533276,False
DEV_NORMAL_052,1059,1088,0.25561902,False
DEV_NORMAL_052,1060,1089,0.25792894,False
DEV_NORMAL_052,1061,1090,0.24899553,False
DEV_NORMAL_052,1062,1091,0.24855274,False
DEV_NORMAL_052,1063,1092,0.25746527,False
DEV_NORMAL_052,1064,1093,0.26376998,False
DEV_NORMAL_052,1065,1094,0.25711104,False
DEV_NORMAL_052,1066,1095,0.2572831,False
DEV_NORMAL_052,1067,1096,0.26561183,False
DEV_NORMAL_052,1068,1097,0.25795853,False
DEV_NORMAL_052,1069,1098,0.28062657,False
DEV_NORMAL_052,1070,1099,0.2854878,False
DEV_NORMAL_052,1071,1100,0.3148135,True
DEV_NORMAL_052,1072,1101,0.31062165,True
DEV_NORMAL_052,1073,1102,0.31334198,True
DEV_NORMAL_052,1074,1103,0.32506046,True
DEV_NORMAL_052,1075,1104,0.29200566,True
DEV_NORMAL_052,1076,1105,0.299672,True
DEV_NORMAL_052,1077,1106,0.3301412,True
DEV_NORMAL_052,1078,1107,0.3341113,True
DEV_NORMAL_052,1079,1108,0.32810077,True
DEV_NORMAL_052,1080,1109,0.33202732,True
DEV_NORMAL_052,1081,1110,0.33978832,True
DEV_NORMAL_052,1082,1111,0.3472809,True
DEV_NORMAL_052,1083,1112,0.3286134,True
DEV_NORMAL_052,1084,1113,0.34349003,True
DEV_NORMAL_052,1085,1114,0.33313185,True
DEV_NORMAL_052,1086,1115,0.31956702,True
DEV_NORMAL_052,1087,1116,0.32602438,True
DEV_NORMAL_052,1088,1117,0.35530058,True
DEV_NORMAL_052,1089,1118,0.30246145,True
DEV_NORMAL_052,1090,1119,0.30058256,True
DEV_NORMAL_052,1091,1120,0.32348335,True
DEV_NORMAL_052,1092,1121,0.3112498,True
DEV_NORMAL_052,1093,1122,0.29628295,True
DEV_NORMAL_052,1094,1123,0.27465522,False
DEV_NORMAL_052,1095,1124,0.28942165,False
DEV_NORMAL_052,1096,1125,0.27120993,False
DEV_NORMAL_052,1097,1126,0.26535416,False
DEV_NORMAL_052,1098,1127,0.2879039,False
DEV_NORMAL_052,1099,1128,0.28137535,False
DEV_NORMAL_052,1100,1129,0.25117528,False
DEV_NORMAL_052,1101,1130,0.26594597,False
DEV_NORMAL_052,1102,1131,0.22590837,False
DEV_NORMAL_052,1103,1132,0.21925955,False
DEV_NORMAL_052,1104,1133,0.21872813,False
DEV_NORMAL_052,1105,1134,0.20853294,False
DEV_NORMAL_052,1106,1135,0.2131167,False
DEV_NORMAL_052,1107,1136,0.20588495,False
DEV_NORMAL_052,1108,1137,0.19896443,False
DEV_NORMAL_052,1109,1138,0.20639852,False
DEV_NORMAL_052,1110,1139,0.21152645,False
DEV_NORMAL_052,1111,1140,0.21100314,False
DEV_NORMAL_052,1112,1141,0.22170915,False
DEV_NORMAL_052,1113,1142,0.22002329,False
DEV_NORMAL_052,1114,1143,0.21852642,False
DEV_NORMAL_052,1115,1144,0.21644473,False
DEV_NORMAL_052,1116,1145,0.22268079,False
DEV_NORMAL_052,1117,1146,0.22858499,False
DEV_NORMAL_052,1118,1147,0.21994297,False
DEV_NORMAL_052,1119,1148,0.23706785,False
DEV_NORMAL_052,1120,1149,0.24328007,False
DEV_NORMAL_052,1121,1150,0.24442726,False
DEV_NORMAL_052,1122,1151,0.24859151,False
DEV_NORMAL_052,1123,1152,0.2635413,False
DEV_NORMAL_052,1124,1153,0.28322047,False
DEV_NORMAL_052,1125,1154,0.27583638,False
DEV_NORMAL_052,1126,1155,0.2736747,False
DEV_NORMAL_052,1127,1156,0.25593174,False
DEV_NORMAL_052,1128,1157,0.25851974,False
DEV_NORMAL_052,1129,1158,0.24746747,False
DEV_NORMAL_052,1130,1159,0.24950452,False
DEV_NORMAL_052,1131,1160,0.25863174,False
DEV_NORMAL_052,1132,1161,0.25962216,False
DEV_NORMAL_052,1133,1162,0.2774542,False
DEV_NORMAL_052,1134,1163,0.26907653,False
DEV_NORMAL_052,1135,1164,0.26700547,False
DEV_NORMAL_052,1136,1165,0.27054965,False
DEV_NORMAL_052,1137,1166,0.2770687,False
DEV_NORMAL_052,1138,1167,0.27659905,False
DEV_NORMAL_052,1139,1168,0.27671874,False
DEV_NORMAL_052,1140,1169,0.26726347,False
DEV_NORMAL_052,1141,1170,0.25756392,False
DEV_NORMAL_052,1142,1171,0.2509046,False
DEV_NORMAL_052,1143,1172,0.25596967,False
DEV_NORMAL_052,1144,1173,0.26113605,False
DEV_NORMAL_052,1145,1174,0.277846,False
DEV_NORMAL_052,1146,1175,0.25929576,False
DEV_NORMAL_052,1147,1176,0.25576368,False
DEV_NORMAL_052,1148,1177,0.24988143,False
DEV_NORMAL_052,1149,1178,0.24799132,False
DEV_NORMAL_052,1150,1179,0.24143615,False
DEV_NORMAL_052,1151,1180,0.21937564,False
DEV_NORMAL_052,1152,1181,0.22299464,False
DEV_NORMAL_052,1153,1182,0.23910424,False
DEV_NORMAL_052,1154,1183,0.23725814,False
DEV_NORMAL_052,1155,1184,0.2532943,False
DEV_NORMAL_052,1156,1185,0.25500306,False
DEV_NORMAL_052,1157,1186,0.2669473,False
DEV_NORMAL_052,1158,1187,0.27850482,False
DEV_NORMAL_052,1159,1188,0.27276036,False
DEV_NORMAL_052,1160,1189,0.27010298,False
DEV_NORMAL_052,1161,1190,0.27930003,False
DEV_NORMAL_052,1162,1191,0.25702003,False
DEV_NORMAL_052,1163,1192,0.2583536,False
DEV_NORMAL_052,1164,1193,0.24903001,False
DEV_NORMAL_052,1165,1194,0.2633382,False
DEV_NORMAL_052,1166,1195,0.26038054,False
DEV_NORMAL_052,1167,1196,0.24883108,False
DEV_NORMAL_052,1168,1197,0.24577099,False
DEV_NORMAL_052,1169,1198,0.24950653,False
DEV_NORMAL_052,1170,1199,0.26075223,False
DEV_NORMAL_052,1171,1200,0.25358894,False
DEV_NORMAL_052,1172,1201,0.28018576,False
DEV_NORMAL_052,1173,1202,0.25061905,False
DEV_NORMAL_052,1174,1203,0.2514361,False
DEV_NORMAL_052,1175,1204,0.25162342,False
DEV_NORMAL_052,1176,1205,0.25124004,False
DEV_NORMAL_052,1177,1206,0.25334838,False
DEV_NORMAL_052,1178,1207,0.23542903,False
DEV_NORMAL_052,1179,1208,0.26466686,False
DEV_NORMAL_052,1180,1209,0.26206282,False
DEV_NORMAL_052,1181,1210,0.26492685,False
DEV_NORMAL_052,1182,1211,0.25080267,False
DEV_NORMAL_052,1183,1212,0.252331,False
DEV_NORMAL_052,1184,1213,0.22087751,False
DEV_NORMAL_052,1185,1214,0.22092721,False
DEV_NORMAL_052,1186,1215,0.22294521,False
DEV_NORMAL_052,1187,1216,0.255424,False
DEV_NORMAL_052,1188,1217,0.2626345,False
DEV_NORMAL_052,1189,1218,0.26212922,False
DEV_NORMAL_052,1190,1219,0.24681847,False
DEV_NORMAL_052,1191,1220,0.24407707,False
DEV_NORMAL_052,1192,1221,0.2502024,False
DEV_NORMAL_052,1193,1222,0.24968691,False
DEV_NORMAL_052,1194,1223,0.25367585,False
DEV_NORMAL_052,1195,1224,0.25400087,False
DEV_NORMAL_052,1196,1225,0.25339943,False
DEV_NORMAL_052,1197,1226,0.25167084,False
DEV_NORMAL_052,1198,1227,0.2416976,False
DEV_NORMAL_052,1199,1228,0.2493064,False
DEV_NORMAL_052,1200,1229,0.23883025,False
DEV_NORMAL_052,1201,1230,0.23847552,False
DEV_NORMAL_052,1202,1231,0.25364095,False
DEV_NORMAL_052,1203,1232,0.282116,False
DEV_NORMAL_052,1204,1233,0.27046248,False
DEV_NORMAL_052,1205,1234,0.25191674,False
DEV_NORMAL_052,1206,1235,0.25730282,False
DEV_NORMAL_052,1207,1236,0.25820532,False
DEV_NORMAL_052,1208,1237,0.2273228,False
DEV_NORMAL_052,1209,1238,0.22199707,False
DEV_NORMAL_052,1210,1239,0.22043197,False
DEV_NORMAL_052,1211,1240,0.21913442,False
DEV_NORMAL_052,1212,1241,0.21459141,False
DEV_NORMAL_052,1213,1242,0.22581333,False
DEV_NORMAL_052,1214,1243,0.22433743,False
DEV_NORMAL_052,1215,1244,0.22654304,False
DEV_NORMAL_052,1216,1245,0.20104723,False
DEV_NORMAL_052,1217,1246,0.21040195,False
DEV_NORMAL_052,1218,1247,0.19204715,False
DEV_NORMAL_052,1219,1248,0.19412683,False
DEV_NORMAL_052,1220,1249,0.19832382,False
DEV_NORMAL_052,1221,1250,0.19778398,False
DEV_NORMAL_052,1222,1251,0.23003921,False
DEV_NORMAL_052,1223,1252,0.23491602,False
DEV_NORMAL_052,1224,1253,0.25792307,False
DEV_NORMAL_052,1225,1254,0.23747134,False
DEV_NORMAL_052,1226,1255,0.24727638,False
DEV_NORMAL_052,1227,1256,0.26568136,False
DEV_NORMAL_052,1228,1257,0.24469368,False
DEV_NORMAL_052,1229,1258,0.25510743,False
DEV_NORMAL_052,1230,1259,0.2535061,False
DEV_NORMAL_052,1231,1260,0.25724116,False
DEV_NORMAL_052,1232,1261,0.2623724,False
DEV_NORMAL_052,1233,1262,0.25675952,False
DEV_NORMAL_052,1234,1263,0.2507178,False
DEV_NORMAL_052,1235,1264,0.24538094,False
DEV_NORMAL_052,1236,1265,0.24921075,False
DEV_NORMAL_052,1237,1266,0.25176623,False
DEV_NORMAL_052,1238,1267,0.24777466,False
DEV_NORMAL_052,1239,1268,0.2504869,False
DEV_NORMAL_052,1240,1269,0.24340728,False
DEV_NORMAL_052,1241,1270,0.24612986,False
DEV_NORMAL_052,1242,1271,0.26799518,False
DEV_NORMAL_052,1243,1272,0.2754622,False
DEV_NORMAL_052,1244,1273,0.26684487,False
DEV_NORMAL_052,1245,1274,0.2593288,False
DEV_NORMAL_052,1246,1275,0.25950715,False
DEV_NORMAL_052,1247,1276,0.25361905,False
DEV_NORMAL_052,1248,1277,0.26028052,False
DEV_NORMAL_052,1249,1278,0.2607879,False
DEV_NORMAL_052,1250,1279,0.25631037,False
DEV_NORMAL_052,1251,1280,0.24091834,False
DEV_NORMAL_052,1252,1281,0.25887078,False
DEV_NORMAL_052,1253,1282,0.2615108,False
DEV_NORMAL_052,1254,1283,0.25092006,False
DEV_NORMAL_052,1255,1284,0.23114367,False
DEV_NORMAL_052,1256,1285,0.23797083,False
DEV_NORMAL_052,1257,1286,0.24280958,False
DEV_NORMAL_052,1258,1287,0.22453512,False
DEV_NORMAL_052,1259,1288,0.24304327,False
DEV_NORMAL_052,1260,1289,0.2274473,False
DEV_NORMAL_052,1261,1290,0.22499496,False
DEV_NORMAL_052,1262,1291,0.22878204,False
DEV_NORMAL_052,1263,1292,0.22013578,False
DEV_NORMAL_052,1264,1293,0.21423718,False
DEV_NORMAL_052,1265,1294,0.21813841,False
DEV_NORMAL_052,1266,1295,0.2186134,False
DEV_NORMAL_052,1267,1296,0.21210346,False
DEV_NORMAL_052,1268,1297,0.21370173,False
DEV_NORMAL_052,1269,1298,0.20499162,False
DEV_NORMAL_052,1270,1299,0.2131498,False
DEV_NORMAL_052,1271,1300,0.20059976,False
DEV_NORMAL_052,1272,1301,0.20680986,False
DEV_NORMAL_052,1273,1302,0.20267019,False
DEV_NORMAL_052,1274,1303,0.20899716,False
DEV_NORMAL_052,1275,1304,0.22287086,False
DEV_NORMAL_052,1276,1305,0.22359425,False
DEV_NORMAL_052,1277,1306,0.21000046,False
DEV_NORMAL_052,1278,1307,0.2121501,False
DEV_NORMAL_052,1279,1308,0.20266896,False
DEV_NORMAL_052,1280,1309,0.20625626,False
DEV_NORMAL_052,1281,1310,0.21298009,False
DEV_NORMAL_052,1282,1311,0.2047144,False
DEV_NORMAL_052,1283,1312,0.19657089,False
DEV_NORMAL_052,1284,1313,0.20166562,False
DEV_NORMAL_052,1285,1314,0.20584364,False
DEV_NORMAL_052,1286,1315,0.19176793,False
DEV_NORMAL_052,1287,1316,0.18961413,False
DEV_NORMAL_052,1288,1317,0.19480784,False
DEV_NORMAL_052,1289,1318,0.19501479,False
DEV_NORMAL_052,1290,1319,0.18945406,False
DEV_NORMAL_053,0,29,0.22463566,False
DEV_NORMAL_053,1,30,0.23143634,False
DEV_NORMAL_053,2,31,0.2222998,False
DEV_NORMAL_053,3,32,0.21426614,False
DEV_NORMAL_053,4,33,0.20229784,False
DEV_NORMAL_053,5,34,0.1896038,False
DEV_NORMAL_053,6,35,0.17915538,False
DEV_NORMAL_053,7,36,0.17506875,False
DEV_NORMAL_053,8,37,0.18074013,False
DEV_NORMAL_053,9,38,0.19420989,False
DEV_NORMAL_053,10,39,0.18055178,False
DEV_NORMAL_053,11,40,0.17042406,False
DEV_NORMAL_053,12,41,0.16924416,False
DEV_NORMAL_053,13,42,0.16496168,False
DEV_NORMAL_053,14,43,0.17181268,False
DEV_NORMAL_053,15,44,0.17934261,False
DEV_NORMAL_053,16,45,0.18535432,False
DEV_NORMAL_053,17,46,0.19602992,False
DEV_NORMAL_053,18,47,0.20278215,False
DEV_NORMAL_053,19,48,0.20731618,False
DEV_NORMAL_053,20,49,0.19774625,False
DEV_NORMAL_053,21,50,0.20185706,False
DEV_NORMAL_053,22,51,0.20000304,False
DEV_NORMAL_053,23,52,0.20216687,False
DEV_NORMAL_053,24,53,0.19158648,False
DEV_NORMAL_053,25,54,0.18426982,False
DEV_NORMAL_053,26,55,0.17727032,False
DEV_NORMAL_053,27,56,0.17871712,False
DEV_NORMAL_053,28,57,0.18507749,False
DEV_NORMAL_053,29,58,0.18836302,False
DEV_NORMAL_053,30,59,0.18779115,False
DEV_NORMAL_053,31,60,0.19574054,False
DEV_NORMAL_053,32,61,0.19931136,False
DEV_NORMAL_053,33,62,0.20730968,False
DEV_NORMAL_053,34,63,0.20451145,False
DEV_NORMAL_053,35,64,0.21156386,False
DEV_NORMAL_053,36,65,0.2079502,False
DEV_NORMAL_053,37,66,0.18338591,False
DEV_NORMAL_053,38,67,0.1859716,False
DEV_NORMAL_053,39,68,0.18648018,False
DEV_NORMAL_053,40,69,0.20413305,False
DEV_NORMAL_053,41,70,0.20837308,False
DEV_NORMAL_053,42,71,0.21503729,False
DEV_NORMAL_053,43,72,0.21488155,False
DEV_NORMAL_053,44,73,0.23734316,False
DEV_NORMAL_053,45,74,0.2309806,False
DEV_NORMAL_053,46,75,0.2203046,False
DEV_NORMAL_053,47,76,0.24512678,False
DEV_NORMAL_053,48,77,0.23133789,False
DEV_NORMAL_053,49,78,0.24476296,False
DEV_NORMAL_053,50,79,0.24445751,False
DEV_NORMAL_053,51,80,0.24491616,False
DEV_NORMAL_053,52,81,0.24833006,False
DEV_NORMAL_053,53,82,0.25519484,False
DEV_NORMAL_053,54,83,0.25553992,False
DEV_NORMAL_053,55,84,0.25110334,False
DEV_NORMAL_053,56,85,0.23687598,False
DEV_NORMAL_053,57,86,0.23961557,False
DEV_NORMAL_053,58,87,0.23645054,False
DEV_NORMAL_053,59,88,0.24272066,False
DEV_NORMAL_053,60,89,0.25207227,False
DEV_NORMAL_053,61,90,0.27273086,False
DEV_NORMAL_053,62,91,0.28116435,False
DEV_NORMAL_053,63,92,0.28120935,False
DEV_NORMAL_053,64,93,0.26786405,False
DEV_NORMAL_053,65,94,0.27431017,False
DEV_NORMAL_053,66,95,0.28433678,False
DEV_NORMAL_053,67,96,0.28048006,False
DEV_NORMAL_053,68,97,0.24628061,False
DEV_NORMAL_053,69,98,0.22854161,False
DEV_NORMAL_053,70,99,0.2553274,False
DEV_NORMAL_053,71,100,0.27077264,False
DEV_NORMAL_053,72,101,0.24190703,False
DEV_NORMAL_053,73,102,0.23105183,False
DEV_NORMAL_053,74,103,0.22177313,False
DEV_NORMAL_053,75,104,0.22554417,False
DEV_NORMAL_053,76,105,0.20396487,False
DEV_NORMAL_053,77,106,0.20127389,False
DEV_NORMAL_053,78,107,0.19912945,False
DEV_NORMAL_053,79,108,0.19429836,False
DEV_NORMAL_053,80,109,0.20112921,False
DEV_NORMAL_053,81,110,0.19948527,False
DEV_NORMAL_053,82,111,0.19551723,False
DEV_NORMAL_053,83,112,0.20499292,False
DEV_NORMAL_053,84,113,0.2001537,False
DEV_NORMAL_053,85,114,0.19476983,False
DEV_NORMAL_053,86,115,0.18622951,False
DEV_NORMAL_053,87,116,0.19244458,False
DEV_NORMAL_053,88,117,0.17977855,False
DEV_NORMAL_053,89,118,0.19109385,False
DEV_NORMAL_053,90,119,0.21725222,False
DEV_NORMAL_053,91,120,0.18599628,False
DEV_NORMAL_053,92,121,0.1987416,False
DEV_NORMAL_053,93,122,0.19996239,False
DEV_NORMAL_053,94,123,0.20420907,False
DEV_NORMAL_053,95,124,0.21186955,False
DEV_NORMAL_053,96,125,0.21917632,False
DEV_NORMAL_053,97,126,0.22094946,False
DEV_NORMAL_053,98,127,0.22142893,False
DEV_NORMAL_053,99,128,0.22371145,False
DEV_NORMAL_053,100,129,0.22273345,False
DEV_NORMAL_053,101,130,0.21205,False
DEV_NORMAL_053,102,131,0.19792986,False
DEV_NORMAL_053,103,132,0.19631165,False
DEV_NORMAL_053,104,133,0.2000556,False
DEV_NORMAL_053,105,134,0.20723206,False
DEV_NORMAL_053,106,135,0.20937255,False
DEV_NORMAL_053,107,136,0.2019672,False
DEV_NORMAL_053,108,137,0.20493488,False
DEV_NORMAL_053,109,138,0.21403421,False
DEV_NORMAL_053,110,139,0.20267479,False
DEV_NORMAL_053,111,140,0.20595105,False
DEV_NORMAL_053,112,141,0.20498729,False
DEV_NORMAL_053,113,142,0.20661166,False
DEV_NORMAL_053,114,143,0.19917257,False
DEV_NORMAL_053,115,144,0.19242884,False
DEV_NORMAL_053,116,145,0.20310453,False
DEV_NORMAL_053,117,146,0.21120517,False
DEV_NORMAL_053,118,147,0.22147293,False
DEV_NORMAL_053,119,148,0.20037338,False
DEV_NORMAL_053,120,149,0.2043645,False
DEV_NORMAL_053,121,150,0.19070692,False
DEV_NORMAL_053,122,151,0.19349033,False
DEV_NORMAL_053,123,152,0.18992124,False
DEV_NORMAL_053,124,153,0.19667917,False
DEV_NORMAL_053,125,154,0.18184443,False
DEV_NORMAL_053,126,155,0.18236446,False
DEV_NORMAL_053,127,156,0.18081897,False
DEV_NORMAL_053,128,157,0.18961924,False
DEV_NORMAL_053,129,158,0.19899446,False
DEV_NORMAL_053,130,159,0.20981425,False
DEV_NORMAL_053,131,160,0.21861166,False
DEV_NORMAL_053,132,161,0.21976991,False
DEV_NORMAL_053,133,162,0.20957798,False
DEV_NORMAL_053,134,163,0.20348863,False
DEV_NORMAL_053,135,164,0.21933295,False
DEV_NORMAL_053,136,165,0.2311204,False
DEV_NORMAL_053,137,166,0.22858238,False
DEV_NORMAL_053,138,167,0.2204021,False
DEV_NORMAL_053,139,168,0.21687657,False
DEV_NORMAL_053,140,169,0.21677984,False
DEV_NORMAL_053,141,170,0.20077632,False
DEV_NORMAL_053,142,171,0.20574123,False
DEV_NORMAL_053,143,172,0.21069397,False
DEV_NORMAL_053,144,173,0.21306403,False
DEV_NORMAL_053,145,174,0.21613775,False
DEV_NORMAL_053,146,175,0.20005529,False
DEV_NORMAL_053,147,176,0.1951504,False
DEV_NORMAL_053,148,177,0.1809003,False
DEV_NORMAL_053,149,178,0.17876297,False
DEV_NORMAL_053,150,179,0.18327259,False
DEV_NORMAL_053,151,180,0.17571501,False
DEV_NORMAL_053,152,181,0.17285694,False
DEV_NORMAL_053,153,182,0.18709724,False
DEV_NORMAL_053,154,183,0.18335265,False
DEV_NORMAL_053,155,184,0.19165525,False
DEV_NORMAL_053,156,185,0.19137107,False
DEV_NORMAL_053,157,186,0.19503902,False
DEV_NORMAL_053,158,187,0.19133568,False
DEV_NORMAL_053,159,188,0.19138819,False
DEV_NORMAL_053,160,189,0.15839784,False
DEV_NORMAL_053,161,190,0.18123764,False
DEV_NORMAL_053,162,191,0.18216242,False
DEV_NORMAL_053,163,192,0.19574521,False
DEV_NORMAL_053,164,193,0.22195114,False
DEV_NORMAL_053,165,194,0.25580555,False
DEV_NORMAL_053,166,195,0.25227794,False
DEV_NORMAL_053,167,196,0.24235986,False
DEV_NORMAL_053,168,197,0.25663027,False
DEV_NORMAL_053,169,198,0.26350477,False
DEV_NORMAL_053,170,199,0.2540535,False
DEV_NORMAL_053,171,200,0.26193875,False
DEV_NORMAL_053,172,201,0.26106,False
DEV_NORMAL_053,173,202,0.27418742,False
DEV_NORMAL_053,174,203,0.28629625,False
DEV_NORMAL_053,175,204,0.29548147,True
DEV_NORMAL_053,176,205,0.31107447,True
DEV_NORMAL_053,177,206,0.30931854,True
DEV_NORMAL_053,178,207,0.33114117,True
DEV_NORMAL_053,179,208,0.33127594,True
DEV_NORMAL_053,180,209,0.32478884,True
DEV_NORMAL_053,181,210,0.33173195,True
DEV_NORMAL_053,182,211,0.31532592,True
DEV_NORMAL_053,183,212,0.32913497,True
DEV_NORMAL_053,184,213,0.32910565,True
DEV_NORMAL_053,185,214,0.3213368,True
DEV_NORMAL_053,186,215,0.3182916,True
DEV_NORMAL_053,187,216,0.32045764,True
DEV_NORMAL_053,188,217,0.32596344,True
DEV_NORMAL_053,189,218,0.33943546,True
DEV_NORMAL_053,190,219,0.35761815,True
DEV_NORMAL_053,191,220,0.34960517,True
DEV_NORMAL_053,192,221,0.34429836,True
DEV_NORMAL_053,193,222,0.29934958,True
DEV_NORMAL_053,194,223,0.28016555,False
DEV_NORMAL_053,195,224,0.26527885,False
DEV_NORMAL_053,196,225,0.26170692,False
DEV_NORMAL_053,197,226,0.25720423,False
DEV_NORMAL_053,198,227,0.2568297,False
DEV_NORMAL_053,199,228,0.2543594,False
DEV_NORMAL_053,200,229,0.2708764,False
DEV_NORMAL_053,201,230,0.27000296,False
DEV_NORMAL_053,202,231,0.25014707,False
DEV_NORMAL_053,203,232,0.25934252,False
DEV_NORMAL_053,204,233,0.2714731,False
DEV_NORMAL_053,205,234,0.22417244,False
DEV_NORMAL_053,206,235,0.21693975,False
DEV_NORMAL_053,207,236,0.21274029,False
DEV_NORMAL_053,208,237,0.19231634,False
DEV_NORMAL_053,209,238,0.19589329,False
DEV_NORMAL_053,210,239,0.20255266,False
DEV_NORMAL_053,211,240,0.2159446,False
DEV_NORMAL_053,212,241,0.20492868,False
DEV_NORMAL_053,213,242,0.2198561,False
DEV_NORMAL_053,214,243,0.20180057,False
DEV_NORMAL_053,215,244,0.18975195,False
DEV_NORMAL_053,216,245,0.19240811,False
DEV_NORMAL_053,217,246,0.20121919,False
DEV_NORMAL_053,218,247,0.19101854,False
DEV_NORMAL_053,219,248,0.19005089,False
DEV_NORMAL_053,220,249,0.1886533,False
DEV_NORMAL_053,221,250,0.18697026,False
DEV_NORMAL_053,222,251,0.18628168,False
DEV_NORMAL_053,223,252,0.21331936,False
DEV_NORMAL_053,224,253,0.21702953,False
DEV_NORMAL_053,225,254,0.2144987,False
DEV_NORMAL_053,226,255,0.22602,False
DEV_NORMAL_053,227,256,0.2248178,False
DEV_NORMAL_053,228,257,0.22867133,False
DEV_NORMAL_053,229,258,0.21657506,False
DEV_NORMAL_053,230,259,0.21730874,False
DEV_NORMAL_053,231,260,0.20620966,False
DEV_NORMAL_053,232,261,0.19810937,False
DEV_NORMAL_053,233,262,0.20669068,False
DEV_NORMAL_053,234,263,0.2117981,False
DEV_NORMAL_053,235,264,0.20020457,False
DEV_NORMAL_053,236,265,0.18426166,False
DEV_NORMAL_053,237,266,0.19277947,False
DEV_NORMAL_053,238,267,0.20019338,False
DEV_NORMAL_053,239,268,0.20360532,False
DEV_NORMAL_053,240,269,0.16351517,False
DEV_NORMAL_053,241,270,0.16383433,False
DEV_NORMAL_053,242,271,0.1702791,False
DEV_NORMAL_053,243,272,0.1700978,False
DEV_NORMAL_053,244,273,0.18095112,False
DEV_NORMAL_053,245,274,0.17825505,False
DEV_NORMAL_053,246,275,0.16571651,False
DEV_NORMAL_053,247,276,0.17576031,False
DEV_NORMAL_053,248,277,0.17205073,False
DEV_NORMAL_053,249,278,0.1662838,False
DEV_NORMAL_053,250,279,0.18308759,False
DEV_NORMAL_053,251,280,0.1933442,False
DEV_NORMAL_053,252,281,0.18878622,False
DEV_NORMAL_053,253,282,0.18457407,False
DEV_NORMAL_053,254,283,0.19302769,False
DEV_NORMAL_053,255,284,0.17901993,False
DEV_NORMAL_053,256,285,0.18372113,False
DEV_NORMAL_053,257,286,0.17861992,False
DEV_NORMAL_053,258,287,0.17501539,False
DEV_NORMAL_053,259,288,0.18367997,False
DEV_NORMAL_053,260,289,0.18539165,False
DEV_NORMAL_053,261,290,0.18071626,False
DEV_NORMAL_053,262,291,0.17863122,False
DEV_NORMAL_053,263,292,0.17759202,False
DEV_NORMAL_053,264,293,0.18119256,False
DEV_NORMAL_053,265,294,0.17968649,False
DEV_NORMAL_053,266,295,0.18821135,False
DEV_NORMAL_053,267,296,0.19345728,False
DEV_NORMAL_053,268,297,0.18621849,False
DEV_NORMAL_053,269,298,0.18730512,False
DEV_NORMAL_053,270,299,0.17895538,False
DEV_NORMAL_053,271,300,0.18204473,False
DEV_NORMAL_053,272,301,0.18061358,False
DEV_NORMAL_053,273,302,0.17930105,False
DEV_NORMAL_053,274,303,0.1800902,False
DEV_NORMAL_053,275,304,0.17889664,False
DEV_NORMAL_053,276,305,0.17483145,False
DEV_NORMAL_053,277,306,0.1868975,False
DEV_NORMAL_053,278,307,0.2007175,False
DEV_NORMAL_053,279,308,0.17508288,False
DEV_NORMAL_053,280,309,0.16489787,False
DEV_NORMAL_053,281,310,0.1681529,False
DEV_NORMAL_053,282,311,0.17697802,False
DEV_NORMAL_053,283,312,0.17090644,False
DEV_NORMAL_053,284,313,0.18495579,False
DEV_NORMAL_053,285,314,0.18064445,False
DEV_NORMAL_053,286,315,0.18443407,False
DEV_NORMAL_053,287,316,0.19228737,False
DEV_NORMAL_053,288,317,0.19890104,False
DEV_NORMAL_053,289,318,0.19680752,False
DEV_NORMAL_053,290,319,0.20383765,False
DEV_NORMAL_053,291,320,0.21922782,False
DEV_NORMAL_053,292,321,0.21843383,False
DEV_NORMAL_053,293,322,0.2263663,False
DEV_NORMAL_053,294,323,0.22726399,False
DEV_NORMAL_053,295,324,0.2272248,False
DEV_NORMAL_053,296,325,0.22299467,False
DEV_NORMAL_053,297,326,0.22208847,False
DEV_NORMAL_053,298,327,0.23269218,False
DEV_NORMAL_053,299,328,0.22630662,False
DEV_NORMAL_053,300,329,0.22013006,False
DEV_NORMAL_053,301,330,0.2239503,False
DEV_NORMAL_053,302,331,0.21599637,False
DEV_NORMAL_053,303,332,0.22873522,False
DEV_NORMAL_053,304,333,0.22728552,False
DEV_NORMAL_053,305,334,0.21811435,False
DEV_NORMAL_053,306,335,0.19980367,False
DEV_NORMAL_053,307,336,0.2147012,False
DEV_NORMAL_053,308,337,0.22186688,False
DEV_NORMAL_053,309,338,0.19876324,False
DEV_NORMAL_053,310,339,0.20648776,False
DEV_NORMAL_053,311,340,0.22015926,False
DEV_NORMAL_053,312,341,0.20878896,False
DEV_NORMAL_053,313,342,0.2057775,False
DEV_NORMAL_053,314,343,0.21014445,False
DEV_NORMAL_053,315,344,0.19640158,False
DEV_NORMAL_053,316,345,0.1898659,False
DEV_NORMAL_053,317,346,0.18675664,False
DEV_NORMAL_053,318,347,0.19604342,False
DEV_NORMAL_053,319,348,0.21429127,False
DEV_NORMAL_053,320,349,0.19994172,False
DEV_NORMAL_053,321,350,0.1910779,False
DEV_NORMAL_053,322,351,0.20895801,False
DEV_NORMAL_053,323,352,0.19006766,False
DEV_NORMAL_053,324,353,0.2074139,False
DEV_NORMAL_053,325,354,0.20331971,False
DEV_NORMAL_053,326,355,0.209655,False
DEV_NORMAL_053,327,356,0.1910739,False
DEV_NORMAL_053,328,357,0.19117461,False
DEV_NORMAL_053,329,358,0.19625863,False
DEV_NORMAL_053,330,359,0.18332793,False
DEV_NORMAL_053,331,360,0.18325357,False
DEV_NORMAL_053,332,361,0.18635783,False
DEV_NORMAL_053,333,362,0.18639985,False
DEV_NORMAL_053,334,363,0.18685181,False
DEV_NORMAL_053,335,364,0.1845557,False
DEV_NORMAL_053,336,365,0.18797684,False
DEV_NORMAL_053,337,366,0.18519466,False
DEV_NORMAL_053,338,367,0.19283126,False
DEV_NORMAL_053,339,368,0.17292859,False
DEV_NORMAL_053,340,369,0.17799513,False
DEV_NORMAL_053,341,370,0.17940709,False
DEV_NORMAL_053,342,371,0.19950317,False
DEV_NORMAL_053,343,372,0.1872961,False
DEV_NORMAL_053,344,373,0.18842159,False
DEV_NORMAL_053,345,374,0.21644567,False
DEV_NORMAL_053,346,375,0.20983995,False
DEV_NORMAL_053,347,376,0.21578528,False
DEV_NORMAL_053,348,377,0.2019239,False
DEV_NORMAL_053,349,378,0.19856209,False
DEV_NORMAL_053,350,379,0.21277857,False
DEV_NORMAL_053,351,380,0.21760505,False
DEV_NORMAL_053,352,381,0.21210654,False
DEV_NORMAL_053,353,382,0.21412526,False
DEV_NORMAL_053,354,383,0.21059068,False
DEV_NORMAL_053,355,384,0.20848006,False
DEV_NORMAL_053,356,385,0.18996827,False
DEV_NORMAL_053,357,386,0.20244834,False
DEV_NORMAL_053,358,387,0.22021502,False
DEV_NORMAL_053,359,388,0.21853492,False
DEV_NORMAL_053,360,389,0.21904619,False
DEV_NORMAL_053,361,390,0.23110555,False
DEV_NORMAL_053,362,391,0.24484019,False
DEV_NORMAL_053,363,392,0.23729903,False
DEV_NORMAL_053,364,393,0.24419992,False
DEV_NORMAL_053,365,394,0.24903281,False
DEV_NORMAL_053,366,395,0.24930497,False
DEV_NORMAL_053,367,396,0.2555249,False
DEV_NORMAL_053,368,397,0.26091102,False
DEV_NORMAL_053,369,398,0.2538441,False
DEV_NORMAL_053,370,399,0.25399736,False
DEV_NORMAL_053,371,400,0.2526982,False
DEV_NORMAL_053,372,401,0.2630069,False
DEV_NORMAL_053,373,402,0.2609541,False
DEV_NORMAL_053,374,403,0.23913145,False
DEV_NORMAL_053,375,404,0.23197956,False
DEV_NORMAL_053,376,405,0.21962264,False
DEV_NORMAL_053,377,406,0.21519,False
DEV_NORMAL_053,378,407,0.20162591,False
DEV_NORMAL_053,379,408,0.20726217,False
DEV_NORMAL_053,380,409,0.20771961,False
DEV_NORMAL_053,381,410,0.21657547,False
DEV_NORMAL_053,382,411,0.20816298,False
DEV_NORMAL_053,383,412,0.20554514,False
DEV_NORMAL_053,384,413,0.21226972,False
DEV_NORMAL_053,385,414,0.223973,False
DEV_NORMAL_053,386,415,0.23068324,False
DEV_NORMAL_053,387,416,0.22022219,False
DEV_NORMAL_053,388,417,0.21742201,False
DEV_NORMAL_053,389,418,0.21388125,False
DEV_NORMAL_053,390,419,0.20186776,False
DEV_NORMAL_053,391,420,0.20757456,False
DEV_NORMAL_053,392,421,0.21043508,False
DEV_NORMAL_053,393,422,0.2018994,False
DEV_NORMAL_053,394,423,0.20549648,False
DEV_NORMAL_053,395,424,0.20548503,False
DEV_NORMAL_053,396,425,0.19980559,False
DEV_NORMAL_053,397,426,0.20094535,False
DEV_NORMAL_053,398,427,0.21334648,False
DEV_NORMAL_053,399,428,0.1992548,False
DEV_NORMAL_053,400,429,0.21044816,False
DEV_NORMAL_053,401,430,0.1947085,False
DEV_NORMAL_053,402,431,0.19419423,False
DEV_NORMAL_053,403,432,0.19164972,False
DEV_NORMAL_053,404,433,0.190384,False
DEV_NORMAL_053,405,434,0.19331564,False
DEV_NORMAL_053,406,435,0.20157471,False
DEV_NORMAL_053,407,436,0.20295931,False
DEV_NORMAL_053,408,437,0.19069466,False
DEV_NORMAL_053,409,438,0.19496205,False
DEV_NORMAL_053,410,439,0.20310228,False
DEV_NORMAL_053,411,440,0.20209707,False
DEV_NORMAL_053,412,441,0.20053594,False
DEV_NORMAL_053,413,442,0.19867118,False
DEV_NORMAL_053,414,443,0.18765661,False
DEV_NORMAL_053,415,444,0.2059096,False
DEV_NORMAL_053,416,445,0.19472279,False
DEV_NORMAL_053,417,446,0.18711752,False
DEV_NORMAL_053,418,447,0.18736444,False
DEV_NORMAL_053,419,448,0.19494674,False
DEV_NORMAL_053,420,449,0.19728056,False
DEV_NORMAL_053,421,450,0.18360785,False
DEV_NORMAL_053,422,451,0.1879064,False
DEV_NORMAL_053,423,452,0.1770162,False
DEV_NORMAL_053,424,453,0.19136667,False
DEV_NORMAL_053,425,454,0.18145353,False
DEV_NORMAL_053,426,455,0.19359992,False
DEV_NORMAL_053,427,456,0.1966312,False
DEV_NORMAL_053,428,457,0.1957898,False
DEV_NORMAL_053,429,458,0.18269816,False
DEV_NORMAL_053,430,459,0.18099335,False
DEV_NORMAL_053,431,460,0.18287799,False
DEV_NORMAL_053,432,461,0.18910888,False
DEV_NORMAL_053,433,462,0.17356798,False
DEV_NORMAL_053,434,463,0.16919951,False
DEV_NORMAL_053,435,464,0.16888735,False
DEV_NORMAL_053,436,465,0.16304728,False
DEV_NORMAL_053,437,466,0.1709186,False
DEV_NORMAL_053,438,467,0.16616441,False
DEV_NORMAL_053,439,468,0.17245951,False
DEV_NORMAL_053,440,469,0.18576075,False
DEV_NORMAL_053,441,470,0.17674726,False
DEV_NORMAL_053,442,471,0.19316746,False
DEV_NORMAL_053,443,472,0.21224323,False
DEV_NORMAL_053,444,473,0.20513503,False
DEV_NORMAL_053,445,474,0.21092688,False
DEV_NORMAL_053,446,475,0.20043205,False
DEV_NORMAL_053,447,476,0.20685452,False
DEV_NORMAL_053,448,477,0.21118627,False
DEV_NORMAL_053,449,478,0.21682607,False
DEV_NORMAL_053,450,479,0.21899128,False
DEV_NORMAL_053,451,480,0.22769715,False
DEV_NORMAL_053,452,481,0.21619065,False
DEV_NORMAL_053,453,482,0.22010389,False
DEV_NORMAL_053,454,483,0.22196491,False
DEV_NORMAL_053,455,484,0.22288468,False
DEV_NORMAL_053,456,485,0.21404944,False
DEV_NORMAL_053,457,486,0.21957827,False
DEV_NORMAL_053,458,487,0.22813663,False
DEV_NORMAL_053,459,488,0.24361783,False
DEV_NORMAL_053,460,489,0.23962362,False
DEV_NORMAL_053,461,490,0.2446645,False
DEV_NORMAL_053,462,491,0.26356673,False
DEV_NORMAL_053,463,492,0.26381555,False
DEV_NORMAL_053,464,493,0.26138517,False
DEV_NORMAL_053,465,494,0.27193418,False
DEV_NORMAL_053,466,495,0.30733183,True
DEV_NORMAL_053,467,496,0.30017784,True
DEV_NORMAL_053,468,497,0.28345287,False
DEV_NORMAL_053,469,498,0.29128805,True
DEV_NORMAL_053,470,499,0.29769197,True
DEV_NORMAL_053,471,500,0.27881718,False
DEV_NORMAL_053,472,501,0.27014652,False
DEV_NORMAL_053,473,502,0.26501977,False
DEV_NORMAL_053,474,503,0.26336792,False
DEV_NORMAL_053,475,504,0.27100983,False
DEV_NORMAL_053,476,505,0.27798977,False
DEV_NORMAL_053,477,506,0.27109432,False
DEV_NORMAL_053,478,507,0.26376978,False
DEV_NORMAL_053,479,508,0.24544649,False
DEV_NORMAL_053,480,509,0.2360048,False
DEV_NORMAL_053,481,510,0.24051695,False
DEV_NORMAL_053,482,511,0.22705254,False
DEV_NORMAL_053,483,512,0.2297747,False
DEV_NORMAL_053,484,513,0.2340024,False
DEV_NORMAL_053,485,514,0.23788735,False
DEV_NORMAL_053,486,515,0.26218182,False
DEV_NORMAL_053,487,516,0.23351623,False
DEV_NORMAL_053,488,517,0.2536216,False
DEV_NORMAL_053,489,518,0.24773379,False
DEV_NORMAL_053,490,519,0.23650318,False
DEV_NORMAL_053,491,520,0.2313668,False
DEV_NORMAL_053,492,521,0.22223873,False
DEV_NORMAL_053,493,522,0.22119544,False
DEV_NORMAL_053,494,523,0.21424545,False
DEV_NORMAL_053,495,524,0.1757905,False
DEV_NORMAL_053,496,525,0.16758066,False
DEV_NORMAL_053,497,526,0.17326063,False
DEV_NORMAL_053,498,527,0.1694091,False
DEV_NORMAL_053,499,528,0.18215424,False
DEV_NORMAL_053,500,529,0.17922579,False
DEV_NORMAL_053,501,530,0.17745066,False
DEV_NORMAL_053,502,531,0.16995789,False
DEV_NORMAL_053,503,532,0.17173773,False
DEV_NORMAL_053,504,533,0.17156254,False
DEV_NORMAL_053,505,534,0.1679144,False
DEV_NORMAL_053,506,535,0.16538355,False
DEV_NORMAL_053,507,536,0.16833751,False
DEV_NORMAL_053,508,537,0.1669155,False
DEV_NORMAL_053,509,538,0.16713218,False
DEV_NORMAL_053,510,539,0.1696901,False
DEV_NORMAL_053,511,540,0.1734433,False
DEV_NORMAL_053,512,541,0.20227648,False
DEV_NORMAL_053,513,542,0.2129195,False
DEV_NORMAL_053,514,543,0.21783689,False
DEV_NORMAL_053,515,544,0.20975742,False
DEV_NORMAL_053,516,545,0.22365603,False
DEV_NORMAL_053,517,546,0.20881464,False
DEV_NORMAL_053,518,547,0.20771424,False
DEV_NORMAL_053,519,548,0.2181404,False
DEV_NORMAL_053,520,549,0.21445478,False
DEV_NORMAL_053,521,550,0.21100383,False
DEV_NORMAL_053,522,551,0.22114407,False
DEV_NORMAL_053,523,552,0.22821061,False
DEV_NORMAL_053,524,553,0.23943266,False
DEV_NORMAL_053,525,554,0.23490852,False
DEV_NORMAL_053,526,555,0.23373203,False
DEV_NORMAL_053,527,556,0.23909383,False
DEV_NORMAL_053,528,557,0.22816454,False
DEV_NORMAL_053,529,558,0.22997907,False
DEV_NORMAL_053,530,559,0.23076972,False
DEV_NORMAL_053,531,560,0.22197084,False
DEV_NORMAL_053,532,561,0.22413784,False
DEV_NORMAL_053,533,562,0.22481407,False
DEV_NORMAL_053,534,563,0.23776536,False
DEV_NORMAL_053,535,564,0.244184,False
DEV_NORMAL_053,536,565,0.24538063,False
DEV_NORMAL_053,537,566,0.25460845,False
DEV_NORMAL_053,538,567,0.24209759,False
DEV_NORMAL_053,539,568,0.24417871,False
DEV_NORMAL_053,540,569,0.24241678,False
DEV_NORMAL_053,541,570,0.22481447,False
DEV_NORMAL_053,542,571,0.20472743,False
DEV_NORMAL_053,543,572,0.20584512,False
DEV_NORMAL_053,544,573,0.20809647,False
DEV_NORMAL_053,545,574,0.20348644,False
DEV_NORMAL_053,546,575,0.20016123,False
DEV_NORMAL_053,547,576,0.19790882,False
DEV_NORMAL_053,548,577,0.18301271,False
DEV_NORMAL_053,549,578,0.19134757,False
DEV_NORMAL_053,550,579,0.2029791,False
DEV_NORMAL_053,551,580,0.20392641,False
DEV_NORMAL_053,552,581,0.1863539,False
DEV_NORMAL_053,553,582,0.1888396,False
DEV_NORMAL_053,554,583,0.18667106,False
DEV_NORMAL_053,555,584,0.18585075,False
DEV_NORMAL_053,556,585,0.22309402,False
DEV_NORMAL_053,557,586,0.21281442,False
DEV_NORMAL_053,558,587,0.2113438,False
DEV_NORMAL_053,559,588,0.21531849,False
DEV_NORMAL_053,560,589,0.20583515,False
DEV_NORMAL_053,561,590,0.20494273,False
DEV_NORMAL_053,562,591,0.22813676,False
DEV_NORMAL_053,563,592,0.22760226,False
DEV_NORMAL_053,564,593,0.20519614,False
DEV_NORMAL_053,565,594,0.19518416,False
DEV_NORMAL_053,566,595,0.21826538,False
DEV_NORMAL_053,567,596,0.20717601,False
DEV_NORMAL_053,568,597,0.22026335,False
DEV_NORMAL_053,569,598,0.20591262,False
DEV_NORMAL_053,570,599,0.22845784,False
DEV_NORMAL_053,571,600,0.22912863,False
DEV_NORMAL_053,572,601,0.23675123,False
DEV_NORMAL_053,573,602,0.23377553,False
DEV_NORMAL_053,574,603,0.24103858,False
DEV_NORMAL_053,575,604,0.2380026,False
DEV_NORMAL_053,576,605,0.24868743,False
DEV_NORMAL_053,577,606,0.2482184,False
DEV_NORMAL_053,578,607,0.24827594,False
DEV_NORMAL_053,579,608,0.24163993,False
DEV_NORMAL_053,580,609,0.25935808,False
DEV_NORMAL_053,581,610,0.2577131,False
DEV_NORMAL_053,582,611,0.24017052,False
DEV_NORMAL_053,583,612,0.22701906,False
DEV_NORMAL_053,584,613,0.23953632,False
DEV_NORMAL_053,585,614,0.2595462,False
DEV_NORMAL_053,586,615,0.23936193,False
DEV_NORMAL_053,587,616,0.24344803,False
DEV_NORMAL_053,588,617,0.236101,False
DEV_NORMAL_053,589,618,0.2256004,False
DEV_NORMAL_053,590,619,0.21529835,False
DEV_NORMAL_053,591,620,0.23481244,False
DEV_NORMAL_053,592,621,0.23438802,False
DEV_NORMAL_053,593,622,0.21885905,False
DEV_NORMAL_053,594,623,0.22860762,False
DEV_NORMAL_053,595,624,0.21425566,False
DEV_NORMAL_053,596,625,0.20304035,False
DEV_NORMAL_053,597,626,0.20704217,False
DEV_NORMAL_053,598,627,0.21269955,False
DEV_NORMAL_053,599,628,0.1896116,False
DEV_NORMAL_053,600,629,0.20143683,False
DEV_NORMAL_053,601,630,0.20374234,False
DEV_NORMAL_053,602,631,0.19648881,False
DEV_NORMAL_053,603,632,0.19450074,False
DEV_NORMAL_053,604,633,0.18975398,False
DEV_NORMAL_053,605,634,0.19984962,False
DEV_NORMAL_053,606,635,0.18977442,False
DEV_NORMAL_053,607,636,0.20976965,False
DEV_NORMAL_053,608,637,0.19930856,False
DEV_NORMAL_053,609,638,0.20090805,False
DEV_NORMAL_053,610,639,0.20425555,False
DEV_NORMAL_053,611,640,0.19788648,False
DEV_NORMAL_053,612,641,0.21069975,False
DEV_NORMAL_053,613,642,0.20938517,False
DEV_NORMAL_053,614,643,0.20726544,False
DEV_NORMAL_053,615,644,0.18988954,False
DEV_NORMAL_053,616,645,0.17916791,False
DEV_NORMAL_053,617,646,0.19608459,False
DEV_NORMAL_053,618,647,0.18103167,False
DEV_NORMAL_053,619,648,0.18647699,False
DEV_NORMAL_053,620,649,0.19478716,False
DEV_NORMAL_053,621,650,0.18715948,False
DEV_NORMAL_053,622,651,0.18127784,False
DEV_NORMAL_053,623,652,0.18672197,False
DEV_NORMAL_053,624,653,0.19242351,False
DEV_NORMAL_053,625,654,0.20656538,False
DEV_NORMAL_053,626,655,0.20281123,False
DEV_NORMAL_053,627,656,0.20874459,False
DEV_NORMAL_053,628,657,0.21622135,False
DEV_NORMAL_053,629,658,0.19382194,False
DEV_NORMAL_053,630,659,0.19754095,False
DEV_NORMAL_053,631,660,0.19833714,False
DEV_NORMAL_053,632,661,0.19801898,False
DEV_NORMAL_053,633,662,0.20712513,False
DEV_NORMAL_053,634,663,0.20178455,False
DEV_NORMAL_053,635,664,0.21114013,False
DEV_NORMAL_053,636,665,0.20899628,False
DEV_NORMAL_053,637,666,0.19525461,False
DEV_NORMAL_053,638,667,0.20672813,False
DEV_NORMAL_053,639,668,0.20676026,False
DEV_NORMAL_053,640,669,0.2113563,False
DEV_NORMAL_053,641,670,0.22656272,False
DEV_NORMAL_053,642,671,0.20518173,False
DEV_NORMAL_053,643,672,0.21774454,False
DEV_NORMAL_053,644,673,0.22007208,False
DEV_NORMAL_053,645,674,0.22680312,False
DEV_NORMAL_053,646,675,0.22877169,False
DEV_NORMAL_053,647,676,0.226496,False
DEV_NORMAL_053,648,677,0.21674268,False
DEV_NORMAL_053,649,678,0.23856595,False
DEV_NORMAL_053,650,679,0.21696195,False
DEV_NORMAL_053,651,680,0.23454155,False
DEV_NORMAL_053,652,681,0.23714413,False
DEV_NORMAL_053,653,682,0.23820832,False
DEV_NORMAL_053,654,683,0.22098127,False
DEV_NORMAL_053,655,684,0.21901402,False
DEV_NORMAL_053,656,685,0.22668257,False
DEV_NORMAL_053,657,686,0.22587414,False
DEV_NORMAL_053,658,687,0.24126902,False
DEV_NORMAL_053,659,688,0.23887302,False
DEV_NORMAL_053,660,689,0.24281235,False
DEV_NORMAL_053,661,690,0.23067562,False
DEV_NORMAL_053,662,691,0.23180285,False
DEV_NORMAL_053,663,692,0.23108596,False
DEV_NORMAL_053,664,693,0.21684131,False
DEV_NORMAL_053,665,694,0.22049932,False
DEV_NORMAL_053,666,695,0.20722605,False
DEV_NORMAL_053,667,696,0.21412818,False
DEV_NORMAL_053,668,697,0.21188873,False
DEV_NORMAL_053,669,698,0.21949443,False
DEV_NORMAL_053,670,699,0.22638375,False
DEV_NORMAL_053,671,700,0.21930681,False
DEV_NORMAL_053,672,701,0.21455103,False
DEV_NORMAL_053,673,702,0.20324516,False
DEV_NORMAL_053,674,703,0.1988329,False
DEV_NORMAL_053,675,704,0.20075424,False
DEV_NORMAL_053,676,705,0.20660807,False
DEV_NORMAL_053,677,706,0.1979408,False
DEV_NORMAL_053,678,707,0.18903345,False
DEV_NORMAL_053,679,708,0.18946792,False
DEV_NORMAL_053,680,709,0.19494209,False
DEV_NORMAL_053,681,710,0.19472863,False
DEV_NORMAL_053,682,711,0.2062917,False
DEV_NORMAL_053,683,712,0.19759248,False
DEV_NORMAL_053,684,713,0.1902165,False
DEV_NORMAL_053,685,714,0.18186182,False
DEV_NORMAL_053,686,715,0.1753418,False
DEV_NORMAL_053,687,716,0.16207026,False
DEV_NORMAL_053,688,717,0.16267313,False
DEV_NORMAL_053,689,718,0.17562617,False
DEV_NORMAL_053,690,719,0.16288169,False
DEV_NORMAL_053,691,720,0.16307054,False
DEV_NORMAL_053,692,721,0.17929873,False
DEV_NORMAL_053,693,722,0.1563714,False
DEV_NORMAL_053,694,723,0.16504887,False
DEV_NORMAL_053,695,724,0.162154,False
DEV_NORMAL_053,696,725,0.17121966,False
DEV_NORMAL_053,697,726,0.18868314,False
DEV_NORMAL_053,698,727,0.19500312,False
DEV_NORMAL_053,699,728,0.19815826,False
DEV_NORMAL_053,700,729,0.17933251,False
DEV_NORMAL_053,701,730,0.18085411,False
DEV_NORMAL_053,702,731,0.18589139,False
DEV_NORMAL_053,703,732,0.1882102,False
DEV_NORMAL_053,704,733,0.18693167,False
DEV_NORMAL_053,705,734,0.19112112,False
DEV_NORMAL_053,706,735,0.18651822,False
DEV_NORMAL_053,707,736,0.2038358,False
DEV_NORMAL_053,708,737,0.21223453,False
DEV_NORMAL_053,709,738,0.22148582,False
DEV_NORMAL_053,710,739,0.21557541,False
DEV_NORMAL_053,711,740,0.2196173,False
DEV_NORMAL_053,712,741,0.2196687,False
DEV_NORMAL_053,713,742,0.21664664,False
DEV_NORMAL_053,714,743,0.2240929,False
DEV_NORMAL_053,715,744,0.2282364,False
DEV_NORMAL_053,716,745,0.22245754,False
DEV_NORMAL_053,717,746,0.22205982,False
DEV_NORMAL_053,718,747,0.22746716,False
DEV_NORMAL_053,719,748,0.22120549,False
DEV_NORMAL_053,720,749,0.22204863,False
DEV_NORMAL_053,721,750,0.21104307,False
DEV_NORMAL_053,722,751,0.2151509,False
DEV_NORMAL_053,723,752,0.22892667,False
DEV_NORMAL_053,724,753,0.21157531,False
DEV_NORMAL_053,725,754,0.20618348,False
DEV_NORMAL_053,726,755,0.20046838,False
DEV_NORMAL_053,727,756,0.19127843,False
DEV_NORMAL_053,728,757,0.18518512,False
DEV_NORMAL_053,729,758,0.19590358,False
DEV_NORMAL_053,730,759,0.20041816,False
DEV_NORMAL_053,731,760,0.20506254,False
DEV_NORMAL_053,732,761,0.21355525,False
DEV_NORMAL_053,733,762,0.21661861,False
DEV_NORMAL_053,734,763,0.21569555,False
DEV_NORMAL_053,735,764,0.1867156,False
DEV_NORMAL_053,736,765,0.20369507,False
DEV_NORMAL_053,737,766,0.21293865,False
DEV_NORMAL_053,738,767,0.18606625,False
DEV_NORMAL_053,739,768,0.17719822,False
DEV_NORMAL_053,740,769,0.18383303,False
DEV_NORMAL_053,741,770,0.19198118,False
DEV_NORMAL_053,742,771,0.18618855,False
DEV_NORMAL_053,743,772,0.19296092,False
DEV_NORMAL_053,744,773,0.18945824,False
DEV_NORMAL_053,745,774,0.18490213,False
DEV_NORMAL_053,746,775,0.18446042,False
DEV_NORMAL_053,747,776,0.19192412,False
DEV_NORMAL_053,748,777,0.18339244,False
DEV_NORMAL_053,749,778,0.1796871,False
DEV_NORMAL_053,750,779,0.180023,False
DEV_NORMAL_053,751,780,0.19371375,False
DEV_NORMAL_053,752,781,0.21126436,False
DEV_NORMAL_053,753,782,0.21124417,False
DEV_NORMAL_053,754,783,0.21017939,False
DEV_NORMAL_053,755,784,0.22624928,False
DEV_NORMAL_053,756,785,0.21282601,False
DEV_NORMAL_053,757,786,0.21246599,False
DEV_NORMAL_053,758,787,0.21444039,False
DEV_NORMAL_053,759,788,0.20302631,False
DEV_NORMAL_053,760,789,0.1857949,False
DEV_NORMAL_053,761,790,0.19732507,False
DEV_NORMAL_053,762,791,0.19612576,False
DEV_NORMAL_053,763,792,0.20661597,False
DEV_NORMAL_053,764,793,0.20653081,False
DEV_NORMAL_053,765,794,0.21297178,False
DEV_NORMAL_053,766,795,0.20672019,False
DEV_NORMAL_053,767,796,0.20927893,False
DEV_NORMAL_053,768,797,0.21502052,False
DEV_NORMAL_053,769,798,0.22340845,False
DEV_NORMAL_053,770,799,0.22262003,False
DEV_NORMAL_053,771,800,0.23602241,False
DEV_NORMAL_053,772,801,0.22751443,False
DEV_NORMAL_053,773,802,0.23861414,False
DEV_NORMAL_053,774,803,0.24677514,False
DEV_NORMAL_053,775,804,0.26430783,False
DEV_NORMAL_053,776,805,0.25916374,False
DEV_NORMAL_053,777,806,0.26873782,False
DEV_NORMAL_053,778,807,0.25418228,False
DEV_NORMAL_053,779,808,0.26264742,False
DEV_NORMAL_053,780,809,0.24982524,False
DEV_NORMAL_053,781,810,0.24690066,False
DEV_NORMAL_053,782,811,0.25061253,False
DEV_NORMAL_053,783,812,0.24806508,False
DEV_NORMAL_053,784,813,0.24207112,False
DEV_NORMAL_053,785,814,0.23796745,False
DEV_NORMAL_053,786,815,0.23216477,False
DEV_NORMAL_053,787,816,0.2578459,False
DEV_NORMAL_053,788,817,0.26530373,False
DEV_NORMAL_053,789,818,0.27538294,False
DEV_NORMAL_053,790,819,0.26957157,False
DEV_NORMAL_053,791,820,0.26989886,False
DEV_NORMAL_053,792,821,0.26641622,False
DEV_NORMAL_053,793,822,0.2583178,False
DEV_NORMAL_053,794,823,0.24378093,False
DEV_NORMAL_053,795,824,0.24495004,False
DEV_NORMAL_053,796,825,0.25312707,False
DEV_NORMAL_053,797,826,0.25265026,False
DEV_NORMAL_053,798,827,0.24472192,False
DEV_NORMAL_053,799,828,0.22928213,False
DEV_NORMAL_053,800,829,0.22179604,False
DEV_NORMAL_053,801,830,0.22989017,False
DEV_NORMAL_053,802,831,0.22343095,False
DEV_NORMAL_053,803,832,0.21944083,False
DEV_NORMAL_053,804,833,0.2273596,False
DEV_NORMAL_053,805,834,0.21735834,False
DEV_NORMAL_053,806,835,0.23912881,False
DEV_NORMAL_053,807,836,0.24488977,False
DEV_NORMAL_053,808,837,0.24268797,False
DEV_NORMAL_053,809,838,0.2442579,False
DEV_NORMAL_053,810,839,0.25986964,False
DEV_NORMAL_053,811,840,0.2557999,False
DEV_NORMAL_053,812,841,0.24815579,False
DEV_NORMAL_053,813,842,0.24491027,False
DEV_NORMAL_053,814,843,0.24798416,False
DEV_NORMAL_053,815,844,0.2547242,False
DEV_NORMAL_053,816,845,0.23417632,False
DEV_NORMAL_053,817,846,0.22240938,False
DEV_NORMAL_053,818,847,0.23342432,False
DEV_NORMAL_053,819,848,0.22367392,False
DEV_NORMAL_053,820,849,0.22569188,False
DEV_NORMAL_053,821,850,0.23655228,False
DEV_NORMAL_053,822,851,0.23442224,False
DEV_NORMAL_053,823,852,0.2232369,False
DEV_NORMAL_053,824,853,0.23524626,False
DEV_NORMAL_053,825,854,0.2291877,False
DEV_NORMAL_053,826,855,0.24536952,False
DEV_NORMAL_053,827,856,0.23495282,False
DEV_NORMAL_053,828,857,0.2302231,False
DEV_NORMAL_053,829,858,0.24127944,False
DEV_NORMAL_053,830,859,0.24283043,False
DEV_NORMAL_053,831,860,0.25064415,False
DEV_NORMAL_053,832,861,0.2525365,False
DEV_NORMAL_053,833,862,0.24763682,False
DEV_NORMAL_053,834,863,0.24277969,False
DEV_NORMAL_053,835,864,0.21423873,False
DEV_NORMAL_053,836,865,0.2116187,False
DEV_NORMAL_053,837,866,0.23828587,False
DEV_NORMAL_053,838,867,0.25339797,False
DEV_NORMAL_053,839,868,0.24415524,False
DEV_NORMAL_053,840,869,0.24323718,False
DEV_NORMAL_053,841,870,0.2474289,False
DEV_NORMAL_053,842,871,0.24215867,False
DEV_NORMAL_053,843,872,0.24297646,False
DEV_NORMAL_053,844,873,0.22896674,False
DEV_NORMAL_053,845,874,0.23382364,False
DEV_NORMAL_053,846,875,0.23535153,False
DEV_NORMAL_053,847,876,0.24867061,False
DEV_NORMAL_053,848,877,0.2514459,False
DEV_NORMAL_053,849,878,0.24476585,False
DEV_NORMAL_053,850,879,0.24260391,False
DEV_NORMAL_053,851,880,0.27056998,False
DEV_NORMAL_053,852,881,0.27347094,False
DEV_NORMAL_053,853,882,0.27198684,False
DEV_NORMAL_053,854,883,0.26214013,False
DEV_NORMAL_053,855,884,0.2484786,False
DEV_NORMAL_053,856,885,0.2643794,False
DEV_NORMAL_053,857,886,0.271702,False
DEV_NORMAL_053,858,887,0.26762497,False
DEV_NORMAL_053,859,888,0.25608614,False
DEV_NORMAL_053,860,889,0.23869088,False
DEV_NORMAL_053,861,890,0.23548025,False
DEV_NORMAL_053,862,891,0.22798945,False
DEV_NORMAL_053,863,892,0.26034337,False
DEV_NORMAL_053,864,893,0.23484427,False
DEV_NORMAL_053,865,894,0.23054473,False
DEV_NORMAL_053,866,895,0.2209375,False
DEV_NORMAL_053,867,896,0.22464481,False
DEV_NORMAL_053,868,897,0.22265536,False
DEV_NORMAL_053,869,898,0.21780606,False
DEV_NORMAL_053,870,899,0.21330208,False
DEV_NORMAL_053,871,900,0.20169817,False
DEV_NORMAL_053,872,901,0.20878355,False
DEV_NORMAL_053,873,902,0.21734878,False
DEV_NORMAL_053,874,903,0.19637619,False
DEV_NORMAL_053,875,904,0.20329624,False
DEV_NORMAL_053,876,905,0.20014073,False
DEV_NORMAL_053,877,906,0.19112171,False
DEV_NORMAL_053,878,907,0.18531173,False
DEV_NORMAL_053,879,908,0.1895682,False
DEV_NORMAL_053,880,909,0.18754749,False
DEV_NORMAL_053,881,910,0.19644412,False
DEV_NORMAL_053,882,911,0.1949834,False
DEV_NORMAL_053,883,912,0.19022383,False
DEV_NORMAL_053,884,913,0.19366585,False
DEV_NORMAL_053,885,914,0.19976024,False
DEV_NORMAL_053,886,915,0.18134086,False
DEV_NORMAL_053,887,916,0.1963923,False
DEV_NORMAL_053,888,917,0.19663677,False
DEV_NORMAL_053,889,918,0.1946142,False
DEV_NORMAL_053,890,919,0.19680096,False
DEV_NORMAL_053,891,920,0.19815141,False
DEV_NORMAL_053,892,921,0.21115217,False
DEV_NORMAL_053,893,922,0.20111401,False
DEV_NORMAL_053,894,923,0.20163497,False
DEV_NORMAL_053,895,924,0.20206968,False
DEV_NORMAL_053,896,925,0.2086029,False
DEV_NORMAL_053,897,926,0.20547935,False
DEV_NORMAL_053,898,927,0.20940283,False
DEV_NORMAL_053,899,928,0.2143092,False
DEV_NORMAL_053,900,929,0.24034923,False
DEV_NORMAL_053,901,930,0.22297035,False
DEV_NORMAL_053,902,931,0.21421906,False
DEV_NORMAL_053,903,932,0.21056972,False
DEV_NORMAL_053,904,933,0.2251371,False
DEV_NORMAL_053,905,934,0.23146938,False
DEV_NORMAL_053,906,935,0.22601666,False
DEV_NORMAL_053,907,936,0.23270461,False
DEV_NORMAL_053,908,937,0.23602729,False
DEV_NORMAL_053,909,938,0.24452473,False
DEV_NORMAL_053,910,939,0.23387595,False
DEV_NORMAL_053,911,940,0.22627884,False
DEV_NORMAL_053,912,941,0.23782046,False
DEV_NORMAL_053,913,942,0.23990278,False
DEV_NORMAL_053,914,943,0.23704953,False
DEV_NORMAL_053,915,944,0.2143921,False
DEV_NORMAL_053,916,945,0.22398573,False
DEV_NORMAL_053,917,946,0.21326974,False
DEV_NORMAL_053,918,947,0.22991347,False
DEV_NORMAL_053,919,948,0.21724094,False
DEV_NORMAL_053,920,949,0.20597258,False
DEV_NORMAL_053,921,950,0.20113502,False
DEV_NORMAL_053,922,951,0.20392306,False
DEV_NORMAL_053,923,952,0.20341438,False
DEV_NORMAL_053,924,953,0.21423474,False
DEV_NORMAL_053,925,954,0.19495174,False
DEV_NORMAL_053,926,955,0.19307432,False
DEV_NORMAL_053,927,956,0.19060872,False
DEV_NORMAL_053,928,957,0.20753148,False
DEV_NORMAL_053,929,958,0.20209102,False
DEV_NORMAL_053,930,959,0.1948679,False
DEV_NORMAL_053,931,960,0.19380835,False
DEV_NORMAL_053,932,961,0.18551129,False
DEV_NORMAL_053,933,962,0.19273874,False
DEV_NORMAL_053,934,963,0.19836463,False
DEV_NORMAL_053,935,964,0.17303549,False
DEV_NORMAL_053,936,965,0.17503023,False
DEV_NORMAL_053,937,966,0.17965446,False
DEV_NORMAL_053,938,967,0.17842317,False
DEV_NORMAL_053,939,968,0.1755102,False
DEV_NORMAL_053,940,969,0.1763249,False
DEV_NORMAL_053,941,970,0.1836043,False
DEV_NORMAL_053,942,971,0.17652716,False
DEV_NORMAL_053,943,972,0.16662754,False
DEV_NORMAL_053,944,973,0.16659752,False
DEV_NORMAL_053,945,974,0.15632246,False
DEV_NORMAL_053,946,975,0.16707182,False
DEV_NORMAL_053,947,976,0.15351146,False
DEV_NORMAL_053,948,977,0.16295882,False
DEV_NORMAL_053,949,978,0.1703968,False
DEV_NORMAL_053,950,979,0.19576319,False
DEV_NORMAL_053,951,980,0.23296747,False
DEV_NORMAL_053,952,981,0.22875729,False
DEV_NORMAL_053,953,982,0.23324282,False
DEV_NORMAL_053,954,983,0.23549895,False
DEV_NORMAL_053,955,984,0.22853045,False
DEV_NORMAL_053,956,985,0.23255418,False
DEV_NORMAL_053,957,986,0.2610877,False
DEV_NORMAL_053,958,987,0.26993555,False
DEV_NORMAL_053,959,988,0.26217863,False
DEV_NORMAL_053,960,989,0.26166445,False
DEV_NORMAL_053,961,990,0.26283446,False
DEV_NORMAL_053,962,991,0.2557654,False
DEV_NORMAL_053,963,992,0.2687394,False
DEV_NORMAL_053,964,993,0.26991817,False
DEV_NORMAL_053,965,994,0.26902047,False
DEV_NORMAL_053,966,995,0.26809686,False
DEV_NORMAL_053,967,996,0.25763237,False
DEV_NORMAL_053,968,997,0.25431302,False
DEV_NORMAL_053,969,998,0.26528934,False
DEV_NORMAL_053,970,999,0.26201254,False
DEV_NORMAL_053,971,1000,0.26703012,False
DEV_NORMAL_053,972,1001,0.27070904,False
DEV_NORMAL_053,973,1002,0.26495683,False
DEV_NORMAL_053,974,1003,0.265654,False
DEV_NORMAL_053,975,1004,0.26788884,False
DEV_NORMAL_053,976,1005,0.2698086,False
DEV_NORMAL_053,977,1006,0.269357,False
DEV_NORMAL_053,978,1007,0.25421757,False
DEV_NORMAL_053,979,1008,0.23080069,False
DEV_NORMAL_053,980,1009,0.22010908,False
DEV_NORMAL_053,981,1010,0.20963287,False
DEV_NORMAL_053,982,1011,0.18925282,False
DEV_NORMAL_053,983,1012,0.19015875,False
DEV_NORMAL_053,984,1013,0.1919158,False
DEV_NORMAL_053,985,1014,0.20786546,False
DEV_NORMAL_053,986,1015,0.19448633,False
DEV_NORMAL_053,987,1016,0.19164817,False
DEV_NORMAL_053,988,1017,0.20051704,False
DEV_NORMAL_053,989,1018,0.1951432,False
DEV_NORMAL_053,990,1019,0.19841477,False
DEV_NORMAL_053,991,1020,0.1890999,False
DEV_NORMAL_053,992,1021,0.1768847,False
DEV_NORMAL_053,993,1022,0.17622934,False
DEV_NORMAL_053,994,1023,0.18368784,False
DEV_NORMAL_053,995,1024,0.19190404,False
DEV_NORMAL_053,996,1025,0.19098933,False
DEV_NORMAL_053,997,1026,0.19238098,False
DEV_NORMAL_053,998,1027,0.18349575,False
DEV_NORMAL_053,999,1028,0.18204467,False
DEV_NORMAL_053,1000,1029,0.18142086,False
DEV_NORMAL_053,1001,1030,0.1954312,False
DEV_NORMAL_053,1002,1031,0.1933979,False
DEV_NORMAL_053,1003,1032,0.1936013,False
DEV_NORMAL_053,1004,1033,0.2162071,False
DEV_NORMAL_053,1005,1034,0.21451406,False
DEV_NORMAL_053,1006,1035,0.22600158,False
DEV_NORMAL_053,1007,1036,0.2268557,False
DEV_NORMAL_053,1008,1037,0.22938243,False
DEV_NORMAL_053,1009,1038,0.20702963,False
DEV_NORMAL_053,1010,1039,0.21338727,False
DEV_NORMAL_053,1011,1040,0.21391875,False
DEV_NORMAL_053,1012,1041,0.20591481,False
DEV_NORMAL_053,1013,1042,0.21328853,False
DEV_NORMAL_053,1014,1043,0.20692685,False
DEV_NORMAL_053,1015,1044,0.20541687,False
DEV_NORMAL_053,1016,1045,0.20789407,False
DEV_NORMAL_053,1017,1046,0.21071745,False
DEV_NORMAL_053,1018,1047,0.2061656,False
DEV_NORMAL_053,1019,1048,0.22169259,False
DEV_NORMAL_053,1020,1049,0.20826851,False
DEV_NORMAL_053,1021,1050,0.1982591,False
DEV_NORMAL_053,1022,1051,0.20795676,False
DEV_NORMAL_053,1023,1052,0.21347055,False
DEV_NORMAL_053,1024,1053,0.20443897,False
DEV_NORMAL_053,1025,1054,0.21043076,False
DEV_NORMAL_053,1026,1055,0.22332354,False
DEV_NORMAL_053,1027,1056,0.220985,False
DEV_NORMAL_053,1028,1057,0.22123317,False
DEV_NORMAL_053,1029,1058,0.2223391,False
DEV_NORMAL_053,1030,1059,0.21582319,False
DEV_NORMAL_053,1031,1060,0.21464388,False
DEV_NORMAL_053,1032,1061,0.22139055,False
DEV_NORMAL_053,1033,1062,0.1806168,False
DEV_NORMAL_053,1034,1063,0.18430279,False
DEV_NORMAL_053,1035,1064,0.20040339,False
DEV_NORMAL_053,1036,1065,0.19024105,False
DEV_NORMAL_053,1037,1066,0.18838383,False
DEV_NORMAL_053,1038,1067,0.19485703,False
DEV_NORMAL_053,1039,1068,0.21101308,False
DEV_NORMAL_053,1040,1069,0.22593282,False
DEV_NORMAL_053,1041,1070,0.23973006,False
DEV_NORMAL_053,1042,1071,0.23161583,False
DEV_NORMAL_053,1043,1072,0.25305596,False
DEV_NORMAL_053,1044,1073,0.25037506,False
DEV_NORMAL_053,1045,1074,0.24919677,False
DEV_NORMAL_053,1046,1075,0.24115755,False
DEV_NORMAL_053,1047,1076,0.24131308,False
DEV_NORMAL_053,1048,1077,0.24289258,False
DEV_NORMAL_053,1049,1078,0.24308155,False
DEV_NORMAL_053,1050,1079,0.2417927,False
DEV_NORMAL_053,1051,1080,0.25198114,False
DEV_NORMAL_053,1052,1081,0.23646289,False
DEV_NORMAL_053,1053,1082,0.24964577,False
DEV_NORMAL_053,1054,1083,0.2417226,False
DEV_NORMAL_053,1055,1084,0.25025293,False
DEV_NORMAL_053,1056,1085,0.24800467,False
DEV_NORMAL_053,1057,1086,0.23987423,False
DEV_NORMAL_053,1058,1087,0.2385647,False
DEV_NORMAL_053,1059,1088,0.24017094,False
DEV_NORMAL_053,1060,1089,0.2379735,False
DEV_NORMAL_053,1061,1090,0.24559452,False
DEV_NORMAL_053,1062,1091,0.25642326,False
DEV_NORMAL_053,1063,1092,0.24599491,False
DEV_NORMAL_053,1064,1093,0.23573156,False
DEV_NORMAL_053,1065,1094,0.24617566,False
DEV_NORMAL_053,1066,1095,0.24715087,False
DEV_NORMAL_053,1067,1096,0.24014232,False
DEV_NORMAL_053,1068,1097,0.25436834,False
DEV_NORMAL_053,1069,1098,0.2397062,False
DEV_NORMAL_053,1070,1099,0.24344912,False
DEV_NORMAL_053,1071,1100,0.25012273,False
DEV_NORMAL_053,1072,1101,0.23452464,False
DEV_NORMAL_053,1073,1102,0.23198201,False
DEV_NORMAL_053,1074,1103,0.22076581,False
DEV_NORMAL_053,1075,1104,0.2296891,False
DEV_NORMAL_053,1076,1105,0.24830301,False
DEV_NORMAL_053,1077,1106,0.25456074,False
DEV_NORMAL_053,1078,1107,0.28446287,False
DEV_NORMAL_053,1079,1108,0.27676275,False
DEV_NORMAL_053,1080,1109,0.267925,False
DEV_NORMAL_053,1081,1110,0.27753258,False
DEV_NORMAL_053,1082,1111,0.30751488,True
DEV_NORMAL_053,1083,1112,0.29511133,True
DEV_NORMAL_053,1084,1113,0.29045406,False
DEV_NORMAL_053,1085,1114,0.31201178,True
DEV_NORMAL_053,1086,1115,0.31309536,True
DEV_NORMAL_053,1087,1116,0.3053748,True
DEV_NORMAL_053,1088,1117,0.29974696,True
DEV_NORMAL_053,1089,1118,0.3038887,True
DEV_NORMAL_053,1090,1119,0.29883072,True
DEV_NORMAL_053,1091,1120,0.29654294,True
DEV_NORMAL_053,1092,1121,0.29668263,True
DEV_NORMAL_053,1093,1122,0.29151013,True
DEV_NORMAL_053,1094,1123,0.29339084,True
DEV_NORMAL_053,1095,1124,0.29498848,True
DEV_NORMAL_053,1096,1125,0.30123997,True
DEV_NORMAL_053,1097,1126,0.28483823,False
DEV_NORMAL_053,1098,1127,0.29880446,True
DEV_NORMAL_053,1099,1128,0.3039188,True
DEV_NORMAL_053,1100,1129,0.30955073,True
DEV_NORMAL_053,1101,1130,0.31244558,True
DEV_NORMAL_053,1102,1131,0.2938496,True
DEV_NORMAL_053,1103,1132,0.28464445,False
DEV_NORMAL_053,1104,1133,0.30237776,True
DEV_NORMAL_053,1105,1134,0.2787767,False
DEV_NORMAL_053,1106,1135,0.27711684,False
DEV_NORMAL_053,1107,1136,0.2741766,False
DEV_NORMAL_053,1108,1137,0.29074717,False
DEV_NORMAL_053,1109,1138,0.29066324,False
DEV_NORMAL_053,1110,1139,0.30851623,True
DEV_NORMAL_053,1111,1140,0.2877911,False
DEV_NORMAL_053,1112,1141,0.26441798,False
DEV_NORMAL_053,1113,1142,0.29188555,True
DEV_NORMAL_053,1114,1143,0.28902265,False
DEV_NORMAL_053,1115,1144,0.30509767,True
DEV_NORMAL_053,1116,1145,0.28798035,False
DEV_NORMAL_053,1117,1146,0.2815045,False
DEV_NORMAL_053,1118,1147,0.27980515,False
DEV_NORMAL_053,1119,1148,0.30271217,True
DEV_NORMAL_053,1120,1149,0.3068543,True
DEV_NORMAL_053,1121,1150,0.29742286,True
DEV_NORMAL_053,1122,1151,0.29861102,True
DEV_NORMAL_053,1123,1152,0.2908626,False
DEV_NORMAL_053,1124,1153,0.2769265,False
DEV_NORMAL_053,1125,1154,0.26554835,False
DEV_NORMAL_053,1126,1155,0.2720837,False
DEV_NORMAL_053,1127,1156,0.2786299,False
DEV_NORMAL_053,1128,1157,0.29858258,True
DEV_NORMAL_053,1129,1158,0.2744759,False
DEV_NORMAL_053,1130,1159,0.27178225,False
DEV_NORMAL_053,1131,1160,0.27670634,False
DEV_NORMAL_053,1132,1161,0.26505926,False
DEV_NORMAL_053,1133,1162,0.26718304,False
DEV_NORMAL_053,1134,1163,0.24079485,False
DEV_NORMAL_053,1135,1164,0.24096094,False
DEV_NORMAL_053,1136,1165,0.23217843,False
DEV_NORMAL_053,1137,1166,0.20856594,False
DEV_NORMAL_053,1138,1167,0.23291305,False
DEV_NORMAL_053,1139,1168,0.2396894,False
DEV_NORMAL_053,1140,1169,0.24361064,False
DEV_NORMAL_053,1141,1170,0.24398987,False
DEV_NORMAL_053,1142,1171,0.2474547,False
DEV_NORMAL_053,1143,1172,0.22581531,False
DEV_NORMAL_053,1144,1173,0.22551289,False
DEV_NORMAL_053,1145,1174,0.22418007,False
DEV_NORMAL_053,1146,1175,0.20925817,False
DEV_NORMAL_053,1147,1176,0.21244015,False
DEV_NORMAL_053,1148,1177,0.22491626,False
DEV_NORMAL_053,1149,1178,0.21901152,False
DEV_NORMAL_053,1150,1179,0.22581126,False
DEV_NORMAL_053,1151,1180,0.21809334,False
DEV_NORMAL_053,1152,1181,0.22576696,False
DEV_NORMAL_053,1153,1182,0.22567865,False
DEV_NORMAL_053,1154,1183,0.23629567,False
DEV_NORMAL_053,1155,1184,0.22549142,False
DEV_NORMAL_053,1156,1185,0.20114174,False
DEV_NORMAL_053,1157,1186,0.19186096,False
DEV_NORMAL_053,1158,1187,0.17820282,False
DEV_NORMAL_053,1159,1188,0.1920072,False
DEV_NORMAL_053,1160,1189,0.18383572,False
DEV_NORMAL_053,1161,1190,0.19763969,False
DEV_NORMAL_053,1162,1191,0.1904529,False
DEV_NORMAL_053,1163,1192,0.19070855,False
DEV_NORMAL_053,1164,1193,0.20038779,False
DEV_NORMAL_053,1165,1194,0.1945782,False
DEV_NORMAL_053,1166,1195,0.21043444,False
DEV_NORMAL_053,1167,1196,0.21085177,False
DEV_NORMAL_053,1168,1197,0.20232312,False
DEV_NORMAL_053,1169,1198,0.20392264,False
DEV_NORMAL_053,1170,1199,0.19772768,False
DEV_NORMAL_053,1171,1200,0.20867825,False
DEV_NORMAL_053,1172,1201,0.23734732,False
DEV_NORMAL_053,1173,1202,0.24139066,False
DEV_NORMAL_053,1174,1203,0.24513003,False
DEV_NORMAL_053,1175,1204,0.25877973,False
DEV_NORMAL_053,1176,1205,0.24855016,False
DEV_NORMAL_053,1177,1206,0.24889685,False
DEV_NORMAL_053,1178,1207,0.25676465,False
DEV_NORMAL_053,1179,1208,0.24872312,False
DEV_NORMAL_053,1180,1209,0.27158412,False
DEV_NORMAL_053,1181,1210,0.2769179,False
DEV_NORMAL_053,1182,1211,0.2859848,False
DEV_NORMAL_053,1183,1212,0.28072426,False
DEV_NORMAL_053,1184,1213,0.27982858,False
DEV_NORMAL_053,1185,1214,0.2766223,False
DEV_NORMAL_053,1186,1215,0.2859931,False
DEV_NORMAL_053,1187,1216,0.30027676,True
DEV_NORMAL_053,1188,1217,0.29589906,True
DEV_NORMAL_053,1189,1218,0.29540452,True
DEV_NORMAL_053,1190,1219,0.29249686,True
DEV_NORMAL_053,1191,1220,0.31044102,True
DEV_NORMAL_053,1192,1221,0.3053477,True
DEV_NORMAL_053,1193,1222,0.31638223,True
DEV_NORMAL_053,1194,1223,0.31951115,True
DEV_NORMAL_053,1195,1224,0.27714595,False
DEV_NORMAL_053,1196,1225,0.26533404,False
DEV_NORMAL_053,1197,1226,0.27851424,False
DEV_NORMAL_053,1198,1227,0.2718889,False
DEV_NORMAL_053,1199,1228,0.2648334,False
DEV_NORMAL_053,1200,1229,0.24173836,False
DEV_NORMAL_053,1201,1230,0.24303602,False
DEV_NORMAL_053,1202,1231,0.25034878,False
DEV_NORMAL_053,1203,1232,0.25906938,False
DEV_NORMAL_053,1204,1233,0.24275918,False
DEV_NORMAL_053,1205,1234,0.23662049,False
DEV_NORMAL_053,1206,1235,0.24099422,False
DEV_NORMAL_053,1207,1236,0.25255877,False
DEV_NORMAL_053,1208,1237,0.2638089,False
DEV_NORMAL_053,1209,1238,0.25605732,False
DEV_NORMAL_053,1210,1239,0.25331935,False
DEV_NORMAL_053,1211,1240,0.23891224,False
DEV_NORMAL_053,1212,1241,0.23349723,False
DEV_NORMAL_053,1213,1242,0.22349863,False
DEV_NORMAL_053,1214,1243,0.2318555,False
DEV_NORMAL_053,1215,1244,0.23078935,False
DEV_NORMAL_053,1216,1245,0.21802911,False
DEV_NORMAL_053,1217,1246,0.20993733,False
DEV_NORMAL_053,1218,1247,0.20775111,False
DEV_NORMAL_053,1219,1248,0.19432306,False
DEV_NORMAL_053,1220,1249,0.21960586,False
DEV_NORMAL_053,1221,1250,0.2251079,False
DEV_NORMAL_053,1222,1251,0.22684374,False
DEV_NORMAL_053,1223,1252,0.22618829,False
DEV_NORMAL_053,1224,1253,0.22767814,False
DEV_NORMAL_053,1225,1254,0.24545802,False
DEV_NORMAL_053,1226,1255,0.26873478,False
DEV_NORMAL_053,1227,1256,0.2405801,False
DEV_NORMAL_053,1228,1257,0.2487196,False
DEV_NORMAL_053,1229,1258,0.25401735,False
DEV_NORMAL_053,1230,1259,0.25263318,False
DEV_NORMAL_053,1231,1260,0.24765435,False
DEV_NORMAL_053,1232,1261,0.2694238,False
DEV_NORMAL_053,1233,1262,0.28425744,False
DEV_NORMAL_053,1234,1263,0.26667255,False
DEV_NORMAL_053,1235,1264,0.2852855,False
DEV_NORMAL_053,1236,1265,0.26842996,False
DEV_NORMAL_053,1237,1266,0.26396802,False
DEV_NORMAL_053,1238,1267,0.2665612,False
DEV_NORMAL_053,1239,1268,0.2751334,False
DEV_NORMAL_053,1240,1269,0.28038967,False
DEV_NORMAL_053,1241,1270,0.28073534,False
DEV_NORMAL_053,1242,1271,0.2937419,True
DEV_NORMAL_053,1243,1272,0.29784495,True
DEV_NORMAL_053,1244,1273,0.27950433,False
DEV_NORMAL_053,1245,1274,0.29297763,True
DEV_NORMAL_053,1246,1275,0.2976398,True
DEV_NORMAL_053,1247,1276,0.2928345,True
DEV_NORMAL_053,1248,1277,0.28596583,False
DEV_NORMAL_053,1249,1278,0.2723792,False
DEV_NORMAL_053,1250,1279,0.27803805,False
DEV_NORMAL_053,1251,1280,0.24843985,False
DEV_NORMAL_053,1252,1281,0.25511348,False
DEV_NORMAL_053,1253,1282,0.26129377,False
DEV_NORMAL_053,1254,1283,0.2503496,False
DEV_NORMAL_053,1255,1284,0.24251848,False
DEV_NORMAL_053,1256,1285,0.25089282,False
DEV_NORMAL_053,1257,1286,0.24390641,False
DEV_NORMAL_053,1258,1287,0.23577674,False
DEV_NORMAL_053,1259,1288,0.24080774,False
DEV_NORMAL_053,1260,1289,0.24671894,False
DEV_NORMAL_053,1261,1290,0.21731721,False
DEV_NORMAL_053,1262,1291,0.2025123,False
DEV_NORMAL_053,1263,1292,0.20563488,False
DEV_NORMAL_053,1264,1293,0.19389452,False
DEV_NORMAL_053,1265,1294,0.19939128,False
DEV_NORMAL_053,1266,1295,0.18832241,False
DEV_NORMAL_053,1267,1296,0.18501848,False
DEV_NORMAL_053,1268,1297,0.17212734,False
DEV_NORMAL_053,1269,1298,0.17407092,False
DEV_NORMAL_053,1270,1299,0.17845055,False
DEV_NORMAL_053,1271,1300,0.1876935,False
DEV_NORMAL_053,1272,1301,0.18212287,False
DEV_NORMAL_053,1273,1302,0.18267502,False
DEV_NORMAL_053,1274,1303,0.1793039,False
DEV_NORMAL_053,1275,1304,0.17956167,False
DEV_NORMAL_053,1276,1305,0.18289283,False
DEV_NORMAL_053,1277,1306,0.17841347,False
DEV_NORMAL_053,1278,1307,0.16291223,False
DEV_NORMAL_053,1279,1308,0.1706916,False
DEV_NORMAL_053,1280,1309,0.1823052,False
DEV_NORMAL_053,1281,1310,0.1852507,False
DEV_NORMAL_053,1282,1311,0.19485673,False
DEV_NORMAL_053,1283,1312,0.17787552,False
DEV_NORMAL_053,1284,1313,0.18461806,False
DEV_NORMAL_053,1285,1314,0.17433144,False
DEV_NORMAL_053,1286,1315,0.18301961,False
DEV_NORMAL_053,1287,1316,0.1771934,False
DEV_NORMAL_053,1288,1317,0.19106016,False
DEV_NORMAL_053,1289,1318,0.20882565,False
DEV_NORMAL_053,1290,1319,0.19846803,False
DEV_NORMAL_053,1291,1320,0.20728715,False
DEV_NORMAL_053,1292,1321,0.21292333,False
DEV_NORMAL_053,1293,1322,0.22391345,False
DEV_NORMAL_053,1294,1323,0.22392829,False
DEV_NORMAL_053,1295,1324,0.22188523,False
DEV_NORMAL_053,1296,1325,0.22243468,False
DEV_NORMAL_053,1297,1326,0.22203527,False
DEV_NORMAL_053,1298,1327,0.21937822,False
DEV_NORMAL_053,1299,1328,0.22711356,False
DEV_NORMAL_053,1300,1329,0.21027185,False
DEV_NORMAL_053,1301,1330,0.22103994,False
DEV_NORMAL_053,1302,1331,0.22008157,False
DEV_NORMAL_053,1303,1332,0.20492055,False
DEV_NORMAL_053,1304,1333,0.21436806,False
DEV_NORMAL_053,1305,1334,0.18243876,False
DEV_NORMAL_053,1306,1335,0.1951742,False
DEV_NORMAL_053,1307,1336,0.20551316,False
DEV_NORMAL_053,1308,1337,0.19523582,False
DEV_NORMAL_053,1309,1338,0.19828142,False
DEV_NORMAL_053,1310,1339,0.20473006,False
DEV_NORMAL_053,1311,1340,0.20595843,False
DEV_NORMAL_053,1312,1341,0.19863571,False
DEV_NORMAL_053,1313,1342,0.2035292,False
DEV_NORMAL_053,1314,1343,0.20754455,False
DEV_NORMAL_053,1315,1344,0.18837513,False
DEV_NORMAL_053,1316,1345,0.18456109,False
DEV_NORMAL_053,1317,1346,0.1690541,False
DEV_NORMAL_053,1318,1347,0.17190282,False
DEV_NORMAL_053,1319,1348,0.17770366,False
DEV_NORMAL_053,1320,1349,0.18826781,False
DEV_NORMAL_053,1321,1350,0.20316239,False
DEV_NORMAL_053,1322,1351,0.2027897,False
DEV_NORMAL_053,1323,1352,0.20479015,False
DEV_NORMAL_053,1324,1353,0.2080395,False
DEV_NORMAL_053,1325,1354,0.21287003,False
DEV_NORMAL_053,1326,1355,0.22038351,False
DEV_NORMAL_053,1327,1356,0.22220628,False
DEV_NORMAL_053,1328,1357,0.2264313,False
DEV_NORMAL_053,1329,1358,0.21859166,False
DEV_NORMAL_053,1330,1359,0.2133275,False
DEV_NORMAL_053,1331,1360,0.2271731,False
DEV_NORMAL_053,1332,1361,0.24639234,False
DEV_NORMAL_053,1333,1362,0.26385957,False
DEV_NORMAL_053,1334,1363,0.26027337,False
DEV_NORMAL_053,1335,1364,0.25337097,False
DEV_NORMAL_053,1336,1365,0.2502398,False
DEV_NORMAL_053,1337,1366,0.2583091,False
DEV_NORMAL_053,1338,1367,0.23253675,False
DEV_NORMAL_053,1339,1368,0.23213755,False
DEV_NORMAL_053,1340,1369,0.24079981,False
DEV_NORMAL_053,1341,1370,0.2481076,False
DEV_NORMAL_053,1342,1371,0.24997349,False
DEV_NORMAL_053,1343,1372,0.25556403,False
DEV_NORMAL_053,1344,1373,0.2682542,False
DEV_NORMAL_053,1345,1374,0.28033653,False
DEV_NORMAL_053,1346,1375,0.28414592,False
DEV_NORMAL_053,1347,1376,0.27531374,False
DEV_NORMAL_053,1348,1377,0.27336457,False
DEV_NORMAL_053,1349,1378,0.26118892,False
DEV_NORMAL_053,1350,1379,0.25015116,False
DEV_NORMAL_057,0,29,0.19019185,False
DEV_NORMAL_057,1,30,0.1904321,False
DEV_NORMAL_057,2,31,0.20895568,False
DEV_NORMAL_057,3,32,0.20824681,False
DEV_NORMAL_057,4,33,0.19961564,False
DEV_NORMAL_057,5,34,0.20832469,False
DEV_NORMAL_057,6,35,0.21867014,False
DEV_NORMAL_057,7,36,0.2345863,False
DEV_NORMAL_057,8,37,0.24590483,False
DEV_NORMAL_057,9,38,0.26095456,False
DEV_NORMAL_057,10,39,0.24844377,False
DEV_NORMAL_057,11,40,0.25052467,False
DEV_NORMAL_057,12,41,0.26146343,False
DEV_NORMAL_057,13,42,0.25787193,False
DEV_NORMAL_057,14,43,0.2517804,False
DEV_NORMAL_057,15,44,0.25786504,False
DEV_NORMAL_057,16,45,0.25412518,False
DEV_NORMAL_057,17,46,0.2768107,False
DEV_NORMAL_057,18,47,0.27226925,False
DEV_NORMAL_057,19,48,0.2591759,False
DEV_NORMAL_057,20,49,0.28963998,False
DEV_NORMAL_057,21,50,0.2707014,False
DEV_NORMAL_057,22,51,0.28279954,False
DEV_NORMAL_057,23,52,0.2728433,False
DEV_NORMAL_057,24,53,0.27437302,False
DEV_NORMAL_057,25,54,0.26551723,False
DEV_NORMAL_057,26,55,0.27784485,False
DEV_NORMAL_057,27,56,0.30143082,True
DEV_NORMAL_057,28,57,0.29525456,True
DEV_NORMAL_057,29,58,0.25597438,False
DEV_NORMAL_057,30,59,0.26649755,False
DEV_NORMAL_057,31,60,0.24544057,False
DEV_NORMAL_057,32,61,0.25844085,False
DEV_NORMAL_057,33,62,0.26346397,False
DEV_NORMAL_057,34,63,0.25813326,False
DEV_NORMAL_057,35,64,0.23646435,False
DEV_NORMAL_057,36,65,0.26835817,False
DEV_NORMAL_057,37,66,0.2540088,False
DEV_NORMAL_057,38,67,0.2549331,False
DEV_NORMAL_057,39,68,0.2552713,False
DEV_NORMAL_057,40,69,0.2712781,False
DEV_NORMAL_057,41,70,0.26253092,False
DEV_NORMAL_057,42,71,0.28305373,False
DEV_NORMAL_057,43,72,0.28798816,False
DEV_NORMAL_057,44,73,0.2894607,False
DEV_NORMAL_057,45,74,0.286847,False
DEV_NORMAL_057,46,75,0.28284112,False
DEV_NORMAL_057,47,76,0.27884534,False
DEV_NORMAL_057,48,77,0.2763086,False
DEV_NORMAL_057,49,78,0.27659988,False
DEV_NORMAL_057,50,79,0.2755579,False
DEV_NORMAL_057,51,80,0.2770964,False
DEV_NORMAL_057,52,81,0.25493315,False
DEV_NORMAL_057,53,82,0.25592545,False
DEV_NORMAL_057,54,83,0.25086838,False
DEV_NORMAL_057,55,84,0.26550186,False
DEV_NORMAL_057,56,85,0.27336752,False
DEV_NORMAL_057,57,86,0.27233976,False
DEV_NORMAL_057,58,87,0.26353872,False
DEV_NORMAL_057,59,88,0.26709753,False
DEV_NORMAL_057,60,89,0.2550534,False
DEV_NORMAL_057,61,90,0.24513713,False
DEV_NORMAL_057,62,91,0.24917294,False
DEV_NORMAL_057,63,92,0.24284516,False
DEV_NORMAL_057,64,93,0.22085711,False
DEV_NORMAL_057,65,94,0.21709092,False
DEV_NORMAL_057,66,95,0.22739458,False
DEV_NORMAL_057,67,96,0.20808443,False
DEV_NORMAL_057,68,97,0.2149126,False
DEV_NORMAL_057,69,98,0.18775848,False
DEV_NORMAL_057,70,99,0.16031392,False
DEV_NORMAL_057,71,100,0.17316958,False
DEV_NORMAL_057,72,101,0.16892293,False
DEV_NORMAL_057,73,102,0.16668297,False
DEV_NORMAL_057,74,103,0.16182187,False
DEV_NORMAL_057,75,104,0.17216554,False
DEV_NORMAL_057,76,105,0.17963028,False
DEV_NORMAL_057,77,106,0.17011292,False
DEV_NORMAL_057,78,107,0.15977329,False
DEV_NORMAL_057,79,108,0.16778252,False
DEV_NORMAL_057,80,109,0.1649083,False
DEV_NORMAL_057,81,110,0.16908592,False
DEV_NORMAL_057,82,111,0.1649089,False
DEV_NORMAL_057,83,112,0.16852944,False
DEV_NORMAL_057,84,113,0.17225073,False
DEV_NORMAL_057,85,114,0.16374587,False
DEV_NORMAL_057,86,115,0.17005052,False
DEV_NORMAL_057,87,116,0.16922763,False
DEV_NORMAL_057,88,117,0.1652049,False
DEV_NORMAL_057,89,118,0.17271847,False
DEV_NORMAL_057,90,119,0.20317444,False
DEV_NORMAL_057,91,120,0.19871417,False
DEV_NORMAL_057,92,121,0.2162201,False
DEV_NORMAL_057,93,122,0.22019297,False
DEV_NORMAL_057,94,123,0.22485217,False
DEV_NORMAL_057,95,124,0.20902766,False
DEV_NORMAL_057,96,125,0.20403214,False
DEV_NORMAL_057,97,126,0.22670847,False
DEV_NORMAL_057,98,127,0.2360047,False
DEV_NORMAL_057,99,128,0.2453382,False
DEV_NORMAL_057,100,129,0.2442202,False
DEV_NORMAL_057,101,130,0.23398651,False
DEV_NORMAL_057,102,131,0.2276164,False
DEV_NORMAL_057,103,132,0.23621584,False
DEV_NORMAL_057,104,133,0.23494104,False
DEV_NORMAL_057,105,134,0.23782772,False
DEV_NORMAL_057,106,135,0.25507137,False
DEV_NORMAL_057,107,136,0.25622585,False
DEV_NORMAL_057,108,137,0.25109357,False
DEV_NORMAL_057,109,138,0.24925105,False
DEV_NORMAL_057,110,139,0.25307083,False
DEV_NORMAL_057,111,140,0.26776537,False
DEV_NORMAL_057,112,141,0.2539212,False
DEV_NORMAL_057,113,142,0.2437632,False
DEV_NORMAL_057,114,143,0.24554665,False
DEV_NORMAL_057,115,144,0.24675313,False
DEV_NORMAL_057,116,145,0.24213848,False
DEV_NORMAL_057,117,146,0.23580487,False
DEV_NORMAL_057,118,147,0.26507798,False
DEV_NORMAL_057,119,148,0.25447124,False
DEV_NORMAL_057,120,149,0.23877531,False
DEV_NORMAL_057,121,150,0.2542846,False
DEV_NORMAL_057,122,151,0.24986537,False
DEV_NORMAL_057,123,152,0.23283869,False
DEV_NORMAL_057,124,153,0.23357837,False
DEV_NORMAL_057,125,154,0.24340077,False
DEV_NORMAL_057,126,155,0.23718373,False
DEV_NORMAL_057,127,156,0.23044147,False
DEV_NORMAL_057,128,157,0.23005399,False
DEV_NORMAL_057,129,158,0.23177405,False
DEV_NORMAL_057,130,159,0.22203413,False
DEV_NORMAL_057,131,160,0.21953127,False
DEV_NORMAL_057,132,161,0.21222094,False
DEV_NORMAL_057,133,162,0.20996167,False
DEV_NORMAL_057,134,163,0.20783511,False
DEV_NORMAL_057,135,164,0.2143782,False
DEV_NORMAL_057,136,165,0.20594735,False
DEV_NORMAL_057,137,166,0.19769174,False
DEV_NORMAL_057,138,167,0.19684234,False
DEV_NORMAL_057,139,168,0.2028796,False
DEV_NORMAL_057,140,169,0.21515042,False
DEV_NORMAL_057,141,170,0.2177468,False
DEV_NORMAL_057,142,171,0.22236852,False
DEV_NORMAL_057,143,172,0.22024052,False
DEV_NORMAL_057,144,173,0.20308529,False
DEV_NORMAL_057,145,174,0.19772853,False
DEV_NORMAL_057,146,175,0.18708554,False
DEV_NORMAL_057,147,176,0.18442291,False
DEV_NORMAL_057,148,177,0.19141293,False
DEV_NORMAL_057,149,178,0.18976234,False
DEV_NORMAL_057,150,179,0.18683799,False
DEV_NORMAL_057,151,180,0.18412264,False
DEV_NORMAL_057,152,181,0.19313322,False
DEV_NORMAL_057,153,182,0.19714496,False
DEV_NORMAL_057,154,183,0.18718131,False
DEV_NORMAL_057,155,184,0.19377925,False
DEV_NORMAL_057,156,185,0.19432476,False
DEV_NORMAL_057,157,186,0.19515231,False
DEV_NORMAL_057,158,187,0.20175092,False
DEV_NORMAL_057,159,188,0.2097625,False
DEV_NORMAL_057,160,189,0.22218482,False
DEV_NORMAL_057,161,190,0.2104971,False
DEV_NORMAL_057,162,191,0.20913482,False
DEV_NORMAL_057,163,192,0.22501238,False
DEV_NORMAL_057,164,193,0.2191773,False
DEV_NORMAL_057,165,194,0.21671987,False
DEV_NORMAL_057,166,195,0.20796594,False
DEV_NORMAL_057,167,196,0.20878989,False
DEV_NORMAL_057,168,197,0.20176953,False
DEV_NORMAL_057,169,198,0.20799984,False
DEV_NORMAL_057,170,199,0.21421808,False
DEV_NORMAL_057,171,200,0.22209705,False
DEV_NORMAL_057,172,201,0.24054274,False
DEV_NORMAL_057,173,202,0.2413028,False
DEV_NORMAL_057,174,203,0.23352137,False
DEV_NORMAL_057,175,204,0.23323089,False
DEV_NORMAL_057,176,205,0.22406803,False
DEV_NORMAL_057,177,206,0.21382159,False
DEV_NORMAL_057,178,207,0.20890786,False
DEV_NORMAL_057,179,208,0.19780597,False
DEV_NORMAL_057,180,209,0.19267143,False
DEV_NORMAL_057,181,210,0.19506735,False
DEV_NORMAL_057,182,211,0.17929234,False
DEV_NORMAL_057,183,212,0.18568239,False
DEV_NORMAL_057,184,213,0.19015846,False
DEV_NORMAL_057,185,214,0.19498882,False
DEV_NORMAL_057,186,215,0.1936595,False
DEV_NORMAL_057,187,216,0.18498984,False
DEV_NORMAL_057,188,217,0.18514572,False
DEV_NORMAL_057,189,218,0.16820139,False
DEV_NORMAL_057,190,219,0.17141046,False
DEV_NORMAL_057,191,220,0.18259877,False
DEV_NORMAL_057,192,221,0.17017062,False
DEV_NORMAL_057,193,222,0.19698124,False
DEV_NORMAL_057,194,223,0.2152076,False
DEV_NORMAL_057,195,224,0.21058223,False
DEV_NORMAL_057,196,225,0.21272151,False
DEV_NORMAL_057,197,226,0.21445173,False
DEV_NORMAL_057,198,227,0.2134847,False
DEV_NORMAL_057,199,228,0.22740844,False
DEV_NORMAL_057,200,229,0.22208467,False
DEV_NORMAL_057,201,230,0.20858018,False
DEV_NORMAL_057,202,231,0.21517047,False
DEV_NORMAL_057,203,232,0.2009214,False
DEV_NORMAL_057,204,233,0.1994602,False
DEV_NORMAL_057,205,234,0.19992974,False
DEV_NORMAL_057,206,235,0.20512794,False
DEV_NORMAL_057,207,236,0.21676643,False
DEV_NORMAL_057,208,237,0.22283967,False
DEV_NORMAL_057,209,238,0.22365879,False
DEV_NORMAL_057,210,239,0.23438168,False
DEV_NORMAL_057,211,240,0.24751581,False
DEV_NORMAL_057,212,241,0.2629728,False
DEV_NORMAL_057,213,242,0.25108454,False
DEV_NORMAL_057,214,243,0.23705477,False
DEV_NORMAL_057,215,244,0.23501192,False
DEV_NORMAL_057,216,245,0.23265897,False
DEV_NORMAL_057,217,246,0.23687138,False
DEV_NORMAL_057,218,247,0.24027815,False
DEV_NORMAL_057,219,248,0.2484661,False
DEV_NORMAL_057,220,249,0.24793755,False
DEV_NORMAL_057,221,250,0.23537712,False
DEV_NORMAL_057,222,251,0.24005215,False
DEV_NORMAL_057,223,252,0.22937159,False
DEV_NORMAL_057,224,253,0.22335535,False
DEV_NORMAL_057,225,254,0.24343058,False
DEV_NORMAL_057,226,255,0.25869876,False
DEV_NORMAL_057,227,256,0.26250723,False
DEV_NORMAL_057,228,257,0.2600583,False
DEV_NORMAL_057,229,258,0.28310442,False
DEV_NORMAL_057,230,259,0.2933183,True
DEV_NORMAL_057,231,260,0.28356555,False
DEV_NORMAL_057,232,261,0.29476562,True
DEV_NORMAL_057,233,262,0.29866308,True
DEV_NORMAL_057,234,263,0.306316,True
DEV_NORMAL_057,235,264,0.31884462,True
DEV_NORMAL_057,236,265,0.32473215,True
DEV_NORMAL_057,237,266,0.3174719,True
DEV_NORMAL_057,238,267,0.30266386,True
DEV_NORMAL_057,239,268,0.31017295,True
DEV_NORMAL_057,240,269,0.29068863,False
DEV_NORMAL_057,241,270,0.28411305,False
DEV_NORMAL_057,242,271,0.29401386,True
DEV_NORMAL_057,243,272,0.30616152,True
DEV_NORMAL_057,244,273,0.29827932,True
DEV_NORMAL_057,245,274,0.30750915,True
DEV_NORMAL_057,246,275,0.31135556,True
DEV_NORMAL_057,247,276,0.27270162,False
DEV_NORMAL_057,248,277,0.2803183,False
DEV_NORMAL_057,249,278,0.27704576,False
DEV_NORMAL_057,250,279,0.2813762,False
DEV_NORMAL_057,251,280,0.28297412,False
DEV_NORMAL_057,252,281,0.26703742,False
DEV_NORMAL_057,253,282,0.274224,False
DEV_NORMAL_057,254,283,0.29247627,True
DEV_NORMAL_057,255,284,0.26881772,False
DEV_NORMAL_057,256,285,0.2768989,False
DEV_NORMAL_057,257,286,0.28345573,False
DEV_NORMAL_057,258,287,0.2618817,False
DEV_NORMAL_057,259,288,0.23846096,False
DEV_NORMAL_057,260,289,0.23276661,False
DEV_NORMAL_057,261,290,0.26673996,False
DEV_NORMAL_057,262,291,0.26063573,False
DEV_NORMAL_057,263,292,0.25285068,False
DEV_NORMAL_057,264,293,0.258783,False
DEV_NORMAL_057,265,294,0.24543552,False
DEV_NORMAL_057,266,295,0.23412797,False
DEV_NORMAL_057,267,296,0.25095147,False
DEV_NORMAL_057,268,297,0.25593102,False
DEV_NORMAL_057,269,298,0.23744097,False
DEV_NORMAL_057,270,299,0.23737726,False
DEV_NORMAL_057,271,300,0.24987538,False
DEV_NORMAL_057,272,301,0.24551767,False
DEV_NORMAL_057,273,302,0.24441308,False
DEV_NORMAL_057,274,303,0.25542447,False
DEV_NORMAL_057,275,304,0.2644109,False
DEV_NORMAL_057,276,305,0.25490612,False
DEV_NORMAL_057,277,306,0.25236273,False
DEV_NORMAL_057,278,307,0.27713156,False
DEV_NORMAL_057,279,308,0.27266625,False
DEV_NORMAL_057,280,309,0.26923624,False
DEV_NORMAL_057,281,310,0.2641424,False
DEV_NORMAL_057,282,311,0.25628003,False
DEV_NORMAL_057,283,312,0.2561,False
DEV_NORMAL_057,284,313,0.246843,False
DEV_NORMAL_057,285,314,0.24638297,False
DEV_NORMAL_057,286,315,0.23913251,False
DEV_NORMAL_057,287,316,0.2305085,False
DEV_NORMAL_057,288,317,0.22924563,False
DEV_NORMAL_057,289,318,0.20892563,False
DEV_NORMAL_057,290,319,0.19638376,False
DEV_NORMAL_057,291,320,0.22895749,False
DEV_NORMAL_057,292,321,0.21756342,False
DEV_NORMAL_057,293,322,0.19609588,False
DEV_NORMAL_057,294,323,0.21058029,False
DEV_NORMAL_057,295,324,0.2080636,False
DEV_NORMAL_057,296,325,0.19883326,False
DEV_NORMAL_057,297,326,0.19157705,False
DEV_NORMAL_057,298,327,0.19477978,False
DEV_NORMAL_057,299,328,0.19126323,False
DEV_NORMAL_057,300,329,0.1860044,False
DEV_NORMAL_057,301,330,0.19021921,False
DEV_NORMAL_057,302,331,0.18831804,False
DEV_NORMAL_057,303,332,0.17858975,False
DEV_NORMAL_057,304,333,0.16735408,False
DEV_NORMAL_057,305,334,0.16583513,False
DEV_NORMAL_057,306,335,0.1685615,False
DEV_NORMAL_057,307,336,0.1797213,False
DEV_NORMAL_057,308,337,0.17235492,False
DEV_NORMAL_057,309,338,0.18688168,False
DEV_NORMAL_057,310,339,0.18012871,False
DEV_NORMAL_057,311,340,0.18118098,False
DEV_NORMAL_057,312,341,0.16783768,False
DEV_NORMAL_057,313,342,0.16791843,False
DEV_NORMAL_057,314,343,0.17240335,False
DEV_NORMAL_057,315,344,0.17470977,False
DEV_NORMAL_057,316,345,0.18845052,False
DEV_NORMAL_057,317,346,0.1846927,False
DEV_NORMAL_057,318,347,0.18632393,False
DEV_NORMAL_057,319,348,0.20318149,False
DEV_NORMAL_057,320,349,0.19637702,False
DEV_NORMAL_057,321,350,0.189915,False
DEV_NORMAL_057,322,351,0.18970503,False
DEV_NORMAL_057,323,352,0.19927259,False
DEV_NORMAL_057,324,353,0.20727675,False
DEV_NORMAL_057,325,354,0.20689563,False
DEV_NORMAL_057,326,355,0.21273988,False
DEV_NORMAL_057,327,356,0.20958216,False
DEV_NORMAL_057,328,357,0.2197725,False
DEV_NORMAL_057,329,358,0.22140522,False
DEV_NORMAL_057,330,359,0.22018617,False
DEV_NORMAL_057,331,360,0.21412462,False
DEV_NORMAL_057,332,361,0.21099113,False
DEV_NORMAL_057,333,362,0.21465425,False
DEV_NORMAL_057,334,363,0.21361138,False
DEV_NORMAL_057,335,364,0.22402067,False
DEV_NORMAL_057,336,365,0.24986772,False
DEV_NORMAL_057,337,366,0.2838725,False
DEV_NORMAL_057,338,367,0.27003202,False
DEV_NORMAL_057,339,368,0.26541612,False
DEV_NORMAL_057,340,369,0.27255848,False
DEV_NORMAL_057,341,370,0.28354582,False
DEV_NORMAL_057,342,371,0.2798527,False
DEV_NORMAL_057,343,372,0.27128378,False
DEV_NORMAL_057,344,373,0.27001655,False
DEV_NORMAL_057,345,374,0.25450757,False
DEV_NORMAL_057,346,375,0.2666956,False
DEV_NORMAL_057,347,376,0.25656652,False
DEV_NORMAL_057,348,377,0.24033149,False
DEV_NORMAL_057,349,378,0.2372605,False
DEV_NORMAL_057,350,379,0.23975825,False
DEV_NORMAL_057,351,380,0.22906396,False
DEV_NORMAL_057,352,381,0.23167111,False
DEV_NORMAL_057,353,382,0.23867154,False
DEV_NORMAL_057,354,383,0.25339898,False
DEV_NORMAL_057,355,384,0.2260317,False
DEV_NORMAL_057,356,385,0.22917941,False
DEV_NORMAL_057,357,386,0.22922274,False
DEV_NORMAL_057,358,387,0.23538129,False
DEV_NORMAL_057,359,388,0.22541265,False
DEV_NORMAL_057,360,389,0.22738586,False
DEV_NORMAL_057,361,390,0.21336679,False
DEV_NORMAL_057,362,391,0.22530791,False
DEV_NORMAL_057,363,392,0.21034874,False
DEV_NORMAL_057,364,393,0.20695503,False
DEV_NORMAL_057,365,394,0.18302096,False
DEV_NORMAL_057,366,395,0.17610699,False
DEV_NORMAL_057,367,396,0.19615886,False
DEV_NORMAL_057,368,397,0.19646378,False
DEV_NORMAL_057,369,398,0.19811042,False
DEV_NORMAL_057,370,399,0.20378733,False
DEV_NORMAL_057,371,400,0.21399066,False
DEV_NORMAL_057,372,401,0.22065502,False
DEV_NORMAL_057,373,402,0.21414414,False
DEV_NORMAL_057,374,403,0.2310455,False
DEV_NORMAL_057,375,404,0.22536732,False
DEV_NORMAL_057,376,405,0.2160039,False
DEV_NORMAL_057,377,406,0.2175173,False
DEV_NORMAL_057,378,407,0.21841314,False
DEV_NORMAL_057,379,408,0.2128465,False
DEV_NORMAL_057,380,409,0.22785838,False
DEV_NORMAL_057,381,410,0.2372557,False
DEV_NORMAL_057,382,411,0.2354068,False
DEV_NORMAL_057,383,412,0.21940202,False
DEV_NORMAL_057,384,413,0.21609662,False
DEV_NORMAL_057,385,414,0.2361795,False
DEV_NORMAL_057,386,415,0.2630352,False
DEV_NORMAL_057,387,416,0.27828294,False
DEV_NORMAL_057,388,417,0.2840636,False
DEV_NORMAL_057,389,418,0.27760193,False
DEV_NORMAL_057,390,419,0.26932648,False
DEV_NORMAL_057,391,420,0.2653783,False
DEV_NORMAL_057,392,421,0.27225602,False
DEV_NORMAL_057,393,422,0.28237152,False
DEV_NORMAL_057,394,423,0.26708546,False
DEV_NORMAL_057,395,424,0.27000973,False
DEV_NORMAL_057,396,425,0.25714108,False
DEV_NORMAL_057,397,426,0.2541832,False
DEV_NORMAL_057,398,427,0.26098138,False
DEV_NORMAL_057,399,428,0.264755,False
DEV_NORMAL_057,400,429,0.25443795,False
DEV_NORMAL_057,401,430,0.24711803,False
DEV_NORMAL_057,402,431,0.23896548,False
DEV_NORMAL_057,403,432,0.26215073,False
DEV_NORMAL_057,404,433,0.27186668,False
DEV_NORMAL_057,405,434,0.29252815,True
DEV_NORMAL_057,406,435,0.30394834,True
DEV_NORMAL_057,407,436,0.30826488,True
DEV_NORMAL_057,408,437,0.3150357,True
DEV_NORMAL_057,409,438,0.31162634,True
DEV_NORMAL_057,410,439,0.3056029,True
DEV_NORMAL_057,411,440,0.29933688,True
DEV_NORMAL_057,412,441,0.29709086,True
DEV_NORMAL_057,413,442,0.2966058,True
DEV_NORMAL_057,414,443,0.2893528,False
DEV_NORMAL_057,415,444,0.25175214,False
DEV_NORMAL_057,416,445,0.26032826,False
DEV_NORMAL_057,417,446,0.26943403,False
DEV_NORMAL_057,418,447,0.26565894,False
DEV_NORMAL_057,419,448,0.26414973,False
DEV_NORMAL_057,420,449,0.27166596,False
DEV_NORMAL_057,421,450,0.2649037,False
DEV_NORMAL_057,422,451,0.2678717,False
DEV_NORMAL_057,423,452,0.26306552,False
DEV_NORMAL_057,424,453,0.2638647,False
DEV_NORMAL_057,425,454,0.27275842,False
DEV_NORMAL_057,426,455,0.27707437,False
DEV_NORMAL_057,427,456,0.2731604,False
DEV_NORMAL_057,428,457,0.2701735,False
DEV_NORMAL_057,429,458,0.27510926,False
DEV_NORMAL_057,430,459,0.25389782,False
DEV_NORMAL_057,431,460,0.25180018,False
DEV_NORMAL_057,432,461,0.24133077,False
DEV_NORMAL_057,433,462,0.2501643,False
DEV_NORMAL_057,434,463,0.22343959,False
DEV_NORMAL_057,435,464,0.20263594,False
DEV_NORMAL_057,436,465,0.19673567,False
DEV_NORMAL_057,437,466,0.20263436,False
DEV_NORMAL_057,438,467,0.21318986,False
DEV_NORMAL_057,439,468,0.20833328,False
DEV_NORMAL_057,440,469,0.20826301,False
DEV_NORMAL_057,441,470,0.20667495,False
DEV_NORMAL_057,442,471,0.19403856,False
DEV_NORMAL_057,443,472,0.20190147,False
DEV_NORMAL_057,444,473,0.21566105,False
DEV_NORMAL_057,445,474,0.2082914,False
DEV_NORMAL_057,446,475,0.18499728,False
DEV_NORMAL_057,447,476,0.16725397,False
DEV_NORMAL_057,448,477,0.18709898,False
DEV_NORMAL_057,449,478,0.18378468,False
DEV_NORMAL_057,450,479,0.17574856,False
DEV_NORMAL_057,451,480,0.17404532,False
DEV_NORMAL_057,452,481,0.18472458,False
DEV_NORMAL_057,453,482,0.18414144,False
DEV_NORMAL_057,454,483,0.16328456,False
DEV_NORMAL_057,455,484,0.16603167,False
DEV_NORMAL_057,456,485,0.17294145,False
DEV_NORMAL_057,457,486,0.17044458,False
DEV_NORMAL_057,458,487,0.17969176,False
DEV_NORMAL_057,459,488,0.17856912,False
DEV_NORMAL_057,460,489,0.16930072,False
DEV_NORMAL_057,461,490,0.18538098,False
DEV_NORMAL_057,462,491,0.20132253,False
DEV_NORMAL_057,463,492,0.20503418,False
DEV_NORMAL_057,464,493,0.21368638,False
DEV_NORMAL_057,465,494,0.21937247,False
DEV_NORMAL_057,466,495,0.22035798,False
DEV_NORMAL_057,467,496,0.22541639,False
DEV_NORMAL_057,468,497,0.24114129,False
DEV_NORMAL_057,469,498,0.23266914,False
DEV_NORMAL_057,470,499,0.21993904,False
DEV_NORMAL_057,471,500,0.24097157,False
DEV_NORMAL_057,472,501,0.26031023,False
DEV_NORMAL_057,473,502,0.25179732,False
DEV_NORMAL_057,474,503,0.23789562,False
DEV_NORMAL_057,475,504,0.23436359,False
DEV_NORMAL_057,476,505,0.30203882,True
DEV_NORMAL_057,477,506,0.29630515,True
DEV_NORMAL_057,478,507,0.29269567,True
DEV_NORMAL_057,479,508,0.2765088,False
DEV_NORMAL_057,480,509,0.2764906,False
DEV_NORMAL_057,481,510,0.2916174,True
DEV_NORMAL_057,482,511,0.29797587,True
DEV_NORMAL_057,483,512,0.30456057,True
DEV_NORMAL_057,484,513,0.31175512,True
DEV_NORMAL_057,485,514,0.28518274,False
DEV_NORMAL_057,486,515,0.27772495,False
DEV_NORMAL_057,487,516,0.27774537,False
DEV_NORMAL_057,488,517,0.28875127,False
DEV_NORMAL_057,489,518,0.28863043,False
DEV_NORMAL_057,490,519,0.26473486,False
DEV_NORMAL_057,491,520,0.2727977,False
DEV_NORMAL_057,492,521,0.25147825,False
DEV_NORMAL_057,493,522,0.23725532,False
DEV_NORMAL_057,494,523,0.25320733,False
DEV_NORMAL_057,495,524,0.2546275,False
DEV_NORMAL_057,496,525,0.25583535,False
DEV_NORMAL_057,497,526,0.24727975,False
DEV_NORMAL_057,498,527,0.25604954,False
DEV_NORMAL_057,499,528,0.24509938,False
DEV_NORMAL_057,500,529,0.25369442,False
DEV_NORMAL_057,501,530,0.24630064,False
DEV_NORMAL_057,502,531,0.22781184,False
DEV_NORMAL_057,503,532,0.22908178,False
DEV_NORMAL_057,504,533,0.20511201,False
DEV_NORMAL_057,505,534,0.22375871,False
DEV_NORMAL_057,506,535,0.22449806,False
DEV_NORMAL_057,507,536,0.22086255,False
DEV_NORMAL_057,508,537,0.21984772,False
DEV_NORMAL_057,509,538,0.21884552,False
DEV_NORMAL_057,510,539,0.211763,False
DEV_NORMAL_057,511,540,0.21084328,False
DEV_NORMAL_057,512,541,0.2013421,False
DEV_NORMAL_057,513,542,0.20153533,False
DEV_NORMAL_057,514,543,0.19654635,False
DEV_NORMAL_057,515,544,0.20494275,False
DEV_NORMAL_057,516,545,0.20586643,False
DEV_NORMAL_057,517,546,0.19595169,False
DEV_NORMAL_057,518,547,0.1921776,False
DEV_NORMAL_057,519,548,0.19571571,False
DEV_NORMAL_057,520,549,0.19876419,False
DEV_NORMAL_057,521,550,0.21217172,False
DEV_NORMAL_057,522,551,0.2232624,False
DEV_NORMAL_057,523,552,0.19768776,False
DEV_NORMAL_057,524,553,0.1943852,False
DEV_NORMAL_057,525,554,0.18719195,False
DEV_NORMAL_057,526,555,0.18613818,False
DEV_NORMAL_057,527,556,0.19360271,False
DEV_NORMAL_057,528,557,0.20280674,False
DEV_NORMAL_057,529,558,0.18496113,False
DEV_NORMAL_057,530,559,0.1931618,False
DEV_NORMAL_057,531,560,0.19882777,False
DEV_NORMAL_057,532,561,0.21227472,False
DEV_NORMAL_057,533,562,0.21130842,False
DEV_NORMAL_057,534,563,0.19686696,False
DEV_NORMAL_057,535,564,0.1912188,False
DEV_NORMAL_057,536,565,0.18541393,False
DEV_NORMAL_057,537,566,0.18073621,False
DEV_NORMAL_057,538,567,0.17248614,False
DEV_NORMAL_057,539,568,0.1803243,False
DEV_NORMAL_057,540,569,0.19896238,False
DEV_NORMAL_057,541,570,0.18715245,False
DEV_NORMAL_057,542,571,0.19132277,False
DEV_NORMAL_057,543,572,0.19114317,False
DEV_NORMAL_057,544,573,0.18687493,False
DEV_NORMAL_057,545,574,0.18666273,False
DEV_NORMAL_057,546,575,0.18206437,False
DEV_NORMAL_057,547,576,0.18808116,False
DEV_NORMAL_057,548,577,0.18584813,False
DEV_NORMAL_057,549,578,0.20407136,False
DEV_NORMAL_057,550,579,0.19777672,False
DEV_NORMAL_057,551,580,0.20789534,False
DEV_NORMAL_057,552,581,0.19921495,False
DEV_NORMAL_057,553,582,0.21383022,False
DEV_NORMAL_057,554,583,0.20504859,False
DEV_NORMAL_057,555,584,0.21342306,False
DEV_NORMAL_057,556,585,0.2151107,False
DEV_NORMAL_057,557,586,0.21588188,False
DEV_NORMAL_057,558,587,0.20774044,False
DEV_NORMAL_057,559,588,0.20079817,False
DEV_NORMAL_057,560,589,0.19685666,False
DEV_NORMAL_057,561,590,0.18844847,False
DEV_NORMAL_057,562,591,0.18898226,False
DEV_NORMAL_057,563,592,0.18199584,False
DEV_NORMAL_057,564,593,0.17724898,False
DEV_NORMAL_057,565,594,0.18389572,False
DEV_NORMAL_057,566,595,0.19065551,False
DEV_NORMAL_057,567,596,0.19429223,False
DEV_NORMAL_057,568,597,0.1925745,False
DEV_NORMAL_057,569,598,0.17803223,False
DEV_NORMAL_057,570,599,0.16926774,False
DEV_NORMAL_057,571,600,0.17135936,False
DEV_NORMAL_057,572,601,0.17414302,False
DEV_NORMAL_057,573,602,0.16886827,False
DEV_NORMAL_057,574,603,0.17670517,False
DEV_NORMAL_057,575,604,0.18694665,False
DEV_NORMAL_057,576,605,0.17687161,False
DEV_NORMAL_057,577,606,0.1879243,False
DEV_NORMAL_057,578,607,0.18458126,False
DEV_NORMAL_057,579,608,0.17290477,False
DEV_NORMAL_057,580,609,0.16640574,False
DEV_NORMAL_057,581,610,0.17984352,False
DEV_NORMAL_057,582,611,0.18644966,False
DEV_NORMAL_057,583,612,0.17065553,False
DEV_NORMAL_057,584,613,0.18855552,False
DEV_NORMAL_057,585,614,0.18485355,False
DEV_NORMAL_057,586,615,0.18854012,False
DEV_NORMAL_057,587,616,0.21113974,False
DEV_NORMAL_057,588,617,0.22357273,False
DEV_NORMAL_057,589,618,0.23658969,False
DEV_NORMAL_057,590,619,0.24122211,False
DEV_NORMAL_057,591,620,0.24510193,False
DEV_NORMAL_057,592,621,0.23836492,False
DEV_NORMAL_057,593,622,0.23599128,False
DEV_NORMAL_057,594,623,0.25264853,False
DEV_NORMAL_057,595,624,0.2518844,False
DEV_NORMAL_057,596,625,0.261564,False
DEV_NORMAL_057,597,626,0.26284274,False
DEV_NORMAL_057,598,627,0.2604387,False
DEV_NORMAL_057,599,628,0.2693882,False
DEV_NORMAL_057,600,629,0.2765342,False
DEV_NORMAL_057,601,630,0.29296792,True
DEV_NORMAL_057,602,631,0.28278267,False
DEV_NORMAL_057,603,632,0.3077602,True
DEV_NORMAL_057,604,633,0.3083399,True
DEV_NORMAL_057,605,634,0.3258238,True
DEV_NORMAL_057,606,635,0.328144,True
DEV_NORMAL_057,607,636,0.33874372,True
DEV_NORMAL_057,608,637,0.3396126,True
DEV_NORMAL_057,609,638,0.3461448,True
DEV_NORMAL_057,610,639,0.3516075,True
DEV_NORMAL_057,611,640,0.3006133,True
DEV_NORMAL_057,612,641,0.3009959,True
DEV_NORMAL_057,613,642,0.3041949,True
DEV_NORMAL_057,614,643,0.30594757,True
DEV_NORMAL_057,615,644,0.30007935,True
DEV_NORMAL_057,616,645,0.27858415,False
DEV_NORMAL_057,617,646,0.26260164,False
DEV_NORMAL_057,618,647,0.27050352,False
DEV_NORMAL_057,619,648,0.2711336,False
DEV_NORMAL_057,620,649,0.30354694,True
DEV_NORMAL_057,621,650,0.2847587,False
DEV_NORMAL_057,622,651,0.29301625,True
DEV_NORMAL_057,623,652,0.28725937,False
DEV_NORMAL_057,624,653,0.27541256,False
DEV_NORMAL_057,625,654,0.2732731,False
DEV_NORMAL_057,626,655,0.28909847,False
DEV_NORMAL_057,627,656,0.26844883,False
DEV_NORMAL_057,628,657,0.28653604,False
DEV_NORMAL_057,629,658,0.2848067,False
DEV_NORMAL_057,630,659,0.28016776,False
DEV_NORMAL_057,631,660,0.30264232,True
DEV_NORMAL_057,632,661,0.26706588,False
DEV_NORMAL_057,633,662,0.25915322,False
DEV_NORMAL_057,634,663,0.2614585,False
DEV_NORMAL_057,635,664,0.20567319,False
DEV_NORMAL_057,636,665,0.21162777,False
DEV_NORMAL_057,637,666,0.21689574,False
DEV_NORMAL_057,638,667,0.20646827,False
DEV_NORMAL_057,639,668,0.20994693,False
DEV_NORMAL_057,640,669,0.22094244,False
DEV_NORMAL_057,641,670,0.21338652,False
DEV_NORMAL_057,642,671,0.21677771,False
DEV_NORMAL_057,643,672,0.23038836,False
DEV_NORMAL_057,644,673,0.22465049,False
DEV_NORMAL_057,645,674,0.21763386,False
DEV_NORMAL_057,646,675,0.22359921,False
DEV_NORMAL_057,647,676,0.23151164,False
DEV_NORMAL_057,648,677,0.2354175,False
DEV_NORMAL_057,649,678,0.22891547,False
DEV_NORMAL_057,650,679,0.21943432,False
DEV_NORMAL_057,651,680,0.22113219,False
DEV_NORMAL_057,652,681,0.21933743,False
DEV_NORMAL_057,653,682,0.21734479,False
DEV_NORMAL_057,654,683,0.21381064,False
DEV_NORMAL_057,655,684,0.21770106,False
DEV_NORMAL_057,656,685,0.21338595,False
DEV_NORMAL_057,657,686,0.20880155,False
DEV_NORMAL_057,658,687,0.21011133,False
DEV_NORMAL_057,659,688,0.19866794,False
DEV_NORMAL_057,660,689,0.19366366,False
DEV_NORMAL_057,661,690,0.20419295,False
DEV_NORMAL_057,662,691,0.21053737,False
DEV_NORMAL_057,663,692,0.21910305,False
DEV_NORMAL_057,664,693,0.231952,False
DEV_NORMAL_057,665,694,0.2143013,False
DEV_NORMAL_057,666,695,0.22214542,False
DEV_NORMAL_057,667,696,0.21905972,False
DEV_NORMAL_057,668,697,0.2183891,False
DEV_NORMAL_057,669,698,0.2160101,False
DEV_NORMAL_057,670,699,0.21463877,False
DEV_NORMAL_057,671,700,0.21641546,False
DEV_NORMAL_057,672,701,0.21702486,False
DEV_NORMAL_057,673,702,0.20930153,False
DEV_NORMAL_057,674,703,0.22489284,False
DEV_NORMAL_057,675,704,0.21954894,False
DEV_NORMAL_057,676,705,0.2100432,False
DEV_NORMAL_057,677,706,0.2208073,False
DEV_NORMAL_057,678,707,0.2278648,False
DEV_NORMAL_057,679,708,0.23011407,False
DEV_NORMAL_057,680,709,0.21991177,False
DEV_NORMAL_057,681,710,0.21595484,False
DEV_NORMAL_057,682,711,0.22269392,False
DEV_NORMAL_057,683,712,0.23175374,False
DEV_NORMAL_057,684,713,0.22883934,False
DEV_NORMAL_057,685,714,0.22676332,False
DEV_NORMAL_057,686,715,0.22074296,False
DEV_NORMAL_057,687,716,0.22323202,False
DEV_NORMAL_057,688,717,0.217564,False
DEV_NORMAL_057,689,718,0.22695962,False
DEV_NORMAL_057,690,719,0.22992177,False
DEV_NORMAL_057,691,720,0.2122714,False
DEV_NORMAL_057,692,721,0.20705888,False
DEV_NORMAL_057,693,722,0.2045159,False
DEV_NORMAL_057,694,723,0.1909784,False
DEV_NORMAL_057,695,724,0.22406626,False
DEV_NORMAL_057,696,725,0.22708203,False
DEV_NORMAL_057,697,726,0.2273817,False
DEV_NORMAL_057,698,727,0.24084592,False
DEV_NORMAL_057,699,728,0.24181929,False
DEV_NORMAL_057,700,729,0.23671497,False
DEV_NORMAL_057,701,730,0.23593435,False
DEV_NORMAL_057,702,731,0.22539446,False
DEV_NORMAL_057,703,732,0.21243897,False
DEV_NORMAL_057,704,733,0.2194798,False
DEV_NORMAL_057,705,734,0.23152272,False
DEV_NORMAL_057,706,735,0.22139144,False
DEV_NORMAL_057,707,736,0.23115638,False
DEV_NORMAL_057,708,737,0.2430755,False
DEV_NORMAL_057,709,738,0.23423061,False
DEV_NORMAL_057,710,739,0.22015187,False
DEV_NORMAL_057,711,740,0.22531389,False
DEV_NORMAL_057,712,741,0.23436289,False
DEV_NORMAL_057,713,742,0.22071351,False
DEV_NORMAL_057,714,743,0.22299974,False
DEV_NORMAL_057,715,744,0.24355222,False
DEV_NORMAL_057,716,745,0.21818663,False
DEV_NORMAL_057,717,746,0.22582193,False
DEV_NORMAL_057,718,747,0.23604019,False
DEV_NORMAL_057,719,748,0.21915817,False
DEV_NORMAL_057,720,749,0.23572765,False
DEV_NORMAL_057,721,750,0.2313405,False
DEV_NORMAL_057,722,751,0.24270196,False
DEV_NORMAL_057,723,752,0.23202232,False
DEV_NORMAL_057,724,753,0.20711851,False
DEV_NORMAL_057,725,754,0.20321518,False
DEV_NORMAL_057,726,755,0.20693836,False
DEV_NORMAL_057,727,756,0.20141189,False
DEV_NORMAL_057,728,757,0.19151105,False
DEV_NORMAL_057,729,758,0.18669285,False
DEV_NORMAL_057,730,759,0.1870408,False
DEV_NORMAL_057,731,760,0.19126835,False
DEV_NORMAL_057,732,761,0.18537523,False
DEV_NORMAL_057,733,762,0.19522823,False
DEV_NORMAL_057,734,763,0.18214205,False
DEV_NORMAL_057,735,764,0.19084032,False
DEV_NORMAL_057,736,765,0.19011313,False
DEV_NORMAL_057,737,766,0.18761136,False
DEV_NORMAL_057,738,767,0.20061731,False
DEV_NORMAL_057,739,768,0.1976325,False
DEV_NORMAL_057,740,769,0.20545731,False
DEV_NORMAL_057,741,770,0.20909528,False
DEV_NORMAL_057,742,771,0.2017243,False
DEV_NORMAL_057,743,772,0.21547823,False
DEV_NORMAL_057,744,773,0.19753316,False
DEV_NORMAL_057,745,774,0.20296106,False
DEV_NORMAL_057,746,775,0.19811995,False
DEV_NORMAL_057,747,776,0.20928825,False
DEV_NORMAL_057,748,777,0.21651483,False
DEV_NORMAL_057,749,778,0.20471331,False
DEV_NORMAL_057,750,779,0.20313358,False
DEV_NORMAL_057,751,780,0.20904678,False
DEV_NORMAL_057,752,781,0.22882944,False
DEV_NORMAL_057,753,782,0.22008158,False
DEV_NORMAL_057,754,783,0.22751516,False
DEV_NORMAL_057,755,784,0.24520184,False
DEV_NORMAL_057,756,785,0.24545148,False
DEV_NORMAL_057,757,786,0.24094138,False
DEV_NORMAL_057,758,787,0.24094868,False
DEV_NORMAL_057,759,788,0.23980565,False
DEV_NORMAL_057,760,789,0.23676808,False
DEV_NORMAL_057,761,790,0.24596164,False
DEV_NORMAL_057,762,791,0.25165462,False
DEV_NORMAL_057,763,792,0.235869,False
DEV_NORMAL_057,764,793,0.2382648,False
DEV_NORMAL_057,765,794,0.2247903,False
DEV_NORMAL_057,766,795,0.23019457,False
DEV_NORMAL_057,767,796,0.23108062,False
DEV_NORMAL_057,768,797,0.21274787,False
DEV_NORMAL_057,769,798,0.20591183,False
DEV_NORMAL_057,770,799,0.19463949,False
DEV_NORMAL_057,771,800,0.19879657,False
DEV_NORMAL_057,772,801,0.18990514,False
DEV_NORMAL_057,773,802,0.20234996,False
DEV_NORMAL_057,774,803,0.20159236,False
DEV_NORMAL_057,775,804,0.19173767,False
DEV_NORMAL_057,776,805,0.1890739,False
DEV_NORMAL_057,777,806,0.17228346,False
DEV_NORMAL_057,778,807,0.16577277,False
DEV_NORMAL_057,779,808,0.17212144,False
DEV_NORMAL_057,780,809,0.193704,False
DEV_NORMAL_057,781,810,0.18010464,False
DEV_NORMAL_057,782,811,0.187983,False
DEV_NORMAL_057,783,812,0.16625752,False
DEV_NORMAL_057,784,813,0.15912507,False
DEV_NORMAL_057,785,814,0.1578884,False
DEV_NORMAL_057,786,815,0.17141677,False
DEV_NORMAL_057,787,816,0.16808885,False
DEV_NORMAL_057,788,817,0.18105878,False
DEV_NORMAL_057,789,818,0.19177268,False
DEV_NORMAL_057,790,819,0.16756125,False
DEV_NORMAL_057,791,820,0.16687343,False
DEV_NORMAL_057,792,821,0.17919113,False
DEV_NORMAL_057,793,822,0.18915398,False
DEV_NORMAL_057,794,823,0.19245549,False
DEV_NORMAL_057,795,824,0.19688612,False
DEV_NORMAL_057,796,825,0.17802435,False
DEV_NORMAL_057,797,826,0.19094136,False
DEV_NORMAL_057,798,827,0.20130068,False
DEV_NORMAL_057,799,828,0.2052658,False
DEV_NORMAL_057,800,829,0.19431715,False
DEV_NORMAL_057,801,830,0.18678461,False
DEV_NORMAL_057,802,831,0.19145636,False
DEV_NORMAL_057,803,832,0.18595313,False
DEV_NORMAL_057,804,833,0.20038082,False
DEV_NORMAL_057,805,834,0.20632489,False
DEV_NORMAL_057,806,835,0.19962159,False
DEV_NORMAL_057,807,836,0.19847149,False
DEV_NORMAL_057,808,837,0.20316204,False
DEV_NORMAL_057,809,838,0.20010424,False
DEV_NORMAL_057,810,839,0.2126443,False
DEV_NORMAL_057,811,840,0.20593724,False
DEV_NORMAL_057,812,841,0.20727053,False
DEV_NORMAL_057,813,842,0.208314,False
DEV_NORMAL_057,814,843,0.20593025,False
DEV_NORMAL_057,815,844,0.19410276,False
DEV_NORMAL_057,816,845,0.18718337,False
DEV_NORMAL_057,817,846,0.2000338,False
DEV_NORMAL_057,818,847,0.21607345,False
DEV_NORMAL_057,819,848,0.21907184,False
DEV_NORMAL_057,820,849,0.21779728,False
DEV_NORMAL_057,821,850,0.21609475,False
DEV_NORMAL_057,822,851,0.21496552,False
DEV_NORMAL_057,823,852,0.22289823,False
DEV_NORMAL_057,824,853,0.22790053,False
DEV_NORMAL_057,825,854,0.21220134,False
DEV_NORMAL_057,826,855,0.205129,False
DEV_NORMAL_057,827,856,0.20389278,False
DEV_NORMAL_057,828,857,0.20266892,False
DEV_NORMAL_057,829,858,0.19279839,False
DEV_NORMAL_057,830,859,0.19523287,False
DEV_NORMAL_057,831,860,0.19859137,False
DEV_NORMAL_057,832,861,0.19956864,False
DEV_NORMAL_057,833,862,0.2005167,False
DEV_NORMAL_057,834,863,0.20401481,False
DEV_NORMAL_057,835,864,0.1938633,False
DEV_NORMAL_057,836,865,0.19151704,False
DEV_NORMAL_057,837,866,0.20327729,False
DEV_NORMAL_057,838,867,0.1996297,False
DEV_NORMAL_057,839,868,0.18414648,False
DEV_NORMAL_057,840,869,0.18888706,False
DEV_NORMAL_057,841,870,0.19150478,False
DEV_NORMAL_057,842,871,0.19117555,False
DEV_NORMAL_057,843,872,0.18450148,False
DEV_NORMAL_057,844,873,0.18801375,False
DEV_NORMAL_057,845,874,0.17364575,False
DEV_NORMAL_057,846,875,0.16353416,False
DEV_NORMAL_057,847,876,0.16729212,False
DEV_NORMAL_057,848,877,0.16995288,False
DEV_NORMAL_057,849,878,0.17277502,False
DEV_NORMAL_057,850,879,0.1745086,False
DEV_NORMAL_057,851,880,0.15238789,False
DEV_NORMAL_057,852,881,0.15179498,False
DEV_NORMAL_057,853,882,0.15651602,False
DEV_NORMAL_057,854,883,0.15829605,False
DEV_NORMAL_057,855,884,0.1393249,False
DEV_NORMAL_057,856,885,0.14728086,False
DEV_NORMAL_057,857,886,0.156253,False
DEV_NORMAL_057,858,887,0.15090163,False
DEV_NORMAL_057,859,888,0.16782685,False
DEV_NORMAL_057,860,889,0.16716783,False
DEV_NORMAL_057,861,890,0.18813862,False
DEV_NORMAL_057,862,891,0.17604895,False
DEV_NORMAL_057,863,892,0.18251494,False
DEV_NORMAL_057,864,893,0.21027853,False
DEV_NORMAL_057,865,894,0.20613413,False
DEV_NORMAL_057,866,895,0.20511083,False
DEV_NORMAL_057,867,896,0.2046809,False
DEV_NORMAL_057,868,897,0.20062093,False
DEV_NORMAL_057,869,898,0.2205486,False
DEV_NORMAL_057,870,899,0.22123398,False
DEV_NORMAL_057,871,900,0.22468582,False
DEV_NORMAL_057,872,901,0.2346001,False
DEV_NORMAL_057,873,902,0.23041388,False
DEV_NORMAL_057,874,903,0.2295507,False
DEV_NORMAL_057,875,904,0.23063298,False
DEV_NORMAL_057,876,905,0.23025636,False
DEV_NORMAL_057,877,906,0.2384723,False
DEV_NORMAL_057,878,907,0.2405138,False
DEV_NORMAL_057,879,908,0.25371033,False
DEV_NORMAL_057,880,909,0.24822004,False
DEV_NORMAL_057,881,910,0.24063295,False
DEV_NORMAL_057,882,911,0.25099286,False
DEV_NORMAL_057,883,912,0.23815575,False
DEV_NORMAL_057,884,913,0.24619767,False
DEV_NORMAL_057,885,914,0.24306446,False
DEV_NORMAL_057,886,915,0.25656462,False
DEV_NORMAL_057,887,916,0.28550288,False
DEV_NORMAL_057,888,917,0.28909436,False
DEV_NORMAL_057,889,918,0.289452,False
DEV_NORMAL_057,890,919,0.26712376,False
DEV_NORMAL_057,891,920,0.26123968,False
DEV_NORMAL_057,892,921,0.25539592,False
DEV_NORMAL_057,893,922,0.23715684,False
DEV_NORMAL_057,894,923,0.24268621,False
DEV_NORMAL_057,895,924,0.24573128,False
DEV_NORMAL_057,896,925,0.2755782,False
DEV_NORMAL_057,897,926,0.30351606,True
DEV_NORMAL_057,898,927,0.28091627,False
DEV_NORMAL_057,899,928,0.29022658,False
DEV_NORMAL_057,900,929,0.24884748,False
DEV_NORMAL_057,901,930,0.25739673,False
DEV_NORMAL_057,902,931,0.2720785,False
DEV_NORMAL_057,903,932,0.28296342,False
DEV_NORMAL_057,904,933,0.28518486,False
DEV_NORMAL_057,905,934,0.28065947,False
DEV_NORMAL_057,906,935,0.285967,False
DEV_NORMAL_057,907,936,0.27222487,False
DEV_NORMAL_057,908,937,0.2677371,False
DEV_NORMAL_057,909,938,0.2568266,False
DEV_NORMAL_057,910,939,0.2551551,False
DEV_NORMAL_057,911,940,0.27067095,False
DEV_NORMAL_057,912,941,0.27379844,False
DEV_NORMAL_057,913,942,0.2785678,False
DEV_NORMAL_057,914,943,0.2736184,False
DEV_NORMAL_057,915,944,0.28701502,False
DEV_NORMAL_057,916,945,0.26209214,False
DEV_NORMAL_057,917,946,0.27005664,False
DEV_NORMAL_057,918,947,0.25416625,False
DEV_NORMAL_057,919,948,0.24460529,False
DEV_NORMAL_057,920,949,0.25120217,False
DEV_NORMAL_057,921,950,0.25712985,False
DEV_NORMAL_057,922,951,0.25588292,False
DEV_NORMAL_057,923,952,0.23842843,False
DEV_NORMAL_057,924,953,0.23457295,False
DEV_NORMAL_057,925,954,0.23234266,False
DEV_NORMAL_057,926,955,0.21332166,False
DEV_NORMAL_057,927,956,0.22054338,False
DEV_NORMAL_057,928,957,0.22268623,False
DEV_NORMAL_057,929,958,0.22166961,False
DEV_NORMAL_057,930,959,0.21972011,False
DEV_NORMAL_060,0,29,0.27756277,False
DEV_NORMAL_060,1,30,0.2778749,False
DEV_NORMAL_060,2,31,0.25719482,False
DEV_NORMAL_060,3,32,0.25605932,False
DEV_NORMAL_060,4,33,0.27070317,False
DEV_NORMAL_060,5,34,0.26593617,False
DEV_NORMAL_060,6,35,0.25242716,False
DEV_NORMAL_060,7,36,0.24229757,False
DEV_NORMAL_060,8,37,0.23055863,False
DEV_NORMAL_060,9,38,0.2317497,False
DEV_NORMAL_060,10,39,0.19985871,False
DEV_NORMAL_060,11,40,0.21594992,False
DEV_NORMAL_060,12,41,0.21294512,False
DEV_NORMAL_060,13,42,0.2175023,False
DEV_NORMAL_060,14,43,0.21578792,False
DEV_NORMAL_060,15,44,0.20794694,False
DEV_NORMAL_060,16,45,0.21653056,False
DEV_NORMAL_060,17,46,0.22214676,False
DEV_NORMAL_060,18,47,0.2089086,False
DEV_NORMAL_060,19,48,0.22181883,False
DEV_NORMAL_060,20,49,0.20359352,False
DEV_NORMAL_060,21,50,0.19479479,False
DEV_NORMAL_060,22,51,0.20069551,False
DEV_NORMAL_060,23,52,0.21855307,False
DEV_NORMAL_060,24,53,0.18248853,False
DEV_NORMAL_060,25,54,0.19191329,False
DEV_NORMAL_060,26,55,0.20128323,False
DEV_NORMAL_060,27,56,0.18797833,False
DEV_NORMAL_060,28,57,0.19015199,False
DEV_NORMAL_060,29,58,0.18689674,False
DEV_NORMAL_060,30,59,0.18440975,False
DEV_NORMAL_060,31,60,0.19710217,False
DEV_NORMAL_060,32,61,0.21627392,False
DEV_NORMAL_060,33,62,0.21100555,False
DEV_NORMAL_060,34,63,0.20307443,False
DEV_NORMAL_060,35,64,0.18025598,False
DEV_NORMAL_060,36,65,0.17566866,False
DEV_NORMAL_060,37,66,0.17806678,False
DEV_NORMAL_060,38,67,0.18148571,False
DEV_NORMAL_060,39,68,0.17365758,False
DEV_NORMAL_060,40,69,0.17590584,False
DEV_NORMAL_060,41,70,0.18062054,False
DEV_NORMAL_060,42,71,0.17740923,False
DEV_NORMAL_060,43,72,0.17363481,False
DEV_NORMAL_060,44,73,0.16422008,False
DEV_NORMAL_060,45,74,0.1704536,False
DEV_NORMAL_060,46,75,0.16515313,False
DEV_NORMAL_060,47,76,0.17209464,False
DEV_NORMAL_060,48,77,0.16940787,False
DEV_NORMAL_060,49,78,0.17585795,False
DEV_NORMAL_060,50,79,0.1791675,False
DEV_NORMAL_060,51,80,0.19791983,False
DEV_NORMAL_060,52,81,0.2065744,False
DEV_NORMAL_060,53,82,0.20361319,False
DEV_NORMAL_060,54,83,0.22805664,False
DEV_NORMAL_060,55,84,0.22383627,False
DEV_NORMAL_060,56,85,0.22489281,False
DEV_NORMAL_060,57,86,0.2257142,False
DEV_NORMAL_060,58,87,0.21889466,False
DEV_NORMAL_060,59,88,0.21796137,False
DEV_NORMAL_060,60,89,0.21866259,False
DEV_NORMAL_060,61,90,0.22442795,False
DEV_NORMAL_060,62,91,0.22008711,False
DEV_NORMAL_060,63,92,0.2257773,False
DEV_NORMAL_060,64,93,0.2346891,False
DEV_NORMAL_060,65,94,0.2329186,False
DEV_NORMAL_060,66,95,0.23746327,False
DEV_NORMAL_060,67,96,0.2447196,False
DEV_NORMAL_060,68,97,0.23922367,False
DEV_NORMAL_060,69,98,0.22996917,False
DEV_NORMAL_060,70,99,0.23304938,False
DEV_NORMAL_060,71,100,0.24552424,False
DEV_NORMAL_060,72,101,0.25372308,False
DEV_NORMAL_060,73,102,0.24817438,False
DEV_NORMAL_060,74,103,0.25129795,False
DEV_NORMAL_060,75,104,0.2526075,False
DEV_NORMAL_060,76,105,0.24447505,False
DEV_NORMAL_060,77,106,0.22302882,False
DEV_NORMAL_060,78,107,0.22853526,False
DEV_NORMAL_060,79,108,0.22848266,False
DEV_NORMAL_060,80,109,0.21651097,False
DEV_NORMAL_060,81,110,0.22111788,False
DEV_NORMAL_060,82,111,0.2190856,False
DEV_NORMAL_060,83,112,0.21094339,False
DEV_NORMAL_060,84,113,0.2051944,False
DEV_NORMAL_060,85,114,0.21448149,False
DEV_NORMAL_060,86,115,0.22731079,False
DEV_NORMAL_060,87,116,0.26229677,False
DEV_NORMAL_060,88,117,0.24581298,False
DEV_NORMAL_060,89,118,0.23572762,False
DEV_NORMAL_060,90,119,0.21810871,False
DEV_NORMAL_060,91,120,0.21948938,False
DEV_NORMAL_060,92,121,0.22283854,False
DEV_NORMAL_060,93,122,0.22432667,False
DEV_NORMAL_060,94,123,0.19480585,False
DEV_NORMAL_060,95,124,0.20493269,False
DEV_NORMAL_060,96,125,0.20583503,False
DEV_NORMAL_060,97,126,0.20408392,False
DEV_NORMAL_060,98,127,0.20695846,False
DEV_NORMAL_060,99,128,0.19600026,False
DEV_NORMAL_060,100,129,0.18939604,False
DEV_NORMAL_060,101,130,0.19486469,False
DEV_NORMAL_060,102,131,0.19836766,False
DEV_NORMAL_060,103,132,0.21193507,False
DEV_NORMAL_060,104,133,0.21071464,False
DEV_NORMAL_060,105,134,0.21900648,False
DEV_NORMAL_060,106,135,0.21673836,False
DEV_NORMAL_060,107,136,0.22009386,False
DEV_NORMAL_060,108,137,0.23053786,False
DEV_NORMAL_060,109,138,0.22467543,False
DEV_NORMAL_060,110,139,0.22364777,False
DEV_NORMAL_060,111,140,0.20562334,False
DEV_NORMAL_060,112,141,0.19991674,False
DEV_NORMAL_060,113,142,0.20301788,False
DEV_NORMAL_060,114,143,0.20754026,False
DEV_NORMAL_060,115,144,0.18562979,False
DEV_NORMAL_060,116,145,0.17199787,False
DEV_NORMAL_060,117,146,0.18581468,False
DEV_NORMAL_060,118,147,0.18597737,False
DEV_NORMAL_060,119,148,0.19194065,False
DEV_NORMAL_060,120,149,0.20249708,False
DEV_NORMAL_060,121,150,0.19961357,False
DEV_NORMAL_060,122,151,0.21516201,False
DEV_NORMAL_060,123,152,0.22189884,False
DEV_NORMAL_060,124,153,0.21992874,False
DEV_NORMAL_060,125,154,0.22180198,False
DEV_NORMAL_060,126,155,0.22033861,False
DEV_NORMAL_060,127,156,0.21786737,False
DEV_NORMAL_060,128,157,0.22190301,False
DEV_NORMAL_060,129,158,0.22829641,False
DEV_NORMAL_060,130,159,0.22770359,False
DEV_NORMAL_060,131,160,0.23612566,False
DEV_NORMAL_060,132,161,0.24533132,False
DEV_NORMAL_060,133,162,0.23705119,False
DEV_NORMAL_060,134,163,0.21931757,False
DEV_NORMAL_060,135,164,0.23297027,False
DEV_NORMAL_060,136,165,0.23339058,False
DEV_NORMAL_060,137,166,0.22929658,False
DEV_NORMAL_060,138,167,0.22920693,False
DEV_NORMAL_060,139,168,0.22868983,False
DEV_NORMAL_060,140,169,0.23444638,False
DEV_NORMAL_060,141,170,0.26060498,False
DEV_NORMAL_060,142,171,0.2500572,False
DEV_NORMAL_060,143,172,0.24780983,False
DEV_NORMAL_060,144,173,0.25115404,False
DEV_NORMAL_060,145,174,0.24101795,False
DEV_NORMAL_060,146,175,0.22757079,False
DEV_NORMAL_060,147,176,0.22375205,False
DEV_NORMAL_060,148,177,0.21573125,False
DEV_NORMAL_060,149,178,0.20785074,False
DEV_NORMAL_060,150,179,0.20171222,False
DEV_NORMAL_060,151,180,0.22021462,False
DEV_NORMAL_060,152,181,0.2260016,False
DEV_NORMAL_060,153,182,0.2160348,False
DEV_NORMAL_060,154,183,0.23238856,False
DEV_NORMAL_060,155,184,0.24016634,False
DEV_NORMAL_060,156,185,0.23860447,False
DEV_NORMAL_060,157,186,0.24185228,False
DEV_NORMAL_060,158,187,0.22951014,False
DEV_NORMAL_060,159,188,0.22379796,False
DEV_NORMAL_060,160,189,0.21911468,False
DEV_NORMAL_060,161,190,0.20856835,False
DEV_NORMAL_060,162,191,0.20811842,False
DEV_NORMAL_060,163,192,0.19780901,False
DEV_NORMAL_060,164,193,0.19483493,False
DEV_NORMAL_060,165,194,0.18973342,False
DEV_NORMAL_060,166,195,0.18444942,False
DEV_NORMAL_060,167,196,0.19575018,False
DEV_NORMAL_060,168,197,0.19538823,False
DEV_NORMAL_060,169,198,0.19202855,False
DEV_NORMAL_060,170,199,0.17823766,False
DEV_NORMAL_060,171,200,0.17067736,False
DEV_NORMAL_060,172,201,0.17846851,False
DEV_NORMAL_060,173,202,0.2048888,False
DEV_NORMAL_060,174,203,0.21722575,False
DEV_NORMAL_060,175,204,0.19776644,False
DEV_NORMAL_060,176,205,0.19670425,False
DEV_NORMAL_060,177,206,0.21008253,False
DEV_NORMAL_060,178,207,0.20661783,False
DEV_NORMAL_060,179,208,0.18820204,False
DEV_NORMAL_060,180,209,0.19662362,False
DEV_NORMAL_060,181,210,0.1820599,False
DEV_NORMAL_060,182,211,0.18695067,False
DEV_NORMAL_060,183,212,0.18639645,False
DEV_NORMAL_060,184,213,0.18648429,False
DEV_NORMAL_060,185,214,0.20012283,False
DEV_NORMAL_060,186,215,0.20089291,False
DEV_NORMAL_060,187,216,0.2121093,False
DEV_NORMAL_060,188,217,0.21595171,False
DEV_NORMAL_060,189,218,0.20642255,False
DEV_NORMAL_060,190,219,0.21045732,False
DEV_NORMAL_060,191,220,0.21399756,False
DEV_NORMAL_060,192,221,0.19588687,False
DEV_NORMAL_060,193,222,0.2062143,False
DEV_NORMAL_060,194,223,0.18753392,False
DEV_NORMAL_060,195,224,0.19026095,False
DEV_NORMAL_060,196,225,0.19891106,False
DEV_NORMAL_060,197,226,0.2133738,False
DEV_NORMAL_060,198,227,0.20308992,False
DEV_NORMAL_060,199,228,0.20015542,False
DEV_NORMAL_060,200,229,0.18621849,False
DEV_NORMAL_060,201,230,0.19960143,False
DEV_NORMAL_060,202,231,0.18990768,False
DEV_NORMAL_060,203,232,0.17964274,False
DEV_NORMAL_060,204,233,0.1676397,False
DEV_NORMAL_060,205,234,0.16859613,False
DEV_NORMAL_060,206,235,0.17534024,False
DEV_NORMAL_060,207,236,0.22111727,False
DEV_NORMAL_060,208,237,0.22191791,False
DEV_NORMAL_060,209,238,0.19985552,False
DEV_NORMAL_060,210,239,0.17679755,False
DEV_NORMAL_060,211,240,0.19361235,False
DEV_NORMAL_060,212,241,0.20243597,False
DEV_NORMAL_060,213,242,0.18447478,False
DEV_NORMAL_060,214,243,0.15372099,False
DEV_NORMAL_060,215,244,0.17711182,False
DEV_NORMAL_060,216,245,0.19010164,False
DEV_NORMAL_060,217,246,0.1978376,False
DEV_NORMAL_060,218,247,0.18756968,False
DEV_NORMAL_060,219,248,0.18107863,False
DEV_NORMAL_060,220,249,0.17718934,False
DEV_NORMAL_060,221,250,0.19577704,False
DEV_NORMAL_060,222,251,0.20008406,False
DEV_NORMAL_060,223,252,0.18154685,False
DEV_NORMAL_060,224,253,0.18519455,False
DEV_NORMAL_060,225,254,0.17911945,False
DEV_NORMAL_060,226,255,0.17565876,False
DEV_NORMAL_060,227,256,0.18926588,False
DEV_NORMAL_060,228,257,0.19565001,False
DEV_NORMAL_060,229,258,0.18697882,False
DEV_NORMAL_060,230,259,0.18526506,False
DEV_NORMAL_060,231,260,0.18959706,False
DEV_NORMAL_060,232,261,0.1838101,False
DEV_NORMAL_060,233,262,0.18961589,False
DEV_NORMAL_060,234,263,0.18003672,False
DEV_NORMAL_060,235,264,0.17748387,False
DEV_NORMAL_060,236,265,0.17798668,False
DEV_NORMAL_060,237,266,0.17147702,False
DEV_NORMAL_060,238,267,0.16820668,False
DEV_NORMAL_060,239,268,0.17451997,False
DEV_NORMAL_060,240,269,0.19261923,False
DEV_NORMAL_060,241,270,0.19350033,False
DEV_NORMAL_060,242,271,0.20118491,False
DEV_NORMAL_060,243,272,0.19816296,False
DEV_NORMAL_060,244,273,0.19157314,False
DEV_NORMAL_060,245,274,0.17760961,False
DEV_NORMAL_060,246,275,0.1782895,False
DEV_NORMAL_060,247,276,0.17732686,False
DEV_NORMAL_060,248,277,0.18356353,False
DEV_NORMAL_060,249,278,0.17501539,False
DEV_NORMAL_060,250,279,0.18080702,False
DEV_NORMAL_060,251,280,0.18500604,False
DEV_NORMAL_060,252,281,0.18360929,False
DEV_NORMAL_060,253,282,0.18277366,False
DEV_NORMAL_060,254,283,0.18704428,False
DEV_NORMAL_060,255,284,0.20143786,False
DEV_NORMAL_060,256,285,0.20030515,False
DEV_NORMAL_060,257,286,0.19403188,False
DEV_NORMAL_060,258,287,0.2010159,False
DEV_NORMAL_060,259,288,0.20348969,False
DEV_NORMAL_060,260,289,0.19601533,False
DEV_NORMAL_060,261,290,0.19417952,False
DEV_NORMAL_060,262,291,0.2015329,False
DEV_NORMAL_060,263,292,0.19609615,False
DEV_NORMAL_060,264,293,0.20108709,False
DEV_NORMAL_060,265,294,0.17437465,False
DEV_NORMAL_060,266,295,0.2166261,False
DEV_NORMAL_060,267,296,0.21521811,False
DEV_NORMAL_060,268,297,0.20391612,False
DEV_NORMAL_060,269,298,0.20113213,False
DEV_NORMAL_060,270,299,0.2066582,False
DEV_NORMAL_060,271,300,0.21569306,False
DEV_NORMAL_060,272,301,0.2166607,False
DEV_NORMAL_060,273,302,0.24335188,False
DEV_NORMAL_060,274,303,0.23445854,False
DEV_NORMAL_060,275,304,0.23554188,False
DEV_NORMAL_060,276,305,0.24970394,False
DEV_NORMAL_060,277,306,0.23508622,False
DEV_NORMAL_060,278,307,0.24276933,False
DEV_NORMAL_060,279,308,0.2473437,False
DEV_NORMAL_060,280,309,0.27196914,False
DEV_NORMAL_060,281,310,0.29042587,False
DEV_NORMAL_060,282,311,0.28398842,False
DEV_NORMAL_060,283,312,0.30653757,True
DEV_NORMAL_060,284,313,0.28024492,False
DEV_NORMAL_060,285,314,0.27048048,False
DEV_NORMAL_060,286,315,0.27062246,False
DEV_NORMAL_060,287,316,0.28145352,False
DEV_NORMAL_060,288,317,0.27809492,False
DEV_NORMAL_060,289,318,0.28986353,False
DEV_NORMAL_060,290,319,0.30398238,True
DEV_NORMAL_060,291,320,0.3069844,True
DEV_NORMAL_060,292,321,0.2951009,True
DEV_NORMAL_060,293,322,0.30256894,True
DEV_NORMAL_060,294,323,0.31628212,True
DEV_NORMAL_060,295,324,0.28952667,False
DEV_NORMAL_060,296,325,0.28760844,False
DEV_NORMAL_060,297,326,0.28552923,False
DEV_NORMAL_060,298,327,0.28721726,False
DEV_NORMAL_060,299,328,0.28575727,False
DEV_NORMAL_060,300,329,0.2916103,True
DEV_NORMAL_060,301,330,0.29947275,True
DEV_NORMAL_060,302,331,0.28726012,False
DEV_NORMAL_060,303,332,0.28655165,False
DEV_NORMAL_060,304,333,0.28952712,False
DEV_NORMAL_060,305,334,0.28984648,False
DEV_NORMAL_060,306,335,0.29165766,True
DEV_NORMAL_060,307,336,0.29142028,True
DEV_NORMAL_060,308,337,0.23933786,False
DEV_NORMAL_060,309,338,0.2681864,False
DEV_NORMAL_060,310,339,0.24583578,False
DEV_NORMAL_060,311,340,0.25130025,False
DEV_NORMAL_060,312,341,0.23271956,False
DEV_NORMAL_060,313,342,0.23610286,False
DEV_NORMAL_060,314,343,0.233032,False
DEV_NORMAL_060,315,344,0.24408475,False
DEV_NORMAL_060,316,345,0.23434539,False
DEV_NORMAL_060,317,346,0.24859725,False
DEV_NORMAL_060,318,347,0.2518678,False
DEV_NORMAL_060,319,348,0.23848517,False
DEV_NORMAL_060,320,349,0.23065867,False
DEV_NORMAL_060,321,350,0.23418085,False
DEV_NORMAL_060,322,351,0.23030654,False
DEV_NORMAL_060,323,352,0.22101441,False
DEV_NORMAL_060,324,353,0.20319408,False
DEV_NORMAL_060,325,354,0.20905657,False
DEV_NORMAL_060,326,355,0.19225992,False
DEV_NORMAL_060,327,356,0.20185931,False
DEV_NORMAL_060,328,357,0.19933946,False
DEV_NORMAL_060,329,358,0.19690964,False
DEV_NORMAL_060,330,359,0.18463905,False
DEV_NORMAL_060,331,360,0.19699125,False
DEV_NORMAL_060,332,361,0.21237081,False
DEV_NORMAL_060,333,362,0.2079079,False
DEV_NORMAL_060,334,363,0.1911472,False
DEV_NORMAL_060,335,364,0.21266617,False
DEV_NORMAL_060,336,365,0.2070519,False
DEV_NORMAL_060,337,366,0.20751639,False
DEV_NORMAL_060,338,367,0.20207986,False
DEV_NORMAL_060,339,368,0.2009661,False
DEV_NORMAL_060,340,369,0.19143423,False
DEV_NORMAL_060,341,370,0.18972343,False
DEV_NORMAL_060,342,371,0.19359796,False
DEV_NORMAL_060,343,372,0.19007345,False
DEV_NORMAL_060,344,373,0.19951114,False
DEV_NORMAL_060,345,374,0.19896466,False
DEV_NORMAL_060,346,375,0.21384045,False
DEV_NORMAL_060,347,376,0.19649833,False
DEV_NORMAL_060,348,377,0.20273508,False
DEV_NORMAL_060,349,378,0.19487508,False
DEV_NORMAL_060,350,379,0.20003316,False
DEV_NORMAL_060,351,380,0.24836843,False
DEV_NORMAL_060,352,381,0.24013084,False
DEV_NORMAL_060,353,382,0.23622084,False
DEV_NORMAL_060,354,383,0.22351074,False
DEV_NORMAL_060,355,384,0.21863286,False
DEV_NORMAL_060,356,385,0.20445941,False
DEV_NORMAL_060,357,386,0.19736885,False
DEV_NORMAL_060,358,387,0.2228614,False
DEV_NORMAL_060,359,388,0.2274893,False
DEV_NORMAL_060,360,389,0.2335623,False
DEV_NORMAL_060,361,390,0.2517826,False
DEV_NORMAL_060,362,391,0.25402844,False
DEV_NORMAL_060,363,392,0.24784574,False
DEV_NORMAL_060,364,393,0.2659984,False
DEV_NORMAL_060,365,394,0.26323745,False
DEV_NORMAL_060,366,395,0.2675031,False
DEV_NORMAL_060,367,396,0.2613544,False
DEV_NORMAL_060,368,397,0.24949309,False
DEV_NORMAL_060,369,398,0.25398067,False
DEV_NORMAL_060,370,399,0.26888943,False
DEV_NORMAL_060,371,400,0.25832766,False
DEV_NORMAL_060,372,401,0.26955777,False
DEV_NORMAL_060,373,402,0.26171362,False
DEV_NORMAL_060,374,403,0.23839447,False
DEV_NORMAL_060,375,404,0.23520343,False
DEV_NORMAL_060,376,405,0.25874335,False
DEV_NORMAL_060,377,406,0.23858662,False
DEV_NORMAL_060,378,407,0.26218498,False
DEV_NORMAL_060,379,408,0.2746395,False
DEV_NORMAL_060,380,409,0.26320514,False
DEV_NORMAL_060,381,410,0.2636938,False
DEV_NORMAL_060,382,411,0.2652941,False
DEV_NORMAL_060,383,412,0.27488947,False
DEV_NORMAL_060,384,413,0.27385685,False
DEV_NORMAL_060,385,414,0.2827617,False
DEV_NORMAL_060,386,415,0.2777896,False
DEV_NORMAL_060,387,416,0.27077547,False
DEV_NORMAL_060,388,417,0.2630259,False
DEV_NORMAL_060,389,418,0.25792986,False
DEV_NORMAL_060,390,419,0.25655454,False
DEV_NORMAL_060,391,420,0.24220432,False
DEV_NORMAL_060,392,421,0.2332392,False
DEV_NORMAL_060,393,422,0.20552124,False
DEV_NORMAL_060,394,423,0.20231658,False
DEV_NORMAL_060,395,424,0.21064189,False
DEV_NORMAL_060,396,425,0.2099727,False
DEV_NORMAL_060,397,426,0.20897245,False
DEV_NORMAL_060,398,427,0.21422964,False
DEV_NORMAL_060,399,428,0.21192005,False
DEV_NORMAL_060,400,429,0.20634387,False
DEV_NORMAL_060,401,430,0.2142932,False
DEV_NORMAL_060,402,431,0.20027332,False
DEV_NORMAL_060,403,432,0.20188946,False
DEV_NORMAL_060,404,433,0.19799924,False
DEV_NORMAL_060,405,434,0.19682865,False
DEV_NORMAL_060,406,435,0.20293245,False
DEV_NORMAL_060,407,436,0.203302,False
DEV_NORMAL_060,408,437,0.19817439,False
DEV_NORMAL_060,409,438,0.19778948,False
DEV_NORMAL_060,410,439,0.20662323,False
DEV_NORMAL_060,411,440,0.19013406,False
DEV_NORMAL_060,412,441,0.20708959,False
DEV_NORMAL_060,413,442,0.23132366,False
DEV_NORMAL_060,414,443,0.22882722,False
DEV_NORMAL_060,415,444,0.22765352,False
DEV_NORMAL_060,416,445,0.22456047,False
DEV_NORMAL_060,417,446,0.22538315,False
DEV_NORMAL_060,418,447,0.22002171,False
DEV_NORMAL_060,419,448,0.21892552,False
DEV_NORMAL_060,420,449,0.22531256,False
DEV_NORMAL_060,421,450,0.22427954,False
DEV_NORMAL_060,422,451,0.22856441,False
DEV_NORMAL_060,423,452,0.23030056,False
DEV_NORMAL_060,424,453,0.23619081,False
DEV_NORMAL_060,425,454,0.23651704,False
DEV_NORMAL_060,426,455,0.24014737,False
DEV_NORMAL_060,427,456,0.24550338,False
DEV_NORMAL_060,428,457,0.23389825,False
DEV_NORMAL_060,429,458,0.22548756,False
DEV_NORMAL_060,430,459,0.22382502,False
DEV_NORMAL_060,431,460,0.22063425,False
DEV_NORMAL_060,432,461,0.22211365,False
DEV_NORMAL_060,433,462,0.22497934,False
DEV_NORMAL_060,434,463,0.23515502,False
DEV_NORMAL_060,435,464,0.240164,False
DEV_NORMAL_060,436,465,0.23019378,False
DEV_NORMAL_060,437,466,0.22142722,False
DEV_NORMAL_060,438,467,0.22870344,False
DEV_NORMAL_060,439,468,0.21513009,False
DEV_NORMAL_060,440,469,0.21030158,False
DEV_NORMAL_060,441,470,0.19904487,False
DEV_NORMAL_060,442,471,0.17976235,False
DEV_NORMAL_060,443,472,0.19354814,False
DEV_NORMAL_060,444,473,0.19456817,False
DEV_NORMAL_060,445,474,0.18491021,False
DEV_NORMAL_060,446,475,0.17027792,False
DEV_NORMAL_060,447,476,0.17548527,False
DEV_NORMAL_060,448,477,0.16821359,False
DEV_NORMAL_060,449,478,0.17970209,False
DEV_NORMAL_060,450,479,0.1957278,False
DEV_NORMAL_060,451,480,0.20280434,False
DEV_NORMAL_060,452,481,0.17794132,False
DEV_NORMAL_060,453,482,0.19122553,False
DEV_NORMAL_060,454,483,0.20390211,False
DEV_NORMAL_060,455,484,0.20415609,False
DEV_NORMAL_060,456,485,0.20149721,False
DEV_NORMAL_060,457,486,0.20297155,False
DEV_NORMAL_060,458,487,0.20200731,False
DEV_NORMAL_060,459,488,0.2239547,False
DEV_NORMAL_060,460,489,0.21591143,False
DEV_NORMAL_060,461,490,0.2167265,False
DEV_NORMAL_060,462,491,0.21187022,False
DEV_NORMAL_060,463,492,0.20241714,False
DEV_NORMAL_060,464,493,0.19101124,False
DEV_NORMAL_060,465,494,0.20157856,False
DEV_NORMAL_060,466,495,0.22470365,False
DEV_NORMAL_060,467,496,0.22215663,False
DEV_NORMAL_060,468,497,0.23427407,False
DEV_NORMAL_060,469,498,0.23684794,False
DEV_NORMAL_060,470,499,0.25553071,False
DEV_NORMAL_060,471,500,0.2601728,False
DEV_NORMAL_060,472,501,0.25303426,False
DEV_NORMAL_060,473,502,0.24912663,False
DEV_NORMAL_060,474,503,0.24373105,False
DEV_NORMAL_060,475,504,0.2426535,False
DEV_NORMAL_060,476,505,0.26417986,False
DEV_NORMAL_060,477,506,0.26679695,False
DEV_NORMAL_060,478,507,0.26892117,False
DEV_NORMAL_060,479,508,0.2610984,False
DEV_NORMAL_060,480,509,0.2552552,False
DEV_NORMAL_060,481,510,0.26584047,False
DEV_NORMAL_060,482,511,0.2635534,False
DEV_NORMAL_060,483,512,0.2543579,False
DEV_NORMAL_060,484,513,0.23394102,False
DEV_NORMAL_060,485,514,0.2347621,False
DEV_NORMAL_060,486,515,0.23709302,False
DEV_NORMAL_060,487,516,0.23770681,False
DEV_NORMAL_060,488,517,0.23406686,False
DEV_NORMAL_060,489,518,0.24384008,False
DEV_NORMAL_060,490,519,0.23862115,False
DEV_NORMAL_060,491,520,0.23559865,False
DEV_NORMAL_060,492,521,0.24143194,False
DEV_NORMAL_060,493,522,0.23652115,False
DEV_NORMAL_060,494,523,0.2087937,False
DEV_NORMAL_060,495,524,0.22267802,False
DEV_NORMAL_060,496,525,0.24389046,False
DEV_NORMAL_060,497,526,0.23231603,False
DEV_NORMAL_060,498,527,0.23369782,False
DEV_NORMAL_060,499,528,0.21855606,False
DEV_NORMAL_060,500,529,0.23289278,False
DEV_NORMAL_060,501,530,0.25716045,False
DEV_NORMAL_060,502,531,0.2706589,False
DEV_NORMAL_060,503,532,0.28350565,False
DEV_NORMAL_060,504,533,0.29336485,True
DEV_NORMAL_060,505,534,0.26682332,False
DEV_NORMAL_060,506,535,0.2646468,False
DEV_NORMAL_060,507,536,0.25218642,False
DEV_NORMAL_060,508,537,0.24873893,False
DEV_NORMAL_060,509,538,0.24685931,False
DEV_NORMAL_060,510,539,0.25410983,False
DEV_NORMAL_060,511,540,0.24418668,False
DEV_NORMAL_060,512,541,0.25484827,False
DEV_NORMAL_060,513,542,0.25926635,False
DEV_NORMAL_060,514,543,0.2587096,False
DEV_NORMAL_060,515,544,0.26134646,False
DEV_NORMAL_060,516,545,0.25444046,False
DEV_NORMAL_060,517,546,0.2485086,False
DEV_NORMAL_060,518,547,0.24208178,False
DEV_NORMAL_060,519,548,0.2526825,False
DEV_NORMAL_060,520,549,0.25596672,False
DEV_NORMAL_060,521,550,0.24911295,False
DEV_NORMAL_060,522,551,0.2499259,False
DEV_NORMAL_060,523,552,0.25604165,False
DEV_NORMAL_060,524,553,0.2484013,False
DEV_NORMAL_060,525,554,0.241095,False
DEV_NORMAL_060,526,555,0.21658698,False
DEV_NORMAL_060,527,556,0.20001297,False
DEV_NORMAL_060,528,557,0.19856739,False
DEV_NORMAL_060,529,558,0.1950388,False
DEV_NORMAL_060,530,559,0.16649829,False
DEV_NORMAL_060,531,560,0.16929688,False
DEV_NORMAL_060,532,561,0.16855778,False
DEV_NORMAL_060,533,562,0.17126949,False
DEV_NORMAL_060,534,563,0.18916532,False
DEV_NORMAL_060,535,564,0.19553207,False
DEV_NORMAL_060,536,565,0.18582872,False
DEV_NORMAL_060,537,566,0.18541023,False
DEV_NORMAL_060,538,567,0.18683729,False
DEV_NORMAL_060,539,568,0.21550414,False
DEV_NORMAL_060,540,569,0.22794949,False
DEV_NORMAL_060,541,570,0.22661011,False
DEV_NORMAL_060,542,571,0.21284549,False
DEV_NORMAL_060,543,572,0.21800895,False
DEV_NORMAL_060,544,573,0.24817887,False
DEV_NORMAL_060,545,574,0.26001093,False
DEV_NORMAL_060,546,575,0.2514573,False
DEV_NORMAL_060,547,576,0.28462678,False
DEV_NORMAL_060,548,577,0.27214375,False
DEV_NORMAL_060,549,578,0.2518767,False
DEV_NORMAL_060,550,579,0.24586342,False
DEV_NORMAL_060,551,580,0.24386097,False
DEV_NORMAL_060,552,581,0.23989075,False
DEV_NORMAL_060,553,582,0.23321924,False
DEV_NORMAL_060,554,583,0.24839476,False
DEV_NORMAL_060,555,584,0.26999202,False
DEV_NORMAL_060,556,585,0.28013337,False
DEV_NORMAL_060,557,586,0.28225824,False
DEV_NORMAL_060,558,587,0.28190553,False
DEV_NORMAL_060,559,588,0.28897467,False
DEV_NORMAL_060,560,589,0.2848796,False
DEV_NORMAL_060,561,590,0.29898733,True
DEV_NORMAL_060,562,591,0.26084673,False
DEV_NORMAL_060,563,592,0.2707137,False
DEV_NORMAL_060,564,593,0.27110654,False
DEV_NORMAL_060,565,594,0.25415727,False
DEV_NORMAL_060,566,595,0.27904198,False
DEV_NORMAL_060,567,596,0.2679741,False
DEV_NORMAL_060,568,597,0.25098854,False
DEV_NORMAL_060,569,598,0.2175876,False
DEV_NORMAL_060,570,599,0.22883075,False
DEV_NORMAL_060,571,600,0.21379384,False
DEV_NORMAL_060,572,601,0.2211764,False
DEV_NORMAL_060,573,602,0.1946468,False
DEV_NORMAL_060,574,603,0.19735701,False
DEV_NORMAL_060,575,604,0.19307028,False
DEV_NORMAL_060,576,605,0.20438407,False
DEV_NORMAL_060,577,606,0.20186238,False
DEV_NORMAL_060,578,607,0.20053628,False
DEV_NORMAL_060,579,608,0.20126788,False
DEV_NORMAL_060,580,609,0.19630654,False
DEV_NORMAL_060,581,610,0.21542077,False
DEV_NORMAL_060,582,611,0.19936056,False
DEV_NORMAL_060,583,612,0.19547123,False
DEV_NORMAL_060,584,613,0.19340618,False
DEV_NORMAL_060,585,614,0.19391601,False
DEV_NORMAL_060,586,615,0.19654903,False
DEV_NORMAL_060,587,616,0.20574902,False
DEV_NORMAL_060,588,617,0.18368544,False
DEV_NORMAL_060,589,618,0.19669,False
DEV_NORMAL_060,590,619,0.19657828,False
DEV_NORMAL_060,591,620,0.18935913,False
DEV_NORMAL_060,592,621,0.18741782,False
DEV_NORMAL_060,593,622,0.18351701,False
DEV_NORMAL_060,594,623,0.18181616,False
DEV_NORMAL_060,595,624,0.18913142,False
DEV_NORMAL_060,596,625,0.19368485,False
DEV_NORMAL_060,597,626,0.19357412,False
DEV_NORMAL_060,598,627,0.1880961,False
DEV_NORMAL_060,599,628,0.18113111,False
DEV_NORMAL_060,600,629,0.20249552,False
DEV_NORMAL_060,601,630,0.20029745,False
DEV_NORMAL_060,602,631,0.17298473,False
DEV_NORMAL_060,603,632,0.17929663,False
DEV_NORMAL_060,604,633,0.18459068,False
DEV_NORMAL_060,605,634,0.18839021,False
DEV_NORMAL_060,606,635,0.1867357,False
DEV_NORMAL_060,607,636,0.19118719,False
DEV_NORMAL_060,608,637,0.19327383,False
DEV_NORMAL_060,609,638,0.19308312,False
DEV_NORMAL_060,610,639,0.18425709,False
DEV_NORMAL_060,611,640,0.18182841,False
DEV_NORMAL_060,612,641,0.18786387,False
DEV_NORMAL_060,613,642,0.19114368,False
DEV_NORMAL_060,614,643,0.20524289,False
DEV_NORMAL_060,615,644,0.19557877,False
DEV_NORMAL_060,616,645,0.18299174,False
DEV_NORMAL_060,617,646,0.19451307,False
DEV_NORMAL_060,618,647,0.21206066,False
DEV_NORMAL_060,619,648,0.20158473,False
DEV_NORMAL_060,620,649,0.19582531,False
DEV_NORMAL_060,621,650,0.19150184,False
DEV_NORMAL_060,622,651,0.22175309,False
DEV_NORMAL_060,623,652,0.23851351,False
DEV_NORMAL_060,624,653,0.22752431,False
DEV_NORMAL_060,625,654,0.2285787,False
DEV_NORMAL_060,626,655,0.23391901,False
DEV_NORMAL_060,627,656,0.23744395,False
DEV_NORMAL_060,628,657,0.23405942,False
DEV_NORMAL_060,629,658,0.23002954,False
DEV_NORMAL_060,630,659,0.23319124,False
DEV_NORMAL_060,631,660,0.21266715,False
DEV_NORMAL_060,632,661,0.22713311,False
DEV_NORMAL_060,633,662,0.22492282,False
DEV_NORMAL_060,634,663,0.2270085,False
DEV_NORMAL_060,635,664,0.23220186,False
DEV_NORMAL_060,636,665,0.23754229,False
DEV_NORMAL_060,637,666,0.24473831,False
DEV_NORMAL_060,638,667,0.22296232,False
DEV_NORMAL_060,639,668,0.22964565,False
DEV_NORMAL_060,640,669,0.23355885,False
DEV_NORMAL_060,641,670,0.22824024,False
DEV_NORMAL_060,642,671,0.23242559,False
DEV_NORMAL_060,643,672,0.23680967,False
DEV_NORMAL_060,644,673,0.23168775,False
DEV_NORMAL_060,645,674,0.23373625,False
DEV_NORMAL_060,646,675,0.2536444,False
DEV_NORMAL_060,647,676,0.25130835,False
DEV_NORMAL_060,648,677,0.26242763,False
DEV_NORMAL_060,649,678,0.2674117,False
DEV_NORMAL_060,650,679,0.28765622,False
DEV_NORMAL_060,651,680,0.2714877,False
DEV_NORMAL_060,652,681,0.29197738,True
DEV_NORMAL_060,653,682,0.31448296,True
DEV_NORMAL_060,654,683,0.3170543,True
DEV_NORMAL_060,655,684,0.32190257,True
DEV_NORMAL_060,656,685,0.32812202,True
DEV_NORMAL_060,657,686,0.3127934,True
DEV_NORMAL_060,658,687,0.3090363,True
DEV_NORMAL_060,659,688,0.31834394,True
DEV_NORMAL_060,660,689,0.31651962,True
DEV_NORMAL_060,661,690,0.33241355,True
DEV_NORMAL_060,662,691,0.32469594,True
DEV_NORMAL_060,663,692,0.32308906,True
DEV_NORMAL_060,664,693,0.32880196,True
DEV_NORMAL_060,665,694,0.33230865,True
DEV_NORMAL_060,666,695,0.3341901,True
DEV_NORMAL_060,667,696,0.3471299,True
DEV_NORMAL_060,668,697,0.36181805,True
DEV_NORMAL_060,669,698,0.35954398,True
DEV_NORMAL_060,670,699,0.38643715,True
DEV_NORMAL_060,671,700,0.36811587,True
DEV_NORMAL_060,672,701,0.37986615,True
DEV_NORMAL_060,673,702,0.380185,True
DEV_NORMAL_060,674,703,0.38701472,True
DEV_NORMAL_060,675,704,0.35323334,True
DEV_NORMAL_060,676,705,0.3432745,True
DEV_NORMAL_060,677,706,0.34553775,True
DEV_NORMAL_060,678,707,0.36662775,True
DEV_NORMAL_060,679,708,0.36764178,True
DEV_NORMAL_060,680,709,0.35217178,True
DEV_NORMAL_060,681,710,0.2979686,True
DEV_NORMAL_060,682,711,0.28214794,False
DEV_NORMAL_060,683,712,0.27459773,False
DEV_NORMAL_060,684,713,0.28350908,False
DEV_NORMAL_060,685,714,0.2799595,False
DEV_NORMAL_060,686,715,0.28116572,False
DEV_NORMAL_060,687,716,0.28114852,False
DEV_NORMAL_060,688,717,0.2829593,False
DEV_NORMAL_060,689,718,0.26744825,False
DEV_NORMAL_060,690,719,0.25931594,False
DEV_NORMAL_060,691,720,0.25661406,False
DEV_NORMAL_060,692,721,0.25200403,False
DEV_NORMAL_060,693,722,0.24598429,False
DEV_NORMAL_060,694,723,0.24335107,False
DEV_NORMAL_060,695,724,0.22757588,False
DEV_NORMAL_060,696,725,0.2289774,False
DEV_NORMAL_060,697,726,0.20864028,False
DEV_NORMAL_060,698,727,0.21414785,False
DEV_NORMAL_060,699,728,0.1893108,False
DEV_NORMAL_060,700,729,0.18740317,False
DEV_NORMAL_060,701,730,0.19634198,False
DEV_NORMAL_060,702,731,0.19990082,False
DEV_NORMAL_060,703,732,0.19028595,False
DEV_NORMAL_060,704,733,0.1920708,False
DEV_NORMAL_060,705,734,0.1853355,False
DEV_NORMAL_060,706,735,0.18134122,False
DEV_NORMAL_060,707,736,0.18857329,False
DEV_NORMAL_060,708,737,0.1898727,False
DEV_NORMAL_060,709,738,0.1863646,False
DEV_NORMAL_060,710,739,0.19417962,False
DEV_NORMAL_060,711,740,0.19511041,False
DEV_NORMAL_060,712,741,0.19970785,False
DEV_NORMAL_060,713,742,0.18882309,False
DEV_NORMAL_060,714,743,0.20330693,False
DEV_NORMAL_060,715,744,0.20971324,False
DEV_NORMAL_060,716,745,0.21593411,False
DEV_NORMAL_060,717,746,0.21894255,False
DEV_NORMAL_060,718,747,0.21324822,False
DEV_NORMAL_060,719,748,0.19839005,False
DEV_NORMAL_060,720,749,0.20429088,False
DEV_NORMAL_060,721,750,0.20341457,False
DEV_NORMAL_060,722,751,0.20418273,False
DEV_NORMAL_060,723,752,0.22326265,False
DEV_NORMAL_060,724,753,0.22967605,False
DEV_NORMAL_060,725,754,0.19295,False
DEV_NORMAL_060,726,755,0.20129867,False
DEV_NORMAL_060,727,756,0.2024057,False
DEV_NORMAL_060,728,757,0.20481014,False
DEV_NORMAL_060,729,758,0.2157721,False
DEV_NORMAL_060,730,759,0.23002361,False
DEV_NORMAL_060,731,760,0.22728471,False
DEV_NORMAL_060,732,761,0.24210386,False
DEV_NORMAL_060,733,762,0.24374849,False
DEV_NORMAL_060,734,763,0.23385875,False
DEV_NORMAL_060,735,764,0.22946985,False
DEV_NORMAL_060,736,765,0.23646039,False
DEV_NORMAL_060,737,766,0.23942457,False
DEV_NORMAL_060,738,767,0.24086247,False
DEV_NORMAL_060,739,768,0.23555286,False
DEV_NORMAL_060,740,769,0.23726559,False
DEV_NORMAL_060,741,770,0.24316193,False
DEV_NORMAL_060,742,771,0.24918263,False
DEV_NORMAL_060,743,772,0.24704581,False
DEV_NORMAL_060,744,773,0.2368269,False
DEV_NORMAL_060,745,774,0.24068518,False
DEV_NORMAL_060,746,775,0.24201098,False
DEV_NORMAL_060,747,776,0.23807716,False
DEV_NORMAL_060,748,777,0.23817338,False
DEV_NORMAL_060,749,778,0.2735212,False
DEV_NORMAL_060,750,779,0.26782766,False
DEV_NORMAL_060,751,780,0.2735964,False
DEV_NORMAL_060,752,781,0.26412448,False
DEV_NORMAL_060,753,782,0.26390788,False
DEV_NORMAL_060,754,783,0.25229216,False
DEV_NORMAL_060,755,784,0.24496962,False
DEV_NORMAL_060,756,785,0.2556065,False
DEV_NORMAL_060,757,786,0.2587628,False
DEV_NORMAL_060,758,787,0.23620883,False
DEV_NORMAL_060,759,788,0.2392061,False
DEV_NORMAL_060,760,789,0.23402637,False
DEV_NORMAL_060,761,790,0.23928662,False
DEV_NORMAL_060,762,791,0.24548163,False
DEV_NORMAL_060,763,792,0.2308627,False
DEV_NORMAL_060,764,793,0.23871559,False
DEV_NORMAL_060,765,794,0.2350715,False
DEV_NORMAL_060,766,795,0.22252552,False
DEV_NORMAL_060,767,796,0.22905843,False
DEV_NORMAL_060,768,797,0.21365444,False
DEV_NORMAL_060,769,798,0.21735376,False
DEV_NORMAL_060,770,799,0.21153428,False
DEV_NORMAL_060,771,800,0.21409884,False
DEV_NORMAL_060,772,801,0.21510436,False
DEV_NORMAL_060,773,802,0.2161337,False
DEV_NORMAL_060,774,803,0.22063093,False
DEV_NORMAL_060,775,804,0.237806,False
DEV_NORMAL_060,776,805,0.23271294,False
DEV_NORMAL_060,777,806,0.24054743,False
DEV_NORMAL_060,778,807,0.21062541,False
DEV_NORMAL_060,779,808,0.20502196,False
DEV_NORMAL_060,780,809,0.21954566,False
DEV_NORMAL_060,781,810,0.20974983,False
DEV_NORMAL_060,782,811,0.19558923,False
DEV_NORMAL_060,783,812,0.1985854,False
DEV_NORMAL_060,784,813,0.20656028,False
DEV_NORMAL_060,785,814,0.1876583,False
DEV_NORMAL_060,786,815,0.19003204,False
DEV_NORMAL_060,787,816,0.19558428,False
DEV_NORMAL_060,788,817,0.16925134,False
DEV_NORMAL_060,789,818,0.16289815,False
DEV_NORMAL_060,790,819,0.16866906,False
DEV_NORMAL_060,791,820,0.16922824,False
DEV_NORMAL_060,792,821,0.1739109,False
DEV_NORMAL_060,793,822,0.19389908,False
DEV_NORMAL_060,794,823,0.19716518,False
DEV_NORMAL_060,795,824,0.21410011,False
DEV_NORMAL_060,796,825,0.21172062,False
DEV_NORMAL_060,797,826,0.21194413,False
DEV_NORMAL_060,798,827,0.2213263,False
DEV_NORMAL_060,799,828,0.23151085,False
DEV_NORMAL_060,800,829,0.22540013,False
DEV_NORMAL_060,801,830,0.2147893,False
DEV_NORMAL_060,802,831,0.2402184,False
DEV_NORMAL_060,803,832,0.25803015,False
DEV_NORMAL_060,804,833,0.23207904,False
DEV_NORMAL_060,805,834,0.23004262,False
DEV_NORMAL_060,806,835,0.22333466,False
DEV_NORMAL_060,807,836,0.22137824,False
DEV_NORMAL_060,808,837,0.22200447,False
DEV_NORMAL_060,809,838,0.22114342,False
DEV_NORMAL_060,810,839,0.21976487,False
DEV_NORMAL_060,811,840,0.2309977,False
DEV_NORMAL_060,812,841,0.22032039,False
DEV_NORMAL_060,813,842,0.2108117,False
DEV_NORMAL_060,814,843,0.24680786,False
DEV_NORMAL_060,815,844,0.26144734,False
DEV_NORMAL_060,816,845,0.25369865,False
DEV_NORMAL_060,817,846,0.25848177,False
DEV_NORMAL_060,818,847,0.2511059,False
DEV_NORMAL_060,819,848,0.22563487,False
DEV_NORMAL_060,820,849,0.22311817,False
DEV_NORMAL_060,821,850,0.2124687,False
DEV_NORMAL_060,822,851,0.22158739,False
DEV_NORMAL_060,823,852,0.23726766,False
DEV_NORMAL_060,824,853,0.22506437,False
DEV_NORMAL_060,825,854,0.21710676,False
DEV_NORMAL_060,826,855,0.22527672,False
DEV_NORMAL_060,827,856,0.2211458,False
DEV_NORMAL_060,828,857,0.22440483,False
DEV_NORMAL_060,829,858,0.22161251,False
DEV_NORMAL_060,830,859,0.21630983,False
DEV_NORMAL_060,831,860,0.20523314,False
DEV_NORMAL_060,832,861,0.19208409,False
DEV_NORMAL_060,833,862,0.20730032,False
DEV_NORMAL_060,834,863,0.21135981,False
DEV_NORMAL_060,835,864,0.2153954,False
DEV_NORMAL_060,836,865,0.24071582,False
DEV_NORMAL_060,837,866,0.23301707,False
DEV_NORMAL_060,838,867,0.21896757,False
DEV_NORMAL_060,839,868,0.22203748,False
DEV_NORMAL_060,840,869,0.2240158,False
DEV_NORMAL_060,841,870,0.22890665,False
DEV_NORMAL_060,842,871,0.19513716,False
DEV_NORMAL_060,843,872,0.20411338,False
DEV_NORMAL_060,844,873,0.20138934,False
DEV_NORMAL_060,845,874,0.21383008,False
DEV_NORMAL_060,846,875,0.21779138,False
DEV_NORMAL_060,847,876,0.20612437,False
DEV_NORMAL_060,848,877,0.2176777,False
DEV_NORMAL_060,849,878,0.22884017,False
DEV_NORMAL_060,850,879,0.21716341,False
DEV_NORMAL_060,851,880,0.21192378,False
DEV_NORMAL_060,852,881,0.21301825,False
DEV_NORMAL_060,853,882,0.20967266,False
DEV_NORMAL_060,854,883,0.2230914,False
DEV_NORMAL_060,855,884,0.21293828,False
DEV_NORMAL_060,856,885,0.22662112,False
DEV_NORMAL_060,857,886,0.24554113,False
DEV_NORMAL_060,858,887,0.24802998,False
DEV_NORMAL_060,859,888,0.24444494,False
DEV_NORMAL_060,860,889,0.25915438,False
DEV_NORMAL_060,861,890,0.26707056,False
DEV_NORMAL_060,862,891,0.2665716,False
DEV_NORMAL_060,863,892,0.26343375,False
DEV_NORMAL_060,864,893,0.28583077,False
DEV_NORMAL_060,865,894,0.265936,False
DEV_NORMAL_060,866,895,0.2670585,False
DEV_NORMAL_060,867,896,0.26468757,False
DEV_NORMAL_060,868,897,0.2640496,False
DEV_NORMAL_060,869,898,0.26903817,False
DEV_NORMAL_060,870,899,0.27404162,False
DEV_NORMAL_060,871,900,0.2608441,False
DEV_NORMAL_060,872,901,0.253043,False
DEV_NORMAL_060,873,902,0.2461372,False
DEV_NORMAL_060,874,903,0.2541627,False
DEV_NORMAL_060,875,904,0.24689071,False
DEV_NORMAL_060,876,905,0.2308312,False
DEV_NORMAL_060,877,906,0.23049793,False
DEV_NORMAL_060,878,907,0.23313215,False
DEV_NORMAL_060,879,908,0.23308417,False
DEV_NORMAL_060,880,909,0.23895982,False
DEV_NORMAL_060,881,910,0.22088806,False
DEV_NORMAL_060,882,911,0.21574113,False
DEV_NORMAL_060,883,912,0.20944573,False
DEV_NORMAL_060,884,913,0.19904894,False
DEV_NORMAL_060,885,914,0.1829316,False
DEV_NORMAL_060,886,915,0.17078218,False
DEV_NORMAL_060,887,916,0.17691651,False
DEV_NORMAL_060,888,917,0.15889794,False
DEV_NORMAL_060,889,918,0.16858387,False
DEV_NORMAL_060,890,919,0.1409976,False
DEV_NORMAL_060,891,920,0.13702121,False
DEV_NORMAL_060,892,921,0.13148046,False
DEV_NORMAL_060,893,922,0.13011476,False
DEV_NORMAL_060,894,923,0.11781535,False
DEV_NORMAL_060,895,924,0.12737545,False
DEV_NORMAL_060,896,925,0.13050827,False
DEV_NORMAL_060,897,926,0.14967726,False
DEV_NORMAL_060,898,927,0.15390696,False
DEV_NORMAL_060,899,928,0.15562902,False
DEV_NORMAL_060,900,929,0.16103742,False
DEV_NORMAL_060,901,930,0.16351141,False
DEV_NORMAL_060,902,931,0.16302581,False
DEV_NORMAL_060,903,932,0.16579847,False
DEV_NORMAL_060,904,933,0.1641073,False
DEV_NORMAL_060,905,934,0.17518716,False
DEV_NORMAL_060,906,935,0.18271115,False
DEV_NORMAL_060,907,936,0.18429391,False
DEV_NORMAL_060,908,937,0.18472219,False
DEV_NORMAL_060,909,938,0.19138807,False
DEV_NORMAL_060,910,939,0.19383924,False
DEV_NORMAL_060,911,940,0.21783736,False
DEV_NORMAL_060,912,941,0.22672877,False
DEV_NORMAL_060,913,942,0.21590929,False
DEV_NORMAL_060,914,943,0.22086336,False
DEV_NORMAL_060,915,944,0.22900587,False
DEV_NORMAL_060,916,945,0.24797067,False
DEV_NORMAL_060,917,946,0.24257031,False
DEV_NORMAL_060,918,947,0.24203387,False
DEV_NORMAL_060,919,948,0.22154245,False
DEV_NORMAL_060,920,949,0.2221556,False
DEV_NORMAL_060,921,950,0.24381272,False
DEV_NORMAL_060,922,951,0.20891123,False
DEV_NORMAL_060,923,952,0.22263053,False
DEV_NORMAL_060,924,953,0.22374775,False
DEV_NORMAL_060,925,954,0.21373558,False
DEV_NORMAL_060,926,955,0.22514555,False
DEV_NORMAL_060,927,956,0.22978224,False
DEV_NORMAL_060,928,957,0.23142757,False
DEV_NORMAL_060,929,958,0.24460913,False
DEV_NORMAL_060,930,959,0.24435663,False
DEV_NORMAL_060,931,960,0.22658643,False
DEV_NORMAL_060,932,961,0.2356803,False
DEV_NORMAL_060,933,962,0.23268741,False
DEV_NORMAL_060,934,963,0.23275946,False
DEV_NORMAL_060,935,964,0.24219695,False
DEV_NORMAL_060,936,965,0.22630773,False
DEV_NORMAL_060,937,966,0.18300873,False
DEV_NORMAL_060,938,967,0.20024484,False
DEV_NORMAL_060,939,968,0.18890944,False
DEV_NORMAL_060,940,969,0.17695045,False
DEV_NORMAL_060,941,970,0.17794123,False
DEV_NORMAL_060,942,971,0.17897476,False
DEV_NORMAL_060,943,972,0.19970106,False
DEV_NORMAL_060,944,973,0.19418423,False
DEV_NORMAL_060,945,974,0.18596278,False
DEV_NORMAL_060,946,975,0.18169695,False
DEV_NORMAL_060,947,976,0.1878586,False
DEV_NORMAL_060,948,977,0.1972215,False
DEV_NORMAL_060,949,978,0.18726519,False
DEV_NORMAL_060,950,979,0.19180973,False
DEV_NORMAL_060,951,980,0.19133821,False
DEV_NORMAL_060,952,981,0.18618174,False
DEV_NORMAL_060,953,982,0.19003041,False
DEV_NORMAL_060,954,983,0.2011734,False
DEV_NORMAL_060,955,984,0.18920848,False
DEV_NORMAL_060,956,985,0.15584452,False
DEV_NORMAL_060,957,986,0.15534325,False
DEV_NORMAL_060,958,987,0.15374765,False
DEV_NORMAL_060,959,988,0.1527285,False
DEV_NORMAL_060,960,989,0.1543311,False
DEV_NORMAL_060,961,990,0.16243519,False
DEV_NORMAL_060,962,991,0.17740956,False
DEV_NORMAL_060,963,992,0.19942825,False
DEV_NORMAL_060,964,993,0.2059369,False
DEV_NORMAL_060,965,994,0.20506701,False
DEV_NORMAL_060,966,995,0.19551376,False
DEV_NORMAL_060,967,996,0.20064893,False
DEV_NORMAL_060,968,997,0.20001164,False
DEV_NORMAL_060,969,998,0.20275764,False
DEV_NORMAL_060,970,999,0.21512054,False
DEV_NORMAL_060,971,1000,0.21448396,False
DEV_NORMAL_060,972,1001,0.19831426,False
DEV_NORMAL_060,973,1002,0.19790788,False
DEV_NORMAL_060,974,1003,0.2069963,False
DEV_NORMAL_060,975,1004,0.22961794,False
DEV_NORMAL_060,976,1005,0.21569209,False
DEV_NORMAL_060,977,1006,0.22793296,False
DEV_NORMAL_060,978,1007,0.21321912,False
DEV_NORMAL_060,979,1008,0.2220324,False
DEV_NORMAL_060,980,1009,0.22940378,False
DEV_NORMAL_060,981,1010,0.2502084,False
DEV_NORMAL_060,982,1011,0.27034205,False
DEV_NORMAL_060,983,1012,0.27212584,False
DEV_NORMAL_060,984,1013,0.2741458,False
DEV_NORMAL_060,985,1014,0.2749606,False
DEV_NORMAL_060,986,1015,0.2693796,False
DEV_NORMAL_060,987,1016,0.27101246,False
DEV_NORMAL_060,988,1017,0.26532376,False
DEV_NORMAL_060,989,1018,0.2749965,False
DEV_NORMAL_060,990,1019,0.2668245,False
DEV_NORMAL_060,991,1020,0.25634223,False
DEV_NORMAL_060,992,1021,0.23123084,False
DEV_NORMAL_060,993,1022,0.2281339,False
DEV_NORMAL_060,994,1023,0.23186821,False
DEV_NORMAL_060,995,1024,0.24232356,False
DEV_NORMAL_060,996,1025,0.23144789,False
DEV_NORMAL_060,997,1026,0.23794664,False
DEV_NORMAL_060,998,1027,0.22164768,False
DEV_NORMAL_060,999,1028,0.21355495,False
DEV_NORMAL_060,1000,1029,0.21695346,False
DEV_NORMAL_060,1001,1030,0.20858678,False
DEV_NORMAL_060,1002,1031,0.20029077,False
DEV_NORMAL_060,1003,1032,0.19226074,False
DEV_NORMAL_060,1004,1033,0.19997449,False
DEV_NORMAL_060,1005,1034,0.19188093,False
DEV_NORMAL_060,1006,1035,0.20976692,False
DEV_NORMAL_060,1007,1036,0.19711821,False
DEV_NORMAL_060,1008,1037,0.19726267,False
DEV_NORMAL_060,1009,1038,0.19403522,False
DEV_NORMAL_060,1010,1039,0.19058654,False
DEV_NORMAL_060,1011,1040,0.17619362,False
DEV_NORMAL_060,1012,1041,0.19307318,False
DEV_NORMAL_060,1013,1042,0.19770513,False
DEV_NORMAL_060,1014,1043,0.19953328,False
DEV_NORMAL_060,1015,1044,0.19501178,False
DEV_NORMAL_060,1016,1045,0.18835212,False
DEV_NORMAL_060,1017,1046,0.18713056,False
DEV_NORMAL_060,1018,1047,0.20119533,False
DEV_NORMAL_060,1019,1048,0.19633032,False
DEV_NORMAL_060,1020,1049,0.20427081,False
DEV_NORMAL_060,1021,1050,0.23255166,False
DEV_NORMAL_060,1022,1051,0.23995404,False
DEV_NORMAL_060,1023,1052,0.23479992,False
DEV_NORMAL_060,1024,1053,0.22492689,False
DEV_NORMAL_060,1025,1054,0.23399523,False
DEV_NORMAL_060,1026,1055,0.23676294,False
DEV_NORMAL_060,1027,1056,0.24407889,False
DEV_NORMAL_060,1028,1057,0.24974842,False
DEV_NORMAL_060,1029,1058,0.2498847,False
DEV_NORMAL_060,1030,1059,0.23764804,False
DEV_NORMAL_060,1031,1060,0.24183704,False
DEV_NORMAL_060,1032,1061,0.26222265,False
DEV_NORMAL_060,1033,1062,0.27068898,False
DEV_NORMAL_060,1034,1063,0.26632795,False
DEV_NORMAL_060,1035,1064,0.2384979,False
DEV_NORMAL_060,1036,1065,0.22814992,False
DEV_NORMAL_060,1037,1066,0.24877475,False
DEV_NORMAL_060,1038,1067,0.24702694,False
DEV_NORMAL_060,1039,1068,0.23375855,False
DEV_NORMAL_060,1040,1069,0.24110915,False
DEV_NORMAL_060,1041,1070,0.23164003,False
DEV_NORMAL_060,1042,1071,0.22286148,False
DEV_NORMAL_060,1043,1072,0.24072476,False
DEV_NORMAL_060,1044,1073,0.22954972,False
DEV_NORMAL_060,1045,1074,0.23386835,False
DEV_NORMAL_060,1046,1075,0.22923644,False
DEV_NORMAL_060,1047,1076,0.22291489,False
DEV_NORMAL_060,1048,1077,0.22410163,False
DEV_NORMAL_060,1049,1078,0.22294345,False
DEV_NORMAL_060,1050,1079,0.22023885,False
DEV_NORMAL_060,1051,1080,0.21792439,False
DEV_NORMAL_060,1052,1081,0.22761862,False
DEV_NORMAL_060,1053,1082,0.24490744,False
DEV_NORMAL_060,1054,1083,0.24180855,False
DEV_NORMAL_060,1055,1084,0.23508988,False
DEV_NORMAL_060,1056,1085,0.23972693,False
DEV_NORMAL_060,1057,1086,0.23427454,False
DEV_NORMAL_060,1058,1087,0.2439346,False
DEV_NORMAL_060,1059,1088,0.22400323,False
DEV_NORMAL_060,1060,1089,0.22564487,False
DEV_NORMAL_060,1061,1090,0.23051792,False
DEV_NORMAL_060,1062,1091,0.23530455,False
DEV_NORMAL_060,1063,1092,0.23276725,False
DEV_NORMAL_060,1064,1093,0.23374748,False
DEV_NORMAL_060,1065,1094,0.23364738,False
DEV_NORMAL_060,1066,1095,0.20830971,False
DEV_NORMAL_060,1067,1096,0.22698914,False
DEV_NORMAL_060,1068,1097,0.2301629,False
DEV_NORMAL_060,1069,1098,0.22820492,False
DEV_NORMAL_060,1070,1099,0.25704125,False
DEV_NORMAL_060,1071,1100,0.23924325,False
DEV_NORMAL_060,1072,1101,0.25258034,False
DEV_NORMAL_060,1073,1102,0.25872087,False
DEV_NORMAL_060,1074,1103,0.23339243,False
DEV_NORMAL_060,1075,1104,0.23365656,False
DEV_NORMAL_060,1076,1105,0.23235974,False
DEV_NORMAL_060,1077,1106,0.2365288,False
DEV_NORMAL_060,1078,1107,0.25013664,False
DEV_NORMAL_060,1079,1108,0.23612212,False
DEV_NORMAL_060,1080,1109,0.2303733,False
DEV_NORMAL_060,1081,1110,0.2176782,False
DEV_NORMAL_060,1082,1111,0.21153904,False
DEV_NORMAL_060,1083,1112,0.21554142,False
DEV_NORMAL_060,1084,1113,0.21610866,False
DEV_NORMAL_060,1085,1114,0.21830893,False
DEV_NORMAL_060,1086,1115,0.2073294,False
DEV_NORMAL_060,1087,1116,0.20658049,False
DEV_NORMAL_060,1088,1117,0.22982769,False
DEV_NORMAL_060,1089,1118,0.23182766,False
DEV_NORMAL_060,1090,1119,0.21078397,False
DEV_NORMAL_060,1091,1120,0.20981814,False
DEV_NORMAL_060,1092,1121,0.20687233,False
DEV_NORMAL_060,1093,1122,0.2008139,False
DEV_NORMAL_060,1094,1123,0.20554528,False
DEV_NORMAL_060,1095,1124,0.23443829,False
DEV_NORMAL_060,1096,1125,0.21400057,False
DEV_NORMAL_060,1097,1126,0.21144822,False
DEV_NORMAL_060,1098,1127,0.2020853,False
DEV_NORMAL_060,1099,1128,0.19710661,False
DEV_NORMAL_060,1100,1129,0.20949617,False
DEV_NORMAL_060,1101,1130,0.20795462,False
DEV_NORMAL_060,1102,1131,0.20586729,False
DEV_NORMAL_060,1103,1132,0.20815386,False
DEV_NORMAL_060,1104,1133,0.19946235,False
DEV_NORMAL_060,1105,1134,0.20692597,False
DEV_NORMAL_060,1106,1135,0.20846514,False
DEV_NORMAL_060,1107,1136,0.222091,False
DEV_NORMAL_060,1108,1137,0.24958308,False
DEV_NORMAL_060,1109,1138,0.25504097,False
DEV_NORMAL_060,1110,1139,0.26564264,False
DEV_NORMAL_062,0,29,0.27946916,False
DEV_NORMAL_062,1,30,0.2916362,True
DEV_NORMAL_062,2,31,0.29553083,True
DEV_NORMAL_062,3,32,0.27979153,False
DEV_NORMAL_062,4,33,0.26076803,False
DEV_NORMAL_062,5,34,0.27673653,False
DEV_NORMAL_062,6,35,0.30669525,True
DEV_NORMAL_062,7,36,0.29876608,True
DEV_NORMAL_062,8,37,0.30486506,True
DEV_NORMAL_062,9,38,0.31720892,True
DEV_NORMAL_062,10,39,0.33219296,True
DEV_NORMAL_062,11,40,0.3290787,True
DEV_NORMAL_062,12,41,0.32516012,True
DEV_NORMAL_062,13,42,0.29447544,True
DEV_NORMAL_062,14,43,0.3012885,True
DEV_NORMAL_062,15,44,0.30476227,True
DEV_NORMAL_062,16,45,0.30522677,True
DEV_NORMAL_062,17,46,0.29550523,True
DEV_NORMAL_062,18,47,0.3181774,True
DEV_NORMAL_062,19,48,0.30766597,True
DEV_NORMAL_062,20,49,0.29644185,True
DEV_NORMAL_062,21,50,0.30241343,True
DEV_NORMAL_062,22,51,0.28015566,False
DEV_NORMAL_062,23,52,0.29420704,True
DEV_NORMAL_062,24,53,0.2724842,False
DEV_NORMAL_062,25,54,0.28034776,False
DEV_NORMAL_062,26,55,0.24066919,False
DEV_NORMAL_062,27,56,0.25436935,False
DEV_NORMAL_062,28,57,0.26383498,False
DEV_NORMAL_062,29,58,0.24339418,False
DEV_NORMAL_062,30,59,0.24268517,False
DEV_NORMAL_062,31,60,0.25764644,False
DEV_NORMAL_062,32,61,0.24472958,False
DEV_NORMAL_062,33,62,0.26069626,False
DEV_NORMAL_062,34,63,0.25676194,False
DEV_NORMAL_062,35,64,0.23507762,False
DEV_NORMAL_062,36,65,0.2253237,False
DEV_NORMAL_062,37,66,0.23819475,False
DEV_NORMAL_062,38,67,0.24319036,False
DEV_NORMAL_062,39,68,0.23636532,False
DEV_NORMAL_062,40,69,0.23159415,False
DEV_NORMAL_062,41,70,0.25652412,False
DEV_NORMAL_062,42,71,0.24988168,False
DEV_NORMAL_062,43,72,0.24705464,False
DEV_NORMAL_062,44,73,0.24838944,False
DEV_NORMAL_062,45,74,0.2413556,False
DEV_NORMAL_062,46,75,0.23921953,False
DEV_NORMAL_062,47,76,0.2296299,False
DEV_NORMAL_062,48,77,0.2240873,False
DEV_NORMAL_062,49,78,0.22209984,False
DEV_NORMAL_062,50,79,0.22427739,False
DEV_NORMAL_062,51,80,0.23209743,False
DEV_NORMAL_062,52,81,0.22407028,False
DEV_NORMAL_062,53,82,0.23466517,False
DEV_NORMAL_062,54,83,0.24740951,False
DEV_NORMAL_062,55,84,0.23265934,False
DEV_NORMAL_062,56,85,0.22914314,False
DEV_NORMAL_062,57,86,0.225839,False
DEV_NORMAL_062,58,87,0.23081055,False
DEV_NORMAL_062,59,88,0.23314352,False
DEV_NORMAL_062,60,89,0.21398167,False
DEV_NORMAL_062,61,90,0.2309514,False
DEV_NORMAL_062,62,91,0.22046314,False
DEV_NORMAL_062,63,92,0.21308716,False
DEV_NORMAL_062,64,93,0.21074343,False
DEV_NORMAL_062,65,94,0.22018677,False
DEV_NORMAL_062,66,95,0.22241367,False
DEV_NORMAL_062,67,96,0.21050425,False
DEV_NORMAL_062,68,97,0.21338631,False
DEV_NORMAL_062,69,98,0.20292173,False
DEV_NORMAL_062,70,99,0.1947337,False
DEV_NORMAL_062,71,100,0.1969427,False
DEV_NORMAL_062,72,101,0.19535615,False
DEV_NORMAL_062,73,102,0.2057565,False
DEV_NORMAL_062,74,103,0.20887426,False
DEV_NORMAL_062,75,104,0.20622787,False
DEV_NORMAL_062,76,105,0.21587773,False
DEV_NORMAL_062,77,106,0.21644112,False
DEV_NORMAL_062,78,107,0.21729356,False
DEV_NORMAL_062,79,108,0.21959549,False
DEV_NORMAL_062,80,109,0.220782,False
DEV_NORMAL_062,81,110,0.22270946,False
DEV_NORMAL_062,82,111,0.23037298,False
DEV_NORMAL_062,83,112,0.23111954,False
DEV_NORMAL_062,84,113,0.23458144,False
DEV_NORMAL_062,85,114,0.2338479,False
DEV_NORMAL_062,86,115,0.20980734,False
DEV_NORMAL_062,87,116,0.22102264,False
DEV_NORMAL_062,88,117,0.2250288,False
DEV_NORMAL_062,89,118,0.24277435,False
DEV_NORMAL_062,90,119,0.23540395,False
DEV_NORMAL_062,91,120,0.23070009,False
DEV_NORMAL_062,92,121,0.23404446,False
DEV_NORMAL_062,93,122,0.23945928,False
DEV_NORMAL_062,94,123,0.2468613,False
DEV_NORMAL_062,95,124,0.23656458,False
DEV_NORMAL_062,96,125,0.23682316,False
DEV_NORMAL_062,97,126,0.23157072,False
DEV_NORMAL_062,98,127,0.23326012,False
DEV_NORMAL_062,99,128,0.24394237,False
DEV_NORMAL_062,100,129,0.24897578,False
DEV_NORMAL_062,101,130,0.24689296,False
DEV_NORMAL_062,102,131,0.24493453,False
DEV_NORMAL_062,103,132,0.24732122,False
DEV_NORMAL_062,104,133,0.24706061,False
DEV_NORMAL_062,105,134,0.23865618,False
DEV_NORMAL_062,106,135,0.23524061,False
DEV_NORMAL_062,107,136,0.24442571,False
DEV_NORMAL_062,108,137,0.22633998,False
DEV_NORMAL_062,109,138,0.23068191,False
DEV_NORMAL_062,110,139,0.23169824,False
DEV_NORMAL_062,111,140,0.23892279,False
DEV_NORMAL_062,112,141,0.2387984,False
DEV_NORMAL_062,113,142,0.23082472,False
DEV_NORMAL_062,114,143,0.27327257,False
DEV_NORMAL_062,115,144,0.31303898,True
DEV_NORMAL_062,116,145,0.3088271,True
DEV_NORMAL_062,117,146,0.2868944,False
DEV_NORMAL_062,118,147,0.2843245,False
DEV_NORMAL_062,119,148,0.296176,True
DEV_NORMAL_062,120,149,0.2903144,False
DEV_NORMAL_062,121,150,0.26774278,False
DEV_NORMAL_062,122,151,0.2906286,False
DEV_NORMAL_062,123,152,0.31105518,True
DEV_NORMAL_062,124,153,0.30783042,True
DEV_NORMAL_062,125,154,0.30405623,True
DEV_NORMAL_062,126,155,0.29983914,True
DEV_NORMAL_062,127,156,0.31597683,True
DEV_NORMAL_062,128,157,0.28284454,False
DEV_NORMAL_062,129,158,0.28685245,False
DEV_NORMAL_062,130,159,0.2923424,True
DEV_NORMAL_062,131,160,0.28431073,False
DEV_NORMAL_062,132,161,0.26937798,False
DEV_NORMAL_062,133,162,0.27970517,False
DEV_NORMAL_062,134,163,0.275057,False
DEV_NORMAL_062,135,164,0.26429904,False
DEV_NORMAL_062,136,165,0.25833434,False
DEV_NORMAL_062,137,166,0.25712866,False
DEV_NORMAL_062,138,167,0.2457004,False
DEV_NORMAL_062,139,168,0.23665705,False
DEV_NORMAL_062,140,169,0.23978135,False
DEV_NORMAL_062,141,170,0.22921349,False
DEV_NORMAL_062,142,171,0.22554071,False
DEV_NORMAL_062,143,172,0.21705799,False
DEV_NORMAL_062,144,173,0.17829533,False
DEV_NORMAL_062,145,174,0.17918104,False
DEV_NORMAL_062,146,175,0.1777648,False
DEV_NORMAL_062,147,176,0.19035746,False
DEV_NORMAL_062,148,177,0.17786983,False
DEV_NORMAL_062,149,178,0.19056886,False
DEV_NORMAL_062,150,179,0.1815889,False
DEV_NORMAL_062,151,180,0.18476143,False
DEV_NORMAL_062,152,181,0.16816078,False
DEV_NORMAL_062,153,182,0.16774248,False
DEV_NORMAL_062,154,183,0.16018806,False
DEV_NORMAL_062,155,184,0.17233187,False
DEV_NORMAL_062,156,185,0.17070293,False
DEV_NORMAL_062,157,186,0.16383412,False
DEV_NORMAL_062,158,187,0.17454945,False
DEV_NORMAL_062,159,188,0.18198763,False
DEV_NORMAL_062,160,189,0.17685413,False
DEV_NORMAL_062,161,190,0.18246126,False
DEV_NORMAL_062,162,191,0.16879506,False
DEV_NORMAL_062,163,192,0.17686115,False
DEV_NORMAL_062,164,193,0.18583107,False
DEV_NORMAL_062,165,194,0.18667683,False
DEV_NORMAL_062,166,195,0.16436109,False
DEV_NORMAL_062,167,196,0.18512617,False
DEV_NORMAL_062,168,197,0.20615326,False
DEV_NORMAL_062,169,198,0.19553067,False
DEV_NORMAL_062,170,199,0.20656078,False
DEV_NORMAL_062,171,200,0.22491758,False
DEV_NORMAL_062,172,201,0.22062486,False
DEV_NORMAL_062,173,202,0.21407717,False
DEV_NORMAL_062,174,203,0.24251968,False
DEV_NORMAL_062,175,204,0.24942088,False
DEV_NORMAL_062,176,205,0.22544697,False
DEV_NORMAL_062,177,206,0.22545105,False
DEV_NORMAL_062,178,207,0.24162897,False
DEV_NORMAL_062,179,208,0.24002649,False
DEV_NORMAL_062,180,209,0.24935232,False
DEV_NORMAL_062,181,210,0.28383696,False
DEV_NORMAL_062,182,211,0.27975044,False
DEV_NORMAL_062,183,212,0.26659375,False
DEV_NORMAL_062,184,213,0.28940904,False
DEV_NORMAL_062,185,214,0.26491693,False
DEV_NORMAL_062,186,215,0.27955574,False
DEV_NORMAL_062,187,216,0.27666572,False
DEV_NORMAL_062,188,217,0.27321675,False
DEV_NORMAL_062,189,218,0.27911288,False
DEV_NORMAL_062,190,219,0.28152582,False
DEV_NORMAL_062,191,220,0.26693586,False
DEV_NORMAL_062,192,221,0.26331633,False
DEV_NORMAL_062,193,222,0.27988556,False
DEV_NORMAL_062,194,223,0.25998482,False
DEV_NORMAL_062,195,224,0.25384182,False
DEV_NORMAL_062,196,225,0.2649782,False
DEV_NORMAL_062,197,226,0.24826507,False
DEV_NORMAL_062,198,227,0.25820595,False
DEV_NORMAL_062,199,228,0.24517196,False
DEV_NORMAL_062,200,229,0.24052955,False
DEV_NORMAL_062,201,230,0.2067423,False
DEV_NORMAL_062,202,231,0.21549468,False
DEV_NORMAL_062,203,232,0.20399867,False
DEV_NORMAL_062,204,233,0.22433205,False
DEV_NORMAL_062,205,234,0.22783089,False
DEV_NORMAL_062,206,235,0.2270328,False
DEV_NORMAL_062,207,236,0.22073926,False
DEV_NORMAL_062,208,237,0.22666457,False
DEV_NORMAL_062,209,238,0.20853609,False
DEV_NORMAL_062,210,239,0.16937657,False
DEV_NORMAL_062,211,240,0.1520822,False
DEV_NORMAL_062,212,241,0.16499503,False
DEV_NORMAL_062,213,242,0.15085144,False
DEV_NORMAL_062,214,243,0.15569597,False
DEV_NORMAL_062,215,244,0.1781291,False
DEV_NORMAL_062,216,245,0.18749033,False
DEV_NORMAL_062,217,246,0.20797853,False
DEV_NORMAL_062,218,247,0.21323992,False
DEV_NORMAL_062,219,248,0.20730133,False
DEV_NORMAL_062,220,249,0.22939284,False
DEV_NORMAL_062,221,250,0.26258177,False
DEV_NORMAL_062,222,251,0.2511206,False
DEV_NORMAL_062,223,252,0.25207344,False
DEV_NORMAL_062,224,253,0.2599912,False
DEV_NORMAL_062,225,254,0.27022365,False
DEV_NORMAL_062,226,255,0.25726905,False
DEV_NORMAL_062,227,256,0.26876515,False
DEV_NORMAL_062,228,257,0.28520158,False
DEV_NORMAL_062,229,258,0.29771605,True
DEV_NORMAL_062,230,259,0.29091823,False
DEV_NORMAL_062,231,260,0.30157954,True
DEV_NORMAL_062,232,261,0.32364935,True
DEV_NORMAL_062,233,262,0.31229183,True
DEV_NORMAL_062,234,263,0.3070859,True
DEV_NORMAL_062,235,264,0.30604947,True
DEV_NORMAL_062,236,265,0.3081997,True
DEV_NORMAL_062,237,266,0.30681393,True
DEV_NORMAL_062,238,267,0.3348648,True
DEV_NORMAL_062,239,268,0.32304707,True
DEV_NORMAL_062,240,269,0.32187086,True
DEV_NORMAL_062,241,270,0.32472065,True
DEV_NORMAL_062,242,271,0.31502286,True
DEV_NORMAL_062,243,272,0.3018149,True
DEV_NORMAL_062,244,273,0.2754188,False
DEV_NORMAL_062,245,274,0.28836966,False
DEV_NORMAL_062,246,275,0.2592979,False
DEV_NORMAL_062,247,276,0.24773835,False
DEV_NORMAL_062,248,277,0.25143924,False
DEV_NORMAL_062,249,278,0.2522996,False
DEV_NORMAL_062,250,279,0.24276064,False
DEV_NORMAL_062,251,280,0.24494375,False
DEV_NORMAL_062,252,281,0.25112447,False
DEV_NORMAL_062,253,282,0.25185817,False
DEV_NORMAL_062,254,283,0.26006034,False
DEV_NORMAL_062,255,284,0.26004145,False
DEV_NORMAL_062,256,285,0.24984029,False
DEV_NORMAL_062,257,286,0.23356041,False
DEV_NORMAL_062,258,287,0.2095025,False
DEV_NORMAL_062,259,288,0.1985485,False
DEV_NORMAL_062,260,289,0.18511184,False
DEV_NORMAL_062,261,290,0.19155017,False
DEV_NORMAL_062,262,291,0.18907125,False
DEV_NORMAL_062,263,292,0.18966706,False
DEV_NORMAL_062,264,293,0.18710908,False
DEV_NORMAL_062,265,294,0.18372251,False
DEV_NORMAL_062,266,295,0.18602166,False
DEV_NORMAL_062,267,296,0.17472382,False
DEV_NORMAL_062,268,297,0.17935176,False
DEV_NORMAL_062,269,298,0.17992957,False
DEV_NORMAL_062,270,299,0.18603928,False
DEV_NORMAL_062,271,300,0.2079125,False
DEV_NORMAL_062,272,301,0.21576668,False
DEV_NORMAL_062,273,302,0.22607428,False
DEV_NORMAL_062,274,303,0.21538505,False
DEV_NORMAL_062,275,304,0.22253259,False
DEV_NORMAL_062,276,305,0.21093161,False
DEV_NORMAL_062,277,306,0.20924228,False
DEV_NORMAL_062,278,307,0.20992203,False
DEV_NORMAL_062,279,308,0.21259838,False
DEV_NORMAL_062,280,309,0.20841119,False
DEV_NORMAL_062,281,310,0.21889986,False
DEV_NORMAL_062,282,311,0.23128338,False
DEV_NORMAL_062,283,312,0.22082488,False
DEV_NORMAL_062,284,313,0.20143194,False
DEV_NORMAL_062,285,314,0.19795853,False
DEV_NORMAL_062,286,315,0.20158388,False
DEV_NORMAL_062,287,316,0.19844116,False
DEV_NORMAL_062,288,317,0.19810452,False
DEV_NORMAL_062,289,318,0.17869158,False
DEV_NORMAL_062,290,319,0.18089822,False
DEV_NORMAL_062,291,320,0.1799749,False
DEV_NORMAL_062,292,321,0.19808474,False
DEV_NORMAL_062,293,322,0.2050889,False
DEV_NORMAL_062,294,323,0.19566348,False
DEV_NORMAL_062,295,324,0.18795334,False
DEV_NORMAL_062,296,325,0.19280328,False
DEV_NORMAL_062,297,326,0.22457144,False
DEV_NORMAL_062,298,327,0.21335886,False
DEV_NORMAL_062,299,328,0.19380423,False
DEV_NORMAL_062,300,329,0.20850106,False
DEV_NORMAL_062,301,330,0.19903511,False
DEV_NORMAL_062,302,331,0.19578648,False
DEV_NORMAL_062,303,332,0.20362355,False
DEV_NORMAL_062,304,333,0.20860897,False
DEV_NORMAL_062,305,334,0.22128947,False
DEV_NORMAL_062,306,335,0.21494652,False
DEV_NORMAL_062,307,336,0.20470613,False
DEV_NORMAL_062,308,337,0.21359724,False
DEV_NORMAL_062,309,338,0.21814416,False
DEV_NORMAL_062,310,339,0.22250587,False
DEV_NORMAL_062,311,340,0.22893468,False
DEV_NORMAL_062,312,341,0.21343043,False
DEV_NORMAL_062,313,342,0.21732831,False
DEV_NORMAL_062,314,343,0.2555226,False
DEV_NORMAL_062,315,344,0.2555085,False
DEV_NORMAL_062,316,345,0.25317568,False
DEV_NORMAL_062,317,346,0.2426693,False
DEV_NORMAL_062,318,347,0.2621513,False
DEV_NORMAL_062,319,348,0.25396824,False
DEV_NORMAL_062,320,349,0.24809313,False
DEV_NORMAL_062,321,350,0.24371557,False
DEV_NORMAL_062,322,351,0.24807283,False
DEV_NORMAL_062,323,352,0.25432137,False
DEV_NORMAL_062,324,353,0.24765614,False
DEV_NORMAL_062,325,354,0.25678697,False
DEV_NORMAL_062,326,355,0.25024673,False
DEV_NORMAL_062,327,356,0.2527621,False
DEV_NORMAL_062,328,357,0.25126988,False
DEV_NORMAL_062,329,358,0.24274613,False
DEV_NORMAL_062,330,359,0.22809058,False
DEV_NORMAL_062,331,360,0.22975782,False
DEV_NORMAL_062,332,361,0.22324257,False
DEV_NORMAL_062,333,362,0.22045018,False
DEV_NORMAL_062,334,363,0.237563,False
DEV_NORMAL_062,335,364,0.24186414,False
DEV_NORMAL_062,336,365,0.244722,False
DEV_NORMAL_062,337,366,0.22259858,False
DEV_NORMAL_062,338,367,0.22491512,False
DEV_NORMAL_062,339,368,0.228298,False
DEV_NORMAL_062,340,369,0.25191504,False
DEV_NORMAL_062,341,370,0.25520426,False
DEV_NORMAL_062,342,371,0.22613007,False
DEV_NORMAL_062,343,372,0.21474378,False
DEV_NORMAL_062,344,373,0.2318888,False
DEV_NORMAL_062,345,374,0.21283258,False
DEV_NORMAL_062,346,375,0.23249702,False
DEV_NORMAL_062,347,376,0.2081047,False
DEV_NORMAL_062,348,377,0.20485361,False
DEV_NORMAL_062,349,378,0.2218028,False
DEV_NORMAL_062,350,379,0.22601546,False
DEV_NORMAL_062,351,380,0.2246211,False
DEV_NORMAL_062,352,381,0.20131429,False
DEV_NORMAL_062,353,382,0.20909388,False
DEV_NORMAL_062,354,383,0.19792299,False
DEV_NORMAL_062,355,384,0.1955225,False
DEV_NORMAL_062,356,385,0.2043425,False
DEV_NORMAL_062,357,386,0.22151135,False
DEV_NORMAL_062,358,387,0.22494501,False
DEV_NORMAL_062,359,388,0.21958162,False
DEV_NORMAL_062,360,389,0.22607541,False
DEV_NORMAL_062,361,390,0.22457656,False
DEV_NORMAL_062,362,391,0.22085473,False
DEV_NORMAL_062,363,392,0.22443065,False
DEV_NORMAL_062,364,393,0.23003136,False
DEV_NORMAL_062,365,394,0.21750212,False
DEV_NORMAL_062,366,395,0.2257411,False
DEV_NORMAL_062,367,396,0.22258861,False
DEV_NORMAL_062,368,397,0.20648758,False
DEV_NORMAL_062,369,398,0.21534325,False
DEV_NORMAL_062,370,399,0.2226093,False
DEV_NORMAL_062,371,400,0.23249316,False
DEV_NORMAL_062,372,401,0.23095503,False
DEV_NORMAL_062,373,402,0.20349051,False
DEV_NORMAL_062,374,403,0.20699874,False
DEV_NORMAL_062,375,404,0.21271846,False
DEV_NORMAL_062,376,405,0.22110768,False
DEV_NORMAL_062,377,406,0.23225023,False
DEV_NORMAL_062,378,407,0.24102494,False
DEV_NORMAL_062,379,408,0.2346882,False
DEV_NORMAL_062,380,409,0.2582089,False
DEV_NORMAL_062,381,410,0.260124,False
DEV_NORMAL_062,382,411,0.2472957,False
DEV_NORMAL_062,383,412,0.24758238,False
DEV_NORMAL_062,384,413,0.2444467,False
DEV_NORMAL_062,385,414,0.24480836,False
DEV_NORMAL_062,386,415,0.22648318,False
DEV_NORMAL_062,387,416,0.2404407,False
DEV_NORMAL_062,388,417,0.23663107,False
DEV_NORMAL_062,389,418,0.22998883,False
DEV_NORMAL_062,390,419,0.24310516,False
DEV_NORMAL_062,391,420,0.23875847,False
DEV_NORMAL_062,392,421,0.23383531,False
DEV_NORMAL_062,393,422,0.22822125,False
DEV_NORMAL_062,394,423,0.2360499,False
DEV_NORMAL_062,395,424,0.23409905,False
DEV_NORMAL_062,396,425,0.2297256,False
DEV_NORMAL_062,397,426,0.22553721,False
DEV_NORMAL_062,398,427,0.22686821,False
DEV_NORMAL_062,399,428,0.22607686,False
DEV_NORMAL_062,400,429,0.22588314,False
DEV_NORMAL_062,401,430,0.23163532,False
DEV_NORMAL_062,402,431,0.21626368,False
DEV_NORMAL_062,403,432,0.20939854,False
DEV_NORMAL_062,404,433,0.20600532,False
DEV_NORMAL_062,405,434,0.20294815,False
DEV_NORMAL_062,406,435,0.18383747,False
DEV_NORMAL_062,407,436,0.1739013,False
DEV_NORMAL_062,408,437,0.16296396,False
DEV_NORMAL_062,409,438,0.15890113,False
DEV_NORMAL_062,410,439,0.15608908,False
DEV_NORMAL_062,411,440,0.16582051,False
DEV_NORMAL_062,412,441,0.17590594,False
DEV_NORMAL_062,413,442,0.16813435,False
DEV_NORMAL_062,414,443,0.14846663,False
DEV_NORMAL_062,415,444,0.1439572,False
DEV_NORMAL_062,416,445,0.14519288,False
DEV_NORMAL_062,417,446,0.13767125,False
DEV_NORMAL_062,418,447,0.14069717,False
DEV_NORMAL_062,419,448,0.14617272,False
DEV_NORMAL_062,420,449,0.15168646,False
DEV_NORMAL_062,421,450,0.17185497,False
DEV_NORMAL_062,422,451,0.18173234,False
DEV_NORMAL_062,423,452,0.18749663,False
DEV_NORMAL_062,424,453,0.17950532,False
DEV_NORMAL_062,425,454,0.17846988,False
DEV_NORMAL_062,426,455,0.18614247,False
DEV_NORMAL_062,427,456,0.1809124,False
DEV_NORMAL_062,428,457,0.18693186,False
DEV_NORMAL_062,429,458,0.17455067,False
DEV_NORMAL_062,430,459,0.17596783,False
DEV_NORMAL_062,431,460,0.18475059,False
DEV_NORMAL_062,432,461,0.20061165,False
DEV_NORMAL_062,433,462,0.20489575,False
DEV_NORMAL_062,434,463,0.19769502,False
DEV_NORMAL_062,435,464,0.195959,False
DEV_NORMAL_062,436,465,0.21591838,False
DEV_NORMAL_062,437,466,0.23947026,False
DEV_NORMAL_062,438,467,0.23845579,False
DEV_NORMAL_062,439,468,0.23164138,False
DEV_NORMAL_062,440,469,0.22796695,False
DEV_NORMAL_062,441,470,0.23173621,False
DEV_NORMAL_062,442,471,0.2345176,False
DEV_NORMAL_062,443,472,0.24232104,False
DEV_NORMAL_062,444,473,0.24208671,False
DEV_NORMAL_062,445,474,0.23754959,False
DEV_NORMAL_062,446,475,0.23587802,False
DEV_NORMAL_062,447,476,0.24487726,False
DEV_NORMAL_062,448,477,0.23267101,False
DEV_NORMAL_062,449,478,0.23018758,False
DEV_NORMAL_062,450,479,0.23412068,False
DEV_NORMAL_062,451,480,0.21537451,False
DEV_NORMAL_062,452,481,0.2219788,False
DEV_NORMAL_062,453,482,0.21737584,False
DEV_NORMAL_062,454,483,0.22179149,False
DEV_NORMAL_062,455,484,0.23032841,False
DEV_NORMAL_062,456,485,0.23251486,False
DEV_NORMAL_062,457,486,0.21051992,False
DEV_NORMAL_062,458,487,0.21159346,False
DEV_NORMAL_062,459,488,0.20753942,False
DEV_NORMAL_062,460,489,0.20409219,False
DEV_NORMAL_062,461,490,0.23202999,False
DEV_NORMAL_062,462,491,0.24646877,False
DEV_NORMAL_062,463,492,0.2313104,False
DEV_NORMAL_062,464,493,0.24005064,False
DEV_NORMAL_062,465,494,0.23494701,False
DEV_NORMAL_062,466,495,0.23171245,False
DEV_NORMAL_062,467,496,0.22331269,False
DEV_NORMAL_062,468,497,0.22570722,False
DEV_NORMAL_062,469,498,0.24142058,False
DEV_NORMAL_062,470,499,0.24015564,False
DEV_NORMAL_062,471,500,0.23994301,False
DEV_NORMAL_062,472,501,0.24724786,False
DEV_NORMAL_062,473,502,0.24811484,False
DEV_NORMAL_062,474,503,0.24264285,False
DEV_NORMAL_062,475,504,0.24848194,False
DEV_NORMAL_062,476,505,0.28754997,False
DEV_NORMAL_062,477,506,0.28609625,False
DEV_NORMAL_062,478,507,0.321073,True
DEV_NORMAL_062,479,508,0.34694612,True
DEV_NORMAL_062,480,509,0.3432787,True
DEV_NORMAL_062,481,510,0.34229246,True
DEV_NORMAL_062,482,511,0.35671392,True
DEV_NORMAL_062,483,512,0.34862366,True
DEV_NORMAL_062,484,513,0.33962318,True
DEV_NORMAL_062,485,514,0.335658,True
DEV_NORMAL_062,486,515,0.2900655,False
DEV_NORMAL_062,487,516,0.31228405,True
DEV_NORMAL_062,488,517,0.31692612,True
DEV_NORMAL_062,489,518,0.320806,True
DEV_NORMAL_062,490,519,0.32696572,True
DEV_NORMAL_062,491,520,0.32203,True
DEV_NORMAL_062,492,521,0.31469107,True
DEV_NORMAL_062,493,522,0.324434,True
DEV_NORMAL_062,494,523,0.3244491,True
DEV_NORMAL_062,495,524,0.31753096,True
DEV_NORMAL_062,496,525,0.3213248,True
DEV_NORMAL_062,497,526,0.33324626,True
DEV_NORMAL_062,498,527,0.31772384,True
DEV_NORMAL_062,499,528,0.30224496,True
DEV_NORMAL_062,500,529,0.2919045,True
DEV_NORMAL_062,501,530,0.30270544,True
DEV_NORMAL_062,502,531,0.30695632,True
DEV_NORMAL_062,503,532,0.30886003,True
DEV_NORMAL_062,504,533,0.28936237,False
DEV_NORMAL_062,505,534,0.26933417,False
DEV_NORMAL_062,506,535,0.26106113,False
DEV_NORMAL_062,507,536,0.24961899,False
DEV_NORMAL_062,508,537,0.2538091,False
DEV_NORMAL_062,509,538,0.23149626,False
DEV_NORMAL_062,510,539,0.22421893,False
DEV_NORMAL_062,511,540,0.2139878,False
DEV_NORMAL_062,512,541,0.21916395,False
DEV_NORMAL_062,513,542,0.23059529,False
DEV_NORMAL_062,514,543,0.21168546,False
DEV_NORMAL_062,515,544,0.21343969,False
DEV_NORMAL_062,516,545,0.19930491,False
DEV_NORMAL_062,517,546,0.21060592,False
DEV_NORMAL_062,518,547,0.20562635,False
DEV_NORMAL_062,519,548,0.19894603,False
DEV_NORMAL_062,520,549,0.19695121,False
DEV_NORMAL_062,521,550,0.20719792,False
DEV_NORMAL_062,522,551,0.19184497,False
DEV_NORMAL_062,523,552,0.19456019,False
DEV_NORMAL_062,524,553,0.18387856,False
DEV_NORMAL_062,525,554,0.18790318,False
DEV_NORMAL_062,526,555,0.18998958,False
DEV_NORMAL_062,527,556,0.19617683,False
DEV_NORMAL_062,528,557,0.21481092,False
DEV_NORMAL_062,529,558,0.21827297,False
DEV_NORMAL_062,530,559,0.20167671,False
DEV_NORMAL_062,531,560,0.20027277,False
DEV_NORMAL_062,532,561,0.21710978,False
DEV_NORMAL_062,533,562,0.21633717,False
DEV_NORMAL_062,534,563,0.20791155,False
DEV_NORMAL_062,535,564,0.2367447,False
DEV_NORMAL_062,536,565,0.2458265,False
DEV_NORMAL_062,537,566,0.25483117,False
DEV_NORMAL_062,538,567,0.25483352,False
DEV_NORMAL_062,539,568,0.24266702,False
DEV_NORMAL_062,540,569,0.23059331,False
DEV_NORMAL_062,541,570,0.23182662,False
DEV_NORMAL_062,542,571,0.23731226,False
DEV_NORMAL_062,543,572,0.26043054,False
DEV_NORMAL_062,544,573,0.2646982,False
DEV_NORMAL_062,545,574,0.26619658,False
DEV_NORMAL_062,546,575,0.27425236,False
DEV_NORMAL_062,547,576,0.28042647,False
DEV_NORMAL_062,548,577,0.2862779,False
DEV_NORMAL_062,549,578,0.27179685,False
DEV_NORMAL_062,550,579,0.27631968,False
DEV_NORMAL_062,551,580,0.2514299,False
DEV_NORMAL_062,552,581,0.251956,False
DEV_NORMAL_062,553,582,0.25910702,False
DEV_NORMAL_062,554,583,0.24780814,False
DEV_NORMAL_062,555,584,0.24106416,False
DEV_NORMAL_062,556,585,0.25480685,False
DEV_NORMAL_062,557,586,0.22905415,False
DEV_NORMAL_062,558,587,0.22371411,False
DEV_NORMAL_062,559,588,0.23637375,False
DEV_NORMAL_062,560,589,0.24819964,False
DEV_NORMAL_062,561,590,0.254065,False
DEV_NORMAL_062,562,591,0.27016932,False
DEV_NORMAL_062,563,592,0.2527189,False
DEV_NORMAL_062,564,593,0.2572625,False
DEV_NORMAL_062,565,594,0.25545976,False
DEV_NORMAL_062,566,595,0.26383933,False
DEV_NORMAL_062,567,596,0.2751829,False
DEV_NORMAL_062,568,597,0.26141155,False
DEV_NORMAL_062,569,598,0.25428334,False
DEV_NORMAL_062,570,599,0.25844076,False
DEV_NORMAL_062,571,600,0.26407406,False
DEV_NORMAL_062,572,601,0.25343725,False
DEV_NORMAL_062,573,602,0.23259185,False
DEV_NORMAL_062,574,603,0.23361547,False
DEV_NORMAL_062,575,604,0.25159797,False
DEV_NORMAL_062,576,605,0.25356552,False
DEV_NORMAL_062,577,606,0.24377365,False
DEV_NORMAL_062,578,607,0.23100676,False
DEV_NORMAL_062,579,608,0.24116884,False
DEV_NORMAL_062,580,609,0.25403678,False
DEV_NORMAL_062,581,610,0.26431563,False
DEV_NORMAL_062,582,611,0.2718495,False
DEV_NORMAL_062,583,612,0.27207848,False
DEV_NORMAL_062,584,613,0.2681385,False
DEV_NORMAL_062,585,614,0.26970917,False
DEV_NORMAL_062,586,615,0.26775703,False
DEV_NORMAL_062,587,616,0.26846984,False
DEV_NORMAL_062,588,617,0.2696066,False
DEV_NORMAL_062,589,618,0.2365177,False
DEV_NORMAL_062,590,619,0.23461017,False
DEV_NORMAL_062,591,620,0.22009592,False
DEV_NORMAL_062,592,621,0.22062238,False
DEV_NORMAL_062,593,622,0.20509753,False
DEV_NORMAL_062,594,623,0.20624004,False
DEV_NORMAL_062,595,624,0.20244776,False
DEV_NORMAL_062,596,625,0.18362755,False
DEV_NORMAL_062,597,626,0.18079728,False
DEV_NORMAL_062,598,627,0.19180031,False
DEV_NORMAL_062,599,628,0.20397764,False
DEV_NORMAL_062,600,629,0.20206721,False
DEV_NORMAL_062,601,630,0.19740172,False
DEV_NORMAL_062,602,631,0.20006427,False
DEV_NORMAL_062,603,632,0.19839592,False
DEV_NORMAL_062,604,633,0.19495751,False
DEV_NORMAL_062,605,634,0.20839284,False
DEV_NORMAL_062,606,635,0.18719466,False
DEV_NORMAL_062,607,636,0.19838175,False
DEV_NORMAL_062,608,637,0.2162408,False
DEV_NORMAL_062,609,638,0.2074777,False
DEV_NORMAL_062,610,639,0.20132011,False
DEV_NORMAL_062,611,640,0.2011644,False
DEV_NORMAL_062,612,641,0.21009235,False
DEV_NORMAL_062,613,642,0.21880849,False
DEV_NORMAL_062,614,643,0.2020409,False
DEV_NORMAL_062,615,644,0.20567983,False
DEV_NORMAL_062,616,645,0.2081061,False
DEV_NORMAL_062,617,646,0.20706934,False
DEV_NORMAL_062,618,647,0.20196876,False
DEV_NORMAL_062,619,648,0.21587607,False
DEV_NORMAL_062,620,649,0.21363112,False
DEV_NORMAL_062,621,650,0.2276171,False
DEV_NORMAL_062,622,651,0.22878103,False
DEV_NORMAL_062,623,652,0.23284388,False
DEV_NORMAL_062,624,653,0.23891194,False
DEV_NORMAL_062,625,654,0.24572963,False
DEV_NORMAL_062,626,655,0.2347413,False
DEV_NORMAL_062,627,656,0.24081068,False
DEV_NORMAL_062,628,657,0.2382509,False
DEV_NORMAL_062,629,658,0.24323085,False
DEV_NORMAL_062,630,659,0.24409494,False
DEV_NORMAL_062,631,660,0.22343765,False
DEV_NORMAL_062,632,661,0.25059047,False
DEV_NORMAL_062,633,662,0.2514202,False
DEV_NORMAL_062,634,663,0.2540686,False
DEV_NORMAL_062,635,664,0.24105214,False
DEV_NORMAL_062,636,665,0.22668476,False
DEV_NORMAL_062,637,666,0.21652748,False
DEV_NORMAL_062,638,667,0.25042006,False
DEV_NORMAL_062,639,668,0.2659048,False
DEV_NORMAL_062,640,669,0.28510743,False
DEV_NORMAL_062,641,670,0.2759164,False
DEV_NORMAL_062,642,671,0.2677763,False
DEV_NORMAL_062,643,672,0.25378138,False
DEV_NORMAL_062,644,673,0.27517146,False
DEV_NORMAL_062,645,674,0.2629463,False
DEV_NORMAL_062,646,675,0.27475193,False
DEV_NORMAL_062,647,676,0.27411562,False
DEV_NORMAL_062,648,677,0.27411458,False
DEV_NORMAL_062,649,678,0.2839991,False
DEV_NORMAL_062,650,679,0.2678066,False
DEV_NORMAL_062,651,680,0.2800007,False
DEV_NORMAL_062,652,681,0.28522766,False
DEV_NORMAL_062,653,682,0.29852524,True
DEV_NORMAL_062,654,683,0.29191533,True
DEV_NORMAL_062,655,684,0.29104978,False
DEV_NORMAL_062,656,685,0.2992095,True
DEV_NORMAL_062,657,686,0.2969608,True
DEV_NORMAL_062,658,687,0.30316222,True
DEV_NORMAL_062,659,688,0.2798809,False
DEV_NORMAL_062,660,689,0.27251667,False
DEV_NORMAL_062,661,690,0.2724755,False
DEV_NORMAL_062,662,691,0.28535765,False
DEV_NORMAL_062,663,692,0.28856257,False
DEV_NORMAL_062,664,693,0.29214245,True
DEV_NORMAL_062,665,694,0.28405386,False
DEV_NORMAL_062,666,695,0.2821055,False
DEV_NORMAL_062,667,696,0.26979095,False
DEV_NORMAL_062,668,697,0.25346646,False
DEV_NORMAL_062,669,698,0.23267542,False
DEV_NORMAL_062,670,699,0.2321599,False
DEV_NORMAL_062,671,700,0.24252133,False
DEV_NORMAL_062,672,701,0.23823768,False
DEV_NORMAL_062,673,702,0.23511833,False
DEV_NORMAL_062,674,703,0.23741293,False
DEV_NORMAL_062,675,704,0.22907406,False
DEV_NORMAL_062,676,705,0.22785313,False
DEV_NORMAL_062,677,706,0.2383112,False
DEV_NORMAL_062,678,707,0.20510675,False
DEV_NORMAL_062,679,708,0.21962881,False
DEV_NORMAL_062,680,709,0.19057068,False
DEV_NORMAL_062,681,710,0.18739666,False
DEV_NORMAL_062,682,711,0.1850824,False
DEV_NORMAL_062,683,712,0.19202393,False
DEV_NORMAL_062,684,713,0.19468515,False
DEV_NORMAL_062,685,714,0.2166375,False
DEV_NORMAL_062,686,715,0.2257498,False
DEV_NORMAL_062,687,716,0.19901639,False
DEV_NORMAL_062,688,717,0.19489619,False
DEV_NORMAL_062,689,718,0.20239776,False
DEV_NORMAL_062,690,719,0.19425233,False
DEV_NORMAL_062,691,720,0.18731597,False
DEV_NORMAL_062,692,721,0.20034967,False
DEV_NORMAL_062,693,722,0.19361344,False
DEV_NORMAL_062,694,723,0.18463993,False
DEV_NORMAL_062,695,724,0.18088691,False
DEV_NORMAL_062,696,725,0.18603858,False
DEV_NORMAL_062,697,726,0.18527272,False
DEV_NORMAL_062,698,727,0.18331525,False
DEV_NORMAL_062,699,728,0.18398733,False
DEV_NORMAL_062,700,729,0.16684976,False
DEV_NORMAL_062,701,730,0.16739362,False
DEV_NORMAL_062,702,731,0.1638862,False
DEV_NORMAL_062,703,732,0.16244128,False
DEV_NORMAL_062,704,733,0.16244237,False
DEV_NORMAL_062,705,734,0.18283673,False
DEV_NORMAL_062,706,735,0.20466457,False
DEV_NORMAL_062,707,736,0.21065775,False
DEV_NORMAL_062,708,737,0.22296205,False
DEV_NORMAL_062,709,738,0.21866016,False
DEV_NORMAL_062,710,739,0.21716164,False
DEV_NORMAL_062,711,740,0.22367997,False
DEV_NORMAL_062,712,741,0.22111645,False
DEV_NORMAL_062,713,742,0.23236552,False
DEV_NORMAL_062,714,743,0.22863054,False
DEV_NORMAL_062,715,744,0.22974849,False
DEV_NORMAL_062,716,745,0.22894494,False
DEV_NORMAL_062,717,746,0.22555564,False
DEV_NORMAL_062,718,747,0.21913053,False
DEV_NORMAL_062,719,748,0.20832959,False
DEV_NORMAL_062,720,749,0.20528421,False
DEV_NORMAL_062,721,750,0.21723029,False
DEV_NORMAL_062,722,751,0.24587728,False
DEV_NORMAL_062,723,752,0.23923557,False
DEV_NORMAL_062,724,753,0.24597768,False
DEV_NORMAL_062,725,754,0.26353592,False
DEV_NORMAL_062,726,755,0.26539406,False
DEV_NORMAL_062,727,756,0.25593027,False
DEV_NORMAL_062,728,757,0.25280207,False
DEV_NORMAL_062,729,758,0.25236383,False
DEV_NORMAL_062,730,759,0.25810483,False
DEV_NORMAL_062,731,760,0.24438594,False
DEV_NORMAL_062,732,761,0.2513508,False
DEV_NORMAL_062,733,762,0.24471177,False
DEV_NORMAL_062,734,763,0.26874155,False
DEV_NORMAL_062,735,764,0.26414505,False
DEV_NORMAL_062,736,765,0.257046,False
DEV_NORMAL_062,737,766,0.27535334,False
DEV_NORMAL_062,738,767,0.25579795,False
DEV_NORMAL_062,739,768,0.26408488,False
DEV_NORMAL_062,740,769,0.27033442,False
DEV_NORMAL_062,741,770,0.25333938,False
DEV_NORMAL_062,742,771,0.2470709,False
DEV_NORMAL_062,743,772,0.24918912,False
DEV_NORMAL_062,744,773,0.24546307,False
DEV_NORMAL_062,745,774,0.24501534,False
DEV_NORMAL_062,746,775,0.24270491,False
DEV_NORMAL_062,747,776,0.25981992,False
DEV_NORMAL_062,748,777,0.26316747,False
DEV_NORMAL_062,749,778,0.26912424,False
DEV_NORMAL_062,750,779,0.26467282,False
DEV_NORMAL_062,751,780,0.25864467,False
DEV_NORMAL_062,752,781,0.24720463,False
DEV_NORMAL_062,753,782,0.26502985,False
DEV_NORMAL_062,754,783,0.23879957,False
DEV_NORMAL_062,755,784,0.23896573,False
DEV_NORMAL_062,756,785,0.24384072,False
DEV_NORMAL_062,757,786,0.24913675,False
DEV_NORMAL_062,758,787,0.25052488,False
DEV_NORMAL_062,759,788,0.24681671,False
DEV_NORMAL_062,760,789,0.24105078,False
DEV_NORMAL_062,761,790,0.27778167,False
DEV_NORMAL_062,762,791,0.2612234,False
DEV_NORMAL_062,763,792,0.23915882,False
DEV_NORMAL_062,764,793,0.23744898,False
DEV_NORMAL_062,765,794,0.22349055,False
DEV_NORMAL_062,766,795,0.22023259,False
DEV_NORMAL_062,767,796,0.23688109,False
DEV_NORMAL_062,768,797,0.24811853,False
DEV_NORMAL_062,769,798,0.2550065,False
DEV_NORMAL_062,770,799,0.24901618,False
DEV_NORMAL_062,771,800,0.25309935,False
DEV_NORMAL_062,772,801,0.2609314,False
DEV_NORMAL_062,773,802,0.25405073,False
DEV_NORMAL_062,774,803,0.25365546,False
DEV_NORMAL_062,775,804,0.24145515,False
DEV_NORMAL_062,776,805,0.2563981,False
DEV_NORMAL_062,777,806,0.25157693,False
DEV_NORMAL_062,778,807,0.2512042,False
DEV_NORMAL_062,779,808,0.2628609,False
DEV_NORMAL_062,780,809,0.24496254,False
DEV_NORMAL_062,781,810,0.23666881,False
DEV_NORMAL_062,782,811,0.24682435,False
DEV_NORMAL_062,783,812,0.2645482,False
DEV_NORMAL_062,784,813,0.2645839,False
DEV_NORMAL_062,785,814,0.2648771,False
DEV_NORMAL_062,786,815,0.24574468,False
DEV_NORMAL_062,787,816,0.25438693,False
DEV_NORMAL_062,788,817,0.25589243,False
DEV_NORMAL_062,789,818,0.25964308,False
DEV_NORMAL_062,790,819,0.26645926,False
DEV_NORMAL_062,791,820,0.23258816,False
DEV_NORMAL_062,792,821,0.25763905,False
DEV_NORMAL_062,793,822,0.23471518,False
DEV_NORMAL_062,794,823,0.23837286,False
DEV_NORMAL_062,795,824,0.23070945,False
DEV_NORMAL_062,796,825,0.23710571,False
DEV_NORMAL_062,797,826,0.23683606,False
DEV_NORMAL_062,798,827,0.23339207,False
DEV_NORMAL_062,799,828,0.22917445,False
DEV_NORMAL_062,800,829,0.21302554,False
DEV_NORMAL_062,801,830,0.22856227,False
DEV_NORMAL_062,802,831,0.21395658,False
DEV_NORMAL_062,803,832,0.2138422,False
DEV_NORMAL_062,804,833,0.2321896,False
DEV_NORMAL_062,805,834,0.21907479,False
DEV_NORMAL_062,806,835,0.21783529,False
DEV_NORMAL_062,807,836,0.20571992,False
DEV_NORMAL_062,808,837,0.21093012,False
DEV_NORMAL_062,809,838,0.21834435,False
DEV_NORMAL_062,810,839,0.18526122,False
DEV_NORMAL_062,811,840,0.18605153,False
DEV_NORMAL_062,812,841,0.18582794,False
DEV_NORMAL_062,813,842,0.1945732,False
DEV_NORMAL_062,814,843,0.1850353,False
DEV_NORMAL_062,815,844,0.17674668,False
DEV_NORMAL_062,816,845,0.15750161,False
DEV_NORMAL_062,817,846,0.16070412,False
DEV_NORMAL_062,818,847,0.15667328,False
DEV_NORMAL_062,819,848,0.17098396,False
DEV_NORMAL_062,820,849,0.17092557,False
DEV_NORMAL_062,821,850,0.17008862,False
DEV_NORMAL_062,822,851,0.18369396,False
DEV_NORMAL_062,823,852,0.20895235,False
DEV_NORMAL_062,824,853,0.20160456,False
DEV_NORMAL_062,825,854,0.20415281,False
DEV_NORMAL_062,826,855,0.21086527,False
DEV_NORMAL_062,827,856,0.1986485,False
DEV_NORMAL_062,828,857,0.20615882,False
DEV_NORMAL_062,829,858,0.20910582,False
DEV_NORMAL_062,830,859,0.206839,False
DEV_NORMAL_062,831,860,0.20390007,False
DEV_NORMAL_062,832,861,0.19995588,False
DEV_NORMAL_062,833,862,0.20709857,False
DEV_NORMAL_062,834,863,0.20874602,False
DEV_NORMAL_062,835,864,0.21890113,False
DEV_NORMAL_062,836,865,0.20779473,False
DEV_NORMAL_062,837,866,0.20090336,False
DEV_NORMAL_062,838,867,0.20553137,False
DEV_NORMAL_062,839,868,0.20985422,False
DEV_NORMAL_062,840,869,0.21257432,False
DEV_NORMAL_062,841,870,0.22071306,False
DEV_NORMAL_062,842,871,0.22079962,False
DEV_NORMAL_062,843,872,0.22619823,False
DEV_NORMAL_062,844,873,0.22925527,False
DEV_NORMAL_062,845,874,0.22919424,False
DEV_NORMAL_062,846,875,0.23252149,False
DEV_NORMAL_062,847,876,0.21807043,False
DEV_NORMAL_062,848,877,0.22879434,False
DEV_NORMAL_062,849,878,0.20625372,False
DEV_NORMAL_062,850,879,0.20369098,False
DEV_NORMAL_062,851,880,0.20421575,False
DEV_NORMAL_062,852,881,0.18582357,False
DEV_NORMAL_062,853,882,0.18086156,False
DEV_NORMAL_062,854,883,0.18701458,False
DEV_NORMAL_062,855,884,0.19411764,False
DEV_NORMAL_062,856,885,0.19418256,False
DEV_NORMAL_062,857,886,0.20411114,False
DEV_NORMAL_062,858,887,0.20585155,False
DEV_NORMAL_062,859,888,0.2040971,False
DEV_NORMAL_062,860,889,0.19866152,False
DEV_NORMAL_062,861,890,0.1864547,False
DEV_NORMAL_062,862,891,0.1910739,False
DEV_NORMAL_062,863,892,0.18504092,False
DEV_NORMAL_062,864,893,0.19039637,False
DEV_NORMAL_062,865,894,0.19837187,False
DEV_NORMAL_062,866,895,0.20601578,False
DEV_NORMAL_062,867,896,0.19771165,False
DEV_NORMAL_062,868,897,0.20345536,False
DEV_NORMAL_062,869,898,0.20419341,False
DEV_NORMAL_062,870,899,0.22022219,False
DEV_NORMAL_062,871,900,0.23275296,False
DEV_NORMAL_062,872,901,0.19903116,False
DEV_NORMAL_062,873,902,0.20104729,False
DEV_NORMAL_062,874,903,0.20733605,False
DEV_NORMAL_062,875,904,0.20632054,False
DEV_NORMAL_062,876,905,0.20245948,False
DEV_NORMAL_062,877,906,0.18679574,False
DEV_NORMAL_062,878,907,0.18280846,False
DEV_NORMAL_062,879,908,0.18712942,False
DEV_NORMAL_062,880,909,0.19242248,False
DEV_NORMAL_062,881,910,0.18114564,False
DEV_NORMAL_062,882,911,0.18151027,False
DEV_NORMAL_062,883,912,0.17500407,False
DEV_NORMAL_062,884,913,0.16931131,False
DEV_NORMAL_062,885,914,0.18149629,False
DEV_NORMAL_062,886,915,0.16315845,False
DEV_NORMAL_062,887,916,0.16294429,False
DEV_NORMAL_062,888,917,0.16867283,False
DEV_NORMAL_062,889,918,0.18061548,False
DEV_NORMAL_062,890,919,0.18254995,False
DEV_NORMAL_062,891,920,0.17655213,False
DEV_NORMAL_062,892,921,0.1813817,False
DEV_NORMAL_062,893,922,0.17851229,False
DEV_NORMAL_062,894,923,0.17153628,False
DEV_NORMAL_062,895,924,0.16891965,False
DEV_NORMAL_062,896,925,0.16133341,False
DEV_NORMAL_062,897,926,0.15878198,False
DEV_NORMAL_062,898,927,0.15978095,False
DEV_NORMAL_062,899,928,0.15388665,False
DEV_NORMAL_062,900,929,0.1486866,False
DEV_NORMAL_062,901,930,0.16030906,False
DEV_NORMAL_062,902,931,0.16784512,False
DEV_NORMAL_062,903,932,0.16836064,False
DEV_NORMAL_062,904,933,0.16585289,False
DEV_NORMAL_062,905,934,0.17100735,False
DEV_NORMAL_062,906,935,0.15812327,False
DEV_NORMAL_062,907,936,0.15602185,False
DEV_NORMAL_062,908,937,0.14995413,False
DEV_NORMAL_062,909,938,0.16337524,False
DEV_NORMAL_062,910,939,0.17450851,False
DEV_NORMAL_062,911,940,0.17705777,False
DEV_NORMAL_062,912,941,0.16429463,False
DEV_NORMAL_062,913,942,0.16753587,False
DEV_NORMAL_062,914,943,0.17333078,False
DEV_NORMAL_062,915,944,0.16443118,False
DEV_NORMAL_062,916,945,0.1617577,False
DEV_NORMAL_062,917,946,0.15745935,False
DEV_NORMAL_062,918,947,0.15356229,False
DEV_NORMAL_062,919,948,0.16706939,False
DEV_NORMAL_062,920,949,0.16282539,False
DEV_NORMAL_062,921,950,0.15561086,False
DEV_NORMAL_062,922,951,0.16178094,False
DEV_NORMAL_062,923,952,0.1698076,False
DEV_NORMAL_062,924,953,0.17734905,False
DEV_NORMAL_062,925,954,0.16965333,False
DEV_NORMAL_062,926,955,0.18357038,False
DEV_NORMAL_062,927,956,0.17635116,False
DEV_NORMAL_062,928,957,0.18849064,False
DEV_NORMAL_062,929,958,0.19059877,False
DEV_NORMAL_062,930,959,0.18949853,False
DEV_NORMAL_062,931,960,0.19062604,False
DEV_NORMAL_062,932,961,0.18544683,False
DEV_NORMAL_062,933,962,0.19293976,False
DEV_NORMAL_062,934,963,0.2034723,False
DEV_NORMAL_062,935,964,0.20982473,False
DEV_NORMAL_062,936,965,0.20781973,False
DEV_NORMAL_062,937,966,0.19471148,False
DEV_NORMAL_062,938,967,0.20081472,False
DEV_NORMAL_062,939,968,0.19943415,False
DEV_NORMAL_062,940,969,0.19117683,False
DEV_NORMAL_062,941,970,0.19308525,False
DEV_NORMAL_062,942,971,0.20115474,False
DEV_NORMAL_062,943,972,0.19271189,False
DEV_NORMAL_062,944,973,0.1978531,False
DEV_NORMAL_062,945,974,0.20516504,False
DEV_NORMAL_062,946,975,0.20619735,False
DEV_NORMAL_062,947,976,0.21135052,False
DEV_NORMAL_062,948,977,0.21726914,False
DEV_NORMAL_062,949,978,0.22444557,False
DEV_NORMAL_062,950,979,0.21770248,False
DEV_NORMAL_062,951,980,0.21910378,False
DEV_NORMAL_062,952,981,0.21612485,False
DEV_NORMAL_062,953,982,0.21764405,False
DEV_NORMAL_062,954,983,0.22282003,False
DEV_NORMAL_062,955,984,0.21863286,False
DEV_NORMAL_062,956,985,0.22564487,False
DEV_NORMAL_062,957,986,0.206256,False
DEV_NORMAL_062,958,987,0.2144518,False
DEV_NORMAL_062,959,988,0.22748938,False
DEV_NORMAL_062,960,989,0.22255188,False
DEV_NORMAL_062,961,990,0.21350817,False
DEV_NORMAL_062,962,991,0.21213102,False
DEV_NORMAL_062,963,992,0.21543571,False
DEV_NORMAL_062,964,993,0.24367295,False
DEV_NORMAL_062,965,994,0.23770684,False
DEV_NORMAL_062,966,995,0.24226943,False
DEV_NORMAL_062,967,996,0.23698772,False
DEV_NORMAL_062,968,997,0.23585358,False
DEV_NORMAL_062,969,998,0.2421306,False
DEV_NORMAL_062,970,999,0.2418856,False
DEV_NORMAL_062,971,1000,0.24795255,False
DEV_NORMAL_062,972,1001,0.25905836,False
DEV_NORMAL_062,973,1002,0.26021537,False
DEV_NORMAL_062,974,1003,0.2633616,False
DEV_NORMAL_062,975,1004,0.25391516,False
DEV_NORMAL_062,976,1005,0.25023538,False
DEV_NORMAL_062,977,1006,0.25279006,False
DEV_NORMAL_062,978,1007,0.24236633,False
DEV_NORMAL_062,979,1008,0.2575337,False
DEV_NORMAL_062,980,1009,0.2663992,False
DEV_NORMAL_062,981,1010,0.2551634,False
DEV_NORMAL_062,982,1011,0.24112844,False
DEV_NORMAL_062,983,1012,0.24530281,False
DEV_NORMAL_062,984,1013,0.2497793,False
DEV_NORMAL_062,985,1014,0.25123566,False
DEV_NORMAL_062,986,1015,0.2437848,False
DEV_NORMAL_062,987,1016,0.24384998,False
DEV_NORMAL_062,988,1017,0.24659328,False
DEV_NORMAL_062,989,1018,0.2365273,False
DEV_NORMAL_062,990,1019,0.23718497,False
DEV_NORMAL_062,991,1020,0.2503328,False
DEV_NORMAL_062,992,1021,0.25637832,False
DEV_NORMAL_062,993,1022,0.23704474,False
DEV_NORMAL_062,994,1023,0.246847,False
DEV_NORMAL_062,995,1024,0.24756962,False
DEV_NORMAL_062,996,1025,0.25520137,False
DEV_NORMAL_062,997,1026,0.2488526,False
DEV_NORMAL_062,998,1027,0.2488557,False
DEV_NORMAL_062,999,1028,0.26395908,False
DEV_NORMAL_062,1000,1029,0.27139622,False
DEV_NORMAL_062,1001,1030,0.26346305,False
DEV_NORMAL_062,1002,1031,0.2565327,False
DEV_NORMAL_062,1003,1032,0.26191267,False
DEV_NORMAL_062,1004,1033,0.25435898,False
DEV_NORMAL_062,1005,1034,0.2666806,False
DEV_NORMAL_062,1006,1035,0.25258628,False
DEV_NORMAL_062,1007,1036,0.25570786,False
DEV_NORMAL_062,1008,1037,0.25013056,False
DEV_NORMAL_062,1009,1038,0.24992307,False
DEV_NORMAL_062,1010,1039,0.2295358,False
DEV_NORMAL_062,1011,1040,0.22967364,False
DEV_NORMAL_062,1012,1041,0.22042085,False
DEV_NORMAL_062,1013,1042,0.23121063,False
DEV_NORMAL_062,1014,1043,0.21855627,False
DEV_NORMAL_062,1015,1044,0.22964859,False
DEV_NORMAL_062,1016,1045,0.24127276,False
DEV_NORMAL_062,1017,1046,0.23886581,False
DEV_NORMAL_062,1018,1047,0.2381881,False
DEV_NORMAL_062,1019,1048,0.2788847,False
DEV_NORMAL_062,1020,1049,0.2740977,False
DEV_NORMAL_062,1021,1050,0.24573644,False
DEV_NORMAL_062,1022,1051,0.23065504,False
DEV_NORMAL_062,1023,1052,0.22109374,False
DEV_NORMAL_062,1024,1053,0.22299767,False
DEV_NORMAL_062,1025,1054,0.23671745,False
DEV_NORMAL_062,1026,1055,0.22869666,False
DEV_NORMAL_062,1027,1056,0.2004245,False
DEV_NORMAL_062,1028,1057,0.21177194,False
DEV_NORMAL_062,1029,1058,0.21054189,False
DEV_NORMAL_062,1030,1059,0.20757754,False
DEV_NORMAL_062,1031,1060,0.20116387,False
DEV_NORMAL_062,1032,1061,0.20606779,False
DEV_NORMAL_062,1033,1062,0.18856758,False
DEV_NORMAL_062,1034,1063,0.19885339,False
DEV_NORMAL_062,1035,1064,0.19818601,False
DEV_NORMAL_062,1036,1065,0.18924727,False
DEV_NORMAL_062,1037,1066,0.20701344,False
DEV_NORMAL_062,1038,1067,0.18705533,False
DEV_NORMAL_062,1039,1068,0.20032437,False
DEV_NORMAL_062,1040,1069,0.21680227,False
DEV_NORMAL_062,1041,1070,0.20517582,False
DEV_NORMAL_062,1042,1071,0.20105483,False
DEV_NORMAL_062,1043,1072,0.18923798,False
DEV_NORMAL_062,1044,1073,0.20238091,False
DEV_NORMAL_062,1045,1074,0.23326083,False
DEV_NORMAL_062,1046,1075,0.23373269,False
DEV_NORMAL_062,1047,1076,0.22989775,False
DEV_NORMAL_062,1048,1077,0.20693427,False
DEV_NORMAL_062,1049,1078,0.21683764,False
DEV_NORMAL_062,1050,1079,0.21165252,False
DEV_NORMAL_062,1051,1080,0.21408387,False
DEV_NORMAL_062,1052,1081,0.22283658,False
DEV_NORMAL_062,1053,1082,0.23417877,False
DEV_NORMAL_062,1054,1083,0.22123589,False
DEV_NORMAL_062,1055,1084,0.21673134,False
DEV_NORMAL_062,1056,1085,0.22363666,False
DEV_NORMAL_062,1057,1086,0.22496639,False
DEV_NORMAL_062,1058,1087,0.21309564,False
DEV_NORMAL_062,1059,1088,0.21964522,False
DEV_NORMAL_062,1060,1089,0.22264226,False
DEV_NORMAL_062,1061,1090,0.21333362,False
DEV_NORMAL_062,1062,1091,0.22970486,False
DEV_NORMAL_062,1063,1092,0.23840591,False
DEV_NORMAL_062,1064,1093,0.22831813,False
DEV_NORMAL_062,1065,1094,0.2242406,False
DEV_NORMAL_062,1066,1095,0.20934509,False
DEV_NORMAL_062,1067,1096,0.20770921,False
DEV_NORMAL_062,1068,1097,0.20117143,False
DEV_NORMAL_062,1069,1098,0.21513605,False
DEV_NORMAL_062,1070,1099,0.21449928,False
DEV_NORMAL_062,1071,1100,0.19140075,False
DEV_NORMAL_062,1072,1101,0.19313218,False
DEV_NORMAL_062,1073,1102,0.19161105,False
DEV_NORMAL_062,1074,1103,0.17812862,False
DEV_NORMAL_062,1075,1104,0.1708164,False
DEV_NORMAL_062,1076,1105,0.18233232,False
DEV_NORMAL_062,1077,1106,0.18654259,False
DEV_NORMAL_062,1078,1107,0.18070476,False
DEV_NORMAL_062,1079,1108,0.17135286,False
DEV_NORMAL_062,1080,1109,0.16306959,False
DEV_NORMAL_062,1081,1110,0.16582182,False
DEV_NORMAL_062,1082,1111,0.17695814,False
DEV_NORMAL_062,1083,1112,0.1843133,False
DEV_NORMAL_062,1084,1113,0.18426877,False
DEV_NORMAL_062,1085,1114,0.19064985,False
DEV_NORMAL_062,1086,1115,0.19030501,False
DEV_NORMAL_062,1087,1116,0.20890589,False
DEV_NORMAL_062,1088,1117,0.2158042,False
DEV_NORMAL_062,1089,1118,0.22007672,False
DEV_NORMAL_062,1090,1119,0.21448164,False
DEV_NORMAL_062,1091,1120,0.21698141,False
DEV_NORMAL_062,1092,1121,0.21354549,False
DEV_NORMAL_062,1093,1122,0.20271997,False
DEV_NORMAL_062,1094,1123,0.21012399,False
DEV_NORMAL_062,1095,1124,0.2074349,False
DEV_NORMAL_062,1096,1125,0.20808007,False
DEV_NORMAL_062,1097,1126,0.19469224,False
DEV_NORMAL_062,1098,1127,0.19103542,False
DEV_NORMAL_062,1099,1128,0.19493742,False
DEV_NORMAL_062,1100,1129,0.2006068,False
DEV_NORMAL_062,1101,1130,0.19673634,False
DEV_NORMAL_062,1102,1131,0.1934419,False
DEV_NORMAL_062,1103,1132,0.22784376,False
DEV_NORMAL_062,1104,1133,0.23480126,False
DEV_NORMAL_062,1105,1134,0.23387912,False
DEV_NORMAL_062,1106,1135,0.23962198,False
DEV_NORMAL_062,1107,1136,0.24821085,False
DEV_NORMAL_062,1108,1137,0.2511696,False
DEV_NORMAL_062,1109,1138,0.25352314,False
DEV_NORMAL_062,1110,1139,0.24822332,False
DEV_NORMAL_062,1111,1140,0.24578932,False
DEV_NORMAL_062,1112,1141,0.24018739,False
DEV_NORMAL_062,1113,1142,0.22457787,False
DEV_NORMAL_062,1114,1143,0.23008566,False
DEV_NORMAL_062,1115,1144,0.22959957,False
DEV_NORMAL_062,1116,1145,0.20036714,False
DEV_NORMAL_062,1117,1146,0.2088466,False
DEV_NORMAL_062,1118,1147,0.21730155,False
DEV_NORMAL_062,1119,1148,0.19385462,False
DEV_NORMAL_062,1120,1149,0.18857089,False
DEV_NORMAL_062,1121,1150,0.19356218,False
DEV_NORMAL_062,1122,1151,0.20327571,False
DEV_NORMAL_062,1123,1152,0.19622283,False
DEV_NORMAL_062,1124,1153,0.22576459,False
DEV_NORMAL_062,1125,1154,0.21932624,False
DEV_NORMAL_062,1126,1155,0.22706099,False
DEV_NORMAL_062,1127,1156,0.22441815,False
DEV_NORMAL_062,1128,1157,0.22404085,False
DEV_NORMAL_062,1129,1158,0.22432832,False
DEV_NORMAL_062,1130,1159,0.21349242,False
DEV_NORMAL_062,1131,1160,0.19778544,False
DEV_NORMAL_062,1132,1161,0.18877217,False
DEV_NORMAL_062,1133,1162,0.21390562,False
DEV_NORMAL_062,1134,1163,0.20959215,False
DEV_NORMAL_062,1135,1164,0.18855578,False
DEV_NORMAL_062,1136,1165,0.18742816,False
DEV_NORMAL_062,1137,1166,0.18397777,False
DEV_NORMAL_062,1138,1167,0.18431614,False
DEV_NORMAL_062,1139,1168,0.18874738,False
DEV_NORMAL_062,1140,1169,0.19785976,False
DEV_NORMAL_062,1141,1170,0.19622596,False
DEV_NORMAL_062,1142,1171,0.1909833,False
DEV_NORMAL_062,1143,1172,0.20535332,False
DEV_NORMAL_062,1144,1173,0.19910675,False
DEV_NORMAL_062,1145,1174,0.19995607,False
DEV_NORMAL_062,1146,1175,0.20870875,False
DEV_NORMAL_062,1147,1176,0.22150628,False
DEV_NORMAL_062,1148,1177,0.21030165,False
DEV_NORMAL_062,1149,1178,0.21230596,False
DEV_NORMAL_062,1150,1179,0.22105697,False
DEV_NORMAL_062,1151,1180,0.24156135,False
DEV_NORMAL_062,1152,1181,0.23572616,False
DEV_NORMAL_062,1153,1182,0.23953737,False
DEV_NORMAL_062,1154,1183,0.23112206,False
DEV_NORMAL_062,1155,1184,0.23380181,False
DEV_NORMAL_062,1156,1185,0.23434311,False
DEV_NORMAL_062,1157,1186,0.24959399,False
DEV_NORMAL_062,1158,1187,0.24370056,False
DEV_NORMAL_062,1159,1188,0.26433444,False
DEV_NORMAL_062,1160,1189,0.28409776,False
DEV_NORMAL_062,1161,1190,0.28650331,False
DEV_NORMAL_062,1162,1191,0.28229374,False
DEV_NORMAL_062,1163,1192,0.27017826,False
DEV_NORMAL_062,1164,1193,0.27955526,False
DEV_NORMAL_062,1165,1194,0.27178657,False
DEV_NORMAL_062,1166,1195,0.27648067,False
DEV_NORMAL_062,1167,1196,0.29758766,True
DEV_NORMAL_062,1168,1197,0.29773542,True
DEV_NORMAL_062,1169,1198,0.28389373,False
DEV_NORMAL_062,1170,1199,0.28334782,False
DEV_NORMAL_062,1171,1200,0.3007688,True
DEV_NORMAL_062,1172,1201,0.25870126,False
DEV_NORMAL_062,1173,1202,0.2574971,False
DEV_NORMAL_062,1174,1203,0.28686866,False
DEV_NORMAL_062,1175,1204,0.27669346,False
DEV_NORMAL_062,1176,1205,0.25347105,False
DEV_NORMAL_062,1177,1206,0.26240474,False
DEV_NORMAL_062,1178,1207,0.2573449,False
DEV_NORMAL_062,1179,1208,0.267343,False
DEV_NORMAL_062,1180,1209,0.23321982,False
DEV_NORMAL_062,1181,1210,0.25025597,False
DEV_NORMAL_062,1182,1211,0.24919933,False
DEV_NORMAL_062,1183,1212,0.27121773,False
DEV_NORMAL_062,1184,1213,0.26437065,False
DEV_NORMAL_062,1185,1214,0.26047483,False
DEV_NORMAL_062,1186,1215,0.24536018,False
DEV_NORMAL_062,1187,1216,0.24973348,False
DEV_NORMAL_062,1188,1217,0.2238089,False
DEV_NORMAL_062,1189,1218,0.21865042,False
DEV_NORMAL_062,1190,1219,0.20480748,False
DEV_NORMAL_062,1191,1220,0.19943053,False
DEV_NORMAL_062,1192,1221,0.21930055,False
DEV_NORMAL_062,1193,1222,0.23471422,False
DEV_NORMAL_062,1194,1223,0.22484255,False
DEV_NORMAL_062,1195,1224,0.20391577,False
DEV_NORMAL_062,1196,1225,0.20127411,False
DEV_NORMAL_062,1197,1226,0.19934018,False
DEV_NORMAL_062,1198,1227,0.20810257,False
DEV_NORMAL_062,1199,1228,0.21837573,False
DEV_NORMAL_062,1200,1229,0.21825534,False
DEV_NORMAL_062,1201,1230,0.21491966,False
DEV_NORMAL_062,1202,1231,0.22043142,False
DEV_NORMAL_062,1203,1232,0.2313339,False
DEV_NORMAL_062,1204,1233,0.2291674,False
DEV_NORMAL_062,1205,1234,0.23415358,False
DEV_NORMAL_062,1206,1235,0.24730285,False
DEV_NORMAL_062,1207,1236,0.26618308,False
DEV_NORMAL_062,1208,1237,0.24247952,False
DEV_NORMAL_062,1209,1238,0.2431336,False
DEV_NORMAL_062,1210,1239,0.24265733,False
DEV_NORMAL_062,1211,1240,0.24568036,False
DEV_NORMAL_062,1212,1241,0.22412182,False
DEV_NORMAL_062,1213,1242,0.22850513,False
DEV_NORMAL_062,1214,1243,0.23970154,False
DEV_NORMAL_062,1215,1244,0.2393686,False
DEV_NORMAL_062,1216,1245,0.23585066,False
DEV_NORMAL_062,1217,1246,0.23885831,False
DEV_NORMAL_062,1218,1247,0.23950568,False
DEV_NORMAL_062,1219,1248,0.23526978,False
DEV_NORMAL_062,1220,1249,0.24260278,False
DEV_NORMAL_062,1221,1250,0.24619436,False
DEV_NORMAL_062,1222,1251,0.24319273,False
DEV_NORMAL_062,1223,1252,0.23364854,False
DEV_NORMAL_062,1224,1253,0.25040355,False
DEV_NORMAL_062,1225,1254,0.2707442,False
DEV_NORMAL_062,1226,1255,0.2616269,False
DEV_NORMAL_062,1227,1256,0.26322168,False
DEV_NORMAL_062,1228,1257,0.26425576,False
DEV_NORMAL_062,1229,1258,0.23951484,False
DEV_NORMAL_062,1230,1259,0.2551709,False
DEV_NORMAL_072,0,29,0.29290345,True
DEV_NORMAL_072,1,30,0.28648937,False
DEV_NORMAL_072,2,31,0.27186218,False
DEV_NORMAL_072,3,32,0.27595297,False
DEV_NORMAL_072,4,33,0.27364048,False
DEV_NORMAL_072,5,34,0.28229567,False
DEV_NORMAL_072,6,35,0.27451268,False
DEV_NORMAL_072,7,36,0.26367044,False
DEV_NORMAL_072,8,37,0.2623869,False
DEV_NORMAL_072,9,38,0.24478826,False
DEV_NORMAL_072,10,39,0.24222228,False
DEV_NORMAL_072,11,40,0.24297495,False
DEV_NORMAL_072,12,41,0.23469934,False
DEV_NORMAL_072,13,42,0.253496,False
DEV_NORMAL_072,14,43,0.25120652,False
DEV_NORMAL_072,15,44,0.25387868,False
DEV_NORMAL_072,16,45,0.2498882,False
DEV_NORMAL_072,17,46,0.2483342,False
DEV_NORMAL_072,18,47,0.24716029,False
DEV_NORMAL_072,19,48,0.24040607,False
DEV_NORMAL_072,20,49,0.2418943,False
DEV_NORMAL_072,21,50,0.25000378,False
DEV_NORMAL_072,22,51,0.23598896,False
DEV_NORMAL_072,23,52,0.25719917,False
DEV_NORMAL_072,24,53,0.23221634,False
DEV_NORMAL_072,25,54,0.23895447,False
DEV_NORMAL_072,26,55,0.24689372,False
DEV_NORMAL_072,27,56,0.22227703,False
DEV_NORMAL_072,28,57,0.22024968,False
DEV_NORMAL_072,29,58,0.22538385,False
DEV_NORMAL_072,30,59,0.22381,False
DEV_NORMAL_072,31,60,0.23555319,False
DEV_NORMAL_072,32,61,0.22408076,False
DEV_NORMAL_072,33,62,0.23381303,False
DEV_NORMAL_072,34,63,0.22173803,False
DEV_NORMAL_072,35,64,0.21457785,False
DEV_NORMAL_072,36,65,0.22143912,False
DEV_NORMAL_072,37,66,0.22398101,False
DEV_NORMAL_072,38,67,0.21532294,False
DEV_NORMAL_072,39,68,0.22195418,False
DEV_NORMAL_072,40,69,0.2240529,False
DEV_NORMAL_072,41,70,0.20657514,False
DEV_NORMAL_072,42,71,0.2500949,False
DEV_NORMAL_072,43,72,0.24257721,False
DEV_NORMAL_072,44,73,0.2544718,False
DEV_NORMAL_072,45,74,0.22193128,False
DEV_NORMAL_072,46,75,0.24038216,False
DEV_NORMAL_072,47,76,0.2587649,False
DEV_NORMAL_072,48,77,0.26543048,False
DEV_NORMAL_072,49,78,0.26432532,False
DEV_NORMAL_072,50,79,0.2379036,False
DEV_NORMAL_072,51,80,0.24846369,False
DEV_NORMAL_072,52,81,0.22348088,False
DEV_NORMAL_072,53,82,0.22580345,False
DEV_NORMAL_072,54,83,0.24566504,False
DEV_NORMAL_072,55,84,0.22606264,False
DEV_NORMAL_072,56,85,0.2235221,False
DEV_NORMAL_072,57,86,0.2093797,False
DEV_NORMAL_072,58,87,0.21619032,False
DEV_NORMAL_072,59,88,0.24031515,False
DEV_NORMAL_072,60,89,0.22929496,False
DEV_NORMAL_072,61,90,0.22022581,False
DEV_NORMAL_072,62,91,0.21384312,False
DEV_NORMAL_072,63,92,0.20777288,False
DEV_NORMAL_072,64,93,0.25272593,False
DEV_NORMAL_072,65,94,0.234395,False
DEV_NORMAL_072,66,95,0.21966629,False
DEV_NORMAL_072,67,96,0.22172622,False
DEV_NORMAL_072,68,97,0.23952906,False
DEV_NORMAL_072,69,98,0.26115498,False
DEV_NORMAL_072,70,99,0.25654945,False
DEV_NORMAL_072,71,100,0.27474788,False
DEV_NORMAL_072,72,101,0.2652538,False
DEV_NORMAL_072,73,102,0.25947115,False
DEV_NORMAL_072,74,103,0.25206688,False
DEV_NORMAL_072,75,104,0.25647402,False
DEV_NORMAL_072,76,105,0.26650244,False
DEV_NORMAL_072,77,106,0.24516445,False
DEV_NORMAL_072,78,107,0.23723814,False
DEV_NORMAL_072,79,108,0.24789755,False
DEV_NORMAL_072,80,109,0.25238746,False
DEV_NORMAL_072,81,110,0.23784497,False
DEV_NORMAL_072,82,111,0.2523486,False
DEV_NORMAL_072,83,112,0.2424368,False
DEV_NORMAL_072,84,113,0.25610447,False
DEV_NORMAL_072,85,114,0.24525113,False
DEV_NORMAL_072,86,115,0.2782174,False
DEV_NORMAL_072,87,116,0.2856888,False
DEV_NORMAL_072,88,117,0.27752826,False
DEV_NORMAL_072,89,118,0.2722333,False
DEV_NORMAL_072,90,119,0.26117983,False
DEV_NORMAL_072,91,120,0.25190294,False
DEV_NORMAL_072,92,121,0.26108918,False
DEV_NORMAL_072,93,122,0.27296868,False
DEV_NORMAL_072,94,123,0.26885837,False
DEV_NORMAL_072,95,124,0.25958356,False
DEV_NORMAL_072,96,125,0.25995266,False
DEV_NORMAL_072,97,126,0.274893,False
DEV_NORMAL_072,98,127,0.24307299,False
DEV_NORMAL_072,99,128,0.22648525,False
DEV_NORMAL_072,100,129,0.24313577,False
DEV_NORMAL_072,101,130,0.24928719,False
DEV_NORMAL_072,102,131,0.24530727,False
DEV_NORMAL_072,103,132,0.25378618,False
DEV_NORMAL_072,104,133,0.26350063,False
DEV_NORMAL_072,105,134,0.2654796,False
DEV_NORMAL_072,106,135,0.2678472,False
DEV_NORMAL_072,107,136,0.27422526,False
DEV_NORMAL_072,108,137,0.28732103,False
DEV_NORMAL_072,109,138,0.28390554,False
DEV_NORMAL_072,110,139,0.27134362,False
DEV_NORMAL_072,111,140,0.2725984,False
DEV_NORMAL_072,112,141,0.26076,False
DEV_NORMAL_072,113,142,0.2397898,False
DEV_NORMAL_072,114,143,0.25998467,False
DEV_NORMAL_072,115,144,0.26349118,False
DEV_NORMAL_072,116,145,0.2469409,False
DEV_NORMAL_072,117,146,0.25365826,False
DEV_NORMAL_072,118,147,0.27070296,False
DEV_NORMAL_072,119,148,0.28248265,False
DEV_NORMAL_072,120,149,0.28359947,False
DEV_NORMAL_072,121,150,0.26937914,False
DEV_NORMAL_072,122,151,0.28136033,False
DEV_NORMAL_072,123,152,0.31419685,True
DEV_NORMAL_072,124,153,0.3024799,True
DEV_NORMAL_072,125,154,0.30445543,True
DEV_NORMAL_072,126,155,0.306663,True
DEV_NORMAL_072,127,156,0.29438862,True
DEV_NORMAL_072,128,157,0.26861513,False
DEV_NORMAL_072,129,158,0.26941553,False
DEV_NORMAL_072,130,159,0.26645818,False
DEV_NORMAL_072,131,160,0.28249642,False
DEV_NORMAL_072,132,161,0.26756942,False
DEV_NORMAL_072,133,162,0.26880485,False
DEV_NORMAL_072,134,163,0.2604957,False
DEV_NORMAL_072,135,164,0.28965977,False
DEV_NORMAL_072,136,165,0.28572857,False
DEV_NORMAL_072,137,166,0.2973317,True
DEV_NORMAL_072,138,167,0.30437082,True
DEV_NORMAL_072,139,168,0.29438722,True
DEV_NORMAL_072,140,169,0.2884631,False
DEV_NORMAL_072,141,170,0.29299897,True
DEV_NORMAL_072,142,171,0.27557507,False
DEV_NORMAL_072,143,172,0.27227798,False
DEV_NORMAL_072,144,173,0.2661702,False
DEV_NORMAL_072,145,174,0.25909883,False
DEV_NORMAL_072,146,175,0.26230243,False
DEV_NORMAL_072,147,176,0.2466876,False
DEV_NORMAL_072,148,177,0.24398035,False
DEV_NORMAL_072,149,178,0.23342615,False
DEV_NORMAL_072,150,179,0.22549777,False
DEV_NORMAL_072,151,180,0.21827841,False
DEV_NORMAL_072,152,181,0.22943191,False
DEV_NORMAL_072,153,182,0.20685515,False
DEV_NORMAL_072,154,183,0.21213064,False
DEV_NORMAL_072,155,184,0.21126898,False
DEV_NORMAL_072,156,185,0.212353,False
DEV_NORMAL_072,157,186,0.21988328,False
DEV_NORMAL_072,158,187,0.22003037,False
DEV_NORMAL_072,159,188,0.20160128,False
DEV_NORMAL_072,160,189,0.20204702,False
DEV_NORMAL_072,161,190,0.21227282,False
DEV_NORMAL_072,162,191,0.22045822,False
DEV_NORMAL_072,163,192,0.2161855,False
DEV_NORMAL_072,164,193,0.20850387,False
DEV_NORMAL_072,165,194,0.20817718,False
DEV_NORMAL_072,166,195,0.204845,False
DEV_NORMAL_072,167,196,0.20900886,False
DEV_NORMAL_072,168,197,0.21379341,False
DEV_NORMAL_072,169,198,0.21934363,False
DEV_NORMAL_072,170,199,0.21001679,False
DEV_NORMAL_072,171,200,0.1998655,False
DEV_NORMAL_072,172,201,0.19746222,False
DEV_NORMAL_072,173,202,0.20923437,False
DEV_NORMAL_072,174,203,0.21164574,False
DEV_NORMAL_072,175,204,0.20638034,False
DEV_NORMAL_072,176,205,0.19596283,False
DEV_NORMAL_072,177,206,0.19071604,False
DEV_NORMAL_072,178,207,0.18609233,False
DEV_NORMAL_072,179,208,0.18920805,False
DEV_NORMAL_072,180,209,0.19313648,False
DEV_NORMAL_072,181,210,0.18846686,False
DEV_NORMAL_072,182,211,0.18594943,False
DEV_NORMAL_072,183,212,0.17997935,False
DEV_NORMAL_072,184,213,0.17234889,False
DEV_NORMAL_072,185,214,0.17474344,False
DEV_NORMAL_072,186,215,0.18428083,False
DEV_NORMAL_072,187,216,0.1797409,False
DEV_NORMAL_072,188,217,0.19019398,False
DEV_NORMAL_072,189,218,0.18419956,False
DEV_NORMAL_072,190,219,0.19646187,False
DEV_NORMAL_072,191,220,0.17304367,False
DEV_NORMAL_072,192,221,0.18011405,False
DEV_NORMAL_072,193,222,0.1858602,False
DEV_NORMAL_072,194,223,0.18658902,False
DEV_NORMAL_072,195,224,0.1925693,False
DEV_NORMAL_072,196,225,0.19468936,False
DEV_NORMAL_072,197,226,0.1871818,False
DEV_NORMAL_072,198,227,0.18784684,False
DEV_NORMAL_072,199,228,0.19635391,False
DEV_NORMAL_072,200,229,0.20603131,False
DEV_NORMAL_072,201,230,0.19360766,False
DEV_NORMAL_072,202,231,0.19595318,False
DEV_NORMAL_072,203,232,0.18854575,False
DEV_NORMAL_072,204,233,0.19101827,False
DEV_NORMAL_072,205,234,0.18408512,False
DEV_NORMAL_072,206,235,0.18717922,False
DEV_NORMAL_072,207,236,0.19183506,False
DEV_NORMAL_072,208,237,0.19700511,False
DEV_NORMAL_072,209,238,0.18918969,False
DEV_NORMAL_072,210,239,0.19541486,False
DEV_NORMAL_072,211,240,0.20079276,False
DEV_NORMAL_072,212,241,0.21069501,False
DEV_NORMAL_072,213,242,0.20654938,False
DEV_NORMAL_072,214,243,0.2167655,False
DEV_NORMAL_072,215,244,0.22285776,False
DEV_NORMAL_072,216,245,0.20340903,False
DEV_NORMAL_072,217,246,0.21485554,False
DEV_NORMAL_072,218,247,0.2241325,False
DEV_NORMAL_072,219,248,0.2221124,False
DEV_NORMAL_072,220,249,0.2592525,False
DEV_NORMAL_072,221,250,0.25948235,False
DEV_NORMAL_072,222,251,0.25377485,False
DEV_NORMAL_072,223,252,0.25524727,False
DEV_NORMAL_072,224,253,0.2543305,False
DEV_NORMAL_072,225,254,0.25403017,False
DEV_NORMAL_072,226,255,0.24106702,False
DEV_NORMAL_072,227,256,0.2538386,False
DEV_NORMAL_072,228,257,0.24377917,False
DEV_NORMAL_072,229,258,0.25023156,False
DEV_NORMAL_072,230,259,0.25045234,False
DEV_NORMAL_072,231,260,0.25475815,False
DEV_NORMAL_072,232,261,0.25069222,False
DEV_NORMAL_072,233,262,0.24319133,False
DEV_NORMAL_072,234,263,0.2351675,False
DEV_NORMAL_072,235,264,0.25319847,False
DEV_NORMAL_072,236,265,0.24207838,False
DEV_NORMAL_072,237,266,0.23661849,False
DEV_NORMAL_072,238,267,0.24851061,False
DEV_NORMAL_072,239,268,0.2483996,False
DEV_NORMAL_072,240,269,0.25365943,False
DEV_NORMAL_072,241,270,0.24496754,False
DEV_NORMAL_072,242,271,0.24715455,False
DEV_NORMAL_072,243,272,0.2520402,False
DEV_NORMAL_072,244,273,0.25047848,False
DEV_NORMAL_072,245,274,0.2641235,False
DEV_NORMAL_072,246,275,0.25684744,False
DEV_NORMAL_072,247,276,0.24521269,False
DEV_NORMAL_072,248,277,0.2575234,False
DEV_NORMAL_072,249,278,0.23410599,False
DEV_NORMAL_072,250,279,0.22947566,False
DEV_NORMAL_072,251,280,0.23173197,False
DEV_NORMAL_072,252,281,0.2447957,False
DEV_NORMAL_072,253,282,0.2545777,False
DEV_NORMAL_072,254,283,0.25383076,False
DEV_NORMAL_072,255,284,0.25359276,False
DEV_NORMAL_072,256,285,0.24956903,False
DEV_NORMAL_072,257,286,0.25653008,False
DEV_NORMAL_072,258,287,0.2577724,False
DEV_NORMAL_072,259,288,0.24626096,False
DEV_NORMAL_072,260,289,0.24672692,False
DEV_NORMAL_072,261,290,0.25206998,False
DEV_NORMAL_072,262,291,0.24826796,False
DEV_NORMAL_072,263,292,0.25882304,False
DEV_NORMAL_072,264,293,0.2564148,False
DEV_NORMAL_072,265,294,0.24358323,False
DEV_NORMAL_072,266,295,0.2526626,False
DEV_NORMAL_072,267,296,0.22487946,False
DEV_NORMAL_072,268,297,0.21863718,False
DEV_NORMAL_072,269,298,0.21598358,False
DEV_NORMAL_072,270,299,0.19938794,False
DEV_NORMAL_072,271,300,0.21073297,False
DEV_NORMAL_072,272,301,0.21467254,False
DEV_NORMAL_072,273,302,0.20236349,False
DEV_NORMAL_072,274,303,0.20014267,False
DEV_NORMAL_072,275,304,0.19954099,False
DEV_NORMAL_072,276,305,0.19147064,False
DEV_NORMAL_072,277,306,0.18699256,False
DEV_NORMAL_072,278,307,0.18710296,False
DEV_NORMAL_072,279,308,0.2233087,False
DEV_NORMAL_072,280,309,0.22636722,False
DEV_NORMAL_072,281,310,0.22448283,False
DEV_NORMAL_072,282,311,0.25838938,False
DEV_NORMAL_072,283,312,0.24237964,False
DEV_NORMAL_072,284,313,0.2345218,False
DEV_NORMAL_072,285,314,0.22020896,False
DEV_NORMAL_072,286,315,0.21252307,False
DEV_NORMAL_072,287,316,0.22476213,False
DEV_NORMAL_072,288,317,0.23271844,False
DEV_NORMAL_072,289,318,0.23592559,False
DEV_NORMAL_072,290,319,0.18771973,False
DEV_NORMAL_072,291,320,0.20354798,False
DEV_NORMAL_072,292,321,0.22273812,False
DEV_NORMAL_072,293,322,0.21795435,False
DEV_NORMAL_072,294,323,0.21531655,False
DEV_NORMAL_072,295,324,0.25115177,False
DEV_NORMAL_072,296,325,0.24918081,False
DEV_NORMAL_072,297,326,0.24464913,False
DEV_NORMAL_072,298,327,0.24194263,False
DEV_NORMAL_072,299,328,0.27379355,False
DEV_NORMAL_072,300,329,0.2733001,False
DEV_NORMAL_072,301,330,0.25983876,False
DEV_NORMAL_072,302,331,0.2829967,False
DEV_NORMAL_072,303,332,0.28041574,False
DEV_NORMAL_072,304,333,0.2792581,False
DEV_NORMAL_072,305,334,0.281957,False
DEV_NORMAL_072,306,335,0.25151852,False
DEV_NORMAL_072,307,336,0.24988696,False
DEV_NORMAL_072,308,337,0.25483748,False
DEV_NORMAL_072,309,338,0.2617415,False
DEV_NORMAL_072,310,339,0.2723661,False
DEV_NORMAL_072,311,340,0.25614282,False
DEV_NORMAL_072,312,341,0.26347125,False
DEV_NORMAL_072,313,342,0.26195973,False
DEV_NORMAL_072,314,343,0.25127488,False
DEV_NORMAL_072,315,344,0.2608061,False
DEV_NORMAL_072,316,345,0.28019258,False
DEV_NORMAL_072,317,346,0.27327424,False
DEV_NORMAL_072,318,347,0.27041474,False
DEV_NORMAL_072,319,348,0.28374785,False
DEV_NORMAL_072,320,349,0.27127376,False
DEV_NORMAL_072,321,350,0.27759978,False
DEV_NORMAL_072,322,351,0.26632017,False
DEV_NORMAL_072,323,352,0.26312786,False
DEV_NORMAL_072,324,353,0.269148,False
DEV_NORMAL_072,325,354,0.27279872,False
DEV_NORMAL_072,326,355,0.2629955,False
DEV_NORMAL_072,327,356,0.2670123,False
DEV_NORMAL_072,328,357,0.2460866,False
DEV_NORMAL_072,329,358,0.24271461,False
DEV_NORMAL_072,330,359,0.24662481,False
DEV_NORMAL_072,331,360,0.2546505,False
DEV_NORMAL_072,332,361,0.25164095,False
DEV_NORMAL_072,333,362,0.2552583,False
DEV_NORMAL_072,334,363,0.25905776,False
DEV_NORMAL_072,335,364,0.26668712,False
DEV_NORMAL_072,336,365,0.26661032,False
DEV_NORMAL_072,337,366,0.24958505,False
DEV_NORMAL_072,338,367,0.2547631,False
DEV_NORMAL_072,339,368,0.2585072,False
DEV_NORMAL_072,340,369,0.2639101,False
DEV_NORMAL_072,341,370,0.28645217,False
DEV_NORMAL_072,342,371,0.29199663,True
DEV_NORMAL_072,343,372,0.30652434,True
DEV_NORMAL_072,344,373,0.3035055,True
DEV_NORMAL_072,345,374,0.2825887,False
DEV_NORMAL_072,346,375,0.28610194,False
DEV_NORMAL_072,347,376,0.27249458,False
DEV_NORMAL_072,348,377,0.27703142,False
DEV_NORMAL_072,349,378,0.27939436,False
DEV_NORMAL_072,350,379,0.27766263,False
DEV_NORMAL_072,351,380,0.2760643,False
DEV_NORMAL_072,352,381,0.26022762,False
DEV_NORMAL_072,353,382,0.2556546,False
DEV_NORMAL_072,354,383,0.26054174,False
DEV_NORMAL_072,355,384,0.2645745,False
DEV_NORMAL_072,356,385,0.2627701,False
DEV_NORMAL_072,357,386,0.27686635,False
DEV_NORMAL_072,358,387,0.29691046,True
DEV_NORMAL_072,359,388,0.2956981,True
DEV_NORMAL_072,360,389,0.30533552,True
DEV_NORMAL_072,361,390,0.28055492,False
DEV_NORMAL_072,362,391,0.28527898,False
DEV_NORMAL_072,363,392,0.28649408,False
DEV_NORMAL_072,364,393,0.29452044,True
DEV_NORMAL_072,365,394,0.30100536,True
DEV_NORMAL_072,366,395,0.29655588,True
DEV_NORMAL_072,367,396,0.33999017,True
DEV_NORMAL_072,368,397,0.32650247,True
DEV_NORMAL_072,369,398,0.31576353,True
DEV_NORMAL_072,370,399,0.32157314,True
DEV_NORMAL_072,371,400,0.3142262,True
DEV_NORMAL_072,372,401,0.31160423,True
DEV_NORMAL_072,373,402,0.3085887,True
DEV_NORMAL_072,374,403,0.314505,True
DEV_NORMAL_072,375,404,0.3107816,True
DEV_NORMAL_072,376,405,0.3054507,True
DEV_NORMAL_072,377,406,0.31410682,True
DEV_NORMAL_072,378,407,0.29446808,True
DEV_NORMAL_072,379,408,0.2767338,False
DEV_NORMAL_072,380,409,0.29136795,True
DEV_NORMAL_072,381,410,0.29670614,True
DEV_NORMAL_072,382,411,0.28482184,False
DEV_NORMAL_072,383,412,0.2888193,False
DEV_NORMAL_072,384,413,0.26706555,False
DEV_NORMAL_072,385,414,0.27150276,False
DEV_NORMAL_072,386,415,0.25946394,False
DEV_NORMAL_072,387,416,0.25993755,False
DEV_NORMAL_072,388,417,0.25202113,False
DEV_NORMAL_072,389,418,0.2481308,False
DEV_NORMAL_072,390,419,0.2605025,False
DEV_NORMAL_072,391,420,0.25253832,False
DEV_NORMAL_072,392,421,0.24629651,False
DEV_NORMAL_072,393,422,0.2415677,False
DEV_NORMAL_072,394,423,0.23351139,False
DEV_NORMAL_072,395,424,0.20350605,False
DEV_NORMAL_072,396,425,0.20095648,False
DEV_NORMAL_072,397,426,0.18505788,False
DEV_NORMAL_072,398,427,0.17734013,False
DEV_NORMAL_072,399,428,0.18038806,False
DEV_NORMAL_072,400,429,0.19568516,False
DEV_NORMAL_072,401,430,0.2109512,False
DEV_NORMAL_072,402,431,0.23343462,False
DEV_NORMAL_072,403,432,0.21587032,False
DEV_NORMAL_072,404,433,0.19241981,False
DEV_NORMAL_072,405,434,0.1927502,False
DEV_NORMAL_072,406,435,0.20029195,False
DEV_NORMAL_072,407,436,0.19579946,False
DEV_NORMAL_072,408,437,0.19037862,False
DEV_NORMAL_072,409,438,0.18511347,False
DEV_NORMAL_072,410,439,0.18109675,False
DEV_NORMAL_072,411,440,0.18444191,False
DEV_NORMAL_072,412,441,0.18696347,False
DEV_NORMAL_072,413,442,0.18418802,False
DEV_NORMAL_072,414,443,0.18160747,False
DEV_NORMAL_072,415,444,0.16745782,False
DEV_NORMAL_072,416,445,0.16694216,False
DEV_NORMAL_072,417,446,0.1588274,False
DEV_NORMAL_072,418,447,0.15947971,False
DEV_NORMAL_072,419,448,0.16612765,False
DEV_NORMAL_072,420,449,0.17749794,False
DEV_NORMAL_072,421,450,0.18507944,False
DEV_NORMAL_072,422,451,0.18604456,False
DEV_NORMAL_072,423,452,0.19771452,False
DEV_NORMAL_072,424,453,0.2044101,False
DEV_NORMAL_072,425,454,0.207173,False
DEV_NORMAL_072,426,455,0.21084894,False
DEV_NORMAL_072,427,456,0.21048972,False
DEV_NORMAL_072,428,457,0.21612622,False
DEV_NORMAL_072,429,458,0.1948574,False
DEV_NORMAL_072,430,459,0.1803229,False
DEV_NORMAL_072,431,460,0.18898353,False
DEV_NORMAL_072,432,461,0.18647146,False
DEV_NORMAL_072,433,462,0.19782321,False
DEV_NORMAL_072,434,463,0.19540857,False
DEV_NORMAL_072,435,464,0.20433821,False
DEV_NORMAL_072,436,465,0.19637997,False
DEV_NORMAL_072,437,466,0.21274646,False
DEV_NORMAL_072,438,467,0.20545,False
DEV_NORMAL_072,439,468,0.20946509,False
DEV_NORMAL_072,440,469,0.20838594,False
DEV_NORMAL_072,441,470,0.2238378,False
DEV_NORMAL_072,442,471,0.23438781,False
DEV_NORMAL_072,443,472,0.23723783,False
DEV_NORMAL_072,444,473,0.23557827,False
DEV_NORMAL_072,445,474,0.24874333,False
DEV_NORMAL_072,446,475,0.2402249,False
DEV_NORMAL_072,447,476,0.25400147,False
DEV_NORMAL_072,448,477,0.2415371,False
DEV_NORMAL_072,449,478,0.2385028,False
DEV_NORMAL_072,450,479,0.23273157,False
DEV_NORMAL_072,451,480,0.2127188,False
DEV_NORMAL_072,452,481,0.2253131,False
DEV_NORMAL_072,453,482,0.220849,False
DEV_NORMAL_072,454,483,0.23581606,False
DEV_NORMAL_072,455,484,0.20732588,False
DEV_NORMAL_072,456,485,0.21735379,False
DEV_NORMAL_072,457,486,0.22131816,False
DEV_NORMAL_072,458,487,0.20413376,False
DEV_NORMAL_072,459,488,0.219697,False
DEV_NORMAL_072,460,489,0.22415951,False
DEV_NORMAL_072,461,490,0.230658,False
DEV_NORMAL_072,462,491,0.23497766,False
DEV_NORMAL_072,463,492,0.23929958,False
DEV_NORMAL_072,464,493,0.23082705,False
DEV_NORMAL_072,465,494,0.23222524,False
DEV_NORMAL_072,466,495,0.2213241,False
DEV_NORMAL_072,467,496,0.23778404,False
DEV_NORMAL_072,468,497,0.22779195,False
DEV_NORMAL_072,469,498,0.21898969,False
DEV_NORMAL_072,470,499,0.22187276,False
DEV_NORMAL_072,471,500,0.2165446,False
DEV_NORMAL_072,472,501,0.22051778,False
DEV_NORMAL_072,473,502,0.22936073,False
DEV_NORMAL_072,474,503,0.23196732,False
DEV_NORMAL_072,475,504,0.23295482,False
DEV_NORMAL_072,476,505,0.2520761,False
DEV_NORMAL_072,477,506,0.24610822,False
DEV_NORMAL_072,478,507,0.2500154,False
DEV_NORMAL_072,479,508,0.24859788,False
DEV_NORMAL_072,480,509,0.24178734,False
DEV_NORMAL_072,481,510,0.23021784,False
DEV_NORMAL_072,482,511,0.24298458,False
DEV_NORMAL_072,483,512,0.22999123,False
DEV_NORMAL_072,484,513,0.23531327,False
DEV_NORMAL_072,485,514,0.21957484,False
DEV_NORMAL_072,486,515,0.21315755,False
DEV_NORMAL_072,487,516,0.21627846,False
DEV_NORMAL_072,488,517,0.21936807,False
DEV_NORMAL_072,489,518,0.21857242,False
DEV_NORMAL_072,490,519,0.21816988,False
DEV_NORMAL_072,491,520,0.21077485,False
DEV_NORMAL_072,492,521,0.21989599,False
DEV_NORMAL_072,493,522,0.21523339,False
DEV_NORMAL_072,494,523,0.21571639,False
DEV_NORMAL_072,495,524,0.20705563,False
DEV_NORMAL_072,496,525,0.21027476,False
DEV_NORMAL_072,497,526,0.21580522,False
DEV_NORMAL_072,498,527,0.2106249,False
DEV_NORMAL_072,499,528,0.22844735,False
DEV_NORMAL_072,500,529,0.22005644,False
DEV_NORMAL_072,501,530,0.21561132,False
DEV_NORMAL_072,502,531,0.21465789,False
DEV_NORMAL_072,503,532,0.20054074,False
DEV_NORMAL_072,504,533,0.19156033,False
DEV_NORMAL_072,505,534,0.19743371,False
DEV_NORMAL_072,506,535,0.19393584,False
DEV_NORMAL_072,507,536,0.18765564,False
DEV_NORMAL_072,508,537,0.18719581,False
DEV_NORMAL_072,509,538,0.1872197,False
DEV_NORMAL_072,510,539,0.18829761,False
DEV_NORMAL_072,511,540,0.19046138,False
DEV_NORMAL_072,512,541,0.1738698,False
DEV_NORMAL_072,513,542,0.18000771,False
DEV_NORMAL_072,514,543,0.18636566,False
DEV_NORMAL_072,515,544,0.18607691,False
DEV_NORMAL_072,516,545,0.1976989,False
DEV_NORMAL_072,517,546,0.18154503,False
DEV_NORMAL_072,518,547,0.17669934,False
DEV_NORMAL_072,519,548,0.17820947,False
DEV_NORMAL_072,520,549,0.18085383,False
DEV_NORMAL_072,521,550,0.18075496,False
DEV_NORMAL_072,522,551,0.18117186,False
DEV_NORMAL_072,523,552,0.18147628,False
DEV_NORMAL_072,524,553,0.20990537,False
DEV_NORMAL_072,525,554,0.23267113,False
DEV_NORMAL_072,526,555,0.21468817,False
DEV_NORMAL_072,527,556,0.22320063,False
DEV_NORMAL_072,528,557,0.21275616,False
DEV_NORMAL_072,529,558,0.21139553,False
DEV_NORMAL_072,530,559,0.21030582,False
DEV_NORMAL_072,531,560,0.21809953,False
DEV_NORMAL_072,532,561,0.20380564,False
DEV_NORMAL_072,533,562,0.19886371,False
DEV_NORMAL_072,534,563,0.21065924,False
DEV_NORMAL_072,535,564,0.21083888,False
DEV_NORMAL_072,536,565,0.21826935,False
DEV_NORMAL_072,537,566,0.23975657,False
DEV_NORMAL_072,538,567,0.25004667,False
DEV_NORMAL_072,539,568,0.22780085,False
DEV_NORMAL_072,540,569,0.20605825,False
DEV_NORMAL_072,541,570,0.20051129,False
DEV_NORMAL_072,542,571,0.20368648,False
DEV_NORMAL_072,543,572,0.20869564,False
DEV_NORMAL_072,544,573,0.2283714,False
DEV_NORMAL_072,545,574,0.22762044,False
DEV_NORMAL_072,546,575,0.23221289,False
DEV_NORMAL_072,547,576,0.22001345,False
DEV_NORMAL_072,548,577,0.22644605,False
DEV_NORMAL_072,549,578,0.23563172,False
DEV_NORMAL_072,550,579,0.20984392,False
DEV_NORMAL_072,551,580,0.23016888,False
DEV_NORMAL_072,552,581,0.22467661,False
DEV_NORMAL_072,553,582,0.20410179,False
DEV_NORMAL_072,554,583,0.19409084,False
DEV_NORMAL_072,555,584,0.19454,False
DEV_NORMAL_072,556,585,0.19080567,False
DEV_NORMAL_072,557,586,0.18131241,False
DEV_NORMAL_072,558,587,0.17961566,False
DEV_NORMAL_072,559,588,0.19177297,False
DEV_NORMAL_072,560,589,0.19868618,False
DEV_NORMAL_072,561,590,0.18874909,False
DEV_NORMAL_072,562,591,0.18565877,False
DEV_NORMAL_072,563,592,0.1837782,False
DEV_NORMAL_072,564,593,0.17783968,False
DEV_NORMAL_072,565,594,0.18440208,False
DEV_NORMAL_072,566,595,0.18488091,False
DEV_NORMAL_072,567,596,0.19267209,False
DEV_NORMAL_072,568,597,0.20819019,False
DEV_NORMAL_072,569,598,0.2030633,False
DEV_NORMAL_072,570,599,0.20279013,False
DEV_NORMAL_072,571,600,0.22245795,False
DEV_NORMAL_072,572,601,0.2018664,False
DEV_NORMAL_072,573,602,0.19982891,False
DEV_NORMAL_072,574,603,0.20126997,False
DEV_NORMAL_072,575,604,0.19105531,False
DEV_NORMAL_072,576,605,0.1938969,False
DEV_NORMAL_072,577,606,0.2086895,False
DEV_NORMAL_072,578,607,0.19060107,False
DEV_NORMAL_072,579,608,0.18178381,False
DEV_NORMAL_072,580,609,0.19808862,False
DEV_NORMAL_072,581,610,0.20786406,False
DEV_NORMAL_072,582,611,0.1925136,False
DEV_NORMAL_072,583,612,0.19126506,False
DEV_NORMAL_072,584,613,0.20779231,False
DEV_NORMAL_072,585,614,0.20749179,False
DEV_NORMAL_072,586,615,0.21123733,False
DEV_NORMAL_072,587,616,0.22188243,False
DEV_NORMAL_072,588,617,0.19731672,False
DEV_NORMAL_072,589,618,0.2083809,False
DEV_NORMAL_072,590,619,0.21128686,False
DEV_NORMAL_072,591,620,0.2107199,False
DEV_NORMAL_072,592,621,0.21841267,False
DEV_NORMAL_072,593,622,0.2361701,False
DEV_NORMAL_072,594,623,0.24546099,False
DEV_NORMAL_072,595,624,0.21980336,False
DEV_NORMAL_072,596,625,0.2178161,False
DEV_NORMAL_072,597,626,0.20682512,False
DEV_NORMAL_072,598,627,0.18335953,False
DEV_NORMAL_072,599,628,0.185127,False
DEV_NORMAL_072,600,629,0.19883418,False
DEV_NORMAL_072,601,630,0.2002009,False
DEV_NORMAL_072,602,631,0.18973961,False
DEV_NORMAL_072,603,632,0.18940766,False
DEV_NORMAL_072,604,633,0.20397638,False
DEV_NORMAL_072,605,634,0.20245253,False
DEV_NORMAL_072,606,635,0.2104599,False
DEV_NORMAL_072,607,636,0.22069569,False
DEV_NORMAL_072,608,637,0.21367955,False
DEV_NORMAL_072,609,638,0.21052122,False
DEV_NORMAL_072,610,639,0.21233848,False
DEV_NORMAL_072,611,640,0.21036252,False
DEV_NORMAL_072,612,641,0.2217569,False
DEV_NORMAL_072,613,642,0.22891696,False
DEV_NORMAL_072,614,643,0.23625758,False
DEV_NORMAL_072,615,644,0.25464556,False
DEV_NORMAL_072,616,645,0.25245914,False
DEV_NORMAL_072,617,646,0.24384756,False
DEV_NORMAL_072,618,647,0.2391135,False
DEV_NORMAL_072,619,648,0.25400513,False
DEV_NORMAL_072,620,649,0.23135392,False
DEV_NORMAL_072,621,650,0.24037145,False
DEV_NORMAL_072,622,651,0.22949103,False
DEV_NORMAL_072,623,652,0.23699392,False
DEV_NORMAL_072,624,653,0.23778959,False
DEV_NORMAL_072,625,654,0.24138334,False
DEV_NORMAL_072,626,655,0.23476343,False
DEV_NORMAL_072,627,656,0.23323196,False
DEV_NORMAL_072,628,657,0.2352884,False
DEV_NORMAL_072,629,658,0.23811,False
DEV_NORMAL_072,630,659,0.25280473,False
DEV_NORMAL_072,631,660,0.2506796,False
DEV_NORMAL_072,632,661,0.23263957,False
DEV_NORMAL_072,633,662,0.23458678,False
DEV_NORMAL_072,634,663,0.25886112,False
DEV_NORMAL_072,635,664,0.25116342,False
DEV_NORMAL_072,636,665,0.23706657,False
DEV_NORMAL_072,637,666,0.26030722,False
DEV_NORMAL_072,638,667,0.23014113,False
DEV_NORMAL_072,639,668,0.20869406,False
DEV_NORMAL_072,640,669,0.21587196,False
DEV_NORMAL_072,641,670,0.20748849,False
DEV_NORMAL_072,642,671,0.22276825,False
DEV_NORMAL_072,643,672,0.19804725,False
DEV_NORMAL_072,644,673,0.19670936,False
DEV_NORMAL_072,645,674,0.20760055,False
DEV_NORMAL_072,646,675,0.20597169,False
DEV_NORMAL_072,647,676,0.20327577,False
DEV_NORMAL_072,648,677,0.20947894,False
DEV_NORMAL_072,649,678,0.21276489,False
DEV_NORMAL_072,650,679,0.20511684,False
DEV_NORMAL_072,651,680,0.21238436,False
DEV_NORMAL_072,652,681,0.2130498,False
DEV_NORMAL_072,653,682,0.20480531,False
DEV_NORMAL_072,654,683,0.18663426,False
DEV_NORMAL_072,655,684,0.19564326,False
DEV_NORMAL_072,656,685,0.19756082,False
DEV_NORMAL_072,657,686,0.19838785,False
DEV_NORMAL_072,658,687,0.20591952,False
DEV_NORMAL_072,659,688,0.20185508,False
DEV_NORMAL_072,660,689,0.20314278,False
DEV_NORMAL_072,661,690,0.18656497,False
DEV_NORMAL_072,662,691,0.17768338,False
DEV_NORMAL_072,663,692,0.1807423,False
DEV_NORMAL_072,664,693,0.18815546,False
DEV_NORMAL_072,665,694,0.1951911,False
DEV_NORMAL_072,666,695,0.1849148,False
DEV_NORMAL_072,667,696,0.18526901,False
DEV_NORMAL_072,668,697,0.19293788,False
DEV_NORMAL_072,669,698,0.19172737,False
DEV_NORMAL_072,670,699,0.17341547,False
DEV_NORMAL_072,671,700,0.17983714,False
DEV_NORMAL_072,672,701,0.1797816,False
DEV_NORMAL_072,673,702,0.17662786,False
DEV_NORMAL_072,674,703,0.1787527,False
DEV_NORMAL_072,675,704,0.17447144,False
DEV_NORMAL_072,676,705,0.18183619,False
DEV_NORMAL_072,677,706,0.17130457,False
DEV_NORMAL_072,678,707,0.18877295,False
DEV_NORMAL_072,679,708,0.20486759,False
DEV_NORMAL_072,680,709,0.22771819,False
DEV_NORMAL_072,681,710,0.24545978,False
DEV_NORMAL_072,682,711,0.24468921,False
DEV_NORMAL_072,683,712,0.23656553,False
DEV_NORMAL_072,684,713,0.23541497,False
DEV_NORMAL_072,685,714,0.237101,False
DEV_NORMAL_072,686,715,0.23648687,False
DEV_NORMAL_072,687,716,0.22067127,False
DEV_NORMAL_072,688,717,0.2262841,False
DEV_NORMAL_072,689,718,0.22510222,False
DEV_NORMAL_072,690,719,0.21744184,False
DEV_NORMAL_072,691,720,0.2549782,False
DEV_NORMAL_072,692,721,0.25233242,False
DEV_NORMAL_072,693,722,0.25624278,False
DEV_NORMAL_072,694,723,0.26104105,False
DEV_NORMAL_072,695,724,0.26377562,False
DEV_NORMAL_072,696,725,0.2672757,False
DEV_NORMAL_072,697,726,0.26301324,False
DEV_NORMAL_072,698,727,0.25379056,False
DEV_NORMAL_072,699,728,0.25130716,False
DEV_NORMAL_072,700,729,0.2464482,False
DEV_NORMAL_072,701,730,0.24073802,False
DEV_NORMAL_072,702,731,0.2400155,False
DEV_NORMAL_072,703,732,0.237089,False
DEV_NORMAL_072,704,733,0.24267803,False
DEV_NORMAL_072,705,734,0.2480807,False
DEV_NORMAL_072,706,735,0.25474232,False
DEV_NORMAL_072,707,736,0.243829,False
DEV_NORMAL_072,708,737,0.227104,False
DEV_NORMAL_072,709,738,0.21552393,False
DEV_NORMAL_072,710,739,0.21854715,False
DEV_NORMAL_072,711,740,0.22048567,False
DEV_NORMAL_072,712,741,0.22636114,False
DEV_NORMAL_072,713,742,0.23935784,False
DEV_NORMAL_072,714,743,0.23593967,False
DEV_NORMAL_072,715,744,0.23107523,False
DEV_NORMAL_072,716,745,0.22844248,False
DEV_NORMAL_072,717,746,0.2293718,False
DEV_NORMAL_072,718,747,0.21715988,False
DEV_NORMAL_072,719,748,0.21211776,False
DEV_NORMAL_072,720,749,0.18585123,False
DEV_NORMAL_072,721,750,0.19437917,False
DEV_NORMAL_072,722,751,0.1960137,False
DEV_NORMAL_072,723,752,0.17785771,False
DEV_NORMAL_072,724,753,0.18527418,False
DEV_NORMAL_072,725,754,0.18773769,False
DEV_NORMAL_072,726,755,0.18105355,False
DEV_NORMAL_072,727,756,0.18737325,False
DEV_NORMAL_072,728,757,0.1893082,False
DEV_NORMAL_072,729,758,0.18897764,False
DEV_NORMAL_072,730,759,0.18449879,False
DEV_NORMAL_072,731,760,0.19438525,False
DEV_NORMAL_072,732,761,0.20837602,False
DEV_NORMAL_072,733,762,0.20711404,False
DEV_NORMAL_072,734,763,0.17506927,False
DEV_NORMAL_072,735,764,0.17751554,False
DEV_NORMAL_072,736,765,0.18847765,False
DEV_NORMAL_072,737,766,0.18610369,False
DEV_NORMAL_072,738,767,0.18672523,False
DEV_NORMAL_072,739,768,0.18285805,False
DEV_NORMAL_072,740,769,0.18140958,False
DEV_NORMAL_072,741,770,0.19715366,False
DEV_NORMAL_072,742,771,0.18359569,False
DEV_NORMAL_072,743,772,0.18409275,False
DEV_NORMAL_072,744,773,0.17165782,False
DEV_NORMAL_072,745,774,0.16994986,False
DEV_NORMAL_072,746,775,0.1827831,False
DEV_NORMAL_072,747,776,0.20545264,False
DEV_NORMAL_072,748,777,0.1983171,False
DEV_NORMAL_072,749,778,0.19813347,False
DEV_NORMAL_072,750,779,0.20816587,False
DEV_NORMAL_072,751,780,0.2303374,False
DEV_NORMAL_072,752,781,0.23753773,False
DEV_NORMAL_072,753,782,0.23213348,False
DEV_NORMAL_072,754,783,0.22221006,False
DEV_NORMAL_072,755,784,0.22835614,False
DEV_NORMAL_072,756,785,0.22633536,False
DEV_NORMAL_072,757,786,0.24035378,False
DEV_NORMAL_072,758,787,0.2246912,False
DEV_NORMAL_072,759,788,0.22789678,False
DEV_NORMAL_072,760,789,0.22323743,False
DEV_NORMAL_072,761,790,0.22381109,False
DEV_NORMAL_072,762,791,0.23795886,False
DEV_NORMAL_072,763,792,0.22580424,False
DEV_NORMAL_072,764,793,0.23251651,False
DEV_NORMAL_072,765,794,0.21952716,False
DEV_NORMAL_072,766,795,0.21411285,False
DEV_NORMAL_072,767,796,0.22872669,False
DEV_NORMAL_072,768,797,0.2315481,False
DEV_NORMAL_072,769,798,0.22796525,False
DEV_NORMAL_072,770,799,0.2258845,False
DEV_NORMAL_072,771,800,0.23752238,False
DEV_NORMAL_072,772,801,0.24073654,False
DEV_NORMAL_072,773,802,0.23880072,False
DEV_NORMAL_072,774,803,0.23024553,False
DEV_NORMAL_072,775,804,0.23074423,False
DEV_NORMAL_072,776,805,0.25742796,False
DEV_NORMAL_072,777,806,0.25476208,False
DEV_NORMAL_072,778,807,0.26196736,False
DEV_NORMAL_072,779,808,0.24802741,False
DEV_NORMAL_072,780,809,0.23615125,False
DEV_NORMAL_072,781,810,0.23568776,False
DEV_NORMAL_072,782,811,0.2119388,False
DEV_NORMAL_072,783,812,0.21772985,False
DEV_NORMAL_072,784,813,0.21107312,False
DEV_NORMAL_072,785,814,0.24133393,False
DEV_NORMAL_072,786,815,0.23122872,False
DEV_NORMAL_072,787,816,0.23236951,False
DEV_NORMAL_072,788,817,0.24434815,False
DEV_NORMAL_072,789,818,0.23052298,False
DEV_NORMAL_072,790,819,0.2302032,False
DEV_NORMAL_072,791,820,0.23732992,False
DEV_NORMAL_072,792,821,0.2405886,False
DEV_NORMAL_072,793,822,0.23676725,False
DEV_NORMAL_072,794,823,0.2334496,False
DEV_NORMAL_072,795,824,0.22088759,False
DEV_NORMAL_072,796,825,0.22154887,False
DEV_NORMAL_072,797,826,0.23621948,False
DEV_NORMAL_072,798,827,0.22995444,False
DEV_NORMAL_072,799,828,0.22508517,False
DEV_NORMAL_072,800,829,0.23115085,False
DEV_NORMAL_072,801,830,0.23660569,False
DEV_NORMAL_072,802,831,0.23616676,False
DEV_NORMAL_072,803,832,0.24651681,False
DEV_NORMAL_072,804,833,0.24174227,False
DEV_NORMAL_072,805,834,0.22130252,False
DEV_NORMAL_072,806,835,0.22232622,False
DEV_NORMAL_072,807,836,0.22945333,False
DEV_NORMAL_072,808,837,0.23376451,False
DEV_NORMAL_072,809,838,0.24662228,False
DEV_NORMAL_072,810,839,0.252902,False
DEV_NORMAL_072,811,840,0.25150138,False
DEV_NORMAL_072,812,841,0.23819017,False
DEV_NORMAL_072,813,842,0.23295143,False
DEV_NORMAL_072,814,843,0.21599214,False
DEV_NORMAL_072,815,844,0.2336244,False
DEV_NORMAL_072,816,845,0.2243213,False
DEV_NORMAL_072,817,846,0.22704616,False
DEV_NORMAL_072,818,847,0.23185334,False
DEV_NORMAL_072,819,848,0.2332328,False
DEV_NORMAL_072,820,849,0.21369404,False
DEV_NORMAL_072,821,850,0.22439435,False
DEV_NORMAL_072,822,851,0.23411249,False
DEV_NORMAL_072,823,852,0.24154735,False
DEV_NORMAL_072,824,853,0.23924564,False
DEV_NORMAL_072,825,854,0.23129652,False
DEV_NORMAL_072,826,855,0.23209482,False
DEV_NORMAL_072,827,856,0.23947255,False
DEV_NORMAL_072,828,857,0.25007707,False
DEV_NORMAL_072,829,858,0.24797286,False
DEV_NORMAL_072,830,859,0.26375046,False
DEV_NORMAL_072,831,860,0.2369044,False
DEV_NORMAL_072,832,861,0.25339863,False
DEV_NORMAL_072,833,862,0.24120839,False
DEV_NORMAL_072,834,863,0.25387272,False
DEV_NORMAL_072,835,864,0.26044795,False
DEV_NORMAL_072,836,865,0.25007328,False
DEV_NORMAL_072,837,866,0.24653241,False
DEV_NORMAL_072,838,867,0.24098893,False
DEV_NORMAL_072,839,868,0.24684633,False
DEV_NORMAL_072,840,869,0.25237495,False
DEV_NORMAL_072,841,870,0.26879343,False
DEV_NORMAL_072,842,871,0.2637499,False
DEV_NORMAL_072,843,872,0.26384568,False
DEV_NORMAL_072,844,873,0.25965402,False
DEV_NORMAL_072,845,874,0.27970055,False
DEV_NORMAL_072,846,875,0.2668106,False
DEV_NORMAL_072,847,876,0.2583395,False
DEV_NORMAL_072,848,877,0.25408715,False
DEV_NORMAL_072,849,878,0.26713073,False
DEV_NORMAL_072,850,879,0.26540026,False
DEV_NORMAL_072,851,880,0.2912498,True
DEV_NORMAL_072,852,881,0.2733796,False
DEV_NORMAL_072,853,882,0.28551334,False
DEV_NORMAL_072,854,883,0.28474382,False
DEV_NORMAL_072,855,884,0.2862528,False
DEV_NORMAL_072,856,885,0.29625055,True
DEV_NORMAL_072,857,886,0.27099183,False
DEV_NORMAL_072,858,887,0.28558815,False
DEV_NORMAL_072,859,888,0.27557877,False
DEV_NORMAL_072,860,889,0.27586302,False
DEV_NORMAL_072,861,890,0.25960615,False
DEV_NORMAL_072,862,891,0.2671909,False
DEV_NORMAL_072,863,892,0.24203953,False
DEV_NORMAL_072,864,893,0.23936616,False
DEV_NORMAL_072,865,894,0.23980828,False
DEV_NORMAL_072,866,895,0.23543282,False
DEV_NORMAL_072,867,896,0.23767704,False
DEV_NORMAL_072,868,897,0.2390153,False
DEV_NORMAL_072,869,898,0.23815991,False
DEV_NORMAL_072,870,899,0.235125,False
DEV_NORMAL_072,871,900,0.22905967,False
DEV_NORMAL_072,872,901,0.23375003,False
DEV_NORMAL_072,873,902,0.23557355,False
DEV_NORMAL_072,874,903,0.23649284,False
DEV_NORMAL_072,875,904,0.21141866,False
DEV_NORMAL_072,876,905,0.21992724,False
DEV_NORMAL_072,877,906,0.21540736,False
DEV_NORMAL_072,878,907,0.2133616,False
DEV_NORMAL_072,879,908,0.22114952,False
DEV_NORMAL_072,880,909,0.21054551,False
DEV_NORMAL_072,881,910,0.19895448,False
DEV_NORMAL_072,882,911,0.20680231,False
DEV_NORMAL_072,883,912,0.19969057,False
DEV_NORMAL_072,884,913,0.21041152,False
DEV_NORMAL_072,885,914,0.23041964,False
DEV_NORMAL_072,886,915,0.21888894,False
DEV_NORMAL_072,887,916,0.22179127,False
DEV_NORMAL_072,888,917,0.21031752,False
DEV_NORMAL_072,889,918,0.20224117,False
DEV_NORMAL_072,890,919,0.20262314,False
DEV_NORMAL_072,891,920,0.20503435,False
DEV_NORMAL_072,892,921,0.20656297,False
DEV_NORMAL_072,893,922,0.21133329,False
DEV_NORMAL_072,894,923,0.21255398,False
DEV_NORMAL_072,895,924,0.19197787,False
DEV_NORMAL_072,896,925,0.2008963,False
DEV_NORMAL_072,897,926,0.21221162,False
DEV_NORMAL_072,898,927,0.20831002,False
DEV_NORMAL_072,899,928,0.22884423,False
DEV_NORMAL_072,900,929,0.22635914,False
DEV_NORMAL_072,901,930,0.25218537,False
DEV_NORMAL_072,902,931,0.25588545,False
DEV_NORMAL_072,903,932,0.24183503,False
DEV_NORMAL_072,904,933,0.24854144,False
DEV_NORMAL_072,905,934,0.25641844,False
DEV_NORMAL_072,906,935,0.26158094,False
DEV_NORMAL_072,907,936,0.24901207,False
DEV_NORMAL_072,908,937,0.24875428,False
DEV_NORMAL_072,909,938,0.25073978,False
DEV_NORMAL_072,910,939,0.27667877,False
DEV_NORMAL_072,911,940,0.27249533,False
DEV_NORMAL_072,912,941,0.26368856,False
DEV_NORMAL_072,913,942,0.2607813,False
DEV_NORMAL_072,914,943,0.27337393,False
DEV_NORMAL_072,915,944,0.25869745,False
DEV_NORMAL_072,916,945,0.26113823,False
DEV_NORMAL_072,917,946,0.26676092,False
DEV_NORMAL_072,918,947,0.26101628,False
DEV_NORMAL_072,919,948,0.26591656,False
DEV_NORMAL_072,920,949,0.27238113,False
DEV_NORMAL_072,921,950,0.29160985,True
DEV_NORMAL_072,922,951,0.28308722,False
DEV_NORMAL_072,923,952,0.28737763,False
DEV_NORMAL_072,924,953,0.2766886,False
DEV_NORMAL_072,925,954,0.28290305,False
DEV_NORMAL_072,926,955,0.26739508,False
DEV_NORMAL_072,927,956,0.27661052,False
DEV_NORMAL_072,928,957,0.23872271,False
DEV_NORMAL_072,929,958,0.24334644,False
DEV_NORMAL_072,930,959,0.23970063,False
DEV_NORMAL_072,931,960,0.24802615,False
DEV_NORMAL_072,932,961,0.264791,False
DEV_NORMAL_072,933,962,0.25273535,False
DEV_NORMAL_072,934,963,0.2437487,False
DEV_NORMAL_072,935,964,0.25635278,False
DEV_NORMAL_072,936,965,0.26225588,False
DEV_NORMAL_072,937,966,0.253856,False
DEV_NORMAL_072,938,967,0.24979648,False
DEV_NORMAL_072,939,968,0.22375908,False
DEV_NORMAL_072,940,969,0.2296586,False
DEV_NORMAL_072,941,970,0.21173789,False
DEV_NORMAL_072,942,971,0.21781747,False
DEV_NORMAL_072,943,972,0.22755547,False
DEV_NORMAL_072,944,973,0.21942593,False
DEV_NORMAL_072,945,974,0.22795352,False
DEV_NORMAL_072,946,975,0.24191685,False
DEV_NORMAL_072,947,976,0.24890181,False
DEV_NORMAL_072,948,977,0.2286034,False
DEV_NORMAL_072,949,978,0.22966893,False
DEV_NORMAL_072,950,979,0.23674679,False
DEV_NORMAL_072,951,980,0.26045942,False
DEV_NORMAL_072,952,981,0.24002597,False
DEV_NORMAL_072,953,982,0.23555326,False
DEV_NORMAL_072,954,983,0.24493018,False
DEV_NORMAL_072,955,984,0.23610054,False
DEV_NORMAL_072,956,985,0.23522036,False
DEV_NORMAL_072,957,986,0.2438555,False
DEV_NORMAL_072,958,987,0.24573539,False
DEV_NORMAL_072,959,988,0.24290521,False
DEV_NORMAL_072,960,989,0.24649842,False
DEV_NORMAL_072,961,990,0.23992807,False
DEV_NORMAL_072,962,991,0.23766622,False
DEV_NORMAL_072,963,992,0.251376,False
DEV_NORMAL_072,964,993,0.2723524,False
DEV_NORMAL_072,965,994,0.26080596,False
DEV_NORMAL_072,966,995,0.27179936,False
DEV_NORMAL_072,967,996,0.28274384,False
DEV_NORMAL_072,968,997,0.28673133,False
DEV_NORMAL_072,969,998,0.2800608,False
DEV_NORMAL_072,970,999,0.2714483,False
DEV_NORMAL_072,971,1000,0.272399,False
DEV_NORMAL_072,972,1001,0.25180465,False
DEV_NORMAL_072,973,1002,0.23985459,False
DEV_NORMAL_072,974,1003,0.24660817,False
DEV_NORMAL_072,975,1004,0.24517971,False
DEV_NORMAL_072,976,1005,0.23492354,False
DEV_NORMAL_072,977,1006,0.23772211,False
DEV_NORMAL_072,978,1007,0.21543764,False
DEV_NORMAL_072,979,1008,0.20093308,False
DEV_NORMAL_072,980,1009,0.2066966,False
DEV_NORMAL_072,981,1010,0.2007149,False
DEV_NORMAL_072,982,1011,0.19327341,False
DEV_NORMAL_072,983,1012,0.19061907,False
DEV_NORMAL_072,984,1013,0.18968436,False
DEV_NORMAL_072,985,1014,0.20472623,False
DEV_NORMAL_072,986,1015,0.19119869,False
DEV_NORMAL_072,987,1016,0.19021553,False
DEV_NORMAL_072,988,1017,0.1686739,False
DEV_NORMAL_072,989,1018,0.15717933,False
DEV_NORMAL_072,990,1019,0.16510002,False
DEV_NORMAL_072,991,1020,0.17001697,False
DEV_NORMAL_072,992,1021,0.13413236,False
DEV_NORMAL_072,993,1022,0.13072228,False
DEV_NORMAL_072,994,1023,0.14003295,False
DEV_NORMAL_072,995,1024,0.14649598,False
DEV_NORMAL_072,996,1025,0.15217587,False
DEV_NORMAL_072,997,1026,0.15337352,False
DEV_NORMAL_072,998,1027,0.15658353,False
DEV_NORMAL_072,999,1028,0.1604227,False
DEV_NORMAL_072,1000,1029,0.15827458,False
DEV_NORMAL_072,1001,1030,0.16317034,False
DEV_NORMAL_072,1002,1031,0.16297176,False
DEV_NORMAL_072,1003,1032,0.16932933,False
DEV_NORMAL_072,1004,1033,0.17255716,False
DEV_NORMAL_072,1005,1034,0.16157487,False
DEV_NORMAL_072,1006,1035,0.17115189,False
DEV_NORMAL_072,1007,1036,0.1729272,False
DEV_NORMAL_072,1008,1037,0.17260125,False
DEV_NORMAL_072,1009,1038,0.1762204,False
DEV_NORMAL_072,1010,1039,0.16648299,False
DEV_NORMAL_072,1011,1040,0.16987066,False
DEV_NORMAL_072,1012,1041,0.17836441,False
DEV_NORMAL_072,1013,1042,0.1825406,False
DEV_NORMAL_072,1014,1043,0.180428,False
DEV_NORMAL_072,1015,1044,0.18048665,False
DEV_NORMAL_072,1016,1045,0.1865736,False
DEV_NORMAL_072,1017,1046,0.18141101,False
DEV_NORMAL_072,1018,1047,0.17739493,False
DEV_NORMAL_072,1019,1048,0.1722979,False
DEV_NORMAL_072,1020,1049,0.18181778,False
DEV_NORMAL_072,1021,1050,0.1944581,False
DEV_NORMAL_072,1022,1051,0.18054344,False
DEV_NORMAL_072,1023,1052,0.16768774,False
DEV_NORMAL_072,1024,1053,0.1620403,False
DEV_NORMAL_072,1025,1054,0.15191883,False
DEV_NORMAL_072,1026,1055,0.1435486,False
DEV_NORMAL_072,1027,1056,0.1527832,False
DEV_NORMAL_072,1028,1057,0.15953526,False
DEV_NORMAL_072,1029,1058,0.17169936,False
DEV_NORMAL_072,1030,1059,0.17471047,False
DEV_NORMAL_072,1031,1060,0.1708826,False
DEV_NORMAL_072,1032,1061,0.17014694,False
DEV_NORMAL_072,1033,1062,0.15829995,False
DEV_NORMAL_072,1034,1063,0.1574691,False
DEV_NORMAL_072,1035,1064,0.17332016,False
DEV_NORMAL_072,1036,1065,0.16901906,False
DEV_NORMAL_072,1037,1066,0.17270711,False
DEV_NORMAL_072,1038,1067,0.16088825,False
DEV_NORMAL_072,1039,1068,0.16734616,False
DEV_NORMAL_072,1040,1069,0.1663672,False
DEV_NORMAL_072,1041,1070,0.18913399,False
DEV_NORMAL_072,1042,1071,0.19367708,False
DEV_NORMAL_072,1043,1072,0.18311854,False
DEV_NORMAL_072,1044,1073,0.18892778,False
DEV_NORMAL_072,1045,1074,0.19361869,False
DEV_NORMAL_072,1046,1075,0.19409703,False
DEV_NORMAL_072,1047,1076,0.1964832,False
DEV_NORMAL_072,1048,1077,0.19547386,False
DEV_NORMAL_072,1049,1078,0.18039595,False
DEV_NORMAL_072,1050,1079,0.17097765,False
DEV_NORMAL_072,1051,1080,0.17392533,False
DEV_NORMAL_072,1052,1081,0.18097681,False
DEV_NORMAL_072,1053,1082,0.1846274,False
DEV_NORMAL_072,1054,1083,0.18229564,False
DEV_NORMAL_072,1055,1084,0.18475105,False
DEV_NORMAL_072,1056,1085,0.1699988,False
DEV_NORMAL_072,1057,1086,0.17942646,False
DEV_NORMAL_072,1058,1087,0.1827487,False
DEV_NORMAL_072,1059,1088,0.18005466,False
DEV_NORMAL_072,1060,1089,0.19512424,False
DEV_NORMAL_072,1061,1090,0.19044012,False
DEV_NORMAL_072,1062,1091,0.18944277,False
DEV_NORMAL_072,1063,1092,0.18928286,False
DEV_NORMAL_072,1064,1093,0.1725978,False
DEV_NORMAL_072,1065,1094,0.17968626,False
DEV_NORMAL_072,1066,1095,0.1822269,False
DEV_NORMAL_072,1067,1096,0.19841652,False
DEV_NORMAL_072,1068,1097,0.18661751,False
DEV_NORMAL_072,1069,1098,0.19184211,False
DEV_NORMAL_072,1070,1099,0.17799908,False
DEV_NORMAL_072,1071,1100,0.18132012,False
DEV_NORMAL_072,1072,1101,0.17585556,False
DEV_NORMAL_072,1073,1102,0.17926322,False
DEV_NORMAL_072,1074,1103,0.18271905,False
DEV_NORMAL_072,1075,1104,0.19212805,False
DEV_NORMAL_072,1076,1105,0.18308872,False
DEV_NORMAL_072,1077,1106,0.18290332,False
DEV_NORMAL_072,1078,1107,0.19300851,False
DEV_NORMAL_072,1079,1108,0.2029998,False
DEV_NORMAL_072,1080,1109,0.20645784,False
DEV_NORMAL_072,1081,1110,0.20929097,False
DEV_NORMAL_072,1082,1111,0.20405862,False
DEV_NORMAL_072,1083,1112,0.20579009,False
DEV_NORMAL_072,1084,1113,0.22968864,False
DEV_NORMAL_072,1085,1114,0.24647205,False
DEV_NORMAL_072,1086,1115,0.24853386,False
DEV_NORMAL_072,1087,1116,0.25954184,False
DEV_NORMAL_072,1088,1117,0.25655672,False
DEV_NORMAL_072,1089,1118,0.24714044,False
DEV_NORMAL_072,1090,1119,0.24606405,False
DEV_NORMAL_072,1091,1120,0.26108164,False
DEV_NORMAL_072,1092,1121,0.2491958,False
DEV_NORMAL_072,1093,1122,0.23710926,False
DEV_NORMAL_072,1094,1123,0.23309024,False
DEV_NORMAL_072,1095,1124,0.23473139,False
DEV_NORMAL_072,1096,1125,0.24638979,False
DEV_NORMAL_072,1097,1126,0.25655752,False
DEV_NORMAL_072,1098,1127,0.26305634,False
DEV_NORMAL_072,1099,1128,0.26453963,False
DEV_NORMAL_072,1100,1129,0.27001017,False
DEV_NORMAL_072,1101,1130,0.262768,False
DEV_NORMAL_072,1102,1131,0.27986336,False
DEV_NORMAL_072,1103,1132,0.27757904,False
DEV_NORMAL_072,1104,1133,0.27380782,False
DEV_NORMAL_072,1105,1134,0.2692517,False
DEV_NORMAL_072,1106,1135,0.2722777,False
DEV_NORMAL_072,1107,1136,0.2778401,False
DEV_NORMAL_072,1108,1137,0.27091548,False
DEV_NORMAL_072,1109,1138,0.28300256,False
DEV_NORMAL_072,1110,1139,0.2909257,False
DEV_NORMAL_072,1111,1140,0.2812573,False
DEV_NORMAL_072,1112,1141,0.28238475,False
DEV_NORMAL_072,1113,1142,0.243264,False
DEV_NORMAL_072,1114,1143,0.22653241,False
DEV_NORMAL_072,1115,1144,0.22589387,False
DEV_NORMAL_072,1116,1145,0.22222954,False
DEV_NORMAL_072,1117,1146,0.22097524,False
DEV_NORMAL_072,1118,1147,0.21776047,False
DEV_NORMAL_072,1119,1148,0.19831495,False
DEV_NORMAL_072,1120,1149,0.18489167,False
DEV_NORMAL_072,1121,1150,0.18576361,False
DEV_NORMAL_072,1122,1151,0.18993467,False
DEV_NORMAL_072,1123,1152,0.19357601,False
DEV_NORMAL_072,1124,1153,0.20745167,False
DEV_NORMAL_072,1125,1154,0.19659117,False
DEV_NORMAL_072,1126,1155,0.19617787,False
DEV_NORMAL_072,1127,1156,0.19136278,False
DEV_NORMAL_072,1128,1157,0.19224355,False
DEV_NORMAL_072,1129,1158,0.1890782,False
DEV_NORMAL_072,1130,1159,0.18941636,False
DEV_NORMAL_072,1131,1160,0.186989,False
DEV_NORMAL_072,1132,1161,0.18555695,False
DEV_NORMAL_072,1133,1162,0.18690091,False
DEV_NORMAL_072,1134,1163,0.18308288,False
DEV_NORMAL_072,1135,1164,0.19760357,False
DEV_NORMAL_072,1136,1165,0.19435488,False
DEV_NORMAL_072,1137,1166,0.2017603,False
DEV_NORMAL_072,1138,1167,0.2023824,False
DEV_NORMAL_072,1139,1168,0.19203602,False
DEV_NORMAL_072,1140,1169,0.19086628,False
DEV_NORMAL_072,1141,1170,0.20196031,False
DEV_NORMAL_072,1142,1171,0.21444473,False
DEV_NORMAL_072,1143,1172,0.22013399,False
DEV_NORMAL_072,1144,1173,0.21511962,False
DEV_NORMAL_072,1145,1174,0.22840223,False
DEV_NORMAL_072,1146,1175,0.2431265,False
DEV_NORMAL_072,1147,1176,0.24968188,False
DEV_NORMAL_072,1148,1177,0.24943447,False
DEV_NORMAL_072,1149,1178,0.24161425,False
DEV_NORMAL_072,1150,1179,0.25124612,False
DEV_NORMAL_072,1151,1180,0.24297759,False
DEV_NORMAL_072,1152,1181,0.23607731,False
DEV_NORMAL_072,1153,1182,0.23325033,False
DEV_NORMAL_072,1154,1183,0.2474999,False
DEV_NORMAL_072,1155,1184,0.23876204,False
DEV_NORMAL_072,1156,1185,0.25042135,False
DEV_NORMAL_072,1157,1186,0.26349077,False
DEV_NORMAL_072,1158,1187,0.25939077,False
DEV_NORMAL_072,1159,1188,0.25543344,False
DEV_NORMAL_072,1160,1189,0.25461707,False
DEV_NORMAL_072,1161,1190,0.24839506,False
DEV_NORMAL_072,1162,1191,0.26393652,False
DEV_NORMAL_072,1163,1192,0.24462725,False
DEV_NORMAL_072,1164,1193,0.24586985,False
DEV_NORMAL_072,1165,1194,0.22927605,False
DEV_NORMAL_072,1166,1195,0.22997513,False
DEV_NORMAL_072,1167,1196,0.22315668,False
DEV_NORMAL_072,1168,1197,0.24108738,False
DEV_NORMAL_072,1169,1198,0.25855908,False
DEV_NORMAL_072,1170,1199,0.23994207,False
DEV_NORMAL_082,0,29,0.23582554,False
DEV_NORMAL_082,1,30,0.22722594,False
DEV_NORMAL_082,2,31,0.22162877,False
DEV_NORMAL_082,3,32,0.22420238,False
DEV_NORMAL_082,4,33,0.23074332,False
DEV_NORMAL_082,5,34,0.23588637,False
DEV_NORMAL_082,6,35,0.2267205,False
DEV_NORMAL_082,7,36,0.22282942,False
DEV_NORMAL_082,8,37,0.23964338,False
DEV_NORMAL_082,9,38,0.23939832,False
DEV_NORMAL_082,10,39,0.2414821,False
DEV_NORMAL_082,11,40,0.24394995,False
DEV_NORMAL_082,12,41,0.27029037,False
DEV_NORMAL_082,13,42,0.2752557,False
DEV_NORMAL_082,14,43,0.28538597,False
DEV_NORMAL_082,15,44,0.27574462,False
DEV_NORMAL_082,16,45,0.262363,False
DEV_NORMAL_082,17,46,0.25809592,False
DEV_NORMAL_082,18,47,0.23939732,False
DEV_NORMAL_082,19,48,0.24611896,False
DEV_NORMAL_082,20,49,0.2642204,False
DEV_NORMAL_082,21,50,0.28988007,False
DEV_NORMAL_082,22,51,0.2893649,False
DEV_NORMAL_082,23,52,0.27972987,False
DEV_NORMAL_082,24,53,0.2838927,False
DEV_NORMAL_082,25,54,0.29618713,True
DEV_NORMAL_082,26,55,0.28927323,False
DEV_NORMAL_082,27,56,0.27243716,False
DEV_NORMAL_082,28,57,0.2847699,False
DEV_NORMAL_082,29,58,0.28123474,False
DEV_NORMAL_082,30,59,0.2856622,False
DEV_NORMAL_082,31,60,0.28298888,False
DEV_NORMAL_082,32,61,0.2804352,False
DEV_NORMAL_082,33,62,0.26752186,False
DEV_NORMAL_082,34,63,0.2740092,False
DEV_NORMAL_082,35,64,0.30840582,True
DEV_NORMAL_082,36,65,0.30825478,True
DEV_NORMAL_082,37,66,0.27233833,False
DEV_NORMAL_082,38,67,0.2942628,True
DEV_NORMAL_082,39,68,0.27532825,False
DEV_NORMAL_082,40,69,0.26609442,False
DEV_NORMAL_082,41,70,0.25958887,False
DEV_NORMAL_082,42,71,0.24917094,False
DEV_NORMAL_082,43,72,0.24896055,False
DEV_NORMAL_082,44,73,0.256878,False
DEV_NORMAL_082,45,74,0.25829366,False
DEV_NORMAL_082,46,75,0.25419313,False
DEV_NORMAL_082,47,76,0.2552852,False
DEV_NORMAL_082,48,77,0.24343544,False
DEV_NORMAL_082,49,78,0.2289829,False
DEV_NORMAL_082,50,79,0.23336071,False
DEV_NORMAL_082,51,80,0.2303669,False
DEV_NORMAL_082,52,81,0.21023972,False
DEV_NORMAL_082,53,82,0.21732816,False
DEV_NORMAL_082,54,83,0.21410699,False
DEV_NORMAL_082,55,84,0.20950334,False
DEV_NORMAL_082,56,85,0.20441112,False
DEV_NORMAL_082,57,86,0.18933867,False
DEV_NORMAL_082,58,87,0.19829498,False
DEV_NORMAL_082,59,88,0.20407876,False
DEV_NORMAL_082,60,89,0.19903122,False
DEV_NORMAL_082,61,90,0.20197383,False
DEV_NORMAL_082,62,91,0.20147689,False
DEV_NORMAL_082,63,92,0.19830908,False
DEV_NORMAL_082,64,93,0.18173864,False
DEV_NORMAL_082,65,94,0.19208132,False
DEV_NORMAL_082,66,95,0.18950894,False
DEV_NORMAL_082,67,96,0.1767338,False
DEV_NORMAL_082,68,97,0.1841869,False
DEV_NORMAL_082,69,98,0.1822649,False
DEV_NORMAL_082,70,99,0.17246653,False
DEV_NORMAL_082,71,100,0.181227,False
DEV_NORMAL_082,72,101,0.18277003,False
DEV_NORMAL_082,73,102,0.18303291,False
DEV_NORMAL_082,74,103,0.19097154,False
DEV_NORMAL_082,75,104,0.20353158,False
DEV_NORMAL_082,76,105,0.19898891,False
DEV_NORMAL_082,77,106,0.20273963,False
DEV_NORMAL_082,78,107,0.20759863,False
DEV_NORMAL_082,79,108,0.20799313,False
DEV_NORMAL_082,80,109,0.2201733,False
DEV_NORMAL_082,81,110,0.21996225,False
DEV_NORMAL_082,82,111,0.23382804,False
DEV_NORMAL_082,83,112,0.23330323,False
DEV_NORMAL_082,84,113,0.25078884,False
DEV_NORMAL_082,85,114,0.24362558,False
DEV_NORMAL_082,86,115,0.23924819,False
DEV_NORMAL_082,87,116,0.25484917,False
DEV_NORMAL_082,88,117,0.23839143,False
DEV_NORMAL_082,89,118,0.24112931,False
DEV_NORMAL_082,90,119,0.24340916,False
DEV_NORMAL_082,91,120,0.25438485,False
DEV_NORMAL_082,92,121,0.24010591,False
DEV_NORMAL_082,93,122,0.23627281,False
DEV_NORMAL_082,94,123,0.23728685,False
DEV_NORMAL_082,95,124,0.2223722,False
DEV_NORMAL_082,96,125,0.22994336,False
DEV_NORMAL_082,97,126,0.22460462,False
DEV_NORMAL_082,98,127,0.2238369,False
DEV_NORMAL_082,99,128,0.2105479,False
DEV_NORMAL_082,100,129,0.19662835,False
DEV_NORMAL_082,101,130,0.1945191,False
DEV_NORMAL_082,102,131,0.18856746,False
DEV_NORMAL_082,103,132,0.18329999,False
DEV_NORMAL_082,104,133,0.18524961,False
DEV_NORMAL_082,105,134,0.18303448,False
DEV_NORMAL_082,106,135,0.20735124,False
DEV_NORMAL_082,107,136,0.204316,False
DEV_NORMAL_082,108,137,0.19874817,False
DEV_NORMAL_082,109,138,0.2085165,False
DEV_NORMAL_082,110,139,0.19770938,False
DEV_NORMAL_082,111,140,0.2012125,False
DEV_NORMAL_082,112,141,0.19677286,False
DEV_NORMAL_082,113,142,0.19282618,False
DEV_NORMAL_082,114,143,0.18305819,False
DEV_NORMAL_082,115,144,0.18570328,False
DEV_NORMAL_082,116,145,0.17937075,False
DEV_NORMAL_082,117,146,0.19400549,False
DEV_NORMAL_082,118,147,0.18274513,False
DEV_NORMAL_082,119,148,0.1871222,False
DEV_NORMAL_082,120,149,0.18152532,False
DEV_NORMAL_082,121,150,0.179145,False
DEV_NORMAL_082,122,151,0.20133005,False
DEV_NORMAL_082,123,152,0.20309645,False
DEV_NORMAL_082,124,153,0.20692946,False
DEV_NORMAL_082,125,154,0.2015893,False
DEV_NORMAL_082,126,155,0.2062212,False
DEV_NORMAL_082,127,156,0.21848252,False
DEV_NORMAL_082,128,157,0.22476098,False
DEV_NORMAL_082,129,158,0.22574265,False
DEV_NORMAL_082,130,159,0.2266093,False
DEV_NORMAL_082,131,160,0.22118658,False
DEV_NORMAL_082,132,161,0.21606974,False
DEV_NORMAL_082,133,162,0.24578692,False
DEV_NORMAL_082,134,163,0.2327997,False
DEV_NORMAL_082,135,164,0.2076711,False
DEV_NORMAL_082,136,165,0.20577964,False
DEV_NORMAL_082,137,166,0.21061103,False
DEV_NORMAL_082,138,167,0.2060736,False
DEV_NORMAL_082,139,168,0.20064701,False
DEV_NORMAL_082,140,169,0.22319002,False
DEV_NORMAL_082,141,170,0.22021411,False
DEV_NORMAL_082,142,171,0.21167873,False
DEV_NORMAL_082,143,172,0.21473666,False
DEV_NORMAL_082,144,173,0.22886685,False
DEV_NORMAL_082,145,174,0.2086392,False
DEV_NORMAL_082,146,175,0.20145808,False
DEV_NORMAL_082,147,176,0.21448883,False
DEV_NORMAL_082,148,177,0.23808339,False
DEV_NORMAL_082,149,178,0.23274383,False
DEV_NORMAL_082,150,179,0.2283741,False
DEV_NORMAL_082,151,180,0.20994695,False
DEV_NORMAL_082,152,181,0.22020082,False
DEV_NORMAL_082,153,182,0.22541012,False
DEV_NORMAL_082,154,183,0.21277,False
DEV_NORMAL_082,155,184,0.22359394,False
DEV_NORMAL_082,156,185,0.25119978,False
DEV_NORMAL_082,157,186,0.251452,False
DEV_NORMAL_082,158,187,0.29441434,True
DEV_NORMAL_082,159,188,0.28893846,False
DEV_NORMAL_082,160,189,0.30031312,True
DEV_NORMAL_082,161,190,0.3102676,True
DEV_NORMAL_082,162,191,0.3070779,True
DEV_NORMAL_082,163,192,0.30747968,True
DEV_NORMAL_082,164,193,0.32149455,True
DEV_NORMAL_082,165,194,0.31577742,True
DEV_NORMAL_082,166,195,0.30357653,True
DEV_NORMAL_082,167,196,0.31721416,True
DEV_NORMAL_082,168,197,0.30607828,True
DEV_NORMAL_082,169,198,0.29606363,True
DEV_NORMAL_082,170,199,0.3018935,True
DEV_NORMAL_082,171,200,0.31066468,True
DEV_NORMAL_082,172,201,0.29989251,True
DEV_NORMAL_082,173,202,0.2898627,False
DEV_NORMAL_082,174,203,0.30161905,True
DEV_NORMAL_082,175,204,0.31453857,True
DEV_NORMAL_082,176,205,0.30173934,True
DEV_NORMAL_082,177,206,0.2985768,True
DEV_NORMAL_082,178,207,0.31160516,True
DEV_NORMAL_082,179,208,0.3186636,True
DEV_NORMAL_082,180,209,0.3206732,True
DEV_NORMAL_082,181,210,0.30801636,True
DEV_NORMAL_082,182,211,0.32029405,True
DEV_NORMAL_082,183,212,0.30790597,True
DEV_NORMAL_082,184,213,0.29790688,True
DEV_NORMAL_082,185,214,0.28402665,False
DEV_NORMAL_082,186,215,0.31513336,True
DEV_NORMAL_082,187,216,0.28728476,False
DEV_NORMAL_082,188,217,0.31685677,True
DEV_NORMAL_082,189,218,0.31554404,True
DEV_NORMAL_082,190,219,0.2883185,False
DEV_NORMAL_082,191,220,0.27429932,False
DEV_NORMAL_082,192,221,0.2725137,False
DEV_NORMAL_082,193,222,0.2681046,False
DEV_NORMAL_082,194,223,0.272209,False
DEV_NORMAL_082,195,224,0.28510624,False
DEV_NORMAL_082,196,225,0.2772157,False
DEV_NORMAL_082,197,226,0.27292767,False
DEV_NORMAL_082,198,227,0.281971,False
DEV_NORMAL_082,199,228,0.28155774,False
DEV_NORMAL_082,200,229,0.27598011,False
DEV_NORMAL_082,201,230,0.27473563,False
DEV_NORMAL_082,202,231,0.27912715,False
DEV_NORMAL_082,203,232,0.2774786,False
DEV_NORMAL_082,204,233,0.2840686,False
DEV_NORMAL_082,205,234,0.2819651,False
DEV_NORMAL_082,206,235,0.30501646,True
DEV_NORMAL_082,207,236,0.30085218,True
DEV_NORMAL_082,208,237,0.28843203,False
DEV_NORMAL_082,209,238,0.29241708,True
DEV_NORMAL_082,210,239,0.24642426,False
DEV_NORMAL_082,211,240,0.25760353,False
DEV_NORMAL_082,212,241,0.25103733,False
DEV_NORMAL_082,213,242,0.26924095,False
DEV_NORMAL_082,214,243,0.27408686,False
DEV_NORMAL_082,215,244,0.26944667,False
DEV_NORMAL_082,216,245,0.2636832,False
DEV_NORMAL_082,217,246,0.25614223,False
DEV_NORMAL_082,218,247,0.24711673,False
DEV_NORMAL_082,219,248,0.2556955,False
DEV_NORMAL_082,220,249,0.25747505,False
DEV_NORMAL_082,221,250,0.24810854,False
DEV_NORMAL_082,222,251,0.25445008,False
DEV_NORMAL_082,223,252,0.2572647,False
DEV_NORMAL_082,224,253,0.26863766,False
DEV_NORMAL_082,225,254,0.26654273,False
DEV_NORMAL_082,226,255,0.2816,False
DEV_NORMAL_082,227,256,0.2780438,False
DEV_NORMAL_082,228,257,0.2682352,False
DEV_NORMAL_082,229,258,0.26034674,False
DEV_NORMAL_082,230,259,0.25688583,False
DEV_NORMAL_082,231,260,0.25396144,False
DEV_NORMAL_082,232,261,0.2679121,False
DEV_NORMAL_082,233,262,0.22237547,False
DEV_NORMAL_082,234,263,0.22324187,False
DEV_NORMAL_082,235,264,0.22751665,False
DEV_NORMAL_082,236,265,0.21633285,False
DEV_NORMAL_082,237,266,0.21149893,False
DEV_NORMAL_082,238,267,0.21750416,False
DEV_NORMAL_082,239,268,0.21215096,False
DEV_NORMAL_082,240,269,0.21078596,False
DEV_NORMAL_082,241,270,0.17317012,False
DEV_NORMAL_082,242,271,0.17303458,False
DEV_NORMAL_082,243,272,0.17500903,False
DEV_NORMAL_082,244,273,0.19013402,False
DEV_NORMAL_082,245,274,0.1923245,False
DEV_NORMAL_082,246,275,0.19633453,False
DEV_NORMAL_082,247,276,0.19046119,False
DEV_NORMAL_082,248,277,0.21286936,False
DEV_NORMAL_082,249,278,0.20350523,False
DEV_NORMAL_082,250,279,0.2005841,False
DEV_NORMAL_082,251,280,0.18869844,False
DEV_NORMAL_082,252,281,0.1944069,False
DEV_NORMAL_082,253,282,0.18592411,False
DEV_NORMAL_082,254,283,0.19753982,False
DEV_NORMAL_082,255,284,0.19603816,False
DEV_NORMAL_082,256,285,0.19288974,False
DEV_NORMAL_082,257,286,0.1977162,False
DEV_NORMAL_082,258,287,0.19113058,False
DEV_NORMAL_082,259,288,0.19068362,False
DEV_NORMAL_082,260,289,0.18554048,False
DEV_NORMAL_082,261,290,0.1885956,False
DEV_NORMAL_082,262,291,0.1819695,False
DEV_NORMAL_082,263,292,0.19265814,False
DEV_NORMAL_082,264,293,0.1897912,False
DEV_NORMAL_082,265,294,0.19145268,False
DEV_NORMAL_082,266,295,0.18678564,False
DEV_NORMAL_082,267,296,0.18908997,False
DEV_NORMAL_082,268,297,0.18835217,False
DEV_NORMAL_082,269,298,0.18877031,False
DEV_NORMAL_082,270,299,0.19632426,False
DEV_NORMAL_082,271,300,0.20001015,False
DEV_NORMAL_082,272,301,0.1774869,False
DEV_NORMAL_082,273,302,0.18552034,False
DEV_NORMAL_082,274,303,0.1705212,False
DEV_NORMAL_082,275,304,0.17259003,False
DEV_NORMAL_082,276,305,0.19108556,False
DEV_NORMAL_082,277,306,0.17524464,False
DEV_NORMAL_082,278,307,0.1722584,False
DEV_NORMAL_082,279,308,0.17148158,False
DEV_NORMAL_082,280,309,0.17119297,False
DEV_NORMAL_082,281,310,0.18391888,False
DEV_NORMAL_082,282,311,0.2025014,False
DEV_NORMAL_082,283,312,0.19721586,False
DEV_NORMAL_082,284,313,0.19041647,False
DEV_NORMAL_082,285,314,0.18564205,False
DEV_NORMAL_082,286,315,0.19125153,False
DEV_NORMAL_082,287,316,0.19041112,False
DEV_NORMAL_082,288,317,0.20795417,False
DEV_NORMAL_082,289,318,0.20009622,False
DEV_NORMAL_082,290,319,0.19889835,False
DEV_NORMAL_082,291,320,0.20368156,False
DEV_NORMAL_082,292,321,0.22033,False
DEV_NORMAL_082,293,322,0.22773524,False
DEV_NORMAL_082,294,323,0.23807274,False
DEV_NORMAL_082,295,324,0.25710267,False
DEV_NORMAL_082,296,325,0.24830954,False
DEV_NORMAL_082,297,326,0.24980395,False
DEV_NORMAL_082,298,327,0.24813433,False
DEV_NORMAL_082,299,328,0.25145164,False
DEV_NORMAL_082,300,329,0.24700038,False
DEV_NORMAL_082,301,330,0.2556549,False
DEV_NORMAL_082,302,331,0.2575422,False
DEV_NORMAL_082,303,332,0.2569303,False
DEV_NORMAL_082,304,333,0.25319463,False
DEV_NORMAL_082,305,334,0.24068944,False
DEV_NORMAL_082,306,335,0.24117047,False
DEV_NORMAL_082,307,336,0.23730113,False
DEV_NORMAL_082,308,337,0.22438683,False
DEV_NORMAL_082,309,338,0.21304776,False
DEV_NORMAL_082,310,339,0.19149722,False
DEV_NORMAL_082,311,340,0.18984649,False
DEV_NORMAL_082,312,341,0.19435997,False
DEV_NORMAL_082,313,342,0.20474134,False
DEV_NORMAL_082,314,343,0.2032326,False
DEV_NORMAL_082,315,344,0.20312263,False
DEV_NORMAL_082,316,345,0.18897961,False
DEV_NORMAL_082,317,346,0.18811327,False
DEV_NORMAL_082,318,347,0.19061168,False
DEV_NORMAL_082,319,348,0.18545085,False
DEV_NORMAL_082,320,349,0.17388557,False
DEV_NORMAL_082,321,350,0.14870133,False
DEV_NORMAL_082,322,351,0.15283398,False
DEV_NORMAL_082,323,352,0.14751743,False
DEV_NORMAL_082,324,353,0.1208857,False
DEV_NORMAL_082,325,354,0.122020006,False
DEV_NORMAL_082,326,355,0.1510033,False
DEV_NORMAL_082,327,356,0.14847158,False
DEV_NORMAL_082,328,357,0.13120836,False
DEV_NORMAL_082,329,358,0.12908868,False
DEV_NORMAL_082,330,359,0.13581114,False
DEV_NORMAL_082,331,360,0.1434247,False
DEV_NORMAL_082,332,361,0.14436477,False
DEV_NORMAL_082,333,362,0.14637667,False
DEV_NORMAL_082,334,363,0.14361125,False
DEV_NORMAL_082,335,364,0.14191706,False
DEV_NORMAL_082,336,365,0.15238374,False
DEV_NORMAL_082,337,366,0.1443353,False
DEV_NORMAL_082,338,367,0.14253038,False
DEV_NORMAL_082,339,368,0.1461978,False
DEV_NORMAL_082,340,369,0.13697506,False
DEV_NORMAL_082,341,370,0.13843057,False
DEV_NORMAL_082,342,371,0.1465527,False
DEV_NORMAL_082,343,372,0.14169186,False
DEV_NORMAL_082,344,373,0.13796952,False
DEV_NORMAL_082,345,374,0.14189926,False
DEV_NORMAL_082,346,375,0.14722471,False
DEV_NORMAL_082,347,376,0.14269805,False
DEV_NORMAL_082,348,377,0.15584406,False
DEV_NORMAL_082,349,378,0.1570639,False
DEV_NORMAL_082,350,379,0.15233904,False
DEV_NORMAL_082,351,380,0.14657244,False
DEV_NORMAL_082,352,381,0.14049238,False
DEV_NORMAL_082,353,382,0.137227,False
DEV_NORMAL_082,354,383,0.13102557,False
DEV_NORMAL_082,355,384,0.12286301,False
DEV_NORMAL_082,356,385,0.13631383,False
DEV_NORMAL_082,357,386,0.16857229,False
DEV_NORMAL_082,358,387,0.16056074,False
DEV_NORMAL_082,359,388,0.15245892,False
DEV_NORMAL_082,360,389,0.15353194,False
DEV_NORMAL_082,361,390,0.16112846,False
DEV_NORMAL_082,362,391,0.15661882,False
DEV_NORMAL_082,363,392,0.15557812,False
DEV_NORMAL_082,364,393,0.15606067,False
DEV_NORMAL_082,365,394,0.14965446,False
DEV_NORMAL_082,366,395,0.15101966,False
DEV_NORMAL_082,367,396,0.15251496,False
DEV_NORMAL_082,368,397,0.17150502,False
DEV_NORMAL_082,369,398,0.17874107,False
DEV_NORMAL_082,370,399,0.18193032,False
DEV_NORMAL_082,371,400,0.16913837,False
DEV_NORMAL_082,372,401,0.16208582,False
DEV_NORMAL_082,373,402,0.17604326,False
DEV_NORMAL_082,374,403,0.17268139,False
DEV_NORMAL_082,375,404,0.20039545,False
DEV_NORMAL_082,376,405,0.1964391,False
DEV_NORMAL_082,377,406,0.20122786,False
DEV_NORMAL_082,378,407,0.19774218,False
DEV_NORMAL_082,379,408,0.19653943,False
DEV_NORMAL_082,380,409,0.2277468,False
DEV_NORMAL_082,381,410,0.23639275,False
DEV_NORMAL_082,382,411,0.23504838,False
DEV_NORMAL_082,383,412,0.2352603,False
DEV_NORMAL_082,384,413,0.24261475,False
DEV_NORMAL_082,385,414,0.22218657,False
DEV_NORMAL_082,386,415,0.21686319,False
DEV_NORMAL_082,387,416,0.21582161,False
DEV_NORMAL_082,388,417,0.2134674,False
DEV_NORMAL_082,389,418,0.21199077,False
DEV_NORMAL_082,390,419,0.21638982,False
DEV_NORMAL_082,391,420,0.2165637,False
DEV_NORMAL_082,392,421,0.22275572,False
DEV_NORMAL_082,393,422,0.22542883,False
DEV_NORMAL_082,394,423,0.22784121,False
DEV_NORMAL_082,395,424,0.22126423,False
DEV_NORMAL_082,396,425,0.2174775,False
DEV_NORMAL_082,397,426,0.23074293,False
DEV_NORMAL_082,398,427,0.23711509,False
DEV_NORMAL_082,399,428,0.23967715,False
DEV_NORMAL_082,400,429,0.24352102,False
DEV_NORMAL_082,401,430,0.23638004,False
DEV_NORMAL_082,402,431,0.23123868,False
DEV_NORMAL_082,403,432,0.22675942,False
DEV_NORMAL_082,404,433,0.22499868,False
DEV_NORMAL_082,405,434,0.21888648,False
DEV_NORMAL_082,406,435,0.20915137,False
DEV_NORMAL_082,407,436,0.24441671,False
DEV_NORMAL_082,408,437,0.2334962,False
DEV_NORMAL_082,409,438,0.23257017,False
DEV_NORMAL_082,410,439,0.23570341,False
DEV_NORMAL_082,411,440,0.22121905,False
DEV_NORMAL_082,412,441,0.22959413,False
DEV_NORMAL_082,413,442,0.23715928,False
DEV_NORMAL_082,414,443,0.23645715,False
DEV_NORMAL_082,415,444,0.23742357,False
DEV_NORMAL_082,416,445,0.23957172,False
DEV_NORMAL_082,417,446,0.23866472,False
DEV_NORMAL_082,418,447,0.24258575,False
DEV_NORMAL_082,419,448,0.23644228,False
DEV_NORMAL_082,420,449,0.2244744,False
DEV_NORMAL_082,421,450,0.23141235,False
DEV_NORMAL_082,422,451,0.23324403,False
DEV_NORMAL_082,423,452,0.23918645,False
DEV_NORMAL_082,424,453,0.2302804,False
DEV_NORMAL_082,425,454,0.23216595,False
DEV_NORMAL_082,426,455,0.22503807,False
DEV_NORMAL_082,427,456,0.24231866,False
DEV_NORMAL_082,428,457,0.24661483,False
DEV_NORMAL_082,429,458,0.25655237,False
DEV_NORMAL_082,430,459,0.2718025,False
DEV_NORMAL_082,431,460,0.27196026,False
DEV_NORMAL_082,432,461,0.27546805,False
DEV_NORMAL_082,433,462,0.27910239,False
DEV_NORMAL_082,434,463,0.28790456,False
DEV_NORMAL_082,435,464,0.25987187,False
DEV_NORMAL_082,436,465,0.22279812,False
DEV_NORMAL_082,437,466,0.22348922,False
DEV_NORMAL_082,438,467,0.22290872,False
DEV_NORMAL_082,439,468,0.23427738,False
DEV_NORMAL_082,440,469,0.22998829,False
DEV_NORMAL_082,441,470,0.22114359,False
DEV_NORMAL_082,442,471,0.21718079,False
DEV_NORMAL_082,443,472,0.2097053,False
DEV_NORMAL_082,444,473,0.21986417,False
DEV_NORMAL_082,445,474,0.21825495,False
DEV_NORMAL_082,446,475,0.21352825,False
DEV_NORMAL_082,447,476,0.2083933,False
DEV_NORMAL_082,448,477,0.22431237,False
DEV_NORMAL_082,449,478,0.21035354,False
DEV_NORMAL_082,450,479,0.20634073,False
DEV_NORMAL_082,451,480,0.2084327,False
DEV_NORMAL_082,452,481,0.2056654,False
DEV_NORMAL_082,453,482,0.212879,False
DEV_NORMAL_082,454,483,0.21348538,False
DEV_NORMAL_082,455,484,0.21206447,False
DEV_NORMAL_082,456,485,0.18915841,False
DEV_NORMAL_082,457,486,0.16589141,False
DEV_NORMAL_082,458,487,0.18602146,False
DEV_NORMAL_082,459,488,0.1750624,False
DEV_NORMAL_082,460,489,0.1814479,False
DEV_NORMAL_082,461,490,0.19741233,False
DEV_NORMAL_082,462,491,0.19084205,False
DEV_NORMAL_082,463,492,0.18806012,False
DEV_NORMAL_082,464,493,0.2084274,False
DEV_NORMAL_082,465,494,0.20891748,False
DEV_NORMAL_082,466,495,0.21766727,False
DEV_NORMAL_082,467,496,0.2207198,False
DEV_NORMAL_082,468,497,0.24386792,False
DEV_NORMAL_082,469,498,0.228785,False
DEV_NORMAL_082,470,499,0.22632545,False
DEV_NORMAL_082,471,500,0.2289204,False
DEV_NORMAL_082,472,501,0.2268097,False
DEV_NORMAL_082,473,502,0.23327093,False
DEV_NORMAL_082,474,503,0.24187304,False
DEV_NORMAL_082,475,504,0.23986836,False
DEV_NORMAL_082,476,505,0.25049382,False
DEV_NORMAL_082,477,506,0.25465736,False
DEV_NORMAL_082,478,507,0.25188062,False
DEV_NORMAL_082,479,508,0.26499334,False
DEV_NORMAL_082,480,509,0.26966313,False
DEV_NORMAL_082,481,510,0.2711443,False
DEV_NORMAL_082,482,511,0.26716664,False
DEV_NORMAL_082,483,512,0.26991653,False
DEV_NORMAL_082,484,513,0.2615908,False
DEV_NORMAL_082,485,514,0.2649124,False
DEV_NORMAL_082,486,515,0.2632856,False
DEV_NORMAL_082,487,516,0.26032385,False
DEV_NORMAL_082,488,517,0.23143466,False
DEV_NORMAL_082,489,518,0.23694547,False
DEV_NORMAL_082,490,519,0.23666815,False
DEV_NORMAL_082,491,520,0.227998,False
DEV_NORMAL_082,492,521,0.22928587,False
DEV_NORMAL_082,493,522,0.23156586,False
DEV_NORMAL_082,494,523,0.2288847,False
DEV_NORMAL_082,495,524,0.21680307,False
DEV_NORMAL_082,496,525,0.20353346,False
DEV_NORMAL_082,497,526,0.21082525,False
DEV_NORMAL_082,498,527,0.18254241,False
DEV_NORMAL_082,499,528,0.18279177,False
DEV_NORMAL_082,500,529,0.21069081,False
DEV_NORMAL_082,501,530,0.23139314,False
DEV_NORMAL_082,502,531,0.22555606,False
DEV_NORMAL_082,503,532,0.22823414,False
DEV_NORMAL_082,504,533,0.23606853,False
DEV_NORMAL_082,505,534,0.23366983,False
DEV_NORMAL_082,506,535,0.22269613,False
DEV_NORMAL_082,507,536,0.20383891,False
DEV_NORMAL_082,508,537,0.1994982,False
DEV_NORMAL_082,509,538,0.19738036,False
DEV_NORMAL_082,510,539,0.21058185,False
DEV_NORMAL_082,511,540,0.2200661,False
DEV_NORMAL_082,512,541,0.21833201,False
DEV_NORMAL_082,513,542,0.21471228,False
DEV_NORMAL_082,514,543,0.21907559,False
DEV_NORMAL_082,515,544,0.2275354,False
DEV_NORMAL_082,516,545,0.2306134,False
DEV_NORMAL_082,517,546,0.24914551,False
DEV_NORMAL_082,518,547,0.23984203,False
DEV_NORMAL_082,519,548,0.24698433,False
DEV_NORMAL_082,520,549,0.25141945,False
DEV_NORMAL_082,521,550,0.25016862,False
DEV_NORMAL_082,522,551,0.2466211,False
DEV_NORMAL_082,523,552,0.24787666,False
DEV_NORMAL_082,524,553,0.25584233,False
DEV_NORMAL_082,525,554,0.25381756,False
DEV_NORMAL_082,526,555,0.24363293,False
DEV_NORMAL_082,527,556,0.24642208,False
DEV_NORMAL_082,528,557,0.25940105,False
DEV_NORMAL_082,529,558,0.22941309,False
DEV_NORMAL_082,530,559,0.22685188,False
DEV_NORMAL_082,531,560,0.22981688,False
DEV_NORMAL_082,532,561,0.23978001,False
DEV_NORMAL_082,533,562,0.23611525,False
DEV_NORMAL_082,534,563,0.23676965,False
DEV_NORMAL_082,535,564,0.26681054,False
DEV_NORMAL_082,536,565,0.24839433,False
DEV_NORMAL_082,537,566,0.246756,False
DEV_NORMAL_082,538,567,0.2396822,False
DEV_NORMAL_082,539,568,0.23155661,False
DEV_NORMAL_082,540,569,0.23917122,False
DEV_NORMAL_082,541,570,0.2475306,False
DEV_NORMAL_082,542,571,0.24187234,False
DEV_NORMAL_082,543,572,0.24251564,False
DEV_NORMAL_082,544,573,0.23484659,False
DEV_NORMAL_082,545,574,0.22938535,False
DEV_NORMAL_082,546,575,0.20758791,False
DEV_NORMAL_082,547,576,0.21357718,False
DEV_NORMAL_082,548,577,0.21933523,False
DEV_NORMAL_082,549,578,0.1964566,False
DEV_NORMAL_082,550,579,0.18305543,False
DEV_NORMAL_082,551,580,0.18053485,False
DEV_NORMAL_082,552,581,0.1791298,False
DEV_NORMAL_082,553,582,0.18617965,False
DEV_NORMAL_082,554,583,0.1599794,False
DEV_NORMAL_082,555,584,0.17677833,False
DEV_NORMAL_082,556,585,0.18545808,False
DEV_NORMAL_082,557,586,0.17324176,False
DEV_NORMAL_082,558,587,0.17625591,False
DEV_NORMAL_082,559,588,0.1675107,False
DEV_NORMAL_082,560,589,0.16095302,False
DEV_NORMAL_082,561,590,0.15832783,False
DEV_NORMAL_082,562,591,0.13672301,False
DEV_NORMAL_082,563,592,0.13856725,False
DEV_NORMAL_082,564,593,0.13012928,False
DEV_NORMAL_082,565,594,0.13724546,False
DEV_NORMAL_082,566,595,0.14193453,False
DEV_NORMAL_082,567,596,0.20248225,False
DEV_NORMAL_082,568,597,0.21818133,False
DEV_NORMAL_082,569,598,0.22801778,False
DEV_NORMAL_082,570,599,0.22725296,False
DEV_NORMAL_082,571,600,0.22229941,False
DEV_NORMAL_082,572,601,0.22202618,False
DEV_NORMAL_082,573,602,0.22128235,False
DEV_NORMAL_082,574,603,0.2262996,False
DEV_NORMAL_082,575,604,0.23435608,False
DEV_NORMAL_082,576,605,0.23852275,False
DEV_NORMAL_082,577,606,0.24248171,False
DEV_NORMAL_082,578,607,0.2448643,False
DEV_NORMAL_082,579,608,0.25188413,False
DEV_NORMAL_082,580,609,0.25531682,False
DEV_NORMAL_082,581,610,0.26140955,False
DEV_NORMAL_082,582,611,0.26488158,False
DEV_NORMAL_082,583,612,0.27533856,False
DEV_NORMAL_082,584,613,0.27247378,False
DEV_NORMAL_082,585,614,0.27194437,False
DEV_NORMAL_082,586,615,0.26742762,False
DEV_NORMAL_082,587,616,0.29611963,True
DEV_NORMAL_082,588,617,0.29742897,True
DEV_NORMAL_082,589,618,0.2800908,False
DEV_NORMAL_082,590,619,0.30838662,True
DEV_NORMAL_082,591,620,0.3067961,True
DEV_NORMAL_082,592,621,0.30331448,True
DEV_NORMAL_082,593,622,0.32537556,True
DEV_NORMAL_082,594,623,0.33263358,True
DEV_NORMAL_082,595,624,0.3087155,True
DEV_NORMAL_082,596,625,0.3028515,True
DEV_NORMAL_082,597,626,0.30606258,True
DEV_NORMAL_082,598,627,0.28850377,False
DEV_NORMAL_082,599,628,0.2773177,False
DEV_NORMAL_082,600,629,0.2890199,False
DEV_NORMAL_082,601,630,0.29469332,True
DEV_NORMAL_082,602,631,0.30481875,True
DEV_NORMAL_082,603,632,0.30212444,True
DEV_NORMAL_082,604,633,0.2853278,False
DEV_NORMAL_082,605,634,0.2680324,False
DEV_NORMAL_082,606,635,0.26935995,False
DEV_NORMAL_082,607,636,0.26270825,False
DEV_NORMAL_082,608,637,0.2648052,False
DEV_NORMAL_082,609,638,0.25552633,False
DEV_NORMAL_082,610,639,0.23806287,False
DEV_NORMAL_082,611,640,0.23153752,False
DEV_NORMAL_082,612,641,0.22534586,False
DEV_NORMAL_082,613,642,0.2207429,False
DEV_NORMAL_082,614,643,0.22153,False
DEV_NORMAL_082,615,644,0.21858451,False
DEV_NORMAL_082,616,645,0.2092371,False
DEV_NORMAL_082,617,646,0.21734312,False
DEV_NORMAL_082,618,647,0.20908445,False
DEV_NORMAL_082,619,648,0.19061384,False
DEV_NORMAL_082,620,649,0.20655683,False
DEV_NORMAL_082,621,650,0.18505463,False
DEV_NORMAL_082,622,651,0.20902462,False
DEV_NORMAL_082,623,652,0.18491648,False
DEV_NORMAL_082,624,653,0.18783735,False
DEV_NORMAL_082,625,654,0.16980751,False
DEV_NORMAL_082,626,655,0.16775319,False
DEV_NORMAL_082,627,656,0.1741623,False
DEV_NORMAL_082,628,657,0.1677393,False
DEV_NORMAL_082,629,658,0.16641814,False
DEV_NORMAL_082,630,659,0.17194396,False
DEV_NORMAL_082,631,660,0.1770291,False
DEV_NORMAL_082,632,661,0.18362674,False
DEV_NORMAL_082,633,662,0.21016051,False
DEV_NORMAL_082,634,663,0.20869781,False
DEV_NORMAL_082,635,664,0.2102262,False
DEV_NORMAL_082,636,665,0.2064036,False
DEV_NORMAL_082,637,666,0.19530517,False
DEV_NORMAL_082,638,667,0.193964,False
DEV_NORMAL_082,639,668,0.20034567,False
DEV_NORMAL_082,640,669,0.20271508,False
DEV_NORMAL_082,641,670,0.21006578,False
DEV_NORMAL_082,642,671,0.20900199,False
DEV_NORMAL_082,643,672,0.23137133,False
DEV_NORMAL_082,644,673,0.23313056,False
DEV_NORMAL_082,645,674,0.23574556,False
DEV_NORMAL_082,646,675,0.24116358,False
DEV_NORMAL_082,647,676,0.23205985,False
DEV_NORMAL_082,648,677,0.225418,False
DEV_NORMAL_082,649,678,0.2212737,False
DEV_NORMAL_082,650,679,0.22267376,False
DEV_NORMAL_082,651,680,0.21760124,False
DEV_NORMAL_082,652,681,0.21538448,False
DEV_NORMAL_082,653,682,0.209109,False
DEV_NORMAL_082,654,683,0.21204925,False
DEV_NORMAL_082,655,684,0.22298451,False
DEV_NORMAL_082,656,685,0.21186335,False
DEV_NORMAL_082,657,686,0.21068038,False
DEV_NORMAL_082,658,687,0.21899448,False
DEV_NORMAL_082,659,688,0.23437756,False
DEV_NORMAL_082,660,689,0.2375438,False
DEV_NORMAL_082,661,690,0.21448141,False
DEV_NORMAL_082,662,691,0.21001895,False
DEV_NORMAL_082,663,692,0.19892293,False
DEV_NORMAL_082,664,693,0.19749449,False
DEV_NORMAL_082,665,694,0.20612532,False
DEV_NORMAL_082,666,695,0.2115007,False
DEV_NORMAL_082,667,696,0.207416,False
DEV_NORMAL_082,668,697,0.2109402,False
DEV_NORMAL_082,669,698,0.20226595,False
DEV_NORMAL_082,670,699,0.20765689,False
DEV_NORMAL_082,671,700,0.2005342,False
DEV_NORMAL_082,672,701,0.18553098,False
DEV_NORMAL_082,673,702,0.2019714,False
DEV_NORMAL_082,674,703,0.19244677,False
DEV_NORMAL_082,675,704,0.18874314,False
DEV_NORMAL_082,676,705,0.18086576,False
DEV_NORMAL_082,677,706,0.17856215,False
DEV_NORMAL_082,678,707,0.19976425,False
DEV_NORMAL_082,679,708,0.20957667,False
DEV_NORMAL_082,680,709,0.2127839,False
DEV_NORMAL_082,681,710,0.20818481,False
DEV_NORMAL_082,682,711,0.21796107,False
DEV_NORMAL_082,683,712,0.23374215,False
DEV_NORMAL_082,684,713,0.2179157,False
DEV_NORMAL_082,685,714,0.22085595,False
DEV_NORMAL_082,686,715,0.22591625,False
DEV_NORMAL_082,687,716,0.2149047,False
DEV_NORMAL_082,688,717,0.20559184,False
DEV_NORMAL_082,689,718,0.194552,False
DEV_NORMAL_082,690,719,0.2015159,False
DEV_NORMAL_082,691,720,0.20754194,False
DEV_NORMAL_082,692,721,0.23425026,False
DEV_NORMAL_082,693,722,0.21760893,False
DEV_NORMAL_082,694,723,0.21747272,False
DEV_NORMAL_082,695,724,0.22201607,False
DEV_NORMAL_082,696,725,0.23096094,False
DEV_NORMAL_082,697,726,0.2322604,False
DEV_NORMAL_082,698,727,0.2264652,False
DEV_NORMAL_082,699,728,0.22570576,False
DEV_NORMAL_082,700,729,0.21445851,False
DEV_NORMAL_082,701,730,0.22648798,False
DEV_NORMAL_082,702,731,0.22808297,False
DEV_NORMAL_082,703,732,0.24038838,False
DEV_NORMAL_082,704,733,0.24576204,False
DEV_NORMAL_082,705,734,0.23454902,False
DEV_NORMAL_082,706,735,0.24570502,False
DEV_NORMAL_082,707,736,0.24585901,False
DEV_NORMAL_082,708,737,0.24268603,False
DEV_NORMAL_082,709,738,0.25013766,False
DEV_NORMAL_082,710,739,0.23749927,False
DEV_NORMAL_082,711,740,0.22341107,False
DEV_NORMAL_082,712,741,0.22667018,False
DEV_NORMAL_082,713,742,0.22446236,False
DEV_NORMAL_082,714,743,0.23510145,False
DEV_NORMAL_082,715,744,0.25945327,False
DEV_NORMAL_082,716,745,0.272542,False
DEV_NORMAL_082,717,746,0.2715401,False
DEV_NORMAL_082,718,747,0.27430418,False
DEV_NORMAL_082,719,748,0.25446597,False
DEV_NORMAL_082,720,749,0.25548905,False
DEV_NORMAL_082,721,750,0.26231688,False
DEV_NORMAL_082,722,751,0.25188467,False
DEV_NORMAL_082,723,752,0.24451706,False
DEV_NORMAL_082,724,753,0.23528597,False
DEV_NORMAL_082,725,754,0.24468946,False
DEV_NORMAL_082,726,755,0.24785012,False
DEV_NORMAL_082,727,756,0.24407575,False
DEV_NORMAL_082,728,757,0.24519438,False
DEV_NORMAL_082,729,758,0.24848677,False
DEV_NORMAL_082,730,759,0.2391024,False
DEV_NORMAL_082,731,760,0.24414346,False
DEV_NORMAL_082,732,761,0.2521241,False
DEV_NORMAL_082,733,762,0.24022678,False
DEV_NORMAL_082,734,763,0.24100208,False
DEV_NORMAL_082,735,764,0.24734882,False
DEV_NORMAL_082,736,765,0.21967515,False
DEV_NORMAL_082,737,766,0.23666395,False
DEV_NORMAL_082,738,767,0.23213199,False
DEV_NORMAL_082,739,768,0.23846999,False
DEV_NORMAL_082,740,769,0.24078198,False
DEV_NORMAL_082,741,770,0.25166833,False
DEV_NORMAL_082,742,771,0.22486861,False
DEV_NORMAL_082,743,772,0.2240619,False
DEV_NORMAL_082,744,773,0.20976149,False
DEV_NORMAL_082,745,774,0.20716406,False
DEV_NORMAL_082,746,775,0.2054276,False
DEV_NORMAL_082,747,776,0.2090115,False
DEV_NORMAL_082,748,777,0.20748615,False
DEV_NORMAL_082,749,778,0.20983298,False
DEV_NORMAL_082,750,779,0.20973884,False
DEV_NORMAL_082,751,780,0.21373637,False
DEV_NORMAL_082,752,781,0.2119549,False
DEV_NORMAL_082,753,782,0.20803767,False
DEV_NORMAL_082,754,783,0.18711345,False
DEV_NORMAL_082,755,784,0.18091057,False
DEV_NORMAL_082,756,785,0.1920428,False
DEV_NORMAL_082,757,786,0.20347685,False
DEV_NORMAL_082,758,787,0.2059754,False
DEV_NORMAL_082,759,788,0.20790057,False
DEV_NORMAL_082,760,789,0.195087,False
DEV_NORMAL_082,761,790,0.19641472,False
DEV_NORMAL_082,762,791,0.21664383,False
DEV_NORMAL_082,763,792,0.21283683,False
DEV_NORMAL_082,764,793,0.22303864,False
DEV_NORMAL_082,765,794,0.22565499,False
DEV_NORMAL_082,766,795,0.22460155,False
DEV_NORMAL_082,767,796,0.22415955,False
DEV_NORMAL_082,768,797,0.21747112,False
DEV_NORMAL_082,769,798,0.2138086,False
DEV_NORMAL_082,770,799,0.21601704,False
DEV_NORMAL_082,771,800,0.20316769,False
DEV_NORMAL_082,772,801,0.20544913,False
DEV_NORMAL_082,773,802,0.20496038,False
DEV_NORMAL_082,774,803,0.21397944,False
DEV_NORMAL_082,775,804,0.21225418,False
DEV_NORMAL_082,776,805,0.20123269,False
DEV_NORMAL_082,777,806,0.2057933,False
DEV_NORMAL_082,778,807,0.21161261,False
DEV_NORMAL_082,779,808,0.20850925,False
DEV_NORMAL_082,780,809,0.20416251,False
DEV_NORMAL_082,781,810,0.194337,False
DEV_NORMAL_082,782,811,0.20918861,False
DEV_NORMAL_082,783,812,0.20553538,False
DEV_NORMAL_082,784,813,0.20576951,False
DEV_NORMAL_082,785,814,0.2082429,False
DEV_NORMAL_082,786,815,0.22226794,False
DEV_NORMAL_082,787,816,0.22287528,False
DEV_NORMAL_082,788,817,0.23171072,False
DEV_NORMAL_082,789,818,0.22581072,False
DEV_NORMAL_082,790,819,0.22238229,False
DEV_NORMAL_082,791,820,0.22139527,False
DEV_NORMAL_082,792,821,0.20079018,False
DEV_NORMAL_082,793,822,0.20310864,False
DEV_NORMAL_082,794,823,0.20056985,False
DEV_NORMAL_082,795,824,0.21477003,False
DEV_NORMAL_082,796,825,0.21408476,False
DEV_NORMAL_082,797,826,0.2117564,False
DEV_NORMAL_082,798,827,0.2098017,False
DEV_NORMAL_082,799,828,0.21271381,False
DEV_NORMAL_082,800,829,0.21949543,False
DEV_NORMAL_082,801,830,0.2202938,False
DEV_NORMAL_082,802,831,0.21950707,False
DEV_NORMAL_082,803,832,0.20562717,False
DEV_NORMAL_082,804,833,0.20239712,False
DEV_NORMAL_082,805,834,0.20182636,False
DEV_NORMAL_082,806,835,0.19573519,False
DEV_NORMAL_082,807,836,0.19169222,False
DEV_NORMAL_082,808,837,0.19505,False
DEV_NORMAL_082,809,838,0.20308392,False
DEV_NORMAL_082,810,839,0.21764755,False
DEV_NORMAL_082,811,840,0.22157189,False
DEV_NORMAL_082,812,841,0.22218218,False
DEV_NORMAL_082,813,842,0.21447672,False
DEV_NORMAL_082,814,843,0.23520873,False
DEV_NORMAL_082,815,844,0.21447258,False
DEV_NORMAL_082,816,845,0.20320031,False
DEV_NORMAL_082,817,846,0.21864735,False
DEV_NORMAL_082,818,847,0.24473813,False
DEV_NORMAL_082,819,848,0.2367888,False
DEV_NORMAL_082,820,849,0.23080459,False
DEV_NORMAL_082,821,850,0.23588447,False
DEV_NORMAL_082,822,851,0.2365021,False
DEV_NORMAL_082,823,852,0.23694518,False
DEV_NORMAL_082,824,853,0.2397655,False
DEV_NORMAL_082,825,854,0.25604203,False
DEV_NORMAL_082,826,855,0.25350675,False
DEV_NORMAL_082,827,856,0.25726515,False
DEV_NORMAL_082,828,857,0.2568056,False
DEV_NORMAL_082,829,858,0.26240027,False
DEV_NORMAL_082,830,859,0.27431917,False
DEV_NORMAL_082,831,860,0.27399245,False
DEV_NORMAL_082,832,861,0.2936439,True
DEV_NORMAL_082,833,862,0.2865856,False
DEV_NORMAL_082,834,863,0.275797,False
DEV_NORMAL_082,835,864,0.26657858,False
DEV_NORMAL_082,836,865,0.2717761,False
DEV_NORMAL_082,837,866,0.26225895,False
DEV_NORMAL_082,838,867,0.27079615,False
DEV_NORMAL_082,839,868,0.2520191,False
DEV_NORMAL_082,840,869,0.24096324,False
DEV_NORMAL_082,841,870,0.24327545,False
DEV_NORMAL_082,842,871,0.2591194,False
DEV_NORMAL_082,843,872,0.25895348,False
DEV_NORMAL_082,844,873,0.2571984,False
DEV_NORMAL_082,845,874,0.23323774,False
DEV_NORMAL_082,846,875,0.21693532,False
DEV_NORMAL_082,847,876,0.20271178,False
DEV_NORMAL_082,848,877,0.20468259,False
DEV_NORMAL_082,849,878,0.20320465,False
DEV_NORMAL_082,850,879,0.18049803,False
DEV_NORMAL_082,851,880,0.18549655,False
DEV_NORMAL_082,852,881,0.18471143,False
DEV_NORMAL_082,853,882,0.17786707,False
DEV_NORMAL_082,854,883,0.1730034,False
DEV_NORMAL_082,855,884,0.16215035,False
DEV_NORMAL_082,856,885,0.17106323,False
DEV_NORMAL_082,857,886,0.16893,False
DEV_NORMAL_082,858,887,0.1698946,False
DEV_NORMAL_082,859,888,0.17332233,False
DEV_NORMAL_082,860,889,0.16188669,False
DEV_NORMAL_082,861,890,0.15944593,False
DEV_NORMAL_082,862,891,0.16294794,False
DEV_NORMAL_082,863,892,0.17584115,False
DEV_NORMAL_082,864,893,0.16237126,False
DEV_NORMAL_082,865,894,0.18098985,False
DEV_NORMAL_082,866,895,0.17492113,False
DEV_NORMAL_082,867,896,0.17427787,False
DEV_NORMAL_082,868,897,0.17325146,False
DEV_NORMAL_082,869,898,0.16712022,False
DEV_NORMAL_082,870,899,0.15941231,False
DEV_NORMAL_082,871,900,0.17378055,False
DEV_NORMAL_082,872,901,0.18450713,False
DEV_NORMAL_082,873,902,0.19478092,False
DEV_NORMAL_082,874,903,0.19016664,False
DEV_NORMAL_082,875,904,0.20367365,False
DEV_NORMAL_082,876,905,0.1936516,False
DEV_NORMAL_082,877,906,0.18696629,False
DEV_NORMAL_082,878,907,0.21057339,False
DEV_NORMAL_082,879,908,0.206224,False
DEV_NORMAL_082,880,909,0.20094585,False
DEV_NORMAL_082,881,910,0.20450656,False
DEV_NORMAL_082,882,911,0.21573383,False
DEV_NORMAL_082,883,912,0.22870159,False
DEV_NORMAL_082,884,913,0.23900588,False
DEV_NORMAL_082,885,914,0.23828873,False
DEV_NORMAL_082,886,915,0.23254283,False
DEV_NORMAL_082,887,916,0.23256464,False
DEV_NORMAL_082,888,917,0.23071101,False
DEV_NORMAL_082,889,918,0.2353083,False
DEV_NORMAL_082,890,919,0.23316403,False
DEV_NORMAL_082,891,920,0.23166189,False
DEV_NORMAL_082,892,921,0.2385973,False
DEV_NORMAL_082,893,922,0.22624429,False
DEV_NORMAL_082,894,923,0.21660715,False
DEV_NORMAL_082,895,924,0.22174731,False
DEV_NORMAL_082,896,925,0.21296026,False
DEV_NORMAL_082,897,926,0.20569593,False
DEV_NORMAL_082,898,927,0.19440584,False
DEV_NORMAL_082,899,928,0.19867687,False
DEV_NORMAL_082,900,929,0.1914457,False
DEV_NORMAL_082,901,930,0.18486933,False
DEV_NORMAL_082,902,931,0.18944667,False
DEV_NORMAL_082,903,932,0.18357658,False
DEV_NORMAL_082,904,933,0.18437637,False
DEV_NORMAL_082,905,934,0.17795542,False
DEV_NORMAL_082,906,935,0.17705011,False
DEV_NORMAL_082,907,936,0.16796684,False
DEV_NORMAL_082,908,937,0.1691759,False
DEV_NORMAL_082,909,938,0.18278734,False
DEV_NORMAL_082,910,939,0.18037623,False
DEV_NORMAL_082,911,940,0.16423957,False
DEV_NORMAL_082,912,941,0.1671607,False
DEV_NORMAL_082,913,942,0.17219552,False
DEV_NORMAL_082,914,943,0.17579745,False
DEV_NORMAL_082,915,944,0.16619882,False
DEV_NORMAL_082,916,945,0.1712465,False
DEV_NORMAL_082,917,946,0.17968781,False
DEV_NORMAL_082,918,947,0.18959017,False
DEV_NORMAL_082,919,948,0.19329068,False
DEV_NORMAL_082,920,949,0.20204355,False
DEV_NORMAL_082,921,950,0.20723107,False
DEV_NORMAL_082,922,951,0.21732321,False
DEV_NORMAL_082,923,952,0.21897832,False
DEV_NORMAL_082,924,953,0.21966177,False
DEV_NORMAL_082,925,954,0.23139448,False
DEV_NORMAL_082,926,955,0.23067662,False
DEV_NORMAL_082,927,956,0.22736345,False
DEV_NORMAL_082,928,957,0.22488919,False
DEV_NORMAL_082,929,958,0.23468357,False
DEV_NORMAL_082,930,959,0.24564053,False
DEV_NORMAL_082,931,960,0.27173913,False
DEV_NORMAL_082,932,961,0.28441423,False
DEV_NORMAL_082,933,962,0.28192413,False
DEV_NORMAL_082,934,963,0.28732833,False
DEV_NORMAL_082,935,964,0.2928427,True
DEV_NORMAL_082,936,965,0.28881863,False
DEV_NORMAL_082,937,966,0.29740188,True
DEV_NORMAL_082,938,967,0.30344772,True
DEV_NORMAL_082,939,968,0.31417942,True
DEV_NORMAL_082,940,969,0.31032854,True
DEV_NORMAL_082,941,970,0.2984439,True
DEV_NORMAL_082,942,971,0.30004308,True
DEV_NORMAL_082,943,972,0.29273492,True
DEV_NORMAL_082,944,973,0.298889,True
DEV_NORMAL_082,945,974,0.27569878,False
DEV_NORMAL_082,946,975,0.27906486,False
DEV_NORMAL_082,947,976,0.27780437,False
DEV_NORMAL_082,948,977,0.28071335,False
DEV_NORMAL_082,949,978,0.26800886,False
DEV_NORMAL_082,950,979,0.23117076,False
DEV_NORMAL_082,951,980,0.26302716,False
DEV_NORMAL_082,952,981,0.23611839,False
DEV_NORMAL_082,953,982,0.24394934,False
DEV_NORMAL_082,954,983,0.24491021,False
DEV_NORMAL_082,955,984,0.25531986,False
DEV_NORMAL_082,956,985,0.23056762,False
DEV_NORMAL_082,957,986,0.2420799,False
DEV_NORMAL_082,958,987,0.21943945,False
DEV_NORMAL_082,959,988,0.22608131,False
DEV_NORMAL_082,960,989,0.22323474,False
DEV_NORMAL_082,961,990,0.22395445,False
DEV_NORMAL_082,962,991,0.22674869,False
DEV_NORMAL_082,963,992,0.24207026,False
DEV_NORMAL_082,964,993,0.22467057,False
DEV_NORMAL_082,965,994,0.22418068,False
DEV_NORMAL_082,966,995,0.22135684,False
DEV_NORMAL_082,967,996,0.2248035,False
DEV_NORMAL_082,968,997,0.2173849,False
DEV_NORMAL_082,969,998,0.23135474,False
DEV_NORMAL_082,970,999,0.22517443,False
DEV_NORMAL_082,971,1000,0.22405824,False
DEV_NORMAL_082,972,1001,0.2182354,False
DEV_NORMAL_082,973,1002,0.21596332,False
DEV_NORMAL_082,974,1003,0.23314725,False
DEV_NORMAL_082,975,1004,0.22592837,False
DEV_NORMAL_082,976,1005,0.24230461,False
DEV_NORMAL_082,977,1006,0.24231845,False
DEV_NORMAL_082,978,1007,0.23546867,False
DEV_NORMAL_082,979,1008,0.24837668,False
DEV_NORMAL_082,980,1009,0.24005786,False
DEV_NORMAL_082,981,1010,0.25518343,False
DEV_NORMAL_082,982,1011,0.23184307,False
DEV_NORMAL_082,983,1012,0.23219725,False
DEV_NORMAL_082,984,1013,0.23089822,False
DEV_NORMAL_082,985,1014,0.2507878,False
DEV_NORMAL_082,986,1015,0.25517043,False
DEV_NORMAL_082,987,1016,0.26024526,False
DEV_NORMAL_082,988,1017,0.26488477,False
DEV_NORMAL_082,989,1018,0.2641213,False
DEV_NORMAL_082,990,1019,0.29169804,True
DEV_NORMAL_082,991,1020,0.27327573,False
DEV_NORMAL_082,992,1021,0.26883754,False
DEV_NORMAL_082,993,1022,0.2727537,False
DEV_NORMAL_082,994,1023,0.27500868,False
DEV_NORMAL_082,995,1024,0.27195093,False
DEV_NORMAL_082,996,1025,0.26202568,False
DEV_NORMAL_082,997,1026,0.24822153,False
DEV_NORMAL_082,998,1027,0.24166015,False
DEV_NORMAL_082,999,1028,0.23541005,False
DEV_NORMAL_082,1000,1029,0.24577795,False
DEV_NORMAL_082,1001,1030,0.24074768,False
DEV_NORMAL_082,1002,1031,0.22848448,False
DEV_NORMAL_082,1003,1032,0.24112494,False
DEV_NORMAL_082,1004,1033,0.24972135,False
DEV_NORMAL_082,1005,1034,0.22425394,False
DEV_NORMAL_082,1006,1035,0.23032087,False
DEV_NORMAL_082,1007,1036,0.23404354,False
DEV_NORMAL_082,1008,1037,0.23912787,False
DEV_NORMAL_082,1009,1038,0.21051483,False
DEV_NORMAL_082,1010,1039,0.23522808,False
DEV_NORMAL_082,1011,1040,0.22603273,False
DEV_NORMAL_082,1012,1041,0.23664995,False
DEV_NORMAL_082,1013,1042,0.22742805,False
DEV_NORMAL_082,1014,1043,0.22854805,False
DEV_NORMAL_082,1015,1044,0.2279095,False
DEV_NORMAL_082,1016,1045,0.23039226,False
DEV_NORMAL_082,1017,1046,0.1971566,False
DEV_NORMAL_082,1018,1047,0.20529833,False
DEV_NORMAL_082,1019,1048,0.22325267,False
DEV_NORMAL_082,1020,1049,0.20936169,False
DEV_NORMAL_082,1021,1050,0.22172028,False
DEV_NORMAL_082,1022,1051,0.22926989,False
DEV_NORMAL_082,1023,1052,0.23672368,False
DEV_NORMAL_082,1024,1053,0.23785652,False
DEV_NORMAL_082,1025,1054,0.23680684,False
DEV_NORMAL_082,1026,1055,0.23506546,False
DEV_NORMAL_082,1027,1056,0.25803453,False
DEV_NORMAL_082,1028,1057,0.2732871,False
DEV_NORMAL_082,1029,1058,0.2786533,False
DEV_NORMAL_082,1030,1059,0.2783964,False
DEV_NORMAL_082,1031,1060,0.2584172,False
DEV_NORMAL_082,1032,1061,0.2545307,False
DEV_NORMAL_082,1033,1062,0.2713669,False
DEV_NORMAL_082,1034,1063,0.2781238,False
DEV_NORMAL_082,1035,1064,0.27473164,False
DEV_NORMAL_082,1036,1065,0.27660978,False
DEV_NORMAL_082,1037,1066,0.24762948,False
DEV_NORMAL_082,1038,1067,0.21171115,False
DEV_NORMAL_082,1039,1068,0.2122276,False
DEV_NORMAL_082,1040,1069,0.24772477,False
DEV_NORMAL_082,1041,1070,0.25185922,False
DEV_NORMAL_082,1042,1071,0.24658638,False
DEV_NORMAL_082,1043,1072,0.26560006,False
DEV_NORMAL_082,1044,1073,0.2657766,False
DEV_NORMAL_082,1045,1074,0.23549074,False
DEV_NORMAL_082,1046,1075,0.2334303,False
DEV_NORMAL_082,1047,1076,0.23896417,False
DEV_NORMAL_082,1048,1077,0.22661428,False
DEV_NORMAL_082,1049,1078,0.227102,False
DEV_NORMAL_082,1050,1079,0.24827655,False
DEV_NORMAL_082,1051,1080,0.24283227,False
DEV_NORMAL_082,1052,1081,0.22573906,False
DEV_NORMAL_082,1053,1082,0.24702041,False
DEV_NORMAL_082,1054,1083,0.24078506,False
DEV_NORMAL_082,1055,1084,0.24060938,False
DEV_NORMAL_082,1056,1085,0.24900274,False
DEV_NORMAL_082,1057,1086,0.24674225,False
DEV_NORMAL_082,1058,1087,0.22845338,False
DEV_NORMAL_082,1059,1088,0.23133236,False
DEV_NORMAL_082,1060,1089,0.23819058,False
DEV_NORMAL_082,1061,1090,0.23244435,False
DEV_NORMAL_082,1062,1091,0.24978834,False
DEV_NORMAL_082,1063,1092,0.22893639,False
DEV_NORMAL_082,1064,1093,0.23459092,False
DEV_NORMAL_082,1065,1094,0.22329098,False
DEV_NORMAL_082,1066,1095,0.22485615,False
DEV_NORMAL_082,1067,1096,0.23952332,False
DEV_NORMAL_082,1068,1097,0.23971413,False
DEV_NORMAL_082,1069,1098,0.21039698,False
DEV_NORMAL_082,1070,1099,0.19269092,False
DEV_NORMAL_082,1071,1100,0.18777564,False
DEV_NORMAL_082,1072,1101,0.19469228,False
DEV_NORMAL_082,1073,1102,0.20399357,False
DEV_NORMAL_082,1074,1103,0.19958162,False
DEV_NORMAL_082,1075,1104,0.19958775,False
DEV_NORMAL_082,1076,1105,0.20334618,False
DEV_NORMAL_082,1077,1106,0.1934401,False
DEV_NORMAL_082,1078,1107,0.19913597,False
DEV_NORMAL_082,1079,1108,0.21475185,False
DEV_NORMAL_082,1080,1109,0.2081006,False
DEV_NORMAL_082,1081,1110,0.21669133,False
DEV_NORMAL_082,1082,1111,0.20996688,False
DEV_NORMAL_082,1083,1112,0.20269985,False
DEV_NORMAL_082,1084,1113,0.1846771,False
DEV_NORMAL_082,1085,1114,0.21267709,False
DEV_NORMAL_082,1086,1115,0.19800727,False
DEV_NORMAL_082,1087,1116,0.20211367,False
DEV_NORMAL_082,1088,1117,0.20003207,False
DEV_NORMAL_082,1089,1118,0.20288216,False
DEV_NORMAL_082,1090,1119,0.21078132,False
DEV_NORMAL_082,1091,1120,0.20097442,False
DEV_NORMAL_082,1092,1121,0.20120461,False
DEV_NORMAL_082,1093,1122,0.19845292,False
DEV_NORMAL_082,1094,1123,0.20153885,False
DEV_NORMAL_082,1095,1124,0.21773145,False
DEV_NORMAL_082,1096,1125,0.21930553,False
DEV_NORMAL_082,1097,1126,0.22595616,False
DEV_NORMAL_082,1098,1127,0.22532149,False
DEV_NORMAL_082,1099,1128,0.23276912,False
DEV_NORMAL_082,1100,1129,0.24067368,False
DEV_NORMAL_082,1101,1130,0.23634411,False
DEV_NORMAL_082,1102,1131,0.23719034,False
DEV_NORMAL_082,1103,1132,0.22523716,False
DEV_NORMAL_082,1104,1133,0.23451622,False
DEV_NORMAL_082,1105,1134,0.22335894,False
DEV_NORMAL_082,1106,1135,0.22172594,False
DEV_NORMAL_082,1107,1136,0.20947656,False
DEV_NORMAL_082,1108,1137,0.21791498,False
DEV_NORMAL_082,1109,1138,0.22336738,False
DEV_NORMAL_082,1110,1139,0.2052218,False
DEV_NORMAL_093,0,29,0.15813261,False
DEV_NORMAL_093,1,30,0.15571983,False
DEV_NORMAL_093,2,31,0.17541978,False
DEV_NORMAL_093,3,32,0.17622608,False
DEV_NORMAL_093,4,33,0.17292449,False
DEV_NORMAL_093,5,34,0.17270641,False
DEV_NORMAL_093,6,35,0.15982272,False
DEV_NORMAL_093,7,36,0.15723409,False
DEV_NORMAL_093,8,37,0.16070032,False
DEV_NORMAL_093,9,38,0.16438888,False
DEV_NORMAL_093,10,39,0.17512102,False
DEV_NORMAL_093,11,40,0.16228296,False
DEV_NORMAL_093,12,41,0.18800667,False
DEV_NORMAL_093,13,42,0.21292883,False
DEV_NORMAL_093,14,43,0.2152036,False
DEV_NORMAL_093,15,44,0.21313119,False
DEV_NORMAL_093,16,45,0.19572559,False
DEV_NORMAL_093,17,46,0.189404,False
DEV_NORMAL_093,18,47,0.19016235,False
DEV_NORMAL_093,19,48,0.19943756,False
DEV_NORMAL_093,20,49,0.19881329,False
DEV_NORMAL_093,21,50,0.2057561,False
DEV_NORMAL_093,22,51,0.19988124,False
DEV_NORMAL_093,23,52,0.20100114,False
DEV_NORMAL_093,24,53,0.20792176,False
DEV_NORMAL_093,25,54,0.21759227,False
DEV_NORMAL_093,26,55,0.20026803,False
DEV_NORMAL_093,27,56,0.20648763,False
DEV_NORMAL_093,28,57,0.236059,False
DEV_NORMAL_093,29,58,0.2287933,False
DEV_NORMAL_093,30,59,0.22731908,False
DEV_NORMAL_093,31,60,0.23208925,False
DEV_NORMAL_093,32,61,0.23706627,False
DEV_NORMAL_093,33,62,0.23439679,False
DEV_NORMAL_093,34,63,0.25498277,False
DEV_NORMAL_093,35,64,0.24090888,False
DEV_NORMAL_093,36,65,0.24420486,False
DEV_NORMAL_093,37,66,0.2528952,False
DEV_NORMAL_093,38,67,0.25578216,False
DEV_NORMAL_093,39,68,0.2523465,False
DEV_NORMAL_093,40,69,0.25233835,False
DEV_NORMAL_093,41,70,0.25283685,False
DEV_NORMAL_093,42,71,0.22333436,False
DEV_NORMAL_093,43,72,0.21823505,False
DEV_NORMAL_093,44,73,0.23148568,False
DEV_NORMAL_093,45,74,0.23327437,False
DEV_NORMAL_093,46,75,0.21568407,False
DEV_NORMAL_093,47,76,0.22350237,False
DEV_NORMAL_093,48,77,0.22728129,False
DEV_NORMAL_093,49,78,0.22060594,False
DEV_NORMAL_093,50,79,0.2367555,False
DEV_NORMAL_093,51,80,0.19570301,False
DEV_NORMAL_093,52,81,0.19584948,False
DEV_NORMAL_093,53,82,0.20158406,False
DEV_NORMAL_093,54,83,0.20453677,False
DEV_NORMAL_093,55,84,0.20173734,False
DEV_NORMAL_093,56,85,0.19300023,False
DEV_NORMAL_093,57,86,0.20436025,False
DEV_NORMAL_093,58,87,0.20622031,False
DEV_NORMAL_093,59,88,0.20260885,False
DEV_NORMAL_093,60,89,0.21153733,False
DEV_NORMAL_093,61,90,0.21155493,False
DEV_NORMAL_093,62,91,0.20239405,False
DEV_NORMAL_093,63,92,0.19160919,False
DEV_NORMAL_093,64,93,0.1942885,False
DEV_NORMAL_093,65,94,0.18851113,False
DEV_NORMAL_093,66,95,0.20898965,False
DEV_NORMAL_093,67,96,0.2097932,False
DEV_NORMAL_093,68,97,0.20938568,False
DEV_NORMAL_093,69,98,0.21967739,False
DEV_NORMAL_093,70,99,0.22676417,False
DEV_NORMAL_093,71,100,0.22580262,False
DEV_NORMAL_093,72,101,0.23492697,False
DEV_NORMAL_093,73,102,0.23695661,False
DEV_NORMAL_093,74,103,0.23927698,False
DEV_NORMAL_093,75,104,0.24598278,False
DEV_NORMAL_093,76,105,0.224324,False
DEV_NORMAL_093,77,106,0.22462095,False
DEV_NORMAL_093,78,107,0.22501595,False
DEV_NORMAL_093,79,108,0.21335684,False
DEV_NORMAL_093,80,109,0.21687979,False
DEV_NORMAL_093,81,110,0.20241235,False
DEV_NORMAL_093,82,111,0.20996442,False
DEV_NORMAL_093,83,112,0.20964517,False
DEV_NORMAL_093,84,113,0.2207634,False
DEV_NORMAL_093,85,114,0.24653202,False
DEV_NORMAL_093,86,115,0.22527482,False
DEV_NORMAL_093,87,116,0.24221826,False
DEV_NORMAL_093,88,117,0.22911778,False
DEV_NORMAL_093,89,118,0.21362159,False
DEV_NORMAL_093,90,119,0.21129939,False
DEV_NORMAL_093,91,120,0.21207507,False
DEV_NORMAL_093,92,121,0.2166743,False
DEV_NORMAL_093,93,122,0.22464968,False
DEV_NORMAL_093,94,123,0.22819503,False
DEV_NORMAL_093,95,124,0.21362247,False
DEV_NORMAL_093,96,125,0.20520297,False
DEV_NORMAL_093,97,126,0.19632387,False
DEV_NORMAL_093,98,127,0.18728893,False
DEV_NORMAL_093,99,128,0.18238224,False
DEV_NORMAL_093,100,129,0.17452829,False
DEV_NORMAL_093,101,130,0.17364642,False
DEV_NORMAL_093,102,131,0.18911365,False
DEV_NORMAL_093,103,132,0.18712911,False
DEV_NORMAL_093,104,133,0.17551301,False
DEV_NORMAL_093,105,134,0.18852046,False
DEV_NORMAL_093,106,135,0.22421637,False
DEV_NORMAL_093,107,136,0.22286266,False
DEV_NORMAL_093,108,137,0.22867884,False
DEV_NORMAL_093,109,138,0.22344078,False
DEV_NORMAL_093,110,139,0.24806954,False
DEV_NORMAL_093,111,140,0.24333934,False
DEV_NORMAL_093,112,141,0.24168669,False
DEV_NORMAL_093,113,142,0.24604814,False
DEV_NORMAL_093,114,143,0.24098258,False
DEV_NORMAL_093,115,144,0.23903465,False
DEV_NORMAL_093,116,145,0.2454052,False
DEV_NORMAL_093,117,146,0.24141385,False
DEV_NORMAL_093,118,147,0.25138754,False
DEV_NORMAL_093,119,148,0.26295564,False
DEV_NORMAL_093,120,149,0.28588545,False
DEV_NORMAL_093,121,150,0.28673288,False
DEV_NORMAL_093,122,151,0.29578555,True
DEV_NORMAL_093,123,152,0.29574293,True
DEV_NORMAL_093,124,153,0.2894224,False
DEV_NORMAL_093,125,154,0.28888795,False
DEV_NORMAL_093,126,155,0.30303064,True
DEV_NORMAL_093,127,156,0.30161935,True
DEV_NORMAL_093,128,157,0.30114654,True
DEV_NORMAL_093,129,158,0.31585175,True
DEV_NORMAL_093,130,159,0.31664595,True
DEV_NORMAL_093,131,160,0.32292292,True
DEV_NORMAL_093,132,161,0.3244358,True
DEV_NORMAL_093,133,162,0.3366884,True
DEV_NORMAL_093,134,163,0.33672854,True
DEV_NORMAL_093,135,164,0.3192776,True
DEV_NORMAL_093,136,165,0.30913296,True
DEV_NORMAL_093,137,166,0.30623415,True
DEV_NORMAL_093,138,167,0.29912198,True
DEV_NORMAL_093,139,168,0.29342365,True
DEV_NORMAL_093,140,169,0.2873476,False
DEV_NORMAL_093,141,170,0.2804971,False
DEV_NORMAL_093,142,171,0.2615325,False
DEV_NORMAL_093,143,172,0.25854632,False
DEV_NORMAL_093,144,173,0.24755843,False
DEV_NORMAL_093,145,174,0.23290308,False
DEV_NORMAL_093,146,175,0.2327831,False
DEV_NORMAL_093,147,176,0.2311677,False
DEV_NORMAL_093,148,177,0.2528931,False
DEV_NORMAL_093,149,178,0.28040364,False
DEV_NORMAL_093,150,179,0.23820117,False
DEV_NORMAL_093,151,180,0.24580342,False
DEV_NORMAL_093,152,181,0.24313593,False
DEV_NORMAL_093,153,182,0.24602547,False
DEV_NORMAL_093,154,183,0.22567442,False
DEV_NORMAL_093,155,184,0.21340182,False
DEV_NORMAL_093,156,185,0.18000795,False
DEV_NORMAL_093,157,186,0.1952733,False
DEV_NORMAL_093,158,187,0.2263378,False
DEV_NORMAL_093,159,188,0.20810343,False
DEV_NORMAL_093,160,189,0.2081481,False
DEV_NORMAL_093,161,190,0.21330729,False
DEV_NORMAL_093,162,191,0.21436629,False
DEV_NORMAL_093,163,192,0.20838967,False
DEV_NORMAL_093,164,193,0.19130379,False
DEV_NORMAL_093,165,194,0.19634213,False
DEV_NORMAL_093,166,195,0.17658545,False
DEV_NORMAL_093,167,196,0.20469055,False
DEV_NORMAL_093,168,197,0.20463505,False
DEV_NORMAL_093,169,198,0.19149621,False
DEV_NORMAL_093,170,199,0.20124279,False
DEV_NORMAL_093,171,200,0.21512993,False
DEV_NORMAL_093,172,201,0.22172114,False
DEV_NORMAL_093,173,202,0.22442736,False
DEV_NORMAL_093,174,203,0.24234788,False
DEV_NORMAL_093,175,204,0.22845799,False
DEV_NORMAL_093,176,205,0.24868304,False
DEV_NORMAL_093,177,206,0.26527753,False
DEV_NORMAL_093,178,207,0.24407914,False
DEV_NORMAL_093,179,208,0.26286596,False
DEV_NORMAL_093,180,209,0.2552246,False
DEV_NORMAL_093,181,210,0.24167633,False
DEV_NORMAL_093,182,211,0.24016203,False
DEV_NORMAL_093,183,212,0.245852,False
DEV_NORMAL_093,184,213,0.22236398,False
DEV_NORMAL_093,185,214,0.22571068,False
DEV_NORMAL_093,186,215,0.22062145,False
DEV_NORMAL_093,187,216,0.21664196,False
DEV_NORMAL_093,188,217,0.20120135,False
DEV_NORMAL_093,189,218,0.21056576,False
DEV_NORMAL_093,190,219,0.22916763,False
DEV_NORMAL_093,191,220,0.19895907,False
DEV_NORMAL_093,192,221,0.19748582,False
DEV_NORMAL_093,193,222,0.20555858,False
DEV_NORMAL_093,194,223,0.2042812,False
DEV_NORMAL_093,195,224,0.20705448,False
DEV_NORMAL_093,196,225,0.203944,False
DEV_NORMAL_093,197,226,0.2137035,False
DEV_NORMAL_093,198,227,0.22230025,False
DEV_NORMAL_093,199,228,0.22652416,False
DEV_NORMAL_093,200,229,0.22478387,False
DEV_NORMAL_093,201,230,0.20220016,False
DEV_NORMAL_093,202,231,0.21481298,False
DEV_NORMAL_093,203,232,0.17057101,False
DEV_NORMAL_093,204,233,0.18945676,False
DEV_NORMAL_093,205,234,0.16770281,False
DEV_NORMAL_093,206,235,0.16302516,False
DEV_NORMAL_093,207,236,0.15865332,False
DEV_NORMAL_093,208,237,0.16585496,False
DEV_NORMAL_093,209,238,0.15822968,False
DEV_NORMAL_093,210,239,0.15406437,False
DEV_NORMAL_093,211,240,0.15305753,False
DEV_NORMAL_093,212,241,0.1483572,False
DEV_NORMAL_093,213,242,0.14899616,False
DEV_NORMAL_093,214,243,0.1476533,False
DEV_NORMAL_093,215,244,0.14048728,False
DEV_NORMAL_093,216,245,0.14600165,False
DEV_NORMAL_093,217,246,0.15740155,False
DEV_NORMAL_093,218,247,0.16487579,False
DEV_NORMAL_093,219,248,0.17352073,False
DEV_NORMAL_093,220,249,0.17192303,False
DEV_NORMAL_093,221,250,0.16911028,False
DEV_NORMAL_093,222,251,0.16171417,False
DEV_NORMAL_093,223,252,0.14787458,False
DEV_NORMAL_093,224,253,0.15445979,False
DEV_NORMAL_093,225,254,0.15422462,False
DEV_NORMAL_093,226,255,0.15291448,False
DEV_NORMAL_093,227,256,0.15703908,False
DEV_NORMAL_093,228,257,0.15488937,False
DEV_NORMAL_093,229,258,0.16933142,False
DEV_NORMAL_093,230,259,0.1622491,False
DEV_NORMAL_093,231,260,0.17099968,False
DEV_NORMAL_093,232,261,0.17092104,False
DEV_NORMAL_093,233,262,0.17072669,False
DEV_NORMAL_093,234,263,0.16675387,False
DEV_NORMAL_093,235,264,0.16473208,False
DEV_NORMAL_093,236,265,0.19575255,False
DEV_NORMAL_093,237,266,0.1918403,False
DEV_NORMAL_093,238,267,0.19760424,False
DEV_NORMAL_093,239,268,0.19828339,False
DEV_NORMAL_093,240,269,0.19794966,False
DEV_NORMAL_093,241,270,0.1963129,False
DEV_NORMAL_093,242,271,0.19659731,False
DEV_NORMAL_093,243,272,0.19941226,False
DEV_NORMAL_093,244,273,0.20713356,False
DEV_NORMAL_093,245,274,0.208743,False
DEV_NORMAL_093,246,275,0.20674041,False
DEV_NORMAL_093,247,276,0.19203287,False
DEV_NORMAL_093,248,277,0.19769722,False
DEV_NORMAL_093,249,278,0.19896732,False
DEV_NORMAL_093,250,279,0.19241677,False
DEV_NORMAL_093,251,280,0.19808546,False
DEV_NORMAL_093,252,281,0.20152661,False
DEV_NORMAL_093,253,282,0.191215,False
DEV_NORMAL_093,254,283,0.1845384,False
DEV_NORMAL_093,255,284,0.19704014,False
DEV_NORMAL_093,256,285,0.21315438,False
DEV_NORMAL_093,257,286,0.2265119,False
DEV_NORMAL_093,258,287,0.22080359,False
DEV_NORMAL_093,259,288,0.20753743,False
DEV_NORMAL_093,260,289,0.1991157,False
DEV_NORMAL_093,261,290,0.20170857,False
DEV_NORMAL_093,262,291,0.19631352,False
DEV_NORMAL_093,263,292,0.22729772,False
DEV_NORMAL_093,264,293,0.19929989,False
DEV_NORMAL_093,265,294,0.2414088,False
DEV_NORMAL_093,266,295,0.23359339,False
DEV_NORMAL_093,267,296,0.23215383,False
DEV_NORMAL_093,268,297,0.2257074,False
DEV_NORMAL_093,269,298,0.22599109,False
DEV_NORMAL_093,270,299,0.2425759,False
DEV_NORMAL_093,271,300,0.25053394,False
DEV_NORMAL_093,272,301,0.24021424,False
DEV_NORMAL_093,273,302,0.2625216,False
DEV_NORMAL_093,274,303,0.26881245,False
DEV_NORMAL_093,275,304,0.25950205,False
DEV_NORMAL_093,276,305,0.27522773,False
DEV_NORMAL_093,277,306,0.27079666,False
DEV_NORMAL_093,278,307,0.28019944,False
DEV_NORMAL_093,279,308,0.27861628,False
DEV_NORMAL_093,280,309,0.28894794,False
DEV_NORMAL_093,281,310,0.29175097,True
DEV_NORMAL_093,282,311,0.27332884,False
DEV_NORMAL_093,283,312,0.25389487,False
DEV_NORMAL_093,284,313,0.25404575,False
DEV_NORMAL_093,285,314,0.24582283,False
DEV_NORMAL_093,286,315,0.24276714,False
DEV_NORMAL_093,287,316,0.25122687,False
DEV_NORMAL_093,288,317,0.2557114,False
DEV_NORMAL_093,289,318,0.24665743,False
DEV_NORMAL_093,290,319,0.22227257,False
DEV_NORMAL_093,291,320,0.21791929,False
DEV_NORMAL_093,292,321,0.22314867,False
DEV_NORMAL_093,293,322,0.22265738,False
DEV_NORMAL_093,294,323,0.21560198,False
DEV_NORMAL_093,295,324,0.21516447,False
DEV_NORMAL_093,296,325,0.21669212,False
DEV_NORMAL_093,297,326,0.21591908,False
DEV_NORMAL_093,298,327,0.23200297,False
DEV_NORMAL_093,299,328,0.21347354,False
DEV_NORMAL_093,300,329,0.19717108,False
DEV_NORMAL_093,301,330,0.20840614,False
DEV_NORMAL_093,302,331,0.22345157,False
DEV_NORMAL_093,303,332,0.21023855,False
DEV_NORMAL_093,304,333,0.21995726,False
DEV_NORMAL_093,305,334,0.19839716,False
DEV_NORMAL_093,306,335,0.20075503,False
DEV_NORMAL_093,307,336,0.21989994,False
DEV_NORMAL_093,308,337,0.22857565,False
DEV_NORMAL_093,309,338,0.22647601,False
DEV_NORMAL_093,310,339,0.235899,False
DEV_NORMAL_093,311,340,0.23344563,False
DEV_NORMAL_093,312,341,0.23925714,False
DEV_NORMAL_093,313,342,0.2540484,False
DEV_NORMAL_093,314,343,0.24175027,False
DEV_NORMAL_093,315,344,0.25872245,False
DEV_NORMAL_093,316,345,0.25825396,False
DEV_NORMAL_093,317,346,0.2316908,False
DEV_NORMAL_093,318,347,0.22934732,False
DEV_NORMAL_093,319,348,0.23082492,False
DEV_NORMAL_093,320,349,0.22986917,False
DEV_NORMAL_093,321,350,0.22718531,False
DEV_NORMAL_093,322,351,0.24215116,False
DEV_NORMAL_093,323,352,0.24657716,False
DEV_NORMAL_093,324,353,0.21337017,False
DEV_NORMAL_093,325,354,0.2124937,False
DEV_NORMAL_093,326,355,0.22511397,False
DEV_NORMAL_093,327,356,0.22326383,False
DEV_NORMAL_093,328,357,0.21142177,False
DEV_NORMAL_093,329,358,0.2055098,False
DEV_NORMAL_093,330,359,0.19601451,False
DEV_NORMAL_093,331,360,0.19420935,False
DEV_NORMAL_093,332,361,0.18890788,False
DEV_NORMAL_093,333,362,0.18567148,False
DEV_NORMAL_093,334,363,0.16873859,False
DEV_NORMAL_093,335,364,0.16374142,False
DEV_NORMAL_093,336,365,0.16338444,False
DEV_NORMAL_093,337,366,0.15147944,False
DEV_NORMAL_093,338,367,0.17216049,False
DEV_NORMAL_093,339,368,0.17007904,False
DEV_NORMAL_093,340,369,0.1742592,False
DEV_NORMAL_093,341,370,0.16789417,False
DEV_NORMAL_093,342,371,0.17570333,False
DEV_NORMAL_093,343,372,0.16735111,False
DEV_NORMAL_093,344,373,0.17338556,False
DEV_NORMAL_093,345,374,0.16510239,False
DEV_NORMAL_093,346,375,0.17722937,False
DEV_NORMAL_093,347,376,0.18816112,False
DEV_NORMAL_093,348,377,0.20594706,False
DEV_NORMAL_093,349,378,0.20532948,False
DEV_NORMAL_093,350,379,0.20341845,False
DEV_NORMAL_093,351,380,0.20974207,False
DEV_NORMAL_093,352,381,0.22005709,False
DEV_NORMAL_093,353,382,0.21269605,False
DEV_NORMAL_093,354,383,0.19935383,False
DEV_NORMAL_093,355,384,0.19056031,False
DEV_NORMAL_093,356,385,0.19405113,False
DEV_NORMAL_093,357,386,0.20335373,False
DEV_NORMAL_093,358,387,0.2213137,False
DEV_NORMAL_093,359,388,0.22741927,False
DEV_NORMAL_093,360,389,0.23084632,False
DEV_NORMAL_093,361,390,0.22888455,False
DEV_NORMAL_093,362,391,0.2335473,False
DEV_NORMAL_093,363,392,0.24227485,False
DEV_NORMAL_093,364,393,0.24827556,False
DEV_NORMAL_093,365,394,0.2503098,False
DEV_NORMAL_093,366,395,0.22924426,False
DEV_NORMAL_093,367,396,0.23166177,False
DEV_NORMAL_093,368,397,0.24544601,False
DEV_NORMAL_093,369,398,0.23704657,False
DEV_NORMAL_093,370,399,0.24554904,False
DEV_NORMAL_093,371,400,0.25897115,False
DEV_NORMAL_093,372,401,0.2589534,False
DEV_NORMAL_093,373,402,0.25556394,False
DEV_NORMAL_093,374,403,0.25407457,False
DEV_NORMAL_093,375,404,0.26143992,False
DEV_NORMAL_093,376,405,0.25791317,False
DEV_NORMAL_093,377,406,0.23774481,False
DEV_NORMAL_093,378,407,0.22364737,False
DEV_NORMAL_093,379,408,0.22492334,False
DEV_NORMAL_093,380,409,0.23177901,False
DEV_NORMAL_093,381,410,0.22082247,False
DEV_NORMAL_093,382,411,0.21115348,False
DEV_NORMAL_093,383,412,0.21428366,False
DEV_NORMAL_093,384,413,0.23101903,False
DEV_NORMAL_093,385,414,0.22186431,False
DEV_NORMAL_093,386,415,0.2150848,False
DEV_NORMAL_093,387,416,0.22749418,False
DEV_NORMAL_093,388,417,0.23353726,False
DEV_NORMAL_093,389,418,0.24965839,False
DEV_NORMAL_093,390,419,0.24518546,False
DEV_NORMAL_093,391,420,0.24553527,False
DEV_NORMAL_093,392,421,0.24679695,False
DEV_NORMAL_093,393,422,0.2276914,False
DEV_NORMAL_093,394,423,0.21330523,False
DEV_NORMAL_093,395,424,0.21142782,False
DEV_NORMAL_093,396,425,0.21020682,False
DEV_NORMAL_093,397,426,0.21912995,False
DEV_NORMAL_093,398,427,0.22344597,False
DEV_NORMAL_093,399,428,0.21548052,False
DEV_NORMAL_093,400,429,0.22035997,False
DEV_NORMAL_093,401,430,0.24695314,False
DEV_NORMAL_093,402,431,0.25230205,False
DEV_NORMAL_093,403,432,0.24342841,False
DEV_NORMAL_093,404,433,0.23174664,False
DEV_NORMAL_093,405,434,0.23774733,False
DEV_NORMAL_093,406,435,0.23777224,False
DEV_NORMAL_093,407,436,0.24876401,False
DEV_NORMAL_093,408,437,0.24583228,False
DEV_NORMAL_093,409,438,0.24062203,False
DEV_NORMAL_093,410,439,0.25315884,False
DEV_NORMAL_093,411,440,0.2859217,False
DEV_NORMAL_093,412,441,0.27065563,False
DEV_NORMAL_093,413,442,0.27407983,False
DEV_NORMAL_093,414,443,0.27329913,False
DEV_NORMAL_093,415,444,0.26647738,False
DEV_NORMAL_093,416,445,0.2657101,False
DEV_NORMAL_093,417,446,0.26192412,False
DEV_NORMAL_093,418,447,0.24871165,False
DEV_NORMAL_093,419,448,0.24772984,False
DEV_NORMAL_093,420,449,0.25442335,False
DEV_NORMAL_093,421,450,0.26361907,False
DEV_NORMAL_093,422,451,0.26215193,False
DEV_NORMAL_093,423,452,0.28043988,False
DEV_NORMAL_093,424,453,0.28259373,False
DEV_NORMAL_093,425,454,0.2998163,True
DEV_NORMAL_093,426,455,0.28822976,False
DEV_NORMAL_093,427,456,0.28269655,False
DEV_NORMAL_093,428,457,0.2707724,False
DEV_NORMAL_093,429,458,0.26936853,False
DEV_NORMAL_093,430,459,0.27966812,False
DEV_NORMAL_093,431,460,0.2550856,False
DEV_NORMAL_093,432,461,0.25987312,False
DEV_NORMAL_093,433,462,0.26639992,False
DEV_NORMAL_093,434,463,0.27072075,False
DEV_NORMAL_093,435,464,0.2899061,False
DEV_NORMAL_093,436,465,0.29518992,True
DEV_NORMAL_093,437,466,0.26920453,False
DEV_NORMAL_093,438,467,0.26486874,False
DEV_NORMAL_093,439,468,0.2795943,False
DEV_NORMAL_093,440,469,0.29948816,True
DEV_NORMAL_093,441,470,0.2767211,False
DEV_NORMAL_093,442,471,0.26408538,False
DEV_NORMAL_093,443,472,0.2578334,False
DEV_NORMAL_093,444,473,0.2840627,False
DEV_NORMAL_093,445,474,0.26329523,False
DEV_NORMAL_093,446,475,0.28221944,False
DEV_NORMAL_093,447,476,0.2586316,False
DEV_NORMAL_093,448,477,0.27136162,False
DEV_NORMAL_093,449,478,0.27229562,False
DEV_NORMAL_093,450,479,0.24421689,False
DEV_NORMAL_093,451,480,0.25493824,False
DEV_NORMAL_093,452,481,0.25495937,False
DEV_NORMAL_093,453,482,0.23571752,False
DEV_NORMAL_093,454,483,0.2324064,False
DEV_NORMAL_093,455,484,0.22569486,False
DEV_NORMAL_093,456,485,0.22950713,False
DEV_NORMAL_093,457,486,0.22838768,False
DEV_NORMAL_093,458,487,0.23592035,False
DEV_NORMAL_093,459,488,0.22659492,False
DEV_NORMAL_093,460,489,0.23213951,False
DEV_NORMAL_093,461,490,0.21441106,False
DEV_NORMAL_093,462,491,0.21984911,False
DEV_NORMAL_093,463,492,0.2042736,False
DEV_NORMAL_093,464,493,0.21364819,False
DEV_NORMAL_093,465,494,0.19981527,False
DEV_NORMAL_093,466,495,0.18991785,False
DEV_NORMAL_093,467,496,0.1882233,False
DEV_NORMAL_093,468,497,0.21179968,False
DEV_NORMAL_093,469,498,0.19217129,False
DEV_NORMAL_093,470,499,0.17377435,False
DEV_NORMAL_093,471,500,0.17455617,False
DEV_NORMAL_093,472,501,0.22507448,False
DEV_NORMAL_093,473,502,0.18102589,False
DEV_NORMAL_093,474,503,0.18868592,False
DEV_NORMAL_093,475,504,0.19105586,False
DEV_NORMAL_093,476,505,0.21481723,False
DEV_NORMAL_093,477,506,0.22235912,False
DEV_NORMAL_093,478,507,0.23208587,False
DEV_NORMAL_093,479,508,0.20802014,False
DEV_NORMAL_093,480,509,0.20961092,False
DEV_NORMAL_093,481,510,0.21242616,False
DEV_NORMAL_093,482,511,0.2087623,False
DEV_NORMAL_093,483,512,0.22986174,False
DEV_NORMAL_093,484,513,0.2532841,False
DEV_NORMAL_093,485,514,0.24497344,False
DEV_NORMAL_093,486,515,0.24458914,False
DEV_NORMAL_093,487,516,0.25057176,False
DEV_NORMAL_093,488,517,0.24485655,False
DEV_NORMAL_093,489,518,0.24831872,False
DEV_NORMAL_093,490,519,0.2693634,False
DEV_NORMAL_093,491,520,0.2623342,False
DEV_NORMAL_093,492,521,0.2480223,False
DEV_NORMAL_093,493,522,0.24821405,False
DEV_NORMAL_093,494,523,0.26212582,False
DEV_NORMAL_093,495,524,0.26082635,False
DEV_NORMAL_093,496,525,0.26399037,False
DEV_NORMAL_093,497,526,0.25292537,False
DEV_NORMAL_093,498,527,0.25632542,False
DEV_NORMAL_093,499,528,0.24647503,False
DEV_NORMAL_093,500,529,0.27123505,False
DEV_NORMAL_093,501,530,0.2623295,False
DEV_NORMAL_093,502,531,0.25345746,False
DEV_NORMAL_093,503,532,0.24201605,False
DEV_NORMAL_093,504,533,0.2341685,False
DEV_NORMAL_093,505,534,0.24882525,False
DEV_NORMAL_093,506,535,0.24302937,False
DEV_NORMAL_093,507,536,0.24444845,False
DEV_NORMAL_093,508,537,0.25330228,False
DEV_NORMAL_093,509,538,0.24891472,False
DEV_NORMAL_093,510,539,0.24448396,False
DEV_NORMAL_093,511,540,0.24530843,False
DEV_NORMAL_093,512,541,0.24923867,False
DEV_NORMAL_093,513,542,0.23026903,False
DEV_NORMAL_093,514,543,0.2255656,False
DEV_NORMAL_093,515,544,0.21788636,False
DEV_NORMAL_093,516,545,0.21709824,False
DEV_NORMAL_093,517,546,0.22297508,False
DEV_NORMAL_093,518,547,0.21934061,False
DEV_NORMAL_093,519,548,0.21425954,False
DEV_NORMAL_093,520,549,0.20728439,False
DEV_NORMAL_093,521,550,0.20580079,False
DEV_NORMAL_093,522,551,0.2030703,False
DEV_NORMAL_093,523,552,0.19534594,False
DEV_NORMAL_093,524,553,0.20442022,False
DEV_NORMAL_093,525,554,0.19170834,False
DEV_NORMAL_093,526,555,0.20759891,False
DEV_NORMAL_093,527,556,0.22817478,False
DEV_NORMAL_093,528,557,0.21301495,False
DEV_NORMAL_093,529,558,0.2177746,False
DEV_NORMAL_093,530,559,0.20584604,False
DEV_NORMAL_093,531,560,0.20521691,False
DEV_NORMAL_093,532,561,0.2095611,False
DEV_NORMAL_093,533,562,0.22027646,False
DEV_NORMAL_093,534,563,0.22123225,False
DEV_NORMAL_093,535,564,0.22298796,False
DEV_NORMAL_093,536,565,0.21456286,False
DEV_NORMAL_093,537,566,0.21949707,False
DEV_NORMAL_093,538,567,0.21791445,False
DEV_NORMAL_093,539,568,0.21068956,False
DEV_NORMAL_093,540,569,0.2089179,False
DEV_NORMAL_093,541,570,0.20290592,False
DEV_NORMAL_093,542,571,0.20511338,False
DEV_NORMAL_093,543,572,0.20996751,False
DEV_NORMAL_093,544,573,0.21977551,False
DEV_NORMAL_093,545,574,0.21869323,False
DEV_NORMAL_093,546,575,0.22341293,False
DEV_NORMAL_093,547,576,0.22585112,False
DEV_NORMAL_093,548,577,0.2192982,False
DEV_NORMAL_093,549,578,0.22857346,False
DEV_NORMAL_093,550,579,0.23449476,False
DEV_NORMAL_093,551,580,0.22498803,False
DEV_NORMAL_093,552,581,0.22136228,False
DEV_NORMAL_093,553,582,0.23170392,False
DEV_NORMAL_093,554,583,0.2111449,False
DEV_NORMAL_093,555,584,0.20103559,False
DEV_NORMAL_093,556,585,0.19158758,False
DEV_NORMAL_093,557,586,0.22706632,False
DEV_NORMAL_093,558,587,0.21481708,False
DEV_NORMAL_093,559,588,0.19866493,False
DEV_NORMAL_093,560,589,0.19762808,False
DEV_NORMAL_093,561,590,0.20537193,False
DEV_NORMAL_093,562,591,0.1827076,False
DEV_NORMAL_093,563,592,0.178775,False
DEV_NORMAL_093,564,593,0.18047482,False
DEV_NORMAL_093,565,594,0.18415102,False
DEV_NORMAL_093,566,595,0.19230188,False
DEV_NORMAL_093,567,596,0.19154532,False
DEV_NORMAL_093,568,597,0.19048427,False
DEV_NORMAL_093,569,598,0.18888536,False
DEV_NORMAL_093,570,599,0.18629776,False
DEV_NORMAL_093,571,600,0.18129991,False
DEV_NORMAL_093,572,601,0.18346111,False
DEV_NORMAL_093,573,602,0.17278112,False
DEV_NORMAL_093,574,603,0.16786072,False
DEV_NORMAL_093,575,604,0.1752709,False
DEV_NORMAL_093,576,605,0.16600834,False
DEV_NORMAL_093,577,606,0.16189842,False
DEV_NORMAL_093,578,607,0.15402612,False
DEV_NORMAL_093,579,608,0.1804051,False
DEV_NORMAL_093,580,609,0.17187242,False
DEV_NORMAL_093,581,610,0.16975263,False
DEV_NORMAL_093,582,611,0.1687624,False
DEV_NORMAL_093,583,612,0.16302876,False
DEV_NORMAL_093,584,613,0.17501046,False
DEV_NORMAL_093,585,614,0.18153194,False
DEV_NORMAL_093,586,615,0.17437074,False
DEV_NORMAL_093,587,616,0.1753431,False
DEV_NORMAL_093,588,617,0.17478465,False
DEV_NORMAL_093,589,618,0.18189666,False
DEV_NORMAL_093,590,619,0.15971637,False
DEV_NORMAL_093,591,620,0.1756826,False
DEV_NORMAL_093,592,621,0.17424168,False
DEV_NORMAL_093,593,622,0.16991064,False
DEV_NORMAL_093,594,623,0.18584245,False
DEV_NORMAL_093,595,624,0.2085996,False
DEV_NORMAL_093,596,625,0.20768027,False
DEV_NORMAL_093,597,626,0.2151082,False
DEV_NORMAL_093,598,627,0.2133446,False
DEV_NORMAL_093,599,628,0.21949895,False
DEV_NORMAL_093,600,629,0.21467145,False
DEV_NORMAL_093,601,630,0.22423537,False
DEV_NORMAL_093,602,631,0.23373868,False
DEV_NORMAL_093,603,632,0.22052786,False
DEV_NORMAL_093,604,633,0.22231252,False
DEV_NORMAL_093,605,634,0.22455345,False
DEV_NORMAL_093,606,635,0.22783361,False
DEV_NORMAL_093,607,636,0.22565775,False
DEV_NORMAL_093,608,637,0.21468398,False
DEV_NORMAL_093,609,638,0.21610676,False
DEV_NORMAL_093,610,639,0.21885224,False
DEV_NORMAL_093,611,640,0.22715372,False
DEV_NORMAL_093,612,641,0.22767502,False
DEV_NORMAL_093,613,642,0.22483921,False
DEV_NORMAL_093,614,643,0.20531021,False
DEV_NORMAL_093,615,644,0.20151272,False
DEV_NORMAL_093,616,645,0.2103672,False
DEV_NORMAL_093,617,646,0.21138252,False
DEV_NORMAL_093,618,647,0.21155496,False
DEV_NORMAL_093,619,648,0.21410738,False
DEV_NORMAL_093,620,649,0.21689679,False
DEV_NORMAL_093,621,650,0.2173824,False
DEV_NORMAL_093,622,651,0.21678858,False
DEV_NORMAL_093,623,652,0.20875992,False
DEV_NORMAL_093,624,653,0.20060492,False
DEV_NORMAL_093,625,654,0.21493407,False
DEV_NORMAL_093,626,655,0.21781187,False
DEV_NORMAL_093,627,656,0.21468967,False
DEV_NORMAL_093,628,657,0.22493768,False
DEV_NORMAL_093,629,658,0.23306967,False
DEV_NORMAL_093,630,659,0.22694698,False
DEV_NORMAL_093,631,660,0.21753304,False
DEV_NORMAL_093,632,661,0.21944742,False
DEV_NORMAL_093,633,662,0.22408848,False
DEV_NORMAL_093,634,663,0.23589395,False
DEV_NORMAL_093,635,664,0.22570613,False
DEV_NORMAL_093,636,665,0.21688248,False
DEV_NORMAL_093,637,666,0.23276094,False
DEV_NORMAL_093,638,667,0.23143244,False
DEV_NORMAL_093,639,668,0.22034115,False
DEV_NORMAL_093,640,669,0.21709007,False
DEV_NORMAL_093,641,670,0.22620288,False
DEV_NORMAL_093,642,671,0.2359691,False
DEV_NORMAL_093,643,672,0.23204245,False
DEV_NORMAL_093,644,673,0.23828438,False
DEV_NORMAL_093,645,674,0.2432441,False
DEV_NORMAL_093,646,675,0.22986378,False
DEV_NORMAL_093,647,676,0.22762804,False
DEV_NORMAL_093,648,677,0.21854948,False
DEV_NORMAL_093,649,678,0.19622898,False
DEV_NORMAL_093,650,679,0.2124939,False
DEV_NORMAL_093,651,680,0.21553834,False
DEV_NORMAL_093,652,681,0.22283563,False
DEV_NORMAL_093,653,682,0.20083414,False
DEV_NORMAL_093,654,683,0.1862106,False
DEV_NORMAL_093,655,684,0.18501006,False
DEV_NORMAL_093,656,685,0.19281836,False
DEV_NORMAL_093,657,686,0.19395491,False
DEV_NORMAL_093,658,687,0.1819488,False
DEV_NORMAL_093,659,688,0.16591115,False
DEV_NORMAL_093,660,689,0.1734247,False
DEV_NORMAL_093,661,690,0.17547543,False
DEV_NORMAL_093,662,691,0.17233507,False
DEV_NORMAL_093,663,692,0.16298112,False
DEV_NORMAL_093,664,693,0.16436195,False
DEV_NORMAL_093,665,694,0.16673116,False
DEV_NORMAL_093,666,695,0.1879564,False
DEV_NORMAL_093,667,696,0.19780684,False
DEV_NORMAL_093,668,697,0.20074609,False
DEV_NORMAL_093,669,698,0.18604149,False
DEV_NORMAL_093,670,699,0.19317938,False
DEV_NORMAL_093,671,700,0.19513515,False
DEV_NORMAL_093,672,701,0.194117,False
DEV_NORMAL_093,673,702,0.19600372,False
DEV_NORMAL_093,674,703,0.19057074,False
DEV_NORMAL_093,675,704,0.1887166,False
DEV_NORMAL_093,676,705,0.19844182,False
DEV_NORMAL_093,677,706,0.19592422,False
DEV_NORMAL_093,678,707,0.20696157,False
DEV_NORMAL_093,679,708,0.2116841,False
DEV_NORMAL_093,680,709,0.2189627,False
DEV_NORMAL_093,681,710,0.21470006,False
DEV_NORMAL_093,682,711,0.2168211,False
DEV_NORMAL_093,683,712,0.2206863,False
DEV_NORMAL_093,684,713,0.22289649,False
DEV_NORMAL_093,685,714,0.22413668,False
DEV_NORMAL_093,686,715,0.2138231,False
DEV_NORMAL_093,687,716,0.22668625,False
DEV_NORMAL_093,688,717,0.23743096,False
DEV_NORMAL_093,689,718,0.22466335,False
DEV_NORMAL_093,690,719,0.22189346,False
DEV_NORMAL_093,691,720,0.2103157,False
DEV_NORMAL_093,692,721,0.21589266,False
DEV_NORMAL_093,693,722,0.21467409,False
DEV_NORMAL_093,694,723,0.21160798,False
DEV_NORMAL_093,695,724,0.19506918,False
DEV_NORMAL_093,696,725,0.19810487,False
DEV_NORMAL_093,697,726,0.18290876,False
DEV_NORMAL_093,698,727,0.18978018,False
DEV_NORMAL_093,699,728,0.18477283,False
DEV_NORMAL_093,700,729,0.19332367,False
DEV_NORMAL_093,701,730,0.18500748,False
DEV_NORMAL_093,702,731,0.19236034,False
DEV_NORMAL_093,703,732,0.18164499,False
DEV_NORMAL_093,704,733,0.18129668,False
DEV_NORMAL_093,705,734,0.16613491,False
DEV_NORMAL_093,706,735,0.16478233,False
DEV_NORMAL_093,707,736,0.1505989,False
DEV_NORMAL_093,708,737,0.15201691,False
DEV_NORMAL_093,709,738,0.15552488,False
DEV_NORMAL_093,710,739,0.15587409,False
DEV_NORMAL_093,711,740,0.156005,False
DEV_NORMAL_093,712,741,0.16555513,False
DEV_NORMAL_093,713,742,0.1585297,False
DEV_NORMAL_093,714,743,0.16088991,False
DEV_NORMAL_093,715,744,0.16268559,False
DEV_NORMAL_093,716,745,0.1404921,False
DEV_NORMAL_093,717,746,0.13855925,False
DEV_NORMAL_093,718,747,0.14504527,False
DEV_NORMAL_093,719,748,0.13608636,False
DEV_NORMAL_093,720,749,0.14396827,False
DEV_NORMAL_093,721,750,0.1429778,False
DEV_NORMAL_093,722,751,0.16104463,False
DEV_NORMAL_093,723,752,0.17800096,False
DEV_NORMAL_093,724,753,0.17815612,False
DEV_NORMAL_093,725,754,0.18114471,False
DEV_NORMAL_093,726,755,0.18149696,False
DEV_NORMAL_093,727,756,0.17924048,False
DEV_NORMAL_093,728,757,0.18217905,False
DEV_NORMAL_093,729,758,0.17339876,False
DEV_NORMAL_093,730,759,0.18615358,False
DEV_NORMAL_093,731,760,0.18071416,False
DEV_NORMAL_093,732,761,0.18177319,False
DEV_NORMAL_093,733,762,0.1838631,False
DEV_NORMAL_093,734,763,0.18718004,False
DEV_NORMAL_093,735,764,0.18038528,False
DEV_NORMAL_093,736,765,0.17479369,False
DEV_NORMAL_093,737,766,0.1741177,False
DEV_NORMAL_093,738,767,0.19281076,False
DEV_NORMAL_093,739,768,0.22281478,False
DEV_NORMAL_093,740,769,0.21947743,False
DEV_NORMAL_093,741,770,0.2127117,False
DEV_NORMAL_093,742,771,0.20599028,False
DEV_NORMAL_093,743,772,0.2122115,False
DEV_NORMAL_093,744,773,0.2122435,False
DEV_NORMAL_093,745,774,0.21964051,False
DEV_NORMAL_093,746,775,0.22898753,False
DEV_NORMAL_093,747,776,0.2187639,False
DEV_NORMAL_093,748,777,0.20815581,False
DEV_NORMAL_093,749,778,0.21546182,False
DEV_NORMAL_093,750,779,0.20046577,False
DEV_NORMAL_093,751,780,0.20878999,False
DEV_NORMAL_093,752,781,0.19293982,False
DEV_NORMAL_093,753,782,0.19425169,False
DEV_NORMAL_093,754,783,0.18686615,False
DEV_NORMAL_093,755,784,0.19873683,False
DEV_NORMAL_093,756,785,0.20446901,False
DEV_NORMAL_093,757,786,0.20452547,False
DEV_NORMAL_093,758,787,0.21460088,False
DEV_NORMAL_093,759,788,0.20633735,False
DEV_NORMAL_093,760,789,0.20517299,False
DEV_NORMAL_093,761,790,0.21897349,False
DEV_NORMAL_093,762,791,0.23580061,False
DEV_NORMAL_093,763,792,0.24732263,False
DEV_NORMAL_093,764,793,0.26459095,False
DEV_NORMAL_093,765,794,0.26470953,False
DEV_NORMAL_093,766,795,0.2516977,False
DEV_NORMAL_093,767,796,0.2289137,False
DEV_NORMAL_093,768,797,0.22378111,False
DEV_NORMAL_093,769,798,0.23319681,False
DEV_NORMAL_093,770,799,0.24786335,False
DEV_NORMAL_093,771,800,0.26002368,False
DEV_NORMAL_093,772,801,0.25282514,False
DEV_NORMAL_093,773,802,0.2539721,False
DEV_NORMAL_093,774,803,0.253511,False
DEV_NORMAL_093,775,804,0.25374255,False
DEV_NORMAL_093,776,805,0.28463212,False
DEV_NORMAL_093,777,806,0.27488706,False
DEV_NORMAL_093,778,807,0.2692591,False
DEV_NORMAL_093,779,808,0.26587018,False
DEV_NORMAL_093,780,809,0.26601863,False
DEV_NORMAL_093,781,810,0.24704939,False
DEV_NORMAL_093,782,811,0.23305725,False
DEV_NORMAL_093,783,812,0.23885457,False
DEV_NORMAL_093,784,813,0.22359787,False
DEV_NORMAL_093,785,814,0.209235,False
DEV_NORMAL_093,786,815,0.21095648,False
DEV_NORMAL_093,787,816,0.21136595,False
DEV_NORMAL_093,788,817,0.20068797,False
DEV_NORMAL_093,789,818,0.19823399,False
DEV_NORMAL_093,790,819,0.2018219,False
DEV_NORMAL_093,791,820,0.19498654,False
DEV_NORMAL_093,792,821,0.17925113,False
DEV_NORMAL_093,793,822,0.18027529,False
DEV_NORMAL_093,794,823,0.1770979,False
DEV_NORMAL_093,795,824,0.17288966,False
DEV_NORMAL_093,796,825,0.17820549,False
DEV_NORMAL_093,797,826,0.18887505,False
DEV_NORMAL_093,798,827,0.18329564,False
DEV_NORMAL_093,799,828,0.18062176,False
DEV_NORMAL_093,800,829,0.17213583,False
DEV_NORMAL_093,801,830,0.16680454,False
DEV_NORMAL_093,802,831,0.18613015,False
DEV_NORMAL_093,803,832,0.18940637,False
DEV_NORMAL_093,804,833,0.17441186,False
DEV_NORMAL_093,805,834,0.16525672,False
DEV_NORMAL_093,806,835,0.16886146,False
DEV_NORMAL_093,807,836,0.17001466,False
DEV_NORMAL_093,808,837,0.17819884,False
DEV_NORMAL_093,809,838,0.18296947,False
DEV_NORMAL_093,810,839,0.19048534,False
DEV_NORMAL_093,811,840,0.19913667,False
DEV_NORMAL_093,812,841,0.19925302,False
DEV_NORMAL_093,813,842,0.1963363,False
DEV_NORMAL_093,814,843,0.20239213,False
DEV_NORMAL_093,815,844,0.20597486,False
DEV_NORMAL_093,816,845,0.21350709,False
DEV_NORMAL_093,817,846,0.21657607,False
DEV_NORMAL_093,818,847,0.22832268,False
DEV_NORMAL_093,819,848,0.23559554,False
DEV_NORMAL_093,820,849,0.22751337,False
DEV_NORMAL_093,821,850,0.23806395,False
DEV_NORMAL_093,822,851,0.25863808,False
DEV_NORMAL_093,823,852,0.2604621,False
DEV_NORMAL_093,824,853,0.2550863,False
DEV_NORMAL_093,825,854,0.24199489,False
DEV_NORMAL_093,826,855,0.24677049,False
DEV_NORMAL_093,827,856,0.25873068,False
DEV_NORMAL_093,828,857,0.25014833,False
DEV_NORMAL_093,829,858,0.22810078,False
DEV_NORMAL_093,830,859,0.25334796,False
DEV_NORMAL_093,831,860,0.23878852,False
DEV_NORMAL_093,832,861,0.25257856,False
DEV_NORMAL_093,833,862,0.27890384,False
DEV_NORMAL_093,834,863,0.27448866,False
DEV_NORMAL_093,835,864,0.25776985,False
DEV_NORMAL_093,836,865,0.24836013,False
DEV_NORMAL_093,837,866,0.27939236,False
DEV_NORMAL_093,838,867,0.29114205,False
DEV_NORMAL_093,839,868,0.26483265,False
DEV_NORMAL_093,840,869,0.28313953,False
DEV_NORMAL_093,841,870,0.25273332,False
DEV_NORMAL_093,842,871,0.23802063,False
DEV_NORMAL_093,843,872,0.24759461,False
DEV_NORMAL_093,844,873,0.2642338,False
DEV_NORMAL_093,845,874,0.24347953,False
DEV_NORMAL_093,846,875,0.25435743,False
DEV_NORMAL_093,847,876,0.27212578,False
DEV_NORMAL_093,848,877,0.26063198,False
DEV_NORMAL_093,849,878,0.24764204,False
DEV_NORMAL_093,850,879,0.25100365,False
DEV_NORMAL_093,851,880,0.2552984,False
DEV_NORMAL_093,852,881,0.23075022,False
DEV_NORMAL_093,853,882,0.24771611,False
DEV_NORMAL_093,854,883,0.2503103,False
DEV_NORMAL_093,855,884,0.2038015,False
DEV_NORMAL_093,856,885,0.21140142,False
DEV_NORMAL_093,857,886,0.2252615,False
DEV_NORMAL_093,858,887,0.21579981,False
DEV_NORMAL_093,859,888,0.21603866,False
DEV_NORMAL_093,860,889,0.22083274,False
DEV_NORMAL_093,861,890,0.23339945,False
DEV_NORMAL_093,862,891,0.22193971,False
DEV_NORMAL_093,863,892,0.22019225,False
DEV_NORMAL_093,864,893,0.23605163,False
DEV_NORMAL_093,865,894,0.24161392,False
DEV_NORMAL_093,866,895,0.23569503,False
DEV_NORMAL_093,867,896,0.2430568,False
DEV_NORMAL_093,868,897,0.24015811,False
DEV_NORMAL_093,869,898,0.21778178,False
DEV_NORMAL_093,870,899,0.21548583,False
DEV_NORMAL_093,871,900,0.22445215,False
DEV_NORMAL_093,872,901,0.21299593,False
DEV_NORMAL_093,873,902,0.2094174,False
DEV_NORMAL_093,874,903,0.20601824,False
DEV_NORMAL_093,875,904,0.20055535,False
DEV_NORMAL_093,876,905,0.2043942,False
DEV_NORMAL_093,877,906,0.20140627,False
DEV_NORMAL_093,878,907,0.22111487,False
DEV_NORMAL_093,879,908,0.22264405,False
DEV_NORMAL_093,880,909,0.22617273,False
DEV_NORMAL_093,881,910,0.22337148,False
DEV_NORMAL_093,882,911,0.21161821,False
DEV_NORMAL_093,883,912,0.20803025,False
DEV_NORMAL_093,884,913,0.19981785,False
DEV_NORMAL_093,885,914,0.1934404,False
DEV_NORMAL_093,886,915,0.20041373,False
DEV_NORMAL_093,887,916,0.19659235,False
DEV_NORMAL_093,888,917,0.19504642,False
DEV_NORMAL_093,889,918,0.18397288,False
DEV_NORMAL_093,890,919,0.18100256,False
DEV_NORMAL_093,891,920,0.169356,False
DEV_NORMAL_093,892,921,0.18971379,False
DEV_NORMAL_093,893,922,0.18597361,False
DEV_NORMAL_093,894,923,0.20277093,False
DEV_NORMAL_093,895,924,0.20757577,False
DEV_NORMAL_093,896,925,0.18848734,False
DEV_NORMAL_093,897,926,0.18807913,False
DEV_NORMAL_093,898,927,0.211494,False
DEV_NORMAL_093,899,928,0.20999312,False
DEV_NORMAL_093,900,929,0.20153674,False
DEV_NORMAL_093,901,930,0.18043664,False
DEV_NORMAL_093,902,931,0.17785324,False
DEV_NORMAL_093,903,932,0.17171036,False
DEV_NORMAL_093,904,933,0.20070814,False
DEV_NORMAL_093,905,934,0.22004245,False
DEV_NORMAL_093,906,935,0.20527197,False
DEV_NORMAL_093,907,936,0.19864006,False
DEV_NORMAL_093,908,937,0.20700808,False
DEV_NORMAL_093,909,938,0.2035287,False
DEV_NORMAL_093,910,939,0.2175244,False
DEV_NORMAL_093,911,940,0.22805351,False
DEV_NORMAL_093,912,941,0.24162146,False
DEV_NORMAL_093,913,942,0.24074906,False
DEV_NORMAL_093,914,943,0.23430252,False
DEV_NORMAL_093,915,944,0.23574115,False
DEV_NORMAL_093,916,945,0.23809311,False
DEV_NORMAL_093,917,946,0.23638655,False
DEV_NORMAL_093,918,947,0.24196263,False
DEV_NORMAL_093,919,948,0.23587283,False
DEV_NORMAL_093,920,949,0.23985605,False
DEV_NORMAL_093,921,950,0.22305068,False
DEV_NORMAL_093,922,951,0.23728657,False
DEV_NORMAL_093,923,952,0.23668782,False
DEV_NORMAL_093,924,953,0.22962812,False
DEV_NORMAL_093,925,954,0.23317756,False
DEV_NORMAL_093,926,955,0.22642972,False
DEV_NORMAL_093,927,956,0.23883833,False
DEV_NORMAL_093,928,957,0.26163244,False
DEV_NORMAL_093,929,958,0.2591379,False
DEV_NORMAL_093,930,959,0.25366682,False
DEV_NORMAL_093,931,960,0.25276095,False
DEV_NORMAL_093,932,961,0.25889036,False
DEV_NORMAL_093,933,962,0.22092472,False
DEV_NORMAL_093,934,963,0.22879444,False
DEV_NORMAL_093,935,964,0.21593828,False
DEV_NORMAL_093,936,965,0.245905,False
DEV_NORMAL_093,937,966,0.24803917,False
DEV_NORMAL_093,938,967,0.24679549,False
DEV_NORMAL_093,939,968,0.23154902,False
DEV_NORMAL_093,940,969,0.20629288,False
DEV_NORMAL_093,941,970,0.23223235,False
DEV_NORMAL_093,942,971,0.21721439,False
DEV_NORMAL_093,943,972,0.22375399,False
DEV_NORMAL_093,944,973,0.23143822,False
DEV_NORMAL_093,945,974,0.2297406,False
DEV_NORMAL_093,946,975,0.22529666,False
DEV_NORMAL_093,947,976,0.22995761,False
DEV_NORMAL_093,948,977,0.23687989,False
DEV_NORMAL_093,949,978,0.22440878,False
DEV_NORMAL_093,950,979,0.23044935,False
DEV_NORMAL_093,951,980,0.22821593,False
DEV_NORMAL_093,952,981,0.20673367,False
DEV_NORMAL_093,953,982,0.23786154,False
DEV_NORMAL_093,954,983,0.22766966,False
DEV_NORMAL_093,955,984,0.24287221,False
DEV_NORMAL_093,956,985,0.22912104,False
DEV_NORMAL_093,957,986,0.24040717,False
DEV_NORMAL_093,958,987,0.25048822,False
DEV_NORMAL_093,959,988,0.26398528,False
DEV_NORMAL_093,960,989,0.25895643,False
DEV_NORMAL_093,961,990,0.26270446,False
DEV_NORMAL_093,962,991,0.26025647,False
DEV_NORMAL_093,963,992,0.2618961,False
DEV_NORMAL_093,964,993,0.27683136,False
DEV_NORMAL_093,965,994,0.27039877,False
DEV_NORMAL_093,966,995,0.2618674,False
DEV_NORMAL_093,967,996,0.263225,False
DEV_NORMAL_093,968,997,0.26471245,False
DEV_NORMAL_093,969,998,0.24449588,False
DEV_NORMAL_093,970,999,0.24849996,False
DEV_NORMAL_093,971,1000,0.2473869,False
DEV_NORMAL_093,972,1001,0.24382392,False
DEV_NORMAL_093,973,1002,0.24181108,False
DEV_NORMAL_093,974,1003,0.26167655,False
DEV_NORMAL_093,975,1004,0.26146278,False
DEV_NORMAL_093,976,1005,0.23839563,False
DEV_NORMAL_093,977,1006,0.2438488,False
DEV_NORMAL_093,978,1007,0.23666511,False
DEV_NORMAL_093,979,1008,0.23753713,False
DEV_NORMAL_093,980,1009,0.2349814,False
DEV_NORMAL_093,981,1010,0.22075766,False
DEV_NORMAL_093,982,1011,0.21841122,False
DEV_NORMAL_093,983,1012,0.20855685,False
DEV_NORMAL_093,984,1013,0.20710793,False
DEV_NORMAL_093,985,1014,0.19735916,False
DEV_NORMAL_093,986,1015,0.20122243,False
DEV_NORMAL_093,987,1016,0.18782037,False
DEV_NORMAL_093,988,1017,0.1857546,False
DEV_NORMAL_093,989,1018,0.18806346,False
DEV_NORMAL_093,990,1019,0.19182166,False
DEV_NORMAL_093,991,1020,0.18752337,False
DEV_NORMAL_093,992,1021,0.19455077,False
DEV_NORMAL_093,993,1022,0.19022493,False
DEV_NORMAL_093,994,1023,0.16833933,False
DEV_NORMAL_093,995,1024,0.17328565,False
DEV_NORMAL_093,996,1025,0.1619435,False
DEV_NORMAL_093,997,1026,0.17766815,False
DEV_NORMAL_093,998,1027,0.17949685,False
DEV_NORMAL_093,999,1028,0.18491682,False
DEV_NORMAL_093,1000,1029,0.19221735,False
DEV_NORMAL_093,1001,1030,0.2120133,False
DEV_NORMAL_093,1002,1031,0.22633396,False
DEV_NORMAL_093,1003,1032,0.23384666,False
DEV_NORMAL_093,1004,1033,0.22976944,False
DEV_NORMAL_093,1005,1034,0.22670034,False
DEV_NORMAL_093,1006,1035,0.23044962,False
DEV_NORMAL_093,1007,1036,0.24846786,False
DEV_NORMAL_093,1008,1037,0.2510288,False
DEV_NORMAL_093,1009,1038,0.2342935,False
DEV_NORMAL_093,1010,1039,0.24182579,False
DEV_NORMAL_093,1011,1040,0.24505916,False
DEV_NORMAL_093,1012,1041,0.2380194,False
DEV_NORMAL_093,1013,1042,0.25977308,False
DEV_NORMAL_093,1014,1043,0.25299162,False
DEV_NORMAL_093,1015,1044,0.24266283,False
DEV_NORMAL_093,1016,1045,0.23928186,False
DEV_NORMAL_093,1017,1046,0.2333311,False
DEV_NORMAL_093,1018,1047,0.23101734,False
DEV_NORMAL_093,1019,1048,0.2212884,False
DEV_NORMAL_093,1020,1049,0.22559112,False
DEV_NORMAL_093,1021,1050,0.23117988,False
DEV_NORMAL_093,1022,1051,0.23557843,False
DEV_NORMAL_093,1023,1052,0.21109985,False
DEV_NORMAL_093,1024,1053,0.21525545,False
DEV_NORMAL_093,1025,1054,0.22198893,False
DEV_NORMAL_093,1026,1055,0.23080912,False
DEV_NORMAL_093,1027,1056,0.21801011,False
DEV_NORMAL_093,1028,1057,0.2125899,False
DEV_NORMAL_093,1029,1058,0.20096013,False
DEV_NORMAL_093,1030,1059,0.22041489,False
DEV_NORMAL_093,1031,1060,0.20059487,False
DEV_NORMAL_093,1032,1061,0.1915029,False
DEV_NORMAL_093,1033,1062,0.1939492,False
DEV_NORMAL_093,1034,1063,0.196253,False
DEV_NORMAL_093,1035,1064,0.19755366,False
DEV_NORMAL_093,1036,1065,0.20902967,False
DEV_NORMAL_093,1037,1066,0.2135219,False
DEV_NORMAL_093,1038,1067,0.2065828,False
DEV_NORMAL_093,1039,1068,0.21093804,False
DEV_NORMAL_093,1040,1069,0.2059548,False
DEV_NORMAL_093,1041,1070,0.22003454,False
DEV_NORMAL_093,1042,1071,0.2194999,False
DEV_NORMAL_093,1043,1072,0.2320316,False
DEV_NORMAL_093,1044,1073,0.23976104,False
DEV_NORMAL_093,1045,1074,0.24945298,False
DEV_NORMAL_093,1046,1075,0.24545316,False
DEV_NORMAL_093,1047,1076,0.26081398,False
DEV_NORMAL_093,1048,1077,0.25893357,False
DEV_NORMAL_093,1049,1078,0.27668753,False
DEV_NORMAL_093,1050,1079,0.28017846,False
DEV_NORMAL_093,1051,1080,0.28349462,False
DEV_NORMAL_093,1052,1081,0.29607582,True
DEV_NORMAL_093,1053,1082,0.29692075,True
DEV_NORMAL_093,1054,1083,0.29164165,True
DEV_NORMAL_093,1055,1084,0.29160488,True
DEV_NORMAL_093,1056,1085,0.30077934,True
DEV_NORMAL_093,1057,1086,0.2965783,True
DEV_NORMAL_093,1058,1087,0.2932282,True
DEV_NORMAL_093,1059,1088,0.29114977,False
DEV_NORMAL_093,1060,1089,0.2962504,True
DEV_NORMAL_093,1061,1090,0.28791314,False
DEV_NORMAL_093,1062,1091,0.29290664,True
DEV_NORMAL_093,1063,1092,0.28989735,False
DEV_NORMAL_093,1064,1093,0.29423326,True
DEV_NORMAL_093,1065,1094,0.28073156,False
DEV_NORMAL_093,1066,1095,0.2600995,False
DEV_NORMAL_093,1067,1096,0.25307542,False
DEV_NORMAL_093,1068,1097,0.24738337,False
DEV_NORMAL_093,1069,1098,0.23990025,False
DEV_NORMAL_093,1070,1099,0.24079968,False
DEV_NORMAL_093,1071,1100,0.24337734,False
DEV_NORMAL_093,1072,1101,0.23706327,False
DEV_NORMAL_093,1073,1102,0.21845722,False
DEV_NORMAL_093,1074,1103,0.21151143,False
DEV_NORMAL_093,1075,1104,0.20652896,False
DEV_NORMAL_093,1076,1105,0.18703778,False
DEV_NORMAL_093,1077,1106,0.17921807,False
DEV_NORMAL_093,1078,1107,0.1853316,False
DEV_NORMAL_093,1079,1108,0.18128231,False
DEV_NORMAL_093,1080,1109,0.15861247,False
DEV_NORMAL_093,1081,1110,0.16402139,False
DEV_NORMAL_093,1082,1111,0.16562058,False
DEV_NORMAL_093,1083,1112,0.16723941,False
DEV_NORMAL_093,1084,1113,0.17201628,False
DEV_NORMAL_093,1085,1114,0.16438557,False
DEV_NORMAL_093,1086,1115,0.1714089,False
DEV_NORMAL_093,1087,1116,0.16028926,False
DEV_NORMAL_093,1088,1117,0.15919414,False
DEV_NORMAL_093,1089,1118,0.15013865,False
DEV_NORMAL_093,1090,1119,0.14483942,False
DEV_NORMAL_093,1091,1120,0.15066366,False
DEV_NORMAL_093,1092,1121,0.15794474,False
DEV_NORMAL_093,1093,1122,0.16475226,False
DEV_NORMAL_093,1094,1123,0.17573716,False
DEV_NORMAL_093,1095,1124,0.18263163,False
DEV_NORMAL_093,1096,1125,0.1796377,False
DEV_NORMAL_093,1097,1126,0.18481027,False
DEV_NORMAL_093,1098,1127,0.18476579,False
DEV_NORMAL_093,1099,1128,0.19098192,False
DEV_NORMAL_093,1100,1129,0.20671482,False
DEV_NORMAL_093,1101,1130,0.21459892,False
DEV_NORMAL_093,1102,1131,0.21246462,False
DEV_NORMAL_093,1103,1132,0.20085487,False
DEV_NORMAL_093,1104,1133,0.19769041,False
DEV_NORMAL_093,1105,1134,0.20214199,False
DEV_NORMAL_093,1106,1135,0.20664693,False
DEV_NORMAL_093,1107,1136,0.2142908,False
DEV_NORMAL_093,1108,1137,0.21538681,False
DEV_NORMAL_093,1109,1138,0.22153775,False
DEV_NORMAL_093,1110,1139,0.20748504,False
DEV_NORMAL_098,0,29,0.23640475,False
DEV_NORMAL_098,1,30,0.23443076,False
DEV_NORMAL_098,2,31,0.23399909,False
DEV_NORMAL_098,3,32,0.24927418,False
DEV_NORMAL_098,4,33,0.25121307,False
DEV_NORMAL_098,5,34,0.26246598,False
DEV_NORMAL_098,6,35,0.26054296,False
DEV_NORMAL_098,7,36,0.25448534,False
DEV_NORMAL_098,8,37,0.25709757,False
DEV_NORMAL_098,9,38,0.25304767,False
DEV_NORMAL_098,10,39,0.25823748,False
DEV_NORMAL_098,11,40,0.24892968,False
DEV_NORMAL_098,12,41,0.2571152,False
DEV_NORMAL_098,13,42,0.24902937,False
DEV_NORMAL_098,14,43,0.24241145,False
DEV_NORMAL_098,15,44,0.2554232,False
DEV_NORMAL_098,16,45,0.26200354,False
DEV_NORMAL_098,17,46,0.2592498,False
DEV_NORMAL_098,18,47,0.24869636,False
DEV_NORMAL_098,19,48,0.25027627,False
DEV_NORMAL_098,20,49,0.25038108,False
DEV_NORMAL_098,21,50,0.23122467,False
DEV_NORMAL_098,22,51,0.21755573,False
DEV_NORMAL_098,23,52,0.22307244,False
DEV_NORMAL_098,24,53,0.22908868,False
DEV_NORMAL_098,25,54,0.20704629,False
DEV_NORMAL_098,26,55,0.182557,False
DEV_NORMAL_098,27,56,0.20054017,False
DEV_NORMAL_098,28,57,0.1804056,False
DEV_NORMAL_098,29,58,0.20800397,False
DEV_NORMAL_098,30,59,0.19385831,False
DEV_NORMAL_098,31,60,0.18195888,False
DEV_NORMAL_098,32,61,0.20204125,False
DEV_NORMAL_098,33,62,0.19775183,False
DEV_NORMAL_098,34,63,0.198947,False
DEV_NORMAL_098,35,64,0.20110753,False
DEV_NORMAL_098,36,65,0.20481749,False
DEV_NORMAL_098,37,66,0.20745896,False
DEV_NORMAL_098,38,67,0.214269,False
DEV_NORMAL_098,39,68,0.21713018,False
DEV_NORMAL_098,40,69,0.21956612,False
DEV_NORMAL_098,41,70,0.23558639,False
DEV_NORMAL_098,42,71,0.24003051,False
DEV_NORMAL_098,43,72,0.22213057,False
DEV_NORMAL_098,44,73,0.21330766,False
DEV_NORMAL_098,45,74,0.21046303,False
DEV_NORMAL_098,46,75,0.21571605,False
DEV_NORMAL_098,47,76,0.21335785,False
DEV_NORMAL_098,48,77,0.21308394,False
DEV_NORMAL_098,49,78,0.21035531,False
DEV_NORMAL_098,50,79,0.20665903,False
DEV_NORMAL_098,51,80,0.20262684,False
DEV_NORMAL_098,52,81,0.20463394,False
DEV_NORMAL_098,53,82,0.21305688,False
DEV_NORMAL_098,54,83,0.2117001,False
DEV_NORMAL_098,55,84,0.21976809,False
DEV_NORMAL_098,56,85,0.216599,False
DEV_NORMAL_098,57,86,0.22368002,False
DEV_NORMAL_098,58,87,0.22002669,False
DEV_NORMAL_098,59,88,0.20810951,False
DEV_NORMAL_098,60,89,0.21974872,False
DEV_NORMAL_098,61,90,0.22084032,False
DEV_NORMAL_098,62,91,0.20889865,False
DEV_NORMAL_098,63,92,0.20580035,False
DEV_NORMAL_098,64,93,0.19577332,False
DEV_NORMAL_098,65,94,0.21088693,False
DEV_NORMAL_098,66,95,0.21607713,False
DEV_NORMAL_098,67,96,0.19736007,False
DEV_NORMAL_098,68,97,0.20341076,False
DEV_NORMAL_098,69,98,0.18929002,False
DEV_NORMAL_098,70,99,0.19134572,False
DEV_NORMAL_098,71,100,0.20245685,False
DEV_NORMAL_098,72,101,0.19327253,False
DEV_NORMAL_098,73,102,0.19984642,False
DEV_NORMAL_098,74,103,0.20293239,False
DEV_NORMAL_098,75,104,0.18572564,False
DEV_NORMAL_098,76,105,0.19159772,False
DEV_NORMAL_098,77,106,0.22070032,False
DEV_NORMAL_098,78,107,0.22906676,False
DEV_NORMAL_098,79,108,0.22494331,False
DEV_NORMAL_098,80,109,0.22592834,False
DEV_NORMAL_098,81,110,0.22455998,False
DEV_NORMAL_098,82,111,0.2313248,False
DEV_NORMAL_098,83,112,0.24594304,False
DEV_NORMAL_098,84,113,0.23538207,False
DEV_NORMAL_098,85,114,0.24032898,False
DEV_NORMAL_098,86,115,0.26061523,False
DEV_NORMAL_098,87,116,0.25521386,False
DEV_NORMAL_098,88,117,0.24313065,False
DEV_NORMAL_098,89,118,0.23228401,False
DEV_NORMAL_098,90,119,0.20248394,False
DEV_NORMAL_098,91,120,0.2102862,False
DEV_NORMAL_098,92,121,0.21903306,False
DEV_NORMAL_098,93,122,0.2193474,False
DEV_NORMAL_098,94,123,0.20389865,False
DEV_NORMAL_098,95,124,0.21984285,False
DEV_NORMAL_098,96,125,0.22700392,False
DEV_NORMAL_098,97,126,0.22715664,False
DEV_NORMAL_098,98,127,0.23857579,False
DEV_NORMAL_098,99,128,0.20595059,False
DEV_NORMAL_098,100,129,0.19258574,False
DEV_NORMAL_098,101,130,0.21029012,False
DEV_NORMAL_098,102,131,0.21126784,False
DEV_NORMAL_098,103,132,0.21686122,False
DEV_NORMAL_098,104,133,0.21809012,False
DEV_NORMAL_098,105,134,0.20393422,False
DEV_NORMAL_098,106,135,0.2011528,False
DEV_NORMAL_098,107,136,0.19740707,False
DEV_NORMAL_098,108,137,0.22976278,False
DEV_NORMAL_098,109,138,0.22783947,False
DEV_NORMAL_098,110,139,0.23423596,False
DEV_NORMAL_098,111,140,0.21914838,False
DEV_NORMAL_098,112,141,0.21438478,False
DEV_NORMAL_098,113,142,0.20113082,False
DEV_NORMAL_098,114,143,0.21718632,False
DEV_NORMAL_098,115,144,0.2168176,False
DEV_NORMAL_098,116,145,0.21688691,False
DEV_NORMAL_098,117,146,0.23079965,False
DEV_NORMAL_098,118,147,0.23647505,False
DEV_NORMAL_098,119,148,0.22919999,False
DEV_NORMAL_098,120,149,0.21746038,False
DEV_NORMAL_098,121,150,0.23112018,False
DEV_NORMAL_098,122,151,0.2019305,False
DEV_NORMAL_098,123,152,0.20658895,False
DEV_NORMAL_098,124,153,0.22333913,False
DEV_NORMAL_098,125,154,0.21871474,False
DEV_NORMAL_098,126,155,0.20791416,False
DEV_NORMAL_098,127,156,0.22119641,False
DEV_NORMAL_098,128,157,0.21764523,False
DEV_NORMAL_098,129,158,0.21945845,False
DEV_NORMAL_098,130,159,0.24005114,False
DEV_NORMAL_098,131,160,0.19893512,False
DEV_NORMAL_098,132,161,0.21158177,False
DEV_NORMAL_098,133,162,0.21122329,False
DEV_NORMAL_098,134,163,0.21011323,False
DEV_NORMAL_098,135,164,0.21272586,False
DEV_NORMAL_098,136,165,0.21663651,False
DEV_NORMAL_098,137,166,0.20743161,False
DEV_NORMAL_098,138,167,0.2065628,False
DEV_NORMAL_098,139,168,0.20915276,False
DEV_NORMAL_098,140,169,0.2035609,False
DEV_NORMAL_098,141,170,0.20016095,False
DEV_NORMAL_098,142,171,0.2109966,False
DEV_NORMAL_098,143,172,0.21778806,False
DEV_NORMAL_098,144,173,0.19960833,False
DEV_NORMAL_098,145,174,0.1927514,False
DEV_NORMAL_098,146,175,0.19792527,False
DEV_NORMAL_098,147,176,0.21079277,False
DEV_NORMAL_098,148,177,0.2274023,False
DEV_NORMAL_098,149,178,0.22583467,False
DEV_NORMAL_098,150,179,0.22985967,False
DEV_NORMAL_098,151,180,0.23100051,False
DEV_NORMAL_098,152,181,0.23035465,False
DEV_NORMAL_098,153,182,0.2384833,False
DEV_NORMAL_098,154,183,0.23414883,False
DEV_NORMAL_098,155,184,0.2309296,False
DEV_NORMAL_098,156,185,0.23137394,False
DEV_NORMAL_098,157,186,0.24443349,False
DEV_NORMAL_098,158,187,0.21448544,False
DEV_NORMAL_098,159,188,0.21273161,False
DEV_NORMAL_098,160,189,0.2130983,False
DEV_NORMAL_098,161,190,0.21439037,False
DEV_NORMAL_098,162,191,0.20121199,False
DEV_NORMAL_098,163,192,0.20182584,False
DEV_NORMAL_098,164,193,0.20018883,False
DEV_NORMAL_098,165,194,0.18930387,False
DEV_NORMAL_098,166,195,0.19446994,False
DEV_NORMAL_098,167,196,0.19245295,False
DEV_NORMAL_098,168,197,0.18696906,False
DEV_NORMAL_098,169,198,0.18558869,False
DEV_NORMAL_098,170,199,0.188572,False
DEV_NORMAL_098,171,200,0.18458106,False
DEV_NORMAL_098,172,201,0.17651857,False
DEV_NORMAL_098,173,202,0.19564225,False
DEV_NORMAL_098,174,203,0.2001278,False
DEV_NORMAL_098,175,204,0.2049949,False
DEV_NORMAL_098,176,205,0.18929559,False
DEV_NORMAL_098,177,206,0.19857295,False
DEV_NORMAL_098,178,207,0.18156894,False
DEV_NORMAL_098,179,208,0.19372125,False
DEV_NORMAL_098,180,209,0.19255663,False
DEV_NORMAL_098,181,210,0.19067477,False
DEV_NORMAL_098,182,211,0.18585482,False
DEV_NORMAL_098,183,212,0.18701437,False
DEV_NORMAL_098,184,213,0.19535731,False
DEV_NORMAL_098,185,214,0.19912672,False
DEV_NORMAL_098,186,215,0.20005992,False
DEV_NORMAL_098,187,216,0.19653296,False
DEV_NORMAL_098,188,217,0.2046671,False
DEV_NORMAL_098,189,218,0.22374271,False
DEV_NORMAL_098,190,219,0.21341014,False
DEV_NORMAL_098,191,220,0.21428436,False
DEV_NORMAL_098,192,221,0.22664979,False
DEV_NORMAL_098,193,222,0.2255306,False
DEV_NORMAL_098,194,223,0.23953962,False
DEV_NORMAL_098,195,224,0.24628684,False
DEV_NORMAL_098,196,225,0.24440129,False
DEV_NORMAL_098,197,226,0.23773527,False
DEV_NORMAL_098,198,227,0.2430482,False
DEV_NORMAL_098,199,228,0.24789642,False
DEV_NORMAL_098,200,229,0.25197652,False
DEV_NORMAL_098,201,230,0.22755152,False
DEV_NORMAL_098,202,231,0.22362384,False
DEV_NORMAL_098,203,232,0.24120346,False
DEV_NORMAL_098,204,233,0.22724393,False
DEV_NORMAL_098,205,234,0.21995763,False
DEV_NORMAL_098,206,235,0.22247283,False
DEV_NORMAL_098,207,236,0.22986457,False
DEV_NORMAL_098,208,237,0.2273048,False
DEV_NORMAL_098,209,238,0.22233467,False
DEV_NORMAL_098,210,239,0.2361002,False
DEV_NORMAL_098,211,240,0.2418312,False
DEV_NORMAL_098,212,241,0.24689133,False
DEV_NORMAL_098,213,242,0.23865438,False
DEV_NORMAL_098,214,243,0.2277736,False
DEV_NORMAL_098,215,244,0.23370591,False
DEV_NORMAL_098,216,245,0.23750137,False
DEV_NORMAL_098,217,246,0.23198977,False
DEV_NORMAL_098,218,247,0.21414429,False
DEV_NORMAL_098,219,248,0.20610261,False
DEV_NORMAL_098,220,249,0.20257126,False
DEV_NORMAL_098,221,250,0.20419261,False
DEV_NORMAL_098,222,251,0.20031625,False
DEV_NORMAL_098,223,252,0.20859562,False
DEV_NORMAL_098,224,253,0.20855579,False
DEV_NORMAL_098,225,254,0.2168697,False
DEV_NORMAL_098,226,255,0.20815991,False
DEV_NORMAL_098,227,256,0.22190054,False
DEV_NORMAL_098,228,257,0.21607867,False
DEV_NORMAL_098,229,258,0.21089344,False
DEV_NORMAL_098,230,259,0.21448074,False
DEV_NORMAL_098,231,260,0.2285848,False
DEV_NORMAL_098,232,261,0.20703162,False
DEV_NORMAL_098,233,262,0.21388452,False
DEV_NORMAL_098,234,263,0.22457886,False
DEV_NORMAL_098,235,264,0.21306153,False
DEV_NORMAL_098,236,265,0.2166049,False
DEV_NORMAL_098,237,266,0.20290098,False
DEV_NORMAL_098,238,267,0.21332064,False
DEV_NORMAL_098,239,268,0.22241876,False
DEV_NORMAL_098,240,269,0.22977279,False
DEV_NORMAL_098,241,270,0.22823565,False
DEV_NORMAL_098,242,271,0.21021229,False
DEV_NORMAL_098,243,272,0.22964929,False
DEV_NORMAL_098,244,273,0.20464154,False
DEV_NORMAL_098,245,274,0.20129412,False
DEV_NORMAL_098,246,275,0.21085715,False
DEV_NORMAL_098,247,276,0.19751851,False
DEV_NORMAL_098,248,277,0.18398443,False
DEV_NORMAL_098,249,278,0.20633909,False
DEV_NORMAL_098,250,279,0.19906534,False
DEV_NORMAL_098,251,280,0.19533472,False
DEV_NORMAL_098,252,281,0.2073658,False
DEV_NORMAL_098,253,282,0.20229763,False
DEV_NORMAL_098,254,283,0.20213702,False
DEV_NORMAL_098,255,284,0.1850503,False
DEV_NORMAL_098,256,285,0.19350316,False
DEV_NORMAL_098,257,286,0.18793723,False
DEV_NORMAL_098,258,287,0.18812685,False
DEV_NORMAL_098,259,288,0.17931865,False
DEV_NORMAL_098,260,289,0.17592886,False
DEV_NORMAL_098,261,290,0.18047263,False
DEV_NORMAL_098,262,291,0.17823134,False
DEV_NORMAL_098,263,292,0.1786556,False
DEV_NORMAL_098,264,293,0.165598,False
DEV_NORMAL_098,265,294,0.17782405,False
DEV_NORMAL_098,266,295,0.17867942,False
DEV_NORMAL_098,267,296,0.17731954,False
DEV_NORMAL_098,268,297,0.17289576,False
DEV_NORMAL_098,269,298,0.17154169,False
DEV_NORMAL_098,270,299,0.16491517,False
DEV_NORMAL_098,271,300,0.15612583,False
DEV_NORMAL_098,272,301,0.15961647,False
DEV_NORMAL_098,273,302,0.18602808,False
DEV_NORMAL_098,274,303,0.18919569,False
DEV_NORMAL_098,275,304,0.19423632,False
DEV_NORMAL_098,276,305,0.19943081,False
DEV_NORMAL_098,277,306,0.21619762,False
DEV_NORMAL_098,278,307,0.20824079,False
DEV_NORMAL_098,279,308,0.20713812,False
DEV_NORMAL_098,280,309,0.21247129,False
DEV_NORMAL_098,281,310,0.21286474,False
DEV_NORMAL_098,282,311,0.215906,False
DEV_NORMAL_098,283,312,0.21405323,False
DEV_NORMAL_098,284,313,0.20900351,False
DEV_NORMAL_098,285,314,0.20619316,False
DEV_NORMAL_098,286,315,0.19857158,False
DEV_NORMAL_098,287,316,0.21003036,False
DEV_NORMAL_098,288,317,0.22723866,False
DEV_NORMAL_098,289,318,0.22447048,False
DEV_NORMAL_098,290,319,0.23039252,False
DEV_NORMAL_098,291,320,0.23017918,False
DEV_NORMAL_098,292,321,0.24147491,False
DEV_NORMAL_098,293,322,0.25273606,False
DEV_NORMAL_098,294,323,0.24911067,False
DEV_NORMAL_098,295,324,0.23157531,False
DEV_NORMAL_098,296,325,0.23197,False
DEV_NORMAL_098,297,326,0.25016725,False
DEV_NORMAL_098,298,327,0.26340845,False
DEV_NORMAL_098,299,328,0.26294178,False
DEV_NORMAL_098,300,329,0.26351494,False
DEV_NORMAL_098,301,330,0.26195812,False
DEV_NORMAL_098,302,331,0.25449502,False
DEV_NORMAL_098,303,332,0.25388452,False
DEV_NORMAL_098,304,333,0.2632074,False
DEV_NORMAL_098,305,334,0.2778799,False
DEV_NORMAL_098,306,335,0.22174224,False
DEV_NORMAL_098,307,336,0.25344068,False
DEV_NORMAL_098,308,337,0.252615,False
DEV_NORMAL_098,309,338,0.2475605,False
DEV_NORMAL_098,310,339,0.2478132,False
DEV_NORMAL_098,311,340,0.24174051,False
DEV_NORMAL_098,312,341,0.2341581,False
DEV_NORMAL_098,313,342,0.23521733,False
DEV_NORMAL_098,314,343,0.24126592,False
DEV_NORMAL_098,315,344,0.25693336,False
DEV_NORMAL_098,316,345,0.25181305,False
DEV_NORMAL_098,317,346,0.24121584,False
DEV_NORMAL_098,318,347,0.2491181,False
DEV_NORMAL_098,319,348,0.24375778,False
DEV_NORMAL_098,320,349,0.2495716,False
DEV_NORMAL_098,321,350,0.25835478,False
DEV_NORMAL_098,322,351,0.2459865,False
DEV_NORMAL_098,323,352,0.24805102,False
DEV_NORMAL_098,324,353,0.24414203,False
DEV_NORMAL_098,325,354,0.24563141,False
DEV_NORMAL_098,326,355,0.2476995,False
DEV_NORMAL_098,327,356,0.24501197,False
DEV_NORMAL_098,328,357,0.25355428,False
DEV_NORMAL_098,329,358,0.27150708,False
DEV_NORMAL_098,330,359,0.26572284,False
DEV_NORMAL_098,331,360,0.24373464,False
DEV_NORMAL_098,332,361,0.2464017,False
DEV_NORMAL_098,333,362,0.24605818,False
DEV_NORMAL_098,334,363,0.21789655,False
DEV_NORMAL_098,335,364,0.21326186,False
DEV_NORMAL_098,336,365,0.20453314,False
DEV_NORMAL_098,337,366,0.20989695,False
DEV_NORMAL_098,338,367,0.20730707,False
DEV_NORMAL_098,339,368,0.2143274,False
DEV_NORMAL_098,340,369,0.21472526,False
DEV_NORMAL_098,341,370,0.20706695,False
DEV_NORMAL_098,342,371,0.2253228,False
DEV_NORMAL_098,343,372,0.2405734,False
DEV_NORMAL_098,344,373,0.23582956,False
DEV_NORMAL_098,345,374,0.24608347,False
DEV_NORMAL_098,346,375,0.22897173,False
DEV_NORMAL_098,347,376,0.2324964,False
DEV_NORMAL_098,348,377,0.23400609,False
DEV_NORMAL_098,349,378,0.21201183,False
DEV_NORMAL_098,350,379,0.22574686,False
DEV_NORMAL_098,351,380,0.22013569,False
DEV_NORMAL_098,352,381,0.22542289,False
DEV_NORMAL_098,353,382,0.20242457,False
DEV_NORMAL_098,354,383,0.21161054,False
DEV_NORMAL_098,355,384,0.24152511,False
DEV_NORMAL_098,356,385,0.24012527,False
DEV_NORMAL_098,357,386,0.22989146,False
DEV_NORMAL_098,358,387,0.21242121,False
DEV_NORMAL_098,359,388,0.20545714,False
DEV_NORMAL_098,360,389,0.2032238,False
DEV_NORMAL_098,361,390,0.19865875,False
DEV_NORMAL_098,362,391,0.19986102,False
DEV_NORMAL_098,363,392,0.20366615,False
DEV_NORMAL_098,364,393,0.22225213,False
DEV_NORMAL_098,365,394,0.22762422,False
DEV_NORMAL_098,366,395,0.25068375,False
DEV_NORMAL_098,367,396,0.24667342,False
DEV_NORMAL_098,368,397,0.26031992,False
DEV_NORMAL_098,369,398,0.24580768,False
DEV_NORMAL_098,370,399,0.25071272,False
DEV_NORMAL_098,371,400,0.2241957,False
DEV_NORMAL_098,372,401,0.21135625,False
DEV_NORMAL_098,373,402,0.20719662,False
DEV_NORMAL_098,374,403,0.21320564,False
DEV_NORMAL_098,375,404,0.19617245,False
DEV_NORMAL_098,376,405,0.20302758,False
DEV_NORMAL_098,377,406,0.20735438,False
DEV_NORMAL_098,378,407,0.1958656,False
DEV_NORMAL_098,379,408,0.2000769,False
DEV_NORMAL_098,380,409,0.21496862,False
DEV_NORMAL_098,381,410,0.21019119,False
DEV_NORMAL_098,382,411,0.21169399,False
DEV_NORMAL_098,383,412,0.2003266,False
DEV_NORMAL_098,384,413,0.1958389,False
DEV_NORMAL_098,385,414,0.19522633,False
DEV_NORMAL_098,386,415,0.20289278,False
DEV_NORMAL_098,387,416,0.2120595,False
DEV_NORMAL_098,388,417,0.19993277,False
DEV_NORMAL_098,389,418,0.20462273,False
DEV_NORMAL_098,390,419,0.20707439,False
DEV_NORMAL_098,391,420,0.2229523,False
DEV_NORMAL_098,392,421,0.22453359,False
DEV_NORMAL_098,393,422,0.2167165,False
DEV_NORMAL_098,394,423,0.21069695,False
DEV_NORMAL_098,395,424,0.18586212,False
DEV_NORMAL_098,396,425,0.17608029,False
DEV_NORMAL_098,397,426,0.17260477,False
DEV_NORMAL_098,398,427,0.19136763,False
DEV_NORMAL_098,399,428,0.19308321,False
DEV_NORMAL_098,400,429,0.20984834,False
DEV_NORMAL_098,401,430,0.23069663,False
DEV_NORMAL_098,402,431,0.22830693,False
DEV_NORMAL_098,403,432,0.2320504,False
DEV_NORMAL_098,404,433,0.2531374,False
DEV_NORMAL_098,405,434,0.25374988,False
DEV_NORMAL_098,406,435,0.24849662,False
DEV_NORMAL_098,407,436,0.234425,False
DEV_NORMAL_098,408,437,0.22666064,False
DEV_NORMAL_098,409,438,0.22759117,False
DEV_NORMAL_098,410,439,0.22358103,False
DEV_NORMAL_098,411,440,0.22525574,False
DEV_NORMAL_098,412,441,0.21445039,False
DEV_NORMAL_098,413,442,0.21144529,False
DEV_NORMAL_098,414,443,0.20959085,False
DEV_NORMAL_098,415,444,0.21122828,False
DEV_NORMAL_098,416,445,0.18588145,False
DEV_NORMAL_098,417,446,0.18518908,False
DEV_NORMAL_098,418,447,0.19267234,False
DEV_NORMAL_098,419,448,0.20081377,False
DEV_NORMAL_098,420,449,0.20071417,False
DEV_NORMAL_098,421,450,0.1984531,False
DEV_NORMAL_098,422,451,0.20351338,False
DEV_NORMAL_098,423,452,0.19847342,False
DEV_NORMAL_098,424,453,0.20050898,False
DEV_NORMAL_098,425,454,0.2062251,False
DEV_NORMAL_098,426,455,0.21187924,False
DEV_NORMAL_098,427,456,0.2157155,False
DEV_NORMAL_098,428,457,0.20070425,False
DEV_NORMAL_098,429,458,0.20029284,False
DEV_NORMAL_098,430,459,0.20067893,False
DEV_NORMAL_098,431,460,0.19578804,False
DEV_NORMAL_098,432,461,0.20233351,False
DEV_NORMAL_098,433,462,0.20696463,False
DEV_NORMAL_098,434,463,0.20260732,False
DEV_NORMAL_098,435,464,0.19589707,False
DEV_NORMAL_098,436,465,0.2092962,False
DEV_NORMAL_098,437,466,0.24284409,False
DEV_NORMAL_098,438,467,0.23184136,False
DEV_NORMAL_098,439,468,0.2214317,False
DEV_NORMAL_098,440,469,0.2353748,False
DEV_NORMAL_098,441,470,0.24349268,False
DEV_NORMAL_098,442,471,0.22364207,False
DEV_NORMAL_098,443,472,0.23201758,False
DEV_NORMAL_098,444,473,0.25144827,False
DEV_NORMAL_098,445,474,0.22369592,False
DEV_NORMAL_098,446,475,0.22911495,False
DEV_NORMAL_098,447,476,0.23772189,False
DEV_NORMAL_098,448,477,0.24625029,False
DEV_NORMAL_098,449,478,0.24068227,False
DEV_NORMAL_098,450,479,0.25030786,False
DEV_NORMAL_098,451,480,0.27092707,False
DEV_NORMAL_098,452,481,0.27100816,False
DEV_NORMAL_098,453,482,0.276796,False
DEV_NORMAL_098,454,483,0.2944709,True
DEV_NORMAL_098,455,484,0.26944208,False
DEV_NORMAL_098,456,485,0.26441458,False
DEV_NORMAL_098,457,486,0.2652027,False
DEV_NORMAL_098,458,487,0.27325818,False
DEV_NORMAL_098,459,488,0.2514512,False
DEV_NORMAL_098,460,489,0.23765609,False
DEV_NORMAL_098,461,490,0.24093203,False
DEV_NORMAL_098,462,491,0.24764165,False
DEV_NORMAL_098,463,492,0.24648553,False
DEV_NORMAL_098,464,493,0.24488284,False
DEV_NORMAL_098,465,494,0.23378164,False
DEV_NORMAL_098,466,495,0.23332214,False
DEV_NORMAL_098,467,496,0.23908757,False
DEV_NORMAL_098,468,497,0.23714685,False
DEV_NORMAL_098,469,498,0.2168891,False
DEV_NORMAL_098,470,499,0.2142565,False
DEV_NORMAL_098,471,500,0.23578484,False
DEV_NORMAL_098,472,501,0.24226524,False
DEV_NORMAL_098,473,502,0.25342605,False
DEV_NORMAL_098,474,503,0.23109908,False
DEV_NORMAL_098,475,504,0.2314972,False
DEV_NORMAL_098,476,505,0.24065031,False
DEV_NORMAL_098,477,506,0.24322647,False
DEV_NORMAL_098,478,507,0.22694851,False
DEV_NORMAL_098,479,508,0.25537264,False
DEV_NORMAL_098,480,509,0.24092348,False
DEV_NORMAL_098,481,510,0.24006581,False
DEV_NORMAL_098,482,511,0.23809443,False
DEV_NORMAL_098,483,512,0.23838258,False
DEV_NORMAL_098,484,513,0.22519493,False
DEV_NORMAL_098,485,514,0.22201508,False
DEV_NORMAL_098,486,515,0.22116683,False
DEV_NORMAL_098,487,516,0.2513888,False
DEV_NORMAL_098,488,517,0.25917777,False
DEV_NORMAL_098,489,518,0.26479787,False
DEV_NORMAL_098,490,519,0.2583594,False
DEV_NORMAL_098,491,520,0.2513338,False
DEV_NORMAL_098,492,521,0.25693133,False
DEV_NORMAL_098,493,522,0.29092833,False
DEV_NORMAL_098,494,523,0.27474314,False
DEV_NORMAL_098,495,524,0.2579794,False
DEV_NORMAL_098,496,525,0.24991447,False
DEV_NORMAL_098,497,526,0.26473707,False
DEV_NORMAL_098,498,527,0.2642325,False
DEV_NORMAL_098,499,528,0.24356845,False
DEV_NORMAL_098,500,529,0.24064086,False
DEV_NORMAL_098,501,530,0.23678397,False
DEV_NORMAL_098,502,531,0.22991413,False
DEV_NORMAL_098,503,532,0.22953673,False
DEV_NORMAL_098,504,533,0.23324136,False
DEV_NORMAL_098,505,534,0.24046037,False
DEV_NORMAL_098,506,535,0.2322302,False
DEV_NORMAL_098,507,536,0.23045118,False
DEV_NORMAL_098,508,537,0.22714195,False
DEV_NORMAL_098,509,538,0.21858053,False
DEV_NORMAL_098,510,539,0.21800347,False
DEV_NORMAL_098,511,540,0.21686174,False
DEV_NORMAL_098,512,541,0.22086048,False
DEV_NORMAL_098,513,542,0.21532455,False
DEV_NORMAL_098,514,543,0.22440295,False
DEV_NORMAL_098,515,544,0.24123241,False
DEV_NORMAL_098,516,545,0.22514711,False
DEV_NORMAL_098,517,546,0.20541964,False
DEV_NORMAL_098,518,547,0.19479778,False
DEV_NORMAL_098,519,548,0.19227156,False
DEV_NORMAL_098,520,549,0.20042318,False
DEV_NORMAL_098,521,550,0.19005118,False
DEV_NORMAL_098,522,551,0.17816292,False
DEV_NORMAL_098,523,552,0.1738062,False
DEV_NORMAL_098,524,553,0.17283608,False
DEV_NORMAL_098,525,554,0.16386347,False
DEV_NORMAL_098,526,555,0.1646123,False
DEV_NORMAL_098,527,556,0.16144015,False
DEV_NORMAL_098,528,557,0.16780771,False
DEV_NORMAL_098,529,558,0.17513876,False
DEV_NORMAL_098,530,559,0.19237639,False
DEV_NORMAL_098,531,560,0.16537353,False
DEV_NORMAL_098,532,561,0.1810805,False
DEV_NORMAL_098,533,562,0.18784113,False
DEV_NORMAL_098,534,563,0.1841724,False
DEV_NORMAL_098,535,564,0.18559055,False
DEV_NORMAL_098,536,565,0.18599552,False
DEV_NORMAL_098,537,566,0.17759219,False
DEV_NORMAL_098,538,567,0.20546027,False
DEV_NORMAL_098,539,568,0.22910564,False
DEV_NORMAL_098,540,569,0.22715095,False
DEV_NORMAL_098,541,570,0.21926871,False
DEV_NORMAL_098,542,571,0.22767068,False
DEV_NORMAL_098,543,572,0.20920207,False
DEV_NORMAL_098,544,573,0.1939769,False
DEV_NORMAL_098,545,574,0.1951417,False
DEV_NORMAL_098,546,575,0.2004328,False
DEV_NORMAL_098,547,576,0.20286237,False
DEV_NORMAL_098,548,577,0.2281544,False
DEV_NORMAL_098,549,578,0.22896199,False
DEV_NORMAL_098,550,579,0.22219515,False
DEV_NORMAL_098,551,580,0.2232878,False
DEV_NORMAL_098,552,581,0.2316543,False
DEV_NORMAL_098,553,582,0.22291206,False
DEV_NORMAL_098,554,583,0.22539528,False
DEV_NORMAL_098,555,584,0.23668048,False
DEV_NORMAL_098,556,585,0.22400267,False
DEV_NORMAL_098,557,586,0.21949784,False
DEV_NORMAL_098,558,587,0.23201056,False
DEV_NORMAL_098,559,588,0.2279211,False
DEV_NORMAL_098,560,589,0.22983481,False
DEV_NORMAL_098,561,590,0.23291366,False
DEV_NORMAL_098,562,591,0.23012176,False
DEV_NORMAL_098,563,592,0.22862326,False
DEV_NORMAL_098,564,593,0.22022097,False
DEV_NORMAL_098,565,594,0.21643671,False
DEV_NORMAL_098,566,595,0.20449963,False
DEV_NORMAL_098,567,596,0.19048102,False
DEV_NORMAL_098,568,597,0.1977609,False
DEV_NORMAL_098,569,598,0.20614885,False
DEV_NORMAL_098,570,599,0.20403339,False
DEV_NORMAL_098,571,600,0.19983242,False
DEV_NORMAL_098,572,601,0.20720711,False
DEV_NORMAL_098,573,602,0.19321682,False
DEV_NORMAL_098,574,603,0.19655438,False
DEV_NORMAL_098,575,604,0.18525092,False
DEV_NORMAL_098,576,605,0.19665632,False
DEV_NORMAL_098,577,606,0.19690473,False
DEV_NORMAL_098,578,607,0.17206225,False
DEV_NORMAL_098,579,608,0.17518301,False
DEV_NORMAL_098,580,609,0.18058011,False
DEV_NORMAL_098,581,610,0.17370477,False
DEV_NORMAL_098,582,611,0.17339219,False
DEV_NORMAL_098,583,612,0.19374864,False
DEV_NORMAL_098,584,613,0.19061203,False
DEV_NORMAL_098,585,614,0.21294375,False
DEV_NORMAL_098,586,615,0.20642449,False
DEV_NORMAL_098,587,616,0.2211371,False
DEV_NORMAL_098,588,617,0.23678748,False
DEV_NORMAL_098,589,618,0.2203887,False
DEV_NORMAL_098,590,619,0.20806019,False
DEV_NORMAL_098,591,620,0.21202129,False
DEV_NORMAL_098,592,621,0.21245722,False
DEV_NORMAL_098,593,622,0.20661564,False
DEV_NORMAL_098,594,623,0.20168538,False
DEV_NORMAL_098,595,624,0.2072094,False
DEV_NORMAL_098,596,625,0.2174379,False
DEV_NORMAL_098,597,626,0.19556306,False
DEV_NORMAL_098,598,627,0.19303414,False
DEV_NORMAL_098,599,628,0.19358593,False
DEV_NORMAL_098,600,629,0.18988344,False
DEV_NORMAL_098,601,630,0.1903882,False
DEV_NORMAL_098,602,631,0.19014063,False
DEV_NORMAL_098,603,632,0.19760673,False
DEV_NORMAL_098,604,633,0.20371479,False
DEV_NORMAL_098,605,634,0.20668904,False
DEV_NORMAL_098,606,635,0.20158419,False
DEV_NORMAL_098,607,636,0.21214972,False
DEV_NORMAL_098,608,637,0.22543417,False
DEV_NORMAL_098,609,638,0.24075672,False
DEV_NORMAL_098,610,639,0.23985083,False
DEV_NORMAL_098,611,640,0.25489056,False
DEV_NORMAL_098,612,641,0.24640043,False
DEV_NORMAL_098,613,642,0.26450935,False
DEV_NORMAL_098,614,643,0.2538868,False
DEV_NORMAL_098,615,644,0.24792631,False
DEV_NORMAL_098,616,645,0.24012567,False
DEV_NORMAL_098,617,646,0.24422486,False
DEV_NORMAL_098,618,647,0.25486237,False
DEV_NORMAL_098,619,648,0.28195998,False
DEV_NORMAL_098,620,649,0.27943936,False
DEV_NORMAL_098,621,650,0.28237465,False
DEV_NORMAL_098,622,651,0.2913005,True
DEV_NORMAL_098,623,652,0.29117826,True
DEV_NORMAL_098,624,653,0.29327795,True
DEV_NORMAL_098,625,654,0.2825538,False
DEV_NORMAL_098,626,655,0.28594428,False
DEV_NORMAL_098,627,656,0.28620192,False
DEV_NORMAL_098,628,657,0.28266117,False
DEV_NORMAL_098,629,658,0.27572232,False
DEV_NORMAL_098,630,659,0.29054067,False
DEV_NORMAL_098,631,660,0.28340057,False
DEV_NORMAL_098,632,661,0.3042153,True
DEV_NORMAL_098,633,662,0.306983,True
DEV_NORMAL_098,634,663,0.2830437,False
DEV_NORMAL_098,635,664,0.24984954,False
DEV_NORMAL_098,636,665,0.2307944,False
DEV_NORMAL_098,637,666,0.2238865,False
DEV_NORMAL_098,638,667,0.2229105,False
DEV_NORMAL_098,639,668,0.21459383,False
DEV_NORMAL_098,640,669,0.21069303,False
DEV_NORMAL_098,641,670,0.22276613,False
DEV_NORMAL_098,642,671,0.19917896,False
DEV_NORMAL_098,643,672,0.2053838,False
DEV_NORMAL_098,644,673,0.19420941,False
DEV_NORMAL_098,645,674,0.21667176,False
DEV_NORMAL_098,646,675,0.20306273,False
DEV_NORMAL_098,647,676,0.20354576,False
DEV_NORMAL_098,648,677,0.19354591,False
DEV_NORMAL_098,649,678,0.16713339,False
DEV_NORMAL_098,650,679,0.17872158,False
DEV_NORMAL_098,651,680,0.16641814,False
DEV_NORMAL_098,652,681,0.1690802,False
DEV_NORMAL_098,653,682,0.17328234,False
DEV_NORMAL_098,654,683,0.16937803,False
DEV_NORMAL_098,655,684,0.18383226,False
DEV_NORMAL_098,656,685,0.19275852,False
DEV_NORMAL_098,657,686,0.19076419,False
DEV_NORMAL_098,658,687,0.1937689,False
DEV_NORMAL_098,659,688,0.19671686,False
DEV_NORMAL_098,660,689,0.19602576,False
DEV_NORMAL_098,661,690,0.1957108,False
DEV_NORMAL_098,662,691,0.2041716,False
DEV_NORMAL_098,663,692,0.19026433,False
DEV_NORMAL_098,664,693,0.19542211,False
DEV_NORMAL_098,665,694,0.2152563,False
DEV_NORMAL_098,666,695,0.2184663,False
DEV_NORMAL_098,667,696,0.21523356,False
DEV_NORMAL_098,668,697,0.24575052,False
DEV_NORMAL_098,669,698,0.23721471,False
DEV_NORMAL_098,670,699,0.23631398,False
DEV_NORMAL_098,671,700,0.23944114,False
DEV_NORMAL_098,672,701,0.22909206,False
DEV_NORMAL_098,673,702,0.23712927,False
DEV_NORMAL_098,674,703,0.22438794,False
DEV_NORMAL_098,675,704,0.22260018,False
DEV_NORMAL_098,676,705,0.23228124,False
DEV_NORMAL_098,677,706,0.24691375,False
DEV_NORMAL_098,678,707,0.24903926,False
DEV_NORMAL_098,679,708,0.22749256,False
DEV_NORMAL_098,680,709,0.24895507,False
DEV_NORMAL_098,681,710,0.25023702,False
DEV_NORMAL_098,682,711,0.2501992,False
DEV_NORMAL_098,683,712,0.2539192,False
DEV_NORMAL_098,684,713,0.24495573,False
DEV_NORMAL_098,685,714,0.21980102,False
DEV_NORMAL_098,686,715,0.23745838,False
DEV_NORMAL_098,687,716,0.23151833,False
DEV_NORMAL_098,688,717,0.22394326,False
DEV_NORMAL_098,689,718,0.21294378,False
DEV_NORMAL_098,690,719,0.22479881,False
DEV_NORMAL_098,691,720,0.22487506,False
DEV_NORMAL_098,692,721,0.20030054,False
DEV_NORMAL_098,693,722,0.20070286,False
DEV_NORMAL_098,694,723,0.20051199,False
DEV_NORMAL_098,695,724,0.17611185,False
DEV_NORMAL_098,696,725,0.17975308,False
DEV_NORMAL_098,697,726,0.18745251,False
DEV_NORMAL_098,698,727,0.17397432,False
DEV_NORMAL_098,699,728,0.17553526,False
DEV_NORMAL_098,700,729,0.1703133,False
DEV_NORMAL_098,701,730,0.17927922,False
DEV_NORMAL_098,702,731,0.1732564,False
DEV_NORMAL_098,703,732,0.19156262,False
DEV_NORMAL_098,704,733,0.19820799,False
DEV_NORMAL_098,705,734,0.21228209,False
DEV_NORMAL_098,706,735,0.20149061,False
DEV_NORMAL_098,707,736,0.20073658,False
DEV_NORMAL_098,708,737,0.20197602,False
DEV_NORMAL_098,709,738,0.2021226,False
DEV_NORMAL_098,710,739,0.1855621,False
DEV_NORMAL_098,711,740,0.20516934,False
DEV_NORMAL_098,712,741,0.21310653,False
DEV_NORMAL_098,713,742,0.20653576,False
DEV_NORMAL_098,714,743,0.19848481,False
DEV_NORMAL_098,715,744,0.1957312,False
DEV_NORMAL_098,716,745,0.21540588,False
DEV_NORMAL_098,717,746,0.21272129,False
DEV_NORMAL_098,718,747,0.2262735,False
DEV_NORMAL_098,719,748,0.220239,False
DEV_NORMAL_098,720,749,0.22313234,False
DEV_NORMAL_098,721,750,0.22280665,False
DEV_NORMAL_098,722,751,0.23098053,False
DEV_NORMAL_098,723,752,0.24155031,False
DEV_NORMAL_098,724,753,0.2428303,False
DEV_NORMAL_098,725,754,0.26780406,False
DEV_NORMAL_098,726,755,0.2532309,False
DEV_NORMAL_098,727,756,0.25799936,False
DEV_NORMAL_098,728,757,0.2560235,False
DEV_NORMAL_098,729,758,0.2578357,False
DEV_NORMAL_098,730,759,0.2532713,False
DEV_NORMAL_098,731,760,0.24335714,False
DEV_NORMAL_098,732,761,0.24007584,False
DEV_NORMAL_098,733,762,0.25414842,False
DEV_NORMAL_098,734,763,0.22864097,False
DEV_NORMAL_098,735,764,0.2373782,False
DEV_NORMAL_098,736,765,0.2657939,False
DEV_NORMAL_098,737,766,0.27200076,False
DEV_NORMAL_098,738,767,0.27291378,False
DEV_NORMAL_098,739,768,0.31154945,True
DEV_NORMAL_098,740,769,0.32018754,True
DEV_NORMAL_098,741,770,0.3124417,True
DEV_NORMAL_098,742,771,0.33341518,True
DEV_NORMAL_098,743,772,0.32556352,True
DEV_NORMAL_098,744,773,0.33083704,True
DEV_NORMAL_098,745,774,0.33802357,True
DEV_NORMAL_098,746,775,0.3287033,True
DEV_NORMAL_098,747,776,0.32517356,True
DEV_NORMAL_098,748,777,0.31727156,True
DEV_NORMAL_098,749,778,0.31277698,True
DEV_NORMAL_098,750,779,0.32045242,True
DEV_NORMAL_098,751,780,0.31680056,True
DEV_NORMAL_098,752,781,0.3176461,True
DEV_NORMAL_098,753,782,0.31126264,True
DEV_NORMAL_098,754,783,0.30106953,True
DEV_NORMAL_098,755,784,0.30431223,True
DEV_NORMAL_098,756,785,0.2989245,True
DEV_NORMAL_098,757,786,0.31197464,True
DEV_NORMAL_098,758,787,0.30041072,True
DEV_NORMAL_098,759,788,0.3056567,True
DEV_NORMAL_098,760,789,0.3027292,True
DEV_NORMAL_098,761,790,0.29139826,True
DEV_NORMAL_098,762,791,0.2944538,True
DEV_NORMAL_098,763,792,0.2862782,False
DEV_NORMAL_098,764,793,0.29415992,True
DEV_NORMAL_098,765,794,0.29095867,False
DEV_NORMAL_098,766,795,0.23840758,False
DEV_NORMAL_098,767,796,0.26120964,False
DEV_NORMAL_098,768,797,0.22024544,False
DEV_NORMAL_098,769,798,0.21564719,False
DEV_NORMAL_098,770,799,0.22376594,False
DEV_NORMAL_098,771,800,0.2049241,False
DEV_NORMAL_098,772,801,0.1990716,False
DEV_NORMAL_098,773,802,0.19490354,False
DEV_NORMAL_098,774,803,0.19762568,False
DEV_NORMAL_098,775,804,0.20545654,False
DEV_NORMAL_098,776,805,0.20511243,False
DEV_NORMAL_098,777,806,0.21736683,False
DEV_NORMAL_098,778,807,0.21710153,False
DEV_NORMAL_098,779,808,0.21391644,False
DEV_NORMAL_098,780,809,0.20752999,False
DEV_NORMAL_098,781,810,0.21058814,False
DEV_NORMAL_098,782,811,0.20129675,False
DEV_NORMAL_098,783,812,0.20444445,False
DEV_NORMAL_098,784,813,0.21043164,False
DEV_NORMAL_098,785,814,0.20182085,False
DEV_NORMAL_098,786,815,0.1853303,False
DEV_NORMAL_098,787,816,0.20845585,False
DEV_NORMAL_098,788,817,0.190149,False
DEV_NORMAL_098,789,818,0.18965982,False
DEV_NORMAL_098,790,819,0.20992158,False
DEV_NORMAL_098,791,820,0.20421451,False
DEV_NORMAL_098,792,821,0.20315805,False
DEV_NORMAL_098,793,822,0.19948353,False
DEV_NORMAL_098,794,823,0.20085467,False
DEV_NORMAL_098,795,824,0.2049298,False
DEV_NORMAL_098,796,825,0.2236259,False
DEV_NORMAL_098,797,826,0.23776273,False
DEV_NORMAL_098,798,827,0.24306218,False
DEV_NORMAL_098,799,828,0.22438563,False
DEV_NORMAL_098,800,829,0.23690428,False
DEV_NORMAL_098,801,830,0.27155033,False
DEV_NORMAL_098,802,831,0.25154036,False
DEV_NORMAL_098,803,832,0.2740304,False
DEV_NORMAL_098,804,833,0.27375665,False
DEV_NORMAL_098,805,834,0.27729797,False
DEV_NORMAL_098,806,835,0.25379413,False
DEV_NORMAL_098,807,836,0.24891582,False
DEV_NORMAL_098,808,837,0.25486585,False
DEV_NORMAL_098,809,838,0.25654584,False
DEV_NORMAL_098,810,839,0.2519447,False
DEV_NORMAL_098,811,840,0.24542193,False
DEV_NORMAL_098,812,841,0.25084618,False
DEV_NORMAL_098,813,842,0.24465548,False
DEV_NORMAL_098,814,843,0.23677029,False
DEV_NORMAL_098,815,844,0.24995902,False
DEV_NORMAL_098,816,845,0.24534766,False
DEV_NORMAL_098,817,846,0.23797649,False
DEV_NORMAL_098,818,847,0.26080164,False
DEV_NORMAL_098,819,848,0.27177778,False
DEV_NORMAL_098,820,849,0.24695161,False
DEV_NORMAL_098,821,850,0.24770346,False
DEV_NORMAL_098,822,851,0.24851404,False
DEV_NORMAL_098,823,852,0.23355071,False
DEV_NORMAL_098,824,853,0.2133054,False
DEV_NORMAL_098,825,854,0.21864043,False
DEV_NORMAL_098,826,855,0.23099372,False
DEV_NORMAL_098,827,856,0.22679901,False
DEV_NORMAL_098,828,857,0.23770675,False
DEV_NORMAL_098,829,858,0.2390789,False
DEV_NORMAL_098,830,859,0.19867353,False
DEV_NORMAL_098,831,860,0.20231031,False
DEV_NORMAL_098,832,861,0.19120783,False
DEV_NORMAL_098,833,862,0.1863871,False
DEV_NORMAL_098,834,863,0.18200895,False
DEV_NORMAL_098,835,864,0.17534228,False
DEV_NORMAL_098,836,865,0.19737095,False
DEV_NORMAL_098,837,866,0.21418199,False
DEV_NORMAL_098,838,867,0.22285134,False
DEV_NORMAL_098,839,868,0.20899819,False
DEV_NORMAL_098,840,869,0.21238002,False
DEV_NORMAL_098,841,870,0.22023372,False
DEV_NORMAL_098,842,871,0.23958057,False
DEV_NORMAL_098,843,872,0.25508696,False
DEV_NORMAL_098,844,873,0.26654372,False
DEV_NORMAL_098,845,874,0.24847159,False
DEV_NORMAL_098,846,875,0.25898632,False
DEV_NORMAL_098,847,876,0.26723227,False
DEV_NORMAL_098,848,877,0.2663237,False
DEV_NORMAL_098,849,878,0.28104323,False
DEV_NORMAL_098,850,879,0.28699318,False
DEV_NORMAL_098,851,880,0.2764065,False
DEV_NORMAL_098,852,881,0.26805028,False
DEV_NORMAL_098,853,882,0.2689685,False
DEV_NORMAL_098,854,883,0.26898453,False
DEV_NORMAL_098,855,884,0.24383046,False
DEV_NORMAL_098,856,885,0.24921408,False
DEV_NORMAL_098,857,886,0.26077724,False
DEV_NORMAL_098,858,887,0.26697472,False
DEV_NORMAL_098,859,888,0.27092654,False
DEV_NORMAL_098,860,889,0.27902576,False
DEV_NORMAL_098,861,890,0.2952601,True
DEV_NORMAL_098,862,891,0.29073727,False
DEV_NORMAL_098,863,892,0.2809019,False
DEV_NORMAL_098,864,893,0.28708446,False
DEV_NORMAL_098,865,894,0.27921543,False
DEV_NORMAL_098,866,895,0.27825838,False
DEV_NORMAL_098,867,896,0.25028288,False
DEV_NORMAL_098,868,897,0.24750751,False
DEV_NORMAL_098,869,898,0.2584819,False
DEV_NORMAL_098,870,899,0.2384975,False
DEV_NORMAL_098,871,900,0.22949772,False
DEV_NORMAL_098,872,901,0.23073624,False
DEV_NORMAL_098,873,902,0.22001241,False
DEV_NORMAL_098,874,903,0.24107462,False
DEV_NORMAL_098,875,904,0.21834008,False
DEV_NORMAL_098,876,905,0.212797,False
DEV_NORMAL_098,877,906,0.19664097,False
DEV_NORMAL_098,878,907,0.19233933,False
DEV_NORMAL_098,879,908,0.19717692,False
DEV_NORMAL_098,880,909,0.20044565,False
DEV_NORMAL_098,881,910,0.2056126,False
DEV_NORMAL_098,882,911,0.2053517,False
DEV_NORMAL_098,883,912,0.21692017,False
DEV_NORMAL_098,884,913,0.20857863,False
DEV_NORMAL_098,885,914,0.21594954,False
DEV_NORMAL_098,886,915,0.20596872,False
DEV_NORMAL_098,887,916,0.20160922,False
DEV_NORMAL_098,888,917,0.19516924,False
DEV_NORMAL_098,889,918,0.19594544,False
DEV_NORMAL_098,890,919,0.1920239,False
DEV_NORMAL_098,891,920,0.20418046,False
DEV_NORMAL_098,892,921,0.19253908,False
DEV_NORMAL_098,893,922,0.18835326,False
DEV_NORMAL_098,894,923,0.19515342,False
DEV_NORMAL_098,895,924,0.20213172,False
DEV_NORMAL_098,896,925,0.19471887,False
DEV_NORMAL_098,897,926,0.19546655,False
DEV_NORMAL_098,898,927,0.1919773,False
DEV_NORMAL_098,899,928,0.18758942,False
DEV_NORMAL_098,900,929,0.18996805,False
DEV_NORMAL_098,901,930,0.19013005,False
DEV_NORMAL_098,902,931,0.23165344,False
DEV_NORMAL_098,903,932,0.2267251,False
DEV_NORMAL_098,904,933,0.22778742,False
DEV_NORMAL_098,905,934,0.23144077,False
DEV_NORMAL_098,906,935,0.22324964,False
DEV_NORMAL_098,907,936,0.22832371,False
DEV_NORMAL_098,908,937,0.21369085,False
DEV_NORMAL_098,909,938,0.2274855,False
DEV_NORMAL_098,910,939,0.23334885,False
DEV_NORMAL_098,911,940,0.23320174,False
DEV_NORMAL_098,912,941,0.22982658,False
DEV_NORMAL_098,913,942,0.23230457,False
DEV_NORMAL_098,914,943,0.21671359,False
DEV_NORMAL_098,915,944,0.21372914,False
DEV_NORMAL_098,916,945,0.24010359,False
DEV_NORMAL_098,917,946,0.23936659,False
DEV_NORMAL_098,918,947,0.24303932,False
DEV_NORMAL_098,919,948,0.24217317,False
DEV_NORMAL_098,920,949,0.2434837,False
DEV_NORMAL_098,921,950,0.24392952,False
DEV_NORMAL_098,922,951,0.24445629,False
DEV_NORMAL_098,923,952,0.23637365,False
DEV_NORMAL_098,924,953,0.23599759,False
DEV_NORMAL_098,925,954,0.24068436,False
DEV_NORMAL_098,926,955,0.24763277,False
DEV_NORMAL_098,927,956,0.24649511,False
DEV_NORMAL_098,928,957,0.26543897,False
DEV_NORMAL_098,929,958,0.25976506,False
DEV_NORMAL_098,930,959,0.25559697,False
DEV_NORMAL_098,931,960,0.24173574,False
DEV_NORMAL_098,932,961,0.22791344,False
DEV_NORMAL_098,933,962,0.22891375,False
DEV_NORMAL_098,934,963,0.21432485,False
DEV_NORMAL_098,935,964,0.22456974,False
DEV_NORMAL_098,936,965,0.22250114,False
DEV_NORMAL_098,937,966,0.22861932,False
DEV_NORMAL_098,938,967,0.23128861,False
DEV_NORMAL_098,939,968,0.22920218,False
DEV_NORMAL_098,940,969,0.22297138,False
DEV_NORMAL_098,941,970,0.22323631,False
DEV_NORMAL_098,942,971,0.23316249,False
DEV_NORMAL_098,943,972,0.23018694,False
DEV_NORMAL_098,944,973,0.22325125,False
DEV_NORMAL_098,945,974,0.22921994,False
DEV_NORMAL_098,946,975,0.23322529,False
DEV_NORMAL_098,947,976,0.22331111,False
DEV_NORMAL_098,948,977,0.22064991,False
DEV_NORMAL_098,949,978,0.21782626,False
DEV_NORMAL_098,950,979,0.21892795,False
DEV_NORMAL_098,951,980,0.22781521,False
DEV_NORMAL_098,952,981,0.22252624,False
DEV_NORMAL_098,953,982,0.21611099,False
DEV_NORMAL_098,954,983,0.20683937,False
DEV_NORMAL_098,955,984,0.20940065,False
DEV_NORMAL_098,956,985,0.2010385,False
DEV_NORMAL_098,957,986,0.19962929,False
DEV_NORMAL_098,958,987,0.2108529,False
DEV_NORMAL_098,959,988,0.19383748,False
DEV_NORMAL_098,960,989,0.21146281,False
DEV_NORMAL_098,961,990,0.2063322,False
DEV_NORMAL_098,962,991,0.19921547,False
DEV_NORMAL_098,963,992,0.190097,False
DEV_NORMAL_098,964,993,0.18363835,False
DEV_NORMAL_098,965,994,0.18446179,False
DEV_NORMAL_098,966,995,0.19723246,False
DEV_NORMAL_098,967,996,0.20160358,False
DEV_NORMAL_098,968,997,0.20086779,False
DEV_NORMAL_098,969,998,0.19263239,False
DEV_NORMAL_098,970,999,0.2147048,False
DEV_NORMAL_098,971,1000,0.21883608,False
DEV_NORMAL_098,972,1001,0.24467471,False
DEV_NORMAL_098,973,1002,0.23351558,False
DEV_NORMAL_098,974,1003,0.22990352,False
DEV_NORMAL_098,975,1004,0.22842818,False
DEV_NORMAL_098,976,1005,0.22834755,False
DEV_NORMAL_098,977,1006,0.23463751,False
DEV_NORMAL_098,978,1007,0.2520078,False
DEV_NORMAL_098,979,1008,0.24420153,False
DEV_NORMAL_098,980,1009,0.24350792,False
DEV_NORMAL_098,981,1010,0.25511304,False
DEV_NORMAL_098,982,1011,0.265937,False
DEV_NORMAL_098,983,1012,0.27336985,False
DEV_NORMAL_098,984,1013,0.2829526,False
DEV_NORMAL_098,985,1014,0.2627885,False
DEV_NORMAL_098,986,1015,0.25057176,False
DEV_NORMAL_098,987,1016,0.25247648,False
DEV_NORMAL_098,988,1017,0.25911435,False
DEV_NORMAL_098,989,1018,0.25724062,False
DEV_NORMAL_098,990,1019,0.24784127,False
DEV_NORMAL_098,991,1020,0.2557163,False
DEV_NORMAL_098,992,1021,0.2565401,False
DEV_NORMAL_098,993,1022,0.27175337,False
DEV_NORMAL_098,994,1023,0.2725216,False
DEV_NORMAL_098,995,1024,0.28104743,False
DEV_NORMAL_098,996,1025,0.27066368,False
DEV_NORMAL_098,997,1026,0.271653,False
DEV_NORMAL_098,998,1027,0.28008276,False
DEV_NORMAL_098,999,1028,0.28218803,False
DEV_NORMAL_098,1000,1029,0.322074,True
DEV_NORMAL_098,1001,1030,0.28427044,False
DEV_NORMAL_098,1002,1031,0.31170818,True
DEV_NORMAL_098,1003,1032,0.3078405,True
DEV_NORMAL_098,1004,1033,0.3039226,True
DEV_NORMAL_098,1005,1034,0.29045615,False
DEV_NORMAL_098,1006,1035,0.2830949,False
DEV_NORMAL_098,1007,1036,0.30263287,True
DEV_NORMAL_098,1008,1037,0.3004878,True
DEV_NORMAL_098,1009,1038,0.294881,True
DEV_NORMAL_098,1010,1039,0.2934627,True
DEV_NORMAL_098,1011,1040,0.28281328,False
DEV_NORMAL_098,1012,1041,0.28174907,False
DEV_NORMAL_098,1013,1042,0.2681053,False
DEV_NORMAL_098,1014,1043,0.2587103,False
DEV_NORMAL_098,1015,1044,0.2753093,False
DEV_NORMAL_098,1016,1045,0.28367025,False
DEV_NORMAL_098,1017,1046,0.28368092,False
DEV_NORMAL_098,1018,1047,0.28367347,False
DEV_NORMAL_098,1019,1048,0.2867394,False
DEV_NORMAL_098,1020,1049,0.28418288,False
DEV_NORMAL_098,1021,1050,0.26717013,False
DEV_NORMAL_098,1022,1051,0.2595045,False
DEV_NORMAL_098,1023,1052,0.27326056,False
DEV_NORMAL_098,1024,1053,0.23754853,False
DEV_NORMAL_098,1025,1054,0.23354901,False
DEV_NORMAL_098,1026,1055,0.24684665,False
DEV_NORMAL_098,1027,1056,0.25015324,False
DEV_NORMAL_098,1028,1057,0.21564013,False
DEV_NORMAL_098,1029,1058,0.22858922,False
DEV_NORMAL_098,1030,1059,0.21089666,False
DEV_NORMAL_098,1031,1060,0.21167181,False
DEV_NORMAL_098,1032,1061,0.21729422,False
DEV_NORMAL_098,1033,1062,0.22364639,False
DEV_NORMAL_098,1034,1063,0.21410252,False
DEV_NORMAL_098,1035,1064,0.20487009,False
DEV_NORMAL_098,1036,1065,0.19739008,False
DEV_NORMAL_098,1037,1066,0.21010517,False
DEV_NORMAL_098,1038,1067,0.19252189,False
DEV_NORMAL_098,1039,1068,0.18541953,False
DEV_NORMAL_098,1040,1069,0.18485941,False
DEV_NORMAL_098,1041,1070,0.17070375,False
DEV_NORMAL_098,1042,1071,0.18987522,False
DEV_NORMAL_098,1043,1072,0.2058252,False
DEV_NORMAL_098,1044,1073,0.1980759,False
DEV_NORMAL_098,1045,1074,0.19222476,False
DEV_NORMAL_098,1046,1075,0.21033092,False
DEV_NORMAL_098,1047,1076,0.21590172,False
DEV_NORMAL_098,1048,1077,0.21592318,False
DEV_NORMAL_098,1049,1078,0.20414053,False
DEV_NORMAL_098,1050,1079,0.18971561,False
DEV_NORMAL_098,1051,1080,0.21284749,False
DEV_NORMAL_098,1052,1081,0.19958322,False
DEV_NORMAL_098,1053,1082,0.20301451,False
DEV_NORMAL_098,1054,1083,0.2082186,False
DEV_NORMAL_098,1055,1084,0.21723908,False
DEV_NORMAL_098,1056,1085,0.22462942,False
DEV_NORMAL_098,1057,1086,0.22378466,False
DEV_NORMAL_098,1058,1087,0.22290808,False
DEV_NORMAL_098,1059,1088,0.21545668,False
DEV_NORMAL_098,1060,1089,0.2015309,False
DEV_NORMAL_098,1061,1090,0.20297225,False
DEV_NORMAL_098,1062,1091,0.2072291,False
DEV_NORMAL_098,1063,1092,0.19131489,False
DEV_NORMAL_098,1064,1093,0.19373277,False
DEV_NORMAL_098,1065,1094,0.19536947,False
DEV_NORMAL_098,1066,1095,0.18443333,False
DEV_NORMAL_098,1067,1096,0.19342925,False
DEV_NORMAL_098,1068,1097,0.1968938,False
DEV_NORMAL_098,1069,1098,0.2029953,False
DEV_NORMAL_098,1070,1099,0.20861429,False
DEV_NORMAL_098,1071,1100,0.20661177,False
DEV_NORMAL_098,1072,1101,0.19664066,False
DEV_NORMAL_098,1073,1102,0.21190102,False
DEV_NORMAL_098,1074,1103,0.20814261,False
DEV_NORMAL_098,1075,1104,0.189879,False
DEV_NORMAL_098,1076,1105,0.1866364,False
DEV_NORMAL_098,1077,1106,0.18475625,False
DEV_NORMAL_098,1078,1107,0.20444512,False
DEV_NORMAL_098,1079,1108,0.20581754,False
DEV_NORMAL_098,1080,1109,0.20491311,False
DEV_NORMAL_098,1081,1110,0.20764749,False
DEV_NORMAL_098,1082,1111,0.21721862,False
DEV_NORMAL_098,1083,1112,0.2127382,False
DEV_NORMAL_098,1084,1113,0.22347829,False
DEV_NORMAL_098,1085,1114,0.20863985,False
DEV_NORMAL_098,1086,1115,0.21563946,False
DEV_NORMAL_098,1087,1116,0.21745294,False
DEV_NORMAL_098,1088,1117,0.22139947,False
DEV_NORMAL_098,1089,1118,0.22315104,False
DEV_NORMAL_098,1090,1119,0.2137105,False
DEV_NORMAL_098,1091,1120,0.21929383,False
DEV_NORMAL_098,1092,1121,0.23056965,False
DEV_NORMAL_098,1093,1122,0.25123736,False
DEV_NORMAL_098,1094,1123,0.26913464,False
DEV_NORMAL_098,1095,1124,0.2861715,False
DEV_NORMAL_098,1096,1125,0.3115895,True
DEV_NORMAL_098,1097,1126,0.30091646,True
DEV_NORMAL_098,1098,1127,0.30554137,True
DEV_NORMAL_098,1099,1128,0.3022333,True
DEV_NORMAL_098,1100,1129,0.30146128,True
DEV_NORMAL_098,1101,1130,0.31448874,True
DEV_NORMAL_098,1102,1131,0.3007375,True
DEV_NORMAL_098,1103,1132,0.2962362,True
DEV_NORMAL_098,1104,1133,0.30059388,True
DEV_NORMAL_098,1105,1134,0.30400494,True
DEV_NORMAL_098,1106,1135,0.3039975,True
DEV_NORMAL_098,1107,1136,0.27286208,False
DEV_NORMAL_098,1108,1137,0.2813345,False
DEV_NORMAL_098,1109,1138,0.28300902,False
DEV_NORMAL_098,1110,1139,0.27813065,False
DEV_NORMAL_098,1111,1140,0.27463916,False
DEV_NORMAL_098,1112,1141,0.28919628,False
DEV_NORMAL_098,1113,1142,0.2956373,True
DEV_NORMAL_098,1114,1143,0.2768511,False
DEV_NORMAL_098,1115,1144,0.2928971,True
DEV_NORMAL_098,1116,1145,0.27953386,False
DEV_NORMAL_098,1117,1146,0.29054597,False
DEV_NORMAL_098,1118,1147,0.29356492,True
DEV_NORMAL_098,1119,1148,0.30528945,True
DEV_NORMAL_098,1120,1149,0.31626898,True
DEV_NORMAL_098,1121,1150,0.27531177,False
DEV_NORMAL_098,1122,1151,0.28083572,False
DEV_NORMAL_098,1123,1152,0.25025523,False
DEV_NORMAL_098,1124,1153,0.23866893,False
DEV_NORMAL_098,1125,1154,0.23237133,False
DEV_NORMAL_098,1126,1155,0.22848593,False
DEV_NORMAL_098,1127,1156,0.22580092,False
DEV_NORMAL_098,1128,1157,0.235873,False
DEV_NORMAL_098,1129,1158,0.23719017,False
DEV_NORMAL_098,1130,1159,0.24917215,False
DEV_NORMAL_098,1131,1160,0.24525261,False
DEV_NORMAL_098,1132,1161,0.24283507,False
DEV_NORMAL_098,1133,1162,0.25588554,False
DEV_NORMAL_098,1134,1163,0.2506867,False
DEV_NORMAL_098,1135,1164,0.25294417,False
DEV_NORMAL_098,1136,1165,0.26075125,False
DEV_NORMAL_098,1137,1166,0.24929959,False
DEV_NORMAL_098,1138,1167,0.24074589,False
DEV_NORMAL_098,1139,1168,0.2428086,False
DEV_NORMAL_098,1140,1169,0.26861972,False
DEV_NORMAL_098,1141,1170,0.23614255,False
DEV_NORMAL_098,1142,1171,0.2139883,False
DEV_NORMAL_098,1143,1172,0.22288838,False
DEV_NORMAL_098,1144,1173,0.22425245,False
DEV_NORMAL_098,1145,1174,0.22368506,False
DEV_NORMAL_098,1146,1175,0.23994167,False
DEV_NORMAL_098,1147,1176,0.23642449,False
DEV_NORMAL_098,1148,1177,0.24519522,False
DEV_NORMAL_098,1149,1178,0.24222612,False
DEV_NORMAL_098,1150,1179,0.25534162,False
DEV_NORMAL_098,1151,1180,0.26671842,False
DEV_NORMAL_098,1152,1181,0.2510045,False
DEV_NORMAL_098,1153,1182,0.25281367,False
DEV_NORMAL_098,1154,1183,0.26308915,False
DEV_NORMAL_098,1155,1184,0.26553783,False
DEV_NORMAL_098,1156,1185,0.25849265,False
DEV_NORMAL_098,1157,1186,0.23370393,False
DEV_NORMAL_098,1158,1187,0.2300702,False
DEV_NORMAL_098,1159,1188,0.24240856,False
DEV_NORMAL_098,1160,1189,0.2351258,False
DEV_NORMAL_098,1161,1190,0.24876586,False
DEV_NORMAL_098,1162,1191,0.24869108,False
DEV_NORMAL_098,1163,1192,0.2340059,False
DEV_NORMAL_098,1164,1193,0.24726316,False
DEV_NORMAL_098,1165,1194,0.2436236,False
DEV_NORMAL_098,1166,1195,0.23597103,False
DEV_NORMAL_098,1167,1196,0.23060217,False
DEV_NORMAL_098,1168,1197,0.221158,False
DEV_NORMAL_098,1169,1198,0.22806117,False
DEV_NORMAL_098,1170,1199,0.22225453,False
DEV_NORMAL_098,1171,1200,0.22136734,False
DEV_NORMAL_098,1172,1201,0.21312475,False
DEV_NORMAL_098,1173,1202,0.20232943,False
DEV_NORMAL_098,1174,1203,0.20987202,False
DEV_NORMAL_098,1175,1204,0.17762934,False
DEV_NORMAL_098,1176,1205,0.18111418,False
DEV_NORMAL_098,1177,1206,0.1799491,False
DEV_NORMAL_098,1178,1207,0.18057995,False
DEV_NORMAL_098,1179,1208,0.17871131,False
DEV_NORMAL_098,1180,1209,0.17765106,False
DEV_NORMAL_098,1181,1210,0.17900401,False
DEV_NORMAL_098,1182,1211,0.1792942,False
DEV_NORMAL_098,1183,1212,0.18289784,False
DEV_NORMAL_098,1184,1213,0.18805192,False
DEV_NORMAL_098,1185,1214,0.1783894,False
DEV_NORMAL_098,1186,1215,0.17304736,False
DEV_NORMAL_098,1187,1216,0.1789263,False
DEV_NORMAL_098,1188,1217,0.16415234,False
DEV_NORMAL_098,1189,1218,0.15642826,False
DEV_NORMAL_098,1190,1219,0.15307064,False
DEV_NORMAL_098,1191,1220,0.14270718,False
DEV_NORMAL_098,1192,1221,0.14398557,False
DEV_NORMAL_098,1193,1222,0.14289466,False
DEV_NORMAL_098,1194,1223,0.15745415,False
DEV_NORMAL_098,1195,1224,0.15397416,False
DEV_NORMAL_098,1196,1225,0.15766028,False
DEV_NORMAL_098,1197,1226,0.15916854,False
DEV_NORMAL_098,1198,1227,0.1632938,False
DEV_NORMAL_098,1199,1228,0.16150753,False
DEV_NORMAL_098,1200,1229,0.18065418,False
DEV_NORMAL_098,1201,1230,0.18432502,False
DEV_NORMAL_098,1202,1231,0.20658077,False
DEV_NORMAL_098,1203,1232,0.205685,False
DEV_NORMAL_098,1204,1233,0.2050499,False
DEV_NORMAL_098,1205,1234,0.20562902,False
DEV_NORMAL_098,1206,1235,0.20904697,False
DEV_NORMAL_098,1207,1236,0.1923512,False
DEV_NORMAL_098,1208,1237,0.19235457,False
DEV_NORMAL_098,1209,1238,0.20619844,False
DEV_NORMAL_098,1210,1239,0.20406634,False
DEV_NORMAL_098,1211,1240,0.21103486,False
DEV_NORMAL_098,1212,1241,0.21773052,False
DEV_NORMAL_098,1213,1242,0.21125259,False
DEV_NORMAL_098,1214,1243,0.20868479,False
DEV_NORMAL_098,1215,1244,0.20146611,False
DEV_NORMAL_098,1216,1245,0.2085153,False
DEV_NORMAL_098,1217,1246,0.2107759,False
DEV_NORMAL_098,1218,1247,0.21277621,False
DEV_NORMAL_098,1219,1248,0.20992418,False
DEV_NORMAL_098,1220,1249,0.20657547,False
DEV_NORMAL_098,1221,1250,0.19772243,False
DEV_NORMAL_098,1222,1251,0.19870044,False
DEV_NORMAL_098,1223,1252,0.20812884,False
DEV_NORMAL_098,1224,1253,0.20132859,False
DEV_NORMAL_098,1225,1254,0.19164218,False
DEV_NORMAL_098,1226,1255,0.1890674,False
DEV_NORMAL_098,1227,1256,0.19997235,False
DEV_NORMAL_098,1228,1257,0.18963915,False
DEV_NORMAL_098,1229,1258,0.21679093,False
DEV_NORMAL_098,1230,1259,0.22259998,False
DEV_NORMAL_098,1231,1260,0.21563037,False
DEV_NORMAL_098,1232,1261,0.21138604,False
DEV_NORMAL_098,1233,1262,0.21236236,False
DEV_NORMAL_098,1234,1263,0.20823173,False
DEV_NORMAL_098,1235,1264,0.21647072,False
DEV_NORMAL_098,1236,1265,0.21284892,False
DEV_NORMAL_098,1237,1266,0.23329878,False
DEV_NORMAL_098,1238,1267,0.20241575,False
DEV_NORMAL_098,1239,1268,0.20261393,False
DEV_NORMAL_098,1240,1269,0.23252267,False
DEV_NORMAL_098,1241,1270,0.23219754,False
DEV_NORMAL_098,1242,1271,0.23087321,False
DEV_NORMAL_098,1243,1272,0.23183326,False
DEV_NORMAL_098,1244,1273,0.24288058,False
DEV_NORMAL_098,1245,1274,0.24220498,False
DEV_NORMAL_098,1246,1275,0.24929994,False
DEV_NORMAL_098,1247,1276,0.26598546,False
DEV_NORMAL_098,1248,1277,0.2556893,False
DEV_NORMAL_098,1249,1278,0.25896886,False
DEV_NORMAL_098,1250,1279,0.2719104,False
DEV_NORMAL_098,1251,1280,0.26359513,False
DEV_NORMAL_098,1252,1281,0.26302585,False
DEV_NORMAL_098,1253,1282,0.27177665,False
DEV_NORMAL_098,1254,1283,0.26763007,False
DEV_NORMAL_098,1255,1284,0.26652613,False
DEV_NORMAL_098,1256,1285,0.2574541,False
DEV_NORMAL_098,1257,1286,0.26366556,False
DEV_NORMAL_098,1258,1287,0.24995688,False
DEV_NORMAL_098,1259,1288,0.24677975,False
DEV_NORMAL_098,1260,1289,0.24812226,False
DEV_NORMAL_098,1261,1290,0.24140272,False
DEV_NORMAL_098,1262,1291,0.24723451,False
DEV_NORMAL_098,1263,1292,0.24898086,False
DEV_NORMAL_098,1264,1293,0.24551852,False
DEV_NORMAL_098,1265,1294,0.24541603,False
DEV_NORMAL_098,1266,1295,0.21721159,False
DEV_NORMAL_098,1267,1296,0.22324432,False
DEV_NORMAL_098,1268,1297,0.2184377,False
DEV_NORMAL_098,1269,1298,0.20430194,False
DEV_NORMAL_098,1270,1299,0.20712772,False
DEV_NORMAL_098,1271,1300,0.24085186,False
DEV_NORMAL_098,1272,1301,0.24225797,False
DEV_NORMAL_098,1273,1302,0.23588021,False
DEV_NORMAL_098,1274,1303,0.23029505,False
DEV_NORMAL_098,1275,1304,0.22773527,False
DEV_NORMAL_098,1276,1305,0.23017429,False
DEV_NORMAL_098,1277,1306,0.23445436,False
DEV_NORMAL_098,1278,1307,0.24176417,False
DEV_NORMAL_098,1279,1308,0.22895953,False
DEV_NORMAL_098,1280,1309,0.22236472,False
DEV_NORMAL_098,1281,1310,0.22964545,False
DEV_NORMAL_098,1282,1311,0.23146161,False
DEV_NORMAL_098,1283,1312,0.23750843,False
DEV_NORMAL_098,1284,1313,0.22713423,False
DEV_NORMAL_098,1285,1314,0.25359255,False
DEV_NORMAL_098,1286,1315,0.24591185,False
DEV_NORMAL_098,1287,1316,0.24485406,False
DEV_NORMAL_098,1288,1317,0.25850388,False
DEV_NORMAL_098,1289,1318,0.2718708,False
DEV_NORMAL_098,1290,1319,0.2782115,False
DEV_NORMAL_098,1291,1320,0.2722807,False
DEV_NORMAL_098,1292,1321,0.28188235,False
DEV_NORMAL_098,1293,1322,0.27403387,False
DEV_NORMAL_098,1294,1323,0.2839026,False
DEV_NORMAL_098,1295,1324,0.30020058,True
DEV_NORMAL_098,1296,1325,0.2888487,False
DEV_NORMAL_098,1297,1326,0.28997526,False
DEV_NORMAL_098,1298,1327,0.29721877,True
DEV_NORMAL_098,1299,1328,0.30914834,True
DEV_NORMAL_098,1300,1329,0.28036106,False
DEV_NORMAL_098,1301,1330,0.2440679,False
DEV_NORMAL_098,1302,1331,0.24470809,False
DEV_NORMAL_098,1303,1332,0.24449556,False
DEV_NORMAL_098,1304,1333,0.25110295,False
DEV_NORMAL_098,1305,1334,0.25368243,False
DEV_NORMAL_098,1306,1335,0.24733505,False
DEV_NORMAL_098,1307,1336,0.25711048,False
DEV_NORMAL_098,1308,1337,0.24328277,False
DEV_NORMAL_098,1309,1338,0.23872185,False
DEV_NORMAL_098,1310,1339,0.2362821,False
DEV_NORMAL_098,1311,1340,0.24039975,False
DEV_NORMAL_098,1312,1341,0.2272466,False
DEV_NORMAL_098,1313,1342,0.2338318,False
DEV_NORMAL_098,1314,1343,0.23431663,False
DEV_NORMAL_098,1315,1344,0.23133294,False
DEV_NORMAL_098,1316,1345,0.19417125,False
DEV_NORMAL_098,1317,1346,0.20102075,False
DEV_NORMAL_098,1318,1347,0.20161133,False
DEV_NORMAL_098,1319,1348,0.21039419,False
DEV_NORMAL_098,1320,1349,0.20945235,False
DEV_NORMAL_098,1321,1350,0.21236989,False
DEV_NORMAL_098,1322,1351,0.21111894,False
DEV_NORMAL_098,1323,1352,0.20213357,False
DEV_NORMAL_098,1324,1353,0.19689967,False
DEV_NORMAL_098,1325,1354,0.18585593,False
DEV_NORMAL_098,1326,1355,0.19668259,False
DEV_NORMAL_098,1327,1356,0.2008632,False
DEV_NORMAL_098,1328,1357,0.20328096,False
DEV_NORMAL_098,1329,1358,0.20113783,False
DEV_NORMAL_098,1330,1359,0.19544551,False
DEV_NORMAL_098,1331,1360,0.21512803,False
DEV_NORMAL_098,1332,1361,0.20483819,False
DEV_NORMAL_098,1333,1362,0.20449431,False
DEV_NORMAL_098,1334,1363,0.18743502,False
DEV_NORMAL_098,1335,1364,0.1981561,False
DEV_NORMAL_098,1336,1365,0.21050271,False
DEV_NORMAL_098,1337,1366,0.21159814,False
DEV_NORMAL_098,1338,1367,0.20689839,False
DEV_NORMAL_098,1339,1368,0.20809777,False
DEV_NORMAL_098,1340,1369,0.17941163,False
DEV_NORMAL_098,1341,1370,0.17810039,False
DEV_NORMAL_098,1342,1371,0.18137552,False
DEV_NORMAL_098,1343,1372,0.17523566,False
DEV_NORMAL_098,1344,1373,0.17131183,False
DEV_NORMAL_098,1345,1374,0.16940522,False
DEV_NORMAL_098,1346,1375,0.1870223,False
DEV_NORMAL_098,1347,1376,0.1935514,False
DEV_NORMAL_098,1348,1377,0.18526307,False
DEV_NORMAL_098,1349,1378,0.17512362,False
DEV_NORMAL_098,1350,1379,0.16419688,False
DEV_NORMAL_098,1351,1380,0.18098558,False
DEV_NORMAL_098,1352,1381,0.18342055,False
DEV_NORMAL_098,1353,1382,0.17967421,False
DEV_NORMAL_098,1354,1383,0.16795996,False
DEV_NORMAL_098,1355,1384,0.16796516,False
DEV_NORMAL_098,1356,1385,0.16915806,False
DEV_NORMAL_098,1357,1386,0.1841658,False
DEV_NORMAL_098,1358,1387,0.18352547,False
DEV_NORMAL_098,1359,1388,0.15208991,False
DEV_NORMAL_098,1360,1389,0.14235455,False
DEV_NORMAL_098,1361,1390,0.18916707,False
DEV_NORMAL_098,1362,1391,0.1948637,False
DEV_NORMAL_098,1363,1392,0.19546868,False
DEV_NORMAL_098,1364,1393,0.19474515,False
DEV_NORMAL_098,1365,1394,0.20612592,False
DEV_NORMAL_098,1366,1395,0.2038681,False
DEV_NORMAL_098,1367,1396,0.20048983,False
DEV_NORMAL_098,1368,1397,0.19695155,False
DEV_NORMAL_098,1369,1398,0.20490284,False
DEV_NORMAL_098,1370,1399,0.20547484,False
DEV_NORMAL_098,1371,1400,0.21372604,False
DEV_NORMAL_098,1372,1401,0.20947704,False
DEV_NORMAL_098,1373,1402,0.21484707,False
DEV_NORMAL_098,1374,1403,0.21291688,False
DEV_NORMAL_098,1375,1404,0.22372484,False
DEV_NORMAL_098,1376,1405,0.21845882,False
DEV_NORMAL_098,1377,1406,0.21191448,False
DEV_NORMAL_098,1378,1407,0.23498347,False
DEV_NORMAL_098,1379,1408,0.24335514,False
DEV_NORMAL_098,1380,1409,0.2527663,False
DEV_NORMAL_098,1381,1410,0.2524249,False
DEV_NORMAL_098,1382,1411,0.24274905,False
DEV_NORMAL_098,1383,1412,0.2391223,False
DEV_NORMAL_098,1384,1413,0.24100117,False
DEV_NORMAL_098,1385,1414,0.23930821,False
DEV_NORMAL_098,1386,1415,0.23277871,False
DEV_NORMAL_098,1387,1416,0.23339462,False
DEV_NORMAL_098,1388,1417,0.23919278,False
DEV_NORMAL_098,1389,1418,0.25585422,False
DEV_NORMAL_098,1390,1419,0.20256148,False
DEV_NORMAL_098,1391,1420,0.20552924,False
DEV_NORMAL_098,1392,1421,0.23243529,False
DEV_NORMAL_098,1393,1422,0.24242711,False
DEV_NORMAL_098,1394,1423,0.25654668,False
DEV_NORMAL_098,1395,1424,0.2536511,False
DEV_NORMAL_098,1396,1425,0.24647595,False
DEV_NORMAL_098,1397,1426,0.23545483,False
DEV_NORMAL_098,1398,1427,0.24775276,False
DEV_NORMAL_098,1399,1428,0.2441062,False
DEV_NORMAL_098,1400,1429,0.23264308,False
DEV_NORMAL_098,1401,1430,0.2500225,False
DEV_NORMAL_098,1402,1431,0.22435528,False
DEV_NORMAL_098,1403,1432,0.22269922,False
DEV_NORMAL_098,1404,1433,0.22087908,False
DEV_NORMAL_098,1405,1434,0.21766764,False
DEV_NORMAL_098,1406,1435,0.21190323,False
DEV_NORMAL_098,1407,1436,0.22456214,False
DEV_NORMAL_098,1408,1437,0.22585535,False
DEV_NORMAL_098,1409,1438,0.2327399,False
DEV_NORMAL_098,1410,1439,0.22761883,False
DEV_NORMAL_100,0,29,0.21770962,False
DEV_NORMAL_100,1,30,0.21951891,False
DEV_NORMAL_100,2,31,0.22005662,False
DEV_NORMAL_100,3,32,0.22358723,False
DEV_NORMAL_100,4,33,0.24769907,False
DEV_NORMAL_100,5,34,0.24458481,False
DEV_NORMAL_100,6,35,0.23623934,False
DEV_NORMAL_100,7,36,0.19486581,False
DEV_NORMAL_100,8,37,0.2003466,False
DEV_NORMAL_100,9,38,0.22650512,False
DEV_NORMAL_100,10,39,0.1775134,False
DEV_NORMAL_100,11,40,0.2005846,False
DEV_NORMAL_100,12,41,0.21274994,False
DEV_NORMAL_100,13,42,0.19983616,False
DEV_NORMAL_100,14,43,0.2005835,False
DEV_NORMAL_100,15,44,0.19048974,False
DEV_NORMAL_100,16,45,0.1899587,False
DEV_NORMAL_100,17,46,0.19001983,False
DEV_NORMAL_100,18,47,0.19166908,False
DEV_NORMAL_100,19,48,0.18216772,False
DEV_NORMAL_100,20,49,0.18649022,False
DEV_NORMAL_100,21,50,0.17511669,False
DEV_NORMAL_100,22,51,0.18807878,False
DEV_NORMAL_100,23,52,0.20540412,False
DEV_NORMAL_100,24,53,0.19913134,False
DEV_NORMAL_100,25,54,0.19933529,False
DEV_NORMAL_100,26,55,0.20082586,False
DEV_NORMAL_100,27,56,0.19710389,False
DEV_NORMAL_100,28,57,0.20022659,False
DEV_NORMAL_100,29,58,0.2045764,False
DEV_NORMAL_100,30,59,0.20085368,False
DEV_NORMAL_100,31,60,0.19669129,False
DEV_NORMAL_100,32,61,0.21117476,False
DEV_NORMAL_100,33,62,0.18935075,False
DEV_NORMAL_100,34,63,0.18779129,False
DEV_NORMAL_100,35,64,0.19192775,False
DEV_NORMAL_100,36,65,0.18606383,False
DEV_NORMAL_100,37,66,0.18934806,False
DEV_NORMAL_100,38,67,0.1828263,False
DEV_NORMAL_100,39,68,0.19769815,False
DEV_NORMAL_100,40,69,0.1900282,False
DEV_NORMAL_100,41,70,0.18135513,False
DEV_NORMAL_100,42,71,0.17224139,False
DEV_NORMAL_100,43,72,0.16778408,False
DEV_NORMAL_100,44,73,0.1754134,False
DEV_NORMAL_100,45,74,0.1767764,False
DEV_NORMAL_100,46,75,0.18244372,False
DEV_NORMAL_100,47,76,0.1890638,False
DEV_NORMAL_100,48,77,0.21247429,False
DEV_NORMAL_100,49,78,0.21560144,False
DEV_NORMAL_100,50,79,0.21193998,False
DEV_NORMAL_100,51,80,0.21511397,False
DEV_NORMAL_100,52,81,0.21725677,False
DEV_NORMAL_100,53,82,0.22359744,False
DEV_NORMAL_100,54,83,0.22116421,False
DEV_NORMAL_100,55,84,0.22062156,False
DEV_NORMAL_100,56,85,0.23266314,False
DEV_NORMAL_100,57,86,0.23913899,False
DEV_NORMAL_100,58,87,0.24330916,False
DEV_NORMAL_100,59,88,0.24051185,False
DEV_NORMAL_100,60,89,0.24921684,False
DEV_NORMAL_100,61,90,0.23889105,False
DEV_NORMAL_100,62,91,0.2422498,False
DEV_NORMAL_100,63,92,0.23997927,False
DEV_NORMAL_100,64,93,0.24536875,False
DEV_NORMAL_100,65,94,0.25124237,False
DEV_NORMAL_100,66,95,0.24261665,False
DEV_NORMAL_100,67,96,0.23837605,False
DEV_NORMAL_100,68,97,0.2447806,False
DEV_NORMAL_100,69,98,0.24225712,False
DEV_NORMAL_100,70,99,0.27689922,False
DEV_NORMAL_100,71,100,0.26954302,False
DEV_NORMAL_100,72,101,0.27989417,False
DEV_NORMAL_100,73,102,0.27719086,False
DEV_NORMAL_100,74,103,0.27614674,False
DEV_NORMAL_100,75,104,0.27735895,False
DEV_NORMAL_100,76,105,0.28630123,False
DEV_NORMAL_100,77,106,0.25660956,False
DEV_NORMAL_100,78,107,0.25729483,False
DEV_NORMAL_100,79,108,0.2551723,False
DEV_NORMAL_100,80,109,0.25456712,False
DEV_NORMAL_100,81,110,0.25174698,False
DEV_NORMAL_100,82,111,0.25555626,False
DEV_NORMAL_100,83,112,0.22485891,False
DEV_NORMAL_100,84,113,0.22113338,False
DEV_NORMAL_100,85,114,0.23264451,False
DEV_NORMAL_100,86,115,0.21288906,False
DEV_NORMAL_100,87,116,0.19942802,False
DEV_NORMAL_100,88,117,0.2132432,False
DEV_NORMAL_100,89,118,0.21591572,False
DEV_NORMAL_100,90,119,0.20403264,False
DEV_NORMAL_100,91,120,0.20141837,False
DEV_NORMAL_100,92,121,0.2069018,False
DEV_NORMAL_100,93,122,0.19759223,False
DEV_NORMAL_100,94,123,0.18657643,False
DEV_NORMAL_100,95,124,0.18317768,False
DEV_NORMAL_100,96,125,0.17384227,False
DEV_NORMAL_100,97,126,0.1841735,False
DEV_NORMAL_100,98,127,0.16953371,False
DEV_NORMAL_100,99,128,0.17758226,False
DEV_NORMAL_100,100,129,0.1594662,False
DEV_NORMAL_100,101,130,0.16730346,False
DEV_NORMAL_100,102,131,0.17902884,False
DEV_NORMAL_100,103,132,0.16583745,False
DEV_NORMAL_100,104,133,0.15597013,False
DEV_NORMAL_100,105,134,0.15732272,False
DEV_NORMAL_100,106,135,0.16485485,False
DEV_NORMAL_100,107,136,0.1687953,False
DEV_NORMAL_100,108,137,0.16833837,False
DEV_NORMAL_100,109,138,0.16919431,False
DEV_NORMAL_100,110,139,0.1747878,False
DEV_NORMAL_100,111,140,0.18371806,False
DEV_NORMAL_100,112,141,0.18956883,False
DEV_NORMAL_100,113,142,0.19879009,False
DEV_NORMAL_100,114,143,0.18716748,False
DEV_NORMAL_100,115,144,0.19755004,False
DEV_NORMAL_100,116,145,0.19259791,False
DEV_NORMAL_100,117,146,0.18723269,False
DEV_NORMAL_100,118,147,0.18779284,False
DEV_NORMAL_100,119,148,0.18656234,False
DEV_NORMAL_100,120,149,0.2184988,False
DEV_NORMAL_100,121,150,0.22941494,False
DEV_NORMAL_100,122,151,0.22935158,False
DEV_NORMAL_100,123,152,0.223836,False
DEV_NORMAL_100,124,153,0.22315021,False
DEV_NORMAL_100,125,154,0.22585864,False
DEV_NORMAL_100,126,155,0.22233765,False
DEV_NORMAL_100,127,156,0.22216326,False
DEV_NORMAL_100,128,157,0.21389194,False
DEV_NORMAL_100,129,158,0.20460168,False
DEV_NORMAL_100,130,159,0.2277896,False
DEV_NORMAL_100,131,160,0.20883435,False
DEV_NORMAL_100,132,161,0.21148139,False
DEV_NORMAL_100,133,162,0.2144137,False
DEV_NORMAL_100,134,163,0.21286525,False
DEV_NORMAL_100,135,164,0.21838917,False
DEV_NORMAL_100,136,165,0.22524112,False
DEV_NORMAL_100,137,166,0.22662863,False
DEV_NORMAL_100,138,167,0.2173318,False
DEV_NORMAL_100,139,168,0.19722809,False
DEV_NORMAL_100,140,169,0.19836636,False
DEV_NORMAL_100,141,170,0.20234203,False
DEV_NORMAL_100,142,171,0.21081646,False
DEV_NORMAL_100,143,172,0.19874677,False
DEV_NORMAL_100,144,173,0.20309065,False
DEV_NORMAL_100,145,174,0.22936991,False
DEV_NORMAL_100,146,175,0.21168488,False
DEV_NORMAL_100,147,176,0.22051893,False
DEV_NORMAL_100,148,177,0.2114193,False
DEV_NORMAL_100,149,178,0.21274298,False
DEV_NORMAL_100,150,179,0.21192983,False
DEV_NORMAL_100,151,180,0.2180316,False
DEV_NORMAL_100,152,181,0.20844395,False
DEV_NORMAL_100,153,182,0.2130056,False
DEV_NORMAL_100,154,183,0.23161198,False
DEV_NORMAL_100,155,184,0.24481916,False
DEV_NORMAL_100,156,185,0.24860436,False
DEV_NORMAL_100,157,186,0.2546516,False
DEV_NORMAL_100,158,187,0.24592409,False
DEV_NORMAL_100,159,188,0.24763775,False
DEV_NORMAL_100,160,189,0.2495688,False
DEV_NORMAL_100,161,190,0.25919408,False
DEV_NORMAL_100,162,191,0.27113163,False
DEV_NORMAL_100,163,192,0.2506162,False
DEV_NORMAL_100,164,193,0.23457599,False
DEV_NORMAL_100,165,194,0.23701932,False
DEV_NORMAL_100,166,195,0.25379932,False
DEV_NORMAL_100,167,196,0.2545332,False
DEV_NORMAL_100,168,197,0.26436684,False
DEV_NORMAL_100,169,198,0.27374306,False
DEV_NORMAL_100,170,199,0.26645628,False
DEV_NORMAL_100,171,200,0.2725681,False
DEV_NORMAL_100,172,201,0.26251298,False
DEV_NORMAL_100,173,202,0.24456668,False
DEV_NORMAL_100,174,203,0.26012355,False
DEV_NORMAL_100,175,204,0.26770696,False
DEV_NORMAL_100,176,205,0.27191907,False
DEV_NORMAL_100,177,206,0.26168358,False
DEV_NORMAL_100,178,207,0.24862342,False
DEV_NORMAL_100,179,208,0.25285375,False
DEV_NORMAL_100,180,209,0.22855924,False
DEV_NORMAL_100,181,210,0.22036956,False
DEV_NORMAL_100,182,211,0.21935101,False
DEV_NORMAL_100,183,212,0.20857157,False
DEV_NORMAL_100,184,213,0.2181136,False
DEV_NORMAL_100,185,214,0.19827992,False
DEV_NORMAL_100,186,215,0.20123406,False
DEV_NORMAL_100,187,216,0.20418756,False
DEV_NORMAL_100,188,217,0.20682469,False
DEV_NORMAL_100,189,218,0.21709262,False
DEV_NORMAL_100,190,219,0.24370463,False
DEV_NORMAL_100,191,220,0.24637169,False
DEV_NORMAL_100,192,221,0.24389915,False
DEV_NORMAL_100,193,222,0.2504182,False
DEV_NORMAL_100,194,223,0.24516585,False
DEV_NORMAL_100,195,224,0.2385176,False
DEV_NORMAL_100,196,225,0.23171139,False
DEV_NORMAL_100,197,226,0.22471085,False
DEV_NORMAL_100,198,227,0.23185842,False
DEV_NORMAL_100,199,228,0.24213313,False
DEV_NORMAL_100,200,229,0.24209362,False
DEV_NORMAL_100,201,230,0.23654598,False
DEV_NORMAL_100,202,231,0.23764758,False
DEV_NORMAL_100,203,232,0.23648304,False
DEV_NORMAL_100,204,233,0.22803685,False
DEV_NORMAL_100,205,234,0.23474893,False
DEV_NORMAL_100,206,235,0.23284568,False
DEV_NORMAL_100,207,236,0.22536062,False
DEV_NORMAL_100,208,237,0.23254815,False
DEV_NORMAL_100,209,238,0.2449672,False
DEV_NORMAL_100,210,239,0.2374243,False
DEV_NORMAL_100,211,240,0.25063804,False
DEV_NORMAL_100,212,241,0.25529304,False
DEV_NORMAL_100,213,242,0.28265032,False
DEV_NORMAL_100,214,243,0.26320282,False
DEV_NORMAL_100,215,244,0.27009746,False
DEV_NORMAL_100,216,245,0.2653451,False
DEV_NORMAL_100,217,246,0.26334706,False
DEV_NORMAL_100,218,247,0.25435022,False
DEV_NORMAL_100,219,248,0.24107964,False
DEV_NORMAL_100,220,249,0.2208369,False
DEV_NORMAL_100,221,250,0.22141995,False
DEV_NORMAL_100,222,251,0.24494746,False
DEV_NORMAL_100,223,252,0.22850133,False
DEV_NORMAL_100,224,253,0.22530751,False
DEV_NORMAL_100,225,254,0.21842118,False
DEV_NORMAL_100,226,255,0.23063327,False
DEV_NORMAL_100,227,256,0.19581877,False
DEV_NORMAL_100,228,257,0.19730614,False
DEV_NORMAL_100,229,258,0.20031713,False
DEV_NORMAL_100,230,259,0.18171464,False
DEV_NORMAL_100,231,260,0.18253908,False
DEV_NORMAL_100,232,261,0.21519378,False
DEV_NORMAL_100,233,262,0.20767197,False
DEV_NORMAL_100,234,263,0.19033457,False
DEV_NORMAL_100,235,264,0.19478342,False
DEV_NORMAL_100,236,265,0.22212528,False
DEV_NORMAL_100,237,266,0.21370354,False
DEV_NORMAL_100,238,267,0.20023209,False
DEV_NORMAL_100,239,268,0.199694,False
DEV_NORMAL_100,240,269,0.19168314,False
DEV_NORMAL_100,241,270,0.2096826,False
DEV_NORMAL_100,242,271,0.22005068,False
DEV_NORMAL_100,243,272,0.21344344,False
DEV_NORMAL_100,244,273,0.21499977,False
DEV_NORMAL_100,245,274,0.21881482,False
DEV_NORMAL_100,246,275,0.21920039,False
DEV_NORMAL_100,247,276,0.22732665,False
DEV_NORMAL_100,248,277,0.22923711,False
DEV_NORMAL_100,249,278,0.23163979,False
DEV_NORMAL_100,250,279,0.21567723,False
DEV_NORMAL_100,251,280,0.21504918,False
DEV_NORMAL_100,252,281,0.20583408,False
DEV_NORMAL_100,253,282,0.22438952,False
DEV_NORMAL_100,254,283,0.22187752,False
DEV_NORMAL_100,255,284,0.23054561,False
DEV_NORMAL_100,256,285,0.23346034,False
DEV_NORMAL_100,257,286,0.22780934,False
DEV_NORMAL_100,258,287,0.24022451,False
DEV_NORMAL_100,259,288,0.25172904,False
DEV_NORMAL_100,260,289,0.24272414,False
DEV_NORMAL_100,261,290,0.24326114,False
DEV_NORMAL_100,262,291,0.2522613,False
DEV_NORMAL_100,263,292,0.25948313,False
DEV_NORMAL_100,264,293,0.25195685,False
DEV_NORMAL_100,265,294,0.22570658,False
DEV_NORMAL_100,266,295,0.2193262,False
DEV_NORMAL_100,267,296,0.22498727,False
DEV_NORMAL_100,268,297,0.23053391,False
DEV_NORMAL_100,269,298,0.23365971,False
DEV_NORMAL_100,270,299,0.23254918,False
DEV_NORMAL_100,271,300,0.22932667,False
DEV_NORMAL_100,272,301,0.23448299,False
DEV_NORMAL_100,273,302,0.23904133,False
DEV_NORMAL_100,274,303,0.24213572,False
DEV_NORMAL_100,275,304,0.24666432,False
DEV_NORMAL_100,276,305,0.24526437,False
DEV_NORMAL_100,277,306,0.24365796,False
DEV_NORMAL_100,278,307,0.2458281,False
DEV_NORMAL_100,279,308,0.24907084,False
DEV_NORMAL_100,280,309,0.24913698,False
DEV_NORMAL_100,281,310,0.24890926,False
DEV_NORMAL_100,282,311,0.2341977,False
DEV_NORMAL_100,283,312,0.22991915,False
DEV_NORMAL_100,284,313,0.23969315,False
DEV_NORMAL_100,285,314,0.24906415,False
DEV_NORMAL_100,286,315,0.24140887,False
DEV_NORMAL_100,287,316,0.22991367,False
DEV_NORMAL_100,288,317,0.21085164,False
DEV_NORMAL_100,289,318,0.22468656,False
DEV_NORMAL_100,290,319,0.22653738,False
DEV_NORMAL_100,291,320,0.21824828,False
DEV_NORMAL_100,292,321,0.21339789,False
DEV_NORMAL_100,293,322,0.2184303,False
DEV_NORMAL_100,294,323,0.2173708,False
DEV_NORMAL_100,295,324,0.22379783,False
DEV_NORMAL_100,296,325,0.24004224,False
DEV_NORMAL_100,297,326,0.23477572,False
DEV_NORMAL_100,298,327,0.23237473,False
DEV_NORMAL_100,299,328,0.19461106,False
DEV_NORMAL_100,300,329,0.17357263,False
DEV_NORMAL_100,301,330,0.16332789,False
DEV_NORMAL_100,302,331,0.16694622,False
DEV_NORMAL_100,303,332,0.16661854,False
DEV_NORMAL_100,304,333,0.15567046,False
DEV_NORMAL_100,305,334,0.14604597,False
DEV_NORMAL_100,306,335,0.14199215,False
DEV_NORMAL_100,307,336,0.15417811,False
DEV_NORMAL_100,308,337,0.16990398,False
DEV_NORMAL_100,309,338,0.16172625,False
DEV_NORMAL_100,310,339,0.16600507,False
DEV_NORMAL_100,311,340,0.17384021,False
DEV_NORMAL_100,312,341,0.15657152,False
DEV_NORMAL_100,313,342,0.16270988,False
DEV_NORMAL_100,314,343,0.16578229,False
DEV_NORMAL_100,315,344,0.18279998,False
DEV_NORMAL_100,316,345,0.17145218,False
DEV_NORMAL_100,317,346,0.16600434,False
DEV_NORMAL_100,318,347,0.16531388,False
DEV_NORMAL_100,319,348,0.18422359,False
DEV_NORMAL_100,320,349,0.19081306,False
DEV_NORMAL_100,321,350,0.18932444,False
DEV_NORMAL_100,322,351,0.1829326,False
DEV_NORMAL_100,323,352,0.16073154,False
DEV_NORMAL_100,324,353,0.17046227,False
DEV_NORMAL_100,325,354,0.16533971,False
DEV_NORMAL_100,326,355,0.15957025,False
DEV_NORMAL_100,327,356,0.16338947,False
DEV_NORMAL_100,328,357,0.17567712,False
DEV_NORMAL_100,329,358,0.17678429,False
DEV_NORMAL_100,330,359,0.16383334,False
DEV_NORMAL_100,331,360,0.16737114,False
DEV_NORMAL_100,332,361,0.17140512,False
DEV_NORMAL_100,333,362,0.18545054,False
DEV_NORMAL_100,334,363,0.17014983,False
DEV_NORMAL_100,335,364,0.18733485,False
DEV_NORMAL_100,336,365,0.1841068,False
DEV_NORMAL_100,337,366,0.17989534,False
DEV_NORMAL_100,338,367,0.18987249,False
DEV_NORMAL_100,339,368,0.19663566,False
DEV_NORMAL_100,340,369,0.1989097,False
DEV_NORMAL_100,341,370,0.1898542,False
DEV_NORMAL_100,342,371,0.20576,False
DEV_NORMAL_100,343,372,0.20095348,False
DEV_NORMAL_100,344,373,0.19341701,False
DEV_NORMAL_100,345,374,0.1852787,False
DEV_NORMAL_100,346,375,0.1886441,False
DEV_NORMAL_100,347,376,0.18731028,False
DEV_NORMAL_100,348,377,0.1873102,False
DEV_NORMAL_100,349,378,0.1819077,False
DEV_NORMAL_100,350,379,0.17751834,False
DEV_NORMAL_100,351,380,0.18399006,False
DEV_NORMAL_100,352,381,0.20291564,False
DEV_NORMAL_100,353,382,0.23688479,False
DEV_NORMAL_100,354,383,0.2521407,False
DEV_NORMAL_100,355,384,0.23306943,False
DEV_NORMAL_100,356,385,0.2445178,False
DEV_NORMAL_100,357,386,0.23704611,False
DEV_NORMAL_100,358,387,0.23856291,False
DEV_NORMAL_100,359,388,0.23722608,False
DEV_NORMAL_100,360,389,0.2394843,False
DEV_NORMAL_100,361,390,0.24724561,False
DEV_NORMAL_100,362,391,0.24647585,False
DEV_NORMAL_100,363,392,0.25883892,False
DEV_NORMAL_100,364,393,0.25150397,False
DEV_NORMAL_100,365,394,0.2408445,False
DEV_NORMAL_100,366,395,0.239267,False
DEV_NORMAL_100,367,396,0.23394142,False
DEV_NORMAL_100,368,397,0.23582996,False
DEV_NORMAL_100,369,398,0.23001276,False
DEV_NORMAL_100,370,399,0.22363707,False
DEV_NORMAL_100,371,400,0.2147725,False
DEV_NORMAL_100,372,401,0.21340375,False
DEV_NORMAL_100,373,402,0.20674,False
DEV_NORMAL_100,374,403,0.19983749,False
DEV_NORMAL_100,375,404,0.20772599,False
DEV_NORMAL_100,376,405,0.20310025,False
DEV_NORMAL_100,377,406,0.20421854,False
DEV_NORMAL_100,378,407,0.21537012,False
DEV_NORMAL_100,379,408,0.21960947,False
DEV_NORMAL_100,380,409,0.21621466,False
DEV_NORMAL_100,381,410,0.21969327,False
DEV_NORMAL_100,382,411,0.18952246,False
DEV_NORMAL_100,383,412,0.1678756,False
DEV_NORMAL_100,384,413,0.16732298,False
DEV_NORMAL_100,385,414,0.1699366,False
DEV_NORMAL_100,386,415,0.17120971,False
DEV_NORMAL_100,387,416,0.16824327,False
DEV_NORMAL_100,388,417,0.17641948,False
DEV_NORMAL_100,389,418,0.17562109,False
DEV_NORMAL_100,390,419,0.1616377,False
DEV_NORMAL_100,391,420,0.1565526,False
DEV_NORMAL_100,392,421,0.16711766,False
DEV_NORMAL_100,393,422,0.17592424,False
DEV_NORMAL_100,394,423,0.1754167,False
DEV_NORMAL_100,395,424,0.1761701,False
DEV_NORMAL_100,396,425,0.17876856,False
DEV_NORMAL_100,397,426,0.1879968,False
DEV_NORMAL_100,398,427,0.1793078,False
DEV_NORMAL_100,399,428,0.18507233,False
DEV_NORMAL_100,400,429,0.1923694,False
DEV_NORMAL_100,401,430,0.1896375,False
DEV_NORMAL_100,402,431,0.20803379,False
DEV_NORMAL_100,403,432,0.21019001,False
DEV_NORMAL_100,404,433,0.2137861,False
DEV_NORMAL_100,405,434,0.22227642,False
DEV_NORMAL_100,406,435,0.23100552,False
DEV_NORMAL_100,407,436,0.21671191,False
DEV_NORMAL_100,408,437,0.21950431,False
DEV_NORMAL_100,409,438,0.22550479,False
DEV_NORMAL_100,410,439,0.23001106,False
DEV_NORMAL_100,411,440,0.22417924,False
DEV_NORMAL_100,412,441,0.23713367,False
DEV_NORMAL_100,413,442,0.2394006,False
DEV_NORMAL_100,414,443,0.23795055,False
DEV_NORMAL_100,415,444,0.24141067,False
DEV_NORMAL_100,416,445,0.24042323,False
DEV_NORMAL_100,417,446,0.24189068,False
DEV_NORMAL_100,418,447,0.23383544,False
DEV_NORMAL_100,419,448,0.22648588,False
DEV_NORMAL_100,420,449,0.21470779,False
DEV_NORMAL_100,421,450,0.21163517,False
DEV_NORMAL_100,422,451,0.20469525,False
DEV_NORMAL_100,423,452,0.21368562,False
DEV_NORMAL_100,424,453,0.2077157,False
DEV_NORMAL_100,425,454,0.21044388,False
DEV_NORMAL_100,426,455,0.21893008,False
DEV_NORMAL_100,427,456,0.21388419,False
DEV_NORMAL_100,428,457,0.21545973,False
DEV_NORMAL_100,429,458,0.23130627,False
DEV_NORMAL_100,430,459,0.20173311,False
DEV_NORMAL_100,431,460,0.19581558,False
DEV_NORMAL_100,432,461,0.20868565,False
DEV_NORMAL_100,433,462,0.23423953,False
DEV_NORMAL_100,434,463,0.22580713,False
DEV_NORMAL_100,435,464,0.23094381,False
DEV_NORMAL_100,436,465,0.2463945,False
DEV_NORMAL_100,437,466,0.23478031,False
DEV_NORMAL_100,438,467,0.23556264,False
DEV_NORMAL_100,439,468,0.2500352,False
DEV_NORMAL_100,440,469,0.23804228,False
DEV_NORMAL_100,441,470,0.24694291,False
DEV_NORMAL_100,442,471,0.24377032,False
DEV_NORMAL_100,443,472,0.2425278,False
DEV_NORMAL_100,444,473,0.2443984,False
DEV_NORMAL_100,445,474,0.2492199,False
DEV_NORMAL_100,446,475,0.25482208,False
DEV_NORMAL_100,447,476,0.2537622,False
DEV_NORMAL_100,448,477,0.2664239,False
DEV_NORMAL_100,449,478,0.26300007,False
DEV_NORMAL_100,450,479,0.2609325,False
DEV_NORMAL_100,451,480,0.260809,False
DEV_NORMAL_100,452,481,0.2606312,False
DEV_NORMAL_100,453,482,0.25269163,False
DEV_NORMAL_100,454,483,0.28209817,False
DEV_NORMAL_100,455,484,0.29076928,False
DEV_NORMAL_100,456,485,0.28508624,False
DEV_NORMAL_100,457,486,0.28027073,False
DEV_NORMAL_100,458,487,0.28567544,False
DEV_NORMAL_100,459,488,0.2629894,False
DEV_NORMAL_100,460,489,0.25583932,False
DEV_NORMAL_100,461,490,0.2699967,False
DEV_NORMAL_100,462,491,0.27917263,False
DEV_NORMAL_100,463,492,0.26797992,False
DEV_NORMAL_100,464,493,0.27169418,False
DEV_NORMAL_100,465,494,0.24643031,False
DEV_NORMAL_100,466,495,0.22424214,False
DEV_NORMAL_100,467,496,0.21186158,False
DEV_NORMAL_100,468,497,0.20569487,False
DEV_NORMAL_100,469,498,0.21740532,False
DEV_NORMAL_100,470,499,0.23257783,False
DEV_NORMAL_100,471,500,0.222882,False
DEV_NORMAL_100,472,501,0.22083686,False
DEV_NORMAL_100,473,502,0.21549912,False
DEV_NORMAL_100,474,503,0.20498902,False
DEV_NORMAL_100,475,504,0.20461668,False
DEV_NORMAL_100,476,505,0.20940772,False
DEV_NORMAL_100,477,506,0.19746113,False
DEV_NORMAL_100,478,507,0.20499364,False
DEV_NORMAL_100,479,508,0.21991934,False
DEV_NORMAL_100,480,509,0.2127504,False
DEV_NORMAL_100,481,510,0.24342217,False
DEV_NORMAL_100,482,511,0.26887253,False
DEV_NORMAL_100,483,512,0.22190529,False
DEV_NORMAL_100,484,513,0.22871298,False
DEV_NORMAL_100,485,514,0.26147392,False
DEV_NORMAL_100,486,515,0.2536291,False
DEV_NORMAL_100,487,516,0.2443463,False
DEV_NORMAL_100,488,517,0.25153625,False
DEV_NORMAL_100,489,518,0.233572,False
DEV_NORMAL_100,490,519,0.24677476,False
DEV_NORMAL_100,491,520,0.24759547,False
DEV_NORMAL_100,492,521,0.25243342,False
DEV_NORMAL_100,493,522,0.2480459,False
DEV_NORMAL_100,494,523,0.2573452,False
DEV_NORMAL_100,495,524,0.25508136,False
DEV_NORMAL_100,496,525,0.2492404,False
DEV_NORMAL_100,497,526,0.25167736,False
DEV_NORMAL_100,498,527,0.26954323,False
DEV_NORMAL_100,499,528,0.2557313,False
DEV_NORMAL_100,500,529,0.25393063,False
DEV_NORMAL_100,501,530,0.24759641,False
DEV_NORMAL_100,502,531,0.24133746,False
DEV_NORMAL_100,503,532,0.26370254,False
DEV_NORMAL_100,504,533,0.25924864,False
DEV_NORMAL_100,505,534,0.2721494,False
DEV_NORMAL_100,506,535,0.28786194,False
DEV_NORMAL_100,507,536,0.31475684,True
DEV_NORMAL_100,508,537,0.2925832,True
DEV_NORMAL_100,509,538,0.30554312,True
DEV_NORMAL_100,510,539,0.29665747,True
DEV_NORMAL_100,511,540,0.28673315,False
DEV_NORMAL_100,512,541,0.28204438,False
DEV_NORMAL_100,513,542,0.27590874,False
DEV_NORMAL_100,514,543,0.25558254,False
DEV_NORMAL_100,515,544,0.25227574,False
DEV_NORMAL_100,516,545,0.25285652,False
DEV_NORMAL_100,517,546,0.26351056,False
DEV_NORMAL_100,518,547,0.2598993,False
DEV_NORMAL_100,519,548,0.24544932,False
DEV_NORMAL_100,520,549,0.2503954,False
DEV_NORMAL_100,521,550,0.24364898,False
DEV_NORMAL_100,522,551,0.2468821,False
DEV_NORMAL_100,523,552,0.2479984,False
DEV_NORMAL_100,524,553,0.258367,False
DEV_NORMAL_100,525,554,0.25481093,False
DEV_NORMAL_100,526,555,0.26992163,False
DEV_NORMAL_100,527,556,0.25019902,False
DEV_NORMAL_100,528,557,0.2499142,False
DEV_NORMAL_100,529,558,0.25903156,False
DEV_NORMAL_100,530,559,0.25899646,False
DEV_NORMAL_100,531,560,0.25417906,False
DEV_NORMAL_100,532,561,0.24728556,False
DEV_NORMAL_100,533,562,0.22658679,False
DEV_NORMAL_100,534,563,0.2235872,False
DEV_NORMAL_100,535,564,0.22799107,False
DEV_NORMAL_100,536,565,0.22905146,False
DEV_NORMAL_100,537,566,0.21914211,False
DEV_NORMAL_100,538,567,0.21965465,False
DEV_NORMAL_100,539,568,0.23482674,False
DEV_NORMAL_100,540,569,0.23105086,False
DEV_NORMAL_100,541,570,0.2289493,False
DEV_NORMAL_100,542,571,0.2362711,False
DEV_NORMAL_100,543,572,0.24798724,False
DEV_NORMAL_100,544,573,0.24413042,False
DEV_NORMAL_100,545,574,0.22281946,False
DEV_NORMAL_100,546,575,0.24303108,False
DEV_NORMAL_100,547,576,0.24483436,False
DEV_NORMAL_100,548,577,0.22967806,False
DEV_NORMAL_100,549,578,0.23613675,False
DEV_NORMAL_100,550,579,0.22073449,False
DEV_NORMAL_100,551,580,0.21444058,False
DEV_NORMAL_100,552,581,0.22096291,False
DEV_NORMAL_100,553,582,0.21013616,False
DEV_NORMAL_100,554,583,0.22714554,False
DEV_NORMAL_100,555,584,0.22353359,False
DEV_NORMAL_100,556,585,0.22785906,False
DEV_NORMAL_100,557,586,0.221796,False
DEV_NORMAL_100,558,587,0.21181382,False
DEV_NORMAL_100,559,588,0.22245143,False
DEV_NORMAL_100,560,589,0.2226996,False
DEV_NORMAL_100,561,590,0.22453067,False
DEV_NORMAL_100,562,591,0.21548004,False
DEV_NORMAL_100,563,592,0.2122524,False
DEV_NORMAL_100,564,593,0.21114439,False
DEV_NORMAL_100,565,594,0.20013969,False
DEV_NORMAL_100,566,595,0.19659166,False
DEV_NORMAL_100,567,596,0.2044892,False
DEV_NORMAL_100,568,597,0.20187981,False
DEV_NORMAL_100,569,598,0.19899485,False
DEV_NORMAL_100,570,599,0.20705245,False
DEV_NORMAL_100,571,600,0.20559159,False
DEV_NORMAL_100,572,601,0.20233822,False
DEV_NORMAL_100,573,602,0.18877968,False
DEV_NORMAL_100,574,603,0.19416074,False
DEV_NORMAL_100,575,604,0.19223188,False
DEV_NORMAL_100,576,605,0.18984741,False
DEV_NORMAL_100,577,606,0.20070286,False
DEV_NORMAL_100,578,607,0.1930043,False
DEV_NORMAL_100,579,608,0.19231494,False
DEV_NORMAL_100,580,609,0.19470142,False
DEV_NORMAL_100,581,610,0.20632811,False
DEV_NORMAL_100,582,611,0.21210496,False
DEV_NORMAL_100,583,612,0.18341511,False
DEV_NORMAL_100,584,613,0.18879363,False
DEV_NORMAL_100,585,614,0.1950138,False
DEV_NORMAL_100,586,615,0.20512547,False
DEV_NORMAL_100,587,616,0.19886653,False
DEV_NORMAL_100,588,617,0.2047212,False
DEV_NORMAL_100,589,618,0.20354675,False
DEV_NORMAL_100,590,619,0.19599643,False
DEV_NORMAL_100,591,620,0.20379442,False
DEV_NORMAL_100,592,621,0.19941148,False
DEV_NORMAL_100,593,622,0.19646569,False
DEV_NORMAL_100,594,623,0.2020718,False
DEV_NORMAL_100,595,624,0.19636972,False
DEV_NORMAL_100,596,625,0.19109851,False
DEV_NORMAL_100,597,626,0.18691508,False
DEV_NORMAL_100,598,627,0.19628955,False
DEV_NORMAL_100,599,628,0.19652131,False
DEV_NORMAL_100,600,629,0.18968588,False
DEV_NORMAL_100,601,630,0.1981886,False
DEV_NORMAL_100,602,631,0.20008977,False
DEV_NORMAL_100,603,632,0.23658106,False
DEV_NORMAL_100,604,633,0.25401,False
DEV_NORMAL_100,605,634,0.23068886,False
DEV_NORMAL_100,606,635,0.24384594,False
DEV_NORMAL_100,607,636,0.24041481,False
DEV_NORMAL_100,608,637,0.23632333,False
DEV_NORMAL_100,609,638,0.23379216,False
DEV_NORMAL_100,610,639,0.23023771,False
DEV_NORMAL_100,611,640,0.23073003,False
DEV_NORMAL_100,612,641,0.25022405,False
DEV_NORMAL_100,613,642,0.2504402,False
DEV_NORMAL_100,614,643,0.253477,False
DEV_NORMAL_100,615,644,0.23373486,False
DEV_NORMAL_100,616,645,0.2462377,False
DEV_NORMAL_100,617,646,0.23843217,False
DEV_NORMAL_100,618,647,0.2528532,False
DEV_NORMAL_100,619,648,0.24852113,False
DEV_NORMAL_100,620,649,0.25015786,False
DEV_NORMAL_100,621,650,0.24277726,False
DEV_NORMAL_100,622,651,0.24826182,False
DEV_NORMAL_100,623,652,0.2486783,False
DEV_NORMAL_100,624,653,0.255295,False
DEV_NORMAL_100,625,654,0.2562166,False
DEV_NORMAL_100,626,655,0.2561742,False
DEV_NORMAL_100,627,656,0.27233997,False
DEV_NORMAL_100,628,657,0.27168316,False
DEV_NORMAL_100,629,658,0.28110397,False
DEV_NORMAL_100,630,659,0.2926564,True
DEV_NORMAL_100,631,660,0.29772204,True
DEV_NORMAL_100,632,661,0.26865378,False
DEV_NORMAL_100,633,662,0.25695643,False
DEV_NORMAL_100,634,663,0.25377887,False
DEV_NORMAL_100,635,664,0.25341403,False
DEV_NORMAL_100,636,665,0.25312403,False
DEV_NORMAL_100,637,666,0.2554978,False
DEV_NORMAL_100,638,667,0.280177,False
DEV_NORMAL_100,639,668,0.26656482,False
DEV_NORMAL_100,640,669,0.26373875,False
DEV_NORMAL_100,641,670,0.26836973,False
DEV_NORMAL_100,642,671,0.24891755,False
DEV_NORMAL_100,643,672,0.24542697,False
DEV_NORMAL_100,644,673,0.22460037,False
DEV_NORMAL_100,645,674,0.24298851,False
DEV_NORMAL_100,646,675,0.24152127,False
DEV_NORMAL_100,647,676,0.23218076,False
DEV_NORMAL_100,648,677,0.23732774,False
DEV_NORMAL_100,649,678,0.25038,False
DEV_NORMAL_100,650,679,0.24545431,False
DEV_NORMAL_100,651,680,0.23907956,False
DEV_NORMAL_100,652,681,0.23358168,False
DEV_NORMAL_100,653,682,0.23897976,False
DEV_NORMAL_100,654,683,0.24469973,False
DEV_NORMAL_100,655,684,0.23072335,False
DEV_NORMAL_100,656,685,0.22367682,False
DEV_NORMAL_100,657,686,0.22028957,False
DEV_NORMAL_100,658,687,0.22753432,False
DEV_NORMAL_100,659,688,0.21051812,False
DEV_NORMAL_100,660,689,0.19512434,False
DEV_NORMAL_100,661,690,0.20654808,False
DEV_NORMAL_100,662,691,0.21773253,False
DEV_NORMAL_100,663,692,0.21382117,False
DEV_NORMAL_100,664,693,0.21234328,False
DEV_NORMAL_100,665,694,0.2079267,False
DEV_NORMAL_100,666,695,0.22409385,False
DEV_NORMAL_100,667,696,0.20844643,False
DEV_NORMAL_100,668,697,0.20701055,False
DEV_NORMAL_100,669,698,0.21060556,False
DEV_NORMAL_100,670,699,0.20782553,False
DEV_NORMAL_100,671,700,0.20907097,False
DEV_NORMAL_100,672,701,0.21779254,False
DEV_NORMAL_100,673,702,0.22944044,False
DEV_NORMAL_100,674,703,0.2258923,False
DEV_NORMAL_100,675,704,0.21820243,False
DEV_NORMAL_100,676,705,0.2215888,False
DEV_NORMAL_100,677,706,0.21913181,False
DEV_NORMAL_100,678,707,0.21431972,False
DEV_NORMAL_100,679,708,0.22243111,False
DEV_NORMAL_100,680,709,0.22475229,False
DEV_NORMAL_100,681,710,0.23449579,False
DEV_NORMAL_100,682,711,0.2267499,False
DEV_NORMAL_100,683,712,0.23935083,False
DEV_NORMAL_100,684,713,0.24415426,False
DEV_NORMAL_100,685,714,0.2681722,False
DEV_NORMAL_100,686,715,0.26204127,False
DEV_NORMAL_100,687,716,0.26771745,False
DEV_NORMAL_100,688,717,0.2604508,False
DEV_NORMAL_100,689,718,0.28710237,False
DEV_NORMAL_100,690,719,0.30076224,True
DEV_NORMAL_100,691,720,0.28327072,False
DEV_NORMAL_100,692,721,0.24439634,False
DEV_NORMAL_100,693,722,0.2464568,False
DEV_NORMAL_100,694,723,0.2383206,False
DEV_NORMAL_100,695,724,0.24254146,False
DEV_NORMAL_100,696,725,0.2492479,False
DEV_NORMAL_100,697,726,0.24433741,False
DEV_NORMAL_100,698,727,0.25494403,False
DEV_NORMAL_100,699,728,0.276317,False
DEV_NORMAL_100,700,729,0.27360943,False
DEV_NORMAL_100,701,730,0.26166388,False
DEV_NORMAL_100,702,731,0.24779004,False
DEV_NORMAL_100,703,732,0.2477106,False
DEV_NORMAL_100,704,733,0.2739898,False
DEV_NORMAL_100,705,734,0.27513447,False
DEV_NORMAL_100,706,735,0.26984924,False
DEV_NORMAL_100,707,736,0.26101625,False
DEV_NORMAL_100,708,737,0.25158012,False
DEV_NORMAL_100,709,738,0.25891262,False
DEV_NORMAL_100,710,739,0.27540943,False
DEV_NORMAL_100,711,740,0.25698707,False
DEV_NORMAL_100,712,741,0.2254701,False
DEV_NORMAL_100,713,742,0.23500042,False
DEV_NORMAL_100,714,743,0.22310057,False
DEV_NORMAL_100,715,744,0.21666144,False
DEV_NORMAL_100,716,745,0.20692864,False
DEV_NORMAL_100,717,746,0.22317441,False
DEV_NORMAL_100,718,747,0.22198573,False
DEV_NORMAL_100,719,748,0.23575671,False
DEV_NORMAL_100,720,749,0.2662145,False
DEV_NORMAL_100,721,750,0.26637432,False
DEV_NORMAL_100,722,751,0.25941235,False
DEV_NORMAL_100,723,752,0.26431504,False
DEV_NORMAL_100,724,753,0.2556365,False
DEV_NORMAL_100,725,754,0.24823,False
DEV_NORMAL_100,726,755,0.2608694,False
DEV_NORMAL_100,727,756,0.26631844,False
DEV_NORMAL_100,728,757,0.26814315,False
DEV_NORMAL_100,729,758,0.27779952,False
DEV_NORMAL_100,730,759,0.29242185,True
DEV_NORMAL_100,731,760,0.28244102,False
DEV_NORMAL_100,732,761,0.29057744,False
DEV_NORMAL_100,733,762,0.26986566,False
DEV_NORMAL_100,734,763,0.2646692,False
DEV_NORMAL_100,735,764,0.26060608,False
DEV_NORMAL_100,736,765,0.27343193,False
DEV_NORMAL_100,737,766,0.26626503,False
DEV_NORMAL_100,738,767,0.28878048,False
DEV_NORMAL_100,739,768,0.29780266,True
DEV_NORMAL_100,740,769,0.2889618,False
DEV_NORMAL_100,741,770,0.27005082,False
DEV_NORMAL_100,742,771,0.27775478,False
DEV_NORMAL_100,743,772,0.31836763,True
DEV_NORMAL_100,744,773,0.30449256,True
DEV_NORMAL_100,745,774,0.31881106,True
DEV_NORMAL_100,746,775,0.29938635,True
DEV_NORMAL_100,747,776,0.29131946,True
DEV_NORMAL_100,748,777,0.26821166,False
DEV_NORMAL_100,749,778,0.27448967,False
DEV_NORMAL_100,750,779,0.27592036,False
DEV_NORMAL_100,751,780,0.29272765,True
DEV_NORMAL_100,752,781,0.2731366,False
DEV_NORMAL_100,753,782,0.31548244,True
DEV_NORMAL_100,754,783,0.3233647,True
DEV_NORMAL_100,755,784,0.3065631,True
DEV_NORMAL_100,756,785,0.30251032,True
DEV_NORMAL_100,757,786,0.28337488,False
DEV_NORMAL_100,758,787,0.30918083,True
DEV_NORMAL_100,759,788,0.29862964,True
DEV_NORMAL_100,760,789,0.32464454,True
DEV_NORMAL_100,761,790,0.34315357,True
DEV_NORMAL_100,762,791,0.33059266,True
DEV_NORMAL_100,763,792,0.325193,True
DEV_NORMAL_100,764,793,0.3299657,True
DEV_NORMAL_100,765,794,0.3335394,True
DEV_NORMAL_100,766,795,0.34398943,True
DEV_NORMAL_100,767,796,0.34886518,True
DEV_NORMAL_100,768,797,0.34100655,True
DEV_NORMAL_100,769,798,0.3403672,True
DEV_NORMAL_100,770,799,0.3383273,True
DEV_NORMAL_100,771,800,0.32971382,True
DEV_NORMAL_100,772,801,0.33353418,True
DEV_NORMAL_100,773,802,0.32489097,True
DEV_NORMAL_100,774,803,0.3352133,True
DEV_NORMAL_100,775,804,0.3392776,True
DEV_NORMAL_100,776,805,0.34600762,True
DEV_NORMAL_100,777,806,0.35011616,True
DEV_NORMAL_100,778,807,0.3611286,True
DEV_NORMAL_100,779,808,0.33207843,True
DEV_NORMAL_100,780,809,0.28049037,False
DEV_NORMAL_100,781,810,0.2929359,True
DEV_NORMAL_100,782,811,0.28706428,False
DEV_NORMAL_100,783,812,0.29784155,True
DEV_NORMAL_100,784,813,0.2530127,False
DEV_NORMAL_100,785,814,0.23166011,False
DEV_NORMAL_100,786,815,0.25409743,False
DEV_NORMAL_100,787,816,0.25847864,False
DEV_NORMAL_100,788,817,0.25857174,False
DEV_NORMAL_100,789,818,0.2282307,False
DEV_NORMAL_100,790,819,0.23422045,False
DEV_NORMAL_100,791,820,0.23999739,False
DEV_NORMAL_100,792,821,0.2540365,False
DEV_NORMAL_100,793,822,0.22362202,False
DEV_NORMAL_100,794,823,0.22436918,False
DEV_NORMAL_100,795,824,0.23432368,False
DEV_NORMAL_100,796,825,0.26059976,False
DEV_NORMAL_100,797,826,0.2610777,False
DEV_NORMAL_100,798,827,0.2566631,False
DEV_NORMAL_100,799,828,0.28246593,False
DEV_NORMAL_100,800,829,0.28369477,False
DEV_NORMAL_100,801,830,0.28215697,False
DEV_NORMAL_100,802,831,0.26981455,False
DEV_NORMAL_100,803,832,0.26341492,False
DEV_NORMAL_100,804,833,0.24711023,False
DEV_NORMAL_100,805,834,0.2503372,False
DEV_NORMAL_100,806,835,0.25699106,False
DEV_NORMAL_100,807,836,0.26004174,False
DEV_NORMAL_100,808,837,0.2730566,False
DEV_NORMAL_100,809,838,0.2884113,False
DEV_NORMAL_100,810,839,0.27954045,False
DEV_NORMAL_100,811,840,0.27387652,False
DEV_NORMAL_100,812,841,0.27308494,False
DEV_NORMAL_100,813,842,0.27986908,False
DEV_NORMAL_100,814,843,0.27779612,False
DEV_NORMAL_100,815,844,0.2754259,False
DEV_NORMAL_100,816,845,0.2750657,False
DEV_NORMAL_100,817,846,0.23886085,False
DEV_NORMAL_100,818,847,0.24143273,False
DEV_NORMAL_100,819,848,0.2392147,False
DEV_NORMAL_100,820,849,0.22112471,False
DEV_NORMAL_100,821,850,0.22251406,False
DEV_NORMAL_100,822,851,0.23347725,False
DEV_NORMAL_100,823,852,0.24566177,False
DEV_NORMAL_100,824,853,0.23349048,False
DEV_NORMAL_100,825,854,0.20677508,False
DEV_NORMAL_100,826,855,0.21690658,False
DEV_NORMAL_100,827,856,0.2147116,False
DEV_NORMAL_100,828,857,0.2236798,False
DEV_NORMAL_100,829,858,0.22045305,False
DEV_NORMAL_100,830,859,0.22728477,False
DEV_NORMAL_100,831,860,0.24086924,False
DEV_NORMAL_100,832,861,0.25536028,False
DEV_NORMAL_100,833,862,0.2689403,False
DEV_NORMAL_100,834,863,0.25841922,False
DEV_NORMAL_100,835,864,0.250885,False
DEV_NORMAL_100,836,865,0.21995108,False
DEV_NORMAL_100,837,866,0.22110179,False
DEV_NORMAL_100,838,867,0.22166565,False
DEV_NORMAL_100,839,868,0.2030882,False
DEV_NORMAL_100,840,869,0.21565552,False
DEV_NORMAL_100,841,870,0.21903448,False
DEV_NORMAL_100,842,871,0.22839308,False
DEV_NORMAL_100,843,872,0.22963385,False
DEV_NORMAL_100,844,873,0.23589033,False
DEV_NORMAL_100,845,874,0.2508254,False
DEV_NORMAL_100,846,875,0.25685218,False
DEV_NORMAL_100,847,876,0.2528532,False
DEV_NORMAL_100,848,877,0.2527156,False
DEV_NORMAL_100,849,878,0.2682371,False
DEV_NORMAL_100,850,879,0.28162166,False
DEV_NORMAL_100,851,880,0.2546884,False
DEV_NORMAL_100,852,881,0.26122615,False
DEV_NORMAL_100,853,882,0.26562512,False
DEV_NORMAL_100,854,883,0.26863968,False
DEV_NORMAL_100,855,884,0.2686858,False
DEV_NORMAL_100,856,885,0.2615046,False
DEV_NORMAL_100,857,886,0.2515686,False
DEV_NORMAL_100,858,887,0.24877408,False
DEV_NORMAL_100,859,888,0.2529466,False
DEV_NORMAL_100,860,889,0.27076185,False
DEV_NORMAL_100,861,890,0.26620746,False
DEV_NORMAL_100,862,891,0.23790042,False
DEV_NORMAL_100,863,892,0.23295589,False
DEV_NORMAL_100,864,893,0.25187457,False
DEV_NORMAL_100,865,894,0.24231142,False
DEV_NORMAL_100,866,895,0.24375895,False
DEV_NORMAL_100,867,896,0.27944052,False
DEV_NORMAL_100,868,897,0.25151786,False
DEV_NORMAL_100,869,898,0.25491607,False
DEV_NORMAL_100,870,899,0.28316635,False
