unit_number,cycle,anomaly_score,trend_score,RUL_linear,rul_score,saude_anomalia,saude_trend,faixa_RUL,health_A_50_30_20,health_B_40_40_20,health_C_50_25_25,health_D_60_25_15,health_E_40_35_25
1,39,10.857178885462648,22.01927626158506,153.0,100.0,89.14282111453736,77.98072373841494,RUL > 125,92.33899108204419,91.25327319349793,91.78088621323808,93.98281383939658,90.6951683246918
1,40,0.0,15.3152996806735,152.0,100.0,100.0,84.6847003193265,RUL > 125,96.93694006386531,96.93694006386531,96.17117507983163,97.70270504789897,96.17117507983163
1,41,0.0,3.824603497527277,151.0,100.0,100.0,96.17539650247272,RUL > 125,99.23507930049455,99.23507930049455,99.04384912561818,99.42630947537091,99.04384912561818
1,42,0.0,0.0,150.0,100.0,100.0,100.0,RUL > 125,100.0,100.0,100.0,100.0,100.0
1,43,0.0,0.0,149.0,100.0,100.0,100.0,RUL > 125,100.0,100.0,100.0,100.0,100.0
1,44,0.0,0.0,148.0,100.0,100.0,100.0,RUL > 125,100.0,100.0,100.0,100.0,100.0
1,45,0.0,0.0,147.0,100.0,100.0,100.0,RUL > 125,100.0,100.0,100.0,100.0,100.0
1,46,0.0,0.0,146.0,100.0,100.0,100.0,RUL > 125,100.0,100.0,100.0,100.0,100.0
1,47,0.0,0.0,145.0,100.0,100.0,100.0,RUL > 125,100.0,100.0,100.0,100.0,100.0
1,48,0.0,0.0,144.0,100.0,100.0,100.0,RUL > 125,100.0,100.0,100.0,100.0,100.0
1,49,0.0,0.0,143.0,100.0,100.0,100.0,RUL > 125,100.0,100.0,100.0,100.0,100.0
1,50,0.0,0.0,142.0,100.0,100.0,100.0,RUL > 125,100.0,100.0,100.0,100.0,100.0
1,51,0.0,0.0,141.0,100.0,100.0,100.0,RUL > 125,100.0,100.0,100.0,100.0,100.0
1,52,0.0,0.0,140.0,100.0,100.0,100.0,RUL > 125,100.0,100.0,100.0,100.0,100.0
1,53,0.0,0.0,139.0,100.0,100.0,100.0,RUL > 125,100.0,100.0,100.0,100.0,100.0
1,54,0.0,5.221382622173075,138.0,100.0,100.0,94.77861737782692,RUL > 125,98.95572347556538,98.95572347556538,98.69465434445672,99.21679260667403,98.69465434445672
1,55,0.0,1.1977316007217218,137.0,100.0,100.0,98.80226839927828,RUL > 125,99.76045367985566,99.76045367985566,99.70056709981957,99.82034025989174,99.70056709981957
1,56,0.0,3.200736260647848,136.0,100.0,100.0,96.79926373935216,RUL > 125,99.35985274787043,99.35985274787043,99.19981593483804,99.51988956090283,99.19981593483804
1,57,0.0,0.0,135.0,100.0,100.0,100.0,RUL > 125,100.0,100.0,100.0,100.0,100.0
1,58,0.0,0.0,134.0,100.0,100.0,100.0,RUL > 125,100.0,100.0,100.0,100.0,100.0
1,59,0.0,0.0,133.0,100.0,100.0,100.0,RUL > 125,100.0,100.0,100.0,100.0,100.0
1,60,0.0,0.0,132.0,100.0,100.0,100.0,RUL > 125,100.0,100.0,100.0,100.0,100.0
1,61,0.0,0.0,131.0,100.0,100.0,100.0,RUL > 125,100.0,100.0,100.0,100.0,100.0
1,62,0.0,0.0,130.0,100.0,100.0,100.0,RUL > 125,100.0,100.0,100.0,100.0,100.0
1,63,0.0,0.0,129.0,100.0,100.0,100.0,RUL > 125,100.0,100.0,100.0,100.0,100.0
1,64,0.0,14.928536133447007,128.0,100.0,100.0,85.07146386655299,RUL > 125,97.0142927733106,97.0142927733106,96.26786596663825,97.76071957998295,96.26786596663825
1,65,0.0,18.956701558893148,127.0,100.0,100.0,81.04329844110686,RUL > 125,96.20865968822137,96.20865968822137,95.26082461027671,97.15649476616603,95.26082461027671
1,66,0.0,27.288198763828746,126.0,100.0,100.0,72.71180123617125,RUL > 125,94.54236024723426,94.54236024723426,93.17795030904281,95.90677018542569,93.17795030904281
1,67,0.0,33.34409842501773,125.0,100.0,100.0,66.65590157498227,76-125,93.33118031499646,93.33118031499646,91.66397539374557,94.99838523624734,91.66397539374557
1,68,0.0,22.05817941961754,124.0,99.2,100.0,77.94182058038245,76-125,95.18836411607649,95.2683641160765,94.08545514509561,96.21127308705736,94.16545514509562
1,69,0.0,20.679184967138944,123.0,98.4,100.0,79.32081503286105,76-125,95.06416300657222,95.22416300657223,94.03020375821526,95.93812225492916,94.19020375821528
1,70,0.0,5.454925044950953,122.0,97.6,100.0,94.54507495504905,76-125,97.70901499100981,97.9490149910098,97.43626873876227,97.74176124325736,97.67626873876225
1,71,0.0,0.0,121.0,96.8,100.0,100.0,76-125,98.4,98.72,98.4,98.08,98.72
1,72,0.0,0.0,120.0,96.0,100.0,100.0,76-125,98.0,98.4,98.0,97.6,98.4
1,73,0.0,0.0,119.0,95.19999999999999,100.0,100.0,76-125,97.6,98.08,97.6,97.11999999999999,98.08
1,74,0.0,0.0,118.0,94.39999999999999,100.0,100.0,76-125,97.19999999999999,97.75999999999999,97.19999999999999,96.63999999999999,97.75999999999999
1,75,0.0,0.0,117.0,93.60000000000001,100.0,100.0,76-125,96.80000000000001,97.44,96.80000000000001,96.16,97.44
1,76,0.0,0.0,116.0,92.80000000000001,100.0,100.0,76-125,96.4,97.12,96.4,95.68,97.12
1,77,0.0,18.14271595992557,115.0,92.0,100.0,81.85728404007443,76-125,92.37145680801488,93.1714568080149,91.46432101001861,92.47859260601115,92.26432101001862
1,78,0.0,51.20551329380151,114.0,91.2,100.0,48.79448670619849,76-125,85.3588973412397,86.2388973412397,82.79862167654962,87.03917300592977,83.67862167654962
1,79,3.2277797254079665,76.83025816415054,113.0,90.4,96.77222027459203,23.169741835849464,76-125,78.86561444954751,79.50283647700671,75.18549052761037,81.90851634402543,75.82271255506959
1,80,17.38667624185272,100.0,112.0,89.60000000000001,82.61332375814729,0.0,76-125,69.58399712744419,68.88532950325893,65.45333093953683,74.41333093953682,64.75466331535155
1,81,9.20183729099737,100.0,111.0,88.8,90.79816270900263,0.0,76-125,71.63944881270078,71.83926508360105,67.09954067725066,75.97954067725065,67.29935694815092
1,82,0.0,92.17100227347908,110.0,88.0,100.0,7.8289977265209245,76-125,75.56579954530419,76.76579954530419,70.95724943163023,78.97434965897814,72.15724943163023
1,83,0.0,64.40122664747355,109.0,87.2,100.0,35.59877335252645,76-125,80.71975467050528,81.99975467050528,77.4996933381316,82.65981600287896,78.77969333813161
1,84,0.0,34.23516032366602,108.0,86.4,100.0,65.76483967633398,76-125,86.3529679352668,87.7129679352668,84.6412099190835,86.7047259514501,86.0012099190835
1,85,0.0,14.264554821148662,107.0,85.6,100.0,85.73544517885134,76-125,89.94708903577026,91.38708903577027,89.23386129471282,89.22031677682769,90.67386129471285
1,86,0.0,0.0,106.0,84.8,100.0,100.0,76-125,92.4,93.92,92.4,90.88,93.92
1,87,6.9818667677844575,0.0,105.0,84.0,93.01813323221555,100.0,76-125,89.90543996966466,90.80725329288623,90.25453330805388,88.65453330805389,91.15634663127544
1,88,4.088294424451395,0.0,104.0,83.2,95.91170557554861,100.0,76-125,90.37351167266459,91.64468223021944,90.57792639388715,88.89792639388716,91.84909695144202
1,89,0.0,0.0,103.0,82.39999999999999,100.0,100.0,76-125,91.19999999999999,92.96000000000001,91.19999999999999,89.44,92.96000000000001
1,90,4.121563128259788,1.011505937279338,102.0,81.6,95.8784368717402,98.98849406272066,76-125,89.3612298740662,90.7890735612402,89.51673273361521,87.77788332734315,90.94457642078925
1,91,13.227752895808164,26.450324082685512,101.0,80.80000000000001,86.77224710419183,73.54967591731449,76-125,81.14160931472045,81.73883402513965,80.48048075537659,81.20551316364514,81.07770546579576
1,92,14.384444019145562,34.317329408275235,100.0,80.0,85.61555598085444,65.68267059172476,76-125,78.82120091260128,79.38275651068673,77.8245566431448,79.25628958397232,78.38611224123025
1,93,2.1281238597419665,28.93390697707504,99.0,79.2,97.87187614025804,71.06609302292496,76-125,83.17478144666241,85.04196906068822,81.83449229079575,82.64788298850326,83.70167990482156
1,94,9.020737492040572,21.85499658032648,98.0,78.4,90.97926250795943,78.14500341967351,76-125,82.12277943632255,83.38070568711848,81.48106648190824,81.50656613994089,82.73899273270418
1,95,26.36401685614329,36.61024372051143,97.0,77.60000000000001,73.6359831438567,63.38975627948857,76-125,73.56874619905473,73.17234451344041,73.05643485583632,74.47745922788746,72.660033170222
1,96,20.59610004936646,37.43372819736626,96.0,76.8,79.40389995063354,62.56627180263374,76-125,74.7344243457168,74.99481434078017,73.89254293831682,75.31591575805345,74.15293293338017
1,97,22.694845497277672,47.80331417311915,95.0,76.0,77.30515450272233,52.19668582688085,76-125,71.63088351619287,71.76139896646511,70.37546008240079,72.75579149971271,70.50597553267303
1,98,40.57775754627213,67.63797632770446,94.0,75.2,59.42224245372787,32.362023672295535,76-125,61.89907747057747,60.321301715950256,60.54606653150586,64.8298641642763,58.968290776878646
1,99,47.197514148142346,67.00383253969726,93.0,74.4,52.802485851857654,32.99616746030274,76-125,59.639979247617845,57.48022783280362,58.649663328040106,62.79004658200982,56.48991191322587
1,100,50.03917019718738,79.0501600067919,92.0,73.6,49.96082980281262,20.9498399932081,76-125,55.97821693948541,53.614299919766665,54.52766744900518,59.79268344968436,52.16375042928644
1,101,50.11948977669508,97.15853486952656,91.0,72.8,49.88051022330492,2.8414651304734377,76-125,51.93244609308616,49.64049711541666,49.58049383844459,56.57634732539724,47.28854486077508
1,102,50.177130949304384,100.0,90.0,72.0,49.822869050695616,0.0,76-125,50.946860715208686,48.72914762027825,48.4557172626739,55.6557172626739,46.23800416774347
1,103,50.21806054042817,100.0,89.0,71.2,49.78193945957183,0.0,76-125,50.53458183787155,48.39277578382874,48.045484864892956,55.16548486489296,45.90367881085014
1,104,49.93395446838044,79.42509165641725,88.0,70.39999999999999,50.06604553161956,20.57490834358275,76-125,54.33479532820242,52.301399881364375,52.860238468800574,57.8427476344423,50.82684302196253
1,105,36.665957172804085,51.54034603154432,87.0,69.6,63.334042827195915,48.45965396845568,76-125,63.49214364184991,62.865547924569505,62.74842419891289,64.86245880206734,62.12182848163249
1,106,24.82314822101867,5.185245728008592,86.0,68.8,75.17685177898133,94.8147542719914,76-125,75.91600638809268,76.55369156599082,76.89790151274318,74.29642608554404,77.53558669064131
1,107,44.03370066036586,0.0,85.0,68.0,55.96629933963414,100.0,76-125,70.78988980189024,69.58651973585366,72.99157483490853,69.79157483490853,71.78820476887195
1,108,50.10023915453485,0.0,84.0,67.2,49.89976084546515,100.0,76-125,68.56992825363955,66.83990433818607,71.07494021136628,67.79494021136628,69.34491629591281
1,109,50.17277024939061,0.0,83.0,66.4,49.82722975060939,100.0,76-125,68.14816892518282,66.49089190024375,70.65680743765235,67.29680743765235,68.99953041271328
1,110,50.096178605310776,0.0,82.0,65.60000000000001,49.903821394689224,100.0,76-125,67.77114641840677,66.20152855787569,70.27595534867231,66.83595534867231,68.70633748814123
1,111,50.23272322092906,12.195718713335149,81.0,64.8,49.76727677907094,87.80428128666485,76-125,64.89103929105426,63.387766968961344,66.79288951643395,64.49246138776745,65.28961719434103
1,112,50.17841989428744,33.52704443027928,80.0,64.0,49.82158010571256,66.47295556972071,76-125,60.24106514565791,58.82322315622917,61.07363391885832,60.82633836188624,59.655791929429576
1,113,50.22541582887194,61.94592809711448,79.0,63.2,49.77458417112806,38.05407190288552,76-125,54.143189631915526,52.80064804902833,53.55716401850339,56.071756828214845,52.2146224356162
1,114,50.25207708641162,72.60078368031778,78.0,62.4,49.74792291358838,27.399216319682225,76-125,51.60422013801296,50.3390124293718,50.48678480831765,53.98686317634943,49.221577099676495
1,115,50.130346823185306,56.07902686189732,77.0,61.6,49.869653176814694,43.92097313810268,76-125,54.54509058066495,53.37205589834642,54.24765657872935,56.01555926491908,53.07462189641081
1,116,50.20466977508398,27.674994804366023,76.0,60.8,49.79533022491602,72.32500519563398,76-125,59.8036001066016,58.70313312909321,60.9300838551375,59.7775833355741,59.82961687762911
1,117,50.33754233439215,21.26920500516224,75.0,60.0,49.66245766560785,78.73079499483777,31-75,60.644896298649904,59.61114206521069,62.098313165111406,60.22523366562763,61.06455893167219
1,118,50.17865192567167,11.90498806336972,74.0,59.199999999999996,49.82134807432833,88.09501193663029,31-75,62.16540680962456,61.2275416170574,64.07909000273965,61.189588809076625,63.14122481017249
1,119,50.24605810715549,12.697946157741614,73.0,58.4,49.75394189284451,87.30205384225839,31-75,61.58659333630503,60.72198752558948,63.46399893377573,60.57379354954988,62.59939312306017
1,120,50.05559732735438,0.0,72.0,57.599999999999994,49.94440267264562,100.0,31-75,63.783320801793685,63.01776106905825,66.2861006681614,62.0461006681614,65.52054093542597
1,121,50.0858473547096,0.0,71.0,56.8,49.9141526452904,100.0,31-75,63.37424579358712,62.68566105811616,65.8785381613226,61.5585381613226,65.18995342585164
1,122,50.286408684182845,0.0,70.0,56.00000000000001,49.713591315817155,100.0,31-75,62.91407739474515,62.28543652632687,65.42839782895429,61.02839782895429,64.799756960536
1,123,50.46919992202553,13.446399247282256,69.0,55.2,49.53080007797447,86.55360075271774,31-75,59.769960173935885,59.20304018173334,61.62110020767305,58.485740132401276,61.054180215470495
1,124,50.58828603861754,42.54705539724462,68.0,54.400000000000006,49.41171396138246,57.45294460275538,31-75,53.51410310896581,53.01527450510407,53.91616464103447,53.61087018075892,53.41733603717272
1,125,50.44106664886936,44.48620420258552,67.0,53.6,49.55893335113064,55.51379579741448,31-75,52.77043916482209,52.366332499935154,53.06818228713628,52.87680270739483,52.66407562224934
1,126,50.48674543282089,51.36868603626874,66.0,52.800000000000004,49.51325456717911,48.63131396373126,31-75,50.98023916289999,50.6515646196179,50.936142132727596,51.35301073635446,50.607467589445505
1,127,50.45931623654853,63.547508227934735,65.0,52.0,49.54068376345147,36.452491772065265,31-75,48.15270348344849,47.90677185979364,47.49829388387918,49.05304470667266,47.252362260224324
1,128,50.3032573025524,48.080867702403175,64.0,51.2,49.6967426974476,51.919132297596825,31-75,50.89284926875365,50.74252353849842,51.00396874876111,50.93205551900142,50.85364301850587
1,129,50.428892451746165,45.82669408164574,63.0,50.4,49.571107548253835,54.17330591835426,31-75,50.905993448147,50.82310420297239,51.13610336665202,50.75877277481659,51.0532141214774
1,130,50.49945766602083,28.71008222047769,62.0,49.6,49.50054233397917,71.28991777952231,31-75,53.908146256098206,53.89820048949613,54.99761502837537,52.828623250423135,54.987669261773284
1,131,50.50942543626552,7.805831252265068,61.0,48.8,49.49057456373448,92.19416874773493,31-75,57.68600611866733,57.75506357504078,59.82118582786735,55.48176895309386,59.890243284240796
1,132,50.72523591088512,13.777239640225556,60.0,48.0,49.27476408911488,86.22276035977444,31-75,56.02698129868935,56.15445770760084,57.87438111222233,54.052105076244885,58.00185752113382
1,133,50.59175134219193,19.192527178317,59.0,47.199999999999996,49.40824865780807,80.807472821683,31-75,54.58396916167902,54.804794027459835,56.15393036987277,52.79318308770446,56.37475523565357
1,134,50.53626603916411,29.21130453846692,58.0,46.400000000000006,49.46373396083589,70.78869546153308,31-75,52.19685928055739,52.50323267664098,53.26310735559225,50.82423780943894,53.56948075167583
1,135,50.48247786477005,22.95262062259971,57.0,45.6,49.51752213522995,77.04737937740029,31-75,53.06473251604905,53.45648472957204,54.44122537815756,51.296487440417536,54.83297759168055
1,136,50.48592853333741,20.36304238182708,56.0,44.800000000000004,49.51407146666259,79.63695761817291,31-75,53.18161296363336,53.65302011029962,54.68775727120888,51.204061509391586,55.15916441787513
1,137,50.39802269836586,8.889788607973388,55.0,44.0,49.60197730163414,91.11021139202661,31-75,55.10263546889557,55.66283319905898,57.178047173415194,52.46702603421253,57.738244903578604
1,138,50.2295359824883,0.0,54.0,43.2,49.7704640175117,100.0,31-75,56.53113920525351,57.188185607004684,59.042616004377926,53.36261600437793,59.69966240612909
1,139,50.21629848558139,0.0,53.0,42.4,49.78370151441861,100.0,31-75,56.135110454325584,56.87348060576745,58.64592537860465,52.885925378604654,59.384295530046515
1,140,50.286626878833154,0.0,52.0,41.6,49.713373121166846,100.0,31-75,55.714011936350055,56.52534924846674,58.22834328029171,52.388343280291714,59.039680592408395
1,141,50.42462541587741,0.0,51.0,40.8,49.57537458412259,100.0,31-75,55.272612375236776,56.15014983364904,57.793843646030645,51.87384364603064,58.67138110444291
1,142,50.49029668380022,0.0,50.0,40.0,49.50970331619978,100.0,31-75,54.85291099485993,55.80388132647991,57.37742582904995,51.37742582904995,58.328396160669925
1,143,50.46568166633479,0.0,49.0,39.2,49.53431833366521,100.0,31-75,54.46029550009956,55.49372733346609,56.9835795834163,50.9035795834163,58.01701141678282
1,144,50.45021858399472,5.394294693027903,48.0,38.4,49.54978141600528,94.6057053069721,31-75,52.986075486196,54.10105362779653,55.23887168074434,49.61830115004714,56.35384982234487
1,145,50.58391256633399,27.399507849654803,47.0,37.6,49.41608743366601,72.60049215034519,31-75,48.14492466016884,49.32653340353544,49.304144896002796,45.80409568096828,50.4857536393694
1,146,50.25716581140253,24.122072211732863,46.0,36.8,49.74283418859747,75.87792778826713,31-75,48.498435814232664,49.79271923309242,49.80519049421615,45.89739771538943,51.0994739130759
1,147,50.16122562366088,9.667990406754082,45.0,36.0,49.83877437633912,90.33200959324591,31-75,51.01803423155092,52.401911669184834,53.04269599239626,47.60949503307167,54.42657343003017
1,148,50.12990085460735,0.0,44.0,35.199999999999996,49.87009914539265,100.0,31-75,52.561029743617794,54.028039658157056,55.06752478634816,48.58752478634816,56.53453470088742
1,149,50.18915666762895,0.0,43.0,34.4,49.81084333237105,100.0,31-75,52.143252999711315,53.684337332948424,54.65271083309276,48.09271083309276,56.19379516632986
1,150,50.363597436549625,0.0,42.0,33.6,49.636402563450375,100.0,31-75,51.69092076903512,53.29456102538015,54.209100640862594,47.569100640862594,55.81274089720763
1,151,50.27361715585389,0.0,41.0,32.800000000000004,49.72638284414611,100.0,31-75,51.317914853243835,53.01055313765845,53.83159571103653,47.11159571103653,55.52423399545114
1,152,50.63128874501032,0.0,40.0,32.0,49.36871125498968,100.0,31-75,50.8106133764969,52.54748450199587,53.34217781374742,46.542177813747415,55.07904893924639
1,153,50.5111731221963,13.07887390632985,39.0,31.2,49.4888268778037,86.92112609367015,31-75,47.83087328207514,49.65975596985551,49.70248824286846,44.130375633501444,51.53137093064883
1,154,50.54184383948096,35.274924610326984,38.0,30.4,49.45815616051904,64.72507538967301,31-75,42.98246192609031,44.88827754214222,43.74580788754801,40.31330034858071,45.651623503599914
1,155,50.41510574293897,58.66557455987389,37.0,29.599999999999998,49.58489425706103,41.33442544012611,31-75,37.94235336514353,39.940842790849636,37.529829924296784,36.35638738028417,39.52831935000289
1,156,50.46220864612033,58.99570226619765,36.0,28.799999999999997,49.53779135387967,41.00429773380235,31-75,37.462196952924366,39.53597608831234,37.035522271920506,35.81509249854027,39.10930140730847
1,157,50.46201014220676,47.38138419861364,35.0,28.000000000000004,49.53798985779324,52.61861580138636,31-75,39.385120117615244,41.538919103394576,39.5391514147949,37.07728983465627,41.692950400574226
1,158,50.40744178889232,24.06650215142803,34.0,27.200000000000003,49.59255821110768,75.93349784857197,31-75,43.664467033046705,45.90372285415747,44.98151401491991,40.10816423006271,47.220769836030684
1,159,50.44529696417502,4.3126833543668965,33.0,26.400000000000002,49.55470303582498,95.6873166456331,31-75,47.20387423987411,49.51934454345661,49.510504920364525,42.58177325580121,51.82597522394702
1,160,50.75733447267413,18.87199149737156,32.0,25.6,49.24266552732587,81.12800850262843,31-75,43.798401358723446,46.16266791145604,45.39266850748858,39.83986765722573,47.75693506022117
1,161,50.65691277968792,11.605118128157404,31.0,24.8,49.34308722031208,88.3948818718426,31-75,44.88190254046215,47.33621126249335,46.83449227303867,40.47500408585441,49.28880099506988
1,162,50.72108382634432,34.82865064729326,30.0,24.0,49.27891617365568,65.17134935270674,0-30,39.81794472263805,42.34583634000362,40.61256638159061,36.495431446319934,43.14045799895617
1,163,51.01207938782236,67.15450835479186,29.0,23.200000000000003,48.98792061217764,32.84549164520814,0-30,32.865474512694924,35.444266573912685,32.05835306434645,31.093803899825634,34.63714512556421
1,164,51.041660728401695,96.23863840680768,28.0,22.400000000000002,48.958339271598305,3.761361593192319,0-30,26.639774100117958,29.29560802727779,24.37992521619766,26.243789056878427,27.035759143357485
1,165,50.93420944240095,97.96271182107569,27.0,21.6,49.06579055759905,2.037288178924314,0-30,25.927194803064577,28.673773858824486,23.57576968413084,25.53204086623841,26.322348739890746
1,166,50.92952943324282,95.11000708107213,26.0,20.8,49.07047056675718,4.889992918927874,0-30,26.099139753812725,28.92618681048845,23.890115871421266,25.481116579528475,26.71716292809698
1,167,50.73391846142126,70.29865643139296,25.0,20.0,49.26608153857874,29.701343568607044,0-30,30.72009317529503,33.646701329152904,29.741856276796444,28.77172191993574,32.66846443065432
1,168,50.50732810671216,19.571711119220808,24.0,19.2,49.49267189328784,80.42828888077919,0-30,40.53345934414219,43.56272653347098,42.08024019351676,35.95741130543884,45.10950738284554
1,169,50.46324480461827,0.0,23.0,18.4,49.53675519538173,100.0,0-30,44.061026558614515,47.17470207815269,46.58418879884543,38.424188798845435,49.69786431838361
1,170,50.28950864476348,0.0,22.0,17.599999999999998,49.71049135523652,100.0,0-30,43.713147406570954,46.924196542094606,46.227622838809125,37.98762283880913,49.43867197433278
1,171,50.29449625516034,0.0,21.0,16.8,49.70550374483966,100.0,0-30,43.311651123451895,46.602201497935866,45.826375936209914,37.50637593620991,49.11692631069388
1,172,50.41326971478392,0.0,20.0,16.0,49.58673028521608,100.0,0-30,42.87601908556482,46.234692114086435,45.39668257130402,36.99668257130402,48.75535559982563
1,173,50.479128310796746,0.0,19.0,15.2,49.520871689203254,100.0,0-30,42.456261506760974,45.8883486756813,44.98021792230081,36.50021792230081,48.412305091221135
1,174,50.60673333193717,0.0,18.0,14.399999999999999,49.39326666806283,100.0,0-30,42.017980000418845,45.517306667225135,44.548316667015705,35.98831666701571,48.04764333382199
1,175,50.64462735651127,0.0,17.0,13.600000000000001,49.35537264348873,100.0,0-30,41.60661179304662,45.18214905739549,44.138843160872185,35.498843160872184,47.71438042522105
1,176,50.520225539273824,3.424428877780931,16.0,12.8,49.479774460726176,96.57557112221907,0-30,40.55904656266167,44.22702400873429,42.91383639573631,34.5362792835144,46.58181384180893
1,177,50.79101308304064,46.46748600106312,15.0,12.0,49.20898691695936,53.53251399893688,0-30,31.469198874875186,35.190097566571126,31.68537522897406,27.53212382908037,35.406273920669996
1,178,50.915502178138205,77.41087463798539,14.0,11.200000000000001,49.084497821861795,22.589125362014613,0-30,24.84317441896146,28.631624201147645,23.5184057959691,22.379493259767642,27.306855578155282
1,179,51.074128092367935,100.0,13.0,10.4,48.925871907632065,0.0,0-30,19.877761572289618,23.730348763052827,17.431467976908017,18.471467976908016,21.284055167671223
1,180,51.29504804707933,100.0,12.0,9.6,48.70495195292067,0.0,0-30,19.4114855858762,23.32198078116827,16.976237988230167,17.936237988230168,20.886733183522235
1,181,51.83611064327576,100.0,11.0,8.799999999999999,48.16388935672424,0.0,0-30,18.84916680701727,22.7855557426897,16.44097233918106,17.32097233918106,20.37736127485348
1,182,52.384860609530094,100.0,10.0,8.0,47.615139390469906,0.0,0-30,18.28454181714097,22.246055756187964,15.903784847617477,16.703784847617477,19.865298786664464
1,183,52.62699068079792,100.0,9.0,7.199999999999999,47.37300931920208,0.0,0-30,17.811902795760624,21.829203727680834,15.44325232980052,16.16325232980052,19.460553261720726
1,184,53.45735383856693,100.0,8.0,6.4,46.54264616143307,0.0,0-30,17.16279384842992,21.17705846457323,14.835661540358267,15.475661540358267,18.849926156501574
1,185,53.74114844440263,100.0,7.0,5.6000000000000005,46.25885155559737,0.0,0-30,16.67765546667921,20.743540622238946,14.364712888899343,14.924712888899343,18.430598044459074
1,186,53.90909073801856,100.0,6.0,4.8,46.09090926198144,0.0,0-30,16.22727277859443,20.356363704792578,13.92272731549536,14.402727315495358,18.051818241693503
1,187,54.34279837316964,100.0,5.0,4.0,45.65720162683036,0.0,0-30,15.697160488049107,19.862880650732144,13.41430040670759,13.81430040670759,17.580020569390623
1,188,54.63667250748556,100.0,4.0,3.2,45.36332749251444,0.0,0-30,15.208998247754332,19.42533099700578,12.94083187312861,13.26083187312861,17.157164622380055
1,189,55.35520984260613,100.0,3.0,2.4,44.64479015739387,0.0,0-30,14.59343704721816,18.81791606295755,12.361197539348467,12.601197539348467,16.585676555087854
1,190,56.10352968312998,100.0,2.0,1.6,43.89647031687002,0.0,0-30,13.968941095061007,18.19858812674801,11.774117579217506,11.934117579217506,16.003764610904508
1,191,56.49803678671546,100.0,1.0,0.8,43.50196321328454,0.0,0-30,13.450588963985362,17.720785285313816,11.275490803321135,11.355490803321135,15.545687124649588
1,192,57.17582015079664,100.0,0.0,0.0,42.82417984920336,0.0,0-30,12.847253954761008,17.129671939681344,10.70604496230084,10.70604496230084,14.988462947221175
5,39,0.0,0.0,230.0,100.0,100.0,100.0,RUL > 125,100.0,100.0,100.0,100.0,100.0
5,40,0.0,0.0,229.0,100.0,100.0,100.0,RUL > 125,100.0,100.0,100.0,100.0,100.0
5,41,0.0,0.0,228.0,100.0,100.0,100.0,RUL > 125,100.0,100.0,100.0,100.0,100.0
5,42,0.0,0.0,227.0,100.0,100.0,100.0,RUL > 125,100.0,100.0,100.0,100.0,100.0
5,43,0.0,0.0,226.0,100.0,100.0,100.0,RUL > 125,100.0,100.0,100.0,100.0,100.0
5,44,0.0,0.6617002818732286,225.0,100.0,100.0,99.33829971812678,RUL > 125,99.86765994362536,99.86765994362536,99.8345749295317,99.90074495771901,99.8345749295317
5,45,0.0,13.803788841453144,224.0,100.0,100.0,86.19621115854686,RUL > 125,97.23924223170937,97.23924223170937,96.54905278963672,97.92943167378203,96.54905278963672
5,46,0.0,29.620167869548556,223.0,100.0,100.0,70.37983213045145,RUL > 125,94.07596642609029,94.07596642609029,92.59495803261287,95.55697481956771,92.59495803261287
5,47,0.0,30.94083899517855,222.0,100.0,100.0,69.05916100482145,RUL > 125,93.81183220096429,93.81183220096429,92.26479025120537,95.35887415072321,92.26479025120537
5,48,0.0,29.10417842486421,221.0,100.0,100.0,70.89582157513578,RUL > 125,94.17916431502715,94.17916431502715,92.72395539378394,95.63437323627036,92.72395539378394
5,49,0.0,16.56762870859401,220.0,100.0,100.0,83.43237129140599,RUL > 125,96.6864742582812,96.6864742582812,95.85809282285149,97.5148556937109,95.85809282285149
5,50,0.0,14.60378931940856,219.0,100.0,100.0,85.39621068059144,RUL > 125,97.0792421361183,97.0792421361183,96.34905267014786,97.80943160208872,96.34905267014786
5,51,0.0,23.354666857053903,218.0,100.0,100.0,76.6453331429461,RUL > 125,95.32906662858922,95.32906662858922,94.16133328573653,96.49679997144192,94.16133328573653
5,52,13.772214908672028,48.7950880057979,217.0,100.0,86.22778509132797,51.2049119942021,RUL > 125,86.1093179262388,84.73209643537162,84.35817427138252,89.23768307196231,82.98095278051532
5,53,16.21008649862986,67.86156496624291,216.0,100.0,83.78991350137014,32.13843503375709,RUL > 125,81.56466105716245,79.94365240729947,78.98208713378182,85.7682436304061,77.36107848391882
5,54,5.881763742121036,68.87724304464194,215.0,100.0,94.11823625787896,31.122756955358057,RUL > 125,84.46002226843531,83.8718458942232,81.31024830330925,88.19797260777345,80.72207192909714
5,55,8.438311595395273,69.60088207575667,214.0,100.0,91.56168840460472,30.399117924243328,RUL > 125,83.54833010623008,82.70449894669056,80.49020158221202,87.45028978978769,79.64637042267249
5,56,0.0,54.69817162581443,213.0,100.0,100.0,45.30182837418557,RUL > 125,89.06036567483712,89.06036567483712,86.32545709354639,91.79527425612784,86.32545709354639
5,57,0.0,36.59613945735931,212.0,100.0,100.0,63.40386054264069,RUL > 125,92.68077210852815,92.68077210852815,90.85096513566018,94.5105790813961,90.85096513566018
5,58,0.0,14.051851441762746,211.0,100.0,100.0,85.94814855823725,RUL > 125,97.18962971164746,97.18962971164746,96.4870371395593,97.89222228373559,96.4870371395593
5,59,0.0,0.0,210.0,100.0,100.0,100.0,RUL > 125,100.0,100.0,100.0,100.0,100.0
5,60,0.0,0.0,209.0,100.0,100.0,100.0,RUL > 125,100.0,100.0,100.0,100.0,100.0
5,61,0.0,0.0,208.0,100.0,100.0,100.0,RUL > 125,100.0,100.0,100.0,100.0,100.0
5,62,0.0,0.0,207.0,100.0,100.0,100.0,RUL > 125,100.0,100.0,100.0,100.0,100.0
5,63,0.0,0.0,206.0,100.0,100.0,100.0,RUL > 125,100.0,100.0,100.0,100.0,100.0
5,64,0.0,0.0,205.0,100.0,100.0,100.0,RUL > 125,100.0,100.0,100.0,100.0,100.0
5,65,0.0,0.0,204.0,100.0,100.0,100.0,RUL > 125,100.0,100.0,100.0,100.0,100.0
5,66,0.0,0.0,203.0,100.0,100.0,100.0,RUL > 125,100.0,100.0,100.0,100.0,100.0
5,67,0.0,0.0,202.0,100.0,100.0,100.0,RUL > 125,100.0,100.0,100.0,100.0,100.0
5,68,0.0,11.051111509717629,201.0,100.0,100.0,88.94888849028237,RUL > 125,97.78977769805647,97.78977769805647,97.23722212257059,98.34233327354235,97.23722212257059
5,69,1.8569660373038328,30.952471600481413,200.0,100.0,98.14303396269617,69.04752839951858,RUL > 125,93.25241586871257,93.06671926498218,91.79764059055368,94.89288775060183,91.61194398682329
5,70,0.0,45.21876156443268,199.0,100.0,100.0,54.78123843556732,RUL > 125,90.95624768711346,90.95624768711346,88.69530960889183,93.2171857653351,88.69530960889183
5,71,4.2093182777542815,58.71666270949479,198.0,100.0,95.79068172224572,41.28333729050521,RUL > 125,86.99387197477475,86.57294014699934,84.26850475318773,90.14017102413722,83.8475729254123
5,72,0.0,57.618401798327234,197.0,100.0,100.0,42.381598201672766,RUL > 125,88.47631964033455,88.47631964033455,85.5953995504182,91.35723973025091,85.5953995504182
5,73,2.174047191477478,57.72344184136994,196.0,100.0,97.82595280852252,42.27655815863006,RUL > 125,87.80309747428277,87.58569275513503,85.02562774178814,90.79797192592514,84.80822302264039
5,74,13.681262565195926,54.73594185040738,195.0,100.0,86.31873743480408,45.26405814959262,RUL > 125,84.94843286035974,83.58030660384016,82.89569889609918,88.36929308113992,81.52757263957959
5,75,24.138412116962773,66.69576779147573,194.0,100.0,75.86158788303723,33.30423220852427,RUL > 125,79.41932280661601,77.00548159491974,77.29145502289037,83.96103180203795,74.8776138111941
5,76,29.243950819554875,65.84093810070407,193.0,100.0,70.75604918044513,34.159061899295935,RUL > 125,78.05862713399273,75.13423205203723,76.22877776993526,82.81287158000568,73.30438268797977
5,77,45.052420566498064,77.80464807552283,192.0,100.0,54.947579433501936,22.195351924477166,RUL > 125,70.92334421494601,66.41810215829621,69.28573283949478,77.06619764704705,64.78049078284496
5,78,50.00981290526117,96.42107535019224,191.0,100.0,49.99018709473883,3.5789246498077603,RUL > 125,65.7128410583832,60.711859767857085,63.392277936136644,73.03438547115587,58.39129664561053
5,79,46.4877818002304,100.0,190.0,100.0,53.5122181997696,0.0,RUL > 125,66.05366545993088,61.40488727990784,63.3780545499424,73.3780545499424,58.72927636991936
5,80,36.213162959412216,97.45446011681894,189.0,100.0,63.786837040587784,2.545539883181064,RUL > 125,69.64515908881255,66.02384279287133,66.58309423094221,76.3285402426241,62.96177793500098
5,81,27.36874065435604,78.40350412786657,188.0,100.0,72.63125934564397,21.59649587213343,RUL > 125,76.10867697811987,73.37180291268427,73.55693880444434,81.397289217231,70.82006473900876
5,82,23.839306794685587,39.414429448689226,187.0,100.0,76.16069320531442,60.585570551310774,RUL > 125,84.96532207185648,82.58139139238791,84.1865659391563,88.12800888402522,81.80263525968773
5,83,14.780828998862408,0.0,186.0,100.0,85.2191710011376,100.0,RUL > 125,95.56575130034128,94.08766840045504,96.3047927502844,96.3047927502844,94.82670985039816
5,84,12.253614841419129,0.0,185.0,100.0,87.74638515858086,100.0,RUL > 125,96.32391554757426,95.09855406343235,96.93659628964522,96.93659628964522,95.7112348055033
5,85,26.96589421267647,0.0,184.0,100.0,73.03410578732353,100.0,RUL > 125,91.91023173619706,89.21364231492942,93.25852644683088,93.25852644683088,90.56193702556322
5,86,25.251840510549407,0.0,183.0,100.0,74.74815948945059,100.0,RUL > 125,92.42444784683518,89.89926379578023,93.68703987236265,93.68703987236265,91.16185582130771
5,87,22.200197108126883,0.0,182.0,100.0,77.79980289187311,100.0,RUL > 125,93.33994086756194,91.11992115674924,94.44995072296828,94.44995072296828,92.22993101215559
5,88,28.356025212669252,0.0,181.0,100.0,71.64397478733075,100.0,RUL > 125,91.49319243619922,88.6575899149323,92.91099369683269,92.91099369683269,90.07539117556576
5,89,35.75773050203546,3.765946572686708,180.0,100.0,64.24226949796454,96.2340534273133,RUL > 125,88.51949153485202,84.94371848464849,90.11908073131947,90.49567538858814,86.54330768111592
5,90,20.71178034070014,11.398404349081003,179.0,100.0,79.28821965929986,88.601595650919,RUL > 125,91.50678502797375,89.43560699390373,91.97245382755472,93.11229426246281,89.9012757934847
5,91,18.82018176159572,10.959101284346392,178.0,100.0,81.17981823840428,89.04089871565361,RUL > 125,92.16212521465201,90.28010703849245,92.55517923851447,93.65108936694911,90.6731610623549
5,92,14.360811613281712,4.526214230071101,177.0,100.0,85.63918838671829,95.4737857699289,RUL > 125,94.78651367000127,93.35043250867311,95.27824353916179,95.73086496216891,93.84216237783363
5,93,18.573818961014823,0.0,176.0,100.0,81.42618103898518,100.0,RUL > 125,94.42785431169555,92.57047241559408,95.3565452597463,95.3565452597463,93.49916336364481
5,94,23.43762296899926,0.0,175.0,100.0,76.56237703100074,100.0,RUL > 125,92.96871310930023,90.6249508124003,94.14059425775018,94.14059425775018,91.79683196085026
5,95,4.663789341136541,0.0,174.0,100.0,95.33621065886346,100.0,RUL > 125,98.60086319765904,98.13448426354539,98.83405266471587,98.83405266471587,98.3676737306022
5,96,5.04722903892794,0.0,173.0,100.0,94.95277096107206,100.0,RUL > 125,98.48583128832162,97.98110838442884,98.73819274026802,98.73819274026802,98.23346983637522
5,97,1.800176717630966,0.0,172.0,100.0,98.19982328236904,100.0,RUL > 125,99.45994698471071,99.27992931294762,99.54995582059226,99.54995582059226,99.36993814882916
5,98,0.0,0.0,171.0,100.0,100.0,100.0,RUL > 125,100.0,100.0,100.0,100.0,100.0
5,99,0.0,0.0,170.0,100.0,100.0,100.0,RUL > 125,100.0,100.0,100.0,100.0,100.0
5,100,0.0,0.0,169.0,100.0,100.0,100.0,RUL > 125,100.0,100.0,100.0,100.0,100.0
5,101,4.249137875524905,0.0,168.0,100.0,95.75086212447509,100.0,RUL > 125,98.72525863734253,98.30034484979004,98.93771553111877,98.93771553111877,98.51280174356629
5,102,10.010593220338944,0.0,167.0,100.0,89.98940677966105,100.0,RUL > 125,96.99682203389831,95.99576271186442,97.49735169491527,97.49735169491527,96.49629237288137
5,103,17.272493936510394,0.0,166.0,100.0,82.72750606348961,100.0,RUL > 125,94.81825181904688,93.09100242539586,95.6818765158724,95.6818765158724,93.95462712222137
5,104,6.585548862067189,14.513722194029416,165.0,100.0,93.41445113793282,85.48627780597059,RUL > 125,95.12159090257396,94.46303601636725,94.72518223597585,96.17655445537879,94.06662734976912
5,105,0.0,1.4071119975128767,164.0,100.0,100.0,98.59288800248713,RUL > 125,99.71857760049743,99.71857760049743,99.64822200062179,99.78893320037307,99.64822200062179
5,106,0.0,0.0,163.0,100.0,100.0,100.0,RUL > 125,100.0,100.0,100.0,100.0,100.0
5,107,0.0,0.0,162.0,100.0,100.0,100.0,RUL > 125,100.0,100.0,100.0,100.0,100.0
5,108,0.0,0.0,161.0,100.0,100.0,100.0,RUL > 125,100.0,100.0,100.0,100.0,100.0
5,109,0.0,0.0,160.0,100.0,100.0,100.0,RUL > 125,100.0,100.0,100.0,100.0,100.0
5,110,0.0,0.0,159.0,100.0,100.0,100.0,RUL > 125,100.0,100.0,100.0,100.0,100.0
5,111,0.0,0.0,158.0,100.0,100.0,100.0,RUL > 125,100.0,100.0,100.0,100.0,100.0
5,112,0.0,0.0,157.0,100.0,100.0,100.0,RUL > 125,100.0,100.0,100.0,100.0,100.0
5,113,0.0,0.0,156.0,100.0,100.0,100.0,RUL > 125,100.0,100.0,100.0,100.0,100.0
5,114,0.0,18.06230151410517,155.0,100.0,100.0,81.93769848589483,RUL > 125,96.38753969717897,96.38753969717897,95.4844246214737,97.29065477288422,95.4844246214737
5,115,0.0,21.742953145673248,154.0,100.0,100.0,78.25704685432675,RUL > 125,95.65140937086535,95.65140937086535,94.56426171358169,96.73855702814902,94.56426171358169
5,116,1.2136369490094352,24.8197187603464,153.0,100.0,98.78636305099056,75.1802812396536,RUL > 125,94.67196516322788,94.55060146832695,93.49166107266103,95.97363294869567,93.3702973777601
5,117,8.50596690300565,35.139576973095075,152.0,100.0,91.49403309699434,64.86042302690493,RUL > 125,90.42029453447928,89.56969784417873,89.08861403097482,92.60257172828433,88.23801734067425
5,118,3.4246195562741946,27.83394991507844,151.0,100.0,96.5753804437258,72.16605008492157,RUL > 125,93.40582415010206,93.06336219447464,92.18535763216184,94.96875262366969,91.84289567653441
5,119,0.1307048672471472,21.217783257549115,150.0,100.0,99.86929513275285,78.78221674245088,RUL > 125,95.71723188831604,95.70416140159132,94.66287796880094,96.78465629455586,94.64980748207621
5,120,3.710265362628854,21.537331141843406,149.0,100.0,96.28973463737114,78.46266885815659,RUL > 125,94.57945416284265,94.20842762657978,93.68810087388192,95.84183398806627,93.31707433761903
5,121,11.096722496082842,34.62723111167301,148.0,100.0,88.90327750391715,65.37276888832699,RUL > 125,89.74553702884054,88.63586477923226,88.56901159806102,92.03173470922833,87.45933934845274
5,122,15.18421203253891,41.09101713839623,147.0,100.0,84.81578796746109,58.90898286160377,RUL > 125,87.22653296255908,85.7081117593052,85.93119270726622,90.04029442110584,84.41277150401233
5,123,30.38224130899825,50.3114013563702,146.0,100.0,69.61775869100175,49.6885986436298,RUL > 125,80.82304733602649,77.78482320512667,79.82658933365789,84.85772946929491,76.78836520275806
5,124,34.8982442709861,62.165455071789886,145.0,100.0,65.1017557290139,37.834544928210114,RUL > 125,77.0974357043462,73.60761127724757,75.734075164306,81.950620671485,72.2442507372074
5,125,40.51023638666106,70.13502011769006,144.0,100.0,59.48976361333894,29.86497988230994,RUL > 125,73.81992506046367,69.76890142179757,72.33868587391223,79.35218788568122,68.2876622352461
5,126,44.63408003090768,81.46538997233921,143.0,100.0,55.36591996909232,18.53461002766079,RUL > 125,70.31669799625986,65.85328999316908,68.47513249918828,76.6216714964222,64.01172449609751
5,127,46.05117477874524,93.38954692293744,142.0,100.0,53.94882522125476,6.610453077062559,RUL > 125,67.50673818178893,62.90162070391442,65.13981957457933,74.47877426687307,60.534702096704805
5,128,50.12027155216168,100.0,141.0,100.0,49.87972844783832,0.0,RUL > 125,64.96391853435149,59.95189137913533,62.46993211195958,72.46993211195958,57.457904956743405
5,129,50.09984001797941,100.0,140.0,100.0,49.90015998202059,0.0,RUL > 125,64.97004799460618,59.96006399280824,62.47503999550515,72.47503999550514,57.46505599370721
5,130,50.14163387279126,91.46177077644444,139.0,100.0,49.85836612720874,8.538229223555561,RUL > 125,66.66515568287373,61.650992295594605,64.59914883769108,73.74532591533551,59.58498545041195
5,131,49.872738264733066,68.6557296455601,138.0,100.0,50.127261735266934,31.3442703544399,RUL > 125,71.30703259146806,66.31975876499476,70.36788302242671,77.23345598698272,65.3806091959534
5,132,45.16539553984736,38.58738153873862,137.0,100.0,54.83460446015264,61.41261846126138,RUL > 125,78.73290503029807,74.21636547631334,79.0618057303535,82.92054388422737,74.54526617636877
5,133,40.92645291226364,15.21064522492041,136.0,100.0,59.07354708773636,84.78935477507959,RUL > 125,84.67993508133682,80.58728979011046,85.96572546570398,87.48678998819602,81.87308017447762
5,134,46.25579519356666,0.0,135.0,100.0,53.74420480643334,100.0,RUL > 125,86.12326144193,81.49768192257334,88.43605120160834,88.43605120160834,83.81047168225166
5,135,41.14368323901239,0.0,134.0,100.0,58.85631676098761,100.0,RUL > 125,87.65689502829628,83.54252670439504,89.7140791902469,89.7140791902469,85.59971086634566
5,136,47.159550264361,0.0,133.0,100.0,52.840449735639,100.0,RUL > 125,85.8521349206917,81.1361798942556,88.21011243390976,88.21011243390976,83.49415740747365
5,137,44.83740368173657,0.0,132.0,100.0,55.16259631826343,100.0,RUL > 125,86.54877889547903,82.06503852730538,88.79064907956587,88.79064907956585,84.3069087113922
5,138,34.66116004035169,0.0,131.0,100.0,65.33883995964831,100.0,RUL > 125,89.60165198789448,86.13553598385933,91.33470998991208,91.33470998991208,87.86859398587691
5,139,31.83238118064544,0.0,130.0,100.0,68.16761881935456,100.0,RUL > 125,90.45028564580636,87.26704752774182,92.04190470483864,92.04190470483864,88.85866658677409
5,140,41.14918330698069,0.0,129.0,100.0,58.85081669301931,100.0,RUL > 125,87.65524500790579,83.54032667720773,89.71270417325482,89.71270417325482,85.59778584255676
5,141,50.0267506641281,0.0,128.0,100.0,49.9732493358719,100.0,RUL > 125,84.99197480076157,79.98929973434876,87.49331233396798,87.49331233396798,82.49063726755516
5,142,43.64214500862121,0.8120663274036634,127.0,100.0,56.35785499137879,99.18793367259633,RUL > 125,86.7449432319329,82.38072873107077,88.88644716599377,88.96765379873413,84.52223266513165
5,143,50.08632658466717,12.221739356705704,126.0,100.0,49.91367341533283,87.77826064329429,RUL > 125,82.52975415325871,77.521121494792,84.42298351465678,85.64515745032735,79.41435085619005
5,144,50.12171083858063,28.740002061156076,125.0,100.0,49.87828916141937,71.25999793884392,76-125,79.2154863361946,74.20331525233652,80.28457177506581,83.15857198118144,75.27240069120776
5,145,44.055902154238005,23.00200828895041,124.0,99.2,55.944097845761995,76.9979917110496,76-125,81.78282769593852,77.45723748051472,82.83552238920291,85.05572321809792,78.5099321737791
5,146,45.46289108613373,24.338094241272408,123.0,98.4,54.53710891386627,75.66190575872758,76-125,80.6935138259054,76.30722471729203,81.74975366814846,84.02356309227571,77.36346455953509
5,147,49.93771061235876,27.43008838765501,122.0,97.6,50.06228938764124,72.56991161234498,76-125,78.33266913876136,73.5788980775255,79.45805024999655,81.96105908876206,74.70427918876068
5,148,50.04299445757063,21.89269531963469,121.0,96.8,49.95700554242937,78.1073046803653,76-125,79.00856259880187,74.32426315304481,80.41607755569866,82.28534708766215,75.7317781099416
5,149,50.040857214361736,9.511565441851117,120.0,96.0,49.959142785638264,90.48843455814888,76-125,81.08542974732126,76.4813440258851,83.11189433594679,83.66305088013189,78.50780861451061
5,150,50.10313848247362,7.437534736733848,119.0,95.19999999999999,49.89686151752638,92.56246526326615,76-125,81.08155150791114,76.55123765966378,83.21483169519813,83.4785851688715,78.68451784695077
5,151,47.67288994140414,4.211598830371389,118.0,94.39999999999999,52.32711005859586,95.78840116962861,76-125,82.05581325150447,77.84852425736406,84.22887780705612,84.09003769009325,80.02158881291571
5,152,50.00785394304704,0.0,117.0,93.60000000000001,49.99214605695296,100.0,76-125,81.79764381708588,77.4368584227812,84.29803651423825,83.65803651423825,79.93725111993353
5,153,36.35808751457742,0.0,116.0,92.80000000000001,63.64191248542258,100.0,76-125,85.49257374562677,82.57676499416904,87.31047812135566,86.59047812135566,84.39466936989791
5,154,45.18194045975204,0.0,115.0,92.0,54.81805954024796,100.0,76-125,82.44541786207438,78.72722381609918,84.704514885062,83.90451488506199,80.98632083908679
5,155,47.824030020533606,0.0,114.0,91.2,52.175969979466394,100.0,76-125,81.25279099383992,77.35038799178656,83.64399249486661,82.7639924948666,79.74158949281323
5,156,46.14722474619201,0.0,113.0,90.4,53.85277525380799,100.0,76-125,81.3558325761424,77.7011101015232,83.663193813452,82.703193813452,80.0084713388328
5,157,35.35519707235408,0.0,112.0,89.60000000000001,64.64480292764591,100.0,76-125,84.19344087829379,81.69792117105837,85.96120073191148,84.92120073191148,83.46568102467607
5,158,35.57716729507552,0.0,111.0,88.8,64.42283270492447,100.0,76-125,83.72684981147734,81.2891330819698,85.50570817623111,84.3857081762311,83.06799144672357
5,159,37.46836343018224,0.0,110.0,88.0,62.53163656981776,100.0,76-125,82.75949097094534,80.21265462792711,84.63290914245444,83.43290914245443,82.08607279943622
5,160,42.40006868377559,0.0,109.0,87.2,57.59993131622441,100.0,76-125,80.87997939486732,77.91997252648977,82.99998282905611,81.71998282905611,80.03997596067855
5,161,39.56583447210077,0.0,108.0,86.4,60.43416552789923,100.0,76-125,81.33024965836978,78.7336662111597,83.3085413819748,81.9485413819748,80.71195793476474
5,162,33.42100650349498,0.0,107.0,85.6,66.57899349650502,100.0,76-125,82.7736980489515,80.871597398602,84.44474837412625,83.00474837412625,82.54264772377675
5,163,43.68847078435443,0.0,106.0,84.8,56.31152921564557,100.0,76-125,79.29345876469367,76.44461168625823,81.4778823039114,79.95788230391139,78.62903522547595
5,164,35.58865930700932,0.0,105.0,84.0,64.41134069299068,100.0,76-125,81.3234022078972,79.36453627719627,83.10283517324767,81.50283517324766,81.14396924254675
5,165,44.43871582803303,0.9654975752629522,104.0,83.2,55.56128417196697,99.03450242473704,76-125,78.0752857365375,75.31141415373419,80.248946649176,78.6654964067023,77.4850750663727
5,166,25.45668450536951,0.0,103.0,82.39999999999999,74.54331549463049,100.0,76-125,83.56299464838915,82.7773261978522,84.83582887365762,83.07582887365761,84.05016042312067
5,167,12.603651687402978,0.0,102.0,81.6,87.39634831259703,100.0,76-125,87.0189044937791,87.59853932503881,87.64908707814925,85.80908707814925,88.22872190940896
5,168,18.974563750706512,0.0,101.0,80.80000000000001,81.02543624929349,100.0,76-125,84.70763087478805,84.7301744997174,85.65635906232338,83.73635906232337,85.67890268725273
5,169,26.88328140315229,0.0,100.0,80.0,73.1167185968477,100.0,76-125,81.93501557905431,81.24668743873909,83.27917964921193,81.27917964921193,82.59085150889669
5,170,37.68369332694193,0.0,99.0,79.2,62.31630667305807,100.0,76-125,78.29489200191742,76.60652266922324,80.17907666826451,78.09907666826453,78.49070733557033
5,171,25.63085332436631,0.0,98.0,78.4,74.36914667563369,100.0,76-125,81.5107440026901,81.10765867025347,82.79228666890842,80.63228666890842,82.38920133647179
5,172,37.662095499066304,0.0,97.0,77.60000000000001,62.337904500933696,100.0,76-125,77.50137135028011,75.97516180037348,79.38447612523342,77.14447612523342,77.8582665753268
5,173,33.63014323429035,1.6552265871200078,96.0,76.8,66.36985676570964,98.34477341287999,76-125,77.9799117122889,76.93689738885986,79.5786575446474,77.42418020335941,78.53564322121836
5,174,28.254028017256765,6.369486106043936,95.0,76.0,71.74597198274324,93.63051389395606,76-125,78.24989437361418,77.82449157188852,79.34412146917482,77.58107007977922,78.91871866744916
5,175,39.3857407831381,31.643881599622613,94.0,75.2,60.6142592168619,68.35611840037738,76-125,69.45550144513405,67.99692736682024,69.84259440430982,70.52698256427209,68.38402032599602
5,176,35.17275579340494,33.99330394573859,93.0,74.4,64.82724420659505,66.00669605426141,76-125,69.8495124728308,68.8922368934903,69.90848506521412,70.74781545978797,68.95120948587362
5,177,15.337856207653951,3.4657776990143088,92.0,73.6,84.66214379234604,96.53422230098569,76-125,81.50548759790095,82.61170197713557,82.09909152333293,79.80566929323436,83.20530590256753
5,178,1.798298645641764,0.0,91.0,72.8,98.20170135435824,100.0,76-125,85.86051040630747,88.4006805417433,85.95042533858955,83.23042533858955,88.49059547402538
5,179,3.695017206716642,0.0,90.0,72.0,96.30498279328336,100.0,76-125,84.89149483798501,87.32199311731334,85.07624569832083,82.27624569832084,87.50674397764918
5,180,9.581341980811487,0.0,89.0,71.2,90.41865801918851,100.0,76-125,82.72559740575656,84.6474632076754,83.20466450479714,80.32466450479713,85.12653030671598
5,181,22.567360182011992,0.0,88.0,70.39999999999999,77.432639817988,100.0,76-125,78.4297919453964,79.1330559271952,79.558159954497,76.59815995449699,80.2614239362958
5,182,16.728300219645,0.0,87.0,69.6,83.271699780355,100.0,76-125,79.7815099341065,81.148679912142,80.61792494508875,77.57792494508874,81.98509492312425
5,183,24.591921786350536,0.0,86.0,68.8,75.40807821364946,100.0,76-125,77.02242346409483,77.68323128545978,78.25201955341237,75.13201955341236,78.91282737477731
5,184,12.081950118407985,0.0,85.0,68.0,87.91804988159201,100.0,76-125,80.3754149644776,82.36721995263682,80.979512470398,77.779512470398,82.97131745855721
5,185,9.144019503330425,0.0,84.0,67.2,90.85598049666957,100.0,76-125,80.85679414900088,83.22239219866783,81.31399512416739,78.03399512416739,83.67959317383435
5,186,10.349428708387238,8.310928939134325,83.0,66.4,89.65057129161276,91.68907106086567,76-125,78.43298559965697,80.75804272881825,78.53491058811962,76.00600348203305,80.85996771728088
5,187,21.33829621309139,18.87269335288701,82.0,65.60000000000001,78.66170378690862,81.12730664711299,76-125,72.62397246549519,73.93014284418605,72.7472526085054,71.19452194379411,74.05342298719626
5,188,14.697478375342476,8.050960789710548,81.0,64.8,85.30252162465753,91.94903921028946,76-125,76.38056432945515,78.43081649192091,76.71289020873675,73.99798628770779,78.7631423712025
5,189,30.985281281524745,10.953965175003049,80.0,64.0,69.01471871847525,89.04603482499695,76-125,70.51362258054196,71.01509445238949,71.51518838586804,69.01058490336835,72.01666025771559
5,190,29.82731575219466,13.832491266083425,79.0,63.2,70.17268424780534,86.16750873391658,76-125,69.88530702112492,70.58257544590545,70.68504824543048,68.38829737203882,71.38231667021101
5,191,36.49952422176276,32.44602013743551,78.0,62.4,63.50047577823724,67.55397986256449,76-125,63.76093870598406,63.870986283807795,63.96361391020043,63.448215923943984,64.07366148802416
5,192,43.37604009415403,48.13301513396048,77.0,61.6,56.62395990584597,51.86698486603952,76-125,58.1605849449617,57.662980935546294,57.92273619297138,58.89603770636742,57.425132183555974
5,193,47.53713216618611,70.66554923589254,76.0,60.8,52.46286783381389,29.33445076410746,76-125,52.005750502965654,51.17203728634705,50.84932964948033,53.99588457306958,50.01561643286173
5,194,50.06423597286943,82.2731823463117,75.0,60.0,49.93576402713057,17.7268176536883,31-75,48.52609273887683,47.51966914158989,46.91564542020472,51.14296365483589,45.90922182291777
5,195,50.29264213281477,99.09107020298669,74.0,59.199999999999996,49.70735786718523,0.9089297970133146,31-75,44.693993319558224,43.74472910627675,42.25407191604963,48.083178936348304,41.30480770276816
5,196,50.48648892106126,100.0,73.0,58.4,49.51351107893874,0.0,31-75,44.05405332368162,43.165404431575496,41.578377769734686,47.41837776973468,40.68972887762855
5,197,50.52707365820114,100.0,72.0,57.599999999999994,49.47292634179886,0.0,31-75,43.641877902539655,42.829170536719545,41.16823158544971,46.92823158544971,40.3555242196296
5,198,50.41622252702111,100.0,71.0,56.8,49.58377747297889,0.0,31-75,43.27513324189366,42.55351098919155,40.79594436824472,46.47594436824472,40.07432211554261
5,199,50.75690340519424,100.0,70.0,56.00000000000001,49.24309659480576,0.0,31-75,42.77292897844173,42.09723863792232,40.31077414870144,45.91077414870144,39.63508380818202
5,200,50.57229689429739,100.0,69.0,55.2,49.42770310570261,0.0,31-75,42.42831093171078,41.85108124228105,39.956925776425656,45.47692577642565,39.379696086995914
5,201,50.63724705551002,100.0,68.0,54.400000000000006,49.36275294448998,0.0,31-75,42.008825883347,41.505101177796,39.5406882361225,44.9806882361225,39.0369635305715
5,202,50.64171738493103,98.72238593398076,67.0,53.6,49.35828261506897,1.2776140660192397,31-75,41.86300759772454,41.43883585923144,39.45897417027206,44.69121276367012,39.03480243177894
5,203,50.61498587935758,70.07792070555185,66.0,52.800000000000004,49.38501412064242,29.922079294448153,31-75,47.19992009508236,46.8584215071466,46.22677335377264,48.51456542432783,45.88527476583688
5,204,50.77865687964816,51.31216717128532,65.0,52.0,49.22134312035184,48.68783282871468,31-75,50.50396950184849,50.226103813883675,50.47729398726663,50.80851070439516,50.19942829930181
5,205,50.921385983147566,51.825596143070825,64.0,51.2,49.078614016852434,48.174403856929175,31-75,49.95846497644157,49.74632637812682,49.9132544684454,50.21581408275249,49.70111587013065
5,206,50.96047475647764,62.32486508885589,63.0,50.4,49.03952524352236,37.67513491114411,31-75,47.44688455528553,47.31083707963777,46.87866503866662,48.1511515475522,46.742617563018854
5,207,51.06426835508426,76.34591070565745,62.0,49.6,48.93573164491574,23.654089294342555,31-75,44.211537352343235,44.14511051683481,42.947455234814576,45.54204630538032,42.881028399306146
5,208,51.33670034145951,91.65432613680493,61.0,48.8,48.66329965854049,8.345673863195074,31-75,40.66812467020115,40.654454636055206,38.65224338043389,42.69767599411438,38.63857334628794
5,209,51.63678237966781,100.0,60.0,48.0,48.36321762033219,0.0,31-75,38.50896528609966,38.54528704813288,36.09080440508305,40.890804405083045,36.12712616711627
5,210,51.87802636778254,100.0,59.0,47.199999999999996,48.12197363221746,0.0,31-75,38.036592089665234,38.128789452886984,35.63049340805436,40.35049340805436,35.722690771276106
5,211,52.05399343489124,100.0,58.0,46.400000000000006,47.94600656510876,0.0,31-75,37.58380196953263,37.73840262604351,35.18650164127719,39.82650164127719,35.34110229778807
5,212,52.42638890548706,100.0,57.0,45.6,47.57361109451294,0.0,31-75,37.072083328353884,37.26944443780518,34.693402773628236,39.25340277362824,34.89076388307953
5,213,52.453657914955166,100.0,56.0,44.800000000000004,47.546342085044834,0.0,31-75,36.66390262551345,36.93853683401794,34.28658552126121,38.76658552126121,34.561219729765696
5,214,52.68721133991955,100.0,55.0,44.0,47.31278866008045,0.0,31-75,36.193836598024134,36.52511546403218,33.828197165020114,38.22819716502011,34.15947603102816
5,215,53.06696422768744,100.0,54.0,43.2,46.93303577231256,0.0,31-75,35.67991073169377,36.05321430892502,33.33325894307814,37.65325894307814,33.70656252030939
5,216,53.29110388394609,100.0,53.0,42.4,46.70889611605391,0.0,31-75,35.21266883481617,35.643558446421565,32.877224029013476,37.11722402901347,33.30811364061887
5,217,53.56540276503669,100.0,52.0,41.6,46.43459723496331,0.0,31-75,34.730379170488995,35.213838893985326,32.40864930874083,36.56864930874083,32.89210903223716
5,218,53.85546328261083,100.0,51.0,40.8,46.14453671738917,0.0,31-75,34.24336101521675,34.777814686955665,31.93613417934729,36.01613417934729,32.47058785108621
5,219,53.975901939943725,100.0,50.0,40.0,46.024098060056275,0.0,31-75,33.80722941801688,34.40963922402251,31.50602451501407,35.50602451501407,32.1084343210197
5,220,53.9955862904942,100.0,49.0,39.2,46.0044137095058,0.0,31-75,33.40132411285174,34.08176548380232,31.10110342737645,35.021103427376445,31.781544798327033
5,221,54.166589163217296,100.0,48.0,38.4,45.833410836782704,0.0,31-75,32.95002325103481,33.69336433471308,30.658352709195675,34.49835270919567,31.401693792873946
5,222,54.57767214185944,100.0,47.0,37.6,45.42232785814056,0.0,31-75,32.42669835744217,33.20893114325623,30.15558196453514,33.915581964535136,30.937814750349197
5,223,54.8152717471319,100.0,46.0,36.8,45.1847282528681,0.0,31-75,31.955418475860426,32.79389130114724,29.696182063217023,33.37618206321702,30.53465488850383
5,224,55.339528565615744,100.0,45.0,36.0,44.660471434384256,0.0,31-75,31.398141430315277,32.26418857375371,29.165117858596062,32.765117858596064,30.03116500203449
5,225,55.54664371732942,100.0,44.0,35.199999999999996,44.45335628267058,0.0,31-75,30.936006884801174,31.861342513068234,28.713339070667644,32.23333907066764,29.6386746989347
5,226,55.67054155814285,100.0,43.0,34.4,44.32945844185715,0.0,31-75,30.498837532557143,31.49178337674286,28.282364610464285,31.722364610464282,29.27531045465
5,227,56.34633722217791,100.0,42.0,33.6,43.65366277782209,0.0,31-75,29.896098833346628,30.90146511112884,27.713415694455524,31.073415694455523,28.718781972237732
5,228,56.83123491883812,100.0,41.0,32.800000000000004,43.16876508116188,0.0,31-75,29.350629524348566,30.387506032464756,27.192191270290472,30.472191270290473,28.22906777840666
5,229,56.94517510086627,100.0,40.0,32.0,43.05482489913373,0.0,31-75,28.91644746974012,30.02192995965349,26.763706224783434,29.96370622478343,27.869188714696804
5,230,57.54388365931067,100.0,39.0,31.2,42.45611634068933,0.0,31-75,28.336834902206796,29.46244653627573,26.21402908517233,29.334029085172332,27.339640719241263
5,231,58.14831051413944,100.0,38.0,30.4,41.85168948586056,0.0,31-75,27.75550684575817,28.900675794344224,25.66292237146514,28.70292237146514,26.808091320051197
5,232,58.90175260712485,100.0,37.0,29.599999999999998,41.09824739287515,0.0,31-75,27.129474217862544,28.27929895715006,25.074561848218785,28.034561848218786,26.224386587506302
5,233,59.6628873919889,100.0,36.0,28.799999999999997,40.3371126080111,0.0,31-75,26.50113378240333,27.65484504320444,24.484278152002773,27.364278152002772,25.637989412803883
5,234,60.01679432515436,100.0,35.0,28.000000000000004,39.98320567484564,0.0,31-75,25.994961702453693,27.19328226993826,23.995801418711412,26.795801418711413,25.194121986195977
5,235,60.67505139676102,100.0,34.0,27.200000000000003,39.32494860323898,0.0,31-75,25.397484580971692,26.609979441295593,23.431237150809746,26.151237150809745,24.643732011133643
5,236,61.50124544016287,100.0,33.0,26.400000000000002,38.49875455983713,0.0,31-75,24.74962636795114,25.959501823934858,22.824688639959284,25.464688639959284,24.034564095942997
5,237,62.52368162332596,100.0,32.0,25.6,37.47631837667404,0.0,31-75,24.04289551300221,25.230527350669618,22.169079594168508,24.72907959416851,23.35671143183591
5,238,62.91341984334696,100.0,31.0,24.8,37.08658015665304,0.0,31-75,23.525974046995913,24.75463206266122,21.67164503916326,24.15164503916326,22.900303054828566
5,239,63.46953574168654,100.0,30.0,24.0,36.53046425831346,0.0,0-30,22.95913927749404,24.212185703325385,21.132616064578365,23.532616064578363,22.38566249040971
5,240,64.66878356490966,100.0,29.0,23.200000000000003,35.33121643509034,0.0,0-30,22.199364930527103,23.412486574036137,20.432804108772586,22.752804108772587,21.64592575228162
5,241,65.5892206674194,100.0,28.0,22.400000000000002,34.4107793325806,0.0,0-30,21.523233799774182,22.724311733032245,19.802694833145154,22.042694833145152,21.00377276640321
5,242,66.83682787570042,100.0,27.0,21.6,33.16317212429958,0.0,0-30,20.748951637289874,21.905268849719832,19.090793031074895,21.250793031074895,20.247110243504853
5,243,68.02275305288481,100.0,26.0,20.8,31.97724694711519,0.0,0-30,19.99317408413456,21.110898778846078,18.394311736778796,20.474311736778798,19.512036431490316
5,244,69.22617211920337,100.0,25.0,20.0,30.77382788079663,0.0,0-30,19.232148364238988,20.309531152318655,17.693456970199158,19.693456970199158,18.770839758278818
5,245,70.08216250474243,100.0,24.0,19.2,29.917837495257572,0.0,0-30,18.57535124857727,19.647134998103027,17.079459373814394,18.999459373814393,18.15124312334015
5,246,71.6626740806413,100.0,23.0,18.4,28.337325919358705,0.0,0-30,17.70119777580761,18.69493036774348,16.284331479839675,18.124331479839675,17.278064071775546
5,247,72.92915565835628,100.0,22.0,17.599999999999998,27.07084434164372,0.0,0-30,16.921253302493113,17.868337736657487,15.567711085410929,17.32771108541093,16.5147955195753
5,248,74.54959153344129,100.0,21.0,16.8,25.450408466558713,0.0,0-30,16.035122539967613,16.900163386623486,14.762602116639679,16.442602116639677,15.62764296329555
5,249,76.13790489854397,100.0,20.0,16.0,23.862095101456035,0.0,0-30,15.158628530436811,15.944838040582415,13.965523775364009,15.565523775364008,14.751733285509612
5,250,78.01895246396019,100.0,19.0,15.2,21.98104753603981,0.0,0-30,14.194314260811943,14.872419014415925,13.095261884009952,14.615261884009952,13.773366637613933
5,251,79.5991186536931,100.0,18.0,14.399999999999999,20.400881346306903,0.0,0-30,13.32026440389207,13.920352538522762,12.300220336576725,13.740220336576725,12.900308471207415
5,252,81.1408825849713,100.0,17.0,13.600000000000001,18.859117415028706,0.0,0-30,12.457735224508612,12.983646966011484,11.514779353757177,12.874779353757177,12.040691095260048
5,253,83.23245871792338,100.0,16.0,12.8,16.76754128207662,0.0,0-30,11.430262384622987,11.82701651283065,10.591885320519156,11.871885320519155,10.988639448726818
5,254,85.4048743722694,100.0,15.0,12.0,14.595125627730596,0.0,0-30,10.378537688319177,10.638050251092238,9.648781406932649,10.848781406932648,9.90829396970571
5,255,87.30721454246353,100.0,14.0,11.200000000000001,12.692785457536473,0.0,0-30,9.407835637260941,9.55711418301459,8.77319636438412,9.893196364384119,8.922474910137765
5,256,90.12325598665768,100.0,13.0,10.4,9.876744013342318,0.0,0-30,8.163023204002695,8.110697605336927,7.66918600333558,8.70918600333558,7.616860404669811
5,257,92.44227875527582,100.0,12.0,9.6,7.557721244724178,0.0,0-30,7.067316373417253,6.863088497889671,6.689430311181044,7.649430311181044,6.485202435653462
5,258,94.85678137414168,100.0,11.0,8.799999999999999,5.143218625858324,0.0,0-30,5.942965587757497,5.577287450343329,5.6858046564645806,6.5658046564645804,5.3201265190504134
5,259,98.15124385915634,100.0,10.0,8.0,1.848756140843662,0.0,0-30,4.554626842253098,3.9395024563374648,4.4621890352109155,5.262189035210915,3.847064649295282
5,260,99.97447303533266,100.0,9.0,7.199999999999999,0.025526964667335506,0.0,0-30,3.6076580894002004,2.890210785866934,3.6063817411668335,4.326381741166833,2.8889344376335675
5,261,100.0,100.0,8.0,6.4,0.0,0.0,0-30,3.2,2.5600000000000005,3.2,3.84,2.5600000000000005
5,262,100.0,100.0,7.0,5.6000000000000005,0.0,0.0,0-30,2.8000000000000003,2.24,2.8000000000000003,3.3600000000000003,2.24
5,263,100.0,100.0,6.0,4.8,0.0,0.0,0-30,2.4,1.92,2.4,2.88,1.92
5,264,100.0,100.0,5.0,4.0,0.0,0.0,0-30,2.0,1.6,2.0,2.4,1.6
5,265,100.0,100.0,4.0,3.2,0.0,0.0,0-30,1.6,1.2800000000000002,1.6,1.92,1.2800000000000002
5,266,100.0,100.0,3.0,2.4,0.0,0.0,0-30,1.2,0.96,1.2,1.44,0.96
5,267,100.0,100.0,2.0,1.6,0.0,0.0,0-30,0.8,0.6400000000000001,0.8,0.96,0.6400000000000001
5,268,100.0,100.0,1.0,0.8,0.0,0.0,0-30,0.4,0.32000000000000006,0.4,0.48,0.32000000000000006
5,269,100.0,100.0,0.0,0.0,0.0,0.0,0-30,0.0,0.0,0.0,0.0,0.0
11,39,50.05354762809664,35.327405639874826,201.0,100.0,49.94645237190336,64.67259436012517,RUL > 125,77.91845458359604,72.91309982078639,78.65476168300714,82.18750224699463,73.64940692019746
11,40,42.92767276473658,18.78923753316542,200.0,100.0,57.07232723526342,81.21076246683458,RUL > 125,83.36385066394594,79.07108338747229,84.5707724255245,86.44969617884104,80.27800514905084
11,41,36.89154939150469,11.145740695947705,199.0,100.0,63.10845060849531,88.85425930405229,RUL > 125,86.70338704335904,83.01423210420859,87.9906774781369,89.10525154773168,84.30152253898643
11,42,44.34449921657567,16.216798430784095,198.0,100.0,55.65550078342433,83.7832015692159,RUL > 125,83.45329054887048,79.01884062721291,84.85967558816006,86.48135543123847,80.4252256665025
11,43,42.434097559579584,9.559326276435558,197.0,100.0,57.565902440420416,90.44067372356444,RUL > 125,85.35790547683901,81.11449572088105,87.00164404099621,87.95757666863977,82.75823428503826
11,44,24.06825271336682,0.0,196.0,100.0,75.93174728663318,100.0,RUL > 125,92.77952418598996,90.37269891465327,93.9829368216583,93.9829368216583,91.57611155032161
11,45,20.520440577802287,0.0,195.0,100.0,79.47955942219771,100.0,RUL > 125,93.8438678266593,91.79182376887908,94.86988985554943,94.86988985554943,92.8178457977692
11,46,22.26235234776881,0.0,194.0,100.0,77.73764765223119,100.0,RUL > 125,93.32129429566936,91.09505906089248,94.4344119130578,94.4344119130578,92.20817667828092
11,47,10.379164848215977,0.0,193.0,100.0,89.62083515178402,100.0,RUL > 125,96.8862505455352,95.84833406071361,97.40520878794601,97.40520878794601,96.3672923031244
11,48,16.212411730616484,0.0,192.0,100.0,83.78758826938352,100.0,RUL > 125,95.13627648081506,93.51503530775341,95.94689706734587,95.94689706734587,94.32565589428422
11,49,18.362625294231304,0.0,191.0,100.0,81.63737470576869,100.0,RUL > 125,94.4912124117306,92.65494988230748,95.40934367644218,95.40934367644218,93.57308114701904
11,50,41.151597970966826,0.0,190.0,100.0,58.848402029033174,100.0,RUL > 125,87.65452060870996,83.53936081161328,89.7121005072583,89.7121005072583,85.59694071016162
11,51,40.81426046890989,0.0,189.0,100.0,59.18573953109011,100.0,RUL > 125,87.75572185932702,83.67429581243604,89.79643488277253,89.79643488277253,85.71500883588153
11,52,44.04910532227717,22.010442413461146,188.0,100.0,55.95089467772283,77.98955758653885,RUL > 125,82.38317992062463,77.97826938839691,83.48511306606542,85.68615730741153,79.0802025338377
11,53,33.409559207560974,42.06164432434,187.0,100.0,66.59044079243903,57.93835567566,RUL > 125,81.56480337286371,78.2238474521076,81.13219911702475,85.33836354945876,77.79124319626865
11,54,41.24250559844321,51.11812794968182,186.0,100.0,58.75749440155679,48.88187205031818,RUL > 125,77.40362273053067,73.27937217068636,76.90984161296875,82.02165440793694,72.78559105312442
11,55,10.053095778094177,25.868611501150184,185.0,100.0,89.94690422190583,74.13138849884982,RUL > 125,91.8103489663417,90.8050393885323,91.0195731801889,93.60643433030393,90.01426360237949
11,56,6.320159403595896,1.248798088135739,184.0,100.0,93.6798405964041,98.75120191186426,RUL > 125,97.85419256129408,97.2221766209345,98.1077606270671,98.23264043588067,97.4757446867075
11,57,4.522218485952038,0.0,183.0,100.0,95.47778151404796,100.0,RUL > 125,98.64333445421438,98.1911126056192,98.86944537851198,98.86944537851198,98.41722352991678
11,58,0.0,0.0,182.0,100.0,100.0,100.0,RUL > 125,100.0,100.0,100.0,100.0,100.0
11,59,0.0,0.0,181.0,100.0,100.0,100.0,RUL > 125,100.0,100.0,100.0,100.0,100.0
11,60,0.0,0.0,180.0,100.0,100.0,100.0,RUL > 125,100.0,100.0,100.0,100.0,100.0
11,61,0.0,0.0,179.0,100.0,100.0,100.0,RUL > 125,100.0,100.0,100.0,100.0,100.0
11,62,0.0,0.0,178.0,100.0,100.0,100.0,RUL > 125,100.0,100.0,100.0,100.0,100.0
11,63,0.0,0.0,177.0,100.0,100.0,100.0,RUL > 125,100.0,100.0,100.0,100.0,100.0
11,64,0.0,0.0,176.0,100.0,100.0,100.0,RUL > 125,100.0,100.0,100.0,100.0,100.0
11,65,0.0,0.0,175.0,100.0,100.0,100.0,RUL > 125,100.0,100.0,100.0,100.0,100.0
11,66,0.0,0.0,174.0,100.0,100.0,100.0,RUL > 125,100.0,100.0,100.0,100.0,100.0
11,67,0.0,0.0,173.0,100.0,100.0,100.0,RUL > 125,100.0,100.0,100.0,100.0,100.0
11,68,0.0,0.0,172.0,100.0,100.0,100.0,RUL > 125,100.0,100.0,100.0,100.0,100.0
11,69,0.0,0.0,171.0,100.0,100.0,100.0,RUL > 125,100.0,100.0,100.0,100.0,100.0
11,70,0.0,0.0,170.0,100.0,100.0,100.0,RUL > 125,100.0,100.0,100.0,100.0,100.0
11,71,0.0,1.3879864347160331,169.0,100.0,100.0,98.61201356528397,RUL > 125,99.7224027130568,99.7224027130568,99.653003391321,99.7918020347926,99.653003391321
11,72,0.0,0.6495737782447297,168.0,100.0,100.0,99.35042622175527,RUL > 125,99.87008524435106,99.87008524435106,99.83760655543881,99.9025639332633,99.83760655543881
11,73,0.0,0.0,167.0,100.0,100.0,100.0,RUL > 125,100.0,100.0,100.0,100.0,100.0
11,74,0.0,0.0,166.0,100.0,100.0,100.0,RUL > 125,100.0,100.0,100.0,100.0,100.0
11,75,0.0,0.0,165.0,100.0,100.0,100.0,RUL > 125,100.0,100.0,100.0,100.0,100.0
11,76,0.0,0.0,164.0,100.0,100.0,100.0,RUL > 125,100.0,100.0,100.0,100.0,100.0
11,77,0.0,1.9161760345336056,163.0,100.0,100.0,98.0838239654664,RUL > 125,99.61676479309328,99.61676479309328,99.5209559913666,99.71257359481996,99.5209559913666
11,78,0.0,12.212132167782055,162.0,100.0,100.0,87.78786783221794,RUL > 125,97.5575735664436,97.5575735664436,96.94696695805449,98.16818017483268,96.94696695805449
11,79,0.0,2.293614001531024,161.0,100.0,100.0,97.70638599846897,RUL > 125,99.5412771996938,99.5412771996938,99.42659649961725,99.65595789977034,99.42659649961725
11,80,0.0,0.0,160.0,100.0,100.0,100.0,RUL > 125,100.0,100.0,100.0,100.0,100.0
11,81,0.0,0.0,159.0,100.0,100.0,100.0,RUL > 125,100.0,100.0,100.0,100.0,100.0
11,82,0.0,0.0,158.0,100.0,100.0,100.0,RUL > 125,100.0,100.0,100.0,100.0,100.0
11,83,0.0,0.0,157.0,100.0,100.0,100.0,RUL > 125,100.0,100.0,100.0,100.0,100.0
11,84,0.0,0.0,156.0,100.0,100.0,100.0,RUL > 125,100.0,100.0,100.0,100.0,100.0
11,85,0.0,0.0,155.0,100.0,100.0,100.0,RUL > 125,100.0,100.0,100.0,100.0,100.0
11,86,0.0,0.0,154.0,100.0,100.0,100.0,RUL > 125,100.0,100.0,100.0,100.0,100.0
11,87,0.0,0.0,153.0,100.0,100.0,100.0,RUL > 125,100.0,100.0,100.0,100.0,100.0
11,88,0.0,19.459819320018862,152.0,100.0,100.0,80.54018067998113,RUL > 125,96.10803613599623,96.10803613599623,95.13504516999528,97.08102710199717,95.13504516999528
11,89,0.0,38.264205234727015,151.0,100.0,100.0,61.735794765272985,RUL > 125,92.3471589530546,92.3471589530546,90.43394869131825,94.26036921479094,90.43394869131825
11,90,0.0,30.713457304147763,150.0,100.0,100.0,69.28654269585223,RUL > 125,93.85730853917045,93.85730853917045,92.32163567396306,95.39298140437784,92.32163567396306
11,91,0.0,12.789982377761838,149.0,100.0,100.0,87.21001762223815,RUL > 125,97.44200352444763,97.44200352444763,96.80250440555955,98.08150264333572,96.80250440555955
11,92,0.0,0.0,148.0,100.0,100.0,100.0,RUL > 125,100.0,100.0,100.0,100.0,100.0
11,93,0.0,0.0,147.0,100.0,100.0,100.0,RUL > 125,100.0,100.0,100.0,100.0,100.0
11,94,0.0,0.0,146.0,100.0,100.0,100.0,RUL > 125,100.0,100.0,100.0,100.0,100.0
11,95,0.0,0.0,145.0,100.0,100.0,100.0,RUL > 125,100.0,100.0,100.0,100.0,100.0
11,96,0.0,2.665032041128933,144.0,100.0,100.0,97.33496795887106,RUL > 125,99.46699359177421,99.46699359177421,99.33374198971777,99.60024519383066,99.33374198971777
11,97,0.0,0.6541943270545297,143.0,100.0,100.0,99.34580567294547,RUL > 125,99.86916113458909,99.86916113458909,99.83645141823636,99.90187085094182,99.83645141823636
11,98,0.0,3.3082804548510563,142.0,100.0,100.0,96.69171954514894,RUL > 125,99.33834390902979,99.33834390902979,99.17292988628724,99.50375793177234,99.17292988628724
11,99,0.0,12.865793604538062,141.0,100.0,100.0,87.13420639546194,RUL > 125,97.42684127909239,97.42684127909239,96.78355159886549,98.07013095931929,96.78355159886549
11,100,0.0,14.053861694597796,140.0,100.0,100.0,85.9461383054022,RUL > 125,97.18922766108044,97.18922766108044,96.48653457635055,97.89192074581032,96.48653457635055
11,101,0.0,0.0,139.0,100.0,100.0,100.0,RUL > 125,100.0,100.0,100.0,100.0,100.0
11,102,0.0,0.0,138.0,100.0,100.0,100.0,RUL > 125,100.0,100.0,100.0,100.0,100.0
11,103,0.0,0.0,137.0,100.0,100.0,100.0,RUL > 125,100.0,100.0,100.0,100.0,100.0
11,104,0.0,0.0,136.0,100.0,100.0,100.0,RUL > 125,100.0,100.0,100.0,100.0,100.0
11,105,0.0,0.0,135.0,100.0,100.0,100.0,RUL > 125,100.0,100.0,100.0,100.0,100.0
11,106,0.0,0.0,134.0,100.0,100.0,100.0,RUL > 125,100.0,100.0,100.0,100.0,100.0
11,107,0.0,0.0,133.0,100.0,100.0,100.0,RUL > 125,100.0,100.0,100.0,100.0,100.0
11,108,0.0,8.679823331585437,132.0,100.0,100.0,91.32017666841456,RUL > 125,98.26403533368291,98.26403533368291,97.83004416710364,98.69802650026219,97.83004416710364
11,109,0.0,34.727947378145174,131.0,100.0,100.0,65.27205262185483,RUL > 125,93.05441052437097,93.05441052437097,91.3180131554637,94.79080789327823,91.3180131554637
11,110,0.0865031015017443,51.96268758798757,130.0,100.0,99.91349689849825,48.03731241201243,RUL > 125,89.58151155195195,89.57286124180179,86.98770232762767,92.18397108642642,86.9790520174775
11,111,7.799990699072031,63.90788720670897,129.0,100.0,92.20000930092797,36.09211279329103,RUL > 125,84.87842534893659,84.0984262790294,82.07303052355475,88.46381924422565,81.29303145364754
11,112,7.403493929355887,71.99985455473848,128.0,100.0,92.59650607064411,28.000145445261523,RUL > 125,83.37898091024553,82.63863151730995,80.14916287897641,87.34914833445026,79.40881348604083
11,113,13.054746692804676,78.60332282635221,127.0,100.0,86.94525330719533,21.396677173647788,RUL > 125,80.36291142688816,79.0574367576077,77.08548262021078,84.94581490284601,75.78000795093031
11,114,4.95234168747448,73.35517004842654,126.0,100.0,95.04765831252553,26.644829951573456,RUL > 125,83.84326348407234,83.34802931532491,80.42312206602475,87.7586390708674,79.92788789727729
11,115,14.144296742528851,73.40896597398859,125.0,100.0,85.85570325747115,26.591034026011414,76-125,81.07491778244362,79.66048810819073,78.11168432087064,85.45258091826949,76.69725464661775
11,116,6.475994662698251,52.31464213435535,124.0,99.2,93.52400533730174,47.68535786564465,76-125,87.19427317431945,86.62667370804964,84.9023408007366,90.05380501417213,84.33474133446677
11,117,0.5145022930364523,23.634720205057228,123.0,98.4,99.48549770696354,76.36527979494278,76-125,94.31870527107762,94.42725504177398,93.16269437547658,95.36616639598229,93.27124414617293
11,118,19.671641470691338,19.407535416556684,122.0,97.6,80.32835852930866,80.59246458344332,76-125,89.01700047548127,87.28983632841212,89.03020577818799,90.73095931984365,87.30304163111884
11,119,14.84061429051807,16.376633027110906,121.0,96.8,85.15938570948192,83.6233669728891,76-125,90.6724891074224,89.5084276783706,90.59568817059275,91.91335147330383,89.43162674154095
11,120,28.76915633428967,24.320058287501144,120.0,96.0,71.23084366571032,75.67994171249886,76-125,84.50524144221286,82.0283258087839,84.7276963445523,86.7597021733024,82.25078071112334
11,121,32.67876562377033,38.33540674379635,119.0,95.19999999999999,67.32123437622967,61.66459325620365,76-125,80.12928896410963,77.3414124017326,79.84645690810832,83.19999758248795,77.0585803457313
11,122,27.1116683718368,42.252813303480586,118.0,94.39999999999999,72.8883316281632,57.747186696519414,76-125,80.61593682775283,78.46476999056917,79.85887958117064,83.52416091151869,77.70771274398697
11,123,18.74038606005537,41.07448454180901,117.0,93.60000000000001,81.25961393994463,58.92551545819099,76-125,82.9629872736216,81.72894866761607,81.84628234953391,85.3137308037148,80.61224374352837
11,124,8.922272860607661,21.59782502186,116.0,92.80000000000001,91.07772713939234,78.40217497814,76-125,89.40375313744572,89.23152585138494,88.76997552938309,90.20975803156908,88.59774824332231
11,125,24.04875653747914,24.338540482742253,115.0,92.0,75.95124346252086,75.66145951725775,76-125,83.91766494220781,82.3127892884599,83.90317574494466,85.53702979321888,82.29830009119675
11,126,22.17470898827369,15.353230205599957,114.0,91.2,77.8252910117263,84.64676979440004,76-125,85.8769412623979,84.53947036357054,86.21801520153159,86.87333822209159,84.88054430270422
11,127,26.552941955055008,0.7901051816754742,113.0,90.4,73.447058044945,99.20989481832453,76-125,87.07609637714842,85.3808021816429,88.36423821581738,87.48324873398494,86.66894402031188
11,128,38.795914388535536,12.274181394281111,112.0,89.60000000000001,61.204085611464464,87.72581860571889,76-125,80.70638940458312,77.86679796572957,82.03247605429584,82.21989419372395,79.19288461544228
11,129,47.01699565718213,22.07239632624818,111.0,88.8,52.98300434281787,77.92760367375182,76-125,75.88042203759572,72.29872247187751,77.12765200414242,78.21489163676723,73.54595243842421
11,130,46.95600303353344,40.427005499007215,110.0,88.0,53.04399696646656,59.572994500992785,76-125,71.82779799013852,68.33219768678518,72.15424786686484,74.99694841676556,68.6586475635115
11,131,50.07219475578504,67.36808905357157,109.0,87.2,49.92780524421496,32.631910946428434,76-125,65.10472376255018,61.37750428697167,64.23992904766085,69.696737953018,60.51270957208234
11,132,45.15819626388882,74.3324583631638,108.0,86.4,54.84180373611118,25.667541636836205,76-125,64.7860494482006,61.63022982181171,63.32733634323685,69.40058217955323,60.17151671684797
11,133,42.94470956063848,66.947863894779,107.0,85.6,57.05529043936152,33.052136105220995,76-125,66.52701435285266,63.67254339678881,65.32685663614564,70.58164302562352,62.472385680081786
11,134,50.13310139759996,60.31347065605338,106.0,84.8,49.86689860240004,39.68652934394662,76-125,65.29737544950933,61.80406530974935,64.78835698658666,69.299704052192,61.295046846826665
11,135,50.08662221180924,56.26794513770314,105.0,84.0,49.91337778819076,43.73205486229686,76-125,65.72042430891659,62.31176208773568,65.41135816262191,69.43815267639222,62.002695941440976
11,136,50.232905759380415,54.50394827544876,104.0,83.2,49.767094240619585,45.49605172455124,76-125,65.62933861709612,62.28604804115808,65.4157864912927,69.18618131883758,62.072495915354665
11,137,50.25052577566612,49.5131186914506,103.0,82.39999999999999,49.74947422433388,50.4868813085494,76-125,66.22221852901004,62.957165951443436,66.25908888322081,69.45040075236587,62.994036305654205
11,138,50.23609512654947,47.89065835904484,102.0,81.6,49.76390487345053,52.10934164095516,76-125,66.15103979022618,62.967430277571246,66.26831162860142,69.2173774645059,63.08470211594647
11,139,50.2489239076236,49.95476344079125,101.0,80.80000000000001,49.7510760923764,50.04523655920875,76-125,65.33437013955468,62.22947774879232,65.34907816289629,68.42455450697541,62.24418577213393
11,140,50.147879029428815,39.91953363422085,100.0,80.0,49.852120970571185,60.08046636577915,76-125,66.97172956432719,63.956941661384306,67.48314683408758,69.47510019750966,64.4683589311447
11,141,50.001175590201306,25.84725689722504,99.0,79.2,49.998824409798694,74.15274310277496,76-125,69.4301959434946,66.51007838447447,70.63789187814342,71.14261756786593,67.7177743191233
11,142,49.6428533100572,0.9084674821881982,98.0,78.4,50.3571466899428,99.0915325178118,76-125,74.12545051054519,71.32116517953949,76.56216980193865,74.49301655015746,73.75788447093294
11,143,48.72955137331776,0.0,97.0,77.60000000000001,51.27044862668224,100.0,76-125,74.18113458800468,71.5481794506729,76.61761215667056,74.37761215667057,73.98465701933878
11,144,50.088164475459486,0.0,96.0,76.8,49.911835524540514,100.0,76-125,73.37355065736216,70.68473420981621,75.87795888113513,73.55795888113514,73.18914243358918
11,145,50.14297071416097,0.0,95.0,76.0,49.85702928583903,100.0,76-125,72.9571087857517,70.34281171433562,75.46425732145975,73.06425732145976,72.84996025004367
11,146,50.13212697222259,0.0,94.0,75.2,49.86787302777741,100.0,76-125,72.56036190833322,70.02714921111097,75.06696825694435,72.58696825694435,72.5337555597221
11,147,50.195254409832025,0.0,93.0,74.4,49.804745590167975,100.0,76-125,72.1414236770504,69.6818982360672,74.651186397542,72.091186397542,72.19166095655879
11,148,50.14333791979198,4.548894561080308,92.0,73.6,49.85666208020802,95.4511054389197,76-125,70.84721971184635,68.47288591986715,73.12694187978192,70.94183133588996,70.75260808780273
11,149,50.26617512173208,28.75028077850431,91.0,72.8,49.73382487826792,71.2497192214957,76-125,65.5700913077795,63.26347379560631,66.64588602494089,66.80091410279132,64.33926851276769
11,150,50.06585593510246,28.945218981709807,90.0,72.0,49.93414406489754,71.05478101829019,76-125,65.1911994231273,62.984613829617054,66.24723127079693,66.34175316896791,64.04064567728668
11,151,50.0961679616693,19.55926618114489,89.0,71.2,49.9038320383307,80.44073381885511,76-125,66.65929637527023,64.5296795791033,68.18614146429645,67.26206808241093,66.05652466812953
11,152,50.2159616143286,16.917811286406856,88.0,70.39999999999999,49.7840383856714,83.08218871359314,76-125,66.75164925842004,64.69005309698719,68.41655677481613,67.14833790345682,66.35496061338327
11,153,50.289460748376825,15.102680783896158,87.0,69.6,49.710539251623175,84.89731921610384,76-125,66.69262561870772,64.70367954387004,68.45196461693175,66.92223269532137,66.46301854209406
11,154,50.362806081805694,22.95142270253786,86.0,68.8,49.637193918194306,77.04857729746215,76-125,64.70087363495072,62.78459302677015,66.07144280391411,65.2465850741679,64.15516219573354
11,155,50.09946482961729,11.94188313478872,85.0,68.0,49.90053517038271,88.05811686521128,76-125,66.58178392415707,64.77183744119534,68.4896630088985,66.48385132237736,66.67971652593677
11,156,50.04784902244901,0.0,84.0,67.2,49.95215097755099,100.0,76-125,68.5856452932653,66.8608603910204,71.08803774438775,67.80803774438775,69.36325284214286
11,157,50.13426634415979,0.0,83.0,66.4,49.86573365584021,100.0,76-125,68.15972009675207,66.50629346233609,70.66643341396005,67.30643341396006,69.01300677954407
11,158,50.16140922647638,0.0,82.0,65.60000000000001,49.83859077352362,100.0,76-125,67.75157723205709,66.17543630940946,70.25964769338091,66.81964769338092,68.68350677073327
11,159,50.18680016540559,1.0277525927304405,81.0,64.8,49.81319983459441,98.97224740726956,76-125,67.13840943183223,65.63972941529168,69.596361810466,66.17913706973903,68.09768179392543
11,160,50.19712822291433,0.0,80.0,64.0,49.80287177708567,100.0,76-125,66.9408615331257,65.52114871083427,69.45071794427142,65.85071794427142,68.03100512197999
11,161,48.97452797790675,0.0,79.0,63.2,51.02547202209325,100.0,76-125,66.90764160662798,65.6901888088373,69.35636800552331,65.67636800552332,68.13891520773264
11,162,49.73867969750522,0.0,78.0,62.4,50.26132030249478,100.0,76-125,66.27839609074843,65.06452812099792,68.7653300756237,65.00533007562369,67.55146210587317
11,163,43.615583704774224,0.0,77.0,61.6,56.384416295225776,100.0,76-125,67.71532488856774,67.19376651809031,69.89610407380644,66.05610407380644,69.37454570332902
11,164,27.775566820012752,0.0,76.0,60.8,72.22443317998724,100.0,76-125,72.06732995399616,73.20977327199489,73.45610829499681,69.53610829499681,74.59855161299554
11,165,34.51225576120941,0.0,75.0,60.0,65.48774423879058,100.0,31-75,69.64632327163717,70.19509769551624,71.37193605969765,67.37193605969765,71.9207104835767
11,166,14.625664479756148,0.0,74.0,59.199999999999996,85.37433552024385,100.0,31-75,75.21230065607315,77.82973420809753,75.94358388006096,71.86358388006096,78.56101743208535
11,167,9.729128359960177,0.0,73.0,58.4,90.27087164003983,100.0,31-75,76.28126149201195,79.46834865601593,76.76771791000996,72.60771791000995,79.95480507401393
11,168,10.250785212955453,0.0,72.0,57.599999999999994,89.74921478704455,100.0,31-75,75.72476443611336,78.93968591481783,76.23730369676113,71.99730369676114,79.45222517546559
11,169,3.1420815119015497,0.0,71.0,56.8,96.85791848809845,100.0,31-75,77.45737554642953,81.46316739523938,77.61447962202462,73.29447962202461,81.62027147083445
11,170,0.0,0.0,70.0,56.00000000000001,100.0,100.0,31-75,78.0,82.4,78.0,73.6,82.4
11,171,7.414941225289898,0.0,69.0,55.2,92.5850587747101,100.0,31-75,75.37551763241304,79.11402350988405,75.74626469367753,71.26626469367753,79.48477057114853
11,172,0.0,0.0,68.0,54.400000000000006,100.0,100.0,31-75,77.2,81.76,77.2,72.64,81.76
11,173,0.0,0.0,67.0,53.6,100.0,100.0,31-75,76.8,81.44,76.8,72.16,81.44
11,174,0.0,0.0,66.0,52.800000000000004,100.0,100.0,31-75,76.4,81.12,76.4,71.68,81.12
11,175,0.0,0.0,65.0,52.0,100.0,100.0,31-75,76.0,80.8,76.0,71.2,80.8
11,176,0.0,0.0,64.0,51.2,100.0,100.0,31-75,75.6,80.48,75.6,70.72,80.48
11,177,0.0,0.0,63.0,50.4,100.0,100.0,31-75,75.2,80.16,75.2,70.24,80.16
11,178,11.861276659679016,0.0,62.0,49.6,88.13872334032098,100.0,31-75,71.24161700209629,75.0954893361284,71.83468083508025,66.79468083508024,75.68855316911234
11,179,16.133398559071612,23.94027646967669,61.0,48.8,83.86660144092839,76.05972353032331,31-75,64.77192513834318,68.27858528243601,64.38158124281293,61.655608889780595,67.88824138690576
11,180,4.958691359437899,31.451794142892947,60.0,48.0,95.04130864056211,68.54820585710705,31-75,66.22203376359005,70.92616462764626,64.89737862441729,62.842558038706585,69.6015094884735
11,181,0.0,41.15944371871406,59.0,47.199999999999996,100.0,58.84055628128594,31-75,65.36811125625718,70.64811125625718,63.31013907032148,62.14608344219288,68.59013907032148
11,182,0.4382167974758289,38.406866033132445,58.0,46.400000000000006,99.56178320252417,61.593133966867555,31-75,65.38716175413076,70.70334007438319,63.488729292347934,61.96941589566118,68.80490761260035
11,183,3.3961354644382067,26.206459618144496,57.0,45.6,96.6038645355618,73.79354038185551,31-75,66.53986743703965,71.64025389059583,65.39935122935432,62.57999719116877,70.4997376829105
11,184,30.81790929448886,41.38015994856877,56.0,44.800000000000004,69.18209070551114,58.61984005143123,31-75,54.8785952219396,57.31680429249071,54.3504826892356,52.968498684092474,56.78869175978671
11,185,35.81764994169035,52.17514401821101,55.0,44.0,64.18235005830965,47.82485598178899,31-75,50.8196762138507,52.83791121968166,50.00180151002466,49.61931591184576,52.02003651585563
11,186,40.44472744703836,61.393535313116274,54.0,43.2,59.55527255296164,38.606464686883726,31-75,47.18787470326524,48.823401958561405,46.14043430996134,46.59978784127297,47.775961565257504
11,187,26.569576306959203,54.06705188194135,53.0,42.4,73.4304236930408,45.93294811805865,31-75,52.415716731523965,55.51875910082805,51.04084295277486,50.68754814096899,54.14388532207894
11,188,50.042619801390586,80.89804809913991,52.0,41.6,49.957380198609414,19.101951900860087,31-75,39.60760443975484,40.44334245961578,38.064833024867376,40.314637834781365,38.900571044728316
11,189,50.12705048741939,100.0,51.0,40.8,49.87294951258061,0.0,31-75,35.361884853774185,36.269179805032245,32.86823737814515,36.94823737814515,33.77553232940321
11,190,50.26216193671257,100.0,50.0,40.0,49.73783806328743,0.0,31-75,34.92135141898623,35.895135225314974,32.43445951582186,36.43445951582186,33.4082433221506
11,191,50.33931263806107,100.0,49.0,39.2,49.66068736193893,0.0,31-75,34.49820620858168,35.54427494477557,32.01517184048473,35.935171840484735,33.06124057667863
11,192,50.4201061257056,100.0,48.0,38.4,49.5798938742944,0.0,31-75,34.07396816228832,35.191957549717756,31.5949734685736,35.4349734685736,32.71296285600304
11,193,50.44985723236652,100.0,47.0,37.6,49.55014276763348,0.0,31-75,33.66504283029005,34.86005710705339,31.187535691908373,34.94753569190837,32.38254996867172
11,194,50.739140764112726,100.0,46.0,36.8,49.260859235887274,0.0,31-75,33.17825777076618,34.42434369435491,30.715214808971815,34.395214808971815,31.961300732560545
11,195,51.12378174422964,100.0,45.0,36.0,48.87621825577036,0.0,31-75,32.662865476731106,33.95048730230815,30.219054563942592,33.819054563942586,31.506676389519626
11,196,51.36858975569347,100.0,44.0,35.199999999999996,48.63141024430653,0.0,31-75,32.189423073291955,33.53256409772261,29.757852561076632,33.27785256107663,31.100993585507283
11,197,51.535881190632985,100.0,43.0,34.4,48.464118809367015,0.0,31-75,31.7392356428101,33.14564752374681,29.31602970234175,32.75602970234175,30.722441583278453
11,198,51.635867026500655,100.0,42.0,33.6,48.364132973499345,0.0,31-75,31.309239892049803,32.78565318939974,28.891033243374835,32.251033243374835,30.36744654072477
11,199,51.7970931823436,100.0,41.0,32.800000000000004,48.2029068176564,0.0,31-75,30.860872045296922,32.40116272706256,28.4507267044141,31.730726704414103,29.991017386179742
11,200,51.98677511367952,100.0,40.0,32.0,48.01322488632048,0.0,31-75,30.403967465896145,32.005289954528195,28.003306221580118,31.20330622158012,29.604628710212168
11,201,52.07690014789936,100.0,39.0,31.2,47.92309985210064,0.0,31-75,29.97692995563019,31.649239940840257,27.58077496302516,30.70077496302516,29.253084948235223
11,202,52.24400212602056,100.0,38.0,30.4,47.75599787397944,0.0,31-75,29.52679936219383,31.262399149591776,27.13899946849486,30.178999468494858,28.874599255892804
11,203,52.55811993424665,100.0,37.0,29.599999999999998,47.44188006575335,0.0,31-75,29.032564019726003,30.81675202630134,26.66047001643834,29.620470016438336,28.444658023013673
11,204,52.89118289212253,100.0,36.0,28.799999999999997,47.10881710787747,0.0,31-75,28.53264513236324,30.36352684315099,26.177204276969366,29.057204276969365,28.008085987757113
11,205,53.47035451445093,100.0,35.0,28.000000000000004,46.52964548554907,0.0,31-75,27.958893645664723,29.81185819421963,25.63241137138727,28.432411371387268,27.485375919942175
11,206,53.68284630165751,100.0,34.0,27.200000000000003,46.31715369834249,0.0,31-75,27.49514610950275,29.406861479337,25.17928842458562,27.89928842458562,27.091003794419873
11,207,54.23301772623131,100.0,33.0,26.400000000000002,45.76698227376869,0.0,31-75,26.93009468213061,28.866792909507478,24.641745568442175,27.281745568442172,26.578443795819044
11,208,54.56887942963399,100.0,32.0,25.6,45.43112057036601,0.0,31-75,26.429336171109803,28.412448228146406,24.157780142591506,26.7177801425915,26.140892199628105
11,209,54.977914571655646,100.0,31.0,24.8,45.022085428344354,0.0,31-75,25.906625628503306,27.928834171337744,23.655521357086087,26.135521357086088,25.677729899920525
11,210,55.91507123838202,100.0,30.0,24.0,44.08492876161798,0.0,0-30,25.225478628485394,27.233971504647194,23.021232190404497,25.421232190404496,25.029725066566293
11,211,56.56334138118933,100.0,29.0,23.200000000000003,43.43665861881067,0.0,0-30,24.6309975856432,26.654663447524268,22.45916465470267,24.77916465470267,24.482830516583732
11,212,57.0433818520608,100.0,28.0,22.400000000000002,42.9566181479392,0.0,0-30,24.08698544438176,26.142647259175682,21.939154536984802,24.179154536984804,23.99481635177872
11,213,58.058664443786135,100.0,27.0,21.6,41.941335556213865,0.0,0-30,23.382400666864157,25.41653422248555,21.28533388905347,23.445333889053465,23.319467444674853
11,214,58.43206946377619,100.0,26.0,20.8,41.56793053622381,0.0,0-30,22.870379160867145,24.947172214489527,20.791982634055955,22.871982634055954,22.868775687678333
11,215,59.071147757802606,100.0,25.0,20.0,40.928852242197394,0.0,0-30,22.27865567265922,24.371540896878958,20.23221306054935,22.23221306054935,22.325098284769087
11,216,59.892409005561206,100.0,24.0,19.2,40.107590994438794,0.0,0-30,21.632277298331637,23.72303639777552,19.6268977486097,21.546897748609698,21.71765684805358
11,217,60.55959289927595,100.0,23.0,18.4,39.44040710072405,0.0,0-30,21.032122130217214,23.13616284028962,19.06010177518101,20.900101775181014,21.164142485253414
11,218,61.332042407213805,100.0,22.0,17.599999999999998,38.667957592786195,0.0,0-30,20.400387277835858,22.50718303711448,18.466989398196546,20.226989398196547,20.573785157475164
11,219,62.292169116615085,100.0,21.0,16.8,37.707830883384915,0.0,0-30,19.712349265015476,21.803132353353966,17.82695772084623,19.50695772084623,19.91774080918472
11,220,63.24446050934192,100.0,20.0,16.0,36.75553949065808,0.0,0-30,19.026661847197424,21.10221579626323,17.18888487266452,18.788884872664518,19.26443882173033
11,221,64.79081823628226,100.0,19.0,15.2,35.20918176371774,0.0,0-30,18.16275452911532,20.163672705487095,16.402295440929436,17.92229544092943,18.403213617301205
11,222,66.24190738925824,100.0,18.0,14.399999999999999,33.758092610741755,0.0,0-30,17.327427783222525,19.2632370442967,15.639523152685438,17.07952315268544,17.57533241375961
11,223,67.99151715823763,100.0,17.0,13.600000000000001,32.00848284176237,0.0,0-30,16.402544852528713,18.243393136704952,14.802120710440594,16.162120710440593,16.64296899461683
11,224,69.63191944037231,100.0,16.0,12.8,30.368080559627685,0.0,0-30,15.510424167888306,17.267232223851074,13.992020139906922,15.272020139906921,15.74882819586969
11,225,70.99743850549922,100.0,15.0,12.0,29.00256149450078,0.0,0-30,14.700768448350233,16.401024597800316,13.250640373625195,14.450640373625195,14.950896523075274
11,226,72.5336932879481,100.0,14.0,11.200000000000001,27.466306712051903,0.0,0-30,13.839892013615572,15.466522684820763,12.466576678012977,13.586576678012976,14.093207349218165
11,227,75.14834639172612,100.0,13.0,10.4,24.851653608273878,0.0,0-30,12.655496082482163,14.100661443309551,11.412913402068469,12.45291340206847,12.858078762895857
11,228,77.55543571430215,100.0,12.0,9.6,22.44456428569785,0.0,0-30,11.533369285709355,12.81782571427914,10.411141071424463,11.371141071424463,11.695597499994246
11,229,80.3721264206265,100.0,11.0,8.799999999999999,19.6278735793735,0.0,0-30,10.28836207381205,11.3711494317494,9.306968394843373,10.186968394843374,10.389755752780724
11,230,83.1188458278707,100.0,10.0,8.0,16.8811541721293,0.0,0-30,9.064346251638788,9.95246166885172,8.220288543032325,9.020288543032326,9.108403960245255
11,231,86.21706617312411,100.0,9.0,7.199999999999999,13.78293382687589,0.0,0-30,7.734880148062767,8.393173530750357,7.045733456718972,7.765733456718972,7.704026839406561
11,232,88.7565240785843,100.0,8.0,6.4,11.243475921415694,0.0,0-30,6.573042776424709,7.057390368566279,6.010868980353924,6.650868980353923,6.495216572495494
11,233,91.96683580534103,100.0,7.0,5.6000000000000005,8.033164194658966,0.0,0-30,5.20994925839769,5.453265677863587,4.808291048664742,5.368291048664742,5.051607468130638
11,234,95.10386286742532,100.0,6.0,4.8,4.89613713257468,0.0,0-30,3.868841139772404,3.878454853029872,3.62403428314367,4.10403428314367,3.6336479964011374
11,235,98.22944801492017,100.0,5.0,4.0,1.770551985079834,0.0,0-30,2.5311655955239503,2.308220794031934,2.4426379962699585,2.8426379962699584,2.2196931947779417
11,236,100.0,100.0,4.0,3.2,0.0,0.0,0-30,1.6,1.2800000000000002,1.6,1.92,1.2800000000000002
11,237,100.0,100.0,3.0,2.4,0.0,0.0,0-30,1.2,0.96,1.2,1.44,0.96
11,238,100.0,100.0,2.0,1.6,0.0,0.0,0-30,0.8,0.6400000000000001,0.8,0.96,0.6400000000000001
11,239,100.0,100.0,1.0,0.8,0.0,0.0,0-30,0.4,0.32000000000000006,0.4,0.48,0.32000000000000006
11,240,100.0,100.0,0.0,0.0,0.0,0.0,0-30,0.0,0.0,0.0,0.0,0.0
13,39,0.0,0.0,124.0,99.2,100.0,100.0,76-125,99.6,99.68,99.6,99.52,99.68
13,40,0.0,0.0,123.0,98.4,100.0,100.0,76-125,99.2,99.36000000000001,99.2,99.03999999999999,99.36000000000001
13,41,0.0,0.0,122.0,97.6,100.0,100.0,76-125,98.8,99.03999999999999,98.8,98.56,99.03999999999999
13,42,0.0,0.0,121.0,96.8,100.0,100.0,76-125,98.4,98.72,98.4,98.08,98.72
13,43,0.0,0.0,120.0,96.0,100.0,100.0,76-125,98.0,98.4,98.0,97.6,98.4
13,44,0.0,0.0,119.0,95.19999999999999,100.0,100.0,76-125,97.6,98.08,97.6,97.11999999999999,98.08
13,45,0.0,0.0,118.0,94.39999999999999,100.0,100.0,76-125,97.19999999999999,97.75999999999999,97.19999999999999,96.63999999999999,97.75999999999999
13,46,0.0,0.0,117.0,93.60000000000001,100.0,100.0,76-125,96.80000000000001,97.44,96.80000000000001,96.16,97.44
13,47,0.0,0.0,116.0,92.80000000000001,100.0,100.0,76-125,96.4,97.12,96.4,95.68,97.12
13,48,0.0,0.0,115.0,92.0,100.0,100.0,76-125,96.0,96.80000000000001,96.0,95.19999999999999,96.80000000000001
13,49,0.0,0.0,114.0,91.2,100.0,100.0,76-125,95.6,96.48,95.6,94.72,96.48
13,50,0.0,0.0,113.0,90.4,100.0,100.0,76-125,95.2,96.16,95.2,94.24000000000001,96.16
13,51,0.0,0.0,112.0,89.60000000000001,100.0,100.0,76-125,94.80000000000001,95.84,94.80000000000001,93.76,95.84
13,52,0.0,13.489156111987896,111.0,88.8,100.0,86.5108438880121,76-125,91.70216877760242,92.82216877760243,91.02771097200304,91.25662658320182,92.14771097200304
13,53,0.0,19.952389752425624,110.0,88.0,100.0,80.04761024757437,76-125,90.00952204951487,91.20952204951487,89.01190256189359,89.80714153713615,90.2119025618936
13,54,0.0,31.69259123888593,109.0,87.2,100.0,68.30740876111406,76-125,87.2614817522228,88.54148175222281,85.67685219027851,87.5661113141671,86.95685219027851
13,55,0.0,22.27940904378461,108.0,86.4,100.0,77.72059095621539,76-125,88.74411819124307,90.10411819124309,87.63014773905385,88.49808864343231,88.99014773905385
13,56,0.0,5.389386036861473,107.0,85.6,100.0,94.61061396313853,76-125,91.7221227926277,93.16212279262771,91.45265349078463,90.55159209447076,92.89265349078464
13,57,0.0,2.3330175565517504,106.0,84.8,100.0,97.66698244344825,76-125,91.93339648868965,93.45339648868965,91.81674561086207,90.53004736651724,93.33674561086207
13,58,0.0,3.898148857423074,105.0,84.0,100.0,96.10185114257692,76-125,91.22037022851538,92.82037022851537,91.02546278564424,89.81527767138654,92.62546278564423
13,59,0.0,25.33056559702528,104.0,83.2,100.0,74.66943440297472,76-125,86.53388688059493,88.21388688059494,85.26735860074368,86.12041516044621,86.94735860074368
13,60,0.0,32.985803350583105,103.0,82.39999999999999,100.0,67.0141966494169,76-125,84.60283932988337,86.36283932988339,82.95354916235422,84.49212949741253,84.71354916235424
13,61,0.0,36.57123225144269,102.0,81.6,100.0,63.42876774855731,76-125,83.48575354971146,85.32575354971146,81.65719193713933,83.47431516228359,83.49719193713933
13,62,0.0,42.1898131060828,101.0,80.80000000000001,100.0,57.8101868939172,76-125,81.96203737878345,83.88203737878345,79.8525467234793,82.15152803408759,81.77254672347931
13,63,0.0,55.1313594494372,100.0,80.0,100.0,44.8686405505628,76-125,78.97372811011256,80.97372811011256,76.2171601376407,79.73029608258442,78.2171601376407
13,64,0.0,70.98310419711837,99.0,79.2,100.0,29.016895802881635,76-125,75.40337916057632,77.48337916057633,71.85422395072041,76.87253437043225,73.93422395072042
13,65,0.0,79.17021629188056,98.0,78.4,100.0,20.829783708119436,76-125,73.36595674162389,75.52595674162389,69.40744592702987,75.16446755621791,71.56744592702987
13,66,0.0,79.85854592515038,97.0,77.60000000000001,100.0,20.14145407484962,76-125,72.82829081496993,75.06829081496993,68.83536351871241,74.58121811122744,71.07536351871241
13,67,3.1514942298473425,87.21034814420983,96.0,76.8,96.84850577015266,12.789651855790169,76-125,70.01248210220383,72.01733267921911,65.8095394064857,72.2105742209067,67.81438998350096
13,68,1.9207757689362897,89.40403005115873,95.0,76.0,98.0792242310637,10.595969948841272,76-125,69.54296125908736,71.75088368219373,65.16879854497624,71.70920155009212,67.37672096808262
13,69,0.0,80.18224212219724,94.0,75.2,100.0,19.817757877802762,76-125,71.56355157556055,74.04355157556056,67.5544394694507,73.09266368167042,70.03443946945069
13,70,0.0,62.21918167825624,93.0,74.4,100.0,37.78081832174376,76-125,74.75616366434875,77.31616366434875,71.64520458043594,75.30712274826156,74.20520458043595
13,71,0.0,40.1861130893036,92.0,73.6,100.0,59.8138869106964,76-125,78.76277738213928,81.40277738213928,76.7534717276741,78.13208303660446,79.3934717276741
13,72,0.0,25.368766899542887,91.0,72.8,100.0,74.63123310045711,76-125,81.32624662009142,84.04624662009142,80.05780827511427,79.87468496506857,82.77780827511428
13,73,7.069286547280903,23.842573416235773,90.0,72.0,92.93071345271909,76.15742658376422,76-125,79.11069935256856,81.2037706978405,78.27203500912083,77.85629235074441,80.36510635439274
13,74,12.522715727869109,26.642136429382496,89.0,71.2,87.47728427213089,73.3578635706175,76-125,76.51475799576276,78.14248642297585,75.8087869606871,75.59300060362534,77.43651538790019
13,75,7.26621581014657,25.413817791998245,88.0,70.39999999999999,92.73378418985342,74.58618220800176,76-125,77.93737169855638,80.17075011754173,77.02999159946378,76.61137337866361,79.26337001844914
13,76,4.379440298774427,21.332094725302586,87.0,69.6,95.62055970122557,78.66790527469742,76-125,79.21974896530716,81.82180493542972,78.37211624398074,77.465325716511,80.9741722141033
13,77,1.5552224710419145,25.10162206085038,86.0,68.8,98.44477752895808,74.89837793914961,76-125,78.91310884651735,81.87758659941315,77.73578886702693,77.12595107311196,80.70026661992273
13,78,10.181698993353374,35.39102321017994,85.0,68.0,89.81830100664662,64.60897678982006,76-125,73.867285659958,76.04911576062267,72.60681944911667,72.94592177013466,74.78864954978134
13,79,0.0,21.628784648487592,84.0,67.2,100.0,78.3712153515124,76-125,79.27424307030248,82.55424307030248,78.1928038378781,77.07568230272685,81.4728038378781
13,80,0.0,3.734653348066906,83.0,66.4,100.0,96.2653466519331,76-125,82.45306933038663,85.81306933038663,82.26633666298328,79.27980199778997,85.62633666298328
13,81,1.5919790228301645,0.0,82.0,65.60000000000001,98.40802097716984,100.0,76-125,82.32240629315095,85.60320839086795,82.40200524429247,78.96200524429247,85.68280734200945
13,82,14.309164633579236,0.0,81.0,64.8,85.69083536642077,100.0,76-125,78.10725060992623,80.19633414656832,78.82270884160519,75.30270884160518,80.91179237824727
13,83,11.258862711148897,0.0,80.0,64.0,88.7411372888511,100.0,76-125,78.62234118665533,81.09645491554045,79.18528432221278,75.58528432221277,81.6593980510979
13,84,7.157913658770382,7.7889130683882035,79.0,63.2,92.84208634122962,92.2110869316118,76-125,77.89484328869125,80.85905192281422,77.86329331821035,74.96218462504918,80.82750195233332
13,85,0.8858686708973875,5.847927307870632,78.0,62.4,99.11413132910262,94.15207269212937,76-125,79.76465393715665,83.43606707006693,79.516551005308,76.34134373609506,83.18796413821826
13,86,13.630018029491072,13.179458033338268,77.0,61.6,86.36998197050893,86.82054196666174,76-125,74.07510298448503,76.55210118153592,74.09763098429266,71.57557678762649,76.57462918134355
13,87,15.35618976754832,17.213697541702484,76.0,60.8,84.64381023245168,82.78630245829751,76-125,72.35040356139501,74.73478458464018,72.2575281726873,70.05889792685754,74.64190919593247
13,88,15.718970673458726,28.08380181370869,75.0,60.0,84.28102932654127,71.91619818629131,31-75,69.66754843522065,72.09565136787478,69.04930687820814,67.857687059579,71.47740981086227
13,89,13.248501119688594,24.440972396030094,74.0,59.199999999999996,86.7514988803114,75.55902760396991,31-75,70.7372551848874,73.49240507291854,70.17763162107033,68.54172886067333,72.93278150910147
13,90,18.557631769108045,19.67144825392438,73.0,58.4,81.44236823089196,80.32855174607562,31-75,69.6984208184827,72.00265764157191,69.64272999424189,67.44987481963433,71.94696681733109
13,91,18.741325096049938,16.062710818044387,72.0,57.599999999999994,81.25867490395007,83.9372891819556,31-75,69.96506030757614,72.33092779797116,70.09899102147642,67.46526210328085,72.46485851187143
13,92,38.09127966459426,39.55740218287895,71.0,56.8,61.90872033540574,60.44259781712105,31-75,59.061135664045935,59.572007697586514,58.9878295381317,58.62356975641959,59.49870157167227
13,93,32.78586044315341,50.56649984160028,70.0,56.00000000000001,67.21413955684659,49.43350015839972,31-75,58.050941898733925,59.17235585441859,57.161909928811575,57.81855991297161,58.283323884496234
13,94,30.462551244535668,51.00762036552487,69.0,55.2,69.53744875546434,48.99237963447513,31-75,58.25971055353433,59.69345542908076,57.23245709748487,57.85321913403735,58.666201973031306
13,95,43.44230920577227,51.56656163477999,68.0,54.400000000000006,56.55769079422773,48.43343836522001,31-75,53.85399491131233,54.069763990735105,53.44778228986194,54.044438453339936,53.66355136928472
13,96,43.38668250209272,57.41288377309214,67.0,53.6,56.61331749790728,42.58711622690786,31-75,52.301418494753754,52.60275024454449,51.600108431203786,52.701396808512996,51.90144018099451
13,97,23.761098511136044,42.21943617452206,66.0,52.800000000000004,76.23890148886396,57.78056382547794,31-75,60.82778321175478,63.17167336064118,59.90486632858548,59.406809946037676,62.24875647747187
13,98,24.268759256211936,26.22663579799404,65.0,52.0,75.73124074378806,73.77336420200596,31-75,63.47404506353761,65.84716913791642,63.37615123644851,61.19881481624791,65.74927531082731
13,99,44.51924934356912,23.60240235803405,64.0,51.2,55.48075065643088,76.39759764196594,31-75,57.52374472532245,57.951819790965544,58.569587074599205,56.049827310402605,58.9976621402423
13,100,33.14148678910507,10.655637588949268,63.0,50.4,66.85851321089493,89.34436241105072,31-75,63.12642644547863,64.77227776656812,64.25071890548641,60.35628266438134,65.8965702265759
13,101,42.91036767283629,3.5970290128513853,62.0,49.6,57.08963232716371,96.40297098714862,31-75,61.20748389557883,61.95644712829521,63.17315082857808,58.49285372986322,63.92211406129446
13,102,42.159899049159016,11.823191568725248,61.0,48.8,57.840100950840984,88.17680843127475,31-75,59.38739197150724,60.291402066591345,60.90422734552894,56.96654650240146,61.80823744061303
13,103,41.994449850111984,13.462340465611003,60.0,48.0,58.005550149888016,86.537659534389,31-75,58.709196951844206,59.70975196683301,60.13580242106926,56.28203646763035,61.13635743605805
13,104,47.80600947263742,15.908610207980724,59.0,47.199999999999996,52.19399052736258,84.09138979201927,31-75,56.07647511661263,56.575874169348886,57.67134507984546,53.98220610064353,58.17074413258172
13,105,50.08114499390437,36.68602028775645,58.0,46.400000000000006,49.91885500609563,63.31397971224355,31-75,50.8384524442774,51.19033794488696,51.5082086795848,49.81681070836045,51.860094180194366
13,106,50.13045166305387,58.42484245050345,57.0,45.6,49.86954833694613,41.57515754949655,31-75,46.07589601098315,46.502850844677766,45.66117647161067,46.06366071666102,46.08813130530528
13,107,50.03103127063975,48.55752291113038,56.0,44.800000000000004,49.96896872936025,51.44247708886962,31-75,47.679186036582,48.196082909518026,47.75286145455747,47.08861374567051,48.26975832749349
13,108,40.39410893532996,22.991681914745666,55.0,44.0,59.60589106467004,77.00831808525433,31-75,55.28343093645187,56.844020042918885,56.15355228748109,52.85272047895565,57.7141413939481
13,109,50.05356785101545,28.18452024640151,54.0,43.2,49.94643214898455,71.81547975359848,31-75,50.94702559541506,51.62166881031352,52.04047797564576,49.17893000028591,52.71512119054421
13,110,50.0571329387287,19.578298596450903,53.0,42.4,49.9428670612713,80.4217014035491,31-75,52.26720039909121,53.02148710521834,53.791142116205094,49.988971975850184,54.54542882233223
13,111,50.00727067149401,13.533117395417662,52.0,41.6,49.99272932850599,86.46688260458234,31-75,53.09119531946826,53.93046825231886,54.914902983272086,50.42821472281385,55.754175916122676
13,112,48.26466148199557,3.150022867212412,51.0,40.8,51.73533851800443,96.84997713278759,31-75,55.29059698195884,56.3841308337593,57.546328912698,51.94133119941924,58.639862764498446
13,113,47.32240593542294,0.0,50.0,40.0,52.67759406457706,100.0,31-75,55.80327821937311,57.071037625830826,58.16939851614426,52.16939851614426,59.43715792260197
13,114,50.058823415086536,0.0,49.0,39.2,49.941176584913464,100.0,31-75,54.58235297547404,55.65647063396539,57.085294146228364,51.005294146228366,58.15941180471971
13,115,50.08652216157934,0.0,48.0,38.4,49.91347783842066,100.0,31-75,54.174043351526194,55.325391135368264,56.678369459605165,50.51836945960517,57.829717243447234
13,116,32.59543735825026,0.0,47.0,37.6,67.40456264174975,100.0,31-75,59.021368792524925,62.0018250566999,60.651140660437434,54.41114066043744,63.63159692461241
13,117,46.71055691094717,0.0,46.0,36.8,53.28944308905283,100.0,31-75,54.38683292671585,56.03577723562113,56.72236077226321,50.40236077226321,58.37130508116849
13,118,39.53795404626137,0.0,45.0,36.0,60.46204595373863,100.0,31-75,56.13861378612159,58.58481838149545,58.115511488434656,51.71551148843466,60.56171608380852
13,119,34.39586001387983,0.0,44.0,35.199999999999996,65.60413998612017,100.0,31-75,57.28124199583605,60.321655994448065,59.00103499653004,52.52103499653004,62.04144899514206
13,120,37.0805192064162,0.0,43.0,34.4,62.9194807935838,100.0,31-75,56.075844238075135,58.92779231743352,57.929870198395946,51.369870198395944,60.781818277754326
13,121,47.30156827954299,0.0,42.0,33.6,52.69843172045701,100.0,31-75,52.6095295161371,54.519372688182806,54.97460793011425,48.33460793011425,56.88445110215996
13,122,34.28089517854204,0.0,41.0,32.800000000000004,65.71910482145796,100.0,31-75,56.115731446437394,59.40764192858319,57.829776205364496,51.1097762053645,61.12168668751029
13,123,45.44352905824529,0.0,40.0,32.0,54.55647094175471,100.0,31-75,52.36694128252641,54.622588376701884,54.639117735438674,47.83911773543868,56.89476482961415
13,124,50.31662997370608,21.887182287884983,39.0,31.2,49.68337002629392,78.11281771211502,31-75,46.12757455031118,47.97591155294057,47.54904693460223,42.85776516339073,49.39738393723162
13,125,50.28446462306678,59.92966616634016,38.0,30.4,49.71553537693322,40.07033383365984,31-75,38.128727379811934,40.06028091750525,37.64646730264826,36.679433919282275,39.57802084034159
13,126,50.51364457574762,85.24360385299948,37.0,29.599999999999998,49.48635542425238,14.756396147000515,31-75,32.597185856675814,34.58582139910106,30.860687892813225,32.34504827811317,32.84932343523846
13,127,50.52331698494128,100.0,36.0,28.799999999999997,49.47668301505872,0.0,31-75,29.243004904517612,31.310673206023488,26.769170753764676,29.64917075376468,28.83683905527055
13,128,50.59939773423014,100.0,35.0,28.000000000000004,49.40060226576986,0.0,31-75,28.82018067973096,30.96024090630795,26.350150566442466,29.150150566442466,28.490210793019454
13,129,50.46758581379531,100.0,34.0,27.200000000000003,49.53241418620469,0.0,31-75,28.45972425586141,30.69296567448188,25.983103546551174,28.703103546551173,28.216344965171643
13,130,50.82991186737031,100.0,33.0,26.400000000000002,49.17008813262969,0.0,31-75,27.951026439788905,30.22803525305188,25.49252203315742,28.13252203315742,27.76953084642039
13,131,51.044149743961455,100.0,32.0,25.6,48.955850256038545,0.0,31-75,27.486755076811562,29.82234010241542,25.038962564009637,27.598962564009636,27.374547589613492
13,132,51.28065677943615,100.0,31.0,24.8,48.71934322056385,0.0,31-75,27.015802966169154,29.407737288225544,24.579835805140963,27.059835805140963,26.97177012719735
13,133,51.33517191454319,100.0,30.0,24.0,48.66482808545681,0.0,0-30,26.599448425637043,29.065931234182727,24.1662070213642,26.5662070213642,26.632689829909886
13,134,51.69022623226003,100.0,29.0,23.200000000000003,48.30977376773997,0.0,0-30,26.09293213032199,28.60390950709599,23.677443441934994,25.997443441934994,26.188420818708988
13,135,52.14415252876381,100.0,28.0,22.400000000000002,47.85584747123619,0.0,0-30,25.556754241370857,28.102338988494477,23.16396186780905,25.40396186780905,25.709546614932666
13,136,52.62152410653452,100.0,27.0,21.6,47.37847589346548,0.0,0-30,25.013542768039642,27.591390357386192,22.64461897336637,24.80461897336637,25.222466562712917
13,137,53.10044220541207,100.0,26.0,20.8,46.89955779458793,0.0,0-30,24.46986733837638,27.079823117835172,22.124889448646982,24.20488944864698,24.734845228105772
13,138,53.443108388812,100.0,25.0,20.0,46.556891611188,0.0,0-30,23.967067483356402,26.6227566444752,21.639222902797002,23.639222902797002,24.2949120639158
13,139,54.02704676597658,100.0,24.0,19.2,45.97295323402342,0.0,0-30,23.391885970207028,26.06918129360937,21.093238308505853,23.013238308505855,23.770533631908197
13,140,54.8128263705022,100.0,23.0,18.4,45.1871736294978,0.0,0-30,22.75615208884934,25.43486945179912,20.496793407374447,22.33679340737445,23.17551077032423
13,141,55.19321202275598,100.0,22.0,17.599999999999998,44.80678797724402,0.0,0-30,22.242036393173205,24.962715190897608,20.001696994311004,21.761696994311002,22.722375792035407
13,142,55.91089786655827,100.0,21.0,16.8,44.08910213344173,0.0,0-30,21.62673064003252,24.35564085337669,19.422275533360434,21.102275533360434,22.151185746704606
13,143,57.11247717944727,100.0,20.0,16.0,42.88752282055273,0.0,0-30,20.866256846165818,23.555009128221094,18.721880705138183,20.321880705138184,21.410632987193456
13,144,58.121604553305545,100.0,19.0,15.2,41.878395446694455,0.0,0-30,20.163518634008334,22.83135817867778,18.06959886167361,19.589598861673615,20.73743840634306
13,145,59.123426663835,100.0,18.0,14.399999999999999,40.876573336165,0.0,0-30,19.462972000849497,22.110629334466005,17.41914333404125,18.85914333404125,20.066800667657752
13,146,60.28096258828565,100.0,17.0,13.600000000000001,39.71903741171435,0.0,0-30,18.715711223514305,21.327614964685743,16.72975935292859,18.08975935292859,19.341663094100024
13,147,61.27149179520633,100.0,16.0,12.8,38.72850820479367,0.0,0-30,18.0185524614381,20.611403281917468,16.08212705119842,17.362127051198417,18.674977871677783
13,148,62.60472230954383,100.0,15.0,12.0,37.39527769045617,0.0,0-30,17.21858330713685,19.75811107618247,15.348819422614042,16.54881942261404,17.88834719165966
13,149,64.14000053788706,100.0,14.0,11.200000000000001,35.85999946211294,0.0,0-30,16.35799983863388,18.823999784845178,14.564999865528236,15.684999865528235,17.030999811739527
13,150,65.82344836707145,100.0,13.0,10.4,34.17655163292855,0.0,0-30,15.452965489878565,17.830620653171422,13.744137908232137,14.784137908232138,16.12179307152499
13,151,67.90731797141099,100.0,12.0,9.6,32.09268202858901,0.0,0-30,14.427804608576704,16.677072811435604,12.823170507147253,13.783170507147252,15.072438710006153
13,152,69.92765408321867,100.0,11.0,8.799999999999999,30.07234591678133,0.0,0-30,13.421703775034398,15.548938366712532,11.918086479195331,12.798086479195332,14.045321070873465
13,153,72.23403539885271,100.0,10.0,8.0,27.76596460114729,0.0,0-30,12.329789380344186,14.306385840458915,10.941491150286822,11.741491150286823,12.91808761040155
13,154,73.73036109247681,100.0,9.0,7.199999999999999,26.269638907523188,0.0,0-30,11.480891672256956,13.387855563009275,10.167409726880797,10.887409726880797,12.074373617633114
13,155,76.52399022080952,100.0,8.0,6.4,23.476009779190477,0.0,0-30,10.242802933757144,11.950403911676192,9.069002444797619,9.709002444797619,10.776603422716667
13,156,78.84696178041622,100.0,7.0,5.6000000000000005,21.153038219583777,0.0,0-30,9.145911465875134,10.701215287833511,8.088259554895945,8.648259554895944,9.64356337685432
13,157,82.41823877118493,100.0,6.0,4.8,17.58176122881507,0.0,0-30,7.67452836864452,8.952704491526028,6.7954403072037675,7.275440307203767,8.073616430085274
13,158,85.31487120774449,100.0,5.0,4.0,14.685128792255512,0.0,0-30,6.405538637676654,7.474051516902206,5.671282198063878,6.071282198063878,6.739795077289429
13,159,90.20064058202767,100.0,4.0,3.2,9.799359417972326,0.0,0-30,4.539807825391698,5.199743767188931,4.049839854493081,4.369839854493081,4.709775796290314
13,160,94.25772742953131,100.0,3.0,2.4,5.7422725704686854,0.0,0-30,2.9226817711406055,3.2569090281874744,2.6355681426171715,2.8755681426171713,2.9697953996640396
13,161,98.6780455723177,100.0,2.0,1.6,1.3219544276823,0.0,0-30,1.19658632830469,1.1687817710729203,1.130488606920575,1.290488606920575,1.102684049688805
13,162,100.0,100.0,1.0,0.8,0.0,0.0,0-30,0.4,0.32000000000000006,0.4,0.48,0.32000000000000006
13,163,100.0,100.0,0.0,0.0,0.0,0.0,0-30,0.0,0.0,0.0,0.0,0.0
19,39,3.282556825092474,12.599237977883613,119.0,95.19999999999999,96.71744317490753,87.40076202211638,76-125,94.09538535689553,94.24712967438629,93.62955129925598,94.40947509704434,93.78129561674673
19,40,0.0,6.031984584364984,118.0,94.39999999999999,100.0,93.96801541563502,76-125,95.993603083127,96.553603083127,95.69200385390874,95.73520231234524,96.25200385390875
19,41,0.0,0.0,117.0,93.60000000000001,100.0,100.0,76-125,96.80000000000001,97.44,96.80000000000001,96.16,97.44
19,42,0.0,0.0,116.0,92.80000000000001,100.0,100.0,76-125,96.4,97.12,96.4,95.68,97.12
19,43,0.0,0.0,115.0,92.0,100.0,100.0,76-125,96.0,96.80000000000001,96.0,95.19999999999999,96.80000000000001
19,44,0.0,0.0,114.0,91.2,100.0,100.0,76-125,95.6,96.48,95.6,94.72,96.48
19,45,0.0,0.0,113.0,90.4,100.0,100.0,76-125,95.2,96.16,95.2,94.24000000000001,96.16
19,46,0.0,0.0,112.0,89.60000000000001,100.0,100.0,76-125,94.80000000000001,95.84,94.80000000000001,93.76,95.84
19,47,0.0,0.0,111.0,88.8,100.0,100.0,76-125,94.4,95.52000000000001,94.4,93.28,95.52000000000001
19,48,0.0,0.0,110.0,88.0,100.0,100.0,76-125,94.0,95.2,94.0,92.8,95.2
19,49,0.0,0.0,109.0,87.2,100.0,100.0,76-125,93.6,94.88,93.6,92.32,94.88
19,50,0.0,0.0,108.0,86.4,100.0,100.0,76-125,93.2,94.56,93.2,91.84,94.56
19,51,0.0,0.0,107.0,85.6,100.0,100.0,76-125,92.8,94.24000000000001,92.8,91.35999999999999,94.24000000000001
19,52,0.0,0.0,106.0,84.8,100.0,100.0,76-125,92.4,93.92,92.4,90.88,93.92
19,53,0.0,0.0,105.0,84.0,100.0,100.0,76-125,92.0,93.6,92.0,90.4,93.6
19,54,0.0,0.0,104.0,83.2,100.0,100.0,76-125,91.6,93.28,91.6,89.92,93.28
19,55,0.0,0.0,103.0,82.39999999999999,100.0,100.0,76-125,91.19999999999999,92.96000000000001,91.19999999999999,89.44,92.96000000000001
19,56,0.0,0.0,102.0,81.6,100.0,100.0,76-125,90.8,92.64,90.8,88.96,92.64
19,57,0.0,0.0,101.0,80.80000000000001,100.0,100.0,76-125,90.4,92.32000000000001,90.4,88.48,92.32000000000001
19,58,0.0,0.0,100.0,80.0,100.0,100.0,76-125,90.0,92.0,90.0,88.0,92.0
19,59,0.0,0.0,99.0,79.2,100.0,100.0,76-125,89.6,91.68,89.6,87.52000000000001,91.68
19,60,0.0,0.0,98.0,78.4,100.0,100.0,76-125,89.2,91.36,89.2,87.03999999999999,91.36
19,61,0.0,0.0,97.0,77.60000000000001,100.0,100.0,76-125,88.80000000000001,91.04,88.80000000000001,86.56,91.04
19,62,0.0,0.0,96.0,76.8,100.0,100.0,76-125,88.4,90.72,88.4,86.08,90.72
19,63,0.0,0.0,95.0,76.0,100.0,100.0,76-125,88.0,90.4,88.0,85.6,90.4
19,64,0.0,0.0,94.0,75.2,100.0,100.0,76-125,87.6,90.08,87.6,85.12,90.08
19,65,0.0,16.171743205886703,93.0,74.4,100.0,83.8282567941133,76-125,83.96565135882267,86.52565135882267,83.15706419852833,82.21423851911699,85.71706419852833
19,66,0.0,48.16950512210351,92.0,73.6,100.0,51.83049487789649,76-125,77.1660989755793,79.80609897557929,74.75762371947413,76.93457423168446,77.39762371947413
19,67,0.0,77.41259678345669,91.0,72.8,100.0,22.587403216543308,76-125,70.91748064330866,73.63748064330866,67.04685080413583,72.0681104824815,69.76685080413583
19,68,0.0,99.79018111682682,90.0,72.0,100.0,0.20981888317318464,76-125,66.04196377663463,68.84196377663463,61.05245472079329,68.23147283247597,63.85245472079329
19,69,0.0,100.0,89.0,71.2,100.0,0.0,76-125,65.6,68.48,60.6,67.72,63.480000000000004
19,70,0.0,100.0,88.0,70.39999999999999,100.0,0.0,76-125,65.19999999999999,68.16,60.199999999999996,67.24,63.16
19,71,0.0,100.0,87.0,69.6,100.0,0.0,76-125,64.8,67.84,59.8,66.75999999999999,62.84
19,72,0.0,100.0,86.0,68.8,100.0,0.0,76-125,64.4,67.52,59.4,66.28,62.519999999999996
19,73,0.0,96.99410355283187,85.0,68.0,100.0,3.0058964471681264,76-125,64.60117928943363,67.80117928943363,59.751474111792035,66.25088446707521,62.95147411179204
19,74,0.0,92.25811250759656,84.0,67.2,100.0,7.7418874924034355,76-125,65.14837749848068,68.42837749848069,60.53547187310086,66.4812831238605,63.81547187310086
19,75,0.0,79.3120669237818,83.0,66.4,100.0,20.6879330762182,76-125,67.33758661524364,70.69758661524364,63.37198326905455,67.94318996143274,66.73198326905455
19,76,2.4123387541049235,68.79221888111479,82.0,65.60000000000001,97.58766124589508,31.207781118885208,76-125,68.31785459754556,71.51662072213507,64.99886059119507,68.43808247930656,68.1976267157846
19,77,8.463531419250074,60.70667004505964,81.0,64.8,91.53646858074993,39.29332995494036,76-125,67.71960656521304,70.39325342328804,65.10744963392257,67.65811663842854,67.78109649199757
19,78,10.21358150116978,54.5484381167363,80.0,64.0,89.78641849883022,45.4515618832637,76-125,68.0262379263018,70.60487977618483,65.80949509552347,67.6643389071971,68.3881369454065
19,79,21.35537772499301,61.439649819948016,79.0,63.2,78.644622275007,38.560350180051984,76-125,62.90545671851249,64.4499189460132,60.90124311376474,63.36520809575955,62.445705341265445
19,80,14.410178076997363,60.05112399627186,78.0,62.4,85.58982192300263,39.94887600372814,76-125,64.86672177764642,67.18570396994669,62.58467448168269,64.82978688130987,64.90365667398295
19,81,50.00974531813778,83.09808353148921,77.0,61.6,49.99025468186222,16.90191646851079,76-125,49.177459698260826,48.01648516644705,47.523042787593255,51.992851140742175,46.36206825577947
19,82,48.12233045481538,99.06364584863076,76.0,60.8,51.87766954518462,0.9363541513692439,76-125,46.15057169382923,45.258338648347696,43.60350592413846,49.589870509001535,42.71127287865693
19,83,50.12231992096424,100.0,75.0,60.0,49.87768007903576,0.0,31-75,44.96330402371073,43.9510720316143,42.46942001975894,48.46942001975894,41.45718802766251
19,84,50.063699001156834,100.0,74.0,59.199999999999996,49.936300998843166,0.0,31-75,44.58089029965295,43.65452039953727,42.08407524971079,48.00407524971079,41.157705349595105
19,85,50.133079578134925,100.0,73.0,58.4,49.866920421865075,0.0,31-75,44.16007612655952,43.30676816874603,41.66673010546627,47.50673010546627,40.81342214765277
19,86,50.04476555951267,100.0,72.0,57.599999999999994,49.95523444048733,0.0,31-75,43.7865703321462,43.022093776194936,41.28880861012183,47.048808610121824,40.524332054170564
19,87,50.0184672501474,82.99676072324164,71.0,56.8,49.9815327498526,17.003239276758364,31-75,46.795107680307446,46.11326095529271,45.14619300665274,49.1258690789769,44.464346281637994
19,88,49.79913572915697,54.55540901503492,70.0,56.00000000000001,50.20086427084303,45.44459098496508,31-75,52.14917747824593,51.56926390533023,51.911363813952036,52.96690471545552,51.331450241036336
19,89,50.2193665152376,46.56561579998736,69.0,55.2,49.7806334847624,53.43438420001264,31-75,53.22106688543124,52.679130233907486,53.40375442119376,53.58031600119249,52.86181776967
19,90,50.13069540244373,15.55477104958099,68.0,54.400000000000006,49.86930459755627,84.44522895041901,31-75,59.04983716935068,58.59676762910631,60.77863338699382,57.774110491951916,60.325563846749446
19,91,50.136037446101824,14.714086780155386,67.0,53.6,49.863962553898176,85.28591321984462,31-75,58.81637141013837,58.442767665528194,60.5874689434357,57.41887762145123,60.213865198825516
19,92,45.38633729457472,0.0,66.0,52.800000000000004,54.61366270542528,100.0,31-75,62.78409881162759,62.96546508217011,65.05341567635632,60.33341567635632,65.23478194689885
19,93,42.43257721558837,0.0,65.0,52.0,57.56742278441163,100.0,31-75,63.270226835323484,63.826969113764655,65.39185569610291,60.59185569610291,65.94859797454407
19,94,37.06992151447724,0.0,64.0,51.2,62.93007848552276,100.0,31-75,64.47902354565683,65.6520313942091,66.3325196213807,61.45251962138069,67.50552746993297
19,95,33.622362650335226,0.0,63.0,50.4,66.37763734966478,100.0,31-75,65.11329120489944,66.71105493986592,66.7944093374162,61.83440933741619,68.39217307238268
19,96,33.45968584327223,0.0,62.0,49.6,66.54031415672776,100.0,31-75,64.76209424701833,66.45612566269111,66.43507853918194,61.39507853918194,68.12910995485473
19,97,45.68879631683253,0.0,61.0,48.8,54.31120368316747,100.0,31-75,60.69336110495024,61.24448147326699,62.977800920791864,57.85780092079187,63.52892128910861
19,98,38.854089904200464,0.0,60.0,48.0,61.145910095799536,100.0,31-75,62.34377302873986,63.65836403831982,64.28647752394988,59.08647752394988,65.60106853352984
19,99,14.32146153350837,0.0,59.0,47.199999999999996,85.67853846649163,100.0,31-75,69.30356153994748,73.15141538659665,70.01963461662291,64.73963461662291,73.86748846327207
19,100,13.296257807413513,0.0,58.0,46.400000000000006,86.70374219258649,100.0,31-75,69.21112265777595,73.24149687703459,69.87593554814663,64.51593554814663,73.90630976740528
19,101,22.742959913000576,0.0,57.0,45.6,77.25704008699942,100.0,31-75,65.97711202609983,69.14281603479978,67.11426002174986,61.67426002174986,70.2799640304498
19,102,20.60307574532625,0.0,56.0,44.800000000000004,79.39692425467375,100.0,31-75,66.21907727640212,69.6787697018695,67.24923106366845,61.729231063668436,70.70892348913581
19,103,18.253071094862285,0.0,55.0,44.0,81.74692890513771,100.0,31-75,66.5240786715413,70.2987715620551,67.43673222628442,61.836732226284425,71.2114251167982
19,104,29.215958603716107,0.0,54.0,43.2,70.7840413962839,100.0,31-75,62.83521241888517,65.59361655851356,64.29601034907097,58.616010349070976,67.05441448869936
19,105,33.80520637328199,0.0,53.0,42.4,66.19479362671801,100.0,31-75,61.0584380880154,63.43791745068721,62.7486984066795,56.988698406679504,65.12817776935131
19,106,37.76919031844946,0.0,52.0,41.6,62.23080968155054,100.0,31-75,59.46924290446516,61.53232387262022,61.35770242038764,55.517702420387636,63.42078338854269
19,107,28.95316267322975,18.67677168547135,51.0,40.8,71.04683732677026,81.32322831452865,31-75,57.97869686093681,61.00338059361384,58.492516410324725,54.440193578871856,61.51720014300175
19,108,26.09938756966753,32.88641714363691,50.0,40.0,73.90061243033247,67.11358285636308,31-75,55.59290030037236,58.98296154340561,55.25354882167389,52.54219053603758,58.64361006470713
19,109,18.2405506149344,16.568700987853628,49.0,39.2,81.75944938506561,83.43129901214637,31-75,60.81409461794895,65.07003955645551,60.897687099303,56.47455719808836,65.15363203780956
19,110,21.491716808207688,1.233920484184072,48.0,38.4,78.50828319179232,98.76607951581593,31-75,62.50570086070088,66.51652917988011,63.518590676902065,57.481982725320464,67.52941899608129
19,111,0.0,0.0,47.0,37.6,100.0,100.0,31-75,68.8,75.03999999999999,68.8,62.56,75.03999999999999
19,112,0.0,0.0,46.0,36.8,100.0,100.0,31-75,68.4,74.72,68.4,62.08,74.72
19,113,0.0,0.0,45.0,36.0,100.0,100.0,31-75,68.0,74.4,68.0,61.599999999999994,74.4
19,114,12.959725193351984,0.0,44.0,35.199999999999996,87.04027480664801,100.0,31-75,63.7120824419944,68.8961099226592,64.360068701662,57.880068701662,69.5440961823268
19,115,4.887905931845648,0.0,43.0,34.4,95.11209406815435,100.0,31-75,65.7336282204463,71.80483762726175,65.9780235170386,59.418023517038584,72.04923292385402
19,116,7.162251110745442,0.0,42.0,33.6,92.83774888925456,100.0,31-75,64.65132466677636,70.57509955570183,65.00943722231364,58.369437222313636,70.9332121112391
19,117,10.121958417697508,0.0,41.0,32.800000000000004,89.87804158230249,100.0,31-75,63.36341247469075,69.071216632921,63.869510395575624,57.149510395575625,69.57731455380588
19,118,12.026681142726336,6.206434671936643,40.0,32.0,87.97331885727367,93.79356532806335,31-75,61.150708722794775,66.74804060852213,61.44172104633426,55.26236451352792,67.03905293206162
19,119,4.177323979938576,19.652721275741765,39.0,31.2,95.82267602006142,80.34727872425823,31-75,60.41625855087007,66.87852615287622,59.642488686079915,54.727760813654086,66.10475628808605
19,120,28.293556961029143,60.31826017008074,38.0,30.4,71.70644303897086,39.68173982991926,31-75,44.648280877675106,48.778925181572205,43.04704571722253,42.118871734230595,47.177690021119616
19,121,31.62829735782103,59.24621052970805,37.0,29.599999999999998,68.37170264217897,40.75378947029195,31-75,43.46226868671208,47.339438950929974,42.081373028117724,40.96599408108853,45.958543292335634
19,122,50.15939119205204,83.55678726907034,36.0,28.799999999999997,49.84060880794796,16.44321273092966,31-75,32.64082518857032,34.744886069365116,30.970955384719403,32.206634111626435,33.07501626551419
19,123,50.34964947657402,100.0,35.0,28.000000000000004,49.65035052342598,0.0,31-75,28.895105157027793,31.060140209370395,26.412587630856496,29.212587630856497,28.577622683199095
19,124,50.3132583341767,100.0,34.0,27.200000000000003,49.6867416658233,0.0,31-75,28.50602249974699,30.754696666329323,26.021685416455824,28.741685416455823,28.270359583038157
19,125,50.49559721725655,100.0,33.0,26.400000000000002,49.50440278274345,0.0,31-75,28.051320834823034,30.361761113097383,25.576100695685863,28.21610069568586,27.88654097396021
19,126,50.414548548307565,100.0,32.0,25.6,49.585451451692435,0.0,31-75,27.67563543550773,30.074180580676977,25.19636286292311,27.75636286292311,27.594908008092354
19,127,50.247516286038056,100.0,31.0,24.8,49.752483713961944,0.0,31-75,27.325745114188585,29.82099348558478,24.838120928490486,27.318120928490487,27.33336929988668
19,128,50.32945795650709,100.0,30.0,24.0,49.67054204349291,0.0,0-30,26.901162613047873,29.468216817397167,24.417635510873225,26.817635510873224,26.98468971522252
19,129,50.44868643180388,89.51186018653895,29.0,23.200000000000003,49.55131356819612,10.488139813461046,0-30,28.563022033151043,31.19815338997066,26.609863345414293,27.88104936406819,29.244994702233903
19,130,50.55908228121966,70.19999374216972,28.0,22.400000000000002,49.44091771878034,29.800006257830276,0-30,31.992276567200157,34.69636833907819,31.010230994152653,30.270230368369628,33.71432276603069
19,131,50.42265953529631,31.137696469948462,27.0,21.6,49.57734046470369,68.86230353005153,0-30,39.44566284542141,42.243396891891784,40.4099109986888,35.68368064568365,43.207645045159175
19,132,50.63227487839331,30.845295663802336,26.0,20.8,49.36772512160669,69.15470433619767,0-30,39.04125840372154,41.89803091588221,40.030607364451086,35.195136930831325,42.88737987661176
19,133,50.61135480106717,38.35833402396919,25.0,20.0,49.38864519893283,61.64166597603081,0-30,37.144926754886015,40.083791274779294,37.75757779374091,33.59341119613783,40.69644231363419
19,134,50.70560797163447,45.25726613785077,24.0,19.2,49.29439202836553,54.74273386214923,0-30,35.3368643809395,38.34630358377606,35.60928147262869,32.055008086413764,38.61872067546524
19,135,51.01294152278212,84.6142170857386,23.0,18.4,48.98705847721788,15.385782914261398,0-30,26.97327412601764,30.031979973739432,25.293210347869817,25.59463205644368,28.351916195591606
19,136,51.20808364219656,100.0,22.0,17.599999999999998,48.79191635780344,0.0,0-30,23.43757490734103,26.556766543121377,20.99797908945086,22.757979089450856,24.1171707252312
19,137,51.42252428015786,100.0,21.0,16.8,48.57747571984214,0.0,0-30,22.973242715952644,26.150990287936857,20.544368929960534,22.224368929960534,23.722116501944747
19,138,51.80148102354314,100.0,20.0,16.0,48.19851897645686,0.0,0-30,22.45955569293706,25.67940759058275,20.049629744114213,21.649629744114215,23.269481641759903
19,139,52.4088801152548,100.0,19.0,15.2,47.5911198847452,0.0,0-30,21.87733596542356,25.11644795389808,19.497779971186297,21.0177799711863,22.736891959660817
19,140,52.562920216553486,100.0,18.0,14.399999999999999,47.437079783446514,0.0,0-30,21.431123935033952,24.734831913378606,19.05926994586163,20.499269945861627,22.362977924206277
19,141,52.67797585220859,100.0,17.0,13.600000000000001,47.32202414779141,0.0,0-30,20.996607244337426,24.368809659116565,18.630506036947853,19.990506036947853,22.002708451726996
19,142,52.83685082764893,100.0,16.0,12.8,47.16314917235107,0.0,0-30,20.54894475170532,23.98525966894043,18.190787293087766,19.470787293087767,21.627102210322874
19,143,53.10857767277622,100.0,15.0,12.0,46.89142232722378,0.0,0-30,20.067426698167132,23.55656893088951,17.722855581805945,18.922855581805944,21.211997814528324
19,144,53.00347171317528,100.0,14.0,11.200000000000001,46.99652828682472,0.0,0-30,19.698958486047417,23.27861131472989,17.34913207170618,18.46913207170618,20.928784900388653
19,145,53.06650282582933,100.0,13.0,10.4,46.93349717417067,0.0,0-30,19.280049152251202,22.933398869668267,16.933374293542666,17.97337429354267,20.586724010959735
19,146,53.59497026888209,100.0,12.0,9.6,46.40502973111791,0.0,0-30,18.72150891933537,22.402011892447163,16.401257432779477,17.361257432779475,20.081760405891266
19,147,53.847947275180736,100.0,11.0,8.799999999999999,46.152052724819264,0.0,0-30,18.245615817445778,21.980821089927705,15.938013181204816,16.818013181204815,19.67321845368674
19,148,54.37455474188511,100.0,10.0,8.0,45.62544525811489,0.0,0-30,17.687633577434468,21.450178103245953,15.406361314528722,16.20636131452872,19.16890584034021
19,149,54.83840676624973,100.0,9.0,7.199999999999999,45.16159323375027,0.0,0-30,17.14847797012508,20.944637293500108,14.890398308437566,15.610398308437567,18.686557631812594
19,150,55.139983703903695,100.0,8.0,6.4,44.860016296096305,0.0,0-30,16.65800488882889,20.504006518438523,14.415004074024075,15.055004074024076,18.261005703633707
19,151,55.708671339375705,100.0,7.0,5.6000000000000005,44.291328660624295,0.0,0-30,16.08739859818729,19.95653146424972,13.872832165156074,14.432832165156075,17.741965031218502
19,152,55.702547520251,100.0,6.0,4.8,44.297452479749,0.0,0-30,15.6892357439247,19.6389809918996,13.47436311993725,13.954363119937248,17.424108367912147
19,153,56.23479505257488,100.0,5.0,4.0,43.76520494742512,0.0,0-30,15.129561484227535,19.10608197897005,12.94130123685628,13.34130123685628,16.917821731598792
19,154,56.84502854601228,100.0,4.0,3.2,43.15497145398772,0.0,0-30,14.546491436196316,18.54198858159509,12.38874286349693,12.70874286349693,16.384240008895702
19,155,57.34421533135748,100.0,3.0,2.4,42.65578466864252,0.0,0-30,13.996735400592755,18.022313867457008,11.863946167160629,12.103946167160629,15.88952463402488
19,156,57.90734858252389,100.0,2.0,1.6,42.09265141747611,0.0,0-30,13.427795425242834,17.477060566990446,11.323162854369029,11.483162854369027,15.372427996116638
19,157,58.64409559166808,100.0,1.0,0.8,41.35590440833192,0.0,0-30,12.806771322499575,16.862361763332768,10.73897610208298,10.81897610208298,14.79456654291617
19,158,59.231714540055954,100.0,0.0,0.0,40.768285459944046,0.0,0-30,12.230485637983213,16.30731418397762,10.192071364986012,10.192071364986012,14.268899910980416
23,39,43.518997145330594,22.813178828194403,129.0,100.0,56.481002854669406,77.1868211718056,RUL > 125,82.38166509076194,78.0297653762289,83.41695600661875,85.69827388943818,79.0650562920857
23,40,42.41858110766898,32.37585624809422,128.0,100.0,57.58141889233102,67.62414375190578,RUL > 125,80.79925441808047,76.55739630731357,81.3013906610592,84.53897628586863,77.0595325502923
23,41,26.154522397349943,22.516679532433468,127.0,100.0,73.84547760265005,77.48332046756653,RUL > 125,87.65030737430831,85.03485513457332,87.83219951755413,90.08386747079749,85.21674727781914
23,42,13.447397886542978,0.6662016885434304,126.0,100.0,86.55260211345703,99.33379831145658,RUL > 125,95.83254029632842,94.48780050767414,96.47160010622841,96.53822027508275,95.1268603175741
23,43,20.185786035729883,0.0,125.0,100.0,79.81421396427012,100.0,76-125,93.94426418928103,91.92568558570805,94.95355349106754,94.95355349106754,92.93497488749455
23,44,28.2415969693284,0.0,124.0,99.2,71.7584030306716,100.0,76-125,91.12752090920148,88.38336121226865,92.5396007576679,92.4596007576679,89.79544106073507
23,45,35.94097666898,0.0,123.0,98.4,64.05902333102,100.0,76-125,88.417706999306,84.98360933240801,90.214755832755,90.054755832755,86.780658165857
23,46,26.53930357513361,0.0,122.0,97.6,73.4606964248664,100.0,76-125,90.83820892745992,88.42427856994655,92.1651741062166,91.92517410621659,89.75124374870325
23,47,19.358271744496378,0.0,121.0,96.8,80.64172825550362,100.0,76-125,92.59251847665108,90.97669130220146,93.56043206387591,93.2404320638759,91.94460488942627
23,48,16.786788747308115,0.0,120.0,96.0,83.21321125269188,100.0,76-125,92.96396337580757,91.68528450107675,93.80330281317296,93.40330281317296,92.52462393844216
23,49,26.219181732977525,0.0,119.0,95.19999999999999,73.78081826702248,100.0,76-125,89.73424548010674,87.592327306809,91.04520456675561,90.56520456675561,88.90328639345786
23,50,29.346484606964225,6.1243587348187445,118.0,94.39999999999999,70.65351539303578,93.87564126518126,76-125,87.17118287094698,84.79653441025056,88.33228916455425,88.38472503803614,85.95764070385783
23,51,28.62700417110844,12.025044348490598,117.0,93.60000000000001,71.37299582889156,87.9749556515094,76-125,85.80688987896934,83.5841894618585,86.63698787010024,87.1994923049493,84.4142874529894
23,52,25.599574482546416,1.263890147939224,116.0,92.80000000000001,74.40042551745358,98.73610985206078,76-125,88.46734962564824,86.62739217739359,89.6841338423786,89.09052285717252,87.84417639412395
23,53,50.00458421638482,16.942332905034185,115.0,92.0,49.99541578361518,83.05766709496581,76-125,77.61015815407771,73.40969973243924,79.26327071964525,80.15750401014867,75.06281229800678
23,54,41.84223658698872,27.905103767292005,114.0,91.2,58.15776341301128,72.094896232708,76-125,77.46630827044498,74.16208461174611,78.16316491142982,80.07367528815901,74.85894125273094
23,55,50.08205129997626,57.56339062297003,113.0,90.4,49.91794870002374,42.43660937702997,76-125,68.66270648541312,64.6145013554155,68.28863951926343,73.08497858156043,64.2404343892658
23,56,50.16295361885492,79.06899746226686,112.0,89.60000000000001,49.83704638114508,20.931002537733136,76-125,63.93731442189016,59.961019060004666,62.49201222971956,69.35891197594624,58.51571686783407
23,57,50.09892892226884,81.03103022331844,111.0,88.8,49.90107107773116,18.96896977668156,76-125,63.16411527865566,59.27422238642878,61.61751021360318,68.60061323593501,57.7276173213763
23,58,50.02356901359912,67.18261290250148,110.0,88.0,49.97643098640088,32.817387097498525,76-125,65.55640671541997,61.75404981406006,64.69845452097485,70.216715811225,60.896097619614935
23,59,34.788466491618415,41.5760816159842,109.0,87.2,65.21153350838159,58.4239183840158,76-125,74.84824372931764,72.64939708015581,74.50886297309935,77.38647113469777,72.3100163239375
23,60,31.9108354021936,15.132737096480712,108.0,86.4,68.0891645978064,84.86726290351929,76-125,80.60020196004578,78.76911841982643,81.43910687533143,81.5923805849795,79.60802333511207
23,61,37.04742936660684,0.0,107.0,85.6,62.95257063339316,100.0,76-125,81.68577119001795,79.42102825335726,83.53814265834828,82.09814265834828,81.27339972168761
23,62,36.840707299797536,0.0,106.0,84.8,63.159292700202464,100.0,76-125,81.34778781006074,79.18371708008098,83.1898231750506,81.66982317505061,81.02575244507086
23,63,30.689350795229306,0.0,105.0,84.0,69.3106492047707,100.0,76-125,82.79319476143121,81.32425968190827,84.32766230119267,82.72766230119268,82.85872722166974
23,64,27.70393178842538,0.0,104.0,83.2,72.29606821157462,100.0,76-125,83.28882046347239,82.19842728462984,84.67401705289366,82.99401705289365,83.58362387405111
23,65,18.92631518698437,0.0,103.0,82.39999999999999,81.07368481301563,100.0,76-125,85.52210544390468,85.38947392520626,86.46842120325391,84.70842120325389,86.33578968455546
23,66,26.639646278555645,0.0,102.0,81.6,73.36035372144435,100.0,76-125,82.80810611643331,81.98414148857775,84.14008843036109,82.30008843036109,83.31612380250553
23,67,30.58829263581146,0.0,101.0,80.80000000000001,69.41170736418854,100.0,76-125,81.22351220925657,80.08468294567543,82.75292684104714,80.83292684104714,81.614097577466
23,68,26.119845139549707,0.0,100.0,80.0,73.88015486045029,100.0,76-125,82.16404645813509,81.55206194418011,83.47003871511257,81.47003871511257,82.8580542011576
23,69,12.281830637256649,0.0,99.0,79.2,87.71816936274335,100.0,76-125,85.91545080882301,86.76726774509734,86.52954234068584,84.44954234068584,87.38135927696018
23,70,9.903967918953146,0.0,98.0,78.4,90.09603208104686,100.0,76-125,86.22880962431407,87.39841283241874,86.72400802026172,84.56400802026171,87.8936112283664
23,71,13.419584534703164,0.0,97.0,77.60000000000001,86.58041546529684,100.0,76-125,84.77412463958905,85.67216618611874,85.44510386632422,83.20510386632421,86.3431454128539
23,72,15.598461054152844,0.0,96.0,76.8,84.40153894584715,100.0,76-125,83.72046168375414,84.48061557833887,84.50038473646178,82.18038473646179,85.2605386310465
23,73,23.28997073784973,0.0,95.0,76.0,76.71002926215027,100.0,76-125,81.01300877864509,81.08401170486012,82.17750731553757,79.77750731553758,82.2485102417526
23,74,19.338596704609667,0.0,94.0,75.2,80.66140329539033,100.0,76-125,81.7984209886171,82.34456131815614,82.76535082384758,80.28535082384758,83.31149115338661
23,75,6.533767734365477,0.0,93.0,74.4,93.46623226563452,100.0,76-125,85.23986967969036,87.14649290625381,85.56655806640863,83.00655806640863,87.47318129297209
23,76,19.08228459408604,0.0,92.0,73.6,80.91771540591395,100.0,76-125,81.07531462177418,81.80708616236558,82.02942885147849,79.38942885147848,82.76120039206988
23,77,24.0633786693949,3.4705022264194856,91.0,72.8,75.9366213306051,96.52949777358052,76-125,78.48688595389764,78.80054808695814,79.51652977604641,77.14357999868835,79.83019190910692
23,78,23.71298409541322,19.11517143616281,90.0,72.0,76.28701590458678,80.88482856383719,76-125,75.06307048414347,75.49177207460215,75.29296111710599,74.40447826072227,75.72166270756466
23,79,9.967956514584555,8.492579544401767,89.0,71.2,90.03204348541544,91.50742045559824,76-125,80.91109713674427,82.79430148528583,80.98486598525342,78.9541239396936,82.86807033379498
23,80,4.567605225690535,0.0,88.0,70.39999999999999,95.43239477430947,100.0,76-125,83.82971843229284,86.33295790972379,84.05809869357736,81.09809869357736,86.56133817100832
23,81,14.071990970945306,0.0,87.0,69.6,85.92800902905469,100.0,76-125,80.5784027087164,82.21120361162188,81.28200225726367,78.24200225726366,82.91480316016914
23,82,10.371473696260292,0.0,86.0,68.8,89.6285263037397,100.0,76-125,81.28855789112191,83.37141052149589,81.80713157593493,78.68713157593493,83.8899842063089
23,83,0.0,0.0,85.0,68.0,100.0,100.0,76-125,84.0,87.2,84.0,80.8,87.2
23,84,0.0,0.0,84.0,67.2,100.0,100.0,76-125,83.6,86.88,83.6,80.32,86.88
23,85,0.0,0.0,83.0,66.4,100.0,100.0,76-125,83.2,86.56,83.2,79.84,86.56
23,86,0.0,0.0,82.0,65.60000000000001,100.0,100.0,76-125,82.80000000000001,86.24000000000001,82.80000000000001,79.36000000000001,86.24000000000001
23,87,0.0,0.0,81.0,64.8,100.0,100.0,76-125,82.4,85.92,82.4,78.88,85.92
23,88,0.0,0.0,80.0,64.0,100.0,100.0,76-125,82.0,85.6,82.0,78.4,85.6
23,89,0.0,0.0,79.0,63.2,100.0,100.0,76-125,81.6,85.28,81.6,77.92,85.28
23,90,0.0,0.0,78.0,62.4,100.0,100.0,76-125,81.2,84.96000000000001,81.2,77.44,84.96000000000001
23,91,0.0,0.0,77.0,61.6,100.0,100.0,76-125,80.8,84.64,80.8,76.96000000000001,84.64
23,92,0.0,0.0,76.0,60.8,100.0,100.0,76-125,80.4,84.32,80.4,76.47999999999999,84.32
23,93,0.0,0.0,75.0,60.0,100.0,100.0,31-75,80.0,84.0,80.0,76.0,84.0
23,94,0.0,0.0,74.0,59.199999999999996,100.0,100.0,31-75,79.6,83.68,79.6,75.52,83.68
23,95,0.0,0.0,73.0,58.4,100.0,100.0,31-75,79.2,83.36,79.2,75.03999999999999,83.36
23,96,0.0,0.0,72.0,57.599999999999994,100.0,100.0,31-75,78.8,83.03999999999999,78.8,74.56,83.03999999999999
23,97,0.0,0.0,71.0,56.8,100.0,100.0,31-75,78.4,82.72,78.4,74.08,82.72
23,98,0.0,0.0,70.0,56.00000000000001,100.0,100.0,31-75,78.0,82.4,78.0,73.6,82.4
23,99,0.0,0.0,69.0,55.2,100.0,100.0,31-75,77.6,82.08,77.6,73.12,82.08
23,100,0.0,0.0,68.0,54.400000000000006,100.0,100.0,31-75,77.2,81.76,77.2,72.64,81.76
23,101,0.0,1.2267589584608023,67.0,53.6,100.0,98.7732410415392,31-75,76.55464820830784,81.19464820830784,76.49331026038479,71.97598615623087,81.1333102603848
23,102,0.0,22.904545686009754,66.0,52.800000000000004,100.0,77.09545431399025,31-75,71.81909086279805,76.53909086279805,70.67386357849756,68.24431814709854,75.39386357849756
23,103,0.0,35.66240734283469,65.0,52.0,100.0,64.33759265716532,31-75,68.86751853143306,73.66751853143306,67.08439816429133,65.8506388985748,71.88439816429133
23,104,0.0,38.57659809196071,64.0,51.2,100.0,61.42340190803929,31-75,67.88468038160786,72.76468038160786,65.95585047700982,64.93351028620589,70.83585047700983
23,105,0.0,59.61761990442336,63.0,50.4,100.0,40.38238009557664,31-75,63.276476019115336,68.23647601911533,60.295595023894165,61.29735701433649,65.25559502389416
23,106,0.0,64.32710507286413,62.0,49.6,100.0,35.67289492713587,31-75,61.93457898542717,66.97457898542717,58.718223731783965,60.11093423907038,63.75822373178397
23,107,10.539985941289626,78.68380875746327,61.0,48.8,89.46001405871037,21.316191242536732,31-75,55.50124246612046,59.567243871991494,52.09405132531177,54.8424322010581,56.1600527311828
23,108,7.726835323493436,73.7728563965304,60.0,48.0,92.27316467650657,26.2271436034696,31-75,56.927378123645894,61.35469459129656,53.625077069994035,55.80236270964708,58.052393537644704
23,109,1.9271254408997087,61.10954594205192,59.0,47.199999999999996,98.07287455910028,38.89045405794808,31-75,60.799953179319694,65.88724063522973,57.84083215426209,58.67178674846728,62.92811961017212
23,110,0.0,44.01902620953866,58.0,46.400000000000006,100.0,55.98097379046134,31-75,64.39619475809226,69.75619475809228,62.19524344761534,61.2371460685692,67.55524344761534
23,111,0.0,17.226428420913845,57.0,45.6,100.0,82.77357157908615,31-75,69.35471431581723,74.79471431581723,68.49339289477153,64.77603573686292,73.93339289477154
23,112,0.0,6.291857420077605,56.0,44.800000000000004,100.0,93.7081425799224,31-75,71.14162851598448,76.66162851598449,70.82703564498061,65.93622138698836,76.3470356449806
23,113,0.0,0.0,55.0,44.0,100.0,100.0,31-75,72.0,77.6,72.0,66.4,77.6
23,114,0.0,0.0,54.0,43.2,100.0,100.0,31-75,71.6,77.28,71.6,65.92,77.28
23,115,3.988890757024,0.0,53.0,42.4,96.011109242976,100.0,31-75,70.0033327728928,75.36444369719041,70.202777310744,64.44277731074399,75.5638882350416
23,116,0.0,0.0,52.0,41.6,100.0,100.0,31-75,70.8,76.64,70.8,64.96000000000001,76.64
23,117,0.0,0.0,51.0,40.8,100.0,100.0,31-75,70.4,76.32,70.4,64.47999999999999,76.32
23,118,2.755198682130012,17.217464599545902,50.0,40.0,97.24480131786999,82.7825354004541,31-75,65.72994747545182,71.45442760723881,65.00683417958102,60.72858063953561,70.73131431136801
23,119,0.0,25.338409482277434,49.0,39.2,100.0,74.66159051772257,31-75,64.53231810354451,70.61231810354451,63.265397629430645,59.71923857765838,69.34539762943064
23,120,2.826408911719825,31.327875486216872,48.0,38.4,97.17359108828018,68.67212451378313,31-75,62.08650222924068,67.9638613380687,60.66142890051582,57.63421644913751,66.53878800934385
23,121,2.441538301936724,24.799977990863336,47.0,37.6,97.55846169806327,75.20002200913666,31-75,63.10754291124631,69.10338908105264,61.98962092679999,58.22961872588631,67.9854670966063
23,122,26.10725758562217,36.61954980475383,46.0,36.8,73.89274241437784,63.38045019524617,31-75,53.24391276336258,56.95318700480037,52.718298152406,50.060253132881385,56.42757239384378
23,123,20.99389358307515,36.87932732675418,45.0,36.0,79.00610641692485,63.12067267324582,31-75,54.32596645972662,58.62657710141911,53.53169477254267,50.81962750521808,57.83230541423515
23,124,20.972295755199596,44.807487229681925,44.0,35.199999999999996,79.0277042448004,55.192512770318075,31-75,52.34681382750374,56.72958425198378,51.15505425377962,49.15580297674781,55.53782467825966
23,125,23.238301400147392,55.271106680965175,43.0,34.4,76.76169859985261,44.728893319034825,31-75,49.174288243762746,53.41045810374801,47.57264797972186,46.539758647818374,51.80881783970712
23,126,23.739098239262788,53.9128169661928,42.0,33.6,76.26090176073721,46.0871830338072,31-75,48.8957071349826,53.161797311056326,47.387021198636106,46.138302895255386,51.65311137470982
23,127,9.055481823840385,38.52822205068944,41.0,32.800000000000004,90.94451817615962,61.47177794931056,31-75,55.977711042710006,61.792162860325966,54.504074031367544,51.636896236436485,60.318525848983505
23,128,15.54717180244827,30.08569520240175,40.0,32.0,84.45282819755172,69.91430479759825,31-75,55.31870941878517,60.563992238540344,54.59178324878749,50.80035276902766,59.83706606854266
23,129,23.013670575441285,19.067040177833803,39.0,31.2,76.98632942455872,80.9329598221662,31-75,54.882490791800855,59.46112373425673,55.07982231168123,50.106526329464614,59.658455254137095
23,130,28.57023720943543,14.450561696297957,38.0,30.4,71.42976279056457,85.54943830370205,31-75,53.73881649790978,57.841792776966244,54.444800273566656,48.92985644319645,58.547776552623105
23,131,38.76693842070241,13.32680436717579,37.0,29.599999999999998,61.23306157929759,86.67319563282422,31-75,50.50455760035412,53.66786375828388,51.776564303030455,46.06924473974803,54.93987046096021
23,132,41.03305585564958,32.36224804948847,36.0,28.799999999999997,58.96694414435042,67.63775195051153,31-75,45.61763363340743,48.63432804784247,46.05117402371549,42.16739882866433,49.067868438150526
23,133,45.58456332143293,47.02465096932269,35.0,28.000000000000004,54.41543667856707,52.97534903067731,31-75,40.91970080970558,43.56124447756229,40.84769642731109,38.35016152424336,43.4892400951678
23,134,33.103970065321136,46.01598494741567,34.0,27.200000000000003,66.89602993467886,53.98401505258433,31-75,44.46561199092053,48.435214984388416,43.8200112468158,41.14160974155737,47.78961424028369
23,135,12.04016301664864,26.70406651374105,33.0,26.400000000000002,87.95983698335137,73.29593348625895,31-75,54.2471377922572,60.40312149059234,53.51394261740258,48.824349268776686,59.66992631573771
23,136,16.621205400261843,14.09044049779044,32.0,25.6,83.37879459973816,85.90955950220956,31-75,54.99555028036336,60.77342974033718,55.12208852548693,49.09113257526597,60.89996798546075
23,137,19.792151089997223,0.0,31.0,24.8,80.20784891000278,100.0,31-75,56.46235467300083,62.00313956400112,57.451962227500694,49.93196222750069,62.99274711850097
23,138,20.70116029076132,0.0,30.0,24.0,79.29883970923868,100.0,0-30,55.7896519127716,61.31953588369547,56.82470992730967,49.22470992730967,62.35459389823354
23,139,22.67955262536574,0.0,29.0,23.200000000000003,77.32044737463426,100.0,0-30,54.79613421239028,60.2081789498537,55.930111843658565,48.250111843658566,61.34215658112199
23,140,30.310561561411152,0.0,28.0,22.400000000000002,69.68943843858885,100.0,0-30,52.10683153157665,56.835775375435546,53.62235960964721,45.862359609647214,58.3513034535061
23,141,38.36024640304501,0.0,27.0,21.6,61.63975359695499,100.0,0-30,49.291926079086494,53.295901438781996,51.20993839923875,43.36993839923875,55.21391375893425
23,142,46.62675912742989,14.992147205090443,26.0,20.8,53.37324087257011,85.00785279490955,0-30,43.413542820752944,46.670866908009955,44.995273416869914,38.574488137378964,48.252597504126925
23,143,50.04276349055055,54.92237547103951,25.0,20.0,49.95723650944945,45.07762452896049,0-30,34.002695858626936,36.99841950957188,33.75871525960248,31.250952806706437,36.75443891054743
23,144,41.55578589263865,69.50283892566125,24.0,19.2,58.44421410736135,30.49716107433875,0-30,33.23269644707615,37.157117857812295,31.835343795425025,30.705627687991147,35.759765206161156
23,145,44.88292456947437,62.89766150587902,23.0,18.4,55.11707543052563,37.10233849412098,0-30,33.15559032798188,36.827297871034446,32.25485348116165,30.384619631749555,35.926561024214216
23,146,50.11547872040388,67.7336279701171,22.0,17.599999999999998,49.88452127959612,32.2663720298829,0-30,30.218630789855418,33.44708291781503,29.337723327369755,27.871086124381463,32.566175455329365
23,147,50.17598037166055,72.03371908338016,21.0,16.8,49.82401962833945,27.966280916619837,0-30,28.9404620718258,32.242864034659746,27.847575136239822,26.73094704457784,31.149977099073766
23,148,50.11773623676149,64.31633462341057,20.0,16.0,49.88226376323851,35.68366537658943,0-30,30.10141220428944,33.48963858061329,29.391482284956986,27.423115747298045,32.779708661280836
23,149,50.18749625955829,56.22427412785043,19.0,15.2,49.81250374044171,43.77572587214957,0-30,31.298896296562425,34.7601466706066,30.99705740314782,28.13948481593286,34.45830777719199
23,150,50.35006883604828,59.82965825404557,18.0,14.399999999999999,49.64993116395172,40.17034174595443,0-30,30.129047698376404,33.65404081477158,29.655068227476537,27.078034052881094,33.18006134387171
23,151,50.460953760790005,70.62337291834247,17.0,13.600000000000001,49.539046239209995,29.37662708165753,0-30,27.537039288094505,31.130943912015507,26.528918330216882,24.95125562205113,30.12282295413788
23,152,50.40610494752261,76.44793753565204,16.0,12.8,49.59389505247739,23.552062464347955,0-30,25.988581008612808,29.66797051386055,24.686489379206336,23.61128313277154,28.365878884454077
23,153,50.64853729820842,100.0,15.0,12.0,49.35146270179158,0.0,0-30,20.805438810537474,24.540585080716635,18.337865675447894,19.537865675447897,22.073011945627055
23,154,50.7774046552282,100.0,14.0,11.200000000000001,49.2225953447718,0.0,0-30,20.366778603431538,24.16903813790872,17.90564883619295,19.02564883619295,21.70790837067013
23,155,50.67994402330133,100.0,13.0,10.4,49.32005597669867,0.0,0-30,19.9960167930096,23.88802239067947,17.530013994174666,18.570013994174666,21.42201959184453
23,156,50.75808378503422,100.0,12.0,9.6,49.24191621496578,0.0,0-30,19.57257486448973,23.536766485986313,17.110479053741443,18.070479053741444,21.07467067523802
23,157,51.14489101228306,100.0,11.0,8.799999999999999,48.85510898771694,0.0,0-30,19.05653269631508,23.062043595086777,16.613777246929235,17.493777246929234,20.619288145700928
23,158,51.55403072808225,100.0,10.0,8.0,48.44596927191775,0.0,0-30,18.533790781575323,22.5783877087671,16.111492317979437,16.911492317979437,20.15608924517121
23,159,52.16067837870552,100.0,9.0,7.199999999999999,47.83932162129448,0.0,0-30,17.951796486388343,22.015728648517793,15.55983040532362,16.27983040532362,19.623762567453067
23,160,52.55421691091645,100.0,8.0,6.4,47.44578308908355,0.0,0-30,17.433734926725066,21.538313235633417,15.061445772270886,15.701445772270887,19.166024081179245
23,161,52.84964714561654,100.0,7.0,5.6000000000000005,47.15035285438346,0.0,0-30,16.94510585631504,21.100141141753383,14.587588213595867,15.147588213595867,18.74262349903421
23,162,53.36420973544169,100.0,6.0,4.8,46.63579026455831,0.0,0-30,16.390737079367494,20.57431610582332,14.058947566139578,14.538947566139576,18.24252659259541
23,163,53.58338147204022,100.0,5.0,4.0,46.41661852795978,0.0,0-30,15.924985558387933,20.166647411183913,13.604154631989944,14.004154631989945,17.84581648478592
23,164,54.21662545399016,100.0,4.0,3.2,45.78337454600984,0.0,0-30,15.335012363802951,19.593349818403937,13.04584363650246,13.36584363650246,17.304181091103445
23,165,54.71462813422086,100.0,3.0,2.4,45.28537186577914,0.0,0-30,14.785611559733741,19.074148746311657,12.521342966444784,12.761342966444785,16.809880153022696
23,166,55.15573097147125,100.0,2.0,1.6,44.84426902852875,0.0,0-30,14.253280708558625,18.5777076114115,12.011067257132188,12.171067257132187,16.33549415998506
23,167,55.78892812139868,100.0,1.0,0.8,44.21107187860132,0.0,0-30,13.663321563580395,18.00442875144053,11.45276796965033,11.53276796965033,15.79387515751046
23,168,56.580223793120574,100.0,0.0,0.0,43.419776206879426,0.0,0-30,13.025932862063827,17.36791048275177,10.854944051719857,10.854944051719857,15.196921672407798
31,39,7.435689449170405,10.270206267468986,195.0,100.0,92.56431055082959,89.72979373253102,RUL > 125,95.71525191175509,94.97168296683805,95.57352607084016,96.60054669758705,94.8299571259231
31,40,0.0,0.0,194.0,100.0,100.0,100.0,RUL > 125,100.0,100.0,100.0,100.0,100.0
31,41,0.0,0.0,193.0,100.0,100.0,100.0,RUL > 125,100.0,100.0,100.0,100.0,100.0
31,42,4.644673251246627,0.0,192.0,100.0,95.35532674875337,100.0,RUL > 125,98.60659802462601,98.14213069950135,98.83883168718835,98.83883168718835,98.37436436206369
31,43,9.0307985919826,0.0,191.0,100.0,90.9692014080174,100.0,RUL > 125,97.29076042240521,96.38768056320697,97.74230035200435,97.74230035200435,96.83922049280609
31,44,12.040095942649064,0.0,190.0,100.0,87.95990405735094,100.0,RUL > 125,96.38797121720528,95.18396162294039,96.98997601433774,96.98997601433774,95.78596642007282
31,45,18.708235256240577,0.0,189.0,100.0,81.29176474375942,100.0,RUL > 125,94.38752942312783,92.51670589750377,95.32294118593985,95.32294118593985,93.45211766031579
31,46,27.5653121892238,17.430503743145135,188.0,100.0,72.4346878107762,82.56949625685486,RUL > 125,88.24430559460383,85.48777437568145,88.75104601690776,90.49409639122229,85.99451479798537
31,47,31.244008056034502,44.052680614750166,187.0,100.0,68.7559919439655,55.947319385249834,RUL > 125,81.81626146023962,78.69186065463617,81.17582783230384,85.58109589377885,78.05142702670038
31,48,24.054435469446467,57.83859596898673,186.0,100.0,75.94556453055353,42.16140403101327,RUL > 125,81.21595016536871,78.81050661842407,79.52674214039169,85.31060173729037,77.12129859344705
31,49,31.50738529451744,68.50709874283152,185.0,100.0,68.49261470548257,31.492901257168484,RUL > 125,76.84636466307846,73.69562613362672,74.99637899066275,81.8470888649459,71.84564046121102
31,50,26.637410478568533,55.92642094413564,184.0,100.0,73.36258952143146,44.07357905586436,RUL > 125,80.82349266760231,78.15975161974546,79.35904214432395,84.95168423873751,76.69530109646709
31,51,20.97184859520217,37.337885927529456,183.0,100.0,79.02815140479782,62.662114072470544,RUL > 125,86.24086823593346,84.14368337641324,85.4225663693171,89.15635496207004,83.32538150979687
31,52,30.37446072504313,28.77814054327217,182.0,100.0,69.62553927495688,71.22185945672783,RUL > 125,85.13203367383262,82.09458760132831,85.21184968292117,88.08966373724839,82.17440361041686
31,53,33.557256154710224,22.68254272104336,181.0,100.0,66.44274384528978,77.31745727895664,RUL > 125,85.39631460937827,82.04058899390724,85.9400502810616,88.20830455316595,82.58432466559059
31,54,35.42441743995539,16.669668535930064,180.0,100.0,64.57558256004461,83.33033146406993,RUL > 125,86.03874106082736,82.49629931683182,86.97647850602863,88.64344535962164,83.43403676203309
31,55,36.509764185703744,14.178575354281117,179.0,100.0,63.490235814296256,85.82142464571888,RUL > 125,86.21135567343265,82.56037925486228,87.32791511500379,88.7457726504319,83.67693869643341
31,56,25.77881856751403,8.320265350467078,178.0,100.0,74.22118143248596,91.67973464953292,RUL > 125,90.60230135965237,88.02441950290097,91.47522902050473,92.30725555555144,88.89734716375331
31,57,24.230079916434764,5.378281989416103,177.0,100.0,75.76992008356524,94.62171801058389,RUL > 125,91.65531962718634,89.23231163554287,92.59790952353728,93.1357377224789,90.17490153189381
31,58,20.913002339541077,0.0,176.0,100.0,79.08699766045892,100.0,RUL > 125,93.72609929813768,91.63479906418357,94.77174941511473,94.77174941511473,92.68044918116063
31,59,12.50652853596241,0.0,175.0,100.0,87.49347146403758,100.0,RUL > 125,96.24804143921128,94.99738858561503,96.8733678660094,96.8733678660094,95.62271501241315
31,60,0.7218056678424105,0.0,174.0,100.0,99.2781943321576,100.0,RUL > 125,99.78345829964728,99.71127773286304,99.81954858303939,99.81954858303939,99.74736801625517
31,61,0.0,0.0,173.0,100.0,100.0,100.0,RUL > 125,100.0,100.0,100.0,100.0,100.0
31,62,0.0,0.0,172.0,100.0,100.0,100.0,RUL > 125,100.0,100.0,100.0,100.0,100.0
31,63,0.0,0.0,171.0,100.0,100.0,100.0,RUL > 125,100.0,100.0,100.0,100.0,100.0
31,64,7.001184079673184,0.0,170.0,100.0,92.99881592032682,100.0,RUL > 125,97.89964477609804,97.19952636813073,98.2497039800817,98.2497039800817,97.54958557211438
31,65,0.0,0.0,169.0,100.0,100.0,100.0,RUL > 125,100.0,100.0,100.0,100.0,100.0
31,66,0.0,0.0,168.0,100.0,100.0,100.0,RUL > 125,100.0,100.0,100.0,100.0,100.0
31,67,0.0,0.0,167.0,100.0,100.0,100.0,RUL > 125,100.0,100.0,100.0,100.0,100.0
31,68,0.4183181775904467,0.0,166.0,100.0,99.58168182240955,100.0,RUL > 125,99.87450454672286,99.83267272896381,99.89542045560239,99.89542045560239,99.85358863784333
31,69,6.332903463522453,0.0,165.0,100.0,93.66709653647754,100.0,RUL > 125,98.10012896094327,97.46683861459101,98.41677413411938,98.41677413411938,97.78348378776714
31,70,4.148079716107057,5.932916811866247,164.0,100.0,95.85192028389294,94.06708318813375,RUL > 125,97.56899272279463,97.15418475118392,97.47975086800668,98.07304254919329,97.06494289639596
31,71,23.057045095191423,26.85951451309712,163.0,100.0,76.94295490480857,73.14048548690288,RUL > 125,87.71098356882315,85.40527905930401,87.52086009792787,90.20681154923757,85.21515558840872
31,72,21.45607815641295,39.263112432259405,162.0,100.0,78.54392184358704,60.736887567740595,RUL > 125,85.71055406662424,83.56494625098294,84.82020235283191,88.74651359605785,82.67459453719061
31,73,14.879204198295804,44.35299895765269,161.0,100.0,85.12079580170419,55.64700104234731,RUL > 125,86.66563894898071,85.17771852915115,85.19194921101287,89.62724910677814,83.70402879118329
31,74,7.933132588305098,48.67636611264462,160.0,100.0,92.0668674116949,51.32363388735538,RUL > 125,87.88478700097954,87.09147374214905,85.84762532476256,90.71526193602703,85.05431206593205
31,75,22.714699401163337,54.39247239062664,159.0,100.0,77.28530059883667,45.60752760937336,RUL > 125,82.30709570152567,80.03562576140934,80.72320705205252,86.16245429111517,78.45173711193618
31,76,17.25375793261832,46.50582594170712,158.0,100.0,82.74624206738167,53.49417405829288,RUL > 125,85.52270743187307,83.79733163861124,84.06010403141863,88.71068662558935,82.3347282381568
31,77,17.705434246016676,26.26067795671617,157.0,100.0,82.29456575398332,73.73932204328383,RUL > 125,89.43623413485176,87.66569071025009,89.00847194931679,91.6345397449884,87.23792852471512
31,78,11.790625380086,10.65395010300248,156.0,100.0,88.209374619914,89.34604989699753,RUL > 125,94.33202236537372,93.1529598273651,94.38885612922789,95.45425113952813,93.2097935912193
31,79,0.0,0.0,155.0,100.0,100.0,100.0,RUL > 125,100.0,100.0,100.0,100.0,100.0
31,80,0.0,0.0,154.0,100.0,100.0,100.0,RUL > 125,100.0,100.0,100.0,100.0,100.0
31,81,0.0,0.0,153.0,100.0,100.0,100.0,RUL > 125,100.0,100.0,100.0,100.0,100.0
31,82,0.0,0.0,152.0,100.0,100.0,100.0,RUL > 125,100.0,100.0,100.0,100.0,100.0
31,83,0.0,0.0,151.0,100.0,100.0,100.0,RUL > 125,100.0,100.0,100.0,100.0,100.0
31,84,0.0,0.0,150.0,100.0,100.0,100.0,RUL > 125,100.0,100.0,100.0,100.0,100.0
31,85,0.0,0.0,149.0,100.0,100.0,100.0,RUL > 125,100.0,100.0,100.0,100.0,100.0
31,86,0.0,0.0,148.0,100.0,100.0,100.0,RUL > 125,100.0,100.0,100.0,100.0,100.0
31,87,0.0,0.0,147.0,100.0,100.0,100.0,RUL > 125,100.0,100.0,100.0,100.0,100.0
31,88,0.0,0.0,146.0,100.0,100.0,100.0,RUL > 125,100.0,100.0,100.0,100.0,100.0
31,89,0.0,0.0,145.0,100.0,100.0,100.0,RUL > 125,100.0,100.0,100.0,100.0,100.0
31,90,0.0,0.0,144.0,100.0,100.0,100.0,RUL > 125,100.0,100.0,100.0,100.0,100.0
31,91,0.0,0.0,143.0,100.0,100.0,100.0,RUL > 125,100.0,100.0,100.0,100.0,100.0
31,92,7.486933984875257,21.553460821375204,142.0,100.0,92.51306601512474,78.44653917862479,RUL > 125,93.44322764026238,92.69453424177486,92.73990129843739,94.89524738057492,91.99120789994986
31,93,6.609919081926866,42.23416214302277,141.0,100.0,93.39008091807314,57.76583785697723,RUL > 125,89.5701918468174,88.90919993862471,87.78897969376258,92.01239590806486,87.1279877855699
31,94,1.1268879095090818,54.564255860483456,140.0,100.0,98.87311209049092,45.435744139516544,RUL > 125,88.74908245505058,88.63639366409969,86.07721405750186,91.5336396435502,85.96452526655095
31,95,3.139957501913816,59.78121289371162,139.0,100.0,96.86004249808619,40.21878710628838,RUL > 125,87.10177017068354,86.78777442049216,84.26970740109364,90.2478286904648,83.95571165090227
31,96,14.625262035758444,73.71111260720619,138.0,100.0,85.37473796424156,26.28888739279381,RUL > 125,80.87019886783123,79.4076726642554,77.91590633925884,85.28701759997946,76.45338013568299
31,97,8.551174778745194,66.02845483169965,137.0,100.0,91.44882522125481,33.97154516830035,RUL > 125,84.22895660003651,83.373839122162,81.35509259738879,87.95793808055876,80.49997511951427
31,98,0.0,40.74321740338248,136.0,100.0,100.0,59.25678259661752,RUL > 125,91.8513565193235,91.8513565193235,89.81419564915439,93.88851738949262,89.81419564915439
31,99,0.0,12.85958521593506,135.0,100.0,100.0,87.14041478406494,RUL > 125,97.42808295681299,97.42808295681299,96.78510369601624,98.07106221760974,96.78510369601624
31,100,0.0,0.0,134.0,100.0,100.0,100.0,RUL > 125,100.0,100.0,100.0,100.0,100.0
31,101,0.0,0.0,133.0,100.0,100.0,100.0,RUL > 125,100.0,100.0,100.0,100.0,100.0
31,102,0.0,0.0,132.0,100.0,100.0,100.0,RUL > 125,100.0,100.0,100.0,100.0,100.0
31,103,0.0,0.0,131.0,100.0,100.0,100.0,RUL > 125,100.0,100.0,100.0,100.0,100.0
31,104,0.0,0.0,130.0,100.0,100.0,100.0,RUL > 125,100.0,100.0,100.0,100.0,100.0
31,105,0.0,0.0,129.0,100.0,100.0,100.0,RUL > 125,100.0,100.0,100.0,100.0,100.0
31,106,0.0,0.0,128.0,100.0,100.0,100.0,RUL > 125,100.0,100.0,100.0,100.0,100.0
31,107,0.0,0.0,127.0,100.0,100.0,100.0,RUL > 125,100.0,100.0,100.0,100.0,100.0
31,108,0.0,0.0,126.0,100.0,100.0,100.0,RUL > 125,100.0,100.0,100.0,100.0,100.0
31,109,0.0,0.0,125.0,100.0,100.0,100.0,76-125,100.0,100.0,100.0,100.0,100.0
31,110,0.0,0.0,124.0,99.2,100.0,100.0,76-125,99.6,99.68,99.6,99.52,99.68
31,111,0.0,0.0,123.0,98.4,100.0,100.0,76-125,99.2,99.36000000000001,99.2,99.03999999999999,99.36000000000001
31,112,0.0,1.3191092804862348,122.0,97.6,100.0,98.68089071951377,76-125,98.53617814390276,98.77617814390274,98.47022267987845,98.36213360792706,98.71022267987843
31,113,0.0,6.223961563837281,121.0,96.8,100.0,93.77603843616272,76-125,97.15520768723255,97.47520768723254,96.84400960904068,97.1464057654244,97.16400960904068
31,114,0.0,22.51438333846308,120.0,96.0,100.0,77.48561666153692,76-125,93.49712333230738,93.89712333230739,92.37140416538423,94.22284249923054,92.77140416538424
31,115,0.0,30.470721440605203,119.0,95.19999999999999,100.0,69.5292785593948,76-125,91.50585571187895,91.98585571187895,89.9823196398487,92.54939178390921,90.4623196398487
31,116,0.0,43.76973969451826,118.0,94.39999999999999,100.0,56.23026030548174,76-125,88.44605206109634,89.00605206109634,86.25756507637043,90.07453904582225,86.81756507637043
31,117,0.0,42.332465239605696,117.0,93.60000000000001,100.0,57.667534760394304,76-125,88.33350695207888,88.97350695207886,86.21688369009858,89.81013021405914,86.85688369009857
31,118,0.0,36.86417894521163,116.0,92.80000000000001,100.0,63.13582105478837,76-125,89.02716421095768,89.74716421095768,87.1839552636971,90.15037315821826,87.9039552636971
31,119,0.0,46.53820444291132,115.0,92.0,100.0,53.46179555708868,76-125,86.69235911141774,87.49235911141776,84.36544888927217,88.21926933356329,85.16544888927218
31,120,0.0,53.512031472202025,114.0,91.2,100.0,46.487968527797975,76-125,84.89759370555959,85.7775937055596,82.22199213194949,86.6931952791697,83.1019921319495
31,121,0.0,55.24434085766473,113.0,90.4,100.0,44.75565914233527,76-125,84.15113182846706,85.11113182846705,81.38891478558382,85.9533488713503,82.34891478558382
31,122,0.0,38.41545293209363,112.0,89.60000000000001,100.0,61.58454706790637,76-125,87.11690941358128,88.15690941358127,85.19613676697661,87.99768206018597,86.2361367669766
31,123,0.0,23.64260741472392,111.0,88.8,100.0,76.35739258527607,76-125,89.67147851705522,90.79147851705522,88.48934814631903,89.7336088877914,89.60934814631904
31,124,0.0,12.226190940299055,110.0,88.0,100.0,87.77380905970094,76-125,91.55476181194018,92.7547618119402,90.94345226492524,90.96607135895513,92.14345226492523
31,125,0.0,18.61212732654195,109.0,87.2,100.0,81.38787267345805,76-125,89.8775745346916,91.1575745346916,88.9469681683645,89.5281809010187,90.22696816836451
31,126,4.765607672550075,32.514468379960995,108.0,86.4,95.23439232744992,67.48553162003901,76-125,85.26742402224278,86.15086325498777,83.87998098687224,85.77142782486834,84.76342021961723
31,127,13.771141724678232,44.95719257789112,107.0,85.6,86.22885827532177,55.04280742210888,76-125,79.6772189670183,79.74010479455049,78.11791642435766,81.17363568214677,78.18080225188983
31,128,18.163549663377964,49.04763684923253,106.0,84.8,81.83645033662204,50.95236315076747,76-125,77.1414077311401,76.84505276480232,75.59720337184737,78.98196705677063,75.30084840550958
31,129,17.260867776577353,58.53830042729113,105.0,84.0,82.73913222342264,41.46169957270887,76-125,75.11407958156856,74.98799280391083,73.05020794903288,77.304037991762,72.92412117137515
31,130,10.44919010381262,56.68542786105634,104.0,83.2,89.55080989618737,43.31457213894366,76-125,77.12815739664495,77.76323838626368,74.81634550878276,78.8048882948884,75.4514264984015
31,131,13.636770145452196,56.51886281693047,103.0,82.39999999999999,86.3632298545478,43.48113718306953,76-125,75.80519639297825,76.20151937843303,73.66109175940433,77.55297804109736,74.0574147448591
31,132,12.840557054038362,47.7247041891641,102.0,81.6,87.15944294596164,52.2752958108359,76-125,77.40289204595567,77.95883634055184,75.65868468919939,78.59115510811579,76.21462898379555
31,133,11.272009215073236,32.70438528352233,101.0,80.80000000000001,88.72799078492676,67.29561471647767,76-125,80.47752017877357,81.27031925726625,79.4059013753511,80.75633990370335,80.1987004538438
31,134,13.092352848588051,13.812436394594888,100.0,80.0,86.90764715141195,86.18756360540512,76-125,83.3098068665046,84.0005715816458,83.27380268920426,82.65504632866376,83.96456740434546
31,135,29.102670618368627,16.265375930582255,99.0,79.2,70.89732938163138,83.73462406941775,76-125,77.61612362837296,76.78585656653611,78.25798836276229,77.80452595582052,77.42772130092543
31,136,36.5214350616365,25.218322870065897,98.0,78.4,63.4785649383635,74.78167712993411,76-125,73.19990490749588,71.70776140133222,73.7650605170744,74.126892804081,72.27291701091076
31,137,47.393906819011086,47.0962640603301,97.0,77.60000000000001,52.606093180988914,52.9037359396699,76-125,65.16257514223065,62.66318446032955,65.1774572801647,67.64708368619772,62.6780665982636
31,138,41.33828726989143,61.85976016904341,96.0,76.8,58.66171273010857,38.14023983095659,76-125,63.626561785223885,61.81273305823474,62.60048814026629,66.46646415717063,60.78665941327715
31,139,42.86583053709284,72.50250657844025,95.0,76.0,57.13416946290716,27.497493421559753,76-125,60.6397495231841,58.75316646947482,59.15791572111672,64.00816637896075,57.27133266740745
31,140,50.03590153488931,79.77533705459223,94.0,75.2,49.96409846511069,20.224662945407772,76-125,56.63416212861476,54.110571975125836,55.147190352629615,60.64472405808883,52.62360019914068
31,141,50.20568730720933,94.63673334286946,93.0,74.4,49.79431269279067,5.363266657130538,76-125,53.21094713926331,50.75037840854239,50.989394837480305,57.89306817176725,48.528826106759375
31,142,50.10557268327977,90.91906533152564,92.0,73.6,49.89442731672023,9.080934668474356,76-125,53.58451512871094,51.21395786038297,51.54384049629864,57.99574702945121,49.17328322797067
31,143,44.387225354329566,63.98076970306244,91.0,72.8,55.612774645670434,36.01923029693756,76-125,60.287678453088645,58.568955917655686,59.308001235652,62.98607820595824,57.58927870021904
31,144,29.349480578947016,19.452820260850416,90.0,72.0,70.65051942105299,80.54717973914958,76-125,73.30459177414582,73.16964371625112,73.79942479005064,72.94470681613568,73.66447673215595
31,145,24.79971703715363,0.0,89.0,71.2,75.20028296284637,100.0,76-125,78.16008488885392,78.56011318513856,79.4000707407116,76.52007074071159,79.80009903699623
31,146,14.637245923689472,0.0,88.0,70.39999999999999,85.36275407631052,100.0,76-125,80.80882622289315,82.3051016305242,81.54068851907763,78.58068851907763,83.03696392670868
31,147,27.68497220453456,0.0,87.0,69.6,72.31502779546544,100.0,76-125,76.49450833863963,76.76601111818619,77.87875694886635,74.83875694886636,78.1502597284129
31,148,36.15239391576219,0.0,86.0,68.8,63.84760608423781,100.0,76-125,73.55428182527135,73.05904243369513,75.36190152105945,72.24190152105945,74.86666212948323
31,149,32.568182956407234,0.0,85.0,68.0,67.43181704359276,100.0,76-125,74.22954511307782,74.17272681743711,75.8579542608982,72.65795426089818,75.80113596525746
31,150,12.525175107854968,0.0,84.0,67.2,87.47482489214504,100.0,76-125,79.84244746764351,81.86992995685802,80.46870622303626,77.18870622303626,82.49618871225076
31,151,9.996395890420748,0.0,83.0,66.4,90.00360410957926,100.0,76-125,80.20108123287378,82.5614416438317,80.70090102739482,77.34090102739482,83.06126143835274
31,152,0.0,0.0,82.0,65.60000000000001,100.0,100.0,76-125,82.80000000000001,86.24000000000001,82.80000000000001,79.36000000000001,86.24000000000001
31,153,0.0,0.0,81.0,64.8,100.0,100.0,76-125,82.4,85.92,82.4,78.88,85.92
31,154,0.0,0.0,80.0,64.0,100.0,100.0,76-125,82.0,85.6,82.0,78.4,85.6
31,155,0.0,0.0,79.0,63.2,100.0,100.0,76-125,81.6,85.28,81.6,77.92,85.28
31,156,0.0,0.0,78.0,62.4,100.0,100.0,76-125,81.2,84.96000000000001,81.2,77.44,84.96000000000001
31,157,0.0,0.0,77.0,61.6,100.0,100.0,76-125,80.8,84.64,80.8,76.96000000000001,84.64
31,158,0.0,0.0,76.0,60.8,100.0,100.0,76-125,80.4,84.32,80.4,76.47999999999999,84.32
31,159,0.0,0.0,75.0,60.0,100.0,100.0,31-75,80.0,84.0,80.0,76.0,84.0
31,160,0.0,0.0,74.0,59.199999999999996,100.0,100.0,31-75,79.6,83.68,79.6,75.52,83.68
31,161,0.0,0.0,73.0,58.4,100.0,100.0,31-75,79.2,83.36,79.2,75.03999999999999,83.36
31,162,0.0,0.0,72.0,57.599999999999994,100.0,100.0,31-75,78.8,83.03999999999999,78.8,74.56,83.03999999999999
31,163,0.0,13.470173519758664,71.0,56.8,100.0,86.52982648024134,31-75,75.70596529604826,80.02596529604827,75.03245662006033,72.0594739720362,79.35245662006034
31,164,0.0,29.16918670887573,70.0,56.00000000000001,100.0,70.83081329112427,31-75,72.16616265822486,76.56616265822487,70.70770332278107,69.22462199366865,75.10770332278108
31,165,0.0,22.0153337398624,69.0,55.2,100.0,77.9846662601376,31-75,73.19693325202752,77.67693325202752,72.0961665650344,69.81769993902064,76.5761665650344
31,166,0.0,4.215121105273033,68.0,54.400000000000006,100.0,95.78487889472697,31-75,76.3569757789454,80.9169757789454,76.14621972368175,72.00773183420904,80.70621972368176
31,167,2.6917690364953977,22.997342249504733,67.0,53.6,97.3082309635046,77.00265775049527,31-75,71.39300083915043,75.76382393550091,70.37772217849997,68.03745640345043,74.74854527485041
31,168,7.303464237932039,39.2767856174869,66.0,52.800000000000004,92.69653576206797,60.7232143825131,31-75,66.35360360512301,70.34325718132982,64.75493753614526,63.96261609789396,68.74459111235207
31,169,20.548701089639447,59.83779891153674,65.0,52.0,79.45129891036055,40.16220108846326,31-75,57.86782989080082,60.61295978183688,55.90337499970595,57.08715489085963,58.64850489074201
31,170,23.62757653590513,78.01287604289593,64.0,51.2,76.37242346409487,21.987123957104075,31-75,52.90915183064928,55.42639417705877,50.18988685529973,53.11117445958933,52.70712920170922
31,171,9.773441915704954,79.1913434426616,63.0,50.4,90.22655808429505,20.808656557338395,31-75,56.429698736756194,60.41235454518569,52.958803660408364,55.91793800467452,56.94145946883786
31,172,30.43223379671035,100.0,62.0,49.6,69.56776620328965,0.0,31-75,45.6703298609869,47.66710648131587,42.19194155082241,47.151941550822414,44.18871817115138
31,173,29.33593163102505,100.0,61.0,48.8,70.66406836897495,0.0,31-75,45.59922051069248,47.78562734758998,42.06601709224374,46.946017092243736,44.25242392914123
31,174,21.2913891293616,100.0,60.0,48.0,78.7086108706384,0.0,31-75,47.61258326119152,50.683444348255364,43.677152717659595,48.47715271765959,46.74801380472344
31,175,30.07785949875152,79.55820158763382,59.0,47.199999999999996,69.92214050124848,20.441798412366182,31-75,48.66500183284778,50.93721588297263,46.19098472840366,48.86680488716704,48.463198778528515
31,176,50.06465453407057,65.2745818579006,58.0,46.400000000000006,49.93534546592943,34.7254181420994,31-75,45.12568726819871,45.47922181479166,44.365190902007214,45.53264908779727,44.71872544860015
31,177,50.15745883894161,78.61143965544805,57.0,45.6,49.84254116105839,21.388560344551948,31-75,42.03047441722791,42.45472853333375,40.607775376402586,43.028919341947386,41.03202949250843
31,178,50.21771355771597,89.54713275860323,56.0,44.800000000000004,49.78228644228403,10.452867241396774,31-75,39.42525938096457,39.923488025192974,37.45878842092021,40.893501696780525,37.957017065148605
31,179,50.16088236622319,98.61692564406484,55.0,44.0,49.83911763377681,1.3830743559351646,31-75,37.22835016132008,37.812261924697765,34.80554799742799,39.067240561834474,35.38945976080568
31,180,50.09436120352832,97.76779744627224,54.0,43.2,49.90563879647168,2.2322025537277597,31-75,37.018132149687055,37.68869602933423,34.634460337549854,38.73124008217709,35.30502421719703
31,181,50.184042397898494,82.07744480759739,53.0,42.4,49.815957602101506,17.922555192402612,31-75,39.729298319110974,40.47089407932113,38.13462819862603,40.58237267938576,38.87622395883618
31,182,50.31608581753548,87.28765189703856,52.0,41.6,49.68391418246452,12.712348102961442,31-75,38.24764387533164,39.05603529357809,36.399065571356495,39.28783076106035,37.20745698960294
31,183,50.28961933863486,80.45209906923937,51.0,40.8,49.71038066136514,19.547900930760633,31-75,39.22269438456166,40.11373245069819,37.71457039803144,39.83978030495538,38.60560846416796
31,184,50.29963234435583,57.05684590065459,50.0,40.0,49.70036765564417,42.94315409934541,31-75,43.49874111656233,44.46877788212675,43.1608804387474,42.86656502881286,44.130917204311814
31,185,50.37286485518502,37.94994292900613,49.0,39.2,49.62713514481498,62.05005707099387,31-75,46.89815195764327,47.94086547212477,47.51929805395221,45.234292346852826,48.56201156843372
31,186,50.445786039500966,41.27667091956636,48.0,38.4,49.554213960499034,58.72332908043364,31-75,45.81093000423644,46.92635140028634,46.26938576023317,44.237052852189805,47.384807156283074
31,187,50.563119414432485,55.30530264135817,47.0,37.6,49.436880585567515,44.69469735864183,31-75,42.57000364739862,43.753691705955376,42.33289448605234,41.62342475018816,43.516582544609086
31,188,50.8317697149904,87.80835287180143,46.0,36.8,49.1682302850096,12.191647128198568,31-75,35.58879851114259,36.825621539643556,33.739969353302044,36.20080464048218,34.976792381802994
31,189,51.028028884578006,100.0,45.0,36.0,48.971971115421994,0.0,31-75,32.691591334626594,33.9887884461688,30.2429927788555,33.842992778855496,31.5401898903977
31,190,51.024671880055664,100.0,44.0,35.199999999999996,48.975328119944336,0.0,31-75,32.292598435983294,33.670131247977736,29.843832029986082,33.363832029986085,31.221364841980513
31,191,50.906887480816486,100.0,43.0,34.4,49.093112519183514,0.0,31-75,31.927933755755053,33.397245007673405,29.47327812979588,32.91327812979588,30.942589381714228
31,192,50.71000698865757,100.0,42.0,33.6,49.28999301134243,0.0,31-75,31.58699790340273,33.15599720453697,29.12249825283561,32.48249825283561,30.69149755396985
31,193,50.79159050059085,86.71486847738218,41.0,32.800000000000004,49.20840949940915,13.285131522617817,31-75,33.81954915434631,35.46039010428723,32.02338525550674,33.97487210324496,33.66422620544766
31,194,50.69494783251161,50.9093151027212,40.0,32.0,49.30505216748839,49.0906848972788,31-75,40.609652629702275,42.34015784645112,40.5989342661918,38.88986577646392,42.329439482940636
31,195,50.56483623380298,5.692247522897277,39.0,31.2,49.43516376619702,94.30775247710272,31-75,49.29209962527965,51.115616001899355,51.535729060824934,45.224953813114666,53.35924543744464
31,196,50.59279016160024,0.0,38.0,30.4,49.40720983839976,100.0,31-75,50.022162951519924,51.922883935359906,52.55180245959994,45.59180245959994,54.452523443439915
31,197,50.43406792241512,0.0,37.0,29.599999999999998,49.56593207758488,100.0,31-75,49.66977962327546,51.666372831033954,52.191483019396216,45.15148301939622,54.18807622715471
31,198,50.31491874224736,0.0,36.0,28.799999999999997,49.68508125775264,100.0,31-75,49.30552437732579,51.39403250310106,51.82127031443816,44.70127031443816,53.90977844021342
31,199,50.30346405528812,0.0,35.0,28.000000000000004,49.69653594471188,100.0,31-75,48.90896078341356,51.07861437788476,51.42413398617797,44.224133986177975,53.59378758064916
31,200,50.45811031196901,0.0,34.0,27.200000000000003,49.54188968803099,100.0,31-75,48.4625669064093,50.6967558752124,50.985472422007746,43.705472422007745,53.21966139081085
31,201,50.75898583364953,0.0,33.0,26.400000000000002,49.24101416635047,100.0,31-75,47.97230424990514,50.25640566654019,50.510253541587616,43.15025354158762,52.79435495822267
31,202,50.73025811311678,0.0,32.0,25.6,49.26974188688322,100.0,31-75,47.58092256606496,49.94789675475329,50.1174354717208,42.677435471720806,52.48440966040913
31,203,50.79992766496102,24.19584719102639,31.0,24.8,49.20007233503898,75.80415280897361,31-75,42.32085226230642,44.76085949581032,43.65105628600315,38.55064100510579,46.091063519507045
31,204,50.69346943071023,45.20781565110041,30.0,24.0,49.30653056928977,54.79218434889959,0-30,37.75039604056685,40.28104909749583,38.02467872954734,34.94546029465738,40.555331786476316
31,205,50.89762724663909,69.5506300873365,29.0,23.200000000000003,49.10237275336091,30.4493699126635,0-30,32.42058580854098,35.010823083877064,31.487935666506104,30.762998675239754,34.0781729418422
31,206,50.97122962400966,96.37098582830458,28.0,22.400000000000002,49.02877037599034,3.6290141716954167,0-30,26.634433947136188,29.297310984735223,24.36444613692144,26.241544719751897,27.027323174520472
31,207,51.018452534248695,100.0,27.0,21.6,48.981547465751305,0.0,0-30,25.494464239725392,28.232618986300523,23.045386866437827,25.205386866437827,25.783541613012957
31,208,51.0697604740872,99.75569055037776,26.0,20.8,48.9302395259128,0.24430944962223577,0-30,25.127933747698286,27.94095770028957,22.69363724388376,24.749206298921536,25.50666119647504
31,209,50.96960008249929,72.58083278743037,25.0,20.0,49.03039991750071,27.419167212569633,0-30,30.192953417764137,33.09599340951421,29.112391782517587,28.370475061260624,32.015431774267654
31,210,51.07135435939862,55.863981797905005,24.0,19.2,48.92864564060138,44.136018202094995,0-30,33.105797332599415,36.078661896659554,32.866165960674095,30.372564140464593,35.839030524734234
31,211,51.58410034571442,93.6737160903064,23.0,18.4,48.41589965428558,6.3262839096936005,0-30,24.990026678224392,27.991616643652954,22.885545890994795,24.092917500025436,25.887135856423352
31,212,51.57753401719525,100.0,22.0,17.599999999999998,48.42246598280475,0.0,0-30,23.326739794841423,26.4089863931219,20.90561649570119,22.665616495701187,23.987863093981662
31,213,51.43086676634877,100.0,21.0,16.8,48.56913323365123,0.0,0-30,22.970739970095366,26.147653293460493,20.542283308412806,22.222283308412806,23.719196631777926
31,214,51.4827060899881,100.0,20.0,16.0,48.5172939100119,0.0,0-30,22.55518817300357,25.806917564004763,20.129323477502975,21.729323477502973,23.381052868504163
31,215,51.74488079907045,100.0,19.0,15.2,48.25511920092955,0.0,0-30,22.076535760278865,25.38204768037182,19.663779800232387,21.183779800232386,22.969291720325344
31,216,51.63924851139839,100.0,18.0,14.399999999999999,48.36075148860161,0.0,0-30,21.70822544658048,25.10430059544064,19.2901878721504,20.730187872150402,22.68626302101056
31,217,51.635333780062574,100.0,17.0,13.600000000000001,48.364666219937426,0.0,0-30,21.309399865981227,24.785866487974975,18.89116655498436,20.25116655498436,22.3676331769781
31,218,51.85717707067224,100.0,16.0,12.8,48.14282292932776,0.0,0-30,20.842846878798326,24.377129171731106,18.43570573233194,19.71570573233194,21.969988025264716
31,219,51.9548154514118,89.68600050454415,15.0,12.0,48.0451845485882,10.313999495455846,0-30,22.476355263667628,26.08087371852645,20.58979601101101,20.75839606146543,24.194314465869834
31,220,52.108377653208095,79.95161976489842,14.0,11.200000000000001,47.891622346791905,20.048380235101575,0-30,23.97716275105789,27.64632498573708,22.58500064547337,21.700162621963212,26.25416288015256
31,221,52.58858416488663,100.0,13.0,10.4,47.41141583511337,0.0,0-30,19.42342475053401,23.124566334045348,17.052853958778343,18.092853958778342,20.753995542289676
31,222,52.27778158489007,100.0,12.0,9.6,47.72221841510993,0.0,0-30,19.116665524532976,22.928887366043973,16.73055460377748,17.690554603777482,20.542776445288474
31,223,52.60971924377064,100.0,11.0,8.799999999999999,47.39028075622936,0.0,0-30,18.61708422686881,22.476112302491742,16.24757018905734,17.127570189057337,20.106598264680276
31,224,52.94853402550154,100.0,10.0,8.0,47.05146597449846,0.0,0-30,18.11543979234954,22.020586389799384,15.762866493624616,16.562866493624615,19.66801309107446
31,225,53.049773682335385,100.0,9.0,7.199999999999999,46.950226317664615,0.0,0-30,17.685067895299383,21.660090527065847,15.337556579416153,16.057556579416154,19.312579211182612
31,226,53.42485294713002,100.0,8.0,6.4,46.57514705286998,0.0,0-30,17.172544115860994,21.190058821147993,14.843786763217494,15.483786763217495,18.861301468504493
31,227,53.64812727533647,100.0,7.0,5.6000000000000005,46.35187272466353,0.0,0-30,16.705561817399058,20.78074908986541,14.387968181165883,14.947968181165884,18.463155453632233
31,228,53.91151535954738,100.0,6.0,4.8,46.08848464045262,0.0,0-30,16.226545392135787,20.355393856181045,13.922121160113155,14.402121160113154,18.05096962415842
31,229,54.56331812696144,100.0,5.0,4.0,45.43668187303856,0.0,0-30,15.631004561911567,19.774672749215426,13.35917046825964,13.75917046825964,17.502838655563494
31,230,55.0379798336117,100.0,4.0,3.2,44.9620201663883,0.0,0-30,15.08860604991649,19.26480806655532,12.840505041597075,13.160505041597075,17.016707058235905
31,231,55.5195279762986,100.0,3.0,2.4,44.4804720237014,0.0,0-30,14.54414160711042,18.75218880948056,12.32011800592535,12.56011800592535,16.52816520829549
31,232,55.901273353751264,100.0,2.0,1.6,44.098726646248736,0.0,0-30,14.029617993874622,18.279490658499494,11.824681661562185,11.984681661562185,16.074554326187055
31,233,56.31856104319334,100.0,1.0,0.8,43.68143895680666,0.0,0-30,13.504431687041997,17.792575582722666,11.320359739201665,11.400359739201665,15.60850363488233
31,234,57.1175531320684,100.0,0.0,0.0,42.8824468679316,0.0,0-30,12.86473406037948,17.15297874717264,10.7206117169829,10.7206117169829,15.008856403776058
32,39,37.10864557025421,80.09560845666351,152.0,100.0,62.89135442974579,19.904391543336487,RUL > 125,72.84828463759104,69.13742008056562,70.69893649327057,78.70849733893692,66.98807193624515
32,40,34.33683489421986,82.40377946142452,151.0,100.0,65.66316510578014,17.59622053857548,RUL > 125,73.21819363944914,69.78451015002715,70.81484641108891,79.05522435723135,67.38116292166691
32,41,27.564283721229717,69.41921847316517,150.0,100.0,72.43571627877029,30.580781526834826,RUL > 125,77.84687118899805,75.09044281687508,75.75412445140128,82.6960462987178,72.9976960792783
32,42,30.927687073856543,58.36864201996729,149.0,100.0,69.07231292614345,41.63135798003271,RUL > 125,79.04796547384959,75.95519676646393,77.67591772654404,83.51278192854078,74.58314901915838
32,43,31.12211224073664,52.74922283790524,148.0,100.0,68.87788775926336,47.25077716209476,RUL > 125,80.11352176019795,77.0013105361243,79.03216623033953,84.30708851413004,75.91995500626587
32,44,33.194654112798766,34.04701755488071,147.0,100.0,66.80534588720124,65.95298244511929,RUL > 125,83.23220025518422,79.91273484390436,83.18958208308014,86.59428383856822,79.87011667180025
32,45,33.06868914152438,10.91361714774561,146.0,100.0,66.93131085847563,89.08638285225439,RUL > 125,87.89666982799358,84.58980091384112,89.0044234276825,90.09578514245706,85.69755451353006
32,46,31.094634258894864,6.394436636374874,145.0,100.0,68.90536574110513,93.60556336362512,RUL > 125,89.39272239505657,86.28325896916708,90.62773227618257,91.26717593982005,87.51826885029308
32,47,28.0936764421804,0.0,144.0,100.0,71.9063235578196,100.0,RUL > 125,91.57189706734587,88.76252942312784,92.97658088945491,92.97658088945491,90.16721324523687
32,48,27.82699021971656,0.0,143.0,100.0,72.17300978028344,100.0,RUL > 125,91.65190293408503,88.86920391211338,93.04325244507086,93.04325244507086,90.2605534230992
32,49,27.431566633994137,0.0,142.0,100.0,72.56843336600586,100.0,RUL > 125,91.77053000980176,89.02737334640234,93.14210834150147,93.14210834150147,90.39895167810205
32,50,19.733260118336403,0.0,141.0,100.0,80.2667398816636,100.0,RUL > 125,94.08002196449908,92.10669595266543,95.0666849704159,95.0666849704159,93.09335895858226
32,51,0.0,0.0,140.0,100.0,100.0,100.0,RUL > 125,100.0,100.0,100.0,100.0,100.0
32,52,0.0,0.0,139.0,100.0,100.0,100.0,RUL > 125,100.0,100.0,100.0,100.0,100.0
32,53,0.0,0.0,138.0,100.0,100.0,100.0,RUL > 125,100.0,100.0,100.0,100.0,100.0
32,54,0.0,0.0,137.0,100.0,100.0,100.0,RUL > 125,100.0,100.0,100.0,100.0,100.0
32,55,0.0,0.0,136.0,100.0,100.0,100.0,RUL > 125,100.0,100.0,100.0,100.0,100.0
32,56,0.0,0.0,135.0,100.0,100.0,100.0,RUL > 125,100.0,100.0,100.0,100.0,100.0
32,57,0.0,0.0,134.0,100.0,100.0,100.0,RUL > 125,100.0,100.0,100.0,100.0,100.0
32,58,0.0,0.0,133.0,100.0,100.0,100.0,RUL > 125,100.0,100.0,100.0,100.0,100.0
32,59,0.0,0.0,132.0,100.0,100.0,100.0,RUL > 125,100.0,100.0,100.0,100.0,100.0
32,60,0.0,0.0,131.0,100.0,100.0,100.0,RUL > 125,100.0,100.0,100.0,100.0,100.0
32,61,0.0,0.0,130.0,100.0,100.0,100.0,RUL > 125,100.0,100.0,100.0,100.0,100.0
32,62,0.0,0.0,129.0,100.0,100.0,100.0,RUL > 125,100.0,100.0,100.0,100.0,100.0
32,63,0.0,0.0,128.0,100.0,100.0,100.0,RUL > 125,100.0,100.0,100.0,100.0,100.0
32,64,0.0,0.0,127.0,100.0,100.0,100.0,RUL > 125,100.0,100.0,100.0,100.0,100.0
32,65,0.0,13.04133330113482,126.0,100.0,100.0,86.95866669886519,RUL > 125,97.39173333977304,97.39173333977304,96.73966667471629,98.04380000482978,96.73966667471629
32,66,0.0,15.3070788730152,125.0,100.0,100.0,84.6929211269848,76-125,96.93858422539697,96.93858422539697,96.1732302817462,97.70393816904772,96.1732302817462
32,67,0.0,9.562794395818932,124.0,99.2,100.0,90.43720560418107,76-125,97.68744112083621,97.76744112083622,97.20930140104527,98.08558084062716,97.28930140104528
32,68,0.0,0.0,123.0,98.4,100.0,100.0,76-125,99.2,99.36000000000001,99.2,99.03999999999999,99.36000000000001
32,69,0.0,0.0,122.0,97.6,100.0,100.0,76-125,98.8,99.03999999999999,98.8,98.56,99.03999999999999
32,70,0.0,0.0,121.0,96.8,100.0,100.0,76-125,98.4,98.72,98.4,98.08,98.72
32,71,0.0,0.0,120.0,96.0,100.0,100.0,76-125,98.0,98.4,98.0,97.6,98.4
32,72,0.0,9.491569058321856,119.0,95.19999999999999,100.0,90.50843094167814,76-125,95.70168618833563,96.18168618833563,95.22710773541954,95.69626464125172,95.70710773541953
32,73,0.0,15.822622076229834,118.0,94.39999999999999,100.0,84.17737792377017,76-125,94.03547558475402,94.59547558475403,93.24434448094253,94.26660668856552,93.80434448094253
32,74,0.0,24.74467220948726,117.0,93.60000000000001,100.0,75.25532779051274,76-125,91.85106555810256,92.49106555810255,90.6138319476282,92.44829916857691,91.25383194762819
32,75,0.0,45.33144186797893,116.0,92.80000000000001,100.0,54.66855813202107,76-125,87.33371162640422,88.05371162640422,85.06713953300527,88.88028371980317,85.78713953300527
32,76,0.0,55.97239031417912,115.0,92.0,100.0,44.02760968582088,76-125,84.80552193716417,85.60552193716418,82.00690242145522,86.80414145287313,82.80690242145523
32,77,0.0,55.77457536984811,114.0,91.2,100.0,44.22542463015189,76-125,84.44508492603038,85.32508492603039,81.65635615753797,86.35381369452278,82.53635615753798
32,78,0.0,59.40453310396816,113.0,90.4,100.0,40.59546689603184,76-125,83.31909337920636,84.27909337920636,80.34886672400796,85.32932003440479,81.30886672400796
32,79,0.0,46.46652419906052,112.0,89.60000000000001,100.0,53.53347580093948,76-125,85.5066951601879,86.5466951601879,83.18336895023488,86.79002137014092,84.22336895023487
32,80,0.0,25.2833463176222,111.0,88.8,100.0,74.7166536823778,76-125,89.34333073647556,90.46333073647557,88.07916342059445,89.48749805235667,89.19916342059446
32,81,0.0,15.759153975155252,110.0,88.0,100.0,84.24084602484474,76-125,90.84816920496895,92.04816920496896,90.06021150621119,90.4361269037267,91.26021150621119
32,82,1.1115950375971508,20.30126826536105,109.0,87.2,98.88840496240284,79.69873173463895,76-125,89.20626783564865,90.37510833188892,88.24678417426045,88.99691100079656,89.41562467050073
32,83,0.0,10.628035604447996,108.0,86.4,100.0,89.371964395552,76-125,91.0743928791104,92.4343928791104,90.542991098888,90.2457946593328,91.90299109888801
32,84,0.0,5.169081388944951,107.0,85.6,100.0,94.83091861105505,76-125,91.76618372221101,93.20618372221102,91.50772965276376,90.58463779165824,92.94772965276377
32,85,0.0,0.0,106.0,84.8,100.0,100.0,76-125,92.4,93.92,92.4,90.88,93.92
32,86,0.0,0.0,105.0,84.0,100.0,100.0,76-125,92.0,93.6,92.0,90.4,93.6
32,87,0.0,0.0,104.0,83.2,100.0,100.0,76-125,91.6,93.28,91.6,89.92,93.28
32,88,8.030747615742886,6.747881542602345,103.0,82.39999999999999,91.96925238425712,93.25211845739766,76-125,87.44119940675667,88.39812464518238,87.5053427104137,86.42013086467391,88.46226794883941
32,89,3.713842642608228,12.818758453897008,102.0,81.6,96.28615735739177,87.181241546103,76-125,87.12209551643814,88.59071125217731,86.6668497258737,86.10872557126339,88.13546546161288
32,90,16.079113335384324,24.50409390178861,101.0,80.80000000000001,83.92088666461568,75.49590609821139,76-125,80.67544721902698,80.98753588548855,80.25419819070677,80.78460758088563,80.56628685716834
32,91,12.555671419679312,35.26920578760773,100.0,80.0,87.44432858032069,64.73079421239227,76-125,79.17945741657466,79.92389027460673,78.04378069817824,79.57070127693902,78.78821355621031
32,92,13.270814403560117,45.70932391022567,99.0,79.2,86.72918559643989,54.29067608977433,76-125,76.47689089688683,77.22980945653083,74.85496542155356,77.34589781257611,75.60788398119755
32,93,26.658874158444856,52.561933560086246,98.0,78.4,73.34112584155514,47.438066439913754,76-125,70.6899510404493,70.18406362460482,69.39479807036723,72.49099142637584,68.88891065452275
32,94,16.261331034334713,51.650682484264266,97.0,77.60000000000001,83.73866896566528,48.349317515735734,76-125,73.59146419284673,74.20533108941328,71.82199662035026,74.74706486877668,72.43586351691678
32,95,4.209966659750593,34.247767728296,96.0,76.8,95.79003334024941,65.752232271704,76-125,80.28745645641561,82.18645979044055,78.78556640298835,79.89034317581795,80.68456973701328
32,96,0.0,7.919555674201109,95.0,76.0,100.0,92.0804443257989,76-125,86.41608886515978,88.81608886515978,86.02011108144973,84.41206664886982,88.42011108144973
32,97,0.0,0.0,94.0,75.2,100.0,100.0,76-125,87.6,90.08,87.6,85.12,90.08
32,98,0.0,0.0,93.0,74.4,100.0,100.0,76-125,87.2,89.76,87.2,84.64,89.76
32,99,0.0,0.0,92.0,73.6,100.0,100.0,76-125,86.8,89.44,86.8,84.16,89.44
32,100,0.0,0.0,91.0,72.8,100.0,100.0,76-125,86.4,89.12,86.4,83.68,89.12
32,101,0.0,0.0,90.0,72.0,100.0,100.0,76-125,86.0,88.8,86.0,83.19999999999999,88.8
32,102,0.0,0.0,89.0,71.2,100.0,100.0,76-125,85.6,88.48,85.6,82.72,88.48
32,103,0.0,0.0,88.0,70.39999999999999,100.0,100.0,76-125,85.19999999999999,88.16,85.19999999999999,82.24,88.16
32,104,0.0,0.0,87.0,69.6,100.0,100.0,76-125,84.8,87.84,84.8,81.75999999999999,87.84
32,105,0.0,0.0,86.0,68.8,100.0,100.0,76-125,84.4,87.52,84.4,81.28,87.52
32,106,0.0,0.0,85.0,68.0,100.0,100.0,76-125,84.0,87.2,84.0,80.8,87.2
32,107,0.0,0.0,84.0,67.2,100.0,100.0,76-125,83.6,86.88,83.6,80.32,86.88
32,108,0.0,0.0,83.0,66.4,100.0,100.0,76-125,83.2,86.56,83.2,79.84,86.56
32,109,0.0,0.0,82.0,65.60000000000001,100.0,100.0,76-125,82.80000000000001,86.24000000000001,82.80000000000001,79.36000000000001,86.24000000000001
32,110,0.0,9.130323591256714,81.0,64.8,100.0,90.86967640874329,76-125,80.57393528174866,84.09393528174866,80.11741910218582,77.51045146131149,83.63741910218582
32,111,0.0,28.84231699852463,80.0,64.0,100.0,71.15768300147536,76-125,76.23153660029507,79.83153660029507,74.78942075036883,74.0736524502213,78.38942075036884
32,112,0.0,24.973399123589367,79.0,63.2,100.0,75.02660087641064,76-125,76.60532017528213,80.28532017528212,75.35665021910266,74.1739901314616,79.03665021910265
32,113,0.0,14.855300543115636,78.0,62.4,100.0,85.14469945688437,76-125,78.22893989137688,81.98893989137689,77.4861748642211,75.21170491853265,81.24617486422109
32,114,0.0,5.7247884906556425,77.0,61.6,100.0,94.27521150934436,76-125,79.65504230186887,83.49504230186888,79.3688028773361,76.10128172640165,83.2088028773361
32,115,0.0,0.0,76.0,60.8,100.0,100.0,76-125,80.4,84.32,80.4,76.47999999999999,84.32
32,116,0.0,0.0,75.0,60.0,100.0,100.0,31-75,80.0,84.0,80.0,76.0,84.0
32,117,0.0,0.0,74.0,59.199999999999996,100.0,100.0,31-75,79.6,83.68,79.6,75.52,83.68
32,118,0.0,0.0,73.0,58.4,100.0,100.0,31-75,79.2,83.36,79.2,75.03999999999999,83.36
32,119,0.0,0.0,72.0,57.599999999999994,100.0,100.0,31-75,78.8,83.03999999999999,78.8,74.56,83.03999999999999
32,120,0.0,0.0,71.0,56.8,100.0,100.0,31-75,78.4,82.72,78.4,74.08,82.72
32,121,0.0,0.0,70.0,56.00000000000001,100.0,100.0,31-75,78.0,82.4,78.0,73.6,82.4
32,122,0.0,0.0,69.0,55.2,100.0,100.0,31-75,77.6,82.08,77.6,73.12,82.08
32,123,0.0,0.0,68.0,54.400000000000006,100.0,100.0,31-75,77.2,81.76,77.2,72.64,81.76
32,124,0.0,0.0,67.0,53.6,100.0,100.0,31-75,76.8,81.44,76.8,72.16,81.44
32,125,0.0,0.0,66.0,52.800000000000004,100.0,100.0,31-75,76.4,81.12,76.4,71.68,81.12
32,126,0.0,0.0,65.0,52.0,100.0,100.0,31-75,76.0,80.8,76.0,71.2,80.8
32,127,0.0,0.0,64.0,51.2,100.0,100.0,31-75,75.6,80.48,75.6,70.72,80.48
32,128,0.0,0.0,63.0,50.4,100.0,100.0,31-75,75.2,80.16,75.2,70.24,80.16
32,129,0.0,0.0,62.0,49.6,100.0,100.0,31-75,74.8,79.84,74.8,69.75999999999999,79.84
32,130,0.0,0.0,61.0,48.8,100.0,100.0,31-75,74.4,79.52,74.4,69.28,79.52
32,131,0.0,5.439482057389509,60.0,48.0,100.0,94.56051794261049,31-75,72.9121035885221,78.1121035885221,72.64012948565262,67.98407769139158,77.84012948565262
32,132,0.0,13.77052868841375,59.0,47.199999999999996,100.0,86.22947131158625,31-75,70.84589426231724,76.12589426231725,70.15736782789656,66.25442069673792,75.43736782789657
32,133,0.0,18.023974570785896,58.0,46.400000000000006,100.0,81.9760254292141,31-75,69.59520508584282,74.95520508584282,68.69400635730352,65.13640381438212,74.05400635730354
32,134,0.0,38.127612020576805,57.0,45.6,100.0,61.872387979423195,31-75,65.17447759588464,70.61447759588464,63.268096994855796,61.64085819691348,68.7080969948558
32,135,0.0,60.93729240229789,56.0,44.800000000000004,100.0,39.06270759770211,31-75,60.21254151954043,65.73254151954042,57.165676899425534,57.739406139655316,62.68567689942553
32,136,9.160832719233571,91.69415210485865,55.0,44.0,90.83916728076643,8.305847895141355,31-75,50.9129197632582,55.59683649133484,46.786253793976954,50.355669004462804,51.47017052205359
32,137,4.885938427857008,100.0,54.0,43.2,95.11406157214299,0.0,31-75,50.134218471642896,55.3256246288572,45.37851539303575,49.69851539303575,50.569921550250044
32,138,0.6254426883974518,100.0,53.0,42.4,99.37455731160254,0.0,31-75,51.012367193480756,56.709822924641024,46.043639327900635,50.28363932790063,51.74109505906089
32,139,0.0,99.02381121563134,52.0,41.6,100.0,0.9761887843686594,31-75,50.99523775687373,56.83523775687373,46.044047196092166,50.1064283176553,51.88404719609217
32,140,0.0,66.50875145746818,51.0,40.8,100.0,33.49124854253182,31-75,57.098249708506366,63.01824970850637,53.772812135632954,54.50368728137977,59.692812135632956
32,141,0.0,32.46898640958135,50.0,40.0,100.0,67.53101359041865,31-75,63.50620271808373,69.50620271808373,61.88275339760466,59.129652038562796,67.88275339760466
32,142,3.1836003176624224,18.39417519433468,49.0,39.2,96.81639968233758,81.60582480566532,31-75,64.96608486583433,70.7277248340681,64.20555612200073,59.96497364143419,69.96719609023448
32,143,25.15771333109156,21.751789160017683,48.0,38.4,74.84228666890844,78.24821083998232,31-75,57.30232816866899,60.946556835559846,57.47262437722269,53.48780329322445,61.11685304411354
32,144,30.77314857874666,37.77820061734328,47.0,37.6,69.22685142125334,62.22179938265672,31-75,52.01241530290735,55.17510044503268,51.66216270097751,49.19998276271185,54.824847843102845
32,145,41.27295719426776,61.514533904253,46.0,36.8,58.72704280573224,38.485466095747,31-75,43.71520606086907,45.907910341442296,42.703127225369805,42.534580615795115,44.89583150594303
32,146,46.01696703894228,99.85809646904936,45.0,36.0,53.98303296105772,0.14190353095064268,31-75,34.22329059450744,36.02159389061322,31.53123412300209,35.11704376990703,33.329537419107865
32,147,43.044962832061,100.0,44.0,35.199999999999996,56.955037167939,0.0,31-75,34.6865111503817,36.8620148671756,31.838759291984747,35.35875929198475,34.01426300877864
32,148,27.84085217963671,100.0,43.0,34.4,72.15914782036329,0.0,31-75,38.84774434610898,42.62365912814531,35.23978695509082,38.67978695509082,39.01570173712715
32,149,32.763278863283496,100.0,42.0,33.6,67.23672113671651,0.0,31-75,36.97101634101495,40.33468845468661,33.60918028417913,36.96918028417913,36.97285239785078
32,150,31.30857795966257,73.40359807903405,41.0,32.800000000000004,68.69142204033743,26.596401920965945,31-75,42.32670699629442,45.91584920032817,40.221955990325846,40.84231579822925,43.81109819435959
32,151,16.98760830215134,12.799061008827056,40.0,32.0,83.01239169784866,87.20093899117295,31-75,58.34390530758918,63.44514447737406,58.55333267225541,53.03323877313811,63.65457184204027
32,152,18.863355059347043,0.0,39.0,31.2,81.13664494065296,100.0,31-75,59.940993482195886,64.93465797626118,60.88416123516324,54.00416123516324,65.87782572922853
32,153,26.31693090841447,0.0,38.0,30.4,73.68306909158554,100.0,31-75,57.30492072747566,61.63322763663422,58.62076727289639,51.66076727289638,62.949074182054936
32,154,30.85238533029028,0.0,37.0,29.599999999999998,69.14761466970972,100.0,31-75,55.544284400912915,59.49904586788389,57.08690366742743,50.04690366742743,61.0416651343984
32,155,38.10460503251747,0.0,36.0,28.799999999999997,61.89539496748253,100.0,31-75,52.96861849024476,56.27815798699301,54.87384874187063,47.75384874187063,58.18338823861889
32,156,32.07004671927651,0.0,35.0,28.000000000000004,67.92995328072348,100.0,31-75,54.378985984217046,58.37198131228939,55.98248832018087,48.782488320180875,59.97548364825322
32,157,26.53760436714336,6.256385555675895,34.0,27.200000000000003,73.46239563285664,93.74361444432411,31-75,54.38744157872182,59.013681142007485,55.40150251929519,48.747141074862775,60.02774208258086
32,158,43.35766181825987,19.159713266747303,33.0,26.400000000000002,56.64233818174013,80.8402867332527,31-75,46.36075880117258,49.38499261934659,47.570656228748206,42.126627555422935,50.59489004692222
32,159,50.31387832629283,63.0917527167808,32.0,25.6,49.68612167370717,36.9082472832192,31-75,35.08748595875599,37.49609812612671,34.448592239231594,33.31776751090967,36.85720440660231
32,160,50.38885320123206,100.0,31.0,24.8,49.61114679876794,0.0,31-75,27.283344039630382,29.76445871950718,24.802786699691985,27.282786699691982,27.28390137956878
32,161,50.83413739303731,100.0,30.0,24.0,49.16586260696269,0.0,0-30,26.749758782088804,29.26634504278508,24.291465651740673,26.69146565174067,26.80805191243694
32,162,51.12947077059994,100.0,29.0,23.200000000000003,48.87052922940006,0.0,0-30,26.261158768820017,28.82821169176003,23.817632307350017,26.137632307350017,26.38468523029002
32,163,51.39066892557664,100.0,28.0,22.400000000000002,48.60933107442336,0.0,0-30,25.78279932232701,28.403732429769345,23.35233276860584,25.592332768605843,25.973265876048174
32,164,51.27245319276653,100.0,27.0,21.6,48.72754680723347,0.0,0-30,25.418264042170044,28.13101872289339,22.98188670180837,25.141886701808367,25.694641382531714
32,165,51.36694850617748,100.0,26.0,20.8,48.63305149382252,0.0,0-30,24.989915448146753,27.77322059752901,22.558262873455632,24.63826287345563,25.34156802283788
32,166,51.462297439635,100.0,25.0,20.0,48.537702560365,0.0,0-30,24.5613107681095,27.415081024146,22.13442564009125,24.13442564009125,24.98819589612775
32,167,51.85736918840093,100.0,24.0,19.2,48.14263081159907,0.0,0-30,24.042789243479717,26.93705232463963,21.635657702899767,23.555657702899765,24.529920784059673
32,168,52.034681611792514,100.0,23.0,18.4,47.965318388207486,0.0,0-30,23.589595516462246,26.546127355282994,21.19132959705187,23.031329597051872,24.147861435872617
32,169,52.42559701856105,100.0,22.0,17.599999999999998,47.57440298143895,0.0,0-30,23.072320894431684,26.06976119257558,20.69360074535974,22.453600745359736,23.69104104350363
32,170,52.77973917620318,100.0,21.0,16.8,47.22026082379682,0.0,0-30,22.566078247139046,25.60810432951873,20.205065205949204,21.885065205949203,23.24709128832889
32,171,53.02277289263253,100.0,20.0,16.0,46.97722710736747,0.0,0-30,22.093168132210238,25.19089084294699,19.744306776841867,21.34430677684187,22.842029487578614
32,172,52.95069681344999,100.0,19.0,15.2,47.04930318655001,0.0,0-30,21.714790955965004,24.899721274620006,19.362325796637503,20.882325796637502,22.547256115292505
32,173,53.226171816923966,100.0,18.0,14.399999999999999,46.773828183076034,0.0,0-30,21.232148454922807,24.469531273230416,18.893457045769008,20.33345704576901,22.130839864076613
32,174,53.56635643531317,100.0,17.0,13.600000000000001,46.43364356468683,0.0,0-30,20.730093069406053,24.013457425874734,18.40841089117171,19.76841089117171,21.691775247640393
32,175,53.74296637836717,100.0,16.0,12.8,46.25703362163283,0.0,0-30,20.27711008648985,23.622813448653133,17.96425840540821,19.244258405408207,21.30996176757149
32,176,54.10807946946335,100.0,15.0,12.0,45.89192053053665,0.0,0-30,19.767576159160996,23.15676821221466,17.472980132634163,18.672980132634162,20.86217218568783
32,177,54.6306641718709,100.0,14.0,11.200000000000001,45.3693358281291,0.0,0-30,19.210800748438732,22.62773433125164,16.942333957032275,18.062333957032276,20.359267539845185
32,178,55.37077829699684,100.0,13.0,10.4,44.62922170300316,0.0,0-30,18.58876651090095,22.011688681201264,16.35730542575079,17.39730542575079,19.780227596051105
32,179,56.07143431443341,100.0,12.0,9.6,43.92856568556659,0.0,0-30,17.978569705669976,21.411426274226635,15.782141421391646,16.742141421391647,19.214997989948305
32,180,56.651576636864654,100.0,11.0,8.799999999999999,43.348423363135346,0.0,0-30,17.404527008940605,20.859369345254137,15.237105840783837,16.117105840783836,18.69194817709737
32,181,57.48306695626624,100.0,10.0,8.0,42.51693304373376,0.0,0-30,16.755079913120127,20.206773217493502,14.62923326093344,15.42923326093344,18.080926565306815
32,182,57.83971835238695,100.0,9.0,7.199999999999999,42.16028164761305,0.0,0-30,16.248084494283916,19.744112659045218,14.140070411903261,14.860070411903262,17.636098576664565
32,183,58.25417004355705,100.0,8.0,6.4,41.74582995644295,0.0,0-30,15.723748986932883,19.258331982577182,13.636457489110736,14.276457489110737,17.171040484755032
32,184,59.28401154027886,100.0,7.0,5.6000000000000005,40.71598845972114,0.0,0-30,15.014796537916341,18.526395383888456,12.978997114930285,13.538997114930286,16.490595960902397
32,185,60.13761296048804,100.0,6.0,4.8,39.86238703951196,0.0,0-30,14.358716111853587,17.864954815804786,12.36559675987799,12.845596759877989,15.871835463829184
32,186,60.8055477631091,100.0,5.0,4.0,39.1944522368909,0.0,0-30,13.75833567106727,17.27778089475636,11.798613059222726,12.198613059222726,15.318058282911815
32,187,61.87402567839813,100.0,4.0,3.2,38.12597432160187,0.0,0-30,13.03779229648056,16.53038972864075,11.131493580400468,11.451493580400468,14.624091012560655
32,188,62.328368141283725,100.0,3.0,2.4,37.671631858716275,0.0,0-30,12.501489557614882,16.02865274348651,10.617907964679068,10.857907964679068,14.145071150550695
32,189,63.09903962891258,100.0,2.0,1.6,36.90096037108742,0.0,0-30,11.870288111326227,15.40038414843497,10.025240092771856,10.185240092771856,13.555336129880597
32,190,64.10596217243857,100.0,1.0,0.8,35.894037827561434,0.0,0-30,11.16821134826843,14.677615131024574,9.373509456890359,9.453509456890359,12.882913239646502
32,191,65.4568818867314,100.0,0.0,0.0,34.543118113268605,0.0,0-30,10.362935433980581,13.817247245307442,8.635779528317151,8.635779528317151,12.090091339644012
34,39,50.208962355692286,0.0,156.0,100.0,49.791037644307714,100.0,RUL > 125,84.93731129329231,79.91641505772309,87.44775941107693,87.44775941107693,82.42686317550769
34,40,50.168395712742914,0.0,155.0,100.0,49.831604287257086,100.0,RUL > 125,84.94948128617713,79.93264171490284,87.45790107181426,87.45790107181428,82.44106150053997
34,41,50.21761563621437,13.75782163763015,154.0,100.0,49.78238436378563,86.24217836236986,RUL > 125,82.18315098160966,77.16138941798823,84.00614068153888,85.38192284530189,78.98437911791743
34,42,50.06949872139851,5.103436236040039,153.0,100.0,49.93050127860149,94.89656376395996,RUL > 125,83.95846313637244,78.95151326423259,86.20676626064036,86.71710988424437,81.19981638850052
34,43,42.34249683410725,0.0,152.0,100.0,57.65750316589275,100.0,RUL > 125,87.29725094976783,83.0630012663571,89.41437579147319,89.41437579147319,85.18012610806247
34,44,42.0899185095621,0.0,151.0,100.0,57.9100814904379,100.0,RUL > 125,87.37302444713137,83.16403259617516,89.47752037260948,89.47752037260948,85.26852852165327
34,45,42.22259088079788,0.0,150.0,100.0,57.77740911920212,100.0,RUL > 125,87.33322273576064,83.11096364768085,89.44435227980053,89.44435227980053,85.22209319172075
34,46,40.41145874322997,0.0,149.0,100.0,59.58854125677003,100.0,RUL > 125,87.87656237703101,83.83541650270801,89.89713531419251,89.89713531419251,85.8559894398695
34,47,30.695611035193288,0.0,148.0,100.0,69.30438896480672,100.0,RUL > 125,90.79131668944201,87.7217555859227,92.32609724120168,92.32609724120168,89.25653613768235
34,48,35.11247862575214,0.0,147.0,100.0,64.88752137424785,100.0,RUL > 125,89.46625641227436,85.95500854969914,91.22188034356196,91.22188034356196,87.71063248098675
34,49,42.5480786429231,0.0,146.0,100.0,57.4519213570769,100.0,RUL > 125,87.23557640712306,82.98076854283076,89.36298033926923,89.36298033926923,85.10817247497691
34,50,36.04950240035486,0.0,145.0,100.0,63.95049759964514,100.0,RUL > 125,89.18514927989354,85.58019903985806,90.98762439991128,90.98762439991128,87.38267415987579
34,51,38.55945618189757,0.0,144.0,100.0,61.44054381810243,100.0,RUL > 125,88.43216314543074,84.57621752724097,90.3601359545256,90.3601359545256,86.50419033633585
34,52,29.81318549627604,0.0,143.0,100.0,70.18681450372395,100.0,RUL > 125,91.05604435111718,88.07472580148958,92.54670362593099,92.54670362593099,89.56538507630339
34,53,27.42226570604772,0.0,142.0,100.0,72.57773429395228,100.0,RUL > 125,91.77332028818569,89.03109371758092,93.14443357348807,93.14443357348807,90.4022070028833
34,54,42.37659278391083,0.0,141.0,100.0,57.62340721608917,100.0,RUL > 125,87.28702216482675,83.04936288643567,89.40585180402229,89.40585180402229,85.16819252563121
34,55,14.953745769866384,0.0,140.0,100.0,85.04625423013361,100.0,RUL > 125,95.51387626904008,94.01850169205345,96.2615635575334,96.2615635575334,94.76618898054676
34,56,7.636195992015521,0.0,139.0,100.0,92.36380400798448,100.0,RUL > 125,97.70914120239534,96.9455216031938,98.09095100199612,98.09095100199612,97.32733140279457
34,57,9.971936238561634,0.0,138.0,100.0,90.02806376143836,100.0,RUL > 125,97.00841912843151,96.01122550457535,97.5070159403596,97.5070159403596,96.50982231650343
34,58,13.214338095885358,0.0,137.0,100.0,86.78566190411465,100.0,RUL > 125,96.03569857123439,94.71426476164586,96.69641547602866,96.69641547602866,95.37498166644012
34,59,16.772703207389213,0.0,136.0,100.0,83.22729679261079,100.0,RUL > 125,94.96818903778323,93.29091871704432,95.8068241981527,95.8068241981527,94.12955387741377
34,60,13.256326419643512,0.0,135.0,100.0,86.74367358035649,100.0,RUL > 125,96.02310207410694,94.6974694321426,96.68591839508912,96.68591839508912,95.36028575312477
34,61,10.566793183135225,0.0,134.0,100.0,89.43320681686478,100.0,RUL > 125,96.82996204505943,95.77328272674592,97.35830170421619,97.35830170421619,96.30162238590268
34,62,0.0,0.0,133.0,100.0,100.0,100.0,RUL > 125,100.0,100.0,100.0,100.0,100.0
34,63,2.295943006775348,0.0,132.0,100.0,97.70405699322465,100.0,RUL > 125,99.31121709796739,99.08162279728987,99.42601424830616,99.42601424830616,99.19641994762863
34,64,12.71338475077087,0.0,131.0,100.0,87.28661524922913,100.0,RUL > 125,96.18598457476874,94.91464609969165,96.82165381230729,96.82165381230729,95.55031533723019
34,65,3.019224302609258,0.0,130.0,100.0,96.98077569739074,100.0,RUL > 125,99.09423270921722,98.79231027895631,99.24519392434769,99.24519392434769,98.94327149408676
34,66,0.0,0.0,129.0,100.0,100.0,100.0,RUL > 125,100.0,100.0,100.0,100.0,100.0
34,67,0.0,0.0,128.0,100.0,100.0,100.0,RUL > 125,100.0,100.0,100.0,100.0,100.0
34,68,0.0,0.0,127.0,100.0,100.0,100.0,RUL > 125,100.0,100.0,100.0,100.0,100.0
34,69,0.0,0.0,126.0,100.0,100.0,100.0,RUL > 125,100.0,100.0,100.0,100.0,100.0
34,70,3.105257886113721,0.0,125.0,100.0,96.89474211388628,100.0,76-125,99.06842263416588,98.75789684555451,99.22368552847158,99.22368552847158,98.91315973986019
34,71,1.815737885541288,0.0,124.0,99.2,98.18426211445872,100.0,76-125,99.05527863433761,98.9537048457835,99.14606552861468,99.06606552861467,99.04449174006055
34,72,0.0,0.0,123.0,98.4,100.0,100.0,76-125,99.2,99.36000000000001,99.2,99.03999999999999,99.36000000000001
34,73,1.7280050940466534,3.5163177947912128,122.0,97.6,98.27199490595335,96.4836822052088,76-125,97.57833491282776,97.6455344034231,97.48891927779053,97.60055105726966,97.55611876838586
34,74,0.0,22.13208653837521,121.0,96.8,100.0,77.8679134616248,76-125,93.97358269232497,94.29358269232496,92.8669783654062,94.76018701924372,93.18697836540619
34,75,0.0,32.80516220417458,120.0,96.0,100.0,67.19483779582542,76-125,91.43896755916509,91.8389675591651,89.79870944895636,92.6792256693738,90.19870944895636
34,76,0.0,9.751249100389291,119.0,95.19999999999999,100.0,90.24875089961071,76-125,95.64975017992214,96.12975017992214,95.16218772490268,95.6573126349416,95.64218772490267
34,77,0.0,0.2962501803784037,118.0,94.39999999999999,100.0,99.70374981962159,76-125,97.1407499639243,97.70074996392431,97.12593745490538,96.59556247294323,97.68593745490539
34,78,0.0,0.0,117.0,93.60000000000001,100.0,100.0,76-125,96.80000000000001,97.44,96.80000000000001,96.16,97.44
34,79,0.0,0.0,116.0,92.80000000000001,100.0,100.0,76-125,96.4,97.12,96.4,95.68,97.12
34,80,0.0,0.0,115.0,92.0,100.0,100.0,76-125,96.0,96.80000000000001,96.0,95.19999999999999,96.80000000000001
34,81,0.0,0.0,114.0,91.2,100.0,100.0,76-125,95.6,96.48,95.6,94.72,96.48
34,82,0.0,0.0,113.0,90.4,100.0,100.0,76-125,95.2,96.16,95.2,94.24000000000001,96.16
34,83,0.0,0.0,112.0,89.60000000000001,100.0,100.0,76-125,94.80000000000001,95.84,94.80000000000001,93.76,95.84
34,84,0.0,5.7354722912796685,111.0,88.8,100.0,94.26452770872034,76-125,93.25290554174407,94.37290554174407,92.96613192718009,92.41967915630805,94.08613192718009
34,85,0.0,20.688029646366605,110.0,88.0,100.0,79.3119703536334,76-125,89.86239407072668,91.06239407072668,88.82799258840835,89.696795553045,90.02799258840835
34,86,0.0,29.291656163886543,109.0,87.2,100.0,70.70834383611346,76-125,87.74166876722269,89.02166876722269,86.27708595902835,87.92625157541701,87.55708595902836
34,87,0.0,35.33733559568686,108.0,86.4,100.0,64.66266440431315,76-125,86.13253288086264,87.49253288086263,84.36566610107829,86.53939966064698,85.72566610107829
34,88,0.0,28.5541728161069,107.0,85.6,100.0,71.4458271838931,76-125,87.08916543677861,88.52916543677863,85.66145679597327,87.07687407758395,87.10145679597329
34,89,0.0,14.07767929148847,106.0,84.8,100.0,85.92232070851153,76-125,89.58446414170231,91.10446414170231,88.88058017712788,88.76834810627673,90.40058017712789
34,90,0.0,0.0,105.0,84.0,100.0,100.0,76-125,92.0,93.6,92.0,90.4,93.6
34,91,0.0,0.0,104.0,83.2,100.0,100.0,76-125,91.6,93.28,91.6,89.92,93.28
34,92,0.0,0.0,103.0,82.39999999999999,100.0,100.0,76-125,91.19999999999999,92.96000000000001,91.19999999999999,89.44,92.96000000000001
34,93,12.24695215745752,24.54303388557353,102.0,81.6,87.75304784254249,75.45696611442648,76-125,82.21730757564805,82.8326123599023,81.60250348924224,82.21680687779958,82.21780827349649
34,94,9.742453727883465,38.51364988386053,101.0,80.80000000000001,90.25754627211654,61.48635011613947,76-125,79.77453390486286,80.72028853207452,78.33597409706401,80.26733908545006,79.28172872427567
34,95,9.271415386596669,46.92455640819912,100.0,80.0,90.72858461340333,53.07544359180088,76-125,77.83366410238116,78.9065225637215,75.95100705130105,78.64346269212096,77.02386551264138
34,96,3.888056177604747,53.26631922138086,99.0,79.2,96.11194382239525,46.73368077861914,76-125,77.78031930244241,79.47151368468194,75.3114061502536,78.5580380723917,77.00260053249312
34,97,0.0,43.1215739597463,98.0,78.4,100.0,56.8784260402537,76-125,80.57568520805074,82.73568520805074,78.41960651006343,80.57176390603804,80.57960651006343
34,98,0.0,32.88090627810807,97.0,77.60000000000001,100.0,67.11909372189193,76-125,82.2238187443784,84.46381874437839,80.57977343047298,81.62786405828379,82.81977343047299
34,99,0.0,19.62088432971934,96.0,76.8,100.0,80.37911567028067,76-125,84.47582313405614,86.79582313405614,83.49477891757016,83.1368673505421,85.81477891757017
34,100,0.0,0.0,95.0,76.0,100.0,100.0,76-125,88.0,90.4,88.0,85.6,90.4
34,101,5.467738300505776,0.0,94.0,75.2,94.53226169949423,100.0,76-125,85.95967850984827,87.8929046797977,86.23306542487356,83.75306542487355,88.16629159482298
34,102,16.254556560373736,0.0,93.0,74.4,83.74544343962626,100.0,76-125,82.32363303188788,83.25817737585051,83.13636085990657,80.57636085990657,84.07090520386919
34,103,21.2917915733593,15.344103917678249,92.0,73.6,78.7082084266407,84.65589608232175,76-125,77.34364174445656,77.85446258712062,77.64102612724061,76.53543651900843,78.15184696990468
34,104,19.676157786665357,30.964158361302875,91.0,72.8,80.32384221333464,69.03584163869712,76-125,74.30432099173981,75.05670521307329,73.73992096300793,74.11633679913822,74.4923051843414
34,105,9.160966867232808,34.988125650980145,90.0,72.0,90.83903313276718,65.01187434901985,76-125,76.25408480963412,78.13798812291085,74.96272687044676,75.66153943554477,76.84663018372348
34,106,18.211485215101835,41.18806166073631,89.0,71.2,81.78851478489817,58.81193833926369,76-125,71.89894210332218,72.95779358181201,70.75011328104047,71.98891944711409,71.80896475953028
34,107,15.01701890950198,37.0481712350847,88.0,70.39999999999999,84.98298109049801,62.9518287649153,76-125,73.28526008013246,74.74355818918227,72.18370246385332,72.92851958736179,73.64200057290313
34,108,24.418155411351435,36.65414001731978,87.0,69.6,75.58184458864856,63.34585998268022,76-125,70.14372537313062,70.74190983199547,69.53192614283219,70.15734014456417,70.13011060169706
34,109,23.7184394473818,31.85773740843595,86.0,68.8,76.2815605526182,68.14226259156405,76-125,70.91292068409827,71.6610767393601,70.50595578604556,70.57172952688916,71.25411184130738
34,110,16.397222957551968,15.448268807547796,85.0,68.0,83.60277704244803,84.55173119245221,76-125,75.99117935122486,77.55145705546965,76.03862705872506,74.38345393947984,77.59890476296987
34,111,13.123967060405914,0.0,84.0,67.2,86.87603293959408,100.0,76-125,79.66280988187822,81.63041317583765,80.31900823489852,77.03900823489852,82.28661152885793
34,112,15.623010138011471,0.0,83.0,66.4,84.37698986198853,100.0,76-125,78.51309695859656,80.31079594479542,79.29424746549714,75.93424746549714,81.09194645169599
34,113,9.280492734544335,0.0,82.0,65.60000000000001,90.71950726545566,100.0,76-125,80.01585217963671,82.52780290618227,80.47987681636391,77.03987681636391,82.99182754290948
34,114,12.27816392527776,0.0,81.0,64.8,87.72183607472223,100.0,76-125,78.71655082241666,81.0087344298889,79.33045901868056,75.81045901868055,81.62264262615278
34,115,13.16009758819779,0.0,80.0,64.0,86.83990241180221,100.0,76-125,78.05197072354066,80.3359609647209,78.70997560295055,75.10997560295056,80.99396584413077
34,116,13.786255732591131,0.0,79.0,63.2,86.21374426740887,100.0,76-125,77.46412328022267,79.76549770696354,78.15343606685222,74.47343606685222,80.4548104935931
34,117,8.152621073040894,0.0,78.0,62.4,91.84737892695911,100.0,76-125,78.75421367808772,81.69895157078365,79.16184473173978,75.40184473173977,82.10658262443569
34,118,9.12707213942804,0.0,77.0,61.6,90.87292786057196,100.0,76-125,78.06187835817158,80.98917114422878,78.51823196514299,74.678231965143,81.44552475120018
34,119,0.0,0.0,76.0,60.8,100.0,100.0,76-125,80.4,84.32,80.4,76.47999999999999,84.32
34,120,0.0,0.0,75.0,60.0,100.0,100.0,31-75,80.0,84.0,80.0,76.0,84.0
34,121,0.0,0.0,74.0,59.199999999999996,100.0,100.0,31-75,79.6,83.68,79.6,75.52,83.68
34,122,8.438043299396883,0.0,73.0,58.4,91.56195670060312,100.0,31-75,76.66858701018094,79.98478268024124,77.09048917515078,72.93048917515078,80.40668484521109
34,123,4.562775897718412,0.0,72.0,57.599999999999994,95.43722410228159,100.0,31-75,77.43116723068448,81.21488964091265,77.6593060255704,73.41930602557039,81.44302843579855
34,124,1.95990226871096,0.0,71.0,56.8,98.04009773128904,100.0,31-75,77.81202931938671,81.93603909251561,77.91002443282225,73.59002443282226,82.03403420595116
34,125,8.09681550536231,0.0,70.0,56.00000000000001,91.90318449463769,100.0,31-75,75.57095534839131,79.16127379785507,75.97579612365942,71.57579612365942,79.5661145731232
34,126,12.424966552432164,6.416044688124875,69.0,55.2,87.57503344756783,93.58395531187513,31-75,72.58930109664537,75.82680444140216,72.88974718986074,69.05135165867323,76.12725053461752
34,127,19.532351131493662,22.12960621564285,68.0,54.400000000000006,80.46764886850633,77.87039378435715,31-75,66.91437341742333,69.52113830427396,66.78451066321587,64.43747128478016,69.39127555006651
34,128,24.071785277346475,40.634936694131966,67.0,53.6,75.92821472265352,59.365063305868034,31-75,61.451477077969656,63.68429855023501,60.62331950713039,60.04681317654359,62.85614097939574
34,129,26.843551237381103,47.96667104434854,66.0,52.800000000000004,73.1564487626189,52.03332895565146,31-75,58.75360041991596,60.78924529617785,57.69744442956759,57.774111534002444,59.73308930582948
34,130,33.38514427170158,56.49656807321036,65.0,52.0,66.61485572829842,43.50343192678964,31-75,54.68514310384745,56.146628676677295,53.52957191377202,54.37922872109305,54.991057486601854
34,131,34.82786128739156,59.76462397538487,64.0,51.2,65.17213871260844,40.23537602461513,31-75,53.198716818705556,54.59593068996641,51.951878684305896,53.04834108184438,53.34909255556674
34,132,25.946190554549908,57.63772015476896,63.0,50.4,74.0538094454501,42.36227984523104,31-75,55.88859880268124,58.25397974722625,54.30402232267029,55.10779433814717,56.6694032672153
34,133,28.8054657260805,50.48128938309063,62.0,49.6,71.1945342739195,49.51871061690937,31-75,56.062102405557724,58.221555832949676,54.97831122270722,54.98644016101628,57.13776465009917
34,134,36.71948222449576,42.7541071067539,61.0,48.8,63.28051777550424,57.2458928932461,31-75,54.833333911300485,56.28138568885092,54.531602667187585,53.68701337786297,55.979654444738
34,135,36.94310693920773,35.026877173562035,60.0,48.0,63.05689306079227,64.97312282643796,31-75,55.91169248352527,57.417381789604505,56.00750397180756,54.31019168916376,57.513193277886785
34,136,43.36298302222921,31.920811257337935,59.0,47.199999999999996,56.63701697777079,68.07918874266207,31-75,54.20694284186365,55.15064453964073,54.77905143010821,52.691132555842,55.72275312788529
34,137,33.898439232745,22.14152042964055,58.0,46.400000000000006,66.101560767255,77.85847957035945,31-75,58.602164144248384,60.572320220973886,59.19001008440361,56.04416212736767,61.16016616112911
34,138,20.503985089897046,2.7365584833074306,57.0,45.6,79.49601491010296,97.26344151669257,31-75,66.1014927763694,69.49109426737971,66.98986410669889,61.823519955029624,70.37946559770918
34,139,26.38588298001732,0.0,56.0,44.800000000000004,73.61411701998267,100.0,31-75,64.4842351059948,67.36564680799307,65.80352925499567,60.28352925499567,68.68494095699393
34,140,50.18627117642411,22.77493636748322,55.0,44.0,49.81372882357589,77.22506363251678,31-75,52.38913137357613,52.97050425593372,53.759698114023166,50.43719175077149,54.34107099638075
34,141,50.333443468058746,59.51214661723439,54.0,43.2,49.666556531941254,40.48785338276561,31-75,44.5975376361355,45.24419328932963,44.13860247867672,44.40981714040015,44.78525813187083
34,142,50.39476467970926,82.90739545331508,53.0,42.4,49.60523532029074,17.092604546684925,31-75,39.5000915054242,40.22061503745328,37.87445996674391,40.40519951207542,38.59498349877299
34,143,50.39802908455074,98.50061475458466,52.0,41.6,49.60197091544926,1.4993852454153398,31-75,35.980468323717844,36.780665415262774,33.57533904021615,37.585400515674614,34.37553613176107
34,144,50.65835339656204,100.0,51.0,40.8,49.34164660343796,0.0,31-75,35.20249398103138,36.056658641375186,32.73541165085949,36.81541165085949,33.58957631120329
34,145,50.74456689253851,100.0,50.0,40.0,49.25543310746149,0.0,31-75,34.77662993223845,35.7021732429846,32.313858276865375,36.313858276865375,33.239401587611525
34,146,50.86758343983751,100.0,49.0,39.2,49.13241656016249,0.0,31-75,34.33972496804875,35.332966624065,31.883104140040622,35.803104140040624,32.876345796056874
34,147,51.00994693425213,100.0,48.0,38.4,48.99005306574787,0.0,31-75,33.89701591972436,34.95602122629915,31.447513266436967,35.28751326643697,32.50651857301175
34,148,51.2065701163783,100.0,47.0,37.6,48.7934298836217,0.0,31-75,33.43802896508651,34.55737195344868,30.998357470905425,34.75835747090542,32.117700459267596
34,149,51.3173821321759,100.0,46.0,36.8,48.6826178678241,0.0,31-75,33.00478536034723,34.19304714712964,30.57065446695602,34.25065446695602,31.758916253738434
34,150,51.6620565046318,100.0,45.0,36.0,48.3379434953682,0.0,31-75,32.501383048610464,33.73517739814728,30.08448587384205,33.68448587384205,31.31828022337887
34,151,51.67873322819147,100.0,44.0,35.199999999999996,48.32126677180853,0.0,31-75,32.09638003154256,33.40850670872341,29.680316692952132,33.20031669295213,30.992443370132982
34,152,51.56267389714493,100.0,43.0,34.4,48.43732610285507,0.0,31-75,31.73119783085652,33.134930441142025,29.309331525713766,32.749331525713764,30.713064135999275
34,153,51.65288780577112,100.0,42.0,33.6,48.34711219422888,0.0,31-75,31.30413365826866,32.778844877691554,28.88677804855722,32.24677804855722,30.361489267980108
34,154,51.718929472417386,100.0,41.0,32.800000000000004,48.281070527582614,0.0,31-75,30.884321158274787,32.43242821103305,28.470267631895656,31.750267631895657,30.018374684653914
34,155,51.975829724965024,100.0,40.0,32.0,48.024170275034976,0.0,31-75,30.40725108251049,32.00966811001399,28.006042568758744,31.206042568758743,29.60845959626224
34,156,52.30501413988612,100.0,39.0,31.2,47.69498586011388,0.0,31-75,29.908495758034164,31.557994344045554,27.52374646502847,30.64374646502847,29.173245051039856
34,157,52.76337510961194,100.0,38.0,30.4,47.23662489038806,0.0,31-75,29.370987467116414,31.054649956155224,27.009156222597014,30.049156222597013,28.69281871163582
34,158,53.29856667316879,100.0,37.0,29.599999999999998,46.70143332683121,0.0,31-75,28.81042999804936,30.520573330732482,26.475358331707803,29.4353583317078,28.185501664390923
34,159,53.78822686720859,100.0,36.0,28.799999999999997,46.21177313279141,0.0,31-75,28.26353193983742,30.004709253116562,25.95294328319785,28.83294328319785,27.694120596476992
34,160,53.91084906759082,100.0,35.0,28.000000000000004,46.08915093240918,0.0,31-75,27.826745279722758,29.635660372963677,25.522287733102296,28.322287733102296,27.331202826343215
34,161,54.191981166510665,100.0,34.0,27.200000000000003,45.808018833489335,0.0,31-75,27.3424056500468,29.203207533395737,25.052004708372337,27.772004708372336,26.912806591721267
34,162,54.62464945007135,100.0,33.0,26.400000000000002,45.37535054992865,0.0,31-75,26.812605164978596,28.71014021997146,24.543837637482163,27.183837637482164,26.441372692475028
34,163,54.92890592446755,100.0,32.0,25.6,45.07109407553245,0.0,31-75,26.321328222659737,28.268437630212983,24.067773518883115,26.62777351888311,26.014882926436357
34,164,55.674394556358095,100.0,31.0,24.8,44.325605443641905,0.0,31-75,25.69768163309257,27.650242177456764,23.481401360910475,25.961401360910475,25.433961905274668
34,165,56.61914971873602,100.0,30.0,24.0,43.38085028126398,0.0,0-30,25.014255084379194,26.952340112505595,22.845212570315994,25.245212570315992,24.783297598442395
34,166,57.06007693590202,100.0,29.0,23.200000000000003,42.93992306409798,0.0,0-30,24.481976919229396,26.455969225639194,22.334980766024497,24.654980766024497,24.30897307243429
34,167,57.77228769052772,100.0,28.0,22.400000000000002,42.22771230947228,0.0,0-30,23.868313692841685,25.851084923788914,21.756928077368073,23.99692807736807,23.7396993083153
34,168,58.54335405725544,100.0,27.0,21.6,41.45664594274456,0.0,0-30,23.23699378282337,25.222658377097826,21.16416148568614,23.32416148568614,23.149826079960597
34,169,59.22078405243953,100.0,26.0,20.8,40.77921594756047,0.0,0-30,22.63376478426814,24.631686379024192,20.59480398689012,22.67480398689012,22.592725581646164
34,170,59.531171796509454,100.0,25.0,20.0,40.468828203490546,0.0,0-30,22.140648461047164,24.187531281396218,20.117207050872636,22.117207050872636,22.16408987122169
34,171,60.25806385800864,100.0,24.0,19.2,39.74193614199136,0.0,0-30,21.522580842597407,23.576774456796542,19.535484035497838,21.45548403549784,21.589677649696974
34,172,61.32157438581962,100.0,23.0,18.4,38.67842561418038,0.0,0-30,20.803527684254114,22.83137024567215,18.86960640354509,20.709606403545095,20.897448964963132
34,173,62.69705057754974,100.0,22.0,17.599999999999998,37.30294942245026,0.0,0-30,19.990884826735076,21.961179768980102,18.125737355612564,19.885737355612562,20.09603229785759
34,174,63.56740136417168,100.0,21.0,16.8,36.43259863582832,0.0,0-30,19.329779590748494,21.29303945433133,17.50814965895708,19.18814965895708,19.47140952253991
34,175,64.94536870018985,100.0,20.0,16.0,35.054631299810154,0.0,0-30,18.516389389943043,20.421852519924062,16.76365782495254,18.36365782495254,18.669120954933554
34,176,66.29630970176562,100.0,19.0,15.2,33.70369029823438,0.0,0-30,17.71110708947031,19.56147611929375,16.025922574558592,17.545922574558595,17.876291604382033
34,177,67.69640463623568,100.0,18.0,14.399999999999999,32.303595363764316,0.0,0-30,16.891078609129295,18.681438145505727,15.275898840941078,16.71589884094108,17.06625837731751
34,178,69.10186343382887,100.0,17.0,13.600000000000001,30.898136566171132,0.0,0-30,16.069440969851343,17.799254626468453,14.524534141542784,15.884534141542783,16.2543477981599
34,179,70.81463875274333,100.0,16.0,12.8,29.185361247256665,0.0,0-30,15.155608374177,16.794144498902668,13.696340311814167,14.976340311814166,15.334876436539833
34,180,72.48887983204878,100.0,15.0,12.0,27.51112016795122,0.0,0-30,14.253336050385366,15.80444806718049,12.877780041987805,14.077780041987804,14.428892058782926
34,181,74.40271992467842,100.0,14.0,11.200000000000001,25.597280075321578,0.0,0-30,13.279184022596475,14.718912030128632,11.999320018830396,13.119320018830395,13.439048026362553
34,182,76.34570071113019,100.0,13.0,10.4,23.654299288869808,0.0,0-30,12.296289786660942,13.621719715547924,11.113574822217451,12.153574822217452,12.439004751104433
34,183,78.75388526441436,100.0,12.0,9.6,21.246114735585635,0.0,0-30,11.17383442067569,12.338445894234255,10.11152868389641,11.071528683896409,11.276140157454972
34,184,81.35000033782916,100.0,11.0,8.799999999999999,18.649999662170842,0.0,0-30,9.994999898651251,10.979999864868336,9.062499915542709,9.94249991554271,10.047499881759794
34,185,84.08943204375298,100.0,10.0,8.0,15.910567956247021,0.0,0-30,8.773170386874106,9.564227182498808,7.977641989061755,8.777641989061756,8.768698784686457
34,186,87.68489883851004,100.0,9.0,7.199999999999999,12.315101161489963,0.0,0-30,7.2945303484469886,7.806040464595985,6.67877529037249,7.39877529037249,7.190285406521487
34,187,91.04379260721528,100.0,8.0,6.4,8.95620739278472,0.0,0-30,5.886862217835416,6.142482957113888,5.43905184819618,6.07905184819618,5.694672587474653
34,188,94.56327231672849,100.0,7.0,5.6000000000000005,5.4367276832715135,0.0,0-30,4.431018304981454,4.414691073308606,4.159181920817879,4.719181920817879,4.14285468914503
34,189,98.43676486363988,100.0,6.0,4.8,1.5632351363601202,0.0,0-30,2.8689705409080357,2.545294054544048,2.79080878409003,3.27080878409003,2.467132297726042
34,190,100.0,100.0,5.0,4.0,0.0,0.0,0-30,2.0,1.6,2.0,2.4,1.6
34,191,100.0,100.0,4.0,3.2,0.0,0.0,0-30,1.6,1.2800000000000002,1.6,1.92,1.2800000000000002
34,192,100.0,100.0,3.0,2.4,0.0,0.0,0-30,1.2,0.96,1.2,1.44,0.96
34,193,100.0,100.0,2.0,1.6,0.0,0.0,0-30,0.8,0.6400000000000001,0.8,0.96,0.6400000000000001
34,194,100.0,100.0,1.0,0.8,0.0,0.0,0-30,0.4,0.32000000000000006,0.4,0.48,0.32000000000000006
34,195,100.0,100.0,0.0,0.0,0.0,0.0,0-30,0.0,0.0,0.0,0.0,0.0
40,39,6.797949860843818,11.158309108604456,149.0,100.0,93.20205013915619,88.84169089139554,RUL > 125,95.72895322002596,95.04915823394158,95.51093525763794,96.62676616849838,94.83114027155355
40,40,10.35866256233408,30.395477763659407,148.0,100.0,89.64133743766592,69.60452223634059,RUL > 125,90.81330567856789,89.7774394223345,89.81146491850163,92.85101269486756,88.77559866226822
40,41,4.846230620085682,37.70509933269646,147.0,100.0,95.15376937991432,62.29490066730354,RUL > 125,91.00511094743501,90.52048788542645,89.36216751180446,93.13267744507411,88.87754444979589
40,42,6.36802788132011,42.68971836187082,146.0,100.0,93.6319721186799,57.31028163812918,RUL > 125,89.55164796322981,88.91484517509781,87.73556343920227,92.00453527538934,87.09876065107026
40,43,6.394723333166411,41.801821311704266,145.0,100.0,93.60527666683359,58.198178688295734,RUL > 125,89.72121873770922,89.08174640439259,87.95086383878233,92.13104596995275,87.31139150546569
40,44,11.357394416581386,39.332496482139256,144.0,100.0,88.64260558341861,60.667503517860744,RUL > 125,88.72628237859773,87.5905429369396,87.32752727531984,91.26077692353377,86.19178783366169
40,45,12.56497234762573,32.00309298542477,143.0,100.0,87.43502765237427,67.99690701457523,RUL > 125,89.82988969862733,88.57339246386476,88.85798366673738,92.05829296527986,87.6014864319748
40,46,12.624489343282924,32.6785725973411,142.0,100.0,87.37551065671707,67.3214274026589,RUL > 125,89.6769386775469,88.41448974321862,88.674234514844,91.9420917745781,87.4117855805157
40,47,7.662175987865854,22.150271961376244,141.0,100.0,92.33782401213415,77.84972803862375,RUL > 125,93.27129281136499,92.50507521257842,92.54688801268948,94.7619152088271,91.7806704139029
40,48,9.291425796481349,6.2141897421385295,140.0,100.0,90.70857420351865,93.78581025786147,RUL > 125,95.96973431262789,95.04059173297975,96.12359611534504,96.74501508955888,95.19445353569691
40,49,4.769050804530214,0.5139618620839961,139.0,100.0,95.23094919546979,99.486038137916,RUL > 125,98.46649238622413,97.98958730577111,98.67924683334645,98.73064301955485,98.20234175289343
40,50,0.0,0.0,138.0,100.0,100.0,100.0,RUL > 125,100.0,100.0,100.0,100.0,100.0
40,51,0.0,0.0,137.0,100.0,100.0,100.0,RUL > 125,100.0,100.0,100.0,100.0,100.0
40,52,0.0,0.0,136.0,100.0,100.0,100.0,RUL > 125,100.0,100.0,100.0,100.0,100.0
40,53,0.0,0.0,135.0,100.0,100.0,100.0,RUL > 125,100.0,100.0,100.0,100.0,100.0
40,54,0.0,0.0,134.0,100.0,100.0,100.0,RUL > 125,100.0,100.0,100.0,100.0,100.0
40,55,0.0,0.0,133.0,100.0,100.0,100.0,RUL > 125,100.0,100.0,100.0,100.0,100.0
40,56,0.0,0.0,132.0,100.0,100.0,100.0,RUL > 125,100.0,100.0,100.0,100.0,100.0
40,57,0.0,0.0,131.0,100.0,100.0,100.0,RUL > 125,100.0,100.0,100.0,100.0,100.0
40,58,0.0,0.0,130.0,100.0,100.0,100.0,RUL > 125,100.0,100.0,100.0,100.0,100.0
40,59,0.0,0.0,129.0,100.0,100.0,100.0,RUL > 125,100.0,100.0,100.0,100.0,100.0
40,60,0.0,0.0,128.0,100.0,100.0,100.0,RUL > 125,100.0,100.0,100.0,100.0,100.0
40,61,0.0,0.0,127.0,100.0,100.0,100.0,RUL > 125,100.0,100.0,100.0,100.0,100.0
40,62,0.0,0.0,126.0,100.0,100.0,100.0,RUL > 125,100.0,100.0,100.0,100.0,100.0
40,63,0.0,0.0,125.0,100.0,100.0,100.0,76-125,100.0,100.0,100.0,100.0,100.0
40,64,0.0,0.0,124.0,99.2,100.0,100.0,76-125,99.6,99.68,99.6,99.52,99.68
40,65,0.0,0.0,123.0,98.4,100.0,100.0,76-125,99.2,99.36000000000001,99.2,99.03999999999999,99.36000000000001
40,66,0.0,0.0,122.0,97.6,100.0,100.0,76-125,98.8,99.03999999999999,98.8,98.56,99.03999999999999
40,67,0.0,0.0,121.0,96.8,100.0,100.0,76-125,98.4,98.72,98.4,98.08,98.72
40,68,0.0,12.33960559267165,120.0,96.0,100.0,87.66039440732835,76-125,95.53207888146568,95.93207888146569,94.91509860183209,95.74905916109924,95.31509860183209
40,69,0.0,32.08857205530472,119.0,95.19999999999999,100.0,67.91142794469528,76-125,91.18228558893905,91.66228558893906,89.57785698617381,92.30671419170429,90.05785698617382
40,70,0.0,39.09172971323719,118.0,94.39999999999999,100.0,60.90827028676281,76-125,89.38165405735255,89.94165405735255,87.42706757169069,90.77624054301441,87.98706757169069
40,71,0.0,45.34008508867935,117.0,93.60000000000001,100.0,54.65991491132065,76-125,87.73198298226414,88.37198298226413,85.46497872783017,89.3589872366981,86.10497872783016
40,72,0.0,44.76484517467499,116.0,92.80000000000001,100.0,55.23515482532501,76-125,87.44703096506501,88.16703096506501,85.20878870633126,88.96527322379876,85.92878870633126
40,73,0.0,42.92144982412108,115.0,92.0,100.0,57.07855017587892,76-125,87.41571003517578,88.21571003517579,85.26963754396974,88.76178252638182,86.06963754396975
40,74,0.0,36.35106840787329,114.0,91.2,100.0,63.64893159212671,76-125,88.32978631842533,89.20978631842534,86.51223289803167,89.267339738819,87.39223289803168
40,75,0.0,36.22547959501603,113.0,90.4,100.0,63.77452040498397,76-125,87.9549040809968,88.91490408099679,86.14363010124599,88.8061780607476,87.10363010124598
40,76,0.0839319315165113,28.807763611711312,112.0,89.60000000000001,99.91606806848348,71.19223638828869,76-125,89.01326769820278,90.04487450505114,87.57707611419305,89.41785247536417,88.60868292104139
40,77,4.95234168747448,26.75127929448186,111.0,88.8,95.04765831252553,73.24872070551814,76-125,87.56404163486128,88.18880746611384,86.47409475451093,88.0292226839591,87.09886058576348
40,78,0.0,25.138363330598025,110.0,88.0,100.0,74.86163666940197,76-125,88.9723273338804,90.1723273338804,87.71540916735049,89.0292455004103,88.9154091673505
40,79,0.0,20.78794874361126,109.0,87.2,100.0,79.21205125638875,76-125,89.44241025127775,90.72241025127775,88.40301281409718,89.2018076884583,89.68301281409718
40,80,0.0,12.24003742318462,108.0,86.4,100.0,87.75996257681538,76-125,90.75199251536309,92.11199251536308,90.13999064420385,90.00399438652231,91.49999064420385
40,81,0.8779539389429535,12.606453659124528,107.0,85.6,99.12204606105705,87.39354634087547,76-125,90.0153230864922,91.36752769259792,89.42889810048314,89.24954346639558,90.78110270658883
40,82,0.0,0.0,106.0,84.8,100.0,100.0,76-125,92.4,93.92,92.4,90.88,93.92
40,83,0.0,0.0,105.0,84.0,100.0,100.0,76-125,92.0,93.6,92.0,90.4,93.6
40,84,0.0,0.0,104.0,83.2,100.0,100.0,76-125,91.6,93.28,91.6,89.92,93.28
40,85,0.0,0.0,103.0,82.39999999999999,100.0,100.0,76-125,91.19999999999999,92.96000000000001,91.19999999999999,89.44,92.96000000000001
40,86,0.0,0.0,102.0,81.6,100.0,100.0,76-125,90.8,92.64,90.8,88.96,92.64
40,87,0.0,0.0,101.0,80.80000000000001,100.0,100.0,76-125,90.4,92.32000000000001,90.4,88.48,92.32000000000001
40,88,0.0,0.0,100.0,80.0,100.0,100.0,76-125,90.0,92.0,90.0,88.0,92.0
40,89,0.0,0.0,99.0,79.2,100.0,100.0,76-125,89.6,91.68,89.6,87.52000000000001,91.68
40,90,0.0,3.96932870428529,98.0,78.4,100.0,96.03067129571471,76-125,88.40613425914295,90.56613425914294,88.20766782392869,86.4446006943572,90.36766782392868
40,91,5.083806726717236,32.45199024175844,97.0,77.60000000000001,94.91619327328276,67.54800975824156,76-125,80.78445993363314,82.51607926096142,79.41605075788108,80.42124978205693,81.14767008520936
40,92,0.0,39.39516524776573,96.0,76.8,100.0,60.60483475223427,76-125,80.52096695044686,82.84096695044686,78.55120868805857,80.17072521283514,80.87120868805857
40,93,0.0,38.7634779540625,95.0,76.0,100.0,61.2365220459375,76-125,80.2473044091875,82.64730440918751,78.30913051148437,79.78547830689062,80.70913051148437
40,94,0.0,33.0848906190692,94.0,75.2,100.0,66.9151093809308,76-125,80.98302187618616,83.46302187618616,79.32877734523271,80.15726640713963,81.8087773452327
40,95,0.0,18.79436931006738,93.0,74.4,100.0,81.20563068993262,76-125,83.44112613798653,86.00112613798653,82.50140767248315,81.82084460348989,85.06140767248316
40,96,0.0,5.2218916840435785,92.0,73.6,100.0,94.77810831595642,76-125,85.75562166319128,88.39562166319128,85.49452707898911,83.37671624739346,88.1345270789891
40,97,0.0,0.0,91.0,72.8,100.0,100.0,76-125,86.4,89.12,86.4,83.68,89.12
40,98,0.0,0.0,90.0,72.0,100.0,100.0,76-125,86.0,88.8,86.0,83.19999999999999,88.8
40,99,0.0,0.0,89.0,71.2,100.0,100.0,76-125,85.6,88.48,85.6,82.72,88.48
40,100,0.0,0.0,88.0,70.39999999999999,100.0,100.0,76-125,85.19999999999999,88.16,85.19999999999999,82.24,88.16
40,101,0.0,0.0,87.0,69.6,100.0,100.0,76-125,84.8,87.84,84.8,81.75999999999999,87.84
40,102,0.0,0.0,86.0,68.8,100.0,100.0,76-125,84.4,87.52,84.4,81.28,87.52
40,103,0.0,0.0,85.0,68.0,100.0,100.0,76-125,84.0,87.2,84.0,80.8,87.2
40,104,0.0,0.0,84.0,67.2,100.0,100.0,76-125,83.6,86.88,83.6,80.32,86.88
40,105,0.0,0.0,83.0,66.4,100.0,100.0,76-125,83.2,86.56,83.2,79.84,86.56
40,106,0.0,0.0,82.0,65.60000000000001,100.0,100.0,76-125,82.80000000000001,86.24000000000001,82.80000000000001,79.36000000000001,86.24000000000001
40,107,0.0,18.598088050011484,81.0,64.8,100.0,81.40191194998852,76-125,78.6803823899977,82.20038238999771,77.75047798749713,76.09028679249828,81.27047798749713
40,108,0.0,49.92145346467443,80.0,64.0,100.0,50.07854653532557,76-125,72.01570930706512,75.61570930706512,69.5196366338314,70.91178198029883,73.11963663383139
40,109,0.0,54.05042180542195,79.0,63.2,100.0,45.94957819457805,76-125,70.78991563891562,74.46991563891561,68.08739454864451,69.81243672918671,71.76739454864452
40,110,0.0,53.4915281930228,78.0,62.4,100.0,46.5084718069772,76-125,70.50169436139544,74.26169436139544,67.8271179517443,69.41627077104658,71.5871179517443
40,111,0.0,44.521203830868814,77.0,61.6,100.0,55.478796169131186,76-125,71.89575923382624,75.73575923382624,69.66969904228279,70.28181942536968,73.50969904228279
40,112,0.0,35.71195530951889,76.0,60.8,100.0,64.28804469048112,76-125,73.25760893809623,77.17760893809621,71.47201117262028,71.12320670357217,75.39201117262027
40,113,0.0,28.073299975624938,75.0,60.0,100.0,71.92670002437507,31-75,74.38534000487502,78.38534000487502,72.98167500609377,71.78900500365626,76.98167500609377
40,114,0.0,18.908843244376087,74.0,59.199999999999996,100.0,81.09115675562391,31-75,75.81823135112478,79.89823135112478,74.87278918890597,72.68367351334358,78.95278918890598
40,115,0.0,14.827830698078456,73.0,58.4,100.0,85.17216930192154,31-75,76.23443386038431,80.39443386038431,75.49304232548039,72.81582539528823,79.65304232548038
40,116,0.0,12.951881382441922,72.0,57.599999999999994,100.0,87.04811861755807,31-75,76.20962372351161,80.44962372351162,75.56202965438952,72.61721779263371,79.80202965438951
40,117,0.0,9.96106707376719,71.0,56.8,100.0,90.0389329262328,31-75,76.40778658524655,80.72778658524656,75.90973323155819,72.58583993893492,80.2297332315582
40,118,0.0,1.7505359666583111,70.0,56.00000000000001,100.0,98.2494640333417,31-75,77.64989280666833,82.04989280666834,77.56236600833543,73.33741960500126,81.96236600833544
40,119,0.0,2.3405495060187285,69.0,55.2,100.0,97.65945049398127,31-75,77.13189009879625,81.61189009879625,77.01486262349532,72.76891757409719,81.49486262349532
40,120,13.21916742385756,19.897759831916105,68.0,54.400000000000006,86.78083257614244,80.1022401680839,31-75,69.25469780645952,72.49278106407377,68.92076818605659,66.3505441692482,72.15885144367083
40,121,14.979546901717764,38.40236246024141,67.0,53.6,85.02045309828223,61.59763753975859,31-75,64.62566343743639,67.76770874726462,63.454522659510204,62.654758905534344,66.59656796933842
40,122,28.63974823103507,59.83585581154465,66.0,52.800000000000004,71.36025176896493,40.16414418845535,31-75,55.84090436838055,57.696929545277044,54.28109898935507,55.54468457050953,56.13712416625157
40,123,21.97514148142321,74.4004365357961,65.0,52.0,78.02485851857679,25.599563464203897,31-75,54.52737024841381,57.129856100271496,51.90610549569517,54.546149149274775,54.50859134755285
40,124,18.698911970294223,74.40427291265563,64.0,51.2,81.30108802970578,25.595727087344372,31-75,55.10947182638061,58.11958062935119,52.32420377926253,54.8846310705281,55.33431258223311
40,125,11.401506750327274,68.16953873319366,63.0,50.4,88.59849324967273,31.83046126680634,31-75,58.14564022826308,61.96548955323036,55.307238629119766,57.16419250243913,59.12708795408704
40,126,18.70264575627277,62.25201941825353,62.0,49.6,81.29735424372723,37.74798058174647,31-75,56.73880238946746,59.90853781384019,54.56133370636842,55.74653564819378,57.731069130741155
40,127,25.756058123645083,54.30794212542529,61.0,48.8,74.24394187635491,45.69205787457471,31-75,55.811594137821416,58.355988325456906,54.383999937732405,54.69479415027493,56.928394125367895
40,128,23.340678681557648,27.992467449204373,60.0,48.0,76.65932131844235,72.00753255079563,31-75,61.399302905691826,64.26523503753607,61.16671346730949,58.76596021222993,64.03264559915374
40,129,36.15883301972513,22.437194395304356,59.0,47.199999999999996,63.84116698027487,77.56280560469564,31-75,58.264911215021584,59.92902791304907,58.950993146242624,55.91471258577306,60.61510984427011
40,130,48.96697097395023,37.97502776502215,58.0,46.400000000000006,51.03302902604977,62.02497223497785,31-75,50.9149031548105,51.37820605741548,51.46450031525691,49.90200309175913,51.92780321786188
40,131,50.21339862546056,64.99805944968162,57.0,45.6,49.78660137453944,35.00194055031838,31-75,44.73636852242551,45.155028659879456,43.99713548121446,45.05694142618261,44.4157956186684
40,132,50.22918154922706,97.4754399645234,56.0,44.800000000000004,49.77081845077294,2.524560035476597,31-75,37.83615754232721,38.3332393874045,35.47384462156239,39.701388618014725,35.97092646663968
40,133,50.30437408663453,100.0,55.0,44.0,49.69562591336547,0.0,31-75,36.908687774009636,37.47825036534619,34.423906478341365,38.823906478341364,34.993469069677914
40,134,50.34926577329872,100.0,54.0,43.2,49.65073422670128,0.0,31-75,36.495220268010385,37.140293690680515,34.01268355667532,38.33268355667532,34.65775697934545
40,135,50.71730320489113,100.0,53.0,42.4,49.28269679510887,0.0,31-75,35.98480903853266,36.67307871804355,33.520674198777215,37.76067419877722,34.2089438782881
40,136,50.58350411659225,100.0,52.0,41.6,49.41649588340775,0.0,31-75,35.624948765022324,36.4065983533631,33.15412397085194,37.31412397085194,33.93577355919271
40,137,50.63006898369687,100.0,51.0,40.8,49.36993101630313,0.0,31-75,35.210979304890934,36.06797240652125,32.74248275407578,36.82248275407578,33.59947585570609
40,138,50.64763897486763,100.0,50.0,40.0,49.35236102513237,0.0,31-75,34.80570830753971,35.74094441005295,32.338090256283095,36.338090256283095,33.273326358796325
40,139,50.66886984652495,100.0,49.0,39.2,49.33113015347505,0.0,31-75,34.39933904604251,35.41245206139002,31.932782538368762,35.852782538368764,32.94589555371627
40,140,50.69050145128393,79.57233834411429,48.0,38.4,49.30949854871607,20.427661655885714,31-75,38.07838189579196,39.16933175066357,36.634290051150444,38.43152388556187,37.72523990602205
40,141,50.98326971125022,88.76015126721603,47.0,37.6,49.01673028874978,11.239848732783969,31-75,35.752988833181725,36.8946618620567,33.864144755383435,36.50015988210504,35.00581778425841
40,142,51.10103841111823,95.45512503476724,46.0,36.8,48.89896158888177,4.544874965232765,31-75,33.97866346971108,35.188559628599265,31.760959138528634,34.986471642005355,32.970855297416804
40,143,51.37306966439181,100.0,45.0,36.0,48.62693033560819,0.0,31-75,32.58807910068246,33.85077213424328,30.15673258390205,33.75673258390205,31.419425617462863
40,144,51.5214186105919,100.0,44.0,35.199999999999996,48.4785813894081,0.0,31-75,32.143574416822425,33.47143255576324,29.71964534735202,33.239645347352024,31.047503486292833
40,145,52.02303587146873,100.0,43.0,34.4,47.97696412853127,0.0,31-75,31.59308923855938,32.95078565141251,29.194241032132815,32.63424103213281,30.551937444985946
40,146,52.12028150183774,100.0,42.0,33.6,47.87971849816226,0.0,31-75,31.16391554944868,32.591887399264905,28.769929624540566,32.129929624540566,30.197901474356794
40,147,52.09747643560574,100.0,41.0,32.800000000000004,47.90252356439426,0.0,31-75,30.77075706931828,32.28100942575771,28.375630891098567,31.655630891098568,29.88588324753799
40,148,52.429968894298376,100.0,40.0,32.0,47.570031105701624,0.0,31-75,30.271009331710488,31.828012442280652,27.892507776425404,31.092507776425407,29.44951088699557
40,149,52.34418274052727,100.0,39.0,31.2,47.65581725947273,0.0,31-75,29.896745177841815,31.542326903789093,27.51395431486818,30.63395431486818,29.159536040815453
40,150,52.66435252329809,100.0,38.0,30.4,47.33564747670191,0.0,31-75,29.40069424301057,31.094258990680764,27.033911869175476,30.073911869175475,28.727476616845667
40,151,52.90192232637442,100.0,37.0,29.599999999999998,47.09807767362558,0.0,31-75,28.929423302087674,30.679231069450232,26.574519418406396,29.534519418406393,28.324327185768954
40,152,53.21914861009433,100.0,36.0,28.799999999999997,46.78085138990567,0.0,31-75,28.434255416971702,30.232340555962267,26.095212847476418,28.975212847476413,27.893297986466983
40,153,53.57878607983184,100.0,35.0,28.000000000000004,46.42121392016816,0.0,31-75,27.92636417605045,29.768485568067266,25.60530348004204,28.40530348004204,27.447424872058857
40,154,53.69491885200458,100.0,34.0,27.200000000000003,46.30508114799542,0.0,31-75,27.491524344398627,29.40203245919817,25.176270286998857,27.896270286998856,27.0867784017984
40,155,54.23602934458768,100.0,33.0,26.400000000000002,45.76397065541232,0.0,31-75,26.929191196623698,28.86558826216493,24.640992663853083,27.28099266385308,26.577389729394316
40,156,54.62891382502974,100.0,32.0,25.6,45.37108617497026,0.0,31-75,26.41132585249108,28.388434469988105,24.142771543742565,26.702771543742564,26.119880161239593
40,157,55.041819527275095,100.0,31.0,24.8,44.958180472724905,0.0,31-75,25.88745414181747,27.903272189089964,23.639545118181225,26.119545118181225,25.655363165453718
40,158,55.34253379778722,100.0,30.0,24.0,44.65746620221278,0.0,0-30,25.397239860663834,27.462986480885114,23.164366550553197,25.564366550553196,25.230113170774473
40,159,55.91917382998994,100.0,29.0,23.200000000000003,44.08082617001006,0.0,0-30,24.824247851003022,26.912330468004026,22.620206542502515,24.940206542502516,24.708289159503522
40,160,56.23888806490547,100.0,28.0,22.400000000000002,43.76111193509453,0.0,0-30,24.32833358052836,26.464444774037815,22.140277983773636,24.380277983773635,24.276389177283086
40,161,56.71351730844922,100.0,27.0,21.6,43.28648269155078,0.0,0-30,23.785944807465235,25.954593076620313,21.621620672887694,23.781620672887698,23.790268942042772
40,162,57.52773193336693,100.0,26.0,20.8,42.47226806663307,0.0,0-30,23.14168041998992,25.30890722665323,21.018067016658268,23.09806701665827,23.185293823321572
40,163,57.69629421909899,100.0,25.0,20.0,42.30370578090101,0.0,0-30,22.6911117342703,24.921482312360407,20.575926445225253,22.575926445225253,22.806297023315352
40,164,58.45519969325535,100.0,24.0,19.2,41.54480030674465,0.0,0-30,22.06344009202339,24.29792012269786,19.98620007668616,21.90620007668616,22.220680107360625
40,165,58.91701292809476,100.0,23.0,18.4,41.08298707190524,0.0,0-30,21.524896121571572,23.793194828762093,19.47074676797631,21.31074676797631,21.739045475166833
40,166,59.66534554098838,100.0,22.0,17.599999999999998,40.33465445901162,0.0,0-30,20.900396337703484,23.173861783604647,18.883663614752905,20.643663614752903,21.157129060654064
40,167,60.43751352460913,100.0,21.0,16.8,39.56248647539087,0.0,0-30,20.26874594261726,22.54499459015635,18.290621618847716,19.970621618847716,20.566870266386804
40,168,61.35497253623317,100.0,20.0,16.0,38.64502746376683,0.0,0-30,19.59350823913005,21.85801098550673,17.66125686594171,19.261256865941707,19.92575961231839
40,169,62.51979935509665,100.0,19.0,15.2,37.48020064490335,0.0,0-30,18.844060193471,21.07208025796134,16.970050161225835,18.490050161225838,19.198070225716172
40,170,63.45664309876355,100.0,18.0,14.399999999999999,36.54335690123645,0.0,0-30,18.163007070370934,20.377342760494578,16.335839225309112,17.775839225309113,18.550174915432756
40,171,64.37332459237757,100.0,17.0,13.600000000000001,35.62667540762243,0.0,0-30,17.48800262228673,19.690670163048974,15.706668851905608,17.066668851905607,17.90933639266785
40,172,65.38060795534969,100.0,16.0,12.8,34.61939204465031,0.0,0-30,16.785817613395093,18.967756817860128,15.054848011162578,16.334848011162578,17.236787215627608
40,173,66.8524399690212,100.0,15.0,12.0,33.147560030978795,0.0,0-30,15.944268009293639,18.059024012391518,14.286890007744699,15.486890007744698,16.401646010842576
40,174,68.58819703861622,100.0,14.0,11.200000000000001,31.411802961383785,0.0,0-30,15.023540888415134,17.044721184553516,13.452950740345948,14.572950740345947,15.474131036484325
40,175,69.63307321110858,100.0,13.0,10.4,30.36692678889142,0.0,0-30,14.310078036667427,16.306770715556567,12.791731697222854,13.831731697222855,14.788424376111996
40,176,71.61985843624751,100.0,12.0,9.6,28.38014156375249,0.0,0-30,13.314042469125745,15.192056625500996,11.895035390938123,12.855035390938122,13.77304954731337
40,177,73.49799709444764,100.0,11.0,8.799999999999999,26.50200290555236,0.0,0-30,12.350600871665707,14.120801162220944,11.025500726388088,11.90550072638809,12.795701016943324
40,178,75.21423212902472,100.0,10.0,8.0,24.785767870975278,0.0,0-30,11.435730361292583,13.114307148390111,10.19644196774382,10.99644196774382,11.875018754841346
40,179,77.04828482422062,100.0,9.0,7.199999999999999,22.951715175779384,0.0,0-30,10.485514552733814,12.060686070311753,9.337928793944846,10.057928793944846,10.913100311522783
40,180,79.24963202483369,100.0,8.0,6.4,20.750367975166313,0.0,0-30,9.425110392549893,10.860147190066526,8.387591993791577,9.027591993791578,9.822628791308208
40,181,81.44773025388545,100.0,7.0,5.6000000000000005,18.552269746114547,0.0,0-30,8.365680923834365,9.660907898445819,7.438067436528637,7.998067436528637,8.733294411140092
40,182,84.48730679550229,100.0,6.0,4.8,15.512693204497708,0.0,0-30,7.053807961349312,8.125077281799083,6.278173301124427,6.758173301124427,7.349442621574197
40,183,87.3994331809622,100.0,5.0,4.0,12.600566819037795,0.0,0-30,5.780170045711339,6.640226727615119,5.150141704759449,5.550141704759449,6.0101983866632285
40,184,90.02176886515946,100.0,4.0,3.2,9.978231134840541,0.0,0-30,4.593469340452162,5.271292453936217,4.094557783710135,4.414557783710135,4.772380897194189
40,185,92.74322292844388,100.0,3.0,2.4,7.256777071556115,0.0,0-30,3.3770331214668348,3.862710828622446,3.014194267889029,3.2541942678890288,3.4998719750446403
40,186,95.28886266087484,100.0,2.0,1.6,4.711137339125159,0.0,0-30,2.213341201737548,2.5244549356500636,1.9777843347812898,2.1377843347812897,2.288898068693806
40,187,98.76429632103934,100.0,1.0,0.8,1.235703678960661,0.0,0-30,0.7707111036881984,0.8142814715842646,0.7089259197401653,0.7889259197401652,0.7524962876362313
40,188,100.0,100.0,0.0,0.0,0.0,0.0,0-30,0.0,0.0,0.0,0.0,0.0
45,39,0.0,25.140843653330165,119.0,95.19999999999999,100.0,74.85915634666983,76-125,92.57183126933396,93.05183126933397,91.31478908666745,93.34887345200046,91.79478908666746
45,40,0.0,0.0,118.0,94.39999999999999,100.0,100.0,76-125,97.19999999999999,97.75999999999999,97.19999999999999,96.63999999999999,97.75999999999999
45,41,0.0,0.0,117.0,93.60000000000001,100.0,100.0,76-125,96.80000000000001,97.44,96.80000000000001,96.16,97.44
45,42,0.0,0.0,116.0,92.80000000000001,100.0,100.0,76-125,96.4,97.12,96.4,95.68,97.12
45,43,0.0,0.0,115.0,92.0,100.0,100.0,76-125,96.0,96.80000000000001,96.0,95.19999999999999,96.80000000000001
45,44,0.0,0.0,114.0,91.2,100.0,100.0,76-125,95.6,96.48,95.6,94.72,96.48
45,45,0.0,0.0,113.0,90.4,100.0,100.0,76-125,95.2,96.16,95.2,94.24000000000001,96.16
45,46,19.496757195698645,3.740824910917949,112.0,89.60000000000001,80.50324280430135,96.25917508908205,76-125,88.20280785910683,87.29313213953697,88.99060447334585,88.32468696443765,88.08092875377599
45,47,11.61205203511456,26.44482188203964,111.0,88.8,88.38794796488544,73.55517811796037,76-125,85.6274200130577,85.58621480954625,84.88578152071145,86.41026370891541,84.8445763172
45,48,10.74664093409935,48.8177380097176,110.0,88.0,89.25335906590065,51.1822619902824,76-125,81.01246011782668,81.13779602441676,79.10890526404577,82.79067906501753,79.23424117063584
45,49,21.64075523534928,61.87399657165997,109.0,87.2,78.35924476465073,38.12600342834003,76-125,74.73297411506323,73.8488985915283,72.72131204824768,77.62871170541368,71.83723652471276
45,50,23.039471707292662,69.33052906416852,108.0,86.4,76.96052829270734,30.669470935831484,76-125,72.4220526749785,71.47810550424923,70.10749980713472,75.68055271355156,69.16355263640544
45,51,26.796062845654657,76.88107336997084,107.0,85.6,73.20393715434534,23.118926630029165,76-125,69.38496647230943,68.14536018774398,66.88071594609363,73.1288232830907,65.64110966152816
45,52,25.73942377174089,71.93044884264505,106.0,84.8,74.26057622825911,28.06955115735495,76-125,70.29208309994873,69.23814072277465,67.98253184640352,73.655576730668,66.92858946922942
45,53,29.89935322777973,61.10779346948426,105.0,84.0,70.10064677222027,38.89220653051574,76-125,70.80863533776923,69.41870001499126,69.248213325684,73.75899267263242,67.85827800290603
45,54,29.52601934593016,46.71590602779296,104.0,83.2,70.47398065406983,53.28409397220704,76-125,73.39901299066236,72.12641105606934,72.53951865656921,75.53110925934853,71.2669167219762
45,55,33.75552689756815,35.23524811149436,103.0,82.39999999999999,66.24447310243184,64.76475188850564,76-125,74.02629230843067,72.41073961867386,73.95230624773437,75.7158310588838,72.33675355797756
45,56,27.62236980489513,35.095877802373295,102.0,81.6,72.37763019510487,64.9041221976267,76-125,75.4941134980568,74.57187651756729,75.12043809818289,76.79002587842021,74.19820111769337
45,57,23.474916112784445,21.36215320410772,101.0,80.80000000000001,76.52508388721556,78.63784679589227,76-125,79.08509452534314,78.6576029140647,79.19073267077695,79.40694799118774,78.76324105949851
45,58,35.306456632634806,14.724367663724838,100.0,80.0,64.6935433673652,85.27563233627517,76-125,76.4631894774646,74.93254381420111,77.49229392591009,76.96473069228257,75.9616482626466
45,59,25.62244671641473,6.493699368739196,99.0,79.2,74.37755328358527,93.5063006312608,76-125,80.61452611132775,80.13228143968628,81.57096347871152,80.14033341558545,81.08871880707005
45,60,23.358117921457247,0.0,98.0,78.4,76.64188207854275,100.0,76-125,82.19256462356283,82.01675283141711,83.3604705196357,81.20047051963569,83.18465872748996
45,61,24.013117885684405,0.0,97.0,77.60000000000001,75.98688211431559,100.0,76-125,81.59606463429468,81.43475284572625,82.7967205285789,80.5567205285789,82.63540874001046
45,62,14.67570168346797,0.0,96.0,76.8,85.32429831653204,100.0,76-125,83.9972894949596,84.84971932661281,84.73107457913301,82.41107457913301,85.5835044107862
45,63,19.92893733320932,0.0,95.0,76.0,80.07106266679068,100.0,76-125,82.0213188000372,82.42842506671627,83.01776566669767,80.61776566669766,83.42487193337674
45,64,8.049237681636345,0.0,94.0,75.2,91.95076231836366,100.0,76-125,85.1852286955091,86.86030492734547,85.58769057959091,83.10769057959091,87.26276681142728
45,65,18.20835509511988,0.0,93.0,74.4,81.79164490488012,100.0,76-125,81.73749347146403,82.47665796195204,82.64791122622003,80.08791122622003,83.38707571670804
45,66,17.541728970959607,0.0,92.0,73.6,82.45827102904039,100.0,76-125,81.53748130871212,82.42330841161615,82.4145677572601,79.77456775726009,83.30039486016413
45,67,11.255486653168417,0.0,91.0,72.8,88.74451334683158,100.0,76-125,83.02335400404948,84.61780533873264,83.5861283367079,80.8661283367079,85.18057967139106
45,68,17.840744861237276,0.0,90.0,72.0,82.15925513876272,100.0,76-125,80.64777654162882,81.66370205550508,81.53981378469068,78.73981378469068,82.55573929856695
45,69,15.44989214500861,0.0,89.0,71.2,84.5501078549914,100.0,76-125,80.96503235649742,82.30004314199655,81.73752696374785,78.85752696374784,83.07253774924699
45,70,30.17932010216715,5.576244236756079,88.0,70.39999999999999,69.82067989783285,94.42375576324392,76-125,75.03095512199863,74.97302311178193,76.26110891526918,73.8587333389448,76.20317690505246
45,71,25.755342667649195,19.301132820676376,87.0,69.6,74.24465733235081,80.69886717932363,76-125,73.21317063556997,73.67763636880505,73.5358811279186,72.42599440998625,74.0003468611537
45,72,34.11853138347723,30.02953593005898,86.0,68.8,65.88146861652277,69.97046406994102,76-125,68.15853339894502,67.8666802605973,68.36298317161595,68.24593676462183,68.07113003326822
45,73,35.40510012806659,43.71099178840702,85.0,68.0,64.5948998719334,56.28900821159298,76-125,64.63627160389862,64.29576159109196,64.2209770208816,65.3920761997223,63.88046700807494
45,74,24.73474468952786,32.4280838298175,84.0,67.2,75.26525531047214,67.5719161701825,76-125,69.69395982717815,70.50048535822536,69.30929287016366,69.27210125314542,70.11581840121087
45,75,10.348981548389816,16.194919601442788,83.0,66.4,89.65101845161018,83.80508039855721,76-125,76.8563216151945,79.18142346035552,76.56402471254185,74.82351667268613,78.88912655770287
45,76,0.0,0.0,82.0,65.60000000000001,100.0,100.0,76-125,82.80000000000001,86.24000000000001,82.80000000000001,79.36000000000001,86.24000000000001
45,77,0.8307338432149736,0.0,81.0,64.8,99.16926615678503,100.0,76-125,82.15077984703551,85.58770646271401,82.19231653919626,78.67231653919626,85.62924315487476
45,78,11.22174843136274,0.0,80.0,64.0,88.77825156863726,100.0,76-125,78.63347547059118,81.11130062745491,79.19456289215931,75.59456289215932,81.67238804902304
45,79,7.1617145187485045,0.0,79.0,63.2,92.83828548125149,100.0,76-125,79.45148564437545,82.4153141925006,79.80957137031288,76.12957137031287,82.77339991843803
45,80,0.0,0.0,78.0,62.4,100.0,100.0,76-125,81.2,84.96000000000001,81.2,77.44,84.96000000000001
45,81,2.923778001159002,0.0,77.0,61.6,97.07622199884099,100.0,76-125,79.9228665996523,83.4704887995364,80.06905549971025,76.22905549971026,83.61667769959435
45,82,2.6883259045152585,0.0,76.0,60.8,97.31167409548475,100.0,76-125,79.59350222864542,83.2446696381939,79.72791852387118,75.80791852387118,83.37908593341966
45,83,1.3485898362321274,0.0,75.0,60.0,98.65141016376788,100.0,31-75,79.59542304913036,83.46056406550716,79.66285254094197,75.66285254094197,83.52799355731875
45,84,4.473030886235341,0.0,74.0,59.199999999999996,95.52696911376466,100.0,31-75,78.2580907341294,81.89078764550587,78.48174227844116,74.40174227844116,82.11443918981763
45,85,0.0,3.666051303869768,73.0,58.4,100.0,96.33394869613024,31-75,78.46678973922604,82.62678973922604,78.28348717403256,74.49009230441953,82.44348717403255
45,86,12.285273769236788,2.1058784822424133,72.0,57.599999999999994,87.7147262307632,97.89412151775758,31-75,74.69324217278047,77.7047147958568,75.20221193713019,71.17279978535443,78.21368456020652
45,87,21.76363480264143,14.354093388670709,71.0,56.8,78.23636519735857,85.6459066113293,31-75,69.00009088147343,71.14372740120929,69.37056795217197,66.48597729103903,71.51420447190782
45,88,12.189805109786672,25.272123128036945,70.0,56.00000000000001,87.81019489021332,74.72787687196305,31-75,69.2886338414566,72.46965333047794,68.6345179405441,66.76173025334779,71.81553742956544
45,89,18.91862403502869,37.54298803838492,69.0,55.2,81.08137596497131,62.45701196161508,31-75,64.41581518181442,67.00395277831154,63.484596981646604,62.758895785485095,66.07273457814372
45,90,22.83520902046922,39.67812349776349,68.0,54.400000000000006,77.16479097953078,60.32187650223651,31-75,62.41381259430654,64.69029169225962,61.571666870441824,60.979479220218174,63.8481459683949
45,91,26.489735889419148,46.66933661460767,67.0,53.6,73.51026411058085,53.33066338539233,31-75,59.51921191025272,61.51023832131081,58.51023187399329,58.537165535454065,60.50125828505138
45,92,27.662927216661505,49.86611085754638,66.0,52.800000000000004,72.3370727833385,50.13388914245362,31-75,58.12789966349227,60.081606941826124,57.01774048144804,57.28435156720267,58.97144775978189
45,93,16.979738286196707,37.47991202326165,65.0,52.0,83.0202617138033,62.52008797673835,31-75,63.410096109488656,66.512122280869,62.38508742263541,61.33307862496157,65.48711359401574
45,94,20.203314707628923,28.20563223360516,64.0,51.2,79.79668529237108,71.79436776639484,31-75,63.8978791409903,66.75754767022741,63.497763264691486,61.438326488052,66.35743179392858
45,95,6.6052239019539,0.0,63.0,50.4,93.3947760980461,100.0,31-75,73.21843282941383,77.51791043921844,73.54869402451152,68.58869402451153,77.84817163431613
45,96,0.0,0.0,62.0,49.6,100.0,100.0,31-75,74.8,79.84,74.8,69.75999999999999,79.84
45,97,22.694174757281576,0.0,61.0,48.8,77.30582524271843,100.0,31-75,67.59174757281552,70.44233009708736,68.72645631067961,63.606456310679604,71.57703883495145
45,98,29.847572100077947,0.0,60.0,48.0,70.15242789992206,100.0,31-75,65.04572836997662,67.26097115996883,66.53810697498051,61.33810697498051,68.75334976497273
45,99,43.551952837140725,10.641719620778934,59.0,47.199999999999996,56.448047162859275,89.35828037922107,31-75,58.40607022470199,59.330874940987925,60.051581885520086,55.83575384759798,60.97638660180601
45,100,50.039798172034615,40.04280242467996,58.0,46.400000000000006,49.960201827965385,59.95719757532004,31-75,50.179500063453624,50.535520246250165,50.67934985082136,49.32363009328935,51.035370033617895
45,101,50.169429210330485,76.92471405269845,57.0,45.6,49.830570789669515,23.075285947301552,31-75,42.364228426361166,42.78728550532812,41.02646418424277,43.278935589512606,41.44952126320972
45,102,50.12507449537889,100.0,56.0,44.800000000000004,49.87492550462111,0.0,31-75,37.362477651386335,37.869970201848446,34.86873137615528,39.34873137615528,35.376223926617385
45,103,50.09044035209864,100.0,55.0,44.0,49.90955964790136,0.0,31-75,36.97286789437041,37.56382385916055,34.47738991197534,38.87738991197534,35.06834587676548
45,104,50.29824228477872,100.0,54.0,43.2,49.70175771522128,0.0,31-75,36.51052731456638,37.16070308608852,34.02543942880532,38.34543942880532,34.67561520032744
45,105,50.32044704963133,100.0,53.0,42.4,49.67955295036867,0.0,31-75,36.1038658851106,36.83182118014747,33.619888237592164,37.859888237592166,34.34784353262903
45,106,50.51846614533741,100.0,52.0,41.6,49.48153385466259,0.0,31-75,35.64446015639878,36.43261354186504,33.170383463665644,37.33038346366565,33.9585368491319
45,107,50.42855877358581,96.99730739329983,51.0,40.8,49.57144122641419,3.0026926067001654,31-75,35.87197088926429,36.74911501190571,33.54353345827859,37.323264197608566,34.420677580920014
45,108,50.26341309676838,67.56559856078059,50.0,40.0,49.73658690323162,32.434401439219414,31-75,41.40785635881337,42.38151504913653,40.54274708561276,41.299306941690816,41.51640577593592
45,109,50.21570829566141,41.05043732552068,49.0,39.2,49.78429170433859,58.94956267447932,31-75,46.32520004619744,47.3836292166313,46.78346359470448,44.80850732725655,47.84189276513834
45,110,50.27236918889053,24.3611579933508,48.0,38.4,49.72763081110947,75.6388420066492,31-75,49.24605764466268,50.37882072577363,50.54161820443967,46.817734003774746,51.67438128555061
45,111,50.26307941860803,14.813007249645294,47.0,37.6,49.73692058139197,85.1869927503547,31-75,50.758474724488536,51.97216678262774,52.53097833293667,47.772279057901194,53.744670391075864
45,112,50.32489023776656,4.2968634443991975,46.0,36.8,49.67510976223344,95.7031365556008,31-75,52.443160239790195,53.73067121601354,54.74456157945856,48.85424792389848,56.03207255568191
45,113,50.32116868852358,0.0,45.0,36.0,49.67883131147642,100.0,31-75,52.903649393442926,54.27153252459057,55.419707827869104,49.019707827869105,56.78759095901675
45,114,50.36793365608799,0.0,44.0,35.199999999999996,49.63206634391201,100.0,31-75,52.4896199031736,53.93282653756481,55.008016585978,48.528016585978,56.4512232203692
45,115,50.39863045029429,0.0,43.0,34.4,49.60136954970571,100.0,31-75,52.08041086491171,53.60054781988229,54.60034238742642,48.04034238742642,56.120479342397
45,116,50.67275929921226,33.307467632526944,42.0,33.6,49.32724070078774,66.69253236747306,31-75,44.93667868373093,46.50940275380971,45.8049432670652,42.49569003031789,47.377667337143976
45,117,50.5411775475244,53.88540344289586,41.0,32.800000000000004,49.4588224524756,46.11459655710414,31-75,40.46056604716351,42.12644829241108,40.29335475239494,38.96189509668453,41.9592369976425
45,118,50.7382443034092,72.27963062650598,40.0,32.0,49.2617556965908,27.720369373494023,31-75,36.32260058367604,38.04877615333512,35.2455312675212,35.6734943301718,36.971706837180285
45,119,50.62922813602007,70.68338156491622,39.0,31.2,49.37077186397993,29.316618435083782,31-75,36.27455524621074,38.09163243260873,35.27184757476593,35.46018573125755,37.08892476116392
45,120,50.74469993805699,75.88866266837871,38.0,30.4,49.25530006194301,24.111337331621286,31-75,34.79885748490716,36.68438749110146,33.54165934839107,34.17052561522894,35.42718935458537
45,121,50.750717320766896,73.01253241741378,37.0,29.599999999999998,49.249282679233104,26.98746758258622,31-75,34.972278320287174,36.937206588210486,33.85918756545483,34.1204408071962,35.824115833378144
45,122,50.77110202292667,69.2254803562426,36.0,28.799999999999997,49.22889797707333,30.7745196437574,31-75,35.323573321873475,37.366463119580814,34.40085440520768,34.20340244083194,36.44374420291501
45,123,50.84383854006296,63.16929908635874,35.0,28.000000000000004,49.15616145993704,36.83070091364126,31-75,36.112988620709366,38.22860476670307,35.496715593394576,34.61364550203045,37.61233173938828
45,124,50.7767128185321,47.87273504875107,34.0,27.200000000000003,49.2232871814679,52.12726495124893,31-75,38.792439144690164,40.99476786283695,38.93763803317921,36.44491153805431,41.139966751326
45,125,50.74834272435303,26.590781834612063,33.0,26.400000000000002,49.25165727564697,73.40921816538794,31-75,42.65734081577168,44.94250654333638,43.86521886025873,39.164297043719934,46.150384587823424
45,126,50.704699004652205,20.96540337933069,32.0,25.6,49.295300995347795,79.0345966206693,31-75,43.3955096227382,45.76503972227299,44.88247440400428,39.53901474193734,47.252004503539055
45,127,50.58032539306468,0.0,31.0,24.8,49.41967460693532,100.0,31-75,47.22590238208059,49.687869842774134,49.75491865173383,42.23491865173383,52.21688611242736
45,128,50.74016947206163,0.0,30.0,24.0,49.25983052793837,100.0,0-30,46.77794915838151,49.30393221117535,49.31495763198459,41.71495763198459,51.84094068477843
45,129,51.06458606778239,11.260329439954594,29.0,23.200000000000003,48.93541393221761,88.73967056004541,0-30,44.028558291674365,46.60209968489613,46.01877112306576,39.464804067061216,48.592312516287514
45,130,51.02270919256701,27.10004299771851,28.0,22.400000000000002,48.97729080743299,72.8999570022815,0-30,40.4731786426862,43.1309077234295,41.66931195242862,36.61931625220048,44.32704103317192
45,131,51.22888876819472,54.05850830739488,27.0,21.6,48.77111123180528,45.94149169260512,0-30,34.619631708062606,37.336742831243136,34.4781507311026,32.04400156184209,37.195261854283125
45,132,51.44528464309565,90.9118453178432,26.0,20.8,48.55471535690435,9.088154682156798,0-30,26.784045543502668,29.559517079193103,24.810717509765286,25.98190204154961,27.586189045455722
45,133,51.39586568352855,100.0,25.0,20.0,48.60413431647145,0.0,0-30,24.581240294941434,27.441653726588584,22.151033579117865,24.151033579117865,25.011447010765007
45,134,51.35037103457459,100.0,24.0,19.2,48.64962896542541,0.0,0-30,24.19488868962762,27.139851586170163,21.76240724135635,23.68240724135635,24.70737013789889
45,135,51.61343501990248,100.0,23.0,18.4,48.38656498009752,0.0,0-30,23.715969494029252,26.714625992039007,21.29664124502438,23.13664124502438,24.29529774303413
45,136,51.785784845454685,100.0,22.0,17.599999999999998,48.214215154545315,0.0,0-30,23.26426454636359,26.325686061818125,20.853553788636326,22.613553788636327,23.91497530409086
45,137,52.0955951719744,100.0,21.0,16.8,47.9044048280256,0.0,0-30,22.77132144840768,25.881761931210242,20.3761012070064,22.0561012070064,23.48654168980896
45,138,52.19737765452365,100.0,20.0,16.0,47.80262234547635,0.0,0-30,22.340786703642905,25.52104893819054,19.950655586369088,21.55065558636909,23.13091782091672
45,139,52.75070704752415,100.0,19.0,15.2,47.24929295247585,0.0,0-30,21.774787885742754,24.97971718099034,19.41232323811896,20.93232323811896,22.617252533366546
45,140,53.010735466302336,100.0,18.0,14.399999999999999,46.989264533697664,0.0,0-30,21.296779360109298,24.555705813479065,18.947316133424415,20.387316133424413,22.206242586794183
45,141,53.39607892675684,100.0,17.0,13.600000000000001,46.60392107324316,0.0,0-30,20.78117632197295,24.081568429297263,18.45098026831079,19.81098026831079,21.751372375635107
45,142,53.8684687481335,100.0,16.0,12.8,46.1315312518665,0.0,0-30,20.23945937555995,23.5726125007466,17.932882812966625,19.212882812966626,21.266035938153273
45,143,53.83979637453644,100.0,15.0,12.0,46.16020362546356,0.0,0-30,19.848061087639067,23.264081450185426,17.54005090636589,18.740050906365887,20.956071268912247
45,144,53.88219585254842,100.0,14.0,11.200000000000001,46.11780414745158,0.0,0-30,19.435341244235474,22.92712165898063,17.129451036862896,18.249451036862894,20.621231451608054
45,145,54.67711994165036,100.0,13.0,10.4,45.32288005834964,0.0,0-30,18.79686401750489,22.289152023339856,16.53072001458741,17.57072001458741,20.023008020422374
45,146,54.95400522762025,100.0,12.0,9.6,45.04599477237975,0.0,0-30,18.313798431713924,21.8583979089519,16.061498693094936,17.021498693094937,19.606098170332913
45,147,55.30678446697105,100.0,11.0,8.799999999999999,44.69321553302895,0.0,0-30,17.807964659908684,21.39728621321158,15.573303883257235,16.453303883257234,19.16262543656013
45,148,55.86010108760177,100.0,10.0,8.0,44.13989891239823,0.0,0-30,17.241969673719467,20.855959564959292,15.034974728099558,15.834974728099557,18.64896461933938
45,149,56.56525617229133,100.0,9.0,7.199999999999999,43.43474382770867,0.0,0-30,16.6304231483126,20.253897531083467,14.458685956927168,15.178685956927168,18.082160339698035
45,150,57.21890933677643,100.0,8.0,6.4,42.78109066322357,0.0,0-30,16.034327198967073,19.672436265289427,13.895272665805894,14.535272665805893,17.533381732128248
45,151,57.3631599488252,100.0,7.0,5.6000000000000005,42.6368400511748,0.0,0-30,15.59105201535244,19.29473602046992,13.4592100127937,14.0192100127937,17.162894017911178
45,152,57.81166703527016,100.0,6.0,4.8,42.18833296472984,0.0,0-30,15.056499889418951,18.795333185891934,12.94708324118246,13.427083241182459,16.685916537655444
45,153,58.76000484736977,100.0,5.0,4.0,41.23999515263023,0.0,0-30,14.371998545789069,18.095998061052093,12.309998788157557,12.709998788157558,16.033998303420578
45,154,59.05223453907725,100.0,4.0,3.2,40.94776546092275,0.0,0-30,13.884329638276824,17.659106184369104,11.836941365230688,12.156941365230688,15.611717911322962
45,155,60.25090228383978,100.0,3.0,2.4,39.74909771616022,0.0,0-30,13.124729314848066,16.85963908646409,11.137274429040055,11.377274429040055,14.872184200656076
45,156,61.36767040051711,100.0,2.0,1.6,38.63232959948289,0.0,0-30,12.389698879844866,16.092931839793156,10.458082399870722,10.618082399870723,14.16131535981901
45,157,62.81158840004692,100.0,1.0,0.8,37.18841159995308,0.0,0-30,11.556523479985923,15.195364639981232,9.69710289998827,9.77710289998827,13.335944059983577
45,158,64.34932158429717,100.0,0.0,0.0,35.65067841570283,0.0,0-30,10.695203524710848,14.260271366281131,8.912669603925707,8.912669603925707,12.47773744549599
46,39,0.0,0.0,217.0,100.0,100.0,100.0,RUL > 125,100.0,100.0,100.0,100.0,100.0
46,40,0.0,0.0,216.0,100.0,100.0,100.0,RUL > 125,100.0,100.0,100.0,100.0,100.0
46,41,0.0,0.0,215.0,100.0,100.0,100.0,RUL > 125,100.0,100.0,100.0,100.0,100.0
46,42,0.0,9.68608918092682,214.0,100.0,100.0,90.31391081907319,RUL > 125,98.06278216381463,98.06278216381463,97.57847770476829,98.54708662286097,97.57847770476829
46,43,0.0,9.333463106133724,213.0,100.0,100.0,90.66653689386628,RUL > 125,98.13330737877325,98.13330737877325,97.66663422346657,98.59998053407995,97.66663422346657
46,44,0.0,5.278514527621722,212.0,100.0,100.0,94.72148547237828,RUL > 125,98.94429709447566,98.94429709447566,98.68037136809457,99.20822282085675,98.68037136809457
46,45,0.0,0.0,211.0,100.0,100.0,100.0,RUL > 125,100.0,100.0,100.0,100.0,100.0
46,46,0.0,0.0,210.0,100.0,100.0,100.0,RUL > 125,100.0,100.0,100.0,100.0,100.0
46,47,0.0,0.0,209.0,100.0,100.0,100.0,RUL > 125,100.0,100.0,100.0,100.0,100.0
46,48,0.0,0.0,208.0,100.0,100.0,100.0,RUL > 125,100.0,100.0,100.0,100.0,100.0
46,49,0.0,0.0,207.0,100.0,100.0,100.0,RUL > 125,100.0,100.0,100.0,100.0,100.0
46,50,0.0,0.0,206.0,100.0,100.0,100.0,RUL > 125,100.0,100.0,100.0,100.0,100.0
46,51,0.0,0.0,205.0,100.0,100.0,100.0,RUL > 125,100.0,100.0,100.0,100.0,100.0
46,52,0.0,0.0,204.0,100.0,100.0,100.0,RUL > 125,100.0,100.0,100.0,100.0,100.0
46,53,0.0,0.0,203.0,100.0,100.0,100.0,RUL > 125,100.0,100.0,100.0,100.0,100.0
46,54,0.0,0.0,202.0,100.0,100.0,100.0,RUL > 125,100.0,100.0,100.0,100.0,100.0
46,55,0.0,0.0,201.0,100.0,100.0,100.0,RUL > 125,100.0,100.0,100.0,100.0,100.0
46,56,0.0,0.0,200.0,100.0,100.0,100.0,RUL > 125,100.0,100.0,100.0,100.0,100.0
46,57,0.0,0.0,199.0,100.0,100.0,100.0,RUL > 125,100.0,100.0,100.0,100.0,100.0
46,58,0.0,0.0,198.0,100.0,100.0,100.0,RUL > 125,100.0,100.0,100.0,100.0,100.0
46,59,0.0,0.0,197.0,100.0,100.0,100.0,RUL > 125,100.0,100.0,100.0,100.0,100.0
46,60,0.0,12.459222134985607,196.0,100.0,100.0,87.54077786501439,RUL > 125,97.50815557300288,97.50815557300288,96.8851944662536,98.13111667975215,96.8851944662536
46,61,0.0,37.08715887572565,195.0,100.0,100.0,62.91284112427435,RUL > 125,92.58256822485487,92.58256822485487,90.72821028106858,94.43692616864115,90.72821028106858
46,62,0.0,51.806503073584686,194.0,100.0,100.0,48.193496926415314,RUL > 125,89.63869938528306,89.63869938528306,87.04837423160383,92.22902453896229,87.04837423160383
46,63,0.0,70.0560483748736,193.0,100.0,100.0,29.943951625126402,RUL > 125,85.98879032502528,85.98879032502528,82.4859879062816,89.49159274376896,82.4859879062816
46,64,0.0,93.31585209380492,192.0,100.0,100.0,6.684147906195079,RUL > 125,81.33682958123902,81.33682958123902,76.67103697654878,86.00262218592925,76.67103697654878
46,65,0.0,94.886812694652,191.0,100.0,100.0,5.113187305348006,RUL > 125,81.0226374610696,81.0226374610696,76.278296826337,85.7669780958022,76.278296826337
46,66,0.0,95.2027213281102,190.0,100.0,100.0,4.797278671889799,RUL > 125,80.95945573437795,80.95945573437795,76.19931966797245,85.71959180078348,76.19931966797245
46,67,2.7478429001723743,98.0591346380782,189.0,100.0,97.25215709982763,1.9408653619217944,RUL > 125,79.56382020233265,79.28903591231541,74.79825561543736,84.60416907924518,74.52347132542012
46,68,5.787502414663952,90.84553946758382,188.0,100.0,94.21249758533605,9.15446053241618,RUL > 125,80.09464138208405,79.51589114061765,75.84173952943806,84.92629347619643,75.26298928797166
46,69,1.4657010395575152,70.75162401647233,187.0,100.0,98.53429896044248,29.248375983527666,RUL > 125,85.40996488483827,85.26339478088252,81.94566873599254,89.02083113763976,81.79909863203679
46,70,20.135480536019596,72.76222777868648,186.0,100.0,79.8645194639804,27.23777222131352,RUL > 125,79.40691028345682,77.39336222985487,76.77557292132349,84.05179569919213,74.76202486772152
46,71,14.781231442860111,67.32715831293923,185.0,100.0,85.2187685571399,32.67284168706077,RUL > 125,82.10019890455412,80.62207576026812,79.47290256105018,86.20561839234409,77.99477941676416
46,72,12.157184787974591,53.75184510398415,184.0,100.0,87.84281521202541,46.24815489601585,RUL > 125,85.6024755428108,84.38675706401335,83.52274252701031,88.89792703740873,82.30702404821287
46,73,24.611753332236265,49.63742943407918,183.0,100.0,75.38824666776374,50.36257056592082,RUL > 125,82.68898811351329,80.22781278028967,81.43770430842113,86.40144725182905,78.97652897519751
46,74,40.09929634902804,64.53215519442274,182.0,100.0,59.90070365097196,35.46784480557726,RUL > 125,75.06378005640704,71.05385042150424,73.84213711413732,80.29535263357958,69.8322074792345
46,75,44.49080996773293,77.68805124490672,181.0,100.0,55.50919003226707,22.311948755093283,RUL > 125,71.11514676069878,66.66606576392549,69.4552846968401,77.22408982133075,65.00620370006679
46,76,35.241037125011616,74.1640303691502,180.0,100.0,64.75896287498838,25.835969630849803,RUL > 125,74.59488278866647,71.07077907616531,72.64873312645955,80.06513616337456,69.12462941395839
46,77,39.62150589178012,72.59290946798664,179.0,100.0,60.37849410821988,27.407090532013356,RUL > 125,73.59496633886863,69.63281574969062,71.94639616005831,79.20568710685698,67.98424557088029
46,78,39.17130520637326,66.72356040340057,178.0,100.0,60.82869479362674,33.27643959659943,RUL > 125,74.9038963574079,70.98676583677059,73.52628359755653,80.19863963789659,69.60915307691921
46,79,39.79715033876842,50.32493157102926,177.0,100.0,60.20284966123158,49.67506842897074,RUL > 125,77.99586858416362,74.01615355028677,77.46947952255059,82.5019726796535,73.48976448867374
46,80,25.097928039435896,33.57863730932975,176.0,100.0,74.9020719605641,66.42136269067025,RUL > 125,85.75489412630327,83.24510132235969,85.3308586628086,88.68872239374157,82.821065858865
46,81,33.4484174113371,17.445912071174753,175.0,100.0,66.55158258866291,82.55408792882525,RUL > 125,86.47629236236392,83.13145062123021,87.27641762937203,89.02100883648951,83.93157588823833
46,82,37.38257578467638,0.0,174.0,100.0,62.61742421532362,100.0,RUL > 125,88.78522726459708,85.04696968612944,90.65435605383091,90.65435605383091,86.91609847536327
46,83,33.444527119359535,0.0,173.0,100.0,66.55547288064047,100.0,RUL > 125,89.96664186419214,86.62218915225618,91.63886822016012,91.63886822016012,88.29441550822416
46,84,29.437302802441167,0.0,172.0,100.0,70.56269719755883,100.0,RUL > 125,91.16880915926765,88.22507887902353,92.6406742993897,92.6406742993897,89.69694401914559
46,85,24.812997689077125,0.0,171.0,100.0,75.18700231092288,100.0,RUL > 125,92.55610069327686,90.07480092436916,93.79675057773072,93.79675057773072,91.315450808823
46,86,23.25039707807772,0.0,170.0,100.0,76.74960292192227,100.0,RUL > 125,93.02488087657667,90.69984116876891,94.18740073048056,94.18740073048056,91.86236102267279
46,87,17.948465704616805,0.0,169.0,100.0,82.05153429538319,100.0,RUL > 125,94.61546028861495,92.82061371815328,95.5128835738458,95.5128835738458,93.71803700338411
46,88,17.239717108699217,0.0,168.0,100.0,82.76028289130079,100.0,RUL > 125,94.82808486739023,93.10411315652033,95.6900707228252,95.6900707228252,93.96609901195528
46,89,4.681496877034533,0.0,167.0,100.0,95.31850312296547,100.0,RUL > 125,98.59555093688964,98.12740124918619,98.82962578074137,98.82962578074137,98.36147609303791
46,90,0.0,0.0,166.0,100.0,100.0,100.0,RUL > 125,100.0,100.0,100.0,100.0,100.0
46,91,0.0,0.0,165.0,100.0,100.0,100.0,RUL > 125,100.0,100.0,100.0,100.0,100.0
46,92,0.0,0.0,164.0,100.0,100.0,100.0,RUL > 125,100.0,100.0,100.0,100.0,100.0
46,93,0.0,0.0,163.0,100.0,100.0,100.0,RUL > 125,100.0,100.0,100.0,100.0,100.0
46,94,0.0,0.0,162.0,100.0,100.0,100.0,RUL > 125,100.0,100.0,100.0,100.0,100.0
46,95,0.0,0.0,161.0,100.0,100.0,100.0,RUL > 125,100.0,100.0,100.0,100.0,100.0
46,96,0.0,0.0,160.0,100.0,100.0,100.0,RUL > 125,100.0,100.0,100.0,100.0,100.0
46,97,0.0,0.0,159.0,100.0,100.0,100.0,RUL > 125,100.0,100.0,100.0,100.0,100.0
46,98,0.0,0.0,158.0,100.0,100.0,100.0,RUL > 125,100.0,100.0,100.0,100.0,100.0
46,99,0.0,0.0,157.0,100.0,100.0,100.0,RUL > 125,100.0,100.0,100.0,100.0,100.0
46,100,0.0,0.0,156.0,100.0,100.0,100.0,RUL > 125,100.0,100.0,100.0,100.0,100.0
46,101,0.0,0.0,155.0,100.0,100.0,100.0,RUL > 125,100.0,100.0,100.0,100.0,100.0
46,102,0.0,0.0,154.0,100.0,100.0,100.0,RUL > 125,100.0,100.0,100.0,100.0,100.0
46,103,0.0,0.0,153.0,100.0,100.0,100.0,RUL > 125,100.0,100.0,100.0,100.0,100.0
46,104,0.0,0.0,152.0,100.0,100.0,100.0,RUL > 125,100.0,100.0,100.0,100.0,100.0
46,105,0.0,0.0,151.0,100.0,100.0,100.0,RUL > 125,100.0,100.0,100.0,100.0,100.0
46,106,0.0,0.0,150.0,100.0,100.0,100.0,RUL > 125,100.0,100.0,100.0,100.0,100.0
46,107,0.0,0.0,149.0,100.0,100.0,100.0,RUL > 125,100.0,100.0,100.0,100.0,100.0
46,108,0.0,0.0,148.0,100.0,100.0,100.0,RUL > 125,100.0,100.0,100.0,100.0,100.0
46,109,0.0,0.0,147.0,100.0,100.0,100.0,RUL > 125,100.0,100.0,100.0,100.0,100.0
46,110,0.0,0.0,146.0,100.0,100.0,100.0,RUL > 125,100.0,100.0,100.0,100.0,100.0
46,111,0.0,21.97793827145536,145.0,100.0,100.0,78.02206172854464,RUL > 125,95.60441234570894,95.60441234570894,94.50551543213616,96.7033092592817,94.50551543213616
46,112,0.0,72.42831785097555,144.0,100.0,100.0,27.571682149024454,RUL > 125,85.51433642980489,85.51433642980489,81.89292053725612,89.13575232235367,81.89292053725612
46,113,0.0,100.0,143.0,100.0,100.0,0.0,RUL > 125,80.0,80.0,75.0,85.0,75.0
46,114,0.0,98.9460958808472,142.0,100.0,100.0,1.0539041191528042,RUL > 125,80.21078082383056,80.21078082383056,75.2634760297882,85.15808561787293,75.2634760297882
46,115,0.0,100.0,141.0,100.0,100.0,0.0,RUL > 125,80.0,80.0,75.0,85.0,75.0
46,116,0.0,99.81143607457442,140.0,100.0,100.0,0.18856392542558353,RUL > 125,80.03771278508512,80.03771278508512,75.04714098135639,85.02828458881383,75.04714098135639
46,117,0.0,77.2900471783028,139.0,100.0,100.0,22.7099528216972,RUL > 125,84.54199056433944,84.54199056433944,80.6774882054243,88.40649292325458,80.6774882054243
46,118,0.0,68.19559403609603,138.0,100.0,100.0,31.804405963903974,RUL > 125,86.3608811927808,86.3608811927808,82.95110149097599,89.7706608945856,82.95110149097599
46,119,6.027895629279271,62.76472703853703,137.0,100.0,93.97210437072073,37.23527296146297,RUL > 125,85.6386859035088,85.03589634058089,82.80184433304592,89.07831703689963,82.199054770118
46,120,5.937166865801919,58.53080963601722,136.0,100.0,94.06283313419809,41.46919036398278,RUL > 125,86.51268801305598,85.9189713264758,83.8830058745452,89.73608683814693,83.28928918796501
46,121,27.12611163975361,82.2151449605904,135.0,100.0,72.87388836024638,17.784855039409607,RUL > 125,75.41913751595584,72.70652635198049,72.664685849914,80.88620034597304,69.95207468593863
46,122,15.153984016713032,88.91919086055199,134.0,100.0,84.84601598328697,11.080809139448007,RUL > 125,77.6699666228757,76.1545682212044,73.98170628068374,82.87362536673895,72.46630787901245
46,123,15.614648246059614,93.03839821069336,133.0,100.0,84.38535175394038,6.961601789306641,RUL > 125,76.70792588404343,75.14646105943747,72.83673838581176,82.14057820688109,71.2752735612058
46,124,14.392112813101388,73.3508181110492,132.0,100.0,85.60788718689861,26.649181888950807,RUL > 125,81.01220253385974,79.57299125254961,78.06426726896235,85.39934908006727,76.62505598765222
46,125,15.800309076990224,63.102102919412815,131.0,100.0,84.19969092300977,36.897897080587185,RUL > 125,82.63948669302037,81.05945578532135,80.27439700089924,86.58460729284052,78.69436609320022
46,126,8.18606864084824,44.03505840913732,130.0,100.0,91.81393135915175,55.96494159086268,RUL > 125,88.73716772591807,87.91856086183324,86.94471823750361,91.34822407841735,86.12611137341878
46,127,14.490577444534225,18.660871625336892,129.0,100.0,85.50942255546578,81.3391283746631,RUL > 125,91.92065244157236,90.47159469711895,91.71213773253223,93.57822489506592,90.2630799880788
46,128,15.47102045488688,4.748037398716732,128.0,100.0,84.52897954511312,95.25196260128327,RUL > 125,94.40908638379058,92.86198433830191,94.94523553659909,95.42003927647076,93.3981334911104
46,129,21.412211760665677,3.063831110713627,127.0,100.0,78.58778823933432,96.93616888928638,RUL > 125,92.96357024965756,90.822349073591,93.88098928215517,94.18737239322654,91.7397681060886
46,130,23.974036101909533,0.5357085519604639,126.0,100.0,76.02596389809047,99.46429144803953,RUL > 125,92.70064745903505,90.30324384884409,93.8725638365325,93.92613469172855,91.47516022634154
46,131,20.87405470376543,14.391805125303906,125.0,100.0,79.12594529623456,85.6081948746961,76-125,90.85942256380959,88.77201709343304,91.18353504273267,92.62271555526306,89.09612957235612
46,132,23.76396033511961,19.219869216330878,124.0,99.2,76.2360396648804,80.78013078366912,76-125,88.62683805619795,86.330442022686,88.85404261213738,90.69602953377046,86.55764657862542
46,133,25.65169098024625,24.51657349939584,123.0,98.4,74.34830901975374,75.48342650060417,76-125,86.60117800604696,84.19600890802235,86.65793388008947,88.94959123002906,84.25276478206487
46,134,18.155232487425828,20.02855407317957,122.0,97.6,81.84476751257418,79.97144592682042,76-125,89.34771943913633,87.77219619039376,89.25405335984864,91.0169087671666,87.67853011110607
46,135,12.8177518941697,11.657904594828112,121.0,96.8,87.1822481058303,88.34209540517189,76-125,92.22309351278346,91.26131832336651,92.28108587775054,93.12687633723336,91.31931068833357
46,136,16.118709353156195,0.0,120.0,96.0,83.88129064684381,100.0,76-125,93.16438719405315,91.95251625873753,93.97032266171095,93.57032266171095,92.75845172639534
46,137,15.556472730394688,0.0,119.0,95.19999999999999,84.44352726960531,100.0,76-125,92.93305818088159,91.85741090784212,93.71088181740132,93.23088181740133,92.63523454436185
46,138,16.0198199197258,0.0,118.0,94.39999999999999,83.9801800802742,100.0,76-125,92.39405402408225,91.35207203210967,93.19504502006855,92.63504502006855,92.15306302809597
46,139,9.491239241330431,0.0,117.0,93.60000000000001,90.50876075866957,100.0,76-125,93.95262822760087,93.64350430346784,94.4271901896674,93.7871901896674,94.11806626553435
46,140,1.598462842792818,0.0,116.0,92.80000000000001,98.40153715720719,100.0,76-125,95.92046114716216,96.48061486288287,96.0003842893018,95.28038428930181,96.56053800502252
46,141,0.0,0.0,115.0,92.0,100.0,100.0,76-125,96.0,96.80000000000001,96.0,95.19999999999999,96.80000000000001
46,142,0.0,0.0,114.0,91.2,100.0,100.0,76-125,95.6,96.48,95.6,94.72,96.48
46,143,0.0,0.0,113.0,90.4,100.0,100.0,76-125,95.2,96.16,95.2,94.24000000000001,96.16
46,144,0.0,0.0,112.0,89.60000000000001,100.0,100.0,76-125,94.80000000000001,95.84,94.80000000000001,93.76,95.84
46,145,0.0,0.0,111.0,88.8,100.0,100.0,76-125,94.4,95.52000000000001,94.4,93.28,95.52000000000001
46,146,0.0,0.0,110.0,88.0,100.0,100.0,76-125,94.0,95.2,94.0,92.8,95.2
46,147,0.0,0.0,109.0,87.2,100.0,100.0,76-125,93.6,94.88,93.6,92.32,94.88
46,148,0.0,0.0,108.0,86.4,100.0,100.0,76-125,93.2,94.56,93.2,91.84,94.56
46,149,0.0,0.0,107.0,85.6,100.0,100.0,76-125,92.8,94.24000000000001,92.8,91.35999999999999,94.24000000000001
46,150,9.348282190153869,25.19118662302092,106.0,84.8,90.65171780984613,74.80881337697909,76-125,84.55727801834965,85.14244979933427,83.7651327967063,84.76425145900839,84.3503045776909
46,151,0.0,12.911507360536095,105.0,84.0,100.0,87.08849263946391,76-125,89.41769852789278,91.01769852789278,88.77212315986597,88.4632738959196,90.37212315986596
46,152,9.666391812321592,27.773986759139447,104.0,83.2,90.33360818767841,72.22601324086055,76-125,83.14528510447563,83.85864592324347,82.23990535713475,83.33730403304868,82.95326617590257
46,153,21.40183764872538,49.50518815736967,103.0,82.39999999999999,78.59816235127462,50.49481184263033,76-125,74.87841107390844,74.49822730903591,73.47324354847623,76.6637623642132,73.0930597836037
46,154,20.03509311659784,68.18375997226562,102.0,81.6,79.96490688340216,31.81624002773438,76-125,71.15272007056753,70.98921075890775,68.74528672778413,73.7236627250107,68.58177741612435
46,155,25.43906640147096,81.93546203629248,101.0,80.80000000000001,74.56093359852903,18.064537963707522,76-125,66.38118767230021,65.75728103215313,63.556367890559144,69.8299140941884,62.93246125041205
46,156,33.32330204405776,91.7514313133689,100.0,80.0,66.67669795594225,8.248568686631103,76-125,61.652723124108896,60.320392919703124,58.73131666064334,65.90645979198023,57.39898645623756
46,157,13.271977019553429,69.44166701855667,99.0,79.2,86.72802298044657,30.55833298144333,76-125,71.73007349042264,72.4828757884673,68.92158899047249,73.78575569232815,69.67439128851714
46,158,17.045917965815505,43.273512681524586,98.0,78.4,82.9540820341845,56.726487318475414,76-125,75.43152207395045,75.88693027736889,74.12014233816498,76.28749360631744,74.57555054158343
46,159,13.551295511944527,26.31916808256032,97.0,77.60000000000001,86.44870448805547,73.68083191743968,76-125,79.47077772990458,80.35564817871013,78.83238410137379,79.22430090962982,79.71725455017933
46,160,5.464116304526683,11.028028261653075,96.0,76.8,94.53588369547332,88.97197173834692,76-125,84.55515945631137,86.32874782585871,84.27696385845505,83.05976668462037,86.05055222800239
46,161,3.907149909494801,0.0,95.0,76.0,96.0928500905052,100.0,76-125,86.82785502715156,88.83714003620209,87.0232125226263,84.6232125226263,89.03249753167682
46,162,0.0,0.0,94.0,75.2,100.0,100.0,76-125,87.6,90.08,87.6,85.12,90.08
46,163,0.0,0.0,93.0,74.4,100.0,100.0,76-125,87.2,89.76,87.2,84.64,89.76
46,164,0.0,0.0,92.0,73.6,100.0,100.0,76-125,86.8,89.44,86.8,84.16,89.44
46,165,1.7020250981963203,0.0,91.0,72.8,98.29797490180368,100.0,76-125,85.88939247054111,88.43918996072148,85.97449372545091,83.25449372545091,88.5242912156313
46,166,0.0,0.0,90.0,72.0,100.0,100.0,76-125,86.0,88.8,86.0,83.19999999999999,88.8
46,167,2.1976125233417494,0.0,89.0,71.2,97.80238747665825,100.0,76-125,84.94071624299747,87.60095499066331,85.05059686916456,82.17059686916457,87.7108356168304
46,168,0.0,0.0,88.0,70.39999999999999,100.0,100.0,76-125,85.19999999999999,88.16,85.19999999999999,82.24,88.16
46,169,0.0,0.0,87.0,69.6,100.0,100.0,76-125,84.8,87.84,84.8,81.75999999999999,87.84
46,170,0.0,0.0,86.0,68.8,100.0,100.0,76-125,84.4,87.52,84.4,81.28,87.52
46,171,1.3562809881878115,3.7688688044468552,85.0,68.0,98.6437190118122,96.23113119555315,76-125,82.83934194265429,85.9037138438355,82.71871255184134,79.89559943228602,85.78308445302255
46,172,4.720042068812548,7.5306064102614,84.0,67.2,95.27995793118745,92.4693935897386,76-125,80.67786609730396,83.48586189042271,80.53733788023152,78.01039852125766,83.34533367335025
46,173,0.0,0.0,83.0,66.4,100.0,100.0,76-125,83.2,86.56,83.2,79.84,86.56
46,174,1.498142497370642,0.0,82.0,65.60000000000001,98.50185750262936,100.0,76-125,82.35055725078881,85.64074300105176,82.42546437565734,78.98546437565734,85.71565012592028
46,175,0.0,1.4667155608111804,81.0,64.8,100.0,98.53328443918882,76-125,82.10665688783777,85.62665688783777,82.0333211097972,78.65999266587832,85.55332110979721
46,176,0.0,0.0,80.0,64.0,100.0,100.0,76-125,82.0,85.6,82.0,78.4,85.6
46,177,0.0,0.0,79.0,63.2,100.0,100.0,76-125,81.6,85.28,81.6,77.92,85.28
46,178,0.0,0.0,78.0,62.4,100.0,100.0,76-125,81.2,84.96000000000001,81.2,77.44,84.96000000000001
46,179,0.0,0.0,77.0,61.6,100.0,100.0,76-125,80.8,84.64,80.8,76.96000000000001,84.64
46,180,0.0,0.0,76.0,60.8,100.0,100.0,76-125,80.4,84.32,80.4,76.47999999999999,84.32
46,181,0.0,0.0,75.0,60.0,100.0,100.0,31-75,80.0,84.0,80.0,76.0,84.0
46,182,0.0,0.0,74.0,59.199999999999996,100.0,100.0,31-75,79.6,83.68,79.6,75.52,83.68
46,183,0.0,0.0,73.0,58.4,100.0,100.0,31-75,79.2,83.36,79.2,75.03999999999999,83.36
46,184,0.0,0.0,72.0,57.599999999999994,100.0,100.0,31-75,78.8,83.03999999999999,78.8,74.56,83.03999999999999
46,185,0.0,0.0,71.0,56.8,100.0,100.0,31-75,78.4,82.72,78.4,74.08,82.72
46,186,0.0,0.0,70.0,56.00000000000001,100.0,100.0,31-75,78.0,82.4,78.0,73.6,82.4
46,187,0.0,0.0,69.0,55.2,100.0,100.0,31-75,77.6,82.08,77.6,73.12,82.08
46,188,0.0,0.0,68.0,54.400000000000006,100.0,100.0,31-75,77.2,81.76,77.2,72.64,81.76
46,189,0.0,5.18334378621037,67.0,53.6,100.0,94.81665621378963,31-75,75.76333124275793,80.40333124275793,75.5041640534474,71.38249843206845,80.14416405344741
46,190,5.028090591038167,26.445801013808246,66.0,52.800000000000004,94.97190940896184,73.55419898619175,31-75,69.6024126199269,73.81960356082308,68.5315270987884,66.45610720016921,72.74871803968458
46,191,2.717749032345731,39.671423377055326,65.0,52.0,97.28225096765426,60.328576622944674,31-75,67.25039061488522,71.77861571165064,65.40270689764974,64.56984923535526,69.93093199441516
46,192,3.2046615535411167,52.81545287040693,64.0,51.2,96.79533844645889,47.18454712959307,31-75,64.07551095985627,68.63504480450217,61.59497139401299,61.99651668105368,66.15450523865888
46,193,25.401862689685284,71.20282829788002,63.0,50.4,74.59813731031471,28.797171702119982,31-75,53.338875533518404,55.758689264549886,51.048827253108676,53.20911008289667,53.468640984140144
46,194,27.4085826101266,86.77308132694986,62.0,49.6,72.5914173898734,13.226918673050136,31-75,49.22280895157205,51.52195069055939,46.254584015730885,49.89189214842587,48.55372575471823
46,195,27.74864778816778,95.77214277327222,61.0,48.8,72.25135221183223,4.227857226727778,31-75,46.92097710889522,49.26611233007844,43.519802359639996,47.97701663696722,45.864937580823224
46,196,24.230392928432952,86.92910120860998,60.0,48.0,75.76960707156705,13.070898791390022,31-75,49.34506187974812,52.122022586904826,46.21012646573927,49.70303658660027,48.987087172895976
46,197,43.66347454049838,96.29524175441216,59.0,47.199999999999996,56.33652545950162,3.70475824558784,31-75,41.24190928696805,42.15556183291822,38.610320926272365,42.95984510171358,39.52397347222253
46,198,38.82900422834497,82.22799064945055,58.0,46.400000000000006,61.17099577165503,17.772009350549453,31-75,45.10570060160641,46.58280017877191,42.93575128055113,45.79855034549618,44.41285085771662
46,199,48.37318721337043,81.39862704953464,57.0,45.6,51.62681278662957,18.60137295046536,31-75,42.00831842608194,42.6109997047449,40.357046434273734,43.056909139227194,40.95972771293669
46,200,33.96824090834297,68.59118926522612,56.0,44.800000000000004,66.03175909165702,31.40881073477388,31-75,48.49128987445188,50.61446578361759,46.76014245660773,48.09926138313034,48.88331836577343
46,201,11.759905488262902,28.348080742379345,55.0,44.0,88.2400945117371,71.65191925762065,31-75,62.80241220504526,67.22642165621897,61.97300344233943,59.20781151657737,66.39701289351315
46,202,3.654236214951597,0.0,54.0,43.2,96.3457637850484,100.0,31-75,70.50372913551452,75.81830551401936,70.68644094626211,65.0064409462621,76.00101732476693
46,203,19.142606477738564,0.0,53.0,42.4,80.85739352226143,100.0,31-75,65.45721805667843,69.30295740890458,66.41434838056536,60.65434838056535,70.2600877327915
46,204,10.326757696517888,0.0,52.0,41.6,89.67324230348211,100.0,31-75,67.70197269104463,72.50929692139285,68.21831057587053,62.37831057587053,73.02563480621873
46,205,8.040920505684285,0.0,51.0,40.8,91.95907949431572,100.0,31-75,67.9877238482947,73.10363179772628,68.38976987357893,62.469769873578926,73.5056778230105
46,206,12.464137768206554,0.0,50.0,40.0,87.53586223179344,100.0,31-75,66.26075866953803,71.01434489271739,66.88396555794836,60.88396555794836,71.63755178112771
46,207,0.0,0.0,49.0,39.2,100.0,100.0,31-75,69.6,75.68,69.6,63.519999999999996,75.68
46,208,0.0,0.0,48.0,38.4,100.0,100.0,31-75,69.2,75.36,69.2,63.04,75.36
46,209,5.266248005666378,0.0,47.0,37.6,94.73375199433362,100.0,31-75,67.22012559830009,72.93350079773344,67.48343799858341,61.2434379985834,73.19681319801677
46,210,13.370307502987028,0.0,46.0,36.8,86.62969249701297,100.0,31-75,64.3889077491039,69.37187699880519,65.05742312425323,58.73742312425324,70.04039237395453
46,211,21.94066544562179,4.220159734683664,45.0,36.0,78.05933455437821,95.77984026531634,31-75,60.57376841937673,64.77970187481455,61.45979370492364,55.481809678392,65.66572716036146
46,212,21.40782959269089,9.837482015081914,44.0,35.199999999999996,78.59217040730911,90.16251798491808,31-75,59.210154719176344,63.54937175990726,59.7886720980568,54.29242029956499,64.12788913878771
46,213,31.25223579998713,37.10582519972816,43.0,34.4,68.74776420001287,62.89417480027184,31-75,50.40316422005823,53.837940640059514,50.11048475007118,47.26106727004399,53.545261170072465
46,214,40.722771533436855,60.89019659747614,42.0,33.6,59.277228466563145,39.10980340252386,31-75,42.40512922047372,44.972852067130034,41.39675796727175,40.84577762701936,43.96448081392806
46,215,39.96877034577992,75.69089971338015,41.0,32.800000000000004,60.03122965422008,24.309100286619852,31-75,39.27118895359,41.994311919012006,37.485082485209986,38.334172456547996,40.20820545063199
46,216,42.79661016949153,91.48472838369634,40.0,32.0,57.20338983050847,8.515271616303664,31-75,34.86407127241327,37.38441025546412,32.42966536170303,34.77813820007267,34.95000434475388
46,217,50.06424927742128,97.2774408914158,39.0,31.2,49.93575072257872,2.722559108584207,31-75,31.125237038490457,32.99881211074833,28.764577457790732,31.61232154693231,30.6381525300486
46,218,50.30586526080568,100.0,38.0,30.4,49.69413473919432,0.0,31-75,30.108240421758296,32.03765389567773,27.62353368479858,30.66353368479858,29.55294715871801
46,219,50.42708516142311,100.0,37.0,29.599999999999998,49.57291483857689,0.0,31-75,29.671874451573068,31.669165935430758,27.193228709644224,30.15322870964422,29.19052019350191
46,220,50.42575896369488,100.0,36.0,28.799999999999997,49.57424103630512,0.0,31-75,29.272272310891534,31.349696414522047,26.79356025907628,29.673560259076275,28.87098436270679
46,221,50.53391805185394,100.0,35.0,28.000000000000004,49.46608194814606,0.0,31-75,28.839824584443818,30.98643277925843,26.366520487036517,29.166520487036514,28.513128681851125
46,222,50.4547729981834,100.0,34.0,27.200000000000003,49.5452270018166,0.0,31-75,28.463568100544983,30.698090800726643,25.98630675045415,28.70630675045415,28.22082945063581
46,223,50.21620003189771,91.50631260702258,33.0,26.400000000000002,49.78379996810229,8.49368739297742,31-75,29.83387746902617,32.1722574658364,27.769371840269926,29.560003100972185,30.107751837080155
46,224,50.08433116798098,53.40531910675785,32.0,25.6,49.91566883201902,46.59468089324215,31-75,37.093636828254134,39.525203711456044,36.927587431315295,34.828119341991076,39.3591543145172
46,225,50.30427669731501,27.44496165916589,31.0,24.8,49.69572330268499,72.5550383408341,31-75,41.81972465897232,44.30929698924082,42.96269041087977,38.18718657679636,45.452262741148274
46,226,50.10832193587369,0.0,30.0,24.0,49.89167806412631,100.0,0-30,46.96750341923789,49.556671225650526,49.47291951603158,41.87291951603157,52.062087322444214
46,227,50.31481443456087,0.0,29.0,23.200000000000003,49.68518556543913,100.0,0-30,46.50555566963174,49.15407422617565,49.02129639135978,41.34129639135978,51.669814947903696
46,228,50.38770794540897,0.0,28.0,22.400000000000002,49.61229205459103,100.0,0-30,46.08368761637731,48.804916821836414,48.60307301364776,40.84307301364776,51.32430221910686
46,229,50.48557303571203,0.0,27.0,21.6,49.51442696428797,100.0,0-30,45.654328089286395,48.44577078571519,48.178606741071995,40.33860674107199,50.97004943750079
46,230,50.63729920935327,20.16319335623377,26.0,20.8,49.36270079064673,79.83680664376624,0-30,41.176171565947264,44.03244164501194,42.69987685860324,36.79619619422662,45.55614693766791
46,231,50.73234745993903,64.20379512421374,25.0,20.0,49.26765254006097,35.79620487578626,0-30,31.939536737175544,34.86630199118164,31.265964353961806,29.68634386638318,34.192729607967905
46,232,50.72733111171017,97.55863800398876,24.0,19.2,49.27266888828983,2.4413619960112385,0-30,24.870073065689194,27.87733995451818,22.528507721075265,24.204371521474144,25.535774609904248
46,233,50.806759286244045,100.0,23.0,18.4,49.193240713755955,0.0,0-30,23.957972214126784,27.037296285502382,21.498310178438988,23.338310178438988,24.577634249814583
46,234,51.00471452010126,100.0,22.0,17.599999999999998,48.99528547989874,0.0,0-30,23.49858564396962,26.638114191959495,21.048821369974682,22.808821369974684,24.18834991796456
46,235,51.19520377164333,100.0,21.0,16.8,48.80479622835667,0.0,0-30,23.041438868507,26.241918491342673,20.60119905708917,22.281199057089168,23.801678679924834
46,236,51.20002028550342,100.0,20.0,16.0,48.79997971449658,0.0,0-30,22.639993914348974,25.91999188579863,20.199994928624143,21.799994928624145,23.479992900073803
46,237,51.30582633062261,100.0,19.0,15.2,48.69417366937739,0.0,0-30,22.20825210081322,25.557669467750955,19.77354341734435,21.293543417344345,23.122960784282085
46,238,51.37159977750361,100.0,18.0,14.399999999999999,48.62840022249639,0.0,0-30,21.788520066748916,25.211360088998553,19.357100055624095,20.797100055624096,22.779940077873732
46,239,51.449238755904936,100.0,17.0,13.600000000000001,48.550761244095064,0.0,0-30,21.36522837322852,24.86030449763803,18.937690311023765,20.297690311023764,22.432766435433273
46,240,51.60796578472871,100.0,16.0,12.8,48.39203421527129,0.0,0-30,20.917610264581384,24.476813686108517,18.498008553817822,19.77800855381782,22.057211975344952
46,241,51.43065921533994,100.0,15.0,12.0,48.56934078466006,0.0,0-30,20.57080223539802,24.22773631386403,18.142335196165014,19.342335196165017,21.799269274631023
46,242,51.69372107193952,100.0,14.0,11.200000000000001,48.30627892806048,0.0,0-30,20.091883678418142,23.802511571224194,17.67656973201512,18.796569732015122,21.387197624821166
46,243,51.9558074387976,100.0,13.0,10.4,48.0441925612024,0.0,0-30,19.613257768360718,23.377677024480963,17.2110481403006,18.2510481403006,20.97546739642084
46,244,51.90758961417136,100.0,12.0,9.6,48.09241038582864,0.0,0-30,19.227723115748592,23.07696415433146,16.82310259645716,17.783102596457162,20.672343635040022
46,245,52.08979438736858,100.0,11.0,8.799999999999999,47.91020561263142,0.0,0-30,18.773061683789425,22.68408224505257,16.377551403157856,17.257551403157855,20.288571964420996
46,246,52.47143918240927,100.0,10.0,8.0,47.52856081759073,0.0,0-30,18.258568245277218,22.21142432703629,15.882140204397682,16.682140204397683,19.834996286156755
46,247,52.65535172788173,100.0,9.0,7.199999999999999,47.34464827211827,0.0,0-30,17.80339448163548,21.817859308847307,15.436162068029567,16.156162068029566,19.450626895241392
46,248,52.94456607595833,100.0,8.0,6.4,47.05543392404167,0.0,0-30,17.316630177212502,21.38217356961667,14.96385848101042,15.603858481010418,19.029401873414585
46,249,53.35031552585556,100.0,7.0,5.6000000000000005,46.64968447414444,0.0,0-30,16.794905342243332,20.899873789657775,14.462421118536112,15.022421118536112,18.567389565950556
46,250,53.74841432625798,100.0,6.0,4.8,46.25158567374202,0.0,0-30,16.275475702122606,20.42063426949681,13.962896418435506,14.442896418435506,18.10805498580971
46,251,54.13051679788226,100.0,5.0,4.0,45.86948320211774,0.0,0-30,15.760844960635323,19.947793280847097,13.467370800529435,13.867370800529436,17.65431912074121
46,252,54.48934322213911,100.0,4.0,3.2,45.51065677786089,0.0,0-30,15.253197033358266,19.484262711144357,12.977664194465222,13.297664194465222,17.20872987225131
46,253,55.4583818525504,100.0,3.0,2.4,44.5416181474496,0.0,0-30,14.562485444234879,18.77664725897984,12.335404536862399,12.575404536862399,16.549566351607357
46,254,56.15287360502465,100.0,2.0,1.6,43.84712639497535,0.0,0-30,13.954137918492604,18.178850557990142,11.761781598743838,11.921781598743838,15.986494238241372
46,255,56.504684273000905,100.0,1.0,0.8,43.495315726999095,0.0,0-30,13.448594718099729,17.71812629079964,11.273828931749774,11.353828931749774,15.543360504449682
46,256,57.64805297846149,100.0,0.0,0.0,42.35194702153851,0.0,0-30,12.705584106461552,16.940778808615402,10.587986755384627,10.587986755384627,14.823181457538476
54,39,0.0,0.431957410250049,218.0,100.0,100.0,99.56804258974995,RUL > 125,99.91360851795,99.91360851795,99.89201064743749,99.93520638846249,99.89201064743749
54,40,0.0,0.0824788541732103,217.0,100.0,100.0,99.9175211458268,RUL > 125,99.98350422916536,99.98350422916536,99.9793802864567,99.98762817187402,99.9793802864567
54,41,7.495899542823628,7.627891383102272,216.0,100.0,92.50410045717638,92.37210861689773,RUL > 125,96.22565186053247,95.4760619062501,96.21905226851852,96.98184140682875,95.46946231423617
54,42,12.905618833663643,20.90369641570713,215.0,100.0,87.09438116633636,79.09630358429287,RUL > 125,91.94757506675948,90.65701318339312,91.5476711876573,93.63804082922802,90.25710930429094
54,43,24.029305077591182,33.64190178565661,214.0,100.0,75.97069492240882,66.35809821434339,RUL > 125,86.06282811959133,83.6598976118322,85.58219828418805,88.94638846275372,83.17926777642893
54,44,26.91800337695232,48.543013564702186,213.0,100.0,73.08199662304767,51.456986435297814,RUL > 125,82.21599627397387,79.52419593627863,81.13474576458637,85.98904712105659,78.44294542689114
54,45,16.886594858733215,52.29240804481524,212.0,100.0,83.11340514126678,47.70759195518476,RUL > 125,84.475539933417,82.78688044754367,82.70524927411287,87.93449007859441,81.01658978823956
54,46,8.995562384185567,47.85926332205095,211.0,100.0,91.00443761581444,52.14073667794905,RUL > 125,87.72947862033415,86.8299223819156,85.78629357344087,90.57221990564597,84.88673733502232
54,47,14.760125490981698,46.88904338560375,210.0,100.0,85.2398745090183,53.11095661439625,RUL > 125,86.19415367558474,84.71814112648657,84.58770778085363,89.27661211941401,83.11169523175546
54,48,28.40244042040191,44.34793216737289,209.0,100.0,71.59755957959808,55.65206783262711,RUL > 125,82.60968144040484,79.76943739836466,81.81240685305629,86.24720006979358,78.9721628110161
54,49,31.49001312861749,44.51439106668296,208.0,100.0,68.50998687138251,55.48560893331704,RUL > 125,81.65011784807815,78.50111653521641,80.9988989511749,85.45033805784318,77.84989763831314
54,50,20.631470405162723,21.697003271616413,207.0,100.0,79.36852959483727,78.30299672838359,RUL > 125,89.47115822412789,87.40801118361162,89.41788158080521,91.58758190796685,87.35473454028894
54,51,17.59391254265902,7.722858499765647,206.0,100.0,82.40608745734099,92.27714150023435,RUL > 125,93.17725453724917,91.41786328298328,93.67080723939382,94.4430930893704,91.91141598512793
54,52,15.404751343268645,0.0,205.0,100.0,84.59524865673136,100.0,RUL > 125,95.37857459701941,93.83809946269255,96.14881216418284,96.14881216418284,94.60833702985597
54,53,20.336076510864228,0.0,204.0,100.0,79.66392348913577,100.0,RUL > 125,93.89917704674073,91.8655693956543,94.91598087228394,94.91598087228394,92.88237322119753
54,54,14.461556760701452,1.5138243629569423,203.0,100.0,85.53844323929854,98.48617563704306,RUL > 125,95.35876809919819,93.91261242312804,96.0061547190854,96.15753715538109,94.55999904301525
54,55,24.07728534531485,3.8898175725076056,202.0,100.0,75.92271465468515,96.11018242749239,RUL > 125,91.99885088190402,89.59112234737253,93.00822427054439,93.39720602779514,90.6004957360129
54,56,13.983028489457702,0.0,201.0,100.0,86.0169715105423,100.0,RUL > 125,95.80509145316269,94.40678860421693,96.50424287763558,96.50424287763558,95.1059400286898
54,57,16.165728226885363,0.0,200.0,100.0,83.83427177311464,100.0,RUL > 125,95.15028153193438,93.53370870924586,95.95856794327867,95.95856794327867,94.34199512059013
54,58,19.36927188043297,0.0,199.0,100.0,80.63072811956704,100.0,RUL > 125,94.18921843587012,92.25229124782682,95.15768202989176,95.15768202989176,93.22075484184846
54,59,7.13658412689322,0.0,198.0,100.0,92.86341587310677,100.0,RUL > 125,97.85902476193203,97.14536634924272,98.21585396827669,98.21585396827669,97.50219555558738
54,60,11.91511472336896,0.0,197.0,100.0,88.08488527663104,100.0,RUL > 125,96.42546558298932,95.23395411065242,97.02122131915776,97.02122131915776,95.82970984682086
54,61,15.324709703729692,0.0,196.0,100.0,84.6752902962703,100.0,RUL > 125,95.40258708888109,93.87011611850812,96.16882257406758,96.16882257406758,94.6363516036946
54,62,10.65787967461056,0.0,195.0,100.0,89.34212032538944,100.0,RUL > 125,96.80263609761684,95.73684813015578,97.33553008134736,97.33553008134736,96.26974211388631
54,63,18.605835616830387,0.0,194.0,100.0,81.39416438316961,100.0,RUL > 125,94.41824931495088,92.55766575326786,95.3485410957924,95.3485410957924,93.48795753410937
54,64,35.65761137861217,9.670910472294109,193.0,100.0,64.34238862138784,90.32908952770589,RUL > 125,87.36853449195753,83.80277335409632,88.66786953727343,89.63496058450285,85.10210839941222
54,65,28.796969686129408,26.93990513048928,192.0,100.0,71.20303031387058,73.06009486951072,RUL > 125,85.97292806806331,83.09323109945038,86.06578129584534,88.75977180889426,83.18608432723238
54,66,31.215971124196017,34.64555733902208,191.0,100.0,68.78402887580398,65.35444266097792,RUL > 125,83.70609719493677,80.58450008251718,83.53461788419548,86.99917361809769,80.41302077177588
54,67,33.08675440542028,42.96943811188189,190.0,100.0,66.91324559457972,57.03056188811811,RUL > 125,81.48008605599753,78.1714106154555,80.98595187067446,85.28289568186266,77.67727643013242
54,68,40.75443046125451,58.114812940082274,189.0,100.0,59.24556953874549,41.885187059917726,RUL > 125,76.1507082736072,72.07526522748175,75.2826891496658,81.09417044367403,71.20724610354036
54,69,37.76319837448394,53.47073030782461,188.0,100.0,62.23680162551606,46.52926969217539,RUL > 125,77.9768944260899,74.2005745886415,77.19151782942286,82.53859086020533,73.41519799197447
54,70,50.06832845301794,63.66143410839913,187.0,100.0,49.93167154698206,36.33856589160087,RUL > 125,72.2472146424148,67.240381797113,71.56755935964573,77.93370277048564,66.56072651434394
54,71,38.82332529637765,54.24126801767485,186.0,100.0,61.17667470362235,45.75873198232515,RUL > 125,77.50474880755174,73.62241627791397,76.73385167148687,82.15797847325436,72.85151914184911
54,72,33.42990498744378,30.590864374555757,185.0,100.0,66.57009501255622,69.40913562544424,RUL > 125,83.8528556288557,80.50986513011134,83.99480765950011,87.0538940969557,80.65181716075574
54,73,23.021205221397874,1.9221656348431877,184.0,100.0,76.97879477860212,98.07783436515682,RUL > 125,92.709205306612,90.40708478447222,93.76415728593975,93.95637384942405,91.46203676379994
54,74,24.26665760422406,0.0,183.0,100.0,75.73334239577594,100.0,RUL > 125,92.72000271873279,90.29333695831038,93.93333559894398,93.93333559894398,91.50666983852157
54,75,21.33829621309139,0.0,182.0,100.0,78.66170378690862,100.0,RUL > 125,93.59851113607259,91.46468151476344,94.66542594672715,94.66542594672715,92.53159632541801
54,76,23.921137074214226,0.0,181.0,100.0,76.07886292578577,100.0,RUL > 125,92.82365887773574,90.43154517031431,94.01971573144644,94.01971573144644,91.62760202402502
54,77,15.692454085611455,0.0,180.0,100.0,84.30754591438854,100.0,RUL > 125,95.29226377431657,93.72301836575542,96.07688647859713,96.07688647859713,94.50764107003599
54,78,8.427177311459449,0.0,179.0,100.0,91.57282268854055,100.0,RUL > 125,97.47184680656217,96.62912907541622,97.89320567213514,97.89320567213514,97.0504879409892
54,79,11.752035472308265,0.0,178.0,100.0,88.24796452769174,100.0,RUL > 125,96.47438935830752,95.2991858110767,97.06199113192294,97.06199113192294,95.8867875846921
54,80,18.640043356633345,0.0,177.0,100.0,81.35995664336666,100.0,RUL > 125,94.40798699301,92.54398265734667,95.33998916084167,95.33998916084167,93.47598482517833
54,81,40.484211674810936,0.0,176.0,100.0,59.515788325189064,100.0,RUL > 125,87.85473649755671,83.80631533007562,89.87894708129727,89.87894708129727,85.83052591381617
54,82,39.82465067861005,19.921835209074207,175.0,100.0,60.17534932138995,80.0781647909258,RUL > 125,84.06823775460215,80.08577268674115,85.06337852807894,87.05556204898636,81.08091346021794
54,83,30.96969775561456,27.40398759411796,174.0,100.0,69.03030224438544,72.59601240588204,RUL > 125,85.22829315449204,82.13132337893059,85.40657866256687,88.14697742197866,82.30960888700541
54,84,24.43751743923988,28.97727038358393,173.0,100.0,75.56248256076012,71.02272961641607,RUL > 125,86.87329069151126,84.42953894758726,86.64630304429406,89.54403008265244,84.20255130037006
54,85,17.236900000715455,21.11761504492061,172.0,100.0,82.76309999928455,78.88238495507939,RUL > 125,90.60540699080124,88.88171699072971,90.41137123859099,92.52313274308305,88.68768123851943
54,86,24.79971703715363,23.40013149766837,171.0,100.0,75.20028296284637,76.59986850233163,RUL > 125,87.88005858932024,85.40008688560488,87.9500378662945,90.29005101606134,85.47006616257913
54,87,35.409437580041654,25.994124496282502,170.0,100.0,64.59056241995835,74.0058755037175,RUL > 125,84.17834382673101,80.63740006872685,84.64910948091897,87.24852193054721,81.10816572291479
54,88,46.257986277553975,26.48418861130793,169.0,100.0,53.742013722446025,73.51581138869207,RUL > 125,80.82576639447223,76.19996776671682,81.81445627778453,84.46287513891531,77.18865765002911
54,89,50.07948831110822,32.274041707713195,168.0,100.0,49.92051168889178,67.7259582922868,RUL > 125,78.5213451651249,73.51339633401408,79.41161749529465,82.63902166606597,74.40366866418383
54,90,47.706203361212246,28.875033430161643,167.0,100.0,52.293796638787754,71.12496656983836,RUL > 125,79.913132305604,75.14251196948277,80.85469080215653,83.74219414517269,76.0840704660353
54,91,37.31373550307291,34.06236306250886,166.0,100.0,62.68626449692709,65.93763693749113,RUL > 125,81.99340673657636,78.26203318626906,82.15597535860456,85.56221166485544,78.42460180829727
54,92,30.69775740318088,33.3920390559226,165.0,100.0,69.30224259681913,66.6079609440774,RUL > 125,84.11226496786122,81.04248922754314,83.97755088522413,87.3167547908164,80.90777514490605
54,93,21.678093095134184,17.187895686625183,164.0,100.0,78.32190690486581,82.81210431337482,RUL > 125,90.05899293413471,87.89118362462129,90.28350280456016,92.00229237322269,88.11569349504674
54,94,1.899759249057392,0.0,163.0,100.0,98.1002407509426,100.0,RUL > 125,99.43007222528277,99.24009630037705,99.52506018773565,99.52506018773565,99.33508426282991
54,95,4.8492265920684,0.0,162.0,100.0,95.1507734079316,100.0,RUL > 125,98.54523202237948,98.06030936317265,98.7876933519829,98.7876933519829,98.30277069277605
54,96,7.24063825829394,0.0,161.0,100.0,92.75936174170606,100.0,RUL > 125,97.82780852251182,97.10374469668243,98.18984043542652,98.18984043542652,97.46577660959713
54,97,3.9939883809945926,0.0,160.0,100.0,96.0060116190054,100.0,RUL > 125,98.80180348570161,98.40240464760217,99.00150290475135,99.00150290475135,98.60210406665189
54,98,6.268736003892089,0.0,159.0,100.0,93.73126399610791,100.0,RUL > 125,98.11937919883238,97.49250559844316,98.43281599902699,98.43281599902699,97.80594239863777
54,99,8.138893261119978,0.0,158.0,100.0,91.86110673888003,100.0,RUL > 125,97.558332021664,96.74444269555201,97.96527668472001,97.96527668472001,97.151387358608
54,100,0.8442827911369364,0.0,157.0,100.0,99.15571720886307,100.0,RUL > 125,99.74671516265892,99.66228688354522,99.78892930221576,99.78892930221576,99.70450102310207
54,101,16.716450479713206,0.0,156.0,100.0,83.2835495202868,100.0,RUL > 125,94.98506485608604,93.31341980811473,95.8208873800717,95.8208873800717,94.14924233210039
54,102,15.404035887272752,2.937869707891073,155.0,100.0,84.59596411272724,97.06213029210893,RUL > 125,94.79121529223995,93.2508117035127,95.41452360120904,95.70831057199815,93.87412001248177
54,103,30.758392298831662,35.997621335425265,154.0,100.0,69.24160770116833,64.00237866457474,RUL > 125,83.57295804326544,80.49711881338229,83.31099659143577,86.9107587249783,80.2351573615526
54,104,27.71846448834162,43.567934571608845,153.0,100.0,72.28153551165838,56.432065428391155,RUL > 125,82.97087373917574,80.19902729034159,82.17840023501239,86.53519369217327,79.40655378617822
54,105,21.589510699644425,43.9342554938366,152.0,100.0,78.41048930035558,56.0657445061634,RUL > 125,84.73629569133935,82.57734462137492,83.61905845162975,88.0124840010134,81.46010738166531
54,106,32.04813587940277,52.72523410957629,151.0,100.0,67.95186412059724,47.27476589042371,RUL > 125,79.84051241426391,76.63569882632363,78.80665750275523,84.07918091371286,75.60184391481496
54,107,32.03252999549265,53.23533576632556,150.0,100.0,67.96747000450735,46.76466423367444,RUL > 125,79.7431738480871,76.53992084853783,78.68303355954544,84.006567136178,75.47978055999619
54,108,30.302825693455755,49.22830832273137,149.0,100.0,69.69717430654424,50.77169167726863,RUL > 125,81.063490627417,78.03320805807142,80.11721649595322,85.04004732822635,77.08693392660764
54,109,18.60212418885178,32.35429368697975,148.0,100.0,81.39787581114823,67.64570631302024,RUL > 125,87.94850400594851,86.08829158706334,87.26089553104211,90.49632489974009,85.40068311215694
54,110,13.359888675047015,1.107213901431533,147.0,100.0,86.64011132495298,98.89278609856846,RUL > 125,95.77059061719959,94.43460174969488,96.38322435588036,96.49394574602351,95.04723548837566
54,111,0.0,0.0,146.0,100.0,100.0,100.0,RUL > 125,100.0,100.0,100.0,100.0,100.0
54,112,0.0,0.0,145.0,100.0,100.0,100.0,RUL > 125,100.0,100.0,100.0,100.0,100.0
54,113,0.0,0.0,144.0,100.0,100.0,100.0,RUL > 125,100.0,100.0,100.0,100.0,100.0
54,114,7.553516108491761,0.0,143.0,100.0,92.44648389150824,100.0,RUL > 125,97.73394516745248,96.9785935566033,98.11162097287706,98.11162097287706,97.35626936202789
54,115,8.531544454858281,0.0,142.0,100.0,91.46845554514172,100.0,RUL > 125,97.44053666354252,96.58738221805669,97.86711388628544,97.86711388628544,97.0139594407996
54,116,17.06483283370653,0.0,141.0,100.0,82.93516716629347,100.0,RUL > 125,94.88055014988804,93.17406686651739,95.73379179157337,95.73379179157337,94.02730850820271
54,117,1.3938424279714674,0.0,140.0,100.0,98.60615757202854,100.0,RUL > 125,99.58184727160855,99.44246302881142,99.65153939300714,99.65153939300714,99.51215515020999
54,118,0.0,0.0,139.0,100.0,100.0,100.0,RUL > 125,100.0,100.0,100.0,100.0,100.0
54,119,0.0,0.0,138.0,100.0,100.0,100.0,RUL > 125,100.0,100.0,100.0,100.0,100.0
54,120,0.0,0.0,137.0,100.0,100.0,100.0,RUL > 125,100.0,100.0,100.0,100.0,100.0
54,121,0.0,0.0,136.0,100.0,100.0,100.0,RUL > 125,100.0,100.0,100.0,100.0,100.0
54,122,0.0,0.0,135.0,100.0,100.0,100.0,RUL > 125,100.0,100.0,100.0,100.0,100.0
54,123,0.0,0.0,134.0,100.0,100.0,100.0,RUL > 125,100.0,100.0,100.0,100.0,100.0
54,124,0.0,0.0,133.0,100.0,100.0,100.0,RUL > 125,100.0,100.0,100.0,100.0,100.0
54,125,0.0,0.0,132.0,100.0,100.0,100.0,RUL > 125,100.0,100.0,100.0,100.0,100.0
54,126,0.0,0.0,131.0,100.0,100.0,100.0,RUL > 125,100.0,100.0,100.0,100.0,100.0
54,127,0.0,0.6135538599990182,130.0,100.0,100.0,99.38644614000098,RUL > 125,99.8772892280002,99.8772892280002,99.84661153500025,99.90796692100015,99.84661153500025
54,128,0.0,17.612750059111836,129.0,100.0,100.0,82.38724994088817,RUL > 125,96.47744998817764,96.47744998817764,95.59681248522205,97.35808749113322,95.59681248522205
54,129,0.0,15.86019084229522,128.0,100.0,100.0,84.13980915770478,RUL > 125,96.82796183154096,96.82796183154096,96.0349522894262,97.62097137365572,96.0349522894262
54,130,0.0,19.62371774642989,127.0,100.0,100.0,80.37628225357011,RUL > 125,96.07525645071402,96.07525645071402,95.09407056339253,97.05644233803551,95.09407056339253
54,131,0.0,19.446135303687264,126.0,100.0,100.0,80.55386469631273,RUL > 125,96.11077293926255,96.11077293926255,95.13846617407819,97.0830797044469,95.13846617407819
54,132,0.0,19.6680646171489,125.0,100.0,100.0,80.3319353828511,76-125,96.06638707657022,96.06638707657022,95.08298384571277,97.04979030742767,95.08298384571277
54,133,0.0,11.05874960400052,124.0,99.2,100.0,88.94125039599948,76-125,97.38825007919989,97.4682500791999,96.83531259899986,97.86118755939992,96.91531259899988
54,134,0.0,0.0,123.0,98.4,100.0,100.0,76-125,99.2,99.36000000000001,99.2,99.03999999999999,99.36000000000001
54,135,0.0,0.0,122.0,97.6,100.0,100.0,76-125,98.8,99.03999999999999,98.8,98.56,99.03999999999999
54,136,0.0,0.0,121.0,96.8,100.0,100.0,76-125,98.4,98.72,98.4,98.08,98.72
54,137,0.0,0.0,120.0,96.0,100.0,100.0,76-125,98.0,98.4,98.0,97.6,98.4
54,138,0.0,0.0,119.0,95.19999999999999,100.0,100.0,76-125,97.6,98.08,97.6,97.11999999999999,98.08
54,139,0.0,0.0,118.0,94.39999999999999,100.0,100.0,76-125,97.19999999999999,97.75999999999999,97.19999999999999,96.63999999999999,97.75999999999999
54,140,0.0,0.0,117.0,93.60000000000001,100.0,100.0,76-125,96.80000000000001,97.44,96.80000000000001,96.16,97.44
54,141,0.0,0.0,116.0,92.80000000000001,100.0,100.0,76-125,96.4,97.12,96.4,95.68,97.12
54,142,0.0,0.0,115.0,92.0,100.0,100.0,76-125,96.0,96.80000000000001,96.0,95.19999999999999,96.80000000000001
54,143,0.0,2.4806888234979985,114.0,91.2,100.0,97.519311176502,76-125,95.1038622353004,95.9838622353004,94.9798277941255,94.3478966764753,95.85982779412551
54,144,0.0,0.0,113.0,90.4,100.0,100.0,76-125,95.2,96.16,95.2,94.24000000000001,96.16
54,145,0.0,0.2068610820861624,112.0,89.60000000000001,100.0,99.79313891791384,76-125,94.75862778358278,95.79862778358277,94.74828472947847,93.72897083768709,95.78828472947846
54,146,0.0,0.0,111.0,88.8,100.0,100.0,76-125,94.4,95.52000000000001,94.4,93.28,95.52000000000001
54,147,0.0,0.0,110.0,88.0,100.0,100.0,76-125,94.0,95.2,94.0,92.8,95.2
54,148,0.0,4.572595182052591,109.0,87.2,100.0,95.4274048179474,76-125,92.68548096358947,93.96548096358947,92.45685120448684,91.6341107226921,93.73685120448684
54,149,0.0,3.7707859097905296,108.0,86.4,100.0,96.22921409020947,76-125,92.4458428180419,93.8058428180419,92.25730352255238,91.27438211353143,93.61730352255236
54,150,0.0,0.0,107.0,85.6,100.0,100.0,76-125,92.8,94.24000000000001,92.8,91.35999999999999,94.24000000000001
54,151,0.0,0.0,106.0,84.8,100.0,100.0,76-125,92.4,93.92,92.4,90.88,93.92
54,152,0.0,0.0,105.0,84.0,100.0,100.0,76-125,92.0,93.6,92.0,90.4,93.6
54,153,0.0,0.0,104.0,83.2,100.0,100.0,76-125,91.6,93.28,91.6,89.92,93.28
54,154,0.0,0.0,103.0,82.39999999999999,100.0,100.0,76-125,91.19999999999999,92.96000000000001,91.19999999999999,89.44,92.96000000000001
54,155,0.0,0.0,102.0,81.6,100.0,100.0,76-125,90.8,92.64,90.8,88.96,92.64
54,156,0.0,0.0,101.0,80.80000000000001,100.0,100.0,76-125,90.4,92.32000000000001,90.4,88.48,92.32000000000001
54,157,0.0,0.0,100.0,80.0,100.0,100.0,76-125,90.0,92.0,90.0,88.0,92.0
54,158,0.0,16.58264711689283,99.0,79.2,100.0,83.41735288310717,76-125,86.28347057662143,88.36347057662144,85.45433822077679,85.03260293246609,87.5343382207768
54,159,0.0,25.095283699003744,98.0,78.4,100.0,74.90471630099626,76-125,84.18094326019926,86.34094326019925,82.92617907524907,83.27570744514944,85.08617907524906
54,160,0.0,23.53799844960529,97.0,77.60000000000001,100.0,76.46200155039472,76-125,84.09240031007896,86.33240031007895,82.91550038759868,83.02930023255921,85.15550038759869
54,161,0.0,26.48425359792941,96.0,76.8,100.0,73.51574640207059,76-125,83.10314928041413,85.42314928041412,81.77893660051765,82.10736196031058,84.09893660051765
54,162,0.0,35.380172610559406,95.0,76.0,100.0,64.61982738944059,76-125,80.92396547788812,83.32396547788812,79.15495684736015,80.29297410841608,81.55495684736016
54,163,0.0,42.04985358492394,94.0,75.2,100.0,57.95014641507606,76-125,79.1900292830152,81.67002928301521,77.08753660376902,78.81252196226141,79.56753660376901
54,164,11.192906611528846,65.3349717593229,93.0,74.4,88.80709338847116,34.6650282406771,76-125,70.77513366467677,72.21584300352389,68.06803040728707,72.04152758321936,69.50873974613418
54,165,7.283699766045891,72.1971734345032,92.0,73.6,92.71630023395412,27.8028265654968,76-125,70.1754553832856,72.087085406681,66.92978169986273,71.50949904331306,68.84141172325813
54,166,9.33634301822264,78.35889081200446,91.0,72.8,90.66365698177736,21.64110918799554,76-125,67.92731893213231,69.71368463031006,64.47619154244322,69.59208062364367,66.26255724062096
54,167,7.524428350659257,77.99462130078562,90.0,72.0,92.47557164934074,22.005378699214376,76-125,68.1437472346451,70.19130439957918,64.62023758713877,69.61969971721733,66.66779475207285
54,168,27.672585872605904,89.51073591796224,89.0,71.2,72.32741412739409,10.489264082037764,76-125,59.39607705462578,59.508818467365195,56.30416955235796,62.37524314415418,56.41691096509737
54,169,29.49851900608853,87.81635272495204,88.0,70.39999999999999,70.50148099391147,12.18364727504796,76-125,58.787173753183026,58.79732185257418,55.87128206723986,61.692917339735054,55.881430166631006
54,170,38.67265473524554,90.5377519956586,87.0,69.6,61.32734526475446,9.462248004341404,76-125,55.090653180294616,54.26338770677007,52.49739831727396,58.511173516839825,51.670132843749414
54,171,36.94619234318996,84.88225657362128,86.0,68.8,63.05380765681004,15.117743426378723,76-125,56.33969098231875,55.765071747999755,53.94288777079719,59.31111342815932,53.36826853647819
54,172,30.843934006338912,70.85943898826588,85.0,68.0,69.15606599366109,29.14056101173412,76-125,60.57493200044515,60.69053859981126,58.5741567513488,62.460100650175384,58.68976335071491
54,173,37.41696238847829,61.27050697315782,84.0,67.2,62.58303761152171,38.72949302684218,76-125,60.12080988882495,59.65911364997713,58.92813265959097,61.77518335690676,58.46643642074315
54,174,34.57919561282382,57.5459677096646,83.0,66.4,65.42080438717619,42.4540322903354,76-125,61.317047774219944,61.21912821293756,60.1687091693779,62.563305940344364,60.07078960809552
54,175,48.881697562441445,57.595084598423895,82.0,65.60000000000001,51.118302437558555,42.404915401576105,76-125,56.616473811582786,55.168304055338645,56.18080445978367,58.50031291962606,54.73263470353952
54,176,38.67093316925543,42.867452440063616,81.0,64.8,61.32906683074457,57.132547559936384,76-125,62.22522956121065,61.87813624428511,62.01540359767024,62.7821488416766,61.66831028074469
54,177,44.04226377431653,25.208158962415784,80.0,64.0,55.95773622568347,74.79184103758422,76-125,63.74568907522189,62.94146269779023,64.68739431581693,63.6082102120585,63.88316793838527
54,178,38.09740575655893,16.761973367320333,79.0,63.2,61.90259424344107,83.23802663267966,76-125,66.81838359956826,66.68864302391236,67.8851552190302,65.88135255576222,67.75541464337428
54,179,33.17761731689694,3.951715163555337,78.0,62.4,66.82238268310306,96.04828483644467,76-125,70.45637177221985,70.89861004053016,71.91766687988694,68.55283839624246,72.35990514819724
54,180,47.31851564344538,12.53677500322594,77.0,61.6,52.68148435655462,87.46322499677406,76-125,64.09709030632119,63.20523874197666,65.83617733833216,63.24985483865476,64.94432577398763
54,181,50.09710992394015,27.059759957083013,76.0,60.8,49.90289007605985,72.94024004291698,76-125,59.958915031401354,58.86920403900734,61.1107825297442,59.896758525452505,60.021071537350196
54,182,50.12880668826335,33.29088088042263,75.0,60.0,49.87119331173665,66.70911911957737,31-75,58.30318181743647,57.29030114861014,59.1450781078285,58.474166195870765,58.13219743900216
54,183,50.37432995243454,58.70715733294587,74.0,59.199999999999996,49.62567004756546,41.29284266705413,31-75,52.746269547680456,51.788836552437004,52.3296281786549,54.120343911949476,51.372195183411435
54,184,50.26063084888588,64.23546093879563,73.0,58.4,49.73936915111412,35.764539061204374,31-75,51.274718557575106,50.408655472686526,50.57597705307962,52.83952314695919,49.70991396819103
54,185,50.31951519881988,82.08953015302791,72.0,57.599999999999994,49.68048480118012,17.91046984697209,31-75,47.286239409748454,46.49428788986647,45.69773866203805,49.666691677340836,44.905787142156065
54,186,50.729516251305725,100.0,71.0,56.8,49.270483748694275,0.0,31-75,43.18114512460828,42.428193499477715,40.717620937173564,46.39762093717357,39.96466931204299
54,187,50.72396133481806,100.0,70.0,56.00000000000001,49.27603866518194,0.0,31-75,42.782811599554584,42.11041546607278,40.319009666295486,45.91900966629549,39.64661353281369
54,188,50.67432258405442,100.0,69.0,55.2,49.32567741594558,0.0,31-75,42.397703224783676,41.81027096637823,39.9314193539864,45.451419353986395,39.34398709558096
54,189,50.68728174973666,100.0,68.0,54.400000000000006,49.31271825026334,0.0,31-75,41.993815475079,41.48508730010534,39.52817956256584,44.96817956256584,39.01945138759217
54,190,50.694483237561066,100.0,67.0,53.6,49.305516762438934,0.0,31-75,41.59165502873168,41.162206704975574,39.12637919060973,44.48637919060973,38.69693086685363
54,191,50.51433375153336,72.296488156215,66.0,52.800000000000004,49.48566624846664,27.703511843784995,31-75,46.78640224329699,46.454968868143666,45.69729452306291,48.206943338684404,45.365861147909584
54,192,50.49051328190431,36.61597770677551,65.0,52.0,49.50948671809569,63.38402229322449,31-75,53.529650474073605,53.28059914588317,54.22337725283004,53.084975023507596,53.97432592463961
54,193,50.52388429103209,19.477848775128,64.0,51.2,49.47611570896791,80.522151224872,31-75,56.54726495766477,56.37487652856157,58.09956673345998,55.16735161097277,57.92717830435677
54,194,50.44377385907944,0.0,63.0,50.4,49.55622614092056,100.0,31-75,60.06686784227617,59.982490456368225,62.58905653523014,57.629056535230134,62.50467914932219
54,195,50.50046721541507,0.0,62.0,49.6,49.49953278458493,100.0,31-75,59.64985983537548,59.63981311383398,62.17488319614623,57.134883196146234,62.164836474604726
54,196,50.53099903317844,0.0,61.0,48.8,49.46900096682156,100.0,31-75,59.24070029004646,59.30760038672862,61.76725024170539,56.647250241705386,61.834150338387545
54,197,50.626329340263375,0.0,60.0,48.0,49.373670659736625,100.0,31-75,58.81210119792099,58.94946826389466,61.34341766493416,56.143417664934155,61.48078473090782
54,198,50.61365489199069,0.0,59.0,47.199999999999996,49.38634510800931,100.0,31-75,58.415903532402794,58.63453804320372,60.946586277002325,55.666586277002324,61.16522078780326
54,199,50.69649382143637,11.789428852476858,58.0,46.400000000000006,49.30350617856363,88.21057114752314,31-75,55.63316608307372,55.92351670093008,57.57851933152169,53.397462216769384,57.86886994937805
54,200,50.799161322774566,40.78652015571191,57.0,45.6,49.200838677225434,59.21347984428809,31-75,49.40294757202525,49.7630314397478,49.90357963037838,48.54223164594957,50.263663498100925
54,201,50.980820609346,65.25672570044911,56.0,44.800000000000004,49.019179390654,34.74327429955089,31-75,44.05440867710638,44.47632661617178,43.34061342255123,44.34628599259614,43.762531361616624
54,202,51.02336643742832,83.11581621435452,55.0,44.0,48.97663356257168,16.884183785645476,31-75,40.0698268259006,40.56749018215777,38.46520433705429,41.17678595848974,38.96286769331145
54,203,51.10446513149225,100.0,54.0,43.2,48.89553486850775,0.0,31-75,36.268660460552326,36.838213947403105,33.82388371712694,38.14388371712694,34.39343720397771
54,204,51.27444674681547,100.0,53.0,42.4,48.72555325318453,0.0,31-75,35.81766597595536,36.450221301273814,33.38138831329613,37.62138831329613,34.013943638614585
54,205,51.531379994651694,100.0,52.0,41.6,48.468620005348306,0.0,31-75,35.34058600160449,36.02744800213932,32.91715500133708,37.077155001337076,33.60401700187191
54,206,51.719263948850845,100.0,51.0,40.8,48.280736051149155,0.0,31-75,34.88422081534475,35.632294420459665,32.470184012787286,36.550184012787284,33.2182576179022
54,207,51.79454615893778,100.0,50.0,40.0,48.20545384106222,0.0,31-75,34.46163615231867,35.282181536424886,32.051363460265556,36.051363460265556,32.871908844371774
54,208,51.90325658772543,100.0,49.0,39.2,48.09674341227457,0.0,31-75,34.02902302368237,34.91869736490983,31.624185853068646,35.54418585306864,32.5138601942961
54,209,52.08908179557159,100.0,48.0,38.4,47.91091820442841,0.0,31-75,33.57327546132852,34.52436728177136,31.177729551107102,35.0177295511071,32.12882137154995
54,210,52.18048779204337,100.0,47.0,37.6,47.81951220795663,0.0,31-75,33.14585366238699,34.167804883182654,30.75487805198916,34.51487805198916,31.776829272784816
54,211,52.1804505392982,100.0,46.0,36.8,47.8195494607018,0.0,31-75,32.74586483821054,33.847819784280716,30.35488736517545,34.03488736517545,31.456842311245627
54,212,52.55110151705567,100.0,45.0,36.0,47.44889848294433,0.0,31-75,32.234669544883296,33.379559393177736,29.862224620736082,33.46222462073608,31.007114469030512
54,213,52.75167508671662,100.0,44.0,35.199999999999996,47.24832491328338,0.0,31-75,31.774497473985015,32.979329965313354,29.412081228320844,32.93208122832084,30.616913719649183
54,214,53.12071674588253,100.0,43.0,34.4,46.87928325411747,0.0,31-75,31.26378497623524,32.511713301646985,28.919820813529366,32.35982081352937,30.16774913894111
54,215,53.62829497816944,100.0,42.0,33.6,46.37170502183056,0.0,31-75,30.711511506549165,31.988682008732226,28.39292625545764,31.752926255457638,29.670096757640696
54,216,53.62647065802001,100.0,41.0,32.800000000000004,46.37352934197999,0.0,31-75,30.312058802594,31.669411736792,27.993382335495,31.273382335495,29.350735269692997
54,217,54.20431342170981,100.0,40.0,32.0,45.79568657829019,0.0,31-75,29.738705973487058,31.118274631316076,27.448921644572547,30.648921644572546,28.828490302401566
54,218,54.91431881382116,100.0,39.0,31.2,45.08568118617884,0.0,31-75,29.12570435585365,30.514272474471536,26.87142029654471,29.99142029654471,28.259988415162592
54,219,55.52180571557501,100.0,38.0,30.4,44.47819428442499,0.0,31-75,28.543458285327496,29.951277713769997,26.319548571106246,29.359548571106245,27.727367999548747
54,220,56.06669416870092,100.0,37.0,29.599999999999998,43.93330583129908,0.0,31-75,27.979991749389722,29.413322332519634,25.78332645782477,28.743326457824768,27.21665704095468
54,221,56.93489706847249,100.0,36.0,28.799999999999997,43.06510293152751,0.0,31-75,27.319530879458252,28.746041172611005,25.16627573288188,28.046275732881874,26.592786026034627
54,222,57.52408542179637,100.0,35.0,28.000000000000004,42.47591457820363,0.0,31-75,26.74277437346109,28.190365831281454,24.618978644550907,27.418978644550908,26.066570102371273
54,223,58.11514120201768,100.0,34.0,27.200000000000003,41.88485879798232,0.0,31-75,26.165457639394695,27.63394351919293,24.07121469949558,26.79121469949558,25.539700579293815
54,224,58.505443002854975,100.0,33.0,26.400000000000002,41.494556997145025,0.0,31-75,25.648367099143506,27.157822798858014,23.57363924928626,26.213639249286256,25.08309494900076
54,225,59.182927280610606,100.0,32.0,25.6,40.817072719389394,0.0,31-75,25.04512181581682,26.56682908775576,23.00426817984735,25.564268179847346,24.525975451786287
54,226,60.02099749917425,100.0,31.0,24.8,39.97900250082575,0.0,31-75,24.393700750247724,25.9116010003303,22.394750625206438,24.87475062520644,23.912650875289014
54,227,61.0345712542602,100.0,30.0,24.0,38.9654287457398,0.0,0-30,23.689628623721937,25.18617149829592,21.74135718643495,24.14135718643495,23.23790006100893
54,228,61.65360118519757,100.0,29.0,23.200000000000003,38.34639881480243,0.0,0-30,23.10391964444073,24.618559525920972,21.186599703700608,23.50659970370061,22.70123958518085
54,229,62.44956835116441,100.0,28.0,22.400000000000002,37.55043164883559,0.0,0-30,22.46512949465068,23.98017265953424,20.5876079122089,22.827607912208897,22.102651077092457
54,230,63.08491019484977,100.0,27.0,21.6,36.91508980515023,0.0,0-30,21.87452694154507,23.40603592206009,20.02877245128756,22.18877245128756,21.56028143180258
54,231,64.11093860701187,100.0,26.0,20.8,35.889061392988125,0.0,0-30,21.166718417896437,22.67562455719525,19.372265348247034,21.452265348247032,20.881171487545842
54,232,65.28275404087019,100.0,25.0,20.0,34.71724595912981,0.0,0-30,20.415173787738944,21.886898383651925,18.679311489782453,20.679311489782453,20.151036085695434
54,233,66.32037231423831,100.0,24.0,19.2,33.67962768576169,0.0,0-30,19.703888305728505,21.151851074304673,18.019906921440423,19.93990692144042,19.46786969001659
54,234,67.73979610163346,100.0,23.0,18.4,32.26020389836654,0.0,0-30,18.878061169509962,20.264081559346614,17.265050974591635,19.105050974591634,18.65107136442829
54,235,68.63557774084016,100.0,22.0,17.599999999999998,31.364422259159838,0.0,0-30,18.20932667774795,19.585768903663933,16.64110556478996,18.401105564789958,18.01754779070594
54,236,70.00397165353043,100.0,21.0,16.8,29.996028346469572,0.0,0-30,17.39880850394087,18.718411338587828,15.899007086617393,17.579007086617395,17.218609921264353
54,237,71.27143617153595,100.0,20.0,16.0,28.728563828464047,0.0,0-30,16.618569148539216,17.89142553138562,15.182140957116012,16.782140957116013,16.454997339962418
54,238,73.1753558581255,100.0,19.0,15.2,26.8246441418745,0.0,0-30,15.64739324256235,16.8098576567498,14.306161035468625,15.826161035468624,15.468625449656075
54,239,74.85845936550808,100.0,18.0,14.399999999999999,25.141540634491918,0.0,0-30,14.742462190347574,15.816616253796768,13.485385158622979,14.925385158622978,14.55953922207217
54,240,76.83196079389967,100.0,17.0,13.600000000000001,23.16803920610033,0.0,0-30,13.750411761830101,14.707215682440134,12.592009801525084,13.952009801525083,13.548813722135117
54,241,78.32069224932879,100.0,16.0,12.8,21.679307750671214,0.0,0-30,12.903792325201366,13.791723100268486,11.819826937667804,13.099826937667803,12.707757712734924
54,242,79.75324124321324,100.0,15.0,12.0,20.24675875678676,0.0,0-30,12.074027627036028,12.898703502714705,11.06168968919669,12.26168968919669,11.886365564875366
54,243,81.59964481998085,100.0,14.0,11.200000000000001,18.400355180019147,0.0,0-30,11.120106554005744,11.840142072007659,10.200088795004788,11.320088795004787,10.920124313006703
54,244,83.9741369261646,100.0,13.0,10.4,16.025863073835396,0.0,0-30,10.007758922150618,10.570345229534158,9.206465768458848,10.24646576845885,9.769052075842389
54,245,86.1606335860047,100.0,12.0,9.6,13.839366413995293,0.0,0-30,8.951809924198589,9.375746565598117,8.259841603498824,9.219841603498823,8.683778244898352
54,246,88.3441766353345,100.0,11.0,8.799999999999999,11.655823364665494,0.0,0-30,7.896747009399648,8.182329345866197,7.313955841166373,8.193955841166373,7.5995381776329225
54,247,90.436461102627,100.0,10.0,8.0,9.563538897372993,0.0,0-30,6.869061669211898,7.025415558949198,6.390884724343248,7.190884724343248,6.547238614080547
54,248,93.093103372038,100.0,9.0,7.199999999999999,6.9068966279619985,0.0,0-30,5.672068988388599,5.642758651184799,5.326724156990499,6.046724156990499,5.2974138197867
54,249,96.198109038734,100.0,8.0,6.4,3.801890961265997,0.0,0-30,4.340567288379799,4.080756384506399,4.150472740316499,4.790472740316499,3.8906618364430994
54,250,98.59461538858788,100.0,7.0,5.6000000000000005,1.4053846114121171,0.0,0-30,3.2216153834236354,2.802153844564847,3.1513461528530295,3.7113461528530296,2.731884613994241
54,251,100.0,100.0,6.0,4.8,0.0,0.0,0-30,2.4,1.92,2.4,2.88,1.92
54,252,100.0,100.0,5.0,4.0,0.0,0.0,0-30,2.0,1.6,2.0,2.4,1.6
54,253,100.0,100.0,4.0,3.2,0.0,0.0,0-30,1.6,1.2800000000000002,1.6,1.92,1.2800000000000002
54,254,100.0,100.0,3.0,2.4,0.0,0.0,0-30,1.2,0.96,1.2,1.44,0.96
54,255,100.0,100.0,2.0,1.6,0.0,0.0,0-30,0.8,0.6400000000000001,0.8,0.96,0.6400000000000001
54,256,100.0,100.0,1.0,0.8,0.0,0.0,0-30,0.4,0.32000000000000006,0.4,0.48,0.32000000000000006
54,257,100.0,100.0,0.0,0.0,0.0,0.0,0-30,0.0,0.0,0.0,0.0,0.0
71,39,0.0,0.0,169.0,100.0,100.0,100.0,RUL > 125,100.0,100.0,100.0,100.0,100.0
71,40,0.0,0.0,168.0,100.0,100.0,100.0,RUL > 125,100.0,100.0,100.0,100.0,100.0
71,41,0.0,0.0,167.0,100.0,100.0,100.0,RUL > 125,100.0,100.0,100.0,100.0,100.0
71,42,0.0,0.0,166.0,100.0,100.0,100.0,RUL > 125,100.0,100.0,100.0,100.0,100.0
71,43,0.0,0.0,165.0,100.0,100.0,100.0,RUL > 125,100.0,100.0,100.0,100.0,100.0
71,44,0.0,0.0,164.0,100.0,100.0,100.0,RUL > 125,100.0,100.0,100.0,100.0,100.0
71,45,0.0,0.0,163.0,100.0,100.0,100.0,RUL > 125,100.0,100.0,100.0,100.0,100.0
71,46,0.0,0.0,162.0,100.0,100.0,100.0,RUL > 125,100.0,100.0,100.0,100.0,100.0
71,47,0.0,7.170788482655556,161.0,100.0,100.0,92.82921151734445,RUL > 125,98.56584230346888,98.56584230346888,98.20730287933611,98.92438172760167,98.20730287933611
71,48,0.0,14.536508669854738,160.0,100.0,100.0,85.46349133014526,RUL > 125,97.09269826602906,97.09269826602906,96.36587283253631,97.8195236995218,96.36587283253631
71,49,0.0,4.6228774975634535,159.0,100.0,100.0,95.37712250243655,RUL > 125,99.07542450048732,99.07542450048732,98.84428062560914,99.30656837536549,98.84428062560914
71,50,0.0,3.815994936358786,158.0,100.0,100.0,96.18400506364121,RUL > 125,99.23680101272825,99.23680101272825,99.0460012659103,99.42760075954618,99.0460012659103
71,51,0.0,11.916789633889188,157.0,100.0,100.0,88.08321036611082,RUL > 125,97.61664207322217,97.61664207322217,97.02080259152771,98.21248155491662,97.02080259152771
71,52,0.0,2.199428890550133,156.0,100.0,100.0,97.80057110944986,RUL > 125,99.56011422188998,99.56011422188998,99.45014277736246,99.67008566641748,99.45014277736246
71,53,0.0,3.9245724178485166,155.0,100.0,100.0,96.07542758215148,RUL > 125,99.21508551643029,99.21508551643029,99.01885689553787,99.41131413732272,99.01885689553787
71,54,0.0,0.0,154.0,100.0,100.0,100.0,RUL > 125,100.0,100.0,100.0,100.0,100.0
71,55,0.0,0.1114412252908554,153.0,100.0,100.0,99.88855877470914,RUL > 125,99.97771175494182,99.97771175494182,99.97213969367729,99.98328381620637,99.97213969367729
71,56,0.0,0.0,152.0,100.0,100.0,100.0,RUL > 125,100.0,100.0,100.0,100.0,100.0
71,57,0.0,0.0,151.0,100.0,100.0,100.0,RUL > 125,100.0,100.0,100.0,100.0,100.0
71,58,0.0,0.0,150.0,100.0,100.0,100.0,RUL > 125,100.0,100.0,100.0,100.0,100.0
71,59,0.0,0.0,149.0,100.0,100.0,100.0,RUL > 125,100.0,100.0,100.0,100.0,100.0
71,60,0.0,0.0,148.0,100.0,100.0,100.0,RUL > 125,100.0,100.0,100.0,100.0,100.0
71,61,0.0,0.0,147.0,100.0,100.0,100.0,RUL > 125,100.0,100.0,100.0,100.0,100.0
71,62,0.0,0.0,146.0,100.0,100.0,100.0,RUL > 125,100.0,100.0,100.0,100.0,100.0
71,63,0.0,0.0,145.0,100.0,100.0,100.0,RUL > 125,100.0,100.0,100.0,100.0,100.0
71,64,0.0,0.0,144.0,100.0,100.0,100.0,RUL > 125,100.0,100.0,100.0,100.0,100.0
71,65,0.0,0.0,143.0,100.0,100.0,100.0,RUL > 125,100.0,100.0,100.0,100.0,100.0
71,66,0.0,0.0,142.0,100.0,100.0,100.0,RUL > 125,100.0,100.0,100.0,100.0,100.0
71,67,0.0,0.0,141.0,100.0,100.0,100.0,RUL > 125,100.0,100.0,100.0,100.0,100.0
71,68,0.0,0.0,140.0,100.0,100.0,100.0,RUL > 125,100.0,100.0,100.0,100.0,100.0
71,69,0.0,14.76394668262423,139.0,100.0,100.0,85.23605331737576,RUL > 125,97.04721066347516,97.04721066347516,96.30901332934394,97.78540799760637,96.30901332934394
71,70,0.0,29.22207498792074,138.0,100.0,100.0,70.77792501207927,RUL > 125,94.15558500241585,94.15558500241585,92.69448125301982,95.61668875181189,92.69448125301982
71,71,0.0,28.42964978384718,137.0,100.0,100.0,71.57035021615282,RUL > 125,94.31407004323057,94.31407004323057,92.8925875540382,95.73555253242293,92.8925875540382
71,72,0.0,7.477304383058058,136.0,100.0,100.0,92.52269561694195,RUL > 125,98.50453912338838,98.50453912338838,98.1306739042355,98.87840434254129,98.1306739042355
71,73,0.0,0.0,135.0,100.0,100.0,100.0,RUL > 125,100.0,100.0,100.0,100.0,100.0
71,74,0.0,0.0,134.0,100.0,100.0,100.0,RUL > 125,100.0,100.0,100.0,100.0,100.0
71,75,0.0,0.0,133.0,100.0,100.0,100.0,RUL > 125,100.0,100.0,100.0,100.0,100.0
71,76,0.0,0.0,132.0,100.0,100.0,100.0,RUL > 125,100.0,100.0,100.0,100.0,100.0
71,77,0.0,0.0,131.0,100.0,100.0,100.0,RUL > 125,100.0,100.0,100.0,100.0,100.0
71,78,0.0,0.0,130.0,100.0,100.0,100.0,RUL > 125,100.0,100.0,100.0,100.0,100.0
71,79,0.0,0.0,129.0,100.0,100.0,100.0,RUL > 125,100.0,100.0,100.0,100.0,100.0
71,80,0.0,0.0,128.0,100.0,100.0,100.0,RUL > 125,100.0,100.0,100.0,100.0,100.0
71,81,0.0,0.0,127.0,100.0,100.0,100.0,RUL > 125,100.0,100.0,100.0,100.0,100.0
71,82,0.0,0.0,126.0,100.0,100.0,100.0,RUL > 125,100.0,100.0,100.0,100.0,100.0
71,83,0.0,0.5855337948978507,125.0,100.0,100.0,99.41446620510214,76-125,99.88289324102043,99.88289324102043,99.85361655127554,99.91216993076532,99.85361655127554
71,84,0.0,7.009409370950063,124.0,99.2,100.0,92.99059062904993,76-125,98.19811812580998,98.27811812581,97.84764765726248,98.46858859435748,97.9276476572625
71,85,0.0,16.391865891261926,123.0,98.4,100.0,83.60813410873807,76-125,95.92162682174762,96.08162682174763,95.10203352718452,96.5812201163107,95.26203352718453
71,86,0.0,20.97532900270124,122.0,97.6,100.0,79.02467099729876,76-125,94.60493419945975,94.84493419945974,93.55616774932469,95.41370064959482,93.79616774932468
71,87,0.0,0.8827739381475996,121.0,96.8,100.0,99.1172260618524,76-125,98.22344521237049,98.54344521237049,98.17930651546311,97.94758390927785,98.4993065154631
71,88,0.0,0.0,120.0,96.0,100.0,100.0,76-125,98.0,98.4,98.0,97.6,98.4
71,89,0.0,0.0,119.0,95.19999999999999,100.0,100.0,76-125,97.6,98.08,97.6,97.11999999999999,98.08
71,90,0.0,0.0,118.0,94.39999999999999,100.0,100.0,76-125,97.19999999999999,97.75999999999999,97.19999999999999,96.63999999999999,97.75999999999999
71,91,0.0,0.0,117.0,93.60000000000001,100.0,100.0,76-125,96.80000000000001,97.44,96.80000000000001,96.16,97.44
71,92,0.0,0.0,116.0,92.80000000000001,100.0,100.0,76-125,96.4,97.12,96.4,95.68,97.12
71,93,0.0,0.0,115.0,92.0,100.0,100.0,76-125,96.0,96.80000000000001,96.0,95.19999999999999,96.80000000000001
71,94,0.0,0.0,114.0,91.2,100.0,100.0,76-125,95.6,96.48,95.6,94.72,96.48
71,95,0.0,0.0,113.0,90.4,100.0,100.0,76-125,95.2,96.16,95.2,94.24000000000001,96.16
71,96,0.0,0.0,112.0,89.60000000000001,100.0,100.0,76-125,94.80000000000001,95.84,94.80000000000001,93.76,95.84
71,97,0.0,0.0,111.0,88.8,100.0,100.0,76-125,94.4,95.52000000000001,94.4,93.28,95.52000000000001
71,98,0.0,0.0,110.0,88.0,100.0,100.0,76-125,94.0,95.2,94.0,92.8,95.2
71,99,0.0,0.0,109.0,87.2,100.0,100.0,76-125,93.6,94.88,93.6,92.32,94.88
71,100,0.0,0.0,108.0,86.4,100.0,100.0,76-125,93.2,94.56,93.2,91.84,94.56
71,101,0.0,0.0,107.0,85.6,100.0,100.0,76-125,92.8,94.24000000000001,92.8,91.35999999999999,94.24000000000001
71,102,0.0,3.4726706133669314,106.0,84.8,100.0,96.52732938663307,76-125,91.70546587732662,93.22546587732661,91.53183234665828,90.35909940799496,93.05183234665827
71,103,0.0,15.384987001455222,105.0,84.0,100.0,84.61501299854478,76-125,88.92300259970895,90.52300259970895,88.1537532496362,88.09225194978173,89.75375324963619
71,104,0.0,3.495779856080704,104.0,83.2,100.0,96.5042201439193,76-125,90.90084402878385,92.58084402878386,90.72605503597981,89.3956330215879,92.40605503597982
71,105,0.0,0.0,103.0,82.39999999999999,100.0,100.0,76-125,91.19999999999999,92.96000000000001,91.19999999999999,89.44,92.96000000000001
71,106,0.0,0.0,102.0,81.6,100.0,100.0,76-125,90.8,92.64,90.8,88.96,92.64
71,107,0.0,0.0,101.0,80.80000000000001,100.0,100.0,76-125,90.4,92.32000000000001,90.4,88.48,92.32000000000001
71,108,0.0,0.0,100.0,80.0,100.0,100.0,76-125,90.0,92.0,90.0,88.0,92.0
71,109,0.0,0.0,99.0,79.2,100.0,100.0,76-125,89.6,91.68,89.6,87.52000000000001,91.68
71,110,0.0,0.0,98.0,78.4,100.0,100.0,76-125,89.2,91.36,89.2,87.03999999999999,91.36
71,111,0.0,0.0,97.0,77.60000000000001,100.0,100.0,76-125,88.80000000000001,91.04,88.80000000000001,86.56,91.04
71,112,0.0,0.0,96.0,76.8,100.0,100.0,76-125,88.4,90.72,88.4,86.08,90.72
71,113,0.0,0.0,95.0,76.0,100.0,100.0,76-125,88.0,90.4,88.0,85.6,90.4
71,114,0.0,0.0,94.0,75.2,100.0,100.0,76-125,87.6,90.08,87.6,85.12,90.08
71,115,0.0,0.0,93.0,74.4,100.0,100.0,76-125,87.2,89.76,87.2,84.64,89.76
71,116,0.0,0.0,92.0,73.6,100.0,100.0,76-125,86.8,89.44,86.8,84.16,89.44
71,117,0.0,0.0,91.0,72.8,100.0,100.0,76-125,86.4,89.12,86.4,83.68,89.12
71,118,0.0,0.0,90.0,72.0,100.0,100.0,76-125,86.0,88.8,86.0,83.19999999999999,88.8
71,119,0.0,0.0,89.0,71.2,100.0,100.0,76-125,85.6,88.48,85.6,82.72,88.48
71,120,0.0,16.998297650755426,88.0,70.39999999999999,100.0,83.00170234924457,76-125,81.8003404698489,84.76034046984891,80.95042558731114,79.69025535238669,83.91042558731114
71,121,0.0,48.59704777451162,87.0,69.6,100.0,51.40295222548838,76-125,75.08059044509767,78.12059044509768,72.65073805637209,74.47044283382324,75.6907380563721
71,122,0.0,81.66806115032773,86.0,68.8,100.0,18.33193884967227,76-125,68.06638776993447,71.18638776993446,63.982984712418066,69.02979082745084,67.10298471241806
71,123,0.0,100.0,85.0,68.0,100.0,0.0,76-125,64.0,67.2,59.0,65.8,62.2
71,124,0.0,100.0,84.0,67.2,100.0,0.0,76-125,63.6,66.88,58.6,65.32,61.88
71,125,0.0,100.0,83.0,66.4,100.0,0.0,76-125,63.2,66.56,58.2,64.84,61.56
71,126,0.0,100.0,82.0,65.60000000000001,100.0,0.0,76-125,62.800000000000004,66.24000000000001,57.800000000000004,64.36000000000001,61.24000000000001
71,127,0.0,100.0,81.0,64.8,100.0,0.0,76-125,62.4,65.92,57.4,63.879999999999995,60.92
71,128,0.0,100.0,80.0,64.0,100.0,0.0,76-125,62.0,65.6,57.0,63.4,60.6
71,129,0.0,100.0,79.0,63.2,100.0,0.0,76-125,61.6,65.28,56.6,62.92,60.28
71,130,0.0,87.29903105457495,78.0,62.4,100.0,12.700968945425046,76-125,63.74019378908501,67.50019378908502,59.375242236356264,64.34514534181375,63.13524223635626
71,131,1.7253221340621232,82.56540118985816,77.0,61.6,98.27467786593787,17.434598810141836,76-125,63.76932312180973,67.43679090840352,59.72731916901993,64.14385928800574,63.39478695561371
71,132,7.374249665524289,80.85805533204258,76.0,60.8,92.62575033447571,19.141944667957418,76-125,62.016114033934194,65.19868906738176,58.34192375060829,62.50772928381254,61.52449878405585
71,133,35.32912764450423,100.0,75.0,60.0,64.67087235549576,0.0,31-75,49.401261706648725,49.86834894219831,46.16771808887394,52.16771808887394,46.63480532442351
71,134,48.24409212211401,100.0,74.0,59.199999999999996,51.75590787788599,0.0,31-75,45.126772363365795,44.382363151154394,42.53897696947149,48.45897696947149,41.7945677572601
71,135,48.93245022214908,100.0,73.0,58.4,51.06754977785092,0.0,31-75,44.52026493335528,43.78701991114037,41.96688744446273,47.80688744446273,41.233642422247826
71,136,44.12109808186245,100.0,72.0,57.599999999999994,55.87890191813755,0.0,31-75,45.563670575441265,45.39156076725502,42.76972547953439,48.529725479534385,42.59761567134814
71,137,46.20870924583784,100.0,71.0,56.8,53.79129075416216,0.0,31-75,44.53738722624865,44.236516301664864,41.84782268854054,47.52782268854054,41.546951763956756
71,138,50.0137255078687,100.0,70.0,56.00000000000001,49.9862744921313,0.0,31-75,42.995882347639395,42.39450979685253,40.49656862303283,46.09656862303282,39.89519607224596
71,139,50.04288163497096,100.0,69.0,55.2,49.95711836502904,0.0,31-75,42.58713550950871,42.06284734601162,40.08927959125726,45.609279591257256,39.56499142776016
71,140,50.07089729588879,85.06935739021331,68.0,54.400000000000006,49.92910270411121,14.930642609786688,31-75,45.164859333190705,44.71776960360183,43.41493632847448,47.36187206749581,42.9678465988856
71,141,50.18708807590759,68.12950697416251,67.0,53.6,49.81291192409241,31.87049302583749,31-75,48.11797218239522,47.73926337480446,47.22085123748248,49.393801934898725,46.84214242989172
71,142,50.29085772632089,52.4125054881305,66.0,52.800000000000004,49.70914227367911,47.5874945118695,31-75,50.83024158447763,50.52115581184555,50.724159196387156,51.2454097452002,50.41507342375507
71,143,50.4211297779248,63.03815824977863,65.0,52.0,49.5788702220752,36.96184175022137,31-75,48.26602941666683,48.02391643887436,47.635177993074144,49.138993818052,47.393065015281664
71,144,50.52046023156843,85.00630087108316,64.0,51.2,49.47953976843157,14.993699128916845,31-75,43.44260175631284,43.270555733156,41.718309724337104,45.33893981144542,41.546263701180266
71,145,50.359837570197314,87.12527199139384,63.0,50.4,49.640162429802686,12.874728008606155,31-75,42.666994330662035,42.59101057364231,40.82872260960221,44.581249808741596,40.75273885258248
71,146,50.39692427456527,80.7680640244516,62.0,49.6,49.60307572543473,19.231935975548396,31-75,43.527309912740094,43.52761748528358,42.00875292524578,45.04555932769094,42.00906049778926
71,147,50.56486177854253,81.3383952822669,61.0,48.8,49.43513822145747,18.6616047177331,31-75,42.962862409983856,43.02637623212961,41.42418573479764,44.43802526302433,41.48769955694338
71,148,50.629538930351245,81.9856230434641,60.0,48.0,49.370461069648755,18.014376956535898,31-75,42.41401371220181,42.55105981916668,40.84620950654616,43.84477181089257,40.98325561351104
71,149,50.56705596523334,70.63921882295799,59.0,47.199999999999996,49.43294403476666,29.360781177042014,31-75,44.302039445838396,44.52533384931507,43.29843130295217,45.08235318524797,43.52172570642883
71,150,50.496547694440586,48.101104536432985,58.0,46.400000000000006,49.503452305559414,51.898895463567015,31-75,48.43081478438123,48.74116001493718,48.55058694228161,48.00069739592491,48.86093217283755
71,151,50.60173108653328,36.74409666544197,57.0,45.6,49.39826891346672,63.25590333455803,31-75,50.27066134095163,50.6504882322983,50.96354306200618,49.19795272855038,51.34336995335286
71,152,50.65746518468065,32.012048141909624,56.0,44.800000000000004,49.34253481531935,67.98795185809038,31-75,50.80035081621388,51.25460429774582,51.73262166835244,49.41382648254339,52.186875149884365
71,153,50.72380753419869,37.83759838967233,55.0,44.0,49.27619246580131,62.16240161032767,31-75,49.21533806180593,49.74295730838606,49.85964851903224,48.043408357999475,50.38726776561238
71,154,50.70143992163146,45.99120988096346,54.0,43.2,49.29856007836854,54.00879011903654,31-75,47.19132604731787,47.801182055154726,47.42683754935127,46.34595853744762,48.03669355718812
71,155,50.81584416642808,45.196583796631735,53.0,42.4,49.18415583357192,54.803416203368265,31-75,46.91592999074523,47.59434557410243,47.19689300923505,45.95655138889822,47.87530859259224
71,156,50.78300321064594,37.8922651359341,52.0,41.6,49.21699678935406,62.1077348640659,31-75,47.9866460096194,48.748345688554814,48.63118291335499,46.5804094269484,49.39288259229039
71,157,50.66338145279652,30.57621422377963,51.0,40.8,49.33661854720348,69.42378577622037,31-75,49.08574271940512,49.93940457412547,50.09010108085596,47.22772250323392,50.94376293557631
71,158,50.59564318969857,22.484864248618567,50.0,40.0,49.40435681030143,77.51513575138144,31-75,50.32433419336672,51.26476987439686,51.72987314042072,47.978359565282574,52.67030882145086
71,159,50.69395211985129,16.552963394273085,49.0,39.2,49.30604788014871,83.44703660572691,31-75,51.081221685189995,52.09182647320487,52.78827112146891,48.36356746089621,53.798875909483776
71,160,50.92950016322876,19.49911456400322,48.0,38.4,49.07049983677124,80.50088543599678,31-75,50.02132703823072,51.08837702190785,51.592846318192,47.38275777459232,52.659896301869125
71,161,50.8846936256964,21.532292512432544,47.0,37.6,49.1153063743036,78.46770748756745,31-75,49.22813340980457,50.37966404723493,50.69575346546776,46.60898271671102,51.84728410289812
71,162,50.7821895042549,16.439031015146696,46.0,36.8,49.2178104957451,83.5609689848533,31-75,49.87753694569419,51.1193179952687,51.594694870149596,46.91859797166426,52.83647591972411
71,163,50.82250974690404,18.21017207335848,45.0,36.0,49.17749025309596,81.78982792664152,31-75,49.111212661257085,50.428961686566694,50.74182954493437,46.16284675227022,52.059578570243964
71,164,50.83921228129429,17.595008711359363,44.0,35.199999999999996,49.16078771870571,82.40499128864064,31-75,48.829234573339846,50.22531334521041,50.49144475183659,45.77094562297252,51.88752352370716
71,165,51.01380525428811,37.77364938759584,43.0,34.4,48.98619474571189,62.22635061240416,31-75,44.3411285461944,45.79974802076559,45.003136339529014,42.220501278288594,46.4617558141002
71,166,51.13145474537155,60.40817782623002,42.0,33.6,48.86854525462845,39.59182217376998,31-75,39.378928011142534,40.90578253660538,38.915091857099604,38.315909639722605,40.44194638256245
71,167,51.35835004040901,83.28135880231453,41.0,32.800000000000004,48.64164995959099,16.71864119768547,31-75,34.33622322741439,35.92038822337349,32.740072789319115,34.34820866955057,34.324237785278214
71,168,51.3871932444518,90.88653086243838,40.0,32.0,48.6128067555482,9.113469137561623,31-75,32.40653585417678,34.0678165297316,30.431568973277457,32.72022205952129,32.09284964883227
71,169,51.54467337067637,100.0,39.0,31.2,48.45532662932363,0.0,31-75,30.136597988797085,31.862130651729455,27.713831657330907,30.833831657330904,29.43936432026327
71,170,51.61350127657069,100.0,38.0,30.4,48.38649872342931,0.0,31-75,29.71594961702879,31.514599489371726,27.296624680857327,30.336624680857327,29.09527455320026
71,171,51.74687275657316,100.0,37.0,29.599999999999998,48.25312724342684,0.0,31-75,29.275938173028052,31.141250897370735,26.86328181085671,29.823281810856706,28.72859453519939
71,172,51.98429620957916,100.0,36.0,28.799999999999997,48.01570379042084,0.0,31-75,28.804711137126247,30.726281516168335,26.40392594760521,29.283925947605205,28.32549632664729
71,173,52.24621121380943,100.0,35.0,28.000000000000004,47.75378878619057,0.0,31-75,28.32613663585717,30.301515514476232,25.938447196547642,28.738447196547643,27.9138260751667
71,174,52.33202983068704,100.0,34.0,27.200000000000003,47.66797016931296,0.0,31-75,27.90039105079389,29.947188067725186,25.51699254232824,28.236992542328238,27.563789559259536
71,175,52.8884421544418,100.0,33.0,26.400000000000002,47.1115578455582,0.0,31-75,27.333467353667462,29.404623138223283,24.97788946138955,27.617889461389552,27.049045245945372
71,176,53.33136611874917,100.0,32.0,25.6,46.66863388125083,0.0,31-75,26.80059016437525,28.907453552500332,24.467158470312707,27.027158470312706,26.574021858437792
71,177,53.86893760054063,100.0,31.0,24.8,46.13106239945937,0.0,31-75,26.23931871983781,28.37242495978375,23.932765599864844,26.41276559986484,26.06587183981078
71,178,54.02568863732391,100.0,30.0,24.0,45.97431136267609,0.0,0-30,25.792293408802827,27.989724545070438,23.493577840669023,25.89357784066902,25.691008976936633
71,179,54.58162944776117,100.0,29.0,23.200000000000003,45.41837055223883,0.0,0-30,25.225511165671648,27.44734822089553,22.954592638059708,25.27459263805971,25.176429693283588
71,180,55.48346625460504,100.0,28.0,22.400000000000002,44.51653374539496,0.0,0-30,24.55496012361849,26.766613498157984,22.32913343634874,24.569133436348743,24.540786810888235
71,181,56.07087020143504,100.0,27.0,21.6,43.92912979856496,0.0,0-30,23.97873893956949,26.211651919425986,21.78228244964124,23.94228244964124,24.015195429497737
71,182,56.80616116042496,100.0,26.0,20.8,43.19383883957504,0.0,0-30,23.35815165187251,25.597535535830016,21.19845970989376,23.27845970989376,23.437843593851262
71,183,57.82341601891629,100.0,25.0,20.0,42.17658398108371,0.0,0-30,22.652975194325112,24.870633592433485,20.544145995270927,22.544145995270927,22.761804393379297
71,184,58.91887716189973,100.0,24.0,19.2,41.08112283810027,0.0,0-30,21.92433685143008,24.11244913524011,19.87028070952507,21.790280709525067,22.058392993335094
71,185,59.65143855903248,100.0,23.0,18.4,40.34856144096752,0.0,0-30,21.304568432290253,23.49942457638701,19.287140360241878,21.12714036024188,21.481996504338632
71,186,60.29629262510724,100.0,22.0,17.599999999999998,39.70370737489276,0.0,0-30,20.711112212467825,22.921482949957102,18.725926843723187,20.48592684372319,20.936297581212465
71,187,61.50134921566728,100.0,21.0,16.8,38.49865078433272,0.0,0-30,19.949595235299817,22.119460313733086,18.02466269608318,19.70466269608318,20.19452777451645
71,188,62.77583481177415,100.0,20.0,16.0,37.22416518822585,0.0,0-30,19.167249556467752,21.28966607529034,17.30604129705646,18.90604129705646,19.428457815879046
71,189,63.81733641773574,100.0,19.0,15.2,36.18266358226426,0.0,0-30,18.45479907467928,20.553065432905704,16.645665895566065,18.165665895566065,18.74393225379249
71,190,64.38432000620702,100.0,18.0,14.399999999999999,35.61567999379298,0.0,0-30,17.884703998137894,20.006271997517192,16.103919998448244,17.543919998448246,18.225487997827543
71,191,66.57921556353787,100.0,17.0,13.600000000000001,33.42078443646213,0.0,0-30,16.826235330938637,18.808313774584853,15.155196109115533,16.515196109115532,17.137274552761745
71,192,68.45408449507579,100.0,16.0,12.8,31.54591550492421,0.0,0-30,15.863774651477263,17.738366201969686,14.286478876231053,15.566478876231052,16.161070426723473
71,193,69.40095614556172,100.0,15.0,12.0,30.59904385443828,0.0,0-30,15.179713156331482,17.039617541775314,13.64976096360957,14.849760963609569,15.509665349053398
71,194,71.03626012342816,100.0,14.0,11.200000000000001,28.963739876571836,0.0,0-30,14.28912196297155,16.065495950628737,12.84093496914296,13.96093496914296,14.617308956800143
71,195,72.89558561313285,100.0,13.0,10.4,27.10441438686715,0.0,0-30,13.331324316060144,15.00176575474686,11.976103596716786,13.016103596716787,13.646545035403502
71,196,75.55847037827104,100.0,12.0,9.6,24.44152962172896,0.0,0-30,12.132458886518688,13.616611848691585,10.910382405432241,11.87038240543224,12.394535367605135
71,197,78.10245289572377,100.0,11.0,8.799999999999999,21.897547104276228,0.0,0-30,10.969264131282868,12.27901884171049,9.874386776069056,10.754386776069056,11.184141486496678
71,198,80.57671849712767,100.0,10.0,8.0,19.423281502872328,0.0,0-30,9.826984450861698,10.969312601148932,8.855820375718082,9.655820375718083,9.998148526005314
71,199,83.0418124726695,100.0,9.0,7.199999999999999,16.958187527330495,0.0,0-30,8.687456258199148,9.663275010932198,7.839546881832623,8.559546881832624,8.815365634565673
71,200,85.9927194980387,100.0,8.0,6.4,14.007280501961304,0.0,0-30,7.402184150588392,8.162912200784522,6.701820125490326,7.341820125490326,7.4625481756864565
71,201,89.35179154773867,100.0,7.0,5.6000000000000005,10.64820845226133,0.0,0-30,5.994462535678399,6.499283380904532,5.462052113065333,6.022052113065333,5.966872958291465
71,202,92.72306653239384,100.0,6.0,4.8,7.276933467606156,0.0,0-30,4.583080040281846,4.830773387042463,4.219233366901539,4.699233366901539,4.466926713662154
71,203,95.97027657106436,100.0,5.0,4.0,4.02972342893564,0.0,0-30,3.208917028680692,3.211889371574256,3.00743085723391,3.40743085723391,3.010403200127474
71,204,100.0,100.0,4.0,3.2,0.0,0.0,0-30,1.6,1.2800000000000002,1.6,1.92,1.2800000000000002
71,205,100.0,100.0,3.0,2.4,0.0,0.0,0-30,1.2,0.96,1.2,1.44,0.96
71,206,100.0,100.0,2.0,1.6,0.0,0.0,0-30,0.8,0.6400000000000001,0.8,0.96,0.6400000000000001
71,207,100.0,100.0,1.0,0.8,0.0,0.0,0-30,0.4,0.32000000000000006,0.4,0.48,0.32000000000000006
71,208,100.0,100.0,0.0,0.0,0.0,0.0,0-30,0.0,0.0,0.0,0.0,0.0
74,39,0.0,0.0,127.0,100.0,100.0,100.0,RUL > 125,100.0,100.0,100.0,100.0,100.0
74,40,0.0,0.0,126.0,100.0,100.0,100.0,RUL > 125,100.0,100.0,100.0,100.0,100.0
74,41,0.0,0.0,125.0,100.0,100.0,100.0,76-125,100.0,100.0,100.0,100.0,100.0
74,42,0.0,0.0,124.0,99.2,100.0,100.0,76-125,99.6,99.68,99.6,99.52,99.68
74,43,0.0,0.0,123.0,98.4,100.0,100.0,76-125,99.2,99.36000000000001,99.2,99.03999999999999,99.36000000000001
74,44,0.0,0.0,122.0,97.6,100.0,100.0,76-125,98.8,99.03999999999999,98.8,98.56,99.03999999999999
74,45,0.0,0.0,121.0,96.8,100.0,100.0,76-125,98.4,98.72,98.4,98.08,98.72
74,46,0.0,0.0,120.0,96.0,100.0,100.0,76-125,98.0,98.4,98.0,97.6,98.4
74,47,0.0,0.0,119.0,95.19999999999999,100.0,100.0,76-125,97.6,98.08,97.6,97.11999999999999,98.08
74,48,0.0,0.0,118.0,94.39999999999999,100.0,100.0,76-125,97.19999999999999,97.75999999999999,97.19999999999999,96.63999999999999,97.75999999999999
74,49,0.0,0.0,117.0,93.60000000000001,100.0,100.0,76-125,96.80000000000001,97.44,96.80000000000001,96.16,97.44
74,50,0.0,0.0,116.0,92.80000000000001,100.0,100.0,76-125,96.4,97.12,96.4,95.68,97.12
74,51,0.0,0.0,115.0,92.0,100.0,100.0,76-125,96.0,96.80000000000001,96.0,95.19999999999999,96.80000000000001
74,52,0.0,24.34570850712742,114.0,91.2,100.0,75.65429149287257,76-125,90.7308582985745,91.61085829857453,89.51357287321814,91.06814372393089,90.39357287321815
74,53,0.0,50.63024305270745,113.0,90.4,100.0,49.36975694729255,76-125,85.07395138945851,86.03395138945851,82.54243923682314,86.64546354209389,83.50243923682314
74,54,0.0,72.70036701334554,112.0,89.60000000000001,100.0,27.29963298665446,76-125,80.2599265973309,81.2999265973309,76.62490824666362,82.85494494799818,77.66490824666361
74,55,0.0,85.16930248209812,111.0,88.8,100.0,14.830697517901882,76-125,77.36613950358038,78.48613950358039,73.10767437947547,80.50460462768528,74.22767437947547
74,56,0.0,75.44854293841503,110.0,88.0,100.0,24.55145706158497,76-125,78.910291412317,80.110291412317,75.13786426539625,81.48271855923774,76.33786426539625
74,57,0.0183782758940862,71.1948176136322,109.0,87.2,99.98162172410592,28.805182386367804,76-125,79.35552299450534,80.63368516691594,75.79670102761843,81.63618278898164,77.07486320002901
74,58,3.2572922852379538,70.52510448129081,108.0,86.4,96.74270771476205,29.47489551870919,76-125,78.11779141817044,79.15206218964666,74.75440080836782,80.44691125649689,75.78867157984402
74,59,0.0,57.40204833701643,107.0,85.6,100.0,42.59795166298357,76-125,81.3195903325967,82.75959033259673,78.44948791574589,82.74969274944752,79.8894879157459
74,60,0.0,31.87880823744533,106.0,84.8,100.0,68.12119176255467,76-125,86.02423835251093,87.54423835251094,84.43029794063867,86.09817876438319,85.95029794063868
74,61,0.0,27.03134347358872,105.0,84.0,100.0,72.96865652641128,76-125,86.59373130528226,88.19373130528226,85.24216413160282,86.3452984789617,86.84216413160281
74,62,0.0,13.288574903789335,104.0,83.2,100.0,86.71142509621066,76-125,88.94228501924212,90.62228501924213,88.27785627405265,87.9267137644316,89.95785627405266
74,63,0.0,0.0,103.0,82.39999999999999,100.0,100.0,76-125,91.19999999999999,92.96000000000001,91.19999999999999,89.44,92.96000000000001
74,64,0.0,0.0,102.0,81.6,100.0,100.0,76-125,90.8,92.64,90.8,88.96,92.64
74,65,0.0,0.0,101.0,80.80000000000001,100.0,100.0,76-125,90.4,92.32000000000001,90.4,88.48,92.32000000000001
74,66,0.0,0.0,100.0,80.0,100.0,100.0,76-125,90.0,92.0,90.0,88.0,92.0
74,67,0.0,0.0,99.0,79.2,100.0,100.0,76-125,89.6,91.68,89.6,87.52000000000001,91.68
74,68,0.0,0.0,98.0,78.4,100.0,100.0,76-125,89.2,91.36,89.2,87.03999999999999,91.36
74,69,4.794538924383407,16.93659025388708,97.0,77.60000000000001,95.2054610756166,83.06340974611292,76-125,83.97432027190757,85.73486637946924,83.36721770543238,82.82087673082108,85.12776381299405
74,70,12.723177554714509,42.59724673148459,96.0,76.8,87.27682244528549,57.40275326851541,76-125,76.06359738728872,77.1112796318173,74.56989392845023,76.50961860159869,75.61757617297877
74,71,15.386216561375385,67.90268416807935,95.0,76.0,84.61378343862461,32.09731583192065,76-125,69.80359819797151,70.66497654183398,67.17777481763632,71.56804323444425,68.03915316149877
74,72,4.6374069012885055,72.20751930471393,94.0,75.2,95.3625930987115,27.792480695286073,76-125,71.76727406867066,73.78353337854182,68.38876844849939,73.1295203789708,70.40502775837055
74,73,20.982222707142387,81.78802038878199,93.0,74.4,79.01777729285762,18.211979611218013,76-125,64.54772911010089,65.00950683938666,61.5074392260189,67.1262412648971,61.969216955304674
74,74,17.139508553276418,75.61529211132853,92.0,73.6,82.86049144672359,24.38470788867147,76-125,66.53508901175137,67.46113815642373,63.61129983384876,68.53282904498161,64.53734897852112
74,75,15.703230641549377,57.415632707194106,91.0,72.8,84.29676935845062,42.584367292805894,76-125,70.20590426609635,71.35558120194143,68.12028416281413,71.14184743353354,69.2699610986592
74,76,25.21123838278324,46.62943482882002,90.0,72.0,74.78876161721676,53.37056517117998,76-125,69.11074151940103,69.3896176811227,68.03983169709919,69.90277517998118,68.31870785882086
74,77,19.194879481437493,35.32267678002833,89.0,71.2,80.8051205185625,64.67732321997167,76-125,72.77700079956308,73.73751285141934,71.97061093463356,72.62287861263637,72.9311229864898
74,78,27.09194861595037,31.25466589053374,88.0,70.39999999999999,72.90805138404963,68.74533410946626,76-125,70.82148223710814,71.0722873755131,70.61334637337896,70.77881296243234,70.86415151178393
74,79,29.5904103855592,30.607927695220628,87.0,69.6,70.4095896144408,69.39207230477938,76-125,69.80129134528812,69.8822503067322,69.75041547980504,69.7712082493271,69.83137444124912
74,80,30.03063940302354,33.99030806247365,86.0,68.8,69.96936059697646,66.00969193752636,76-125,68.59274656659821,68.70968262629586,68.3947631336257,68.67379393987306,68.51169919332335
74,81,9.380701289967137,18.85052858241035,85.0,68.0,90.61929871003287,81.14947141758965,76-125,77.4156838965278,79.67761376753108,76.94219253190563,75.62724539014665,79.20412240290892
74,82,23.548429216361026,5.772880757011091,84.0,67.2,76.45157078363897,94.2271192429889,76-125,75.38089508368947,76.30605216205338,76.26967250665697,73.56696058235808,77.19482958502087
74,83,29.73209303074315,11.842607405099804,83.0,66.4,70.26790696925684,88.1573925949002,76-125,71.9118506097571,72.29864130668278,72.80632489103927,70.63058563154924,73.19311558796495
74,84,32.030562491503936,14.12562642105575,82.0,65.60000000000001,67.96943750849607,85.87437357894424,76-125,70.36570596833768,70.60264971918728,71.26095277186008,69.23351541396566,71.4978965227097
74,85,37.65927839108254,16.90057250186281,81.0,64.8,62.34072160891746,83.09942749813719,76-125,67.72210198230268,67.47617414319443,68.76003727676365,66.93009452694994,68.5141094376554
74,86,32.83491389487088,21.347485723566532,80.0,64.0,67.16508610512912,78.65251427643346,76-125,67.88002868682543,68.19653729733835,68.45440009539064,66.9891486677473,68.77090870590357
74,87,22.978970959641117,9.31077627646237,79.0,63.2,77.02102904035888,90.68922372353762,76-125,72.84415345681519,74.22625636085108,73.52756319097412,70.77864081862036,74.90966609501001
74,88,26.37474869608141,7.918329593269963,78.0,62.4,73.62525130391859,92.08167040673004,76-125,71.70390947252159,72.82643460291345,72.62673042766215,69.65856338698916,73.74925555805402
74,89,35.38386002818894,17.183506923432677,77.0,61.6,64.61613997181107,82.81649307656733,76-125,66.7481406068568,67.0497546040379,67.6581582620946,65.53650895443786,67.9597722592757
74,90,38.096377288564845,28.16052718563139,76.0,60.8,61.903622711435155,71.8394728143686,76-125,63.33898137630427,63.44934364744778,63.83577388145094,62.731826600014074,63.946136152594455
74,91,37.06536048250351,14.667532530515642,75.0,60.0,62.93463951749649,85.33246746948436,31-75,65.94688534914582,66.24034930089547,67.0667767467452,64.53352999979677,67.36024069849486
74,92,48.20366885834687,20.621931753329505,74.0,59.199999999999996,51.79633114165313,79.3780682466705,31-75,61.01451299183003,60.27414610599535,62.3935998470809,60.37579302241385,61.65323296124622
74,93,46.05935780669814,26.51926622353727,73.0,58.4,53.94064219330186,73.48073377646273,31-75,60.0783394132831,59.63240363261329,61.055343992441145,59.547270614794876,60.60940821177133
74,94,50.03050946611626,37.3739816635001,72.0,57.599999999999994,49.96949053388374,62.6260183364999,31-75,56.316050827465105,55.55299988085348,56.94887721759591,56.44627538394592,56.18582627098428
74,95,50.062663374840966,52.6046622639227,71.0,56.8,49.937336625159034,47.3953377360773,31-75,52.860268534763165,52.17400219727908,52.73316859030908,53.67363481670135,52.04690225282498
74,96,34.47098289344714,41.14968706056103,70.0,56.00000000000001,65.52901710655286,58.85031293943897,31-75,59.42876771985365,60.38166943050894,59.09483251149796,58.80980121755406,60.047734222153245
74,97,37.55737062766956,21.564842145073797,69.0,55.2,62.44262937233044,78.4351578549262,31-75,62.01982038268437,62.74408331991742,62.819446806814156,60.49593102132154,63.543709744047206
74,98,48.71320767541189,12.50195950370482,68.0,54.400000000000006,51.28679232458811,87.49804049629518,31-75,60.085645796635475,59.774325029094285,61.89620820522082,58.5864041555913,61.58488743767964
74,99,50.04590230042258,13.1972860299202,67.0,53.6,49.95409769957742,86.8027139700798,31-75,59.14677210388918,58.78218187384692,60.9892029174143,57.66893152040632,60.62461268737204
74,100,50.02198923111266,11.451832017087431,66.0,52.800000000000004,49.97801076888734,88.54816798291257,31-75,59.103036827248715,58.82083790413746,61.031544687949975,57.45672788965872,60.74934576483871
74,101,50.0015922887652,4.448449072198874,65.0,52.0,49.9984077112348,95.55155092780113,31-75,60.10983249893066,59.90967327005414,62.387489659758984,58.03233456697887,62.18733043088247
74,102,50.0383676666199,9.478028012558267,64.0,51.2,49.9616323333801,90.52197198744173,31-75,58.69288409750237,58.56904733084039,60.72090108020546,56.78870388146128,60.59706431354347
74,103,47.23842928790664,6.030297098419337,63.0,50.4,52.76157071209336,93.96970290158066,31-75,59.82241179394414,60.058568865153475,61.882818403418504,57.52584811326044,62.11897547462784
74,104,37.45121484428097,0.7516504313330982,62.0,49.6,62.54878515571903,99.2483495686669,31-75,63.414305460449086,64.709183976021,65.24928368109647,60.28444872422979,66.5441621966684
74,105,35.59715534696041,0.0,61.0,48.8,64.40284465303958,100.0,31-75,63.720853395911874,65.28113786121583,65.5007111632599,60.38071116325989,67.06099562856386
74,106,25.96096919246484,0.0,60.0,48.0,74.03903080753516,100.0,31-75,66.21170924226055,68.81561232301407,67.50975770188379,62.30975770188378,70.11366078263731
74,107,25.22389301071036,0.0,59.0,47.199999999999996,74.77610698928964,100.0,31-75,66.03283209678689,68.79044279571586,67.2940267473224,62.014026747322404,70.05163744625138
74,108,21.805488978400348,0.0,58.0,46.400000000000006,78.19451102159965,100.0,31-75,66.6583533064799,69.83780440863987,67.74862775539992,62.38862775539992,70.92807885755988
74,109,18.982567914660383,0.0,57.0,45.6,81.01743208533962,100.0,31-75,67.10522962560188,70.64697283413585,68.0543580213349,62.61435802133491,71.59610122986886
74,110,20.058256004464408,0.0,56.0,44.800000000000004,79.94174399553559,100.0,31-75,66.38252319866068,69.89669759821425,67.3854359988839,61.865435998883896,70.89961039843746
74,111,40.35037668758184,0.0,55.0,44.0,59.64962331241816,100.0,31-75,59.89488699372545,61.459849324967266,61.91240582810454,56.31240582810454,63.477368159346355
74,112,30.15870602628588,0.0,54.0,43.2,69.84129397371412,100.0,31-75,62.552388192114236,65.21651758948565,64.06032349342853,58.380323493428534,66.72445289079994
74,113,28.08741620221649,0.0,53.0,42.4,71.91258379778351,100.0,31-75,62.77377513933505,65.72503351911341,64.17814594944588,58.41814594944587,67.12940432922423
74,114,17.021011153958966,0.0,52.0,41.6,82.97898884604103,100.0,31-75,65.69369665381231,69.83159553841642,66.54474721151026,60.70474721151026,70.68264609611435
74,115,16.290485866166797,0.0,51.0,40.8,83.70951413383321,100.0,31-75,65.51285424014996,69.80380565353329,66.3273785334583,60.4073785334583,70.61832994684163
74,116,10.76443790199686,0.0,50.0,40.0,89.23556209800314,100.0,31-75,66.77066862940094,71.69422483920127,67.30889052450078,61.30889052450078,72.2324467343011
74,117,20.044349328544538,0.0,49.0,39.2,79.95565067145546,100.0,31-75,63.58669520143664,67.66226026858219,64.58891266786387,58.50891266786387,68.66447773500941
74,118,17.599189030628644,0.0,48.0,38.4,82.40081096937135,100.0,31-75,63.9202432908114,68.32032438774854,64.80020274234283,58.64020274234284,69.20028383927996
74,119,16.67745812793785,0.0,47.0,37.6,83.32254187206215,100.0,31-75,63.79676256161864,68.36901674882486,64.63063546801554,58.39063546801553,69.20288965522175
74,120,13.1364875403338,0.0,46.0,36.8,86.8635124596662,100.0,31-75,64.45905373789986,69.46540498386648,65.11587811491654,58.79587811491655,70.12222936088317
74,121,8.484928025126816,0.0,45.0,36.0,91.51507197487318,100.0,31-75,65.45452159246196,71.00602878994927,65.8787679937183,59.47876799371829,71.43027519120561
74,122,2.4031272581579435,0.0,44.0,35.199999999999996,97.59687274184206,100.0,31-75,66.87906182255261,73.11874909673682,66.9992181854605,60.51921818546052,73.23890545964471
74,123,0.3096582982163522,0.0,43.0,34.4,99.69034170178365,100.0,31-75,67.1071025105351,73.63613668071346,67.12258542544592,60.56258542544591,73.65161959562428
74,124,4.466681214271921,0.0,42.0,33.6,95.53331878572808,100.0,31-75,65.45999563571843,71.65332751429123,65.68332969643203,59.043329696432025,71.87666157500483
74,125,6.631785205800888,0.0,41.0,32.800000000000004,93.3682147941991,100.0,31-75,64.41046443825974,70.46728591767965,64.74205369854978,58.02205369854978,70.79887517796969
74,126,3.0121144586502298,0.0,40.0,32.0,96.98788554134977,100.0,31-75,65.09636566240493,71.59515421653991,65.24697138533745,58.44697138533744,71.74575993947242
74,127,0.0,0.0,39.0,31.2,100.0,100.0,31-75,65.6,72.48,65.6,58.72,72.48
74,128,24.263683990241205,0.0,38.0,30.4,75.7363160097588,100.0,31-75,57.920894802927634,62.454526403903515,59.1340790024397,52.1740790024397,63.66771060341558
74,129,20.55728656159005,15.731196730455329,37.0,29.599999999999998,79.44271343840995,84.26880326954468,31-75,55.48657468543192,60.47084602927292,55.72787917698865,50.260998850034184,60.71215052082965
74,130,37.485243720084966,46.719850715736136,36.0,28.799999999999997,62.514756279915034,53.280149284263864,31-75,43.810456740827284,47.181932368818785,43.34872639104472,40.90071146261833,46.72020201903623
74,131,49.028053029598425,78.09805400805575,35.0,28.000000000000004,50.971946970401575,21.901945991944245,31-75,33.671973289509324,35.969167986549486,32.218473240586455,32.82827864139203,34.51566793762662
74,132,50.27133409475674,100.0,34.0,27.200000000000003,49.72866590524326,0.0,31-75,28.51859977157298,30.771466362097307,26.032166476310817,28.752166476310816,28.285033066835144
74,133,50.30166581206031,100.0,33.0,26.400000000000002,49.69833418793969,0.0,31-75,28.109500256381907,30.43933367517588,25.624583546984923,28.264583546984923,27.954416965778893
74,134,50.560294059802,100.0,32.0,25.6,49.439705940198,0.0,31-75,27.6319117820594,30.015882376079205,25.159926485049503,27.7199264850495,27.543897079069303
74,135,50.46147689576868,100.0,31.0,24.8,49.53852310423132,0.0,31-75,27.261556931269396,29.73540924169253,24.78463077605783,27.264630776057828,27.25848308648096
74,136,50.31120091827889,100.0,30.0,24.0,49.68879908172111,0.0,0-30,26.90663972451633,29.475519632688446,24.422199770430275,26.822199770430274,26.99107967860239
74,137,50.37978056123573,100.0,29.0,23.200000000000003,49.62021943876427,0.0,0-30,26.486065831629283,29.128087775505712,24.00505485969107,26.325054859691072,26.647076803567497
74,138,50.314506301140064,98.55301996640112,28.0,22.400000000000002,49.685493698859936,1.4469800335988765,0-30,26.395044116377758,29.123593486263754,23.983118433114704,26.078420429754814,26.711667803000697
74,139,50.335811678287726,57.7600119796798,27.0,21.6,49.664188321712274,42.2399880203202,0-30,34.147254100577726,36.95367293274895,33.77604408550812,31.712045283476098,36.582462917679344
74,140,50.48663420676744,34.88584320692236,26.0,20.8,49.51336579323256,65.11415679307764,0-30,38.276841096585294,41.148177675908556,39.056880646577554,34.625464967269785,41.92821722590081
74,141,51.01364293875556,52.57821704128911,25.0,20.0,48.98635706124444,47.42178295871089,0-30,34.18026371011551,37.078899416239956,34.102035004988835,31.359856709117743,37.00067071111327
74,142,50.9947951784253,77.53119086958726,24.0,19.2,49.0052048215747,22.468809130412737,0-30,28.795323272554956,31.77584375471243,27.46850348799686,27.141622574955587,30.44902397015433
74,143,51.301824321426665,100.0,23.0,18.4,48.698175678573335,0.0,0-30,23.809452703572,26.839270271429335,21.374543919643333,23.214543919643333,24.404361487500665
74,144,51.24176225256306,100.0,22.0,17.599999999999998,48.75823774743694,0.0,0-30,23.427471324231078,26.543295098974774,20.98955943685923,22.749559436859233,24.105383211602927
74,145,51.19307823644006,100.0,21.0,16.8,48.80692176355994,0.0,0-30,23.042076529067984,26.242768705423977,20.601730440889988,22.281730440889987,23.80242261724598
74,146,51.45367076821662,100.0,20.0,16.0,48.54632923178338,0.0,0-30,22.563898769535015,25.818531692713357,20.136582307945844,21.736582307945845,23.391215231124185
74,147,51.42585999739725,100.0,19.0,15.2,48.57414000260275,0.0,0-30,22.172242000780827,25.5096560010411,19.743535000650688,21.263535000650688,23.080949000910962
74,148,51.47588138707204,100.0,18.0,14.399999999999999,48.52411861292796,0.0,0-30,21.757235583878384,25.169647445171186,19.331029653231987,20.771029653231988,22.743441514524783
74,149,51.70206089722007,100.0,17.0,13.600000000000001,48.29793910277993,0.0,0-30,21.28938173083398,24.759175641111973,18.87448477569498,20.23448477569498,22.344278685972974
74,150,52.24786630005935,100.0,16.0,12.8,47.75213369994065,0.0,0-30,20.725640109982194,24.220853479976263,18.338033424985163,19.618033424985164,21.833246794979228
74,151,52.28778580960682,100.0,15.0,12.0,47.71221419039318,0.0,0-30,20.313664257117956,23.884885676157275,17.928053547598296,19.128053547598295,21.499274966637614
74,152,52.240078347589474,100.0,14.0,11.200000000000001,47.759921652410526,0.0,0-30,19.927976495723158,23.58396866096421,17.539980413102633,18.65998041310263,21.195972578343685
74,153,52.53490828091017,100.0,13.0,10.4,47.46509171908983,0.0,0-30,19.439527515726947,23.14603668763593,17.066272929772456,18.10627292977246,20.77278210168144
74,154,52.32464846532165,100.0,12.0,9.6,47.67535153467835,0.0,0-30,19.102605460403502,22.91014061387134,16.718837883669586,17.678837883669587,20.52637303713742
74,155,52.39184549925041,100.0,11.0,8.799999999999999,47.60815450074959,0.0,0-30,18.682446350224875,22.563261800299838,16.302038625187397,17.182038625187396,20.182854075262355
74,156,52.72287392505767,100.0,10.0,8.0,47.27712607494233,0.0,0-30,18.1831378224827,22.11085042997693,15.819281518735583,16.619281518735583,19.746994126229815
74,157,52.88325284703892,100.0,9.0,7.199999999999999,47.11674715296108,0.0,0-30,17.735024145888325,21.72669886118443,15.37918678824027,16.09918678824027,19.37086150353638
74,158,53.090466984618345,100.0,8.0,6.4,46.909533015381655,0.0,0-30,17.272859904614496,21.323813206152664,14.927383253845413,15.567383253845414,18.978336555383578
74,159,53.2918936421438,100.0,7.0,5.6000000000000005,46.7081063578562,0.0,0-30,16.81243190735686,20.92324254314248,14.477026589464051,15.037026589464052,18.58783722524967
74,160,53.384020213143685,100.0,6.0,4.8,46.615979786856315,0.0,0-30,16.384793936056894,20.566391914742525,14.053994946714079,14.533994946714078,18.235592925399708
74,161,53.63750438895878,100.0,5.0,4.0,46.36249561104122,0.0,0-30,15.908748683312366,20.144998244416488,13.590623902760305,13.990623902760305,17.826873463864427
74,162,53.85636533122614,100.0,4.0,3.2,46.14363466877386,0.0,0-30,15.443090400632158,19.737453867509547,13.135908667193466,13.455908667193466,17.43027213407085
74,163,54.47374390118811,100.0,3.0,2.4,45.52625609881189,0.0,0-30,14.857876829643567,19.170502439524757,12.581564024702972,12.821564024702973,16.894189634584162
74,164,55.07611812975773,100.0,2.0,1.6,44.92388187024227,0.0,0-30,14.27716456107268,18.60955274809691,12.030970467560568,12.190970467560568,16.363358654584793
74,165,55.48180797526268,100.0,1.0,0.8,44.51819202473732,0.0,0-30,13.755457607421196,18.127276809894926,11.52954800618433,11.60954800618433,15.90136720865806
74,166,56.1893275449067,100.0,0.0,0.0,43.8106724550933,0.0,0-30,13.143201736527988,17.52426898203732,10.952668113773324,10.952668113773324,15.333735359282652
77,39,13.798239620522155,53.54941177706388,115.0,92.0,86.20176037947785,46.45058822293612,76-125,81.15064575843058,80.57082179637837,79.16308715060349,83.71802832830988,78.58326318855127
77,40,9.336387734222358,48.59336303305513,114.0,91.2,90.66361226577764,51.40663696694487,76-125,83.08041107312226,83.02677229970004,81.11756230818062,85.09689861148614,81.06392353475839
77,41,0.0,26.51124687440637,113.0,90.4,100.0,73.48875312559363,76-125,89.89775062511873,90.85775062511873,88.57218828139841,90.26331296883906,89.5321882813984
77,42,0.0,0.0,112.0,89.60000000000001,100.0,100.0,76-125,94.80000000000001,95.84,94.80000000000001,93.76,95.84
77,43,0.0,0.0,111.0,88.8,100.0,100.0,76-125,94.4,95.52000000000001,94.4,93.28,95.52000000000001
77,44,0.0,0.0,110.0,88.0,100.0,100.0,76-125,94.0,95.2,94.0,92.8,95.2
77,45,0.0,0.0,109.0,87.2,100.0,100.0,76-125,93.6,94.88,93.6,92.32,94.88
77,46,0.0,0.0,108.0,86.4,100.0,100.0,76-125,93.2,94.56,93.2,91.84,94.56
77,47,0.0,0.0,107.0,85.6,100.0,100.0,76-125,92.8,94.24000000000001,92.8,91.35999999999999,94.24000000000001
77,48,0.0,0.0,106.0,84.8,100.0,100.0,76-125,92.4,93.92,92.4,90.88,93.92
77,49,0.0,0.0,105.0,84.0,100.0,100.0,76-125,92.0,93.6,92.0,90.4,93.6
77,50,0.0,0.0,104.0,83.2,100.0,100.0,76-125,91.6,93.28,91.6,89.92,93.28
77,51,0.0,0.0,103.0,82.39999999999999,100.0,100.0,76-125,91.19999999999999,92.96000000000001,91.19999999999999,89.44,92.96000000000001
77,52,0.0,7.5681903398715775,102.0,81.6,100.0,92.43180966012842,76-125,89.28636193202568,91.12636193202569,88.9079524150321,87.82477144901925,90.7479524150321
77,53,0.0,27.44417098860038,101.0,80.80000000000001,100.0,72.55582901139962,76-125,84.91116580227992,86.83116580227994,83.53895725284991,84.36337435170995,85.45895725284991
77,54,0.0,49.58697165469016,100.0,80.0,100.0,50.41302834530984,76-125,80.08260566906196,82.08260566906196,77.60325708632746,80.56195425179648,79.60325708632746
77,55,5.636541199533516,79.28034262122252,99.0,79.2,94.36345880046649,20.719657378777484,76-125,72.05296911589544,73.5693149959421,68.37077904481099,74.21881330693324,69.88712492485764
77,56,0.0,78.65032548371715,98.0,78.4,100.0,21.349674516282846,76-125,73.46993490325657,75.62993490325657,69.53741862907071,75.24245117744242,71.69741862907071
77,57,0.0,69.48075213913081,97.0,77.60000000000001,100.0,30.519247860869186,76-125,74.90384957217385,77.14384957217385,71.4298119652173,76.13788717913037,73.6698119652173
77,58,11.864451495660765,66.86980196466796,96.0,76.8,88.13554850433924,33.13019803533204,76-125,71.46670415836817,72.6002590088021,68.71643663491783,73.08341683138461,69.84999148535174
77,59,17.998324044329674,65.1729492800613,95.0,76.0,82.00167595567032,34.8270507199387,76-125,69.56591293068884,70.16608052625587,67.20718166890225,71.32447659690838,67.8073492644693
77,60,29.61138218943845,77.39912072435204,94.0,75.2,70.38861781056156,22.600879275647955,76-125,63.23676119829806,62.755622979354214,60.84737427155238,66.10728634398758,60.36623605260854
77,61,50.0030557894685,100.0,93.0,74.4,49.9969442105315,0.0,76-125,52.19908326315945,49.7587776842126,49.69923605263288,57.139236052632874,47.25893047368603
77,62,50.11794538431654,100.0,92.0,73.6,49.88205461568346,0.0,76-125,51.764616384705036,49.39282184627338,49.27051365392086,56.63051365392086,46.89871911548921
77,63,44.186428157486205,100.0,91.0,72.8,55.813571842513795,0.0,76-125,53.14407155275414,51.44542873700552,50.35339296062845,57.63339296062845,48.65475014487983
77,64,44.38317855635292,100.0,90.0,72.0,55.61682144364708,0.0,76-125,52.68504643309413,51.046728577458836,49.904205360911774,57.10420536091176,48.26588750527648
77,65,7.290340092007638,69.03114219617818,89.0,71.2,92.70965990799236,30.96885780382182,76-125,69.60666953316208,71.75763552396131,66.51962942795355,70.54274364757137,68.67059541875278
77,66,8.253410936460352,22.284363190586188,88.0,70.39999999999999,91.74658906353964,77.71563680941381,76-125,78.26710408094465,80.40176298729862,77.56555646823836,76.83399278729698,79.70021537459232
77,67,18.719145960177727,0.0,87.0,69.6,81.28085403982227,100.0,76-125,79.18425621194667,80.3523416159289,80.12021350995556,77.08021350995557,81.2882989139378
77,68,19.53311130348927,0.0,86.0,68.8,80.46688869651072,100.0,76-125,78.54006660895321,79.7067554786043,79.51672217412768,76.39672217412767,80.68341104377875
77,69,25.92817000665373,0.0,85.0,68.0,74.07182999334627,100.0,76-125,76.22154899800388,76.82873199733851,77.51795749833657,74.31795749833657,78.1251404976712
77,70,25.96041024246804,0.0,84.0,67.2,74.03958975753196,100.0,76-125,75.81187692725959,76.49583590301279,77.10989743938299,73.82989743938299,77.79385641513619
77,71,31.60705725794338,0.0,83.0,66.4,68.39294274205662,100.0,76-125,73.71788282261699,73.91717709682266,75.29823568551416,71.93823568551416,75.49752995971981
77,72,42.80604524543718,4.210704181211187,82.0,65.60000000000001,57.19395475456282,95.78929581878882,76-125,69.11604559012662,68.2754410655829,71.04581264333791,68.02688306145903,70.20520811879419
77,73,50.015935660021725,44.00906592663663,81.0,64.8,49.984064339978275,55.99093407336337,76-125,58.59340611666615,57.11181255066399,58.893749603335415,59.774656195999064,57.41215603733324
77,74,50.119514257070485,90.2201342140405,80.0,64.0,49.880485742929515,9.779865785959501,76-125,48.92011888007075,47.50816745436371,46.91508788222225,52.337101303626305,45.50313645651521
77,75,50.14118178411945,95.45209015956148,79.0,63.2,49.85881821588055,4.547909840438521,76-125,47.46722743285187,46.13310925443993,45.201682014079765,51.06689103003592,43.86756383566782
77,76,50.152084332177,91.9344682998666,78.0,62.4,49.847915667823,8.065531700133405,76-125,47.76748104037358,46.512272607155886,45.6783618419891,51.11180867197576,44.4231534087714
77,77,50.16664802681213,90.07225065744326,77.0,61.6,49.83335197318787,9.927749342556737,76-125,47.73555546046771,46.5588906577865,45.74027532893615,50.907500394680476,44.563610526254934
77,78,50.14898224286807,79.0083866063221,76.0,60.8,49.85101775713193,20.991613393677895,76-125,49.553628005875154,48.45872978158835,48.11065778770245,52.09149644833467,47.01575956341564
77,79,50.03924204176736,58.39026306904128,75.0,60.0,49.96075795823264,41.60973693095872,31-75,53.31017477366154,52.3062505694848,52.89262372229784,54.73165002920197,51.8886995181211
77,80,50.172910745458125,42.29668143941917,74.0,59.199999999999996,49.827089254541875,57.70331856058083,31-75,56.08879048847872,55.151499413932925,56.48260195378067,56.63227009772259,55.54531087923486
77,81,50.06138134822487,16.57597299083358,73.0,58.4,49.93861865177513,83.42402700916642,31-75,60.866390997365826,60.020252862543344,62.54066141523539,60.038258714318744,61.694523280412895
77,82,50.06258354752988,0.0,72.0,57.599999999999994,49.93741645247012,100.0,31-75,63.78122493574103,63.014966580988045,66.28435411311753,62.04435411311752,65.51809575836454
77,83,50.13029200843169,0.0,71.0,56.8,49.86970799156831,100.0,31-75,63.36091239747049,62.66788319662733,65.86742699789207,61.547426997892074,65.17439779704891
77,84,48.89426275836905,0.0,70.0,56.00000000000001,51.10573724163095,100.0,31-75,63.33172117248929,62.84229489665239,65.77643431040774,61.37643431040774,65.28700803457083
77,85,40.682884861666565,0.0,69.0,55.2,59.317115138333435,100.0,31-75,65.39513454150003,65.80684605533338,67.42927878458336,62.949278784583356,67.8409902984167
77,86,48.23590909416119,0.0,68.0,54.400000000000006,51.76409090583881,100.0,31-75,62.72922727175165,62.46563636233553,65.14102272645971,60.58102272645971,64.87743181704359
77,87,39.90795658613018,0.0,67.0,53.6,60.09204341386982,100.0,31-75,64.82761302416094,65.47681736554793,66.82301085346745,62.18301085346745,67.47221519485444
77,88,35.39982364009705,0.0,66.0,52.800000000000004,64.60017635990295,100.0,31-75,65.78005290797088,66.96007054396118,67.55004408997574,62.830044089975736,68.73006172596604
77,89,39.75927588698657,0.0,65.0,52.0,60.24072411301343,100.0,31-75,64.07221723390403,64.89628964520537,66.06018102825335,61.260181028253356,66.8842534395547
77,90,42.89677400891461,0.0,64.0,51.2,57.10322599108539,100.0,31-75,62.73096779732562,63.321290396434165,64.87580649777135,59.99580649777135,65.46612909687988
77,91,23.65315408775784,0.0,63.0,50.4,76.34684591224216,100.0,31-75,68.10405377367265,70.69873836489687,69.28671147806054,64.32671147806053,71.88139606928476
77,92,19.153919625673417,0.0,62.0,49.6,80.84608037432659,100.0,31-75,69.05382411229797,72.17843214973064,70.01152009358165,64.97152009358165,73.1361281310143
77,93,24.54801067460346,0.0,61.0,48.8,75.45198932539654,100.0,31-75,67.03559679761896,69.70079573015862,68.26299733134914,63.142997331349136,70.9281962638888
77,94,35.340977384435945,0.0,60.0,48.0,64.65902261556406,100.0,31-75,63.39770678466921,65.06360904622562,65.164755653891,59.96475565389101,66.83065791544742
77,95,50.082437131979866,0.0,59.0,47.199999999999996,49.917562868020134,100.0,31-75,58.57526886040604,58.84702514720806,61.07939071700503,55.79939071700503,61.35114700380704
77,96,50.16712805504282,27.55409585938211,58.0,46.400000000000006,49.83287194495718,72.4459041406179,31-75,52.63904241161074,52.98232960610646,53.769694021393775,51.165103607331986,54.11298121588949
77,97,50.142192663968885,50.153895447323535,57.0,45.6,49.857807336031115,49.846104552676465,31-75,47.726563111344625,48.152343844947744,47.72597797217689,47.301367516909245,48.15175870578001
77,98,50.21581845735071,69.07274879767807,56.0,44.800000000000004,49.78418154264929,30.927251202321926,31-75,43.52070470325918,44.0191228575241,42.57785818624281,43.965133066010615,43.07627634050773
77,99,50.480202254221936,100.0,55.0,44.0,49.519797745778064,0.0,31-75,36.855939323733416,37.407919098311226,34.37994943644452,38.77994943644451,34.93192921102232
77,100,50.61575701118271,100.0,54.0,43.2,49.38424298881729,0.0,31-75,36.41527289664519,37.03369719552692,33.94606074720433,38.26606074720432,34.56448504608605
77,101,50.48858997588913,100.0,53.0,42.4,49.51141002411087,0.0,31-75,36.05342300723326,36.76456400964435,33.57785250602772,37.81785250602772,34.28899350843881
77,102,50.35301073855296,100.0,52.0,41.6,49.64698926144704,0.0,31-75,35.694096778434115,36.49879570457882,33.21174731536176,37.37174731536176,34.016446241506465
77,103,50.19211027813925,68.89863230809884,51.0,40.8,49.80788972186075,31.10136769190116,31-75,41.56264045493845,42.46342942712453,40.62731435344047,41.59717758425035,41.528103325626546
77,104,50.18306371506454,24.96151523668224,50.0,40.0,49.81693628493546,75.03848476331777,31-75,49.952777838144186,50.93447146663773,51.213855262063305,47.71000678573153,52.19554889055685
77,105,50.39764910654996,13.93083768708087,49.0,39.2,49.60235089345004,86.06916231291913,31-75,51.69453773061883,52.73477281996385,53.5178783015923,48.83096207030038,54.558113390937294
77,106,50.31718956315681,0.0,48.0,38.4,49.68281043684319,100.0,31-75,54.10484313105296,55.23312417473728,56.620702609210795,50.4607026092108,57.74898365289512
77,107,50.36077846810402,0.0,47.0,37.6,49.63922153189598,100.0,31-75,53.6917664595688,54.89568861275839,56.209805382974,49.969805382973995,57.41372753616359
77,108,50.28803982223943,0.0,46.0,36.8,49.71196017776057,100.0,31-75,53.31358805332817,54.60478407110423,55.82799004444014,49.50799004444014,57.1191860622162
77,109,50.39308032344528,0.0,45.0,36.0,49.60691967655472,100.0,31-75,52.88207590296641,54.24276787062189,55.40172991913868,49.001729919138675,56.76242188679415
77,110,50.055445921554345,0.0,44.0,35.199999999999996,49.944554078445655,100.0,31-75,52.583366223533694,54.05782163137826,55.08613851961141,48.60613851961141,56.560593927455976
77,111,50.020601832445934,0.0,43.0,34.4,49.979398167554066,100.0,31-75,52.19381945026622,53.751759267021626,54.694849541888516,48.134849541888514,56.25278935864392
77,112,39.33733571341696,0.0,42.0,33.6,60.66266428658304,100.0,31-75,54.99879928597491,57.70506571463322,56.96566607164576,50.325666071645756,59.67193250030407
77,113,43.80450880368602,0.0,41.0,32.800000000000004,56.19549119631398,100.0,31-75,53.258647358894194,55.598196478525594,55.4488727990785,48.7288727990785,57.78842191870989
77,114,50.00678851453504,0.0,40.0,32.0,49.99321148546496,100.0,31-75,50.997963445639485,52.79728459418598,53.49830287136624,46.69830287136624,55.29762401991273
77,115,50.03298304839589,0.0,39.0,31.2,49.96701695160411,100.0,31-75,50.590105085481234,52.46680678064165,53.09175423790103,46.211754237901026,54.968455933061435
77,116,37.665136187048816,0.0,38.0,30.4,62.334863812951184,100.0,31-75,53.90045914388536,57.09394552518047,55.783715953237795,48.823715953237794,58.97720233453291
77,117,50.03203576430429,0.0,37.0,29.599999999999998,49.96796423569571,100.0,31-75,49.790389270708715,51.827185694278285,52.29199105892393,45.25199105892393,54.328787482493496
77,118,50.0872885037658,0.0,36.0,28.799999999999997,49.9127114962342,100.0,31-75,49.37381344887026,51.485084598493685,51.87817787405855,44.758177874058546,53.98944902368197
77,119,44.553904243369495,0.0,35.0,28.000000000000004,55.446095756630505,100.0,31-75,50.63382872698915,53.37843830265221,52.86152393915763,45.661523939157625,55.606133514820684
77,120,36.857118071702985,0.0,34.0,27.200000000000003,63.142881928297015,100.0,31-75,52.5428645784891,56.13715277131881,54.385720482074255,47.105720482074254,57.98000867490396
77,121,37.57516759556707,0.0,33.0,26.400000000000002,62.42483240443293,100.0,31-75,51.92744972132988,55.52993296177317,53.80620810110823,46.44620810110823,57.408691341551524
77,122,34.59292342474473,0.0,32.0,25.6,65.40707657525527,100.0,31-75,52.42212297257658,56.402830630102116,54.15176914381382,46.71176914381382,58.13247680133935
77,123,37.25920434138701,0.0,31.0,24.8,62.74079565861299,100.0,31-75,51.2222386975839,55.0163182634452,53.08519891465325,45.565198914653244,56.87927848051454
77,124,36.38965701039556,0.0,30.0,24.0,63.61034298960444,100.0,0-30,51.08310289688133,55.04413719584178,52.90258574740111,45.30258574740111,56.863620046361554
77,125,39.78735753482486,0.0,29.0,23.200000000000003,60.21264246517514,100.0,0-30,49.66379273955255,53.36505698607006,51.65316061629379,43.97316061629379,55.3544248628113
77,126,29.37961916277338,0.0,28.0,22.400000000000002,70.62038083722662,100.0,0-30,52.38611425116799,57.20815233489065,53.855095209306654,46.095095209306656,58.677133293029314
77,127,48.02916466935203,0.0,27.0,21.6,51.97083533064797,100.0,0-30,46.39125059919439,49.428334132259195,48.792708832661994,40.952708832662,51.82979236572679
77,128,50.07951970985059,15.426151693926386,26.0,20.8,49.92048029014941,84.57384830607361,0-30,42.29091374825954,45.202961777274496,44.023582149055756,37.646197318448394,46.935630178070696
77,129,50.194915942033006,43.06633966365452,25.0,20.0,49.805084057966994,56.93366033634548,0-30,36.328257284659195,39.3087656904559,36.68468609857812,32.99132006494357,39.66519450437482
77,130,50.17452059623176,56.78031049511147,24.0,19.2,49.82547940376824,43.21968950488853,0-30,33.191581722108175,36.254129662485006,32.86129222716419,30.459323276675338,35.923840167541016
77,131,50.17551471234586,65.9441086952593,23.0,18.4,49.82448528765414,34.0558913047407,0-30,30.95852384724438,34.10097237600979,30.17009414809871,28.60450501762464,33.312542676864126
77,132,50.41615786689913,84.29566782921012,22.0,17.599999999999998,49.58384213310087,15.704332170789883,0-30,26.81601907408824,30.014403287398327,25.12204357597269,25.3116103588937,28.320427789282775
77,133,50.445224587412966,97.85720604057,21.0,16.8,49.554775412587034,2.1427939594299943,0-30,23.69499141566211,26.97046895692081,21.32439234300426,22.79011294706126,24.59986988426296
77,134,50.29047508740973,89.43588865941172,20.0,16.0,49.70952491259027,10.564111340588283,0-30,25.025679741894738,28.396632233153763,23.068409063294638,23.611997929235812,26.439361554553663
77,135,50.33199220754314,80.31079649120585,19.0,15.2,49.66800779245686,19.68920350879415,0-30,26.438243039495887,29.88504381874158,24.93930282531275,24.49038247443334,28.386103604558436
77,136,50.6701630489646,77.48621796108667,18.0,14.399999999999999,49.3298369510354,22.513782038913334,0-30,26.50170749309328,29.99469118819683,25.160904747487184,24.349526543595847,28.653888442590723
77,137,50.69338907121707,81.33224971406278,17.0,13.600000000000001,49.30661092878293,18.667750285937217,0-30,25.32553333582232,28.896194428700618,23.793590303680038,23.286815275086315,27.36425139655833
77,138,50.837482955645065,93.2856788053077,16.0,12.8,49.162517044354935,6.714321194692303,0-30,22.49161935224494,26.127871056680437,20.36920955976181,20.977777440292577,24.005461264197304
77,139,50.83087884219864,100.0,15.0,12.0,49.16912115780136,0.0,0-30,20.750736347340407,24.467648463120543,18.29228028945034,19.49228028945034,22.009192405230475
77,140,51.07227450220444,100.0,14.0,11.200000000000001,48.92772549779556,0.0,0-30,20.278317649338668,24.051090199118224,17.83193137444889,18.95193137444889,21.604703924228446
77,141,51.204575497965216,100.0,13.0,10.4,48.795424502034784,0.0,0-30,19.838627350610434,23.678169800813915,17.398856125508697,18.438856125508696,21.238398575712175
77,142,51.37830633599926,100.0,12.0,9.6,48.62169366400074,0.0,0-30,19.38650809920022,23.288677465600298,16.955423416000183,17.915423416000184,20.857592782400257
77,143,51.30643940437177,100.0,11.0,8.799999999999999,48.69356059562823,0.0,0-30,19.008068178688468,22.99742423825129,16.573390148907055,17.453390148907054,20.56274620846988
77,144,51.597030507473626,100.0,10.0,8.0,48.402969492526374,0.0,0-30,18.52089084775791,22.56118779701055,16.100742373131595,16.900742373131592,20.14103932238423
77,145,51.83572427909009,100.0,9.0,7.199999999999999,48.16427572090991,0.0,0-30,18.049282716272973,22.145710288363965,15.641068930227478,16.36106893022748,19.737496502318468
77,146,52.22673654299608,100.0,8.0,6.4,47.77326345700392,0.0,0-30,17.531979037101177,21.669305382801568,15.14331586425098,15.78331586425098,19.280642209951374
77,147,52.59967962894597,100.0,7.0,5.6000000000000005,47.40032037105403,0.0,0-30,17.020096111316207,21.200128148421612,14.650080092763508,15.210080092763508,18.83011212986891
77,148,53.05574902266146,100.0,6.0,4.8,46.94425097733854,0.0,0-30,16.48327529320156,20.697700390935417,14.136062744334636,14.616062744334634,18.35048784206849
77,149,53.76258154524804,100.0,5.0,4.0,46.23741845475196,0.0,0-30,15.871225536425587,20.094967381900787,13.55935461368799,13.95935461368799,17.783096459163186
77,150,54.52503614165544,100.0,4.0,3.2,45.47496385834456,0.0,0-30,15.242489157503368,19.469985543337824,12.96874096458614,13.28874096458614,17.196237350420596
77,151,54.86197444939367,100.0,3.0,2.4,45.13802555060633,0.0,0-30,14.741407665181898,19.015210220242533,12.484506387651582,12.724506387651582,16.758308942712215
77,152,55.35106095115778,100.0,2.0,1.6,44.64893904884222,0.0,0-30,14.194681714652667,18.49957561953689,11.962234762210556,12.122234762210557,16.267128667094777
77,153,56.24926455098293,100.0,1.0,0.8,43.75073544901707,0.0,0-30,13.525220634705121,17.82029417960683,11.337683862254268,11.417683862254268,15.632757407155975
77,154,57.47785795812663,100.0,0.0,0.0,42.52214204187337,0.0,0-30,12.756642612562011,17.00885681674935,10.630535510468343,10.630535510468343,14.882749714655679
78,39,0.0,9.645011137284303,192.0,100.0,100.0,90.3549888627157,RUL > 125,98.07099777254314,98.07099777254314,97.58874721567892,98.55324832940735,97.58874721567892
78,40,2.658097888689303,25.30975471450297,191.0,100.0,97.3419021113107,74.69024528549703,RUL > 125,94.14061969049261,93.87480990162369,93.00803684920193,95.53901232065222,92.74222706033301
78,41,0.0,29.658730930927124,190.0,100.0,100.0,70.34126906907288,RUL > 125,94.06825381381458,94.06825381381458,92.58531726726822,95.55119036036093,92.58531726726822
78,42,0.0,42.62913350058351,189.0,100.0,100.0,57.37086649941649,RUL > 125,91.4741732998833,91.4741732998833,89.34271662485412,93.60562997491247,89.34271662485412
78,43,6.2373453720729,58.83194464413365,188.0,100.0,93.7626546279271,41.16805535586635,RUL > 125,86.3624074595514,85.73867292234411,83.73267749594835,89.61587196036172,83.10894295874107
78,44,6.858405892495573,59.027337753692144,187.0,100.0,93.14159410750443,40.972662246307856,RUL > 125,86.1370106815129,85.45117009226334,83.52856408845307,89.43129786382228,82.8427234992035
78,45,28.812351990040856,63.62657528446339,186.0,100.0,71.18764800995915,36.37342471553661,RUL > 125,78.63097934609506,75.74974414709098,76.89026818137394,83.25292570982027,74.00903298236985
78,46,32.53084509662233,61.8990272521582,185.0,100.0,67.46915490337767,38.1009727478418,RUL > 125,77.86094102058166,74.60785651091942,76.39253191280487,82.58243463802069,73.13944740314264
78,47,31.46772220274591,67.27036650414463,184.0,100.0,68.5322777972541,32.72963349585537,RUL > 125,77.10561003834731,73.95883781807271,75.31547782327736,82.04251447369182,72.16870560300278
78,48,24.89131776262597,73.47308610750429,183.0,100.0,75.10868223737403,26.526913892495713,RUL > 125,77.83798744971135,75.34885567344875,75.40889903246743,82.75620764321786,72.91976725620484
78,49,28.636327457054712,66.65240221874583,182.0,100.0,71.3636725429453,33.347597781254166,RUL > 125,78.07862131913441,75.21498857342895,76.17781758104988,82.84305780292445,73.3141848353444
78,50,18.393568766053072,54.941799972296536,181.0,100.0,81.60643123394692,45.058200027703464,RUL > 125,83.49356937572477,81.65421249911947,81.66615781541259,87.16033781264225,79.82680093880728
78,51,29.8759220439147,46.16324029998329,180.0,100.0,70.1240779560853,53.83675970001671,RUL > 125,81.80457532682892,78.81698312243746,80.99020941402551,85.60653344402384,78.00261720963404
78,52,41.69552339183383,39.53217870873625,179.0,100.0,58.30447660816617,60.46782129126375,RUL > 125,79.5849072407026,75.41535490151922,79.69307447485748,83.6462923457311,75.5235221356741
78,53,38.93860314371363,31.806291832394407,178.0,100.0,61.06139685628637,68.19370816760559,RUL > 125,81.95716069040704,78.06330037603567,82.31377625597298,85.49440543921243,78.41991594160163
78,54,35.022733614269065,14.990990443221625,177.0,100.0,64.97726638573093,85.00900955677838,RUL > 125,86.49498182707495,82.99270846564804,87.49656898562732,88.99566802994948,83.99429562420042
78,55,45.65834472100798,25.3900846777152,176.0,100.0,54.34165527899202,74.60991532228479,RUL > 125,81.22447964815456,76.65864517605377,82.2378926503192,84.77690111809072,77.6720581782184
78,56,45.76110208841608,36.57748396445989,175.0,100.0,54.23889791158392,63.42251603554011,RUL > 125,78.9561725805832,74.38006237174159,79.41535348678102,83.073101883227,74.8392432779394
78,57,50.03123908773962,50.053248499914815,174.0,100.0,49.96876091226038,49.946751500085185,RUL > 125,74.97997857369515,69.97685466492119,74.9788781030864,79.98420295307787,69.97575419431243
78,58,50.35838950277416,76.39004961915438,173.0,100.0,49.64161049722584,23.609950380845618,RUL > 125,69.61447322533688,64.57863427505946,68.31289021951787,75.9518951814333,63.27705126924045
78,59,50.31060114908157,92.51611372859,172.0,100.0,49.68939885091843,7.48388627141,RUL > 125,66.40359690955752,61.37253679464937,64.2933212805821,73.54493265344111,59.26226116567395
78,60,50.18776820459807,79.52913090545621,171.0,100.0,49.81223179540193,20.470869094543787,RUL > 125,69.03784335752934,64.01906653706953,67.57077522248643,75.52368831303205,62.55199840202662
78,61,50.13544512745354,65.76428421406516,170.0,100.0,49.86455487254646,34.23571578593484,RUL > 125,71.8065096189509,66.79296510620554,71.02506766462032,77.60149608602684,66.01152315187497
78,62,50.081042282764095,54.505538281462265,169.0,100.0,49.918957717235905,45.494461718537735,RUL > 125,74.07457965887832,69.06647543060191,73.85335485894342,79.30390868708963,68.84525063066701
78,63,50.09562353940767,38.44817586239218,168.0,100.0,49.90437646059233,61.55182413760782,RUL > 125,77.28167776569927,72.2721154117585,77.86405014955004,81.70886773578925,72.85448779560927
78,64,50.11231543015645,15.740034911020189,167.0,100.0,49.88768456984355,84.25996508897981,RUL > 125,81.81829838874903,76.80706684573339,83.53691241470584,85.11091590580786,78.5256808716902
78,65,50.10682863297424,0.0,166.0,100.0,49.89317136702576,100.0,RUL > 125,84.96795141010773,79.9572685468103,87.47329284175643,87.47329284175643,82.46260997845901
78,66,50.04729927836664,0.0,165.0,100.0,49.95270072163336,100.0,RUL > 125,84.98581021649001,79.98108028865335,87.48817518040835,87.48817518040835,82.48344525257167
78,67,29.14293737613667,0.0,164.0,100.0,70.85706262386333,100.0,RUL > 125,91.257118787159,88.34282504954533,92.71426565596583,92.71426565596583,89.79997191835216
78,68,16.14784182698842,0.0,163.0,100.0,83.85215817301159,100.0,RUL > 125,95.15564745190348,93.54086326920464,95.9630395432529,95.9630395432529,94.34825536055405
78,69,22.476407838535888,0.0,162.0,100.0,77.52359216146411,100.0,RUL > 125,93.25707764843924,91.00943686458564,94.38089804036602,94.38089804036602,92.13325725651244
78,70,22.59029948987989,0.0,161.0,100.0,77.4097005101201,100.0,RUL > 125,93.22291015303603,90.96388020404804,94.35242512753003,94.35242512753003,92.09339517854204
78,71,13.96892059153902,0.0,160.0,100.0,86.03107940846098,100.0,RUL > 125,95.80932382253829,94.4124317633844,96.50776985211525,96.50776985211525,95.11087779296135
78,72,17.621949474497587,0.0,159.0,100.0,82.37805052550242,100.0,RUL > 125,94.71341515765073,92.95122021020097,95.59451263137561,95.59451263137561,93.83231768392585
78,73,17.718312453942545,0.0,158.0,100.0,82.28168754605746,100.0,RUL > 125,94.68450626381724,92.91267501842299,95.57042188651437,95.57042188651437,93.79859064112011
78,74,19.510440291619844,0.0,157.0,100.0,80.48955970838016,100.0,RUL > 125,94.14686791251404,92.19582388335206,95.12238992709504,95.12238992709504,93.17134589793305
78,75,0.0,0.0,156.0,100.0,100.0,100.0,RUL > 125,100.0,100.0,100.0,100.0,100.0
78,76,0.0,0.0,155.0,100.0,100.0,100.0,RUL > 125,100.0,100.0,100.0,100.0,100.0
78,77,0.6958703879917966,0.0,154.0,100.0,99.3041296120082,100.0,RUL > 125,99.79123888360246,99.72165184480329,99.82603240300205,99.82603240300205,99.75644536420288
78,78,0.0,0.0,153.0,100.0,100.0,100.0,RUL > 125,100.0,100.0,100.0,100.0,100.0
78,79,2.0200452883645283,0.0,152.0,100.0,97.97995471163547,100.0,RUL > 125,99.39398641349064,99.19198188465418,99.49498867790886,99.49498867790886,99.29298414907241
78,80,19.47891551180142,0.0,151.0,100.0,80.52108448819858,100.0,RUL > 125,94.15632534645957,92.20843379527943,95.13027112204965,95.13027112204965,93.1823795708695
78,81,26.211624729021,0.0,150.0,100.0,73.788375270979,100.0,RUL > 125,92.1365125812937,89.5153501083916,93.44709381774476,93.44709381774476,90.82593134484264
78,82,26.70153322219918,24.082928603199665,149.0,100.0,73.29846677780083,75.91707139680034,RUL > 125,87.17295431270031,84.5028009904804,87.3038845436503,89.71217740397026,84.63373122143037
78,83,21.875558949996787,42.4910260981456,148.0,100.0,78.12444105000321,57.5089739018544,RUL > 125,84.93912709537184,82.75157120037215,83.9083537379644,88.15745634777896,81.72079784296473
78,84,23.305218893761943,63.250192266959495,147.0,100.0,76.69478110623805,36.749807733040505,RUL > 125,80.35839587847951,78.02787398910333,78.36114720981963,84.68616643651559,76.03062532044343
78,85,13.463719226448989,51.98887719657496,146.0,100.0,86.53628077355101,48.01112280342504,RUL > 125,85.56310879275031,84.21673687010542,83.63685089424402,88.83573861390151,82.29047897159911
78,86,20.893148435655487,40.66764446088652,145.0,100.0,79.10685156434451,59.33235553911348,RUL > 125,85.59852657712605,83.5092117335605,84.6098017758645,88.67656622195315,82.52048693229895
78,87,10.029306866231156,21.05971629733491,144.0,100.0,89.97069313376885,78.94028370266508,RUL > 125,92.77926468066367,91.77633399404056,92.2277442091085,94.33371583884198,91.22481352248536
78,88,0.0,0.0,143.0,100.0,100.0,100.0,RUL > 125,100.0,100.0,100.0,100.0,100.0
78,89,0.0,0.0,142.0,100.0,100.0,100.0,RUL > 125,100.0,100.0,100.0,100.0,100.0
78,90,14.005229983329851,0.0,141.0,100.0,85.99477001667015,100.0,RUL > 125,95.79843100500105,94.39790800666806,96.49869250416754,96.49869250416754,95.09816950583455
78,91,37.25146847343154,0.0,140.0,100.0,62.74853152656846,100.0,RUL > 125,88.82455945797054,85.09941261062738,90.68713288164211,90.68713288164211,86.96198603429896
78,92,25.66461390417184,3.4514546475684047,139.0,100.0,74.33538609582816,96.54854535243159,RUL > 125,91.61032489923477,89.04386350881758,92.72098286206493,93.06612832682177,90.15452147164774
78,93,35.21320141517194,27.57741955794777,138.0,100.0,64.78679858482806,72.42258044205224,RUL > 125,83.92055566385886,80.39923552234167,84.30234475672006,87.06008671251485,80.78102461520288
78,94,49.5237298867433,63.12121548488566,137.0,100.0,50.4762701132567,36.87878451511434,RUL > 125,72.51863793699988,67.56626494832554,71.83876365709276,78.15088520558133,66.88639066841843
78,95,45.384705160584126,79.48655167089557,136.0,100.0,54.615294839415874,20.513448329104435,RUL > 125,70.48727811764564,65.94880760158723,68.78218579213008,76.73084095921963,64.24371527607167
78,96,50.09376994924418,100.0,135.0,100.0,49.90623005075582,0.0,RUL > 125,64.97186901522674,59.962492020302335,62.476557512688956,72.47655751268896,57.46718051776453
78,97,50.02267441553285,100.0,134.0,100.0,49.97732558446715,0.0,RUL > 125,64.99319767534014,59.99093023378686,62.49433139611679,72.49433139611679,57.492063954563505
78,98,50.05513885249768,95.51004956134312,133.0,100.0,49.94486114750232,4.4899504386568765,RUL > 125,65.88144843198207,60.8759345467323,63.608702896539796,73.1597078526741,58.60318901129003
78,99,50.01605433662421,63.06942981219038,132.0,100.0,49.98394566337579,36.93057018780962,RUL > 125,72.38129773657467,67.37969230291225,71.72862896279635,78.03557194401539,66.72702352913393
78,100,49.98770310007086,39.65441204568796,131.0,100.0,50.01229689992914,60.34558795431204,RUL > 125,77.07280666084115,72.07403635083406,77.5894712135603,81.55491241812909,72.5907009035532
78,101,50.02386889819778,35.801493877040635,130.0,100.0,49.97613110180222,64.19850612295937,RUL > 125,77.83254055513254,72.83015366531276,78.54365930619039,82.12380869389446,73.54127241637062
78,102,42.47121183936582,8.426828246681193,129.0,100.0,57.52878816063418,91.5731717533188,RUL > 125,85.57327079885403,81.32614961491744,87.27548997848825,88.11817280315637,83.02836879455165
78,103,35.55829714318421,0.0,128.0,100.0,64.4417028568158,100.0,RUL > 125,89.33251085704474,85.77668114272632,91.11042571420396,91.11042571420396,87.55459599988552
78,104,37.39536456060266,0.0,127.0,100.0,62.60463543939734,100.0,RUL > 125,88.7813906318192,85.04185417575894,90.65115885984933,90.65115885984933,86.91162240378907
78,105,36.20435390746294,0.0,126.0,100.0,63.79564609253706,100.0,RUL > 125,89.13869382776112,85.51825843701482,90.94891152313427,90.94891152313427,87.32847613238798
78,106,28.859080209771697,0.0,125.0,100.0,71.14091979022831,100.0,76-125,91.3422759370685,88.45636791609132,92.78522994755707,92.78522994755707,89.89932192657992
78,107,28.15609997782087,0.0,124.0,99.2,71.84390002217913,100.0,76-125,91.15317000665374,88.41756000887166,92.56097500554478,92.48097500554478,89.8253650077627
78,108,29.29644740325248,0.0,123.0,98.4,70.70355259674753,100.0,76-125,90.41106577902426,87.64142103869902,91.87588814918689,91.71588814918688,89.10624340886164
78,109,15.543281510470708,0.0,122.0,97.6,84.4567184895293,100.0,76-125,94.13701554685878,92.82268739581173,94.91417962238232,94.67417962238233,93.59985147133526
78,110,0.0,0.0,121.0,96.8,100.0,100.0,76-125,98.4,98.72,98.4,98.08,98.72
78,111,0.0,0.0,120.0,96.0,100.0,100.0,76-125,98.0,98.4,98.0,97.6,98.4
78,112,0.0,0.0,119.0,95.19999999999999,100.0,100.0,76-125,97.6,98.08,97.6,97.11999999999999,98.08
78,113,0.0,0.0,118.0,94.39999999999999,100.0,100.0,76-125,97.19999999999999,97.75999999999999,97.19999999999999,96.63999999999999,97.75999999999999
78,114,9.464141345486508,0.0,117.0,93.60000000000001,90.53585865451349,100.0,76-125,93.96075759635406,93.65434346180541,94.43396466362837,93.79396466362837,94.12755052907973
78,115,16.872911762812016,0.0,116.0,92.80000000000001,83.12708823718799,100.0,76-125,91.3381264711564,90.3708352948752,92.181772059297,91.461772059297,91.2144808830158
78,116,6.949313519971955,0.0,115.0,92.0,93.05068648002805,100.0,76-125,93.91520594400842,94.02027459201122,94.26267162000701,93.462671620007,94.36774026800981
78,117,32.35408274964052,15.93057568615119,114.0,91.2,67.64591725035947,84.06942431384881,76-125,82.70766003787762,80.35225176291357,83.52883539105207,84.2418929596672,81.17342711608802
78,118,42.00281174206384,70.03545194820275,113.0,90.4,57.99718825793616,29.96454805179725,76-125,68.59206608774029,65.35178491353392,67.19043407743335,73.23397927225363,63.950152903226964
78,119,40.04668797533106,100.0,112.0,89.60000000000001,59.95331202466894,0.0,76-125,62.785993607400684,59.821324809867576,59.78832800616724,68.74832800616724,56.823659208634126
78,120,29.978187535325656,100.0,111.0,88.8,70.02181246467434,0.0,76-125,65.4065437394023,63.528724985869744,61.90545311616859,70.78545311616858,60.02763436263602
78,121,17.223038040795306,75.04725704747499,110.0,88.0,82.7769619592047,24.952742952525014,76-125,73.82363717826641,73.30133337418688,70.93242622793242,77.23715193267992,70.4101224238529
78,122,25.62593456439459,47.97033845603927,109.0,87.2,74.37406543560542,52.02966154396073,76-125,76.31815193947376,75.03555848303431,75.20093174489153,78.71796559049545,73.91833828845208
78,123,21.19279034992953,20.079159155579145,108.0,86.4,78.80720965007046,79.92084084442085,76-125,82.82633106390531,82.06705202891236,82.88201262362283,83.52992853918076,82.12273358862987
78,124,0.0,0.0,107.0,85.6,100.0,100.0,76-125,92.8,94.24000000000001,92.8,91.35999999999999,94.24000000000001
78,125,6.438164926916127,0.0,106.0,84.8,93.56183507308387,100.0,76-125,90.46855052192515,91.34473402923355,90.79045876827097,89.27045876827097,91.66664227557936
78,126,11.808556495982662,0.0,105.0,84.0,88.19144350401734,100.0,76-125,88.4574330512052,88.87657740160694,89.04786087600434,87.44786087600434,89.46700522640607
78,127,21.37675197286989,0.0,104.0,83.2,78.6232480271301,100.0,76-125,85.18697440813904,84.72929921085205,86.25581200678252,84.57581200678253,85.79813680949553
78,128,18.671120976454343,0.0,103.0,82.39999999999999,81.32887902354565,100.0,76-125,85.5986637070637,85.49155160941827,86.53221975588642,84.7722197558864,86.42510765824098
78,129,16.70638937977118,0.0,102.0,81.6,83.29361062022882,100.0,76-125,85.78808318606865,85.95744424809152,86.6234026550572,84.7834026550572,86.79276371708008
78,130,5.037123222986116,0.0,101.0,80.80000000000001,94.96287677701389,100.0,76-125,88.88886303310417,90.30515071080556,89.14071919425348,87.22071919425348,90.55700687195487
78,131,12.274810225297058,0.0,100.0,80.0,87.72518977470294,100.0,76-125,86.31755693241088,87.09007590988118,86.93129744367573,84.93129744367573,87.70381642114603
78,132,14.718137167223544,3.237094109326585,99.0,79.2,85.28186283277645,96.76290589067341,76-125,84.53714002796762,85.14532631124527,85.11119218086247,83.35490159179513,85.7193784641401
78,133,15.106182612988396,14.222783586874344,98.0,78.4,84.89381738701161,85.77721641312566,76-125,81.82358849872861,82.47297023742978,81.86775845003432,81.13003680872174,82.51714018873548
78,134,30.793874444627303,17.077539737919032,97.0,77.60000000000001,69.2061255553727,82.92246026208096,76-125,76.146329719028,75.30694227456527,76.83214645436342,76.29990042815533,75.99275900990068
78,135,25.3896999377553,16.444366416797237,96.0,76.8,74.6103000622447,83.55563358320276,76-125,77.49421673531396,77.27524674153844,77.94148341136187,77.26592005304158,77.72251341758633
78,136,29.1519252920849,21.14305947357757,95.0,76.0,70.8480747079151,78.85694052642243,76-125,75.02581051765901,74.51061798845053,75.42625380858438,75.14055975594215,74.9110612793759
78,137,36.92624900730478,39.45764121974735,94.0,75.2,63.07375099269522,60.54235878025265,76-125,68.63059705385909,67.41797215312862,68.50402744323696,69.9697915652117,67.29140254250649
78,138,26.092233009708703,42.42836166496041,93.0,74.4,73.9077669902913,57.57163833503959,76-125,70.8866577640953,70.83743446312444,70.06985133133273,71.75268749782876,70.02062803036186
78,139,18.33539325038814,35.10320396087087,92.0,73.6,81.66460674961186,64.89679603912913,76-125,74.27874123270938,75.08520190767057,73.44035069718524,74.31067109327232,74.24681137214642
78,140,40.17249644060643,34.06742985278912,91.0,72.8,59.82750355939357,65.93257014721088,76-125,67.53476509726025,66.2375154531996,67.84001842665111,68.52676141193002,66.54276878259047
78,141,36.33452218271314,30.59027732873864,90.0,72.0,63.66547781728686,69.40972267126136,76-125,68.98158787943834,68.14813566116702,69.26880012213707,69.52782785501091,68.43534790386575
78,142,26.62091027466357,16.58476351454303,89.0,71.2,73.37908972533643,83.41523648545697,76-125,74.29677421469232,74.51468318722597,74.79858155269835,73.57705790415265,75.016490525232
78,143,9.71124196006323,0.0,88.0,70.39999999999999,90.28875803993677,100.0,76-125,82.28662741198103,84.27550321597471,82.77218950998419,79.8121895099842,84.76106531397787
78,144,3.8609582817608215,0.0,87.0,69.6,96.13904171823918,100.0,76-125,83.64171251547175,86.29561668729568,83.8347604295598,80.7947604295598,86.48866460138372
78,145,4.218060255703981,0.0,86.0,68.8,95.78193974429603,100.0,76-125,83.1345819232888,85.8327758977184,83.345484936074,80.225484936074,86.0436789105036
78,146,0.0,0.0,85.0,68.0,100.0,100.0,76-125,84.0,87.2,84.0,80.8,87.2
78,147,0.0,0.0,84.0,67.2,100.0,100.0,76-125,83.6,86.88,83.6,80.32,86.88
78,148,0.0,0.0,83.0,66.4,100.0,100.0,76-125,83.2,86.56,83.2,79.84,86.56
78,149,0.0,0.0,82.0,65.60000000000001,100.0,100.0,76-125,82.80000000000001,86.24000000000001,82.80000000000001,79.36000000000001,86.24000000000001
78,150,0.0,0.0,81.0,64.8,100.0,100.0,76-125,82.4,85.92,82.4,78.88,85.92
78,151,0.0,0.0,80.0,64.0,100.0,100.0,76-125,82.0,85.6,82.0,78.4,85.6
78,152,0.0,0.0,79.0,63.2,100.0,100.0,76-125,81.6,85.28,81.6,77.92,85.28
78,153,0.0,0.0,78.0,62.4,100.0,100.0,76-125,81.2,84.96000000000001,81.2,77.44,84.96000000000001
78,154,0.0,0.0,77.0,61.6,100.0,100.0,76-125,80.8,84.64,80.8,76.96000000000001,84.64
78,155,0.0,0.0,76.0,60.8,100.0,100.0,76-125,80.4,84.32,80.4,76.47999999999999,84.32
78,156,0.0,21.33444940723293,75.0,60.0,100.0,78.66555059276706,31-75,75.73311011855341,79.73311011855341,74.66638764819177,72.79983258891505,78.66638764819177
78,157,0.0,24.38869932367112,74.0,59.199999999999996,100.0,75.61130067632888,31-75,74.72226013526577,78.80226013526578,73.50282516908221,71.86169510144933,77.58282516908221
78,158,0.0,14.934818173554952,73.0,58.4,100.0,85.06518182644504,31-75,76.21303636528901,80.37303636528901,75.46629545661126,72.79977727396675,79.62629545661126
78,159,0.0,6.78750605213716,72.0,57.599999999999994,100.0,93.21249394786284,31-75,77.44249878957257,81.68249878957256,77.1031234869657,73.54187409217943,81.34312348696571
78,160,0.0,17.62003072697486,71.0,56.8,100.0,82.37996927302514,31-75,74.87599385460503,79.19599385460504,73.99499231825628,71.43699539095377,78.31499231825629
78,161,0.0,10.719551931493111,70.0,56.00000000000001,100.0,89.28044806850689,31-75,75.85608961370139,80.25608961370139,75.32011201712672,71.99206721027603,79.72011201712672
78,162,0.0,6.832537448605905,69.0,55.2,100.0,93.1674625513941,31-75,76.23349251027882,80.71349251027883,75.89186563784853,72.09511938270911,80.37186563784852
78,163,0.0,8.695153675669138,68.0,54.400000000000006,100.0,91.30484632433087,31-75,75.46096926486618,80.02096926486618,75.02621158108272,71.33572694864964,79.58621158108272
78,164,0.0,0.0,67.0,53.6,100.0,100.0,31-75,76.8,81.44,76.8,72.16,81.44
78,165,0.0,0.0,66.0,52.800000000000004,100.0,100.0,31-75,76.4,81.12,76.4,71.68,81.12
78,166,0.0,0.0,65.0,52.0,100.0,100.0,31-75,76.0,80.8,76.0,71.2,80.8
78,167,0.0,0.0,64.0,51.2,100.0,100.0,31-75,75.6,80.48,75.6,70.72,80.48
78,168,0.0,0.0,63.0,50.4,100.0,100.0,31-75,75.2,80.16,75.2,70.24,80.16
78,169,0.0,0.0,62.0,49.6,100.0,100.0,31-75,74.8,79.84,74.8,69.75999999999999,79.84
78,170,0.0,33.75331051763572,61.0,48.8,100.0,66.24668948236427,31-75,67.64933789647286,72.76933789647285,65.96167237059106,64.21700342235464,71.08167237059106
78,171,0.0,47.50886412216598,60.0,48.0,100.0,52.49113587783402,31-75,64.4982271755668,69.69822717556681,62.1227839694585,61.6736703816751,67.32278396945851
78,172,0.6862117320473948,71.12969451992143,59.0,47.199999999999996,99.3137882679526,28.87030548007857,31-75,59.1681975764015,64.37957640319675,55.64602343700779,57.47899288899993,60.85740226380305
78,173,18.80560434567968,100.0,58.0,46.400000000000006,81.19439565432032,0.0,31-75,47.5583186962961,51.03775826172813,43.49859891358008,48.13859891358008,46.97803847901211
78,174,20.882483669716866,100.0,57.0,45.6,79.11751633028314,0.0,31-75,46.53525489908494,49.88700653211326,42.57937908257078,47.139379082570784,45.931130715599096
78,175,32.40014022937518,100.0,56.0,44.800000000000004,67.59985977062482,0.0,31-75,42.679957931187445,44.959943908249926,39.2999649426562,43.77996494265621,41.579950919718684
78,176,35.145613181561295,100.0,55.0,44.0,64.85438681843871,0.0,31-75,41.45631604553161,43.54175472737549,38.21359670460968,42.61359670460968,40.29903538645355
78,177,32.17691795866092,100.0,54.0,43.2,67.82308204133908,0.0,31-75,41.94692461240172,44.409232816535635,38.55577051033477,42.875770510334775,41.01807871446867
78,178,24.164481544812546,91.29346409081322,53.0,42.4,75.83551845518745,8.706535909186783,31-75,45.69196271839359,49.03551456391234,42.33551359109356,45.70486000017488,45.679065436612305
78,179,33.128027273182546,78.36988221598962,52.0,41.6,66.87197272681746,21.63011778401038,31-75,45.18761537484732,47.714812647529065,42.92552262770697,44.92251084930592,45.4527199003887
78,180,50.02628234390305,82.85550580208792,51.0,40.8,49.97371765609695,17.14449419791208,31-75,38.8210141364115,39.7383859020212,37.17955296350226,39.54510354371105,38.09692472911195
78,181,50.14091383044524,79.04929568472839,50.0,40.0,49.85908616955476,20.950704315271608,31-75,39.14786671392075,40.13377533087623,37.70244762120659,39.60737718967943,38.68835623816206
78,182,50.06675425844325,67.9220046907422,49.0,39.2,49.93324574155675,32.0779953092578,31-75,40.99557278431859,42.06889735847426,40.10281026270364,40.81501073177785,41.17613483685931
78,183,50.20097483494469,75.29715660297404,48.0,38.4,49.79902516505531,24.70284339702596,31-75,39.08027622892179,40.22017874542732,37.82546714052032,39.195182800817726,38.965369657025846
78,184,50.2096693595775,76.20585587073006,47.0,37.6,49.7903306404225,23.794144129269938,31-75,38.49592801798074,39.714961082022995,37.19611869242311,38.57670427949612,38.41515175646536
78,185,50.17743642181482,77.97198429423814,46.0,36.8,49.82256357818518,22.02801570576186,31-75,37.752372214607924,39.05462857242644,36.36264482098676,37.83984325041057,37.66490117880528
78,186,50.13808581490438,73.48159069007988,45.0,36.0,49.86191418509562,26.518409309920116,31-75,38.26225611751271,39.648447536022275,37.095080873753936,38.04323994276192,38.4812722922635
78,187,50.313738894589456,73.5703190910348,44.0,35.199999999999996,49.686261105410544,26.429680908965196,31-75,37.7918145134162,39.24044062395726,36.62898550359393,37.50601741269742,38.07761161413499
78,188,50.38120414828349,61.50078706752107,43.0,34.4,49.61879585171651,38.49921293247893,31-75,39.78548134201074,41.30736092718239,39.22950219604886,38.819580902800965,40.751381781220516
78,189,50.33887438612319,44.66989755399871,42.0,33.6,49.66112561387681,55.33010244600129,31-75,42.764358173363306,44.37047073475098,43.04780701496953,40.8747967703694,44.65391957635721
78,190,50.38153516553346,42.51299590875686,41.0,32.800000000000004,49.61846483446654,57.48700409124314,31-75,42.78294026858859,44.46478675203525,43.17636723142742,40.70766682230311,44.858213714874076
78,191,50.49151378420329,52.89510264031074,40.0,32.0,49.50848621579671,47.10489735968926,31-75,40.27352533667687,42.02437395825654,40.15334589387149,38.642856157902564,41.90419451545117
78,192,50.24825788175807,33.10492816079162,39.0,31.2,49.75174211824193,66.89507183920838,31-75,43.90453700331425,45.75971121513845,44.761703489362574,41.19219630544174,46.616877701186766
78,193,50.32066630864579,27.68421640600016,38.0,30.4,49.67933369135421,72.31578359399984,31-75,44.56695682620623,46.494890195341654,45.69877932133851,41.50720096193853,47.62671269047394
78,194,50.25937809228385,16.602834127846045,37.0,29.599999999999998,49.74062190771615,83.39716587215395,31-75,46.40161974674563,48.41568193751725,48.084446944967524,42.704730357752126,50.098509135739135
78,195,50.2699661207357,2.6014123046036537,36.0,28.799999999999997,49.7300338792643,97.39858769539634,31-75,48.79872770285856,50.89173109078499,51.182155393665155,44.32229662412552,53.275158781591585
78,196,50.16121231910903,0.0,35.0,28.000000000000004,49.83878768089097,100.0,31-75,48.95163630426729,51.13551507235639,51.45969692022274,44.259696920222744,53.64357568831184
78,197,50.104686067944606,0.0,34.0,27.200000000000003,49.895313932055394,100.0,31-75,48.56859417961662,50.838125572822165,51.07382848301385,43.79382848301385,53.34335987621939
78,198,50.200964723485285,0.0,33.0,26.400000000000002,49.799035276514715,100.0,31-75,48.139710582954415,50.479614110605894,50.64975881912868,43.28975881912868,52.98966234678015
78,199,50.283855274592135,0.0,32.0,25.6,49.716144725407865,100.0,31-75,47.71484341762236,50.12645789016315,50.229036181351965,42.78903618135197,52.64065065389275
78,200,50.37924199297691,0.0,31.0,24.8,49.62075800702309,100.0,31-75,47.28622740210693,49.768303202809236,49.80518950175578,42.285189501755774,52.28726530245808
78,201,50.424066092517705,14.88865384364592,30.0,24.0,49.575933907482295,85.11134615635407,0-30,43.8950494035155,46.45264279426374,45.67182001595909,39.560685400323685,48.22941340670732
78,202,50.31625611579914,17.107472575921594,29.0,23.200000000000003,49.68374388420086,82.89252742407841,0-30,43.08362865007594,45.73200303849603,44.74406782706981,38.774815084661974,47.39244221548991
78,203,50.35681956565607,27.67533273479964,28.0,22.400000000000002,49.64318043434393,72.32466726520036,0-30,40.55788758334325,43.282205626777646,41.69196192488607,36.69949519836604,44.41627996832047
78,204,50.412532110429446,36.24815126114234,27.0,21.6,49.587467889570554,63.75184873885766,0-30,38.4266101146427,41.22535690359976,39.134829157107056,34.91964428322129,41.93357594606411
78,205,50.72356326262676,66.06416714660187,26.0,20.8,49.27643673737324,33.935832853398125,0-30,31.970097591891594,34.817741265628925,31.20306739769284,29.889484112353028,34.050711071430165
78,206,50.54121692899787,65.39574074937202,25.0,20.0,49.45878307100213,34.604259250627976,0-30,31.758486771426234,34.70436507852645,31.015760580407527,29.55533465534473,33.96163888750774
78,207,50.67941822741229,63.60398160228342,24.0,19.2,49.32058177258771,36.39601839771658,0-30,31.675378211319625,34.6874363885784,31.02915004257607,29.309548202804415,34.04120821983484
78,208,50.67478664682289,60.73694514593766,23.0,18.4,49.32521335317711,39.26305485406234,0-30,31.850174976765597,34.942696312083314,31.347067051809866,29.260761566403627,34.43958838712757
78,209,50.90790740776117,74.65839226612832,22.0,17.599999999999998,49.09209259223883,25.341607733871683,0-30,28.595949324445982,31.74515858366987,27.408425081527625,26.63426430814046,30.55763434075151
78,210,51.32850580188516,100.0,21.0,16.8,48.67149419811484,0.0,0-30,23.001448259434454,26.188597679245937,20.567873549528713,22.247873549528713,23.755022969340196
78,211,51.66152192773853,100.0,20.0,16.0,48.33847807226147,0.0,0-30,22.50154342167844,25.73539122890459,20.084619518065367,21.684619518065368,23.318467325291515
78,212,51.98576077464661,100.0,19.0,15.2,48.01423922535339,0.0,0-30,22.004271767606017,25.28569569014136,19.603559806338346,21.12355980633835,22.884983728873685
78,213,52.29538909489704,100.0,18.0,14.399999999999999,47.70461090510296,0.0,0-30,21.51138327153089,24.841844362041186,19.12615272627574,20.56615272627574,22.45661381678603
78,214,52.48825134630676,100.0,17.0,13.600000000000001,47.51174865369324,0.0,0-30,21.05352459610797,24.4446994614773,18.67793716342331,20.037937163423308,22.069112028792635
78,215,52.74214902759329,100.0,16.0,12.8,47.25785097240671,0.0,0-30,20.577355291722014,24.023140388962684,18.214462743101677,19.49446274310168,21.660247840342347
78,216,53.22829894867346,100.0,15.0,12.0,46.77170105132654,0.0,0-30,20.03151031539796,23.508680420530617,17.692925262831636,18.892925262831632,21.170095367964286
78,217,53.6446872504106,100.0,14.0,11.200000000000001,46.3553127495894,0.0,0-30,19.50659382487682,23.022125099835762,17.188828187397352,18.308828187397353,20.70435946235629
78,218,54.22428887585473,100.0,13.0,10.4,45.77571112414527,0.0,0-30,18.93271333724358,22.47028444965811,16.643927781036318,17.683927781036317,20.181498893450843
78,219,54.864601300110586,100.0,12.0,9.6,45.135398699889414,0.0,0-30,18.340619609966822,21.894159479955768,16.083849674972353,17.043849674972353,19.637389544961295
78,220,54.98508093546317,100.0,11.0,8.799999999999999,45.01491906453683,0.0,0-30,17.90447571936105,21.52596762581473,15.653729766134205,16.533729766134208,19.27522167258789
78,221,55.2938950171405,100.0,10.0,8.0,44.7061049828595,0.0,0-30,17.41183149485785,21.0824419931438,15.176526245714875,15.976526245714876,18.847136744000824
78,222,55.89511281406347,100.0,9.0,7.199999999999999,44.10488718593653,0.0,0-30,16.83146615578096,20.521954874374615,14.626221796484133,15.346221796484134,18.316710515077787
78,223,56.934027482963685,100.0,8.0,6.4,43.065972517036315,0.0,0-30,16.119791755110896,19.786389006814524,13.966493129259078,14.606493129259079,17.63309038096271
78,224,57.64072483130349,100.0,7.0,5.6000000000000005,42.35927516869651,0.0,0-30,15.507782550608955,19.183710067478607,13.389818792174129,13.949818792174128,17.065746309043778
78,225,58.63095814499108,100.0,6.0,4.8,41.36904185500892,0.0,0-30,14.810712556502677,18.46761674200357,12.742260463752231,13.222260463752232,16.399164649253123
78,226,59.55157033540315,100.0,5.0,4.0,40.44842966459685,0.0,0-30,14.134528899379054,17.779371865838744,12.112107416149213,12.512107416149213,15.756950382608897
78,227,60.67235961983109,100.0,4.0,3.2,39.32764038016891,0.0,0-30,13.398292114050673,17.011056152067564,11.431910095042227,11.751910095042227,15.044674133059118
78,228,61.41320496312661,100.0,3.0,2.4,38.58679503687339,0.0,0-30,12.776038511062016,16.39471801474936,10.846698759218347,11.086698759218347,14.465378262905684
78,229,62.26720498770917,100.0,2.0,1.6,37.73279501229083,0.0,0-30,12.11983850368725,15.733118004916333,10.233198753072708,10.393198753072706,13.84647825430179
78,230,63.39561671598198,100.0,1.0,0.8,36.60438328401802,0.0,0-30,11.381314985205407,14.96175331360721,9.551095821004505,9.631095821004505,13.131534149406306
78,231,64.51957195156773,100.0,0.0,0.0,35.48042804843227,0.0,0-30,10.644128414529682,14.19217121937291,8.870107012108068,8.870107012108068,12.418149816951296
81,39,0.0,0.0,201.0,100.0,100.0,100.0,RUL > 125,100.0,100.0,100.0,100.0,100.0
81,40,0.0,0.0,200.0,100.0,100.0,100.0,RUL > 125,100.0,100.0,100.0,100.0,100.0
81,41,0.0,0.0,199.0,100.0,100.0,100.0,RUL > 125,100.0,100.0,100.0,100.0,100.0
81,42,0.0,0.0,198.0,100.0,100.0,100.0,RUL > 125,100.0,100.0,100.0,100.0,100.0
81,43,0.0,0.0,197.0,100.0,100.0,100.0,RUL > 125,100.0,100.0,100.0,100.0,100.0
81,44,0.0,0.0,196.0,100.0,100.0,100.0,RUL > 125,100.0,100.0,100.0,100.0,100.0
81,45,0.0,0.0,195.0,100.0,100.0,100.0,RUL > 125,100.0,100.0,100.0,100.0,100.0
81,46,0.0,8.212214260613777,194.0,100.0,100.0,91.78778573938622,RUL > 125,98.35755714787724,98.35755714787724,97.94694643484655,98.76816786090794,97.94694643484655
81,47,0.0,15.409850882957318,193.0,100.0,100.0,84.59014911704269,RUL > 125,96.91802982340855,96.91802982340855,96.14753727926067,97.6885223675564,96.14753727926067
81,48,0.0,22.790689124608743,192.0,100.0,100.0,77.20931087539125,RUL > 125,95.44186217507826,95.44186217507826,94.3023277188478,96.58139663130869,94.3023277188478
81,49,0.0,25.344032991284205,191.0,100.0,100.0,74.65596700871579,RUL > 125,94.93119340174316,94.93119340174316,93.66399175217894,96.19839505130737,93.66399175217894
81,50,13.462959054453377,27.92921380398116,190.0,100.0,86.53704094554662,72.07078619601884,RUL > 125,90.37526952286777,89.02897361742242,89.65195678539136,92.44487816578948,88.30566087994603
81,51,19.9654703049989,41.764055419553415,189.0,100.0,80.0345296950011,58.235944580446585,RUL > 125,85.65754782458966,83.66100079408976,84.56761856886192,88.74402411081726,82.57107153836202
81,52,24.434677973256257,56.65323348861507,188.0,100.0,75.56532202674374,43.34676651138493,RUL > 125,81.33894991030012,78.89548211297449,79.72802213453217,85.39334548339367,77.28455433720654
81,53,18.001565954311,63.99189324649464,187.0,100.0,81.998434045689,36.00810675350536,RUL > 125,81.80115156440777,80.00099496897668,79.50163519979859,85.90082452444805,77.70147860436748
81,54,28.26954446916745,70.97967940214926,186.0,100.0,71.73045553083256,29.02032059785074,RUL > 125,77.32320077881991,74.49624633190317,75.18769403217082,82.28566197238575,72.36073958525408
81,55,27.802083407860025,73.13962242124572,185.0,100.0,72.19791659213998,26.86037757875428,RUL > 125,77.03145049339284,74.25124215260684,74.76457354272355,82.07853578484813,71.98436520193755
81,56,39.325217677486776,81.94367634529502,184.0,100.0,60.674782322513224,18.056323654704983,RUL > 125,71.81369942769497,67.88117765994629,69.68277649430456,77.87714412883406,65.75025472655588
81,57,38.49090655429235,78.43026561869955,183.0,100.0,61.50909344570765,21.56973438130045,RUL > 125,72.76667490997238,68.91758425454314,70.76970695675203,78.61273351862198,66.9206163013228
81,58,40.52280158258867,65.68001606157183,182.0,100.0,59.47719841741133,34.319983938428166,RUL > 125,74.70715631290904,70.65487615465017,73.44929558895987,80.01729719511705,69.397015430701
81,59,36.77215767219239,47.04839708093,181.0,100.0,63.22784232780761,52.95160291907,RUL > 125,79.55867328215629,75.88145751493705,79.0448613117194,83.74970101981239,75.36764554450016
81,60,25.88358815491056,28.344185877512476,180.0,100.0,74.11641184508944,71.65581412248753,RUL > 125,86.56608637802435,83.97772756253329,86.44305649189424,89.27747507964548,83.85469767640319
81,61,31.861759592476275,19.376235693274925,179.0,100.0,68.13824040752372,80.62376430672508,RUL > 125,86.56622498360214,83.3800490243545,87.1905011785622,89.12812474788969,84.00432521931458
81,62,40.28240836797335,20.208941771763765,178.0,100.0,59.71759163202665,79.79105822823624,RUL > 125,83.87348913525526,79.84524829845792,84.87716246506572,86.8980566422421,80.84892162826839
81,63,39.810117978693725,10.702705232900666,177.0,100.0,60.189882021306275,89.29729476709933,RUL > 125,85.91642355981176,81.93541176194239,87.37179419710141,88.44206472039147,83.39078239923202
81,64,32.07196950726544,1.1661740971735728,176.0,100.0,67.92803049273456,98.83382590282643,RUL > 125,90.14517432838565,86.93797737765911,91.69046409889026,91.80708150860761,88.4832671481637
81,65,18.12580935959536,0.0,175.0,100.0,81.87419064040463,100.0,RUL > 125,94.5622571921214,92.74967625616185,95.46854766010117,95.46854766010117,93.65596672414162
81,66,25.214055490767,0.0,174.0,100.0,74.785944509233,100.0,RUL > 125,92.4357833527699,89.9143778036932,93.69648612730825,93.69648612730825,91.17508057823156
81,67,24.36433970566143,0.0,173.0,100.0,75.63566029433858,100.0,RUL > 125,92.69069808830157,90.25426411773543,93.90891507358464,93.90891507358464,91.47248110301851
81,68,18.49704158945706,0.0,172.0,100.0,81.50295841054294,100.0,RUL > 125,94.45088752316289,92.60118336421718,95.37573960263573,95.37573960263573,93.52603544369003
81,69,12.302310565138686,0.0,171.0,100.0,87.69768943486132,100.0,RUL > 125,96.3093068304584,95.07907577394454,96.92442235871533,96.92442235871533,95.69419130220146
81,70,14.940778129941076,0.0,170.0,100.0,85.05922187005892,100.0,RUL > 125,95.51776656101768,94.02368874802357,96.26480546751473,96.26480546751473,94.77072765452061
81,71,0.0,0.0,169.0,100.0,100.0,100.0,RUL > 125,100.0,100.0,100.0,100.0,100.0
81,72,1.955520100736181,0.0,168.0,100.0,98.04447989926382,100.0,RUL > 125,99.41334396977915,99.21779195970552,99.51111997481595,99.51111997481595,99.31556796474234
81,73,0.0,0.0,167.0,100.0,100.0,100.0,RUL > 125,100.0,100.0,100.0,100.0,100.0
81,74,0.0,0.0,166.0,100.0,100.0,100.0,RUL > 125,100.0,100.0,100.0,100.0,100.0
81,75,0.0,0.0,165.0,100.0,100.0,100.0,RUL > 125,100.0,100.0,100.0,100.0,100.0
81,76,0.0,0.0,164.0,100.0,100.0,100.0,RUL > 125,100.0,100.0,100.0,100.0,100.0
81,77,0.0,0.0,163.0,100.0,100.0,100.0,RUL > 125,100.0,100.0,100.0,100.0,100.0
81,78,7.204641878501223,0.0,162.0,100.0,92.79535812149878,100.0,RUL > 125,97.83860743644964,97.11814324859952,98.1988395303747,98.1988395303747,97.47837534252457
81,79,9.185158223093454,0.0,161.0,100.0,90.81484177690655,100.0,RUL > 125,97.24445253307196,96.32593671076262,97.70371044422663,97.70371044422663,96.78519462191728
81,80,2.7678756680569907,13.716505309707658,160.0,100.0,97.23212433194301,86.28349469029234,RUL > 125,96.42633623764138,96.14954867083569,95.87890475555884,97.2505552865296,95.60211718875314
81,81,0.0,13.841719366379426,159.0,100.0,100.0,86.15828063362058,RUL > 125,97.23165612672412,97.23165612672412,96.53957015840514,97.92374209504308,96.53957015840514
81,82,0.0,10.328447277930287,158.0,100.0,100.0,89.67155272206972,RUL > 125,97.93431054441395,97.93431054441395,97.41788818051742,98.45073290831046,97.41788818051742
81,83,10.872918917372,23.59416638683078,157.0,100.0,89.127081082628,76.40583361316922,RUL > 125,92.01929104742224,90.93199915568503,91.3832286739493,93.74264531263239,90.2959367822121
81,84,0.0,18.791849995362544,156.0,100.0,100.0,81.20815000463746,RUL > 125,96.2416300009275,96.2416300009275,95.30203750115936,97.18122250069561,95.30203750115936
81,85,5.240491589814717,11.686884295711604,155.0,100.0,94.75950841018528,88.31311570428839,RUL > 125,96.09047566391325,95.5664265049318,95.76815602861842,96.93684445818958,95.24410686963694
81,86,0.0,2.6469484305018405,154.0,100.0,100.0,97.35305156949816,RUL > 125,99.47061031389964,99.47061031389964,99.33826289237454,99.60295773542472,99.33826289237454
81,87,0.0,0.0,153.0,100.0,100.0,100.0,RUL > 125,100.0,100.0,100.0,100.0,100.0
81,88,0.0,0.0,152.0,100.0,100.0,100.0,RUL > 125,100.0,100.0,100.0,100.0,100.0
81,89,4.226287999656524,0.3143489545501733,151.0,100.0,95.77371200034348,99.68565104544983,RUL > 125,98.66924380919302,98.24661500922737,98.86484076144833,98.89627565690334,98.44221196148268
81,90,8.12471828920164,9.920099507381844,150.0,100.0,91.87528171079836,90.07990049261815,RUL > 125,95.57856461176313,94.76609278284297,95.48879555085414,96.48080550159231,94.67632372193397
81,91,6.7010950054016405,12.98951080268731,149.0,100.0,93.29890499459836,87.0104891973127,RUL > 125,95.39176933784205,94.72165983730189,95.07734854797778,96.3762996282465,94.4072390474376
81,92,0.0,0.0,148.0,100.0,100.0,100.0,RUL > 125,100.0,100.0,100.0,100.0,100.0
81,93,0.0,4.003503002471268,147.0,100.0,100.0,95.99649699752874,RUL > 125,99.19929939950575,99.19929939950575,98.99912424938219,99.3994745496293,98.99912424938219
81,94,15.0544462012864,14.3335727797259,146.0,100.0,84.9455537987136,85.6664272202741,RUL > 125,92.61695158366891,91.11150696354026,92.65299525474693,94.08635253271952,91.14755063461828
81,95,18.709308440234373,30.61698466407934,145.0,100.0,81.29069155976563,69.38301533592066,RUL > 125,88.26381053511382,86.3928796910904,87.66842672392157,90.7301251903295,85.79749587989814
81,96,20.263144715284305,36.55818727022566,144.0,100.0,79.73685528471569,63.44181272977434,RUL > 125,86.60941913136958,84.58310465984115,85.79466700362252,89.45048573064508,83.76835253209407
81,97,25.99434968627253,43.09287803377836,143.0,100.0,74.00565031372747,56.90712196622164,RUL > 125,83.58311948736257,80.98368451873532,82.72819306998727,87.03748087336511,80.12875810136003
81,98,32.28826079801962,50.19822065583573,142.0,100.0,67.71173920198038,49.80177934416427,RUL > 125,80.27387762942696,77.045051549625,79.37837963653617,84.39820170211974,76.1495535567342
81,99,37.086309928382825,61.875010362960005,141.0,100.0,62.913690071617175,38.124989637039995,RUL > 125,76.49910494889315,72.79047395605488,75.2596699271643,81.4471709634603,71.55103893432602
81,100,31.55974773021589,66.52002447013062,140.0,100.0,68.44025226978411,33.47997552986938,RUL > 125,77.22807078690911,74.07209601388752,75.48005694991336,82.13205939692642,72.32408217689178
81,101,22.037252005065422,56.80310780204034,139.0,100.0,77.96274799493457,43.19689219795966,RUL > 125,82.0282028380723,79.82447763756576,80.28991004822356,85.9702208284276,78.086184847717
81,102,25.03501262779828,38.59917661059617,138.0,100.0,74.96498737220172,61.40082338940383,RUL > 125,84.76966088954127,82.26615962676145,84.0914526904014,87.95137035146101,81.58795142762156
81,103,34.508231321232614,24.014259406159816,137.0,100.0,65.49176867876739,75.98574059384018,RUL > 125,84.84467872239826,81.393855590275,85.36937731815189,87.77080325876787,81.91855418602863
81,104,47.2265348319752,30.366775339029505,136.0,100.0,52.7734651680248,69.6332246609705,RUL > 125,79.75868448260155,75.03603099940403,80.60167245724882,83.63834999115178,75.8790189740513
81,105,45.490525573974594,32.86656373067625,135.0,100.0,54.509474426025406,67.13343626932375,RUL > 125,79.77952958167238,75.23047702427492,80.41072767383729,83.69738404690492,75.86167511643983
81,106,50.00014635007033,35.775772172130445,134.0,100.0,49.99985364992967,64.22422782786956,RUL > 125,77.8448016605528,72.84478702554577,78.55602036944981,82.13359758666284,73.55600573444278
81,107,50.14764912677288,49.83569278610069,133.0,100.0,49.85235087322712,50.16430721389931,RUL > 125,74.988566704748,69.97380179207072,75.0041645217816,79.98773380039168,69.98939960910431
81,108,50.011430206583846,53.5672462723073,132.0,100.0,49.988569793416154,46.4327537276927,RUL > 125,74.28312168356338,69.281978662905,74.10533088027722,79.46205550750794,69.10418785961883
81,109,50.15870148408423,69.5844794524129,131.0,100.0,49.84129851591577,30.415520547587107,RUL > 125,71.03549366429215,66.01962351588372,70.06420476587571,77.022652711117,65.04833461746729
81,110,50.03658858194675,65.67839356224732,130.0,100.0,49.96341141805325,34.32160643775268,RUL > 125,71.85334471296652,66.84968585477183,71.07125446395148,77.63909382017621,66.06759560575681
81,111,50.07138158157607,50.00375468874847,129.0,100.0,49.92861841842393,49.99624531125153,RUL > 125,74.9778345877775,69.97069642961989,74.98121593241886,79.98159140129371,69.97407777426126
81,112,50.19689885244047,40.13971697377667,128.0,100.0,49.80310114755953,59.86028302622333,RUL > 125,76.91298694951251,71.89329706426848,77.41584604344571,81.42981774082338,72.39615615820166
81,113,42.358303940016185,11.2385459243254,127.0,100.0,57.641696059983815,88.7614540756746,RUL > 125,85.04479963313007,80.80896923912846,86.6007875339146,87.72464212634715,82.36495713991297
81,114,47.1588348083651,0.0,126.0,100.0,52.8411651916349,100.0,RUL > 125,85.85234955749047,81.13646607665396,88.21029129790873,88.21029129790873,83.49440781707222
81,115,49.709457791673564,0.0,125.0,100.0,50.290542208326436,100.0,76-125,85.08716266249793,80.11621688333058,87.5726355520816,87.5726355520816,82.60168977291426
81,116,48.28715362986596,0.0,124.0,99.2,51.71284637013404,100.0,76-125,85.11385391104021,80.36513854805362,87.52821159253351,87.44821159253351,82.77949622954692
81,117,46.51796510005656,0.0,123.0,98.4,53.48203489994344,100.0,76-125,85.24461046998303,80.75281395997739,87.57050872498587,87.41050872498586,83.07871221498021
81,118,50.04110148593367,0.0,122.0,97.6,49.95889851406633,100.0,76-125,83.78766955421989,79.02355940562653,86.28972462851658,86.04972462851657,81.5256144799232
81,119,50.04547016857855,0.0,121.0,96.8,49.95452983142145,100.0,76-125,83.38635894942644,78.70181193256857,85.88863245785537,85.56863245785536,81.2040854409975
81,120,50.23326977191898,8.101305925622228,120.0,96.0,49.76673022808102,91.89869407437777,76-125,81.30975788329987,76.68643090610797,83.4163560756147,83.82648666817691,78.7930290984228
81,121,50.30773854170591,30.559525659301105,119.0,95.19999999999999,49.69226145829409,69.4404743406989,76-125,76.39577330562801,71.84499945145743,77.38318394974824,79.95913651567834,72.83241009557764
81,122,50.4788803139503,72.94872205350968,118.0,94.39999999999999,49.5211196860497,27.051277946490316,76-125,67.46659149511297,62.97870346371795,66.343099408135,73.07797161348596,61.85521137673997
81,123,50.45643393843613,83.3256038606639,117.0,93.60000000000001,49.54356606156387,16.674396139336096,76-125,64.99794904633639,60.592305652492776,63.354490550224995,71.04705093629138,58.94884715638138
81,124,50.360941581909685,82.90984761522765,116.0,92.80000000000001,49.639058418090315,17.090152384772352,76-125,64.70974800238157,60.3936538441906,63.08230270071567,70.65328746223844,58.7662085425247
81,125,50.34757130557533,77.805518896242,115.0,92.0,49.65242869442467,22.194481103757994,76-125,65.334624829079,61.09986769852148,63.96172744954566,70.94227933916987,59.72697031898814
81,126,50.25047096091251,58.355599204970645,114.0,91.2,49.74952903908749,41.644400795029355,76-125,68.85373887073212,64.70869177464088,68.44848245852921,73.40404237902628,64.30343536243797
81,127,50.160556138611874,26.0222203791088,113.0,90.4,49.839443861388126,73.9777796208912,76-125,74.94738908259468,70.89133346873349,76.15430587056983,77.79652790848071,72.09825025670864
81,128,50.10150388523355,0.0,112.0,89.60000000000001,49.89849611476645,100.0,76-125,79.76954883442994,75.79939844590659,82.27462402869162,81.23462402869161,78.30447364016825
81,129,50.12753796619911,0.0,111.0,88.8,49.87246203380089,100.0,76-125,79.36173861014026,75.46898481352036,81.86811550845022,80.74811550845021,77.97536171183032
81,130,50.20050917563,0.0,110.0,88.0,49.79949082437,100.0,76-125,78.93984724731101,75.119796329748,81.44987270609249,80.2498727060925,77.6298217885295
81,131,50.26260471219808,0.0,109.0,87.2,49.73739528780192,100.0,76-125,78.52121858634058,74.77495811512077,81.03434882195049,79.75434882195049,77.28808835073067
81,132,50.11947381123287,0.0,108.0,86.4,49.88052618876713,100.0,76-125,78.16415785663014,74.51221047550686,80.67013154719179,79.31013154719179,77.0181841660685
81,133,50.03029712546876,0.0,107.0,85.6,49.96970287453124,100.0,76-125,77.79091086235937,74.2278811498125,80.29242571863281,78.8524257186328,76.72939600608593
81,134,50.07912695948003,0.0,106.0,84.8,49.92087304051997,100.0,76-125,77.376261912156,73.88834921620798,79.88021826013,78.36021826012998,76.392305564182
81,135,50.05654487753701,0.0,105.0,84.0,49.94345512246299,100.0,76-125,76.9830365367389,73.5773820489852,79.48586378061574,77.88586378061575,76.08020929286205
81,136,48.81712765881338,0.0,104.0,83.2,51.18287234118662,100.0,76-125,76.95486170235598,73.75314893647464,79.39571808529666,77.71571808529666,76.19400531941531
81,137,50.21326824085244,0.0,103.0,82.39999999999999,49.78673175914756,100.0,76-125,76.13601952774425,72.87469270365902,78.64668293978688,76.88668293978688,75.38535611570164
81,138,50.2882468410662,0.0,102.0,81.6,49.7117531589338,100.0,76-125,75.71352594768014,72.52470126357352,78.22793828973344,76.38793828973344,75.03911360562682
81,139,50.14101121976476,0.0,101.0,80.80000000000001,49.85898878023524,100.0,76-125,75.35769663407058,72.2635955120941,77.86474719505881,75.94474719505881,74.77064607308233
81,140,50.17472814724059,7.808214095063903,100.0,80.0,49.82527185275941,92.1917859049361,76-125,73.38593873681505,70.36846592209099,75.50426443942388,74.28508584893027,72.4867916246998
81,141,50.14210751483706,19.73602762623183,99.0,79.2,49.85789248516294,80.26397237376817,76-125,70.61016222030253,67.67595146881882,72.13046621473278,72.02406897735597,69.19625546324907
81,142,50.11672030118236,18.94832045090127,98.0,78.4,49.88327969881764,81.05167954909874,76-125,70.37531981946503,67.52364778934681,71.9337398119791,71.66857185706922,69.08206778186087
81,143,50.25734382630626,20.52290080658273,97.0,77.60000000000001,49.74265617369374,79.47709919341727,76-125,69.61821669079158,66.83248230816096,71.10493884177777,70.91722892243602,68.31920445914713
81,144,50.413769965933405,34.234506125006305,96.0,76.8,49.586230034066595,65.7654938749937,76-125,66.42896778521872,63.70759078862538,67.23793097726508,68.3413815897657,64.51655398067173
81,145,50.394633230737,39.07318469759502,95.0,76.0,49.605366769263,60.92681530240498,76-125,65.0669730912599,62.4275097681862,65.633045517917,67.1403639876765,62.9935821948433
81,146,50.271031815338745,23.026878669114662,94.0,75.2,49.728968184661255,76.97312133088533,76-125,67.91331472157545,65.36621154004158,69.27552237888665,69.09821024579811,66.72841919735276
81,147,50.30010359158229,24.8273265275394,93.0,74.4,49.69989640841771,75.1726734724606,76-125,67.14450361701743,64.67449325785921,68.41814247021958,68.34087512297351,65.94813211106135
81,148,50.20003606576628,24.596507044214757,92.0,73.6,49.79996393423372,75.40349295578524,76-125,66.82068777142716,64.44068416485054,68.10086422250474,67.92051492692622,65.7208606159281
81,149,50.2622492145727,17.17522112915293,91.0,72.8,49.7377507854273,82.82477887084707,76-125,67.8862810097976,65.58005608834034,69.5406324140686,68.53815452698389,67.23440749261133
81,150,50.1108926413818,0.0,90.0,72.0,49.8891073586182,100.0,76-125,70.96673220758547,68.75564294344728,73.47227683965454,70.67227683965454,71.26118757551637
81,151,43.651535368567146,0.0,89.0,71.2,56.348464631432854,100.0,76-125,72.50453938942985,71.01938585257315,74.68711615785821,71.80711615785822,73.2019626210015
81,152,42.38920269583824,0.0,88.0,70.39999999999999,57.61079730416176,100.0,76-125,72.48323919124851,71.20431892166471,74.60269932604044,71.64269932604043,73.32377905645662
81,153,41.97955942219775,0.0,87.0,69.6,58.02044057780225,100.0,76-125,72.20613217334068,71.0481762311209,74.30511014445057,71.26511014445056,73.14715420223078
81,154,40.17674446058198,0.0,86.0,68.8,59.82325553941802,100.0,76-125,72.34697666182541,71.4493022157672,74.35581388485451,71.23581388485451,73.45813943879631
81,155,47.579970093939394,0.0,85.0,68.0,52.420029906060606,100.0,76-125,69.72600897181817,68.16801196242425,72.10500747651515,68.90500747651515,70.54701046712121
81,156,50.02337875850769,0.0,84.0,67.2,49.97662124149231,100.0,76-125,68.5929863724477,66.87064849659693,71.09415531037308,67.81415531037308,69.37181743452231
81,157,50.27389814798893,0.0,83.0,66.4,49.72610185201107,100.0,76-125,68.11783055560332,66.45044074080442,70.63152546300277,67.27152546300277,68.96413564820388
81,158,50.22847906888948,11.994524464670368,82.0,65.60000000000001,49.77152093111052,88.00547553532964,76-125,65.33255138639909,63.749703479510146,67.24424911661005,65.00370156307709,65.66140120972109
81,159,50.16210159535456,39.35170869376535,81.0,64.8,49.83789840464544,60.64829130623465,76-125,59.48102778264056,57.984817623105116,60.02154742772002,60.436718297096554,58.525337268184565
81,160,50.011324834533205,43.738381483277,80.0,64.0,49.988675165466795,56.261618516723,76-125,58.24892625298464,56.84779376953132,58.562573420547444,59.33641156887514,57.16144093709413
81,161,44.3889916363194,27.327283884401872,79.0,63.2,55.6110083636806,72.67271611559812,76-125,62.8178457322238,62.058946568591864,63.670931119819684,62.723659508259864,62.91203195618774
81,162,41.717903749704845,7.098765975930772,78.0,62.4,58.282096250295155,92.90123402406923,76-125,67.26487567990239,66.85308530493191,68.99583256859108,65.94570916618417,68.5840421936206
81,163,50.01437157690645,0.0,77.0,61.6,49.98562842309355,100.0,76-125,65.79568852692807,64.63425136923742,68.2964071057734,64.4564071057734,67.13496994808274
81,164,44.55193673938086,0.0,76.0,60.8,55.44806326061914,100.0,76-125,67.03441897818574,66.49922530424766,69.26201581515478,65.34201581515478,68.7268221412167
81,165,35.51067460345853,0.0,75.0,60.0,64.48932539654146,100.0,31-75,69.34679761896244,69.79573015861658,71.12233134913537,67.12233134913537,71.5712638887895
81,166,25.101058159417928,0.0,74.0,59.199999999999996,74.89894184058207,100.0,31-75,72.06968255217461,73.63957673623283,73.32473546014552,69.2447354601455,74.89462964420372
81,167,1.3853463880203776,0.0,73.0,58.4,98.61465361197962,100.0,31-75,78.78439608359389,82.80586144479184,78.8536634029949,74.6936634029949,82.87512876419287
81,168,3.893981047570681,0.0,72.0,57.599999999999994,96.10601895242932,100.0,31-75,77.63180568572879,81.48240758097174,77.82650473810733,73.58650473810732,81.67710663335026
81,169,4.128896552217565,0.0,71.0,56.8,95.87110344778243,100.0,31-75,77.16133103433472,81.06844137911298,77.3677758619456,73.04777586194561,81.27488620672385
81,170,7.496413776820628,0.0,70.0,56.00000000000001,92.50358622317937,100.0,31-75,75.75107586695381,79.40143448927176,76.12589655579484,71.72589655579485,79.77625517811279
81,171,11.385140694421548,0.0,69.0,55.2,88.61485930557845,100.0,31-75,74.18445779167354,77.52594372223139,74.75371482639461,70.27371482639461,78.09520075695247
81,172,15.08811734909242,0.0,68.0,54.400000000000006,84.91188265090759,100.0,31-75,72.67356479527228,75.72475306036304,73.42797066272689,68.86797066272689,76.47915892781765
81,173,2.070216640075507,0.0,67.0,53.6,97.9297833599245,100.0,31-75,76.17893500797734,80.6119133439698,76.28244583998112,71.64244583998112,80.71542417597357
81,174,0.0,0.0,66.0,52.800000000000004,100.0,100.0,31-75,76.4,81.12,76.4,71.68,81.12
81,175,0.0,0.0,65.0,52.0,100.0,100.0,31-75,76.0,80.8,76.0,71.2,80.8
81,176,0.0,0.0,64.0,51.2,100.0,100.0,31-75,75.6,80.48,75.6,70.72,80.48
81,177,0.0,0.0,63.0,50.4,100.0,100.0,31-75,75.2,80.16,75.2,70.24,80.16
81,178,6.126069606713854,0.0,62.0,49.6,93.87393039328614,100.0,31-75,72.96217911798584,77.38957215731446,73.26848259832154,68.22848259832153,77.69587563765015
81,179,19.6973531705432,0.0,61.0,48.8,80.3026468294568,100.0,31-75,68.49079404883705,71.64105873178272,69.4756617073642,64.35566170736419,72.62592639030987
81,180,14.192187578253003,10.465434744251928,60.0,48.0,85.807812421747,89.53456525574808,31-75,67.64925677767371,71.43003801984841,67.83559441937376,63.68213789379896,71.61637566154847
81,181,25.718541399861223,36.25870725474364,59.0,47.199999999999996,74.28145860013878,63.74129274525636,31-75,58.632696129092906,61.34084198910678,58.10568783634878,56.45155856182315,60.813833696362664
81,182,23.549949560352243,61.33003038629007,58.0,46.400000000000006,76.45005043964775,38.66996961370993,31-75,53.869009054636315,56.874014098601094,51.98000501333942,52.75300805196843,54.985010057304194
81,183,16.65357978407539,64.87402381708627,57.0,45.6,83.34642021592461,35.12597618291373,31-75,54.82912130136013,58.603763322952595,52.41809909970959,53.465501481418215,56.19274112130205
81,184,8.799035565317526,43.97687372041566,56.0,44.800000000000004,91.20096443468248,56.02312627958434,31-75,60.96491458632161,65.60501102978986,59.20602267856671,58.083710050608275,63.84611912203495
81,185,21.769537314607422,35.09057056159241,55.0,44.0,78.23046268539258,64.90942943840759,31-75,58.45102469329929,61.874070961838555,57.78497303095004,55.69403008710928,61.2080192994893
81,186,4.588308733571322,12.493682374307475,54.0,43.2,95.41169126642868,87.50631762569253,31-75,67.72477090506712,72.94594003170998,67.3295022230303,62.89887046046105,72.55067134967317
81,187,0.0,0.0,53.0,42.4,100.0,100.0,31-75,71.2,76.96000000000001,71.2,65.44,76.96000000000001
81,188,0.0,0.0,52.0,41.6,100.0,100.0,31-75,70.8,76.64,70.8,64.96000000000001,76.64
81,189,0.0,0.0,51.0,40.8,100.0,100.0,31-75,70.4,76.32,70.4,64.47999999999999,76.32
81,190,0.0,0.0,50.0,40.0,100.0,100.0,31-75,70.0,76.0,70.0,64.0,76.0
81,191,2.386001030256607,0.0,49.0,39.2,97.61399896974339,100.0,31-75,68.88419969092303,74.72559958789736,69.00349974243585,62.92349974243585,74.84489963941019
81,192,21.56098189180872,0.0,48.0,38.4,78.43901810819128,100.0,31-75,62.73170543245738,66.73560724327652,63.809754527047815,57.64975452704782,67.81365633786695
81,193,27.112517975831924,15.100453908989223,47.0,37.6,72.88748202416808,84.89954609101078,31-75,57.64615382545257,61.17490202786939,58.24675702879472,53.51680241969363,61.775505231211525
81,194,27.681931516552044,41.68827885230754,46.0,36.8,72.31806848344796,58.31172114769246,31-75,51.75776477457288,55.30957162291767,51.0574474077851,48.90627529301586,54.609254256129894
81,195,38.77655236064709,88.11500741034719,45.0,36.0,61.22344763935291,11.88499258965281,31-75,38.74403280973643,41.266377573671726,36.277110057251434,38.68861079828614,38.799454821186714
81,196,39.242806089961405,100.0,44.0,35.199999999999996,60.757193910038595,0.0,31-75,35.827158173011576,38.38287756401544,32.78929847750965,36.30929847750964,35.34501786851351
81,197,50.06414018009612,100.0,43.0,34.4,49.93585981990388,0.0,31-75,32.180757945971166,33.734343927961554,29.68396495497597,33.12396495497597,31.237550936966358
81,198,50.08148425997649,100.0,42.0,33.6,49.91851574002351,0.0,31-75,31.77555472200705,33.407406296009405,29.279628935005878,32.639628935005874,30.91148050900823
81,199,50.178005324451846,100.0,41.0,32.800000000000004,49.821994675548154,0.0,31-75,31.346598402664448,33.04879787021927,28.85549866888704,32.13549866888704,30.557698136441857
81,200,50.0748450225132,98.75604900408187,40.0,32.0,49.9251549774868,1.2439509959181265,31-75,31.226336692429662,33.01885219017834,28.79227649335123,31.86788139375942,30.58479199109991
81,201,50.04088941137721,72.27490826532588,39.0,31.2,49.95911058862279,27.725091734674123,31-75,36.13275152352166,38.00866258238395,35.02105058082423,35.368541407356815,36.89696163968651
81,202,50.011835729324176,54.20893067466445,38.0,30.4,49.988164270675824,45.79106932533555,31-75,39.35466314626986,41.313479573337446,39.14480839900284,37.605701466469284,41.10362482607042
81,203,50.08240679760165,41.526704780737305,37.0,29.599999999999998,49.91759320239835,58.473295219262695,31-75,41.469937004572046,43.50169632481188,41.89772210541526,39.01039258348899,43.9294814256551
81,204,50.332546741264174,42.00184796739682,36.0,28.799999999999997,49.667453258735826,57.99815203260318,31-75,40.89986638414138,42.98661171001497,41.31640132283475,38.39658611957443,43.40314664870833
81,205,50.33894410197488,45.03083541771985,35.0,28.000000000000004,49.66105589802512,54.96916458228015,31-75,39.892149685863565,42.058255275666085,40.15755512007632,37.4606386618483,42.32366070987883
81,206,50.11662983022979,24.57474085835233,34.0,27.200000000000003,49.88337016977021,75.42525914164767,31-75,43.650062879260595,45.918399896237624,44.927157327854474,40.1046314136897,47.19549434483149
81,207,50.33348763917088,33.2323929207992,33.0,26.400000000000002,49.66651236082912,66.7676070792008,31-75,41.4534751240889,43.78012636017181,42.30852986000748,38.2717691520874,44.63518109609039
81,208,50.34579222090219,39.95927728589591,32.0,25.6,49.65420777909781,60.04072271410409,31-75,39.704406876550166,42.10982765445995,40.22373262330048,36.779660351890065,42.62915340121026
81,209,50.31335465913208,48.6495656298121,31.0,24.8,49.68664534086792,51.3504343701879,31-75,37.57608047629796,40.064745010384755,37.65926992776396,35.00422649074516,40.147934461850745
81,210,50.46818505081056,57.24225706510274,30.0,24.0,49.53181494918944,42.75774293489726,0-30,35.41109307173628,37.96427456665523,35.07238947102167,33.196615177531946,37.62557096594062
81,211,50.78833727157293,79.84688949142375,29.0,23.200000000000003,49.21166272842707,20.153110508576248,0-30,30.39412092024337,32.995287193086085,28.94119330925083,29.245882258393205,31.542359582093535
81,212,50.63986592349583,76.8017550318077,28.0,22.400000000000002,49.36013407650417,23.1982449681923,0-30,30.64768921658971,33.34370262424013,29.339594761174116,29.259770264354888,32.03560816882453
81,213,50.921574375601736,90.4910352794296,27.0,21.6,49.078425624398264,9.508964720570404,0-30,27.42532063143356,30.17316319387339,25.446847586242168,26.65595111418513,28.194690148681993
81,214,51.24030487195361,100.0,26.0,20.8,48.75969512804639,0.0,0-30,25.027908538413918,27.823878051218557,22.589923782011596,24.669923782011598,25.385893294816235
81,215,51.267098376738666,100.0,25.0,20.0,48.732901623261334,0.0,0-30,24.6198704869784,27.493160649304535,22.183225405815335,24.183225405815335,25.056515568141467
81,216,51.50252934005987,100.0,24.0,19.2,48.49747065994013,0.0,0-30,24.149241197982036,27.07898826397605,21.72436766498503,23.644367664985033,24.654114730979042
81,217,51.83085374874949,100.0,23.0,18.4,48.16914625125051,0.0,0-30,23.650743875375152,26.627658500500203,21.242286562812627,23.082286562812627,24.219201187937678
81,218,52.07313549190839,100.0,22.0,17.599999999999998,47.92686450809161,0.0,0-30,23.178059352427482,26.210745803236644,20.781716127022904,22.5417161270229,23.814402577832062
81,219,52.46078915474581,100.0,21.0,16.8,47.53921084525419,0.0,0-30,22.661763253576257,25.735684338101677,20.284802711313546,21.964802711313546,23.35872379583897
81,220,52.65987687205634,100.0,20.0,16.0,47.34012312794366,0.0,0-30,22.2020369383831,25.336049251177464,19.835030781985914,21.435030781985915,22.969043094780282
81,221,52.42546344086049,100.0,19.0,15.2,47.57453655913951,0.0,0-30,21.87236096774185,25.109814623655808,19.493634139784877,21.013634139784877,22.731087795698826
81,222,52.40960601160364,100.0,18.0,14.399999999999999,47.59039398839636,0.0,0-30,21.47711819651891,24.796157595358544,19.09759849709909,20.53759849709909,22.416637895938727
81,223,52.722008597005455,100.0,17.0,13.600000000000001,47.277991402994545,0.0,0-30,20.983397420898363,24.35119656119782,18.619497850748637,19.979497850748636,21.98729699104809
81,224,53.0033876284076,100.0,16.0,12.8,46.9966123715924,0.0,0-30,20.49898371147772,23.91864494863696,18.1491530928981,19.429153092898098,21.56881433005734
81,225,52.98111793734198,100.0,15.0,12.0,47.01888206265802,0.0,0-30,20.105664618797405,23.60755282506321,17.754720515664506,18.954720515664505,21.25660872193031
81,226,53.30836041987531,100.0,14.0,11.200000000000001,46.69163958012469,0.0,0-30,19.607491874037407,23.15665583204988,17.272909895031173,18.392909895031174,20.82207385304364
81,227,53.75096401057417,100.0,13.0,10.4,46.24903598942583,0.0,0-30,19.07471079682775,22.659614395770333,16.762258997356458,17.802258997356457,20.34716259629904
81,228,53.90302226582955,100.0,12.0,9.6,46.09697773417045,0.0,0-30,18.629093320251133,22.278791093668183,16.324244433542614,17.28424443354261,19.973942206959656
81,229,53.90198238205709,100.0,11.0,8.799999999999999,46.09801761794291,0.0,0-30,18.22940528538287,21.959207047177163,15.924504404485727,16.804504404485726,19.654306166280016
81,230,54.21725449320154,100.0,10.0,8.0,45.78274550679846,0.0,0-30,17.734823652039537,21.513098202719384,15.445686376699616,16.245686376699616,19.223960927379462
81,231,54.26546912473534,100.0,9.0,7.199999999999999,45.73453087526466,0.0,0-30,17.320359262579398,21.173812350105862,15.033632718816165,15.753632718816164,18.88708580634263
81,232,54.87741624445079,100.0,8.0,6.4,45.12258375554921,0.0,0-30,16.736775126664764,20.60903350221968,14.480645938887303,15.120645938887302,18.35290431444222
81,233,54.986693447147175,100.0,7.0,5.6000000000000005,45.013306552852825,0.0,0-30,16.303991965855847,20.245322621141128,14.053326638213207,14.613326638213206,17.994657293498488
81,234,55.20482370342704,100.0,6.0,4.8,44.79517629657296,0.0,0-30,15.838552888971888,19.838070518629188,13.59879407414324,14.07879407414324,17.598311703800533
81,235,55.96410809122004,100.0,5.0,4.0,44.03589190877996,0.0,0-30,15.210767572633987,19.214356763511987,13.00897297719499,13.40897297719499,17.012562168072986
81,236,56.33019826860394,100.0,4.0,3.2,43.66980173139606,0.0,0-30,14.700940519418818,18.747920692558427,12.517450432849015,12.837450432849016,16.564430605988623
81,237,56.71032900564431,100.0,3.0,2.4,43.28967099435569,0.0,0-30,14.186901298306706,18.275868397742276,12.022417748588921,12.262417748588922,16.11138484802449
81,238,57.23193875049243,100.0,2.0,1.6,42.76806124950757,0.0,0-30,13.63041837485227,17.74722449980303,11.492015312376893,11.652015312376893,15.608821437327649
81,239,58.508456749939626,100.0,1.0,0.8,41.491543250060374,0.0,0-30,12.847462975018113,16.91661730002415,10.772885812515094,10.852885812515094,14.84204013752113
81,240,58.97111455773036,100.0,0.0,0.0,41.02888544226964,0.0,0-30,12.308665632680892,16.411554176907856,10.25722136056741,10.25722136056741,14.360109904794372
84,39,0.0,21.485668943729564,228.0,100.0,100.0,78.51433105627044,RUL > 125,95.70286621125409,95.70286621125409,94.6285827640676,96.77714965844056,94.6285827640676
84,40,0.0,49.73596431627968,227.0,100.0,100.0,50.26403568372032,RUL > 125,90.05280713674406,90.05280713674406,87.56600892093007,92.53960535255806,87.56600892093007
84,41,0.0,54.73103102801949,226.0,100.0,100.0,45.26896897198051,RUL > 125,89.0537937943961,89.0537937943961,86.31724224299512,91.79034534579708,86.31724224299512
84,42,0.0,37.26399830475867,225.0,100.0,100.0,62.73600169524133,RUL > 125,92.54720033904826,92.54720033904826,90.68400042381033,94.4104002542862,90.68400042381033
84,43,0.0,30.934465973800457,224.0,100.0,100.0,69.06553402619954,RUL > 125,93.81310680523991,93.81310680523991,92.26638350654989,95.35983010392994,92.26638350654989
84,44,0.0,33.497724632742475,223.0,100.0,100.0,66.50227536725752,RUL > 125,93.3004550734515,93.3004550734515,91.62556884181438,94.97534130508863,91.62556884181438
84,45,0.0,15.156225427821346,222.0,100.0,100.0,84.84377457217866,RUL > 125,96.96875491443573,96.96875491443573,96.21094364304466,97.7265661858268,96.21094364304466
84,46,0.0,11.949919813685057,221.0,100.0,100.0,88.05008018631494,RUL > 125,97.610016037263,97.610016037263,97.01252004657874,98.20751202794725,97.01252004657874
84,47,0.0,5.163730823749575,220.0,100.0,100.0,94.83626917625043,RUL > 125,98.96725383525009,98.96725383525009,98.7090672940626,99.22544037643756,98.7090672940626
84,48,0.0,0.0,219.0,100.0,100.0,100.0,RUL > 125,100.0,100.0,100.0,100.0,100.0
84,49,0.0,0.0,218.0,100.0,100.0,100.0,RUL > 125,100.0,100.0,100.0,100.0,100.0
84,50,0.0,0.0,217.0,100.0,100.0,100.0,RUL > 125,100.0,100.0,100.0,100.0,100.0
84,51,0.0,0.0,216.0,100.0,100.0,100.0,RUL > 125,100.0,100.0,100.0,100.0,100.0
84,52,0.0,0.0,215.0,100.0,100.0,100.0,RUL > 125,100.0,100.0,100.0,100.0,100.0
84,53,0.0,0.0,214.0,100.0,100.0,100.0,RUL > 125,100.0,100.0,100.0,100.0,100.0
84,54,5.050090862911423,32.10508948834653,213.0,100.0,94.94990913708858,67.89491051165348,RUL > 125,92.06395484345727,91.55894575716614,90.71120491218551,93.92171386102017,90.20619582589438
84,55,14.248216725930265,58.712990965362685,212.0,100.0,85.75178327406974,41.287009034637315,RUL > 125,83.98293678914838,82.55811511655536,81.75969807717676,87.63099717371303,80.33487640458374
84,56,4.240597119574174,72.90679701752622,211.0,100.0,95.75940288042582,27.093202982473784,RUL > 125,84.1464614606225,83.72240174866508,80.71315146572489,88.00383116747751,80.28909175376748
84,57,0.0,71.69299205899645,210.0,100.0,100.0,28.307007941003548,RUL > 125,85.6614015882007,85.6614015882007,82.0767519852509,89.24605119115053,82.0767519852509
84,58,0.0,44.61613412177967,209.0,100.0,100.0,55.38386587822033,RUL > 125,91.07677317564406,91.07677317564406,88.84596646955508,93.30757988173305,88.84596646955508
84,59,0.0,22.964309549641733,208.0,100.0,100.0,77.03569045035826,RUL > 125,95.40713809007165,95.40713809007165,94.25892261258957,96.55535356755374,94.25892261258957
84,60,0.0,0.0,207.0,100.0,100.0,100.0,RUL > 125,100.0,100.0,100.0,100.0,100.0
84,61,0.0,0.0,206.0,100.0,100.0,100.0,RUL > 125,100.0,100.0,100.0,100.0,100.0
84,62,0.0,0.0,205.0,100.0,100.0,100.0,RUL > 125,100.0,100.0,100.0,100.0,100.0
84,63,0.0,0.0,204.0,100.0,100.0,100.0,RUL > 125,100.0,100.0,100.0,100.0,100.0
84,64,0.0,0.0,203.0,100.0,100.0,100.0,RUL > 125,100.0,100.0,100.0,100.0,100.0
84,65,0.0,0.0,202.0,100.0,100.0,100.0,RUL > 125,100.0,100.0,100.0,100.0,100.0
84,66,0.0,0.0,201.0,100.0,100.0,100.0,RUL > 125,100.0,100.0,100.0,100.0,100.0
84,67,0.0,0.0,200.0,100.0,100.0,100.0,RUL > 125,100.0,100.0,100.0,100.0,100.0
84,68,0.0,0.0,199.0,100.0,100.0,100.0,RUL > 125,100.0,100.0,100.0,100.0,100.0
84,69,0.0,0.0,198.0,100.0,100.0,100.0,RUL > 125,100.0,100.0,100.0,100.0,100.0
84,70,0.0,0.0,197.0,100.0,100.0,100.0,RUL > 125,100.0,100.0,100.0,100.0,100.0
84,71,0.0,0.0,196.0,100.0,100.0,100.0,RUL > 125,100.0,100.0,100.0,100.0,100.0
84,72,0.0,0.0,195.0,100.0,100.0,100.0,RUL > 125,100.0,100.0,100.0,100.0,100.0
84,73,0.0,0.0,194.0,100.0,100.0,100.0,RUL > 125,100.0,100.0,100.0,100.0,100.0
84,74,0.0,0.0,193.0,100.0,100.0,100.0,RUL > 125,100.0,100.0,100.0,100.0,100.0
84,75,0.0,0.0,192.0,100.0,100.0,100.0,RUL > 125,100.0,100.0,100.0,100.0,100.0
84,76,0.0,0.0,191.0,100.0,100.0,100.0,RUL > 125,100.0,100.0,100.0,100.0,100.0
84,77,0.0,0.0,190.0,100.0,100.0,100.0,RUL > 125,100.0,100.0,100.0,100.0,100.0
84,78,0.0,1.5606515564083936,189.0,100.0,100.0,98.43934844359161,RUL > 125,99.68786968871832,99.68786968871832,99.6098371108979,99.76590226653875,99.6098371108979
84,79,0.0,17.738990904408062,188.0,100.0,100.0,82.26100909559193,RUL > 125,96.45220181911839,96.45220181911839,95.56525227389798,97.33915136433879,95.56525227389798
84,80,0.0,37.458882352446224,187.0,100.0,100.0,62.541117647553776,RUL > 125,92.50822352951076,92.50822352951076,90.63527941188845,94.38116764713307,90.63527941188845
84,81,0.0,56.284297937969775,186.0,100.0,100.0,43.715702062030225,RUL > 125,88.74314041240605,88.74314041240605,85.92892551550756,91.55735530930454,85.92892551550756
84,82,0.0,69.58232839523173,185.0,100.0,100.0,30.417671604768273,RUL > 125,86.08353432095366,86.08353432095366,82.60441790119206,89.56265074071524,82.60441790119206
84,83,0.0,71.7611911861364,184.0,100.0,100.0,28.2388088138636,RUL > 125,85.64776176277272,85.64776176277272,82.0597022034659,89.23582132207954,82.0597022034659
84,84,0.0,68.03967596684207,183.0,100.0,100.0,31.96032403315793,RUL > 125,86.39206480663158,86.39206480663158,82.99008100828948,89.7940486049737,82.99008100828948
84,85,0.0,42.9417993016283,182.0,100.0,100.0,57.0582006983717,RUL > 125,91.41164013967435,91.41164013967435,89.26455017459293,93.55873010475575,89.26455017459293
84,86,0.0,0.0,181.0,100.0,100.0,100.0,RUL > 125,100.0,100.0,100.0,100.0,100.0
84,87,0.0,0.0,180.0,100.0,100.0,100.0,RUL > 125,100.0,100.0,100.0,100.0,100.0
84,88,0.0,0.0,179.0,100.0,100.0,100.0,RUL > 125,100.0,100.0,100.0,100.0,100.0
84,89,0.0,0.0,178.0,100.0,100.0,100.0,RUL > 125,100.0,100.0,100.0,100.0,100.0
84,90,0.0,0.0,177.0,100.0,100.0,100.0,RUL > 125,100.0,100.0,100.0,100.0,100.0
84,91,0.0,0.0,176.0,100.0,100.0,100.0,RUL > 125,100.0,100.0,100.0,100.0,100.0
84,92,0.0,2.316894375682372,175.0,100.0,100.0,97.68310562431763,RUL > 125,99.53662112486353,99.53662112486353,99.42077640607941,99.65246584364765,99.42077640607941
84,93,0.0,32.88711250049033,174.0,100.0,100.0,67.11288749950967,RUL > 125,93.42257749990193,93.42257749990193,91.77822187487742,95.06693312492645,91.77822187487742
84,94,0.0,60.67058947263415,173.0,100.0,100.0,39.32941052736585,RUL > 125,87.86588210547318,87.86588210547318,84.83235263184146,90.89941157910488,84.83235263184146
84,95,0.0,67.69993890537424,172.0,100.0,100.0,32.30006109462576,RUL > 125,86.46001221892516,86.46001221892516,83.07501527365645,89.84500916419387,83.07501527365645
84,96,0.0,62.9956310044696,171.0,100.0,100.0,37.0043689955304,RUL > 125,87.40087379910608,87.40087379910608,84.2510922488826,90.55065534932956,84.2510922488826
84,97,0.0,41.49435010796188,170.0,100.0,100.0,58.50564989203812,RUL > 125,91.70112997840762,91.70112997840762,89.62641247300954,93.77584748380572,89.62641247300954
84,98,0.0,25.143542764355487,169.0,100.0,100.0,74.85645723564451,RUL > 125,94.9712914471289,94.9712914471289,93.71411430891112,96.22846858534668,93.71411430891112
84,99,0.0,3.8701461220876094,168.0,100.0,100.0,96.1298538779124,RUL > 125,99.22597077558248,99.22597077558248,99.0324634694781,99.41947808168686,99.0324634694781
84,100,0.0,9.59962231439569,167.0,100.0,100.0,90.40037768560431,RUL > 125,98.08007553712086,98.08007553712086,97.60009442140108,98.56005665284064,97.60009442140108
84,101,0.0,6.354131933531791,166.0,100.0,100.0,93.64586806646821,RUL > 125,98.72917361329364,98.72917361329364,98.41146701661705,99.04688020997023,98.41146701661705
84,102,0.0,0.0,165.0,100.0,100.0,100.0,RUL > 125,100.0,100.0,100.0,100.0,100.0
84,103,0.0,0.0,164.0,100.0,100.0,100.0,RUL > 125,100.0,100.0,100.0,100.0,100.0
84,104,0.0,0.0,163.0,100.0,100.0,100.0,RUL > 125,100.0,100.0,100.0,100.0,100.0
84,105,0.0,0.0,162.0,100.0,100.0,100.0,RUL > 125,100.0,100.0,100.0,100.0,100.0
84,106,0.0,14.79209672096907,161.0,100.0,100.0,85.20790327903093,RUL > 125,97.04158065580619,97.04158065580619,96.30197581975773,97.78118549185464,96.30197581975773
84,107,2.0217892123544963,30.905635742147368,160.0,100.0,97.97821078764551,69.09436425785263,RUL > 125,93.21233608786419,93.01015716662873,91.76814376137453,94.85870733558926,91.56596484013909
84,108,0.0,39.18825867504426,159.0,100.0,100.0,60.81174132495574,RUL > 125,92.16234826499115,92.16234826499115,90.20293533123893,94.12176119874336,90.20293533123893
84,109,0.0,35.05364516308308,158.0,100.0,100.0,64.94635483691692,RUL > 125,92.98927096738339,92.98927096738339,91.23658870922924,94.74195322553754,91.23658870922924
84,110,0.0,26.731415050417084,157.0,100.0,100.0,73.26858494958292,RUL > 125,94.65371698991659,94.65371698991659,93.31714623739573,95.99028774243743,93.31714623739573
84,111,0.0,30.897644553886337,156.0,100.0,100.0,69.10235544611366,RUL > 125,93.82047108922274,93.82047108922274,92.27558886152842,95.36535331691705,92.27558886152842
84,112,0.0,25.664505851828626,155.0,100.0,100.0,74.33549414817138,RUL > 125,94.86709882963427,94.86709882963427,93.58387353704285,96.15032412222571,93.58387353704285
84,113,0.0,1.512921048914032,154.0,100.0,100.0,98.48707895108596,RUL > 125,99.69741579021719,99.69741579021719,99.62176973777149,99.7730618426629,99.62176973777149
84,114,0.0,0.0,153.0,100.0,100.0,100.0,RUL > 125,100.0,100.0,100.0,100.0,100.0
84,115,0.0,0.0,152.0,100.0,100.0,100.0,RUL > 125,100.0,100.0,100.0,100.0,100.0
84,116,8.722973649755652,0.0,151.0,100.0,91.27702635024434,100.0,RUL > 125,97.3831079050733,96.51081054009774,97.81925658756109,97.81925658756109,96.94695922258552
84,117,6.609695501928116,16.058005786625824,150.0,100.0,93.39030449807188,83.94199421337417,RUL > 125,94.8054901920964,94.1445206419036,94.33307467786152,95.9388752565241,93.67210512766871
84,118,1.9144260969728704,34.72695091661097,149.0,100.0,98.08557390302713,65.27304908338903,RUL > 125,92.48028198758595,92.28883937788866,90.83965574660404,94.31235083826513,90.64821313690675
84,119,2.488445385666516,41.27029356574663,148.0,100.0,97.51155461433348,58.72970643425337,RUL > 125,90.99940767115072,90.75056313258408,89.06031526214672,93.18734461872137,88.81147072358006
84,120,0.0,20.606293805902823,147.0,100.0,100.0,79.39370619409718,RUL > 125,95.87874123881943,95.87874123881943,94.84842654852429,96.90905592911457,94.84842654852429
84,121,0.0,17.078700832228073,146.0,100.0,100.0,82.92129916777193,RUL > 125,96.58425983355438,96.58425983355438,95.73032479194299,97.43819487516579,95.73032479194299
84,122,0.0,23.90330991297448,145.0,100.0,100.0,76.09669008702552,RUL > 125,95.21933801740511,95.21933801740511,94.02417252175638,96.41450351305383,94.02417252175638
84,123,12.535191491797274,32.79788586875343,144.0,100.0,87.46480850820272,67.20211413124656,RUL > 125,89.67986537871013,88.42634622953041,88.66673065986232,91.94651924673767,87.41321151068259
84,124,27.67965100056521,36.3081469103924,143.0,100.0,72.32034899943478,63.6918530896076,RUL > 125,84.43447531775196,81.66651021769543,84.0030505222606,87.63386521329983,81.23508542220408
84,125,26.08503373375016,34.11050731816245,142.0,100.0,73.91496626624985,65.88949268183755,RUL > 125,85.35238841624246,82.74388504286745,84.95111473702185,88.3621654688381,82.34261136364684
84,126,26.235816084881726,55.13851014405651,141.0,100.0,73.76418391511828,44.86148985594349,RUL > 125,81.10155314572418,78.477971537236,79.65641844276544,85.17026945717109,77.03283683427726
84,127,33.43965307538762,76.80236807230372,140.0,100.0,66.56034692461239,23.19763192769628,RUL > 125,74.60763046292297,71.26366515538422,72.43949471307718,80.11973152030754,69.0955294055384
84,128,39.23439948200983,93.31613153628516,139.0,100.0,60.76560051799017,6.683868463714845,RUL > 125,69.56645384814001,65.64301389993904,66.86236724542624,76.19398039905477,62.93892729722527
84,129,50.003851933851095,100.0,138.0,100.0,49.996148066148905,0.0,RUL > 125,64.99884441984467,59.99845922645956,62.49903701653723,72.49903701653723,57.498651823152116
84,130,48.68637807556643,100.0,137.0,100.0,51.31362192443357,0.0,RUL > 125,65.39408657733007,60.52544876977343,62.82840548110839,72.82840548110839,57.95976767355175
84,131,37.48506485608601,73.06448272290359,136.0,100.0,62.51493514391399,26.93551727709641,RUL > 125,74.14158399859348,70.39307751298487,72.36261310525259,79.66906137754296,68.61410661964399
84,132,41.16215094690599,49.94309617595637,135.0,100.0,58.83784905309401,50.05690382404363,RUL > 125,77.66273548073693,73.54652038604632,77.22368821928441,82.21799783688004,73.10747312459381
84,133,50.01619483269173,41.64947750665016,134.0,100.0,49.98380516730827,58.35052249334984,RUL > 125,76.66524604886246,71.66362656559328,77.08358191516453,81.24852966582955,72.08196243189535
84,134,35.60109035493769,28.230580597715644,133.0,100.0,64.3989096450623,71.76941940228436,RUL > 125,83.67355677397556,80.1134477384818,84.04208226183667,86.86514032160822,80.4819732263429
84,135,31.79714497284841,8.260200382154133,132.0,100.0,68.20285502715159,91.73979961784586,RUL > 125,88.80881643171465,85.62910193442981,89.98566366124936,90.81168369946478,86.80594916396451
84,136,50.06615342488179,8.063321245177292,131.0,100.0,49.93384657511821,91.93667875482271,RUL > 125,83.3674897235,78.36087438101183,85.46763133248523,86.27396345700295,80.46101598999705
84,137,50.00070035160929,5.066411191377515,130.0,100.0,49.99929964839071,94.93358880862249,RUL > 125,83.98650765624171,78.9864376210808,86.2332221142533,86.73986323339105,81.23315207909238
84,138,50.11549016231847,13.435386181107074,129.0,100.0,49.88450983768153,86.56461381889292,RUL > 125,82.27827571508304,77.2667266988512,84.11228091414361,85.45581953225432,79.10073189791177
84,139,50.043438829602366,24.377361324387508,128.0,100.0,49.956561170397634,75.62263867561249,RUL > 125,80.11149608624179,75.10715220328156,81.39479996150253,83.83253609394129,76.3904560785423
84,140,50.06444512042448,34.468925867178385,127.0,100.0,49.93555487957552,65.53107413282162,RUL > 125,78.08688129043698,73.08043677839453,78.86665725309929,82.31354983981713,73.86021274105684
84,141,39.708389079279705,17.622695178468476,126.0,100.0,60.291610920720295,82.37730482153152,RUL > 125,84.5629442405224,80.59210533259443,85.66722893556296,87.4294984534098,81.69639002763499
84,142,43.34178763835128,7.432849201302341,125.0,100.0,56.65821236164872,92.56715079869765,76-125,85.51089386823415,81.17671510439902,87.3063407900866,88.04962571021683,82.97216202625147
84,143,32.82592597892264,0.0,124.0,99.2,67.17407402107736,100.0,76-125,89.75222220632321,86.54962960843095,91.39351850526934,91.31351850526934,88.19092590737708
84,144,50.01554663492568,0.0,123.0,98.4,49.98445336507432,100.0,76-125,84.1953360095223,79.35378134602973,86.69611334126859,86.53611334126857,81.85455867777603
84,145,50.02366187937102,0.0,122.0,97.6,49.97633812062898,100.0,76-125,83.79290143618869,79.0305352482516,86.29408453015725,86.05408453015724,81.53171834222015
84,146,15.47754899084933,0.0,121.0,96.8,84.52245100915067,100.0,76-125,93.7567353027452,92.52898040366027,94.53061275228767,94.21061275228766,93.30285785320274
84,147,18.29707163860888,0.0,120.0,96.0,81.70292836139112,100.0,76-125,92.51087850841733,91.08117134455645,93.42573209034778,93.02573209034777,91.9960249264869
84,148,22.324418155411376,0.0,119.0,95.19999999999999,77.67558184458862,100.0,76-125,90.90267455337658,89.15023273783545,92.01889546114715,91.53889546114715,90.26645364560602
84,149,16.70670239176937,0.0,118.0,94.39999999999999,83.29329760823063,100.0,76-125,92.18798928246919,91.07731904329225,93.02332440205765,92.46332440205765,91.91265416288071
84,150,13.538529094018037,0.0,117.0,93.60000000000001,86.46147090598197,100.0,76-125,92.7384412717946,92.02458836239279,93.4153677264955,92.77536772649549,92.7015148170937
84,151,13.058726416781754,0.0,116.0,92.80000000000001,86.94127358321825,100.0,76-125,92.48238207496547,91.8965094332873,93.13531839580457,92.41531839580458,92.5494457541264
84,152,0.0,0.0,115.0,92.0,100.0,100.0,76-125,96.0,96.80000000000001,96.0,95.19999999999999,96.80000000000001
84,153,0.0,0.0,114.0,91.2,100.0,100.0,76-125,95.6,96.48,95.6,94.72,96.48
84,154,0.0,0.0,113.0,90.4,100.0,100.0,76-125,95.2,96.16,95.2,94.24000000000001,96.16
84,155,0.0,0.0,112.0,89.60000000000001,100.0,100.0,76-125,94.80000000000001,95.84,94.80000000000001,93.76,95.84
84,156,0.0,0.0,111.0,88.8,100.0,100.0,76-125,94.4,95.52000000000001,94.4,93.28,95.52000000000001
84,157,8.397597677629806,0.0,110.0,88.0,91.6024023223702,100.0,76-125,91.48072069671106,91.84096092894808,91.90060058059255,90.70060058059255,92.26084081282957
84,158,14.167101902397514,0.0,109.0,87.2,85.83289809760248,100.0,76-125,89.34986942928074,89.213159239041,90.05822452440063,88.77822452440063,89.92151433416086
84,159,12.289968949209754,6.6136711712524265,108.0,86.4,87.71003105079025,93.38632882874758,76-125,88.1902750809866,88.32127818606563,88.47408996988446,87.7754570870097,88.60509307496348
84,160,1.8301364374583755,15.569373543500648,107.0,85.6,98.16986356254162,84.43062645649935,76-125,89.13708436006236,90.39407071631653,88.45012250476023,88.5670598591103,89.7071088610144
84,161,1.8098353735752903,26.264819770745184,106.0,84.8,98.1901646264247,73.73518022925481,76-125,86.60408543377837,87.94310189642084,85.38133621391988,86.48781819099439,86.72035267656234
84,162,3.239584749339961,25.6277169252252,105.0,84.0,96.76041525066005,74.3722830747748,76-125,85.90258119015297,87.17862271521898,84.78317458135871,85.74594627388123,86.05921610642471
84,163,0.0,4.426888677305402,104.0,83.2,100.0,95.5731113226946,76-125,90.71462226453892,92.39462226453892,90.49327783067365,89.2559666984042,92.17327783067365
84,164,0.0,0.0,103.0,82.39999999999999,100.0,100.0,76-125,91.19999999999999,92.96000000000001,91.19999999999999,89.44,92.96000000000001
84,165,4.073761724535074,0.0,102.0,81.6,95.92623827546493,100.0,76-125,89.57787148263947,91.01049531018597,89.78155956886623,87.94155956886623,91.21418339641272
84,166,0.0,0.0,101.0,80.80000000000001,100.0,100.0,76-125,90.4,92.32000000000001,90.4,88.48,92.32000000000001
84,167,0.0,0.0,100.0,80.0,100.0,100.0,76-125,90.0,92.0,90.0,88.0,92.0
84,168,0.0,0.0,99.0,79.2,100.0,100.0,76-125,89.6,91.68,89.6,87.52000000000001,91.68
84,169,0.0,0.0,98.0,78.4,100.0,100.0,76-125,89.2,91.36,89.2,87.03999999999999,91.36
84,170,0.0,0.0,97.0,77.60000000000001,100.0,100.0,76-125,88.80000000000001,91.04,88.80000000000001,86.56,91.04
84,171,0.0,0.0,96.0,76.8,100.0,100.0,76-125,88.4,90.72,88.4,86.08,90.72
84,172,0.0,0.0,95.0,76.0,100.0,100.0,76-125,88.0,90.4,88.0,85.6,90.4
84,173,0.0,0.0,94.0,75.2,100.0,100.0,76-125,87.6,90.08,87.6,85.12,90.08
84,174,0.0,0.0,93.0,74.4,100.0,100.0,76-125,87.2,89.76,87.2,84.64,89.76
84,175,0.0,0.0,92.0,73.6,100.0,100.0,76-125,86.8,89.44,86.8,84.16,89.44
84,176,0.0,0.0,91.0,72.8,100.0,100.0,76-125,86.4,89.12,86.4,83.68,89.12
84,177,0.0,0.0,90.0,72.0,100.0,100.0,76-125,86.0,88.8,86.0,83.19999999999999,88.8
84,178,0.0,0.0,89.0,71.2,100.0,100.0,76-125,85.6,88.48,85.6,82.72,88.48
84,179,0.0,0.0,88.0,70.39999999999999,100.0,100.0,76-125,85.19999999999999,88.16,85.19999999999999,82.24,88.16
84,180,0.0,4.725634343960151,87.0,69.6,100.0,95.27436565603985,76-125,83.85487313120797,86.89487313120797,83.61859141400996,81.05115484840597,86.65859141400996
84,181,0.1965715348677597,20.47828749071404,86.0,68.8,99.80342846513224,79.52171250928596,76-125,80.24537104139688,83.34571388791008,79.23128524360455,78.15911399267596,82.33162809011777
84,182,10.069998425996763,44.851125746224696,85.0,68.0,89.93000157400324,55.148874253775304,76-125,72.00877532295604,74.20177548035636,70.26971895694464,71.5548315315671,72.46271911434496
84,183,7.268943486130897,66.963369702742,84.0,67.2,92.7310565138691,33.036630297258,76-125,68.02664301361233,70.57974866499924,65.04192170278178,68.45825867305598,67.59502735416868
84,184,0.7174234998676313,64.534910627187,83.0,66.4,99.28257650013236,35.465089372813,76-125,70.07779082460232,73.36604847461555,66.88691646823634,69.98040753095503,70.17517411824957
84,185,8.438132731396319,60.87516302563226,82.0,65.60000000000001,91.56186726860368,39.12483697436774,76-125,68.09352757545466,70.68971430231502,65.47167606074285,68.11919236330608,68.06786278760322
84,186,4.478262658205167,47.40315904935956,81.0,64.8,95.52173734179483,52.59684095064044,76-125,71.57588939266654,74.64806312684603,69.42964457310882,70.64996047804478,72.5018183072883
84,187,0.0,18.666330501568083,80.0,64.0,100.0,81.33366949843192,76-125,78.26673389968639,81.86673389968638,77.33341737460798,75.60005042476479,80.93341737460798
84,188,0.0,0.0,79.0,63.2,100.0,100.0,76-125,81.6,85.28,81.6,77.92,85.28
84,189,0.0,0.0,78.0,62.4,100.0,100.0,76-125,81.2,84.96000000000001,81.2,77.44,84.96000000000001
84,190,0.0,0.0,77.0,61.6,100.0,100.0,76-125,80.8,84.64,80.8,76.96000000000001,84.64
84,191,0.0,0.0,76.0,60.8,100.0,100.0,76-125,80.4,84.32,80.4,76.47999999999999,84.32
84,192,0.0,0.0,75.0,60.0,100.0,100.0,31-75,80.0,84.0,80.0,76.0,84.0
84,193,0.0,0.0,74.0,59.199999999999996,100.0,100.0,31-75,79.6,83.68,79.6,75.52,83.68
84,194,0.0,0.0,73.0,58.4,100.0,100.0,31-75,79.2,83.36,79.2,75.03999999999999,83.36
84,195,0.0,0.0,72.0,57.599999999999994,100.0,100.0,31-75,78.8,83.03999999999999,78.8,74.56,83.03999999999999
84,196,0.0,0.0,71.0,56.8,100.0,100.0,31-75,78.4,82.72,78.4,74.08,82.72
84,197,0.0,22.39712797674212,70.0,56.00000000000001,100.0,77.60287202325787,31-75,73.52057440465157,77.92057440465157,72.40071800581447,70.24043080348868,76.80071800581447
84,198,0.0,28.82429620829837,69.0,55.2,100.0,71.17570379170164,31-75,71.83514075834033,76.31514075834033,70.39392594792541,68.79635556875525,74.87392594792541
84,199,0.0,31.11041291989382,68.0,54.400000000000006,100.0,68.88958708010618,31-75,70.97791741602124,75.53791741602124,69.42239677002655,67.97343806201593,73.98239677002655
84,200,0.0,27.61396370160904,67.0,53.6,100.0,72.38603629839096,31-75,71.27720725967819,75.9172072596782,69.89650907459773,68.01790544475864,74.53650907459775
84,201,0.0,26.772724879677373,66.0,52.800000000000004,100.0,73.22727512032263,31-75,71.04545502406454,75.76545502406454,69.70681878008067,67.6640912680484,74.42681878008067
84,202,0.0,11.64736593099216,65.0,52.0,100.0,88.35263406900783,31-75,73.67052681380157,78.47052681380157,73.08815851725196,69.45289511035118,77.88815851725195
84,203,7.647151411952392,22.82002191947049,64.0,51.2,92.3528485880476,77.17997808052951,31-75,68.74185019252019,72.85713505132495,67.98320666714429,65.38520885909132,72.09849152594904
84,204,27.397135314192507,54.0725042595113,63.0,50.4,72.60286468580749,45.9274957404887,31-75,56.166358553839984,58.38664502242074,54.832590106574045,55.27984053252518,57.05287657515479
84,205,41.36574289373334,92.3960769394684,62.0,49.6,58.63425710626666,7.603923060531599,31-75,43.911061743986316,44.81448745461299,41.35954504169956,45.5591527356464,42.26297075232623
84,206,49.5562831345558,100.0,61.0,48.8,50.4437168654442,0.0,31-75,39.53311505963326,39.69748674617768,37.01092921636105,41.890929216361044,37.17530090290547
84,207,46.9817147333853,100.0,60.0,48.0,53.0182852666147,0.0,31-75,39.90548557998441,40.407314106645885,37.254571316653674,42.05457131665367,37.756399843315144
84,208,33.49955015704257,100.0,59.0,47.199999999999996,66.50044984295744,0.0,31-75,43.55013495288723,45.480179937182974,40.22511246073935,44.94511246073935,42.1551574450351
84,209,29.36660680684836,100.0,58.0,46.400000000000006,70.63339319315165,0.0,31-75,44.390017957945496,46.813357277260664,40.858348298287915,45.498348298287915,43.281687617603076
84,210,31.277187327843382,92.31666762005425,57.0,45.6,68.72281267215662,7.683332379945753,31-75,44.95351027763614,47.2657915448518,41.90153626302559,45.693203025031025,44.21381753024126
84,211,19.020442366442225,48.85808170453305,56.0,44.800000000000004,80.97955763355777,51.14191829546695,31-75,56.92225094916072,60.5402067125165,55.430368982256184,54.79617715270949,59.04832474561196
84,212,0.4770750012520308,0.0,55.0,44.0,99.52292499874797,100.0,31-75,71.85687749962439,77.4091699994992,71.88073124968699,66.280731249687,77.43302374956178
84,213,3.2738819211424306,0.0,54.0,43.2,96.72611807885757,100.0,31-75,70.61783542365727,75.97044723154303,70.7815295197144,65.10152951971439,76.13414132760015
84,214,18.58526625694883,0.0,53.0,42.4,81.41473374305117,100.0,31-75,65.62442012291535,69.52589349722047,66.55368343576279,60.79368343576279,70.4551568100679
84,215,12.11776763420167,0.0,52.0,41.6,87.88223236579833,100.0,31-75,67.1646697097395,71.79289294631934,67.77055809144959,61.93055809144958,72.39878132802941
84,216,13.302741627376166,0.0,51.0,40.8,86.69725837262384,100.0,31-75,66.40917751178715,70.99890334904953,67.07431459315596,61.15431459315596,71.66404043041834
84,217,20.652308061042667,0.0,50.0,40.0,79.34769193895733,100.0,31-75,63.8043075816872,67.73907677558293,64.83692298473933,58.83692298473933,68.77169217863506
84,218,29.671748789090696,0.0,49.0,39.2,70.3282512109093,100.0,31-75,60.69847536327279,63.81130048436372,62.18206280272733,56.102062802727325,65.29488792381827
84,219,37.22709825357194,24.292794233433508,48.0,38.4,62.77290174642806,75.70720576656649,31-75,53.17331167724171,55.610601851884525,53.82002687824863,50.08930630159199,56.257317052891445
84,220,47.981855141624536,63.50089765655553,47.0,37.6,52.018144858375464,36.49910234344447,31-75,41.70526392620153,43.14707841203908,40.92931180045498,41.039401566110534,42.37112628629253
84,221,50.04483021963465,91.45363011894445,46.0,36.8,49.95516978036535,8.546369881055554,31-75,35.095824910320715,36.41134188835725,33.025384915355225,35.850747927249664,34.34090189339176
84,222,50.17409378620847,100.0,45.0,36.0,49.82590621379153,0.0,31-75,32.94777186413746,34.33036248551661,30.45647655344788,34.05647655344788,31.839067174827036
84,223,50.23200051767266,100.0,44.0,35.199999999999996,49.76799948232734,0.0,31-75,32.530399844698195,33.98719979293094,30.041999870581833,33.56199987058183,31.498799818814565
84,224,50.28580199661857,100.0,43.0,34.4,49.71419800338143,0.0,31-75,32.11425940101443,33.64567920135257,29.62854950084536,33.06854950084536,31.1599693011835
84,225,50.13704060931118,100.0,42.0,33.6,49.86295939068882,0.0,31-75,31.75888781720665,33.38518375627553,29.265739847672208,32.62573984767221,30.892035786741086
84,226,50.27916675052082,92.58601767145278,41.0,32.800000000000004,49.72083324947918,7.41398232854722,31-75,32.7990464405532,34.491129765501114,30.683703894506603,33.22230566165188,32.37578721945452
84,227,50.25226228577336,73.5112917424305,40.0,32.0,49.74773771422664,26.4887082575695,31-75,36.222062965781895,37.99683673720456,35.059111492949036,35.61024066719208,36.8338852643717
84,228,50.33843054627353,60.568417505833125,39.0,31.2,49.66156945372647,39.431582494166875,31-75,38.38478733495131,40.23094428032396,37.87328798697334,37.050129737556645,39.71944493234598
84,229,50.45521258057647,54.78480312512103,38.0,30.4,49.54478741942353,45.21519687487897,31-75,39.10647560080285,41.020954342745206,38.889996073575624,37.40847638608773,40.80447481551798
84,230,50.47381660151687,51.939578345273965,37.0,29.599999999999998,49.52618339848313,48.060421654726035,31-75,39.26993935049015,41.26255769033846,39.19665126330229,37.35060909782968,41.1892696031506
84,231,50.66408765840863,61.0949131210438,36.0,28.799999999999997,49.33591234159137,38.9050868789562,31-75,36.98179107826864,39.035382312427785,36.46024980513689,35.44974111724127,38.513841039296025
84,232,50.7203025830598,75.86192283973132,35.0,28.000000000000004,49.2796974169402,24.13807716026868,31-75,33.6115246571358,35.73949439882982,32.35444364430222,32.74063592827535,34.48241338599624
84,233,50.43614290032137,66.10136982136416,34.0,27.200000000000003,49.56385709967863,33.89863017863584,31-75,35.24888316563076,37.48526887559862,34.465621819578615,33.79575880171503,36.70200752954648
84,234,50.27592256859816,46.09588816514536,33.0,26.400000000000002,49.72407743140184,53.90411183485464,31-75,38.89804559639148,41.23045333953167,39.10704731656412,36.35663613307865,41.4394550597043
84,235,50.39291587918444,21.501571170085263,32.0,25.6,49.60708412081556,78.49842882991473,31-75,43.381811002227614,45.78251941430917,44.826378237682576,39.5365353546911,47.22708664976413
84,236,50.46310856600734,10.611412026590193,31.0,24.8,49.53689143399266,89.38858797340981,31-75,45.138785024879766,47.612474168279036,47.13136985185062,40.672511054509634,49.605058995249884
84,237,50.77867869911319,17.43828264177515,30.0,24.0,49.22132130088681,82.56171735822485,0-30,43.27873986191101,45.8008719919997,44.94575966477792,39.08958792895543,47.467891794866595
84,238,51.16385399003233,51.631569918790944,29.0,23.200000000000003,48.83614600996767,48.368430081209056,0-30,35.92452981923211,38.488144420228885,35.901144022794185,33.38430101467328,38.46475862379095
84,239,51.29661079973942,92.5701371072439,28.0,22.400000000000002,48.70338920026058,7.4298628927561055,0-30,27.296989338629395,29.927328258655454,25.233313023254173,26.730326733978565,27.863651943280228
84,240,51.22462226450804,100.0,27.0,21.6,48.77537773549196,0.0,0-30,25.432613320647587,28.150151094196787,22.99384443387299,25.15384443387299,25.711382207422183
84,241,51.52771432452648,100.0,26.0,20.8,48.47228567547352,0.0,0-30,24.941685702642054,27.70891427018941,22.51807141886838,24.59807141886838,25.285299986415733
84,242,51.92518515008167,100.0,25.0,20.0,48.07481484991833,0.0,0-30,24.422444454975498,27.229925939967334,22.018703712479585,24.018703712479585,24.826185197471414
84,243,52.33883431068429,100.0,24.0,19.2,47.66116568931571,0.0,0-30,23.89834970679471,26.744466275726285,21.51529142232893,23.435291422328927,24.361407991260496
84,244,52.497409667617,100.0,23.0,18.4,47.502590332383,0.0,0-30,23.450777099714898,26.3610361329532,21.07564758309575,22.915647583095748,23.98590661633405
84,245,52.61682334227551,100.0,22.0,17.599999999999998,47.38317665772449,0.0,0-30,23.014952997317344,25.993270663089795,20.645794164431123,22.40579416443112,23.62411183020357
84,246,52.79448860238212,100.0,21.0,16.8,47.20551139761788,0.0,0-30,22.561653419285363,25.602204559047152,20.201377849404473,21.881377849404473,23.24192898916626
84,247,53.29364824644154,100.0,20.0,16.0,46.70635175355846,0.0,0-30,22.011905526067537,25.082540701423383,19.676587938389616,21.276587938389614,22.747223113745463
84,248,53.36895360644869,100.0,19.0,15.2,46.63104639355131,0.0,0-30,21.589313918065393,24.732418557420523,19.257761598387827,20.777761598387826,22.40086623774296
84,249,53.8615775224582,100.0,18.0,14.399999999999999,46.1384224775418,0.0,0-30,21.041526743262537,24.215368991016724,18.734605619385448,20.17460561938545,21.90844786713963
84,250,54.29094627716053,100.0,17.0,13.600000000000001,45.70905372283947,0.0,0-30,20.51271611685184,23.72362148913579,18.22726343070987,19.587263430709868,21.438168802993815
84,251,54.404166949024734,100.0,16.0,12.8,45.595833050975266,0.0,0-30,20.07874991529258,23.358333220390108,17.798958262743817,19.078958262743818,21.07854156784134
84,252,54.74974789364357,100.0,15.0,12.0,45.25025210635643,0.0,0-30,19.575075631906927,22.90010084254257,17.312563026589107,18.512563026589106,20.637588237224747
84,253,55.03452118231324,100.0,14.0,11.200000000000001,44.96547881768676,0.0,0-30,19.089643645306026,22.466191527074706,16.84136970442169,17.961369704421692,20.217917586190367
84,254,55.364115909613325,100.0,13.0,10.4,44.635884090386675,0.0,0-30,18.590765227116,22.01435363615467,16.35897102259667,17.39897102259667,19.782559431635335
84,255,55.76460048225317,100.0,12.0,9.6,44.23539951774683,0.0,0-30,18.070619855324047,21.53415980709873,15.858849879436708,16.818849879436705,19.32238983121139
84,256,56.179771683587234,100.0,11.0,8.799999999999999,43.820228316412766,0.0,0-30,17.54606849492383,21.048091326565107,15.35505707910319,16.235057079103193,18.857079910744467
84,257,56.37620381234887,100.0,10.0,8.0,43.62379618765113,0.0,0-30,17.08713885629534,20.649518475060454,14.905949046912783,15.705949046912782,18.468328665677895
84,258,57.19481585774345,100.0,9.0,7.199999999999999,42.80518414225655,0.0,0-30,16.441555242676962,20.00207365690262,14.301296035564137,15.021296035564138,17.86181444978979
84,259,57.7480340246905,100.0,8.0,6.4,42.2519659753095,0.0,0-30,15.875589792592852,19.4607863901238,13.762991493827375,14.402991493827376,17.348188091358324
84,260,58.659806138672536,100.0,7.0,5.6000000000000005,41.340193861327464,0.0,0-30,15.20205815839824,18.776077544530985,13.135048465331867,13.695048465331865,16.70906785146461
84,261,59.21430260696115,100.0,6.0,4.8,40.78569739303885,0.0,0-30,14.635709217911655,18.234278957215544,12.596424348259713,13.076424348259714,16.194994087563597
84,262,59.66525666658204,100.0,5.0,4.0,40.33474333341796,0.0,0-30,14.100423000025389,17.733897333367185,12.08368583335449,12.48368583335449,15.717160166696285
84,263,60.65799389692745,100.0,4.0,3.2,39.34200610307255,0.0,0-30,13.402601830921764,17.01680244122902,11.435501525768137,11.755501525768137,15.049702136075393
84,264,60.69928537186152,100.0,3.0,2.4,39.30071462813848,0.0,0-30,12.990214388441542,16.68028585125539,11.025178657034619,11.26517865703462,14.715250119848466
84,265,61.91202880029739,100.0,2.0,1.6,38.08797119970261,0.0,0-30,12.226391359910783,15.875188479881045,10.321992799925653,10.481992799925653,13.970789919895912
84,266,62.33168469996845,100.0,1.0,0.8,37.66831530003155,0.0,0-30,11.700494590009466,15.387326120012622,9.817078825007888,9.897078825007888,13.503910355011042
84,267,63.08841940344526,100.0,0.0,0.0,36.91158059655474,0.0,0-30,11.073474178966423,14.764632238621898,9.227895149138686,9.227895149138686,12.919053208794159
91,39,20.966795687231222,0.0,96.0,76.8,79.03320431276877,100.0,76-125,82.10996129383062,82.33328172510751,83.1583010781922,80.83830107819219,83.38162150946907
91,40,13.666998161278071,0.0,95.0,76.0,86.33300183872193,100.0,76-125,83.89990055161658,84.93320073548877,84.58325045968049,82.18325045968048,85.61655064355267
91,41,11.021465468516372,0.0,94.0,75.2,88.97853453148363,100.0,76-125,84.2935603594451,85.67141381259346,84.84463363287091,82.3646336328709,86.22248708601927
91,42,38.07643395267974,0.0,93.0,74.4,61.92356604732026,100.0,76-125,75.77706981419608,74.52942641892811,77.68089151183007,75.12089151183007,76.4332481165621
91,43,39.959603565832666,0.0,92.0,73.6,60.040396434167334,100.0,76-125,74.8121189302502,73.45615857366693,76.81009910854183,74.17009910854183,75.45413875195857
91,44,38.62407080152536,0.0,91.0,72.8,61.37592919847464,100.0,76-125,74.8127787595424,73.67037167938986,76.74398229961866,74.02398229961867,75.60157521946613
91,45,19.67119431069392,5.4453525155590246,90.0,72.0,80.32880568930608,94.55464748444098,76-125,79.00957120368003,79.84245177261063,79.72086329343676,77.46539854499267,80.55374386236737
91,46,19.27174628499469,18.33125947954546,89.0,71.2,80.72825371500531,81.66874052045455,76-125,76.15222421859251,77.10504959009305,76.19924855886497,75.15237450681951,77.1520739303655
91,47,13.667355889275978,6.639499020977901,88.0,70.39999999999999,86.33264411072402,93.3605009790221,76-125,79.77189342902162,81.36515784009403,80.12328627243653,77.8272361745343,81.71655068350893
91,48,11.281891451016309,0.0,87.0,69.6,88.7181085489837,100.0,76-125,81.41543256469511,83.32724341959347,81.97952713724592,78.93952713724592,83.89133799214429
91,49,14.068525480965308,0.0,86.0,68.8,85.9314745190347,100.0,76-125,80.1794423557104,81.89258980761387,80.88286862975868,77.76286862975867,82.59601608166214
91,50,23.75501713517109,0.0,85.0,68.0,76.24498286482891,100.0,76-125,76.87349485944867,77.69799314593158,78.06124571620722,74.86124571620722,78.88574400269012
91,51,28.175730301707784,0.0,84.0,67.2,71.82426969829221,100.0,76-125,75.14728090948766,75.60970787931689,76.55606742457306,73.27606742457306,77.01849439440227
91,52,25.720285323851115,0.0,83.0,66.4,74.27971467614888,100.0,76-125,75.48391440284468,76.27188587045956,76.76992866903723,73.40992866903723,77.55790013665211
91,53,11.119661803950738,0.0,82.0,65.60000000000001,88.88033819604927,100.0,76-125,79.46410145881478,81.7921352784197,80.02008454901232,76.58008454901233,82.34811836861725
91,54,5.21580835795693,0.0,81.0,64.8,94.78419164204307,100.0,76-125,80.83525749261293,83.83367665681723,81.09604791051076,77.57604791051077,84.09446707471508
91,55,15.98413655193135,0.0,80.0,64.0,84.01586344806864,100.0,76-125,77.20475903442059,79.20634537922746,78.00396586201717,74.40396586201716,80.00555220682402
91,56,9.546709439010971,0.0,79.0,63.2,90.45329056098903,100.0,76-125,78.7359871682967,81.46131622439562,79.21332264024726,75.53332264024726,81.93865169634616
91,57,10.186975481322994,0.0,78.0,62.4,89.81302451867701,100.0,76-125,78.1439073556031,80.8852098074708,78.65325612966924,74.89325612966925,81.39455858153696
91,58,5.861082592240107,0.0,77.0,61.6,94.13891740775989,100.0,76-125,79.04167522232797,82.29556696310397,79.33472935193997,75.49472935193998,82.58862109271595
91,59,5.0739244907741625,0.0,76.0,60.8,94.92607550922584,100.0,76-125,78.87782265276775,82.29043020369033,79.13151887730646,75.21151887730646,82.54412642822905
91,60,0.0,0.0,75.0,60.0,100.0,100.0,31-75,80.0,84.0,80.0,76.0,84.0
91,61,0.0,0.0,74.0,59.199999999999996,100.0,100.0,31-75,79.6,83.68,79.6,75.52,83.68
91,62,0.0,0.0,73.0,58.4,100.0,100.0,31-75,79.2,83.36,79.2,75.03999999999999,83.36
91,63,0.0,0.0,72.0,57.599999999999994,100.0,100.0,31-75,78.8,83.03999999999999,78.8,74.56,83.03999999999999
91,64,0.0,0.0,71.0,56.8,100.0,100.0,31-75,78.4,82.72,78.4,74.08,82.72
91,65,0.0,0.0,70.0,56.00000000000001,100.0,100.0,31-75,78.0,82.4,78.0,73.6,82.4
91,66,0.0,0.0,69.0,55.2,100.0,100.0,31-75,77.6,82.08,77.6,73.12,82.08
91,67,0.0,0.0,68.0,54.400000000000006,100.0,100.0,31-75,77.2,81.76,77.2,72.64,81.76
91,68,0.0,0.0,67.0,53.6,100.0,100.0,31-75,76.8,81.44,76.8,72.16,81.44
91,69,0.0,0.0,66.0,52.800000000000004,100.0,100.0,31-75,76.4,81.12,76.4,71.68,81.12
91,70,0.0,0.0,65.0,52.0,100.0,100.0,31-75,76.0,80.8,76.0,71.2,80.8
91,71,0.0,0.0,64.0,51.2,100.0,100.0,31-75,75.6,80.48,75.6,70.72,80.48
91,72,0.0,0.0,63.0,50.4,100.0,100.0,31-75,75.2,80.16,75.2,70.24,80.16
91,73,0.0,0.0,62.0,49.6,100.0,100.0,31-75,74.8,79.84,74.8,69.75999999999999,79.84
91,74,0.0,0.0,61.0,48.8,100.0,100.0,31-75,74.4,79.52,74.4,69.28,79.52
91,75,0.0,0.0,60.0,48.0,100.0,100.0,31-75,74.0,79.2,74.0,68.8,79.2
91,76,0.0,0.0,59.0,47.199999999999996,100.0,100.0,31-75,73.6,78.88,73.6,68.32,78.88
91,77,0.0,0.0,58.0,46.400000000000006,100.0,100.0,31-75,73.2,78.56,73.2,67.84,78.56
91,78,0.0,4.011340389060904,57.0,45.6,100.0,95.9886596109391,31-75,71.99773192218782,77.43773192218782,71.79716490273478,66.75829894164086,77.23716490273478
91,79,0.0,17.31286712657525,56.0,44.800000000000004,100.0,82.68713287342476,31-75,68.93742657468496,74.45742657468496,68.07178321835619,64.28306993101371,73.5917832183562
91,80,0.0,23.055150015820804,55.0,44.0,100.0,76.9448499841792,31-75,67.38896999683584,72.98896999683583,66.2362124960448,62.94172749762688,71.8362124960448
91,81,0.0,28.67858970355117,54.0,43.2,100.0,71.32141029644883,31-75,65.86428205928976,71.54428205928977,64.4303525741122,61.61821154446733,70.11035257411221
91,82,0.0,5.067130376658476,53.0,42.4,100.0,94.93286962334153,31-75,70.18657392466831,75.94657392466831,69.93321740583539,64.67993044350123,75.69321740583538
91,83,0.0,0.0,52.0,41.6,100.0,100.0,31-75,70.8,76.64,70.8,64.96000000000001,76.64
91,84,0.0,0.0,51.0,40.8,100.0,100.0,31-75,70.4,76.32,70.4,64.47999999999999,76.32
91,85,0.0,0.0,50.0,40.0,100.0,100.0,31-75,70.0,76.0,70.0,64.0,76.0
91,86,0.0,0.0,49.0,39.2,100.0,100.0,31-75,69.6,75.68,69.6,63.519999999999996,75.68
91,87,0.0,5.1549662946891495,48.0,38.4,100.0,94.84503370531085,31-75,68.16900674106218,74.32900674106217,67.91125842632772,62.26675505579663,74.07125842632772
91,88,0.0,26.143188643155863,47.0,37.6,100.0,73.85681135684413,31-75,63.57136227136883,69.81136227136882,62.26420283921103,58.63852170352662,68.50420283921103
91,89,0.0,42.37093298727242,46.0,36.8,100.0,57.62906701272758,31-75,59.925813402545515,66.24581340254551,57.80726675318189,55.72436005190914,64.1272667531819
91,90,0.0,46.97074673275687,45.0,36.0,100.0,53.02925326724313,31-75,58.60585065344863,65.00585065344862,56.25731331681078,54.55438799008646,62.65731331681078
91,91,0.0,46.16296735617157,44.0,35.199999999999996,100.0,53.83703264382843,31-75,58.367406528765684,64.84740652876569,56.0592581609571,54.195554896574265,62.539258160957104
91,92,0.0,43.037106514945904,43.0,34.4,100.0,56.962893485054096,31-75,58.59257869701082,65.15257869701082,56.44072337126353,54.18443402275811,63.00072337126352
91,93,2.5985808930321874,48.83289938858451,42.0,33.6,97.40141910696781,51.16710061141549,31-75,56.253845854373445,62.63398776507022,53.94212992959582,52.185419868454275,60.3222718402926
91,94,2.0719158480657565,49.04696532080774,41.0,32.800000000000004,97.92808415193424,50.95303467919226,31-75,55.969032181418726,62.48184059661216,53.62027970778163,51.8049762398624,60.13308812297505
91,95,4.070497456553888,54.37540040507899,40.0,32.0,95.92950254344612,45.62459959492101,31-75,53.903770682018035,60.29672093636266,51.38852553459178,50.026065575099686,57.78147578893639
91,96,0.5802348126578306,57.53682625819717,39.0,31.2,99.41976518734216,42.46317374180283,31-75,53.91856430456321,60.74054082329743,51.07073473228625,49.944417358105966,57.892711251020465
91,97,0.0,49.01458032094183,38.0,30.4,100.0,50.98541967905817,31-75,55.39708393581164,62.35708393581163,52.946354919764545,50.88781295185872,59.90635491976454
91,98,0.0,39.93424660539754,37.0,29.599999999999998,100.0,60.06575339460246,31-75,56.81315067892049,63.8531506789205,54.816438348650614,51.76986300919037,61.85643834865062
91,99,0.0,26.18431217743357,36.0,28.799999999999997,100.0,73.81568782256643,31-75,59.163137564513285,66.28313756451328,57.85392195564161,53.35235317338497,64.9739219556416
91,100,9.541813037039116,20.678879530016715,35.0,28.000000000000004,90.45818696296088,79.32112046998328,31-75,57.001680182884925,63.24749887918101,56.44482685823604,51.31271481123771,62.690645554532125
91,101,14.325262393486494,18.40014963109927,34.0,27.200000000000003,85.6747376065135,81.59985036890073,31-75,55.6223913557342,61.469865116385556,55.41864699385356,49.978661956963485,61.26612075450491
91,102,12.583976647516268,19.057562962153877,33.0,26.400000000000002,87.41602335248373,80.94243703784612,31-75,55.61329441331435,61.71489674856272,55.28961509758247,49.83537139379785,61.39121743283083
91,103,12.066791394495286,26.32447532334134,32.0,25.6,87.93320860550472,73.67552467665865,31-75,53.91506751698315,60.14838837753362,53.20218332054084,48.394630852874975,59.43550418109132
91,104,11.758183922272872,30.926271160791075,31.0,24.8,88.24181607772712,69.07372883920893,31-75,52.68729059115992,59.03147219893264,51.72888622923401,47.301513345313126,58.07306783700672
91,105,23.485960964720835,46.0076471638392,30.0,24.0,76.51403903527917,53.9923528361608,0-30,45.75268227781591,51.00408618134383,44.62659796785999,41.62736268424391,49.8780018713879
91,106,26.48685170743573,56.22371740912391,29.0,23.200000000000003,73.51314829256427,43.77628259087609,0-30,42.409201005944496,47.44051583520093,40.92235772086009,38.864729461772484,45.953672550116515
91,107,26.385346388020377,52.88125615742523,28.0,22.400000000000002,73.61465361197962,47.11874384257477,0-30,42.70814485210884,47.82961021330681,41.3833493636386,38.911474979381126,46.504814724836564
91,108,27.34790299847609,45.29843516276456,27.0,21.6,72.65209700152391,54.70156483723544,0-30,43.53594206790426,48.64115176805666,42.63841545968984,39.32825897596629,47.743625159842225
91,109,50.09590080626819,62.969978618622456,26.0,20.8,49.90409919373181,37.030021381377544,0-30,32.77723403439505,35.68764395376824,32.133530143777335,30.510528005639586,35.043940063150515
91,110,50.15727896140061,85.23643149619686,25.0,20.0,49.84272103859939,14.763568503803143,0-30,27.905530012340446,30.88980211620039,26.151572385600634,26.67521553522032,29.13584448946057
91,111,50.294261030683664,100.0,24.0,19.2,49.705738969316336,0.0,0-30,24.5117216907949,27.562295587726535,22.026434742329084,23.94643474232908,25.077008639260715
91,112,50.378359635098334,100.0,23.0,18.4,49.621640364901666,0.0,0-30,24.0864921094705,27.208656145960667,21.605410091225416,23.445410091225416,24.72757412771558
91,113,50.601027275740506,100.0,22.0,17.599999999999998,49.398972724259494,0.0,0-30,23.619691817277847,26.799589089703797,21.14974318106487,22.909743181064872,24.32964045349082
91,114,50.80514411364967,100.0,21.0,16.8,49.19485588635033,0.0,0-30,23.1584567659051,26.397942354540135,20.698713971587583,22.378713971587583,23.938199560222614
91,115,50.735014224311485,100.0,20.0,16.0,49.264985775688515,0.0,0-30,22.779495732706554,26.105994310275406,20.31624644392213,21.916246443922127,23.64274502149098
91,116,50.81510443334532,100.0,19.0,15.2,49.18489556665468,0.0,0-30,22.355468669996405,25.753958226661872,19.89622389166367,21.41622389166367,23.29471344832914
91,117,50.93661118010059,100.0,18.0,14.399999999999999,49.06338881989941,0.0,0-30,21.91901664596982,25.385355527959767,19.46584720497485,20.90584720497485,22.93218608696479
91,118,51.20467129073853,100.0,17.0,13.600000000000001,48.79532870926147,0.0,0-30,21.438598612778442,24.95813148370459,18.998832177315368,20.358832177315367,22.518365048241513
91,119,51.45821560312797,100.0,16.0,12.8,48.54178439687203,0.0,0-30,20.962535319061608,24.536713758748814,18.535446099218007,19.815446099218008,22.109624538905212
91,120,51.4480636978857,100.0,15.0,12.0,48.5519363021143,0.0,0-30,20.565580890634287,24.220774520845723,18.137984075528575,19.337984075528574,21.793177705740003
91,121,51.648862912746,100.0,14.0,11.200000000000001,48.351137087254,0.0,0-30,20.1053411261762,23.820454834901604,17.687784271813502,18.807784271813503,21.4028979805389
91,122,51.901498790335246,100.0,13.0,10.4,48.098501209664754,0.0,0-30,19.629550362899426,23.399400483865904,17.22462530241619,18.26462530241619,20.994475423382664
91,123,52.0568704111829,100.0,12.0,9.6,47.9431295888171,0.0,0-30,19.182938876645128,23.017251835526842,16.785782397204276,17.745782397204273,20.620095356085983
91,124,52.32808050751641,100.0,11.0,8.799999999999999,47.67191949248359,0.0,0-30,18.701575847745076,22.588767796993437,16.317979873120898,17.197979873120897,20.205171822369255
91,125,52.42933453326625,100.0,10.0,8.0,47.57066546673375,0.0,0-30,18.271199640020125,22.2282661866935,15.892666366683438,16.692666366683437,19.84973291335681
91,126,53.21855469489982,100.0,9.0,7.199999999999999,46.78144530510018,0.0,0-30,17.634433591530055,21.59257812204007,15.295361326275044,16.015361326275045,19.25350585678506
91,127,54.09709948891405,100.0,8.0,6.4,45.90290051108595,0.0,0-30,16.970870153325787,20.92116020443438,14.67572512777149,15.315725127771488,18.62601517888008
91,128,54.400818459415575,100.0,7.0,5.6000000000000005,45.599181540584425,0.0,0-30,16.479754462175325,20.47967261623377,14.199795385146107,14.759795385146106,18.19971353920455
91,129,54.90654044062862,100.0,6.0,4.8,45.09345955937138,0.0,0-30,15.928037867811415,19.95738382374855,13.673364889842846,14.153364889842845,17.702710845779983
91,130,54.90968882977798,100.0,5.0,4.0,45.09031117022202,0.0,0-30,15.527093351066606,19.636124468088813,13.272577792555506,13.672577792555506,17.381608909577707
91,131,55.05676798954968,100.0,4.0,3.2,44.94323201045032,0.0,0-30,15.082969603135096,19.257292804180132,12.83580800261258,13.15580800261258,17.01013120365761
91,132,55.93357308036423,100.0,3.0,2.4,44.06642691963577,0.0,0-30,14.419928075890729,18.586570767854308,12.216606729908941,12.456606729908941,16.383249421872517
91,133,56.59808701661407,100.0,2.0,1.6,43.40191298338593,0.0,0-30,13.820573895015778,18.000765193354372,11.650478245846482,11.810478245846483,15.830669544185074
91,134,57.38345577657862,100.0,1.0,0.8,42.61654422342138,0.0,0-30,13.184963267026413,17.366617689368553,11.054136055855345,11.134136055855345,15.235790478197481
91,135,58.01448268800856,100.0,0.0,0.0,41.98551731199144,0.0,0-30,12.59565519359743,16.794206924796576,10.49637932799786,10.49637932799786,14.694931059197001
