unit_number,cycle,anomaly_score,trend_score,RUL_linear,rul_score,saude_anomalia,saude_trend,faixa_RUL,health_A_50_30_20,health_B_40_40_20,health_C_50_25_25,health_D_60_25_15,health_E_40_35_25,health_score,status,rul_risk,health_risk,priority_A_50_50,priority_B_60_40,priority_C_40_60,priority_D_70_30,priority_E_30_70
1,39,10.857178885462648,22.01927626158506,153.0,100.0,89.14282111453736,77.98072373841494,RUL > 125,92.3389910820442,91.25327319349792,91.78088621323808,93.98281383939658,90.6951683246918,93.98281383939658,SAUDAVEL,0.0,6.017186160603416,3.008593080301708,3.610311696362049,2.4068744642413664,4.212030312422391,1.8051558481810246
1,40,0.0,15.3152996806735,152.0,100.0,100.0,84.6847003193265,RUL > 125,96.93694006386532,96.93694006386532,96.17117507983164,97.70270504789896,96.17117507983164,97.70270504789896,SAUDAVEL,0.0,2.2972949521010406,1.1486474760505203,1.3783769712606244,0.9189179808404163,1.6081064664707283,0.6891884856303122
1,41,0.0,3.824603497527277,151.0,100.0,100.0,96.17539650247272,RUL > 125,99.23507930049456,99.23507930049456,99.04384912561818,99.42630947537091,99.04384912561818,99.42630947537091,SAUDAVEL,0.0,0.573690524629086,0.286845262314543,0.34421431477745157,0.22947620985163442,0.40158336724036015,0.17210715738872578
1,42,0.0,0.0,150.0,100.0,100.0,100.0,RUL > 125,100.0,100.0,100.0,100.0,100.0,100.0,SAUDAVEL,0.0,0.0,0.0,0.0,0.0,0.0,0.0
1,43,0.0,0.0,149.0,100.0,100.0,100.0,RUL > 125,100.0,100.0,100.0,100.0,100.0,100.0,SAUDAVEL,0.0,0.0,0.0,0.0,0.0,0.0,0.0
1,44,0.0,0.0,148.0,100.0,100.0,100.0,RUL > 125,100.0,100.0,100.0,100.0,100.0,100.0,SAUDAVEL,0.0,0.0,0.0,0.0,0.0,0.0,0.0
1,45,0.0,0.0,147.0,100.0,100.0,100.0,RUL > 125,100.0,100.0,100.0,100.0,100.0,100.0,SAUDAVEL,0.0,0.0,0.0,0.0,0.0,0.0,0.0
1,46,0.0,0.0,146.0,100.0,100.0,100.0,RUL > 125,100.0,100.0,100.0,100.0,100.0,100.0,SAUDAVEL,0.0,0.0,0.0,0.0,0.0,0.0,0.0
1,47,0.0,0.0,145.0,100.0,100.0,100.0,RUL > 125,100.0,100.0,100.0,100.0,100.0,100.0,SAUDAVEL,0.0,0.0,0.0,0.0,0.0,0.0,0.0
1,48,0.0,0.0,144.0,100.0,100.0,100.0,RUL > 125,100.0,100.0,100.0,100.0,100.0,100.0,SAUDAVEL,0.0,0.0,0.0,0.0,0.0,0.0,0.0
1,49,0.0,0.0,143.0,100.0,100.0,100.0,RUL > 125,100.0,100.0,100.0,100.0,100.0,100.0,SAUDAVEL,0.0,0.0,0.0,0.0,0.0,0.0,0.0
1,50,0.0,0.0,142.0,100.0,100.0,100.0,RUL > 125,100.0,100.0,100.0,100.0,100.0,100.0,SAUDAVEL,0.0,0.0,0.0,0.0,0.0,0.0,0.0
1,51,0.0,0.0,141.0,100.0,100.0,100.0,RUL > 125,100.0,100.0,100.0,100.0,100.0,100.0,SAUDAVEL,0.0,0.0,0.0,0.0,0.0,0.0,0.0
1,52,0.0,0.0,140.0,100.0,100.0,100.0,RUL > 125,100.0,100.0,100.0,100.0,100.0,100.0,SAUDAVEL,0.0,0.0,0.0,0.0,0.0,0.0,0.0
1,53,0.0,0.0,139.0,100.0,100.0,100.0,RUL > 125,100.0,100.0,100.0,100.0,100.0,100.0,SAUDAVEL,0.0,0.0,0.0,0.0,0.0,0.0,0.0
1,54,0.0,5.221382622173075,138.0,100.0,100.0,94.77861737782692,RUL > 125,98.95572347556538,98.95572347556538,98.69465434445672,99.21679260667403,98.69465434445672,99.21679260667403,SAUDAVEL,0.0,0.7832073933259664,0.3916036966629832,0.46992443599557987,0.3132829573303866,0.5482451753281765,0.23496221799778993
1,55,0.0,1.1977316007217218,137.0,100.0,100.0,98.80226839927828,RUL > 125,99.76045367985566,99.76045367985566,99.70056709981957,99.82034025989174,99.70056709981957,99.82034025989174,SAUDAVEL,0.0,0.17965974010826358,0.08982987005413179,0.10779584406495814,0.07186389604330544,0.1257618180757845,0.05389792203247907
1,56,0.0,3.200736260647848,136.0,100.0,100.0,96.79926373935216,RUL > 125,99.35985274787043,99.35985274787043,99.19981593483804,99.51988956090284,99.19981593483804,99.51988956090284,SAUDAVEL,0.0,0.4801104390971602,0.2400552195485801,0.2880662634582961,0.1920441756388641,0.3360773073680121,0.14403313172914806
1,57,0.0,0.0,135.0,100.0,100.0,100.0,RUL > 125,100.0,100.0,100.0,100.0,100.0,100.0,SAUDAVEL,0.0,0.0,0.0,0.0,0.0,0.0,0.0
1,58,0.0,0.0,134.0,100.0,100.0,100.0,RUL > 125,100.0,100.0,100.0,100.0,100.0,100.0,SAUDAVEL,0.0,0.0,0.0,0.0,0.0,0.0,0.0
1,59,0.0,0.0,133.0,100.0,100.0,100.0,RUL > 125,100.0,100.0,100.0,100.0,100.0,100.0,SAUDAVEL,0.0,0.0,0.0,0.0,0.0,0.0,0.0
1,60,0.0,0.0,132.0,100.0,100.0,100.0,RUL > 125,100.0,100.0,100.0,100.0,100.0,100.0,SAUDAVEL,0.0,0.0,0.0,0.0,0.0,0.0,0.0
1,61,0.0,0.0,131.0,100.0,100.0,100.0,RUL > 125,100.0,100.0,100.0,100.0,100.0,100.0,SAUDAVEL,0.0,0.0,0.0,0.0,0.0,0.0,0.0
1,62,0.0,0.0,130.0,100.0,100.0,100.0,RUL > 125,100.0,100.0,100.0,100.0,100.0,100.0,SAUDAVEL,0.0,0.0,0.0,0.0,0.0,0.0,0.0
1,63,0.0,0.0,129.0,100.0,100.0,100.0,RUL > 125,100.0,100.0,100.0,100.0,100.0,100.0,SAUDAVEL,0.0,0.0,0.0,0.0,0.0,0.0,0.0
1,64,0.0,14.928536133447007,128.0,100.0,100.0,85.07146386655299,RUL > 125,97.0142927733106,97.0142927733106,96.26786596663824,97.76071957998296,96.26786596663824,97.76071957998296,SAUDAVEL,0.0,2.239280420017039,1.1196402100085194,1.3435682520102232,0.8957121680068156,1.567496294011927,0.6717841260051116
1,65,0.0,18.956701558893148,127.0,100.0,100.0,81.04329844110686,RUL > 125,96.20865968822136,96.20865968822136,95.26082461027671,97.15649476616603,95.26082461027671,97.15649476616603,SAUDAVEL,0.0,2.843505233833966,1.421752616916983,1.7061031403003795,1.1374020935335865,1.990453663683776,0.8530515701501897
1,66,0.0,27.288198763828746,126.0,100.0,100.0,72.71180123617125,RUL > 125,94.54236024723426,94.54236024723426,93.1779503090428,95.90677018542569,93.1779503090428,95.90677018542569,SAUDAVEL,0.0,4.093229814574315,2.0466149072871573,2.4559378887445886,1.637291925829726,2.86526087020202,1.2279689443722943
1,67,0.0,33.34409842501773,125.0,100.0,100.0,66.65590157498227,76-125,93.33118031499646,93.33118031499646,91.66397539374556,94.99838523624734,91.66397539374556,94.99838523624734,SAUDAVEL,0.0,5.001614763752656,2.500807381876328,3.000968858251593,2.0006459055010626,3.501130334626859,1.5004844291257966
1,68,0.0,22.05817941961754,124.0,99.2,100.0,77.94182058038245,76-125,95.18836411607649,95.2683641160765,94.0854551450956,96.21127308705736,94.16545514509562,96.21127308705736,SAUDAVEL,0.7999999999999972,3.7887269129426357,2.2943634564713165,2.5932361477655803,1.9954907651770526,2.892108839059844,1.6966180738827887
1,69,0.0,20.679184967138944,123.0,98.4,100.0,79.32081503286105,76-125,95.06416300657222,95.22416300657224,94.03020375821526,95.93812225492916,94.19020375821528,95.93812225492916,SAUDAVEL,1.5999999999999943,4.061877745070845,2.8309388725354196,3.0771266470425047,2.5847510980283346,3.3233144215495893,2.3385633235212495
1,70,0.0,5.454925044950953,122.0,97.6,100.0,94.54507495504905,76-125,97.7090149910098,97.9490149910098,97.43626873876228,97.74176124325736,97.67626873876225,97.74176124325736,SAUDAVEL,2.4000000000000057,2.2582387567426423,2.329119378371324,2.3149432540455877,2.3432955026970603,2.3007671297198513,2.3574716270227967
1,71,0.0,0.0,121.0,96.8,100.0,100.0,76-125,98.4,98.72,98.4,98.08,98.72,98.08,SAUDAVEL,3.200000000000003,1.9200000000000017,2.5600000000000023,2.432000000000002,2.6880000000000024,2.304000000000002,2.8160000000000025
1,72,0.0,0.0,120.0,96.0,100.0,100.0,76-125,98.0,98.4,98.0,97.6,98.4,97.6,SAUDAVEL,4.0,2.4000000000000057,3.200000000000003,3.0400000000000036,3.360000000000002,2.880000000000004,3.5200000000000014
1,73,0.0,0.0,119.0,95.19999999999999,100.0,100.0,76-125,97.6,98.08,97.6,97.12,98.08,97.12,SAUDAVEL,4.800000000000011,2.8799999999999955,3.8400000000000034,3.648000000000002,4.0320000000000045,3.4560000000000004,4.224000000000006
1,74,0.0,0.0,118.0,94.39999999999999,100.0,100.0,76-125,97.2,97.76,97.2,96.64,97.76,96.64,SAUDAVEL,5.6000000000000085,3.3599999999999994,4.480000000000004,4.256000000000003,4.704000000000005,4.032000000000002,4.928000000000005
1,75,0.0,0.0,117.0,93.60000000000001,100.0,100.0,76-125,96.8,97.44,96.8,96.16,97.44,96.16,SAUDAVEL,6.3999999999999915,3.8400000000000034,5.119999999999997,4.863999999999999,5.375999999999996,4.608,5.631999999999994
1,76,0.0,0.0,116.0,92.80000000000001,100.0,100.0,76-125,96.4,97.12,96.4,95.68,97.12,95.68,SAUDAVEL,7.199999999999989,4.319999999999993,5.759999999999991,5.471999999999991,6.04799999999999,5.183999999999992,6.33599999999999
1,77,0.0,18.14271595992557,115.0,92.0,100.0,81.85728404007443,76-125,92.37145680801488,93.1714568080149,91.4643210100186,92.47859260601116,92.26432101001862,92.47859260601116,SAUDAVEL,8.0,7.521407393988838,7.760703696994419,7.712844436393302,7.8085629575955355,7.664985175792186,7.85642221819665
1,78,0.0,51.20551329380151,114.0,91.2,100.0,48.79448670619849,76-125,85.3588973412397,86.2388973412397,82.79862167654962,87.03917300592977,83.67862167654962,87.03917300592977,SAUDAVEL,8.799999999999997,12.960826994070231,10.880413497035114,11.296496196442138,10.46433079762809,11.71257889584916,10.048248098221066
1,79,3.2277797254079665,76.83025816415054,113.0,90.4,96.77222027459204,23.169741835849464,76-125,78.86561444954751,79.50283647700671,75.18549052761037,81.90851634402543,75.82271255506959,81.90851634402543,SAUDAVEL,9.599999999999994,18.09148365597457,13.845741827987283,14.69489019358474,12.996593462389825,15.544038559182198,12.147445096792367
1,80,17.38667624185272,100.0,112.0,89.60000000000001,82.61332375814729,0.0,76-125,69.58399712744419,68.88532950325893,65.45333093953683,74.41333093953682,64.75466331535155,74.41333093953682,ATENCAO,10.399999999999991,25.58666906046318,17.993334530231586,19.512001436277906,16.474667624185265,21.030668342324223,14.956000718138947
1,81,9.20183729099737,100.0,111.0,88.8,90.79816270900264,0.0,76-125,71.63944881270078,71.83926508360105,67.09954067725066,75.97954067725065,67.29935694815092,75.97954067725065,ATENCAO,11.200000000000003,24.020459322749346,17.610229661374674,18.892275593649607,16.32818372909974,20.17432152592454,15.046137796824805
1,82,0.0,92.17100227347908,110.0,88.0,100.0,7.8289977265209245,76-125,75.56579954530419,76.76579954530419,70.95724943163023,78.97434965897814,72.15724943163023,78.97434965897814,ATENCAO,12.0,21.02565034102186,16.51282517051093,17.415390204613118,15.610260136408742,18.3179552387153,14.707695102306555
1,83,0.0,64.40122664747355,109.0,87.2,100.0,35.59877335252645,76-125,80.71975467050528,81.99975467050528,77.4996933381316,82.65981600287896,78.77969333813161,82.65981600287896,SAUDAVEL,12.799999999999997,17.340183997121045,15.070091998560521,15.524110398272626,14.616073598848416,15.97812879798473,14.162055199136312
1,84,0.0,34.23516032366602,108.0,86.4,100.0,65.76483967633398,76-125,86.3529679352668,87.7129679352668,84.6412099190835,86.7047259514501,86.0012099190835,86.7047259514501,SAUDAVEL,13.599999999999994,13.2952740485499,13.447637024274947,13.417164429129937,13.478109619419957,13.386691833984926,13.508582214564965
1,85,0.0,14.264554821148662,107.0,85.6,100.0,85.73544517885134,76-125,89.94708903577026,91.38708903577027,89.23386129471282,89.22031677682769,90.67386129471284,89.22031677682769,SAUDAVEL,14.400000000000006,10.779683223172313,12.58984161158616,12.22780993390339,12.951873289268928,11.865778256220619,13.313904966951696
1,86,0.0,0.0,106.0,84.8,100.0,100.0,76-125,92.4,93.92,92.4,90.88,93.92,90.88,SAUDAVEL,15.200000000000003,9.120000000000005,12.160000000000004,11.552000000000003,12.768000000000002,10.944000000000003,13.376000000000001
1,87,6.9818667677844575,0.0,105.0,84.0,93.01813323221556,100.0,76-125,89.90543996966466,90.80725329288624,90.25453330805388,88.65453330805389,91.15634663127544,88.65453330805389,SAUDAVEL,16.0,11.345466691946115,13.672733345973057,13.207280015167669,14.138186676778446,12.74182668436228,14.603640007583834
1,88,4.088294424451395,0.0,104.0,83.2,95.9117055755486,100.0,76-125,90.3735116726646,91.64468223021944,90.57792639388715,88.89792639388716,91.84909695144202,88.89792639388716,SAUDAVEL,16.799999999999997,11.102073606112839,13.951036803056418,13.381244163667702,14.520829442445134,12.811451524278986,15.09062208183385
1,89,0.0,0.0,103.0,82.39999999999999,100.0,100.0,76-125,91.2,92.96,91.2,89.44,92.96,89.44,SAUDAVEL,17.60000000000001,10.560000000000002,14.080000000000005,13.376000000000005,14.784000000000006,12.672000000000004,15.488000000000007
1,90,4.121563128259788,1.011505937279338,102.0,81.6,95.8784368717402,98.98849406272066,76-125,89.3612298740662,90.7890735612402,89.51673273361521,87.77788332734315,90.94457642078925,87.77788332734315,SAUDAVEL,18.400000000000006,12.222116672656853,15.31105833632843,14.693270003594115,15.928846669062743,14.075481670859798,16.546635001797057
1,91,13.227752895808164,26.450324082685512,101.0,80.80000000000001,86.77224710419183,73.54967591731449,76-125,81.14160931472045,81.73883402513965,80.48048075537659,81.20551316364514,81.07770546579576,81.20551316364514,SAUDAVEL,19.19999999999999,18.794486836354864,18.997243418177426,18.956692101812912,19.03779473454194,18.9161407854484,19.07834605090645
1,92,14.384444019145562,34.317329408275235,100.0,80.0,85.61555598085444,65.68267059172476,76-125,78.82120091260128,79.38275651068673,77.8245566431448,79.25628958397232,78.38611224123025,79.25628958397232,ATENCAO,20.0,20.74371041602768,20.37185520801384,20.446226249616608,20.297484166411074,20.520597291219374,20.223113124808304
1,93,2.1281238597419665,28.93390697707504,99.0,79.2,97.87187614025804,71.06609302292496,76-125,83.17478144666241,85.04196906068822,81.83449229079575,82.64788298850326,83.70167990482156,82.64788298850326,SAUDAVEL,20.799999999999997,17.352117011496745,19.07605850574837,18.731270206898046,19.420846804598696,18.38648190804772,19.76563510344902
1,94,9.020737492040572,21.85499658032648,98.0,78.4,90.97926250795943,78.14500341967351,76-125,82.12277943632255,83.38070568711848,81.48106648190824,81.50656613994089,82.73899273270418,81.50656613994089,SAUDAVEL,21.599999999999994,18.493433860059113,20.046716930029554,19.736060316035466,20.35737354402364,19.425403702041375,20.66803015801773
1,95,26.36401685614329,36.61024372051143,97.0,77.60000000000001,73.6359831438567,63.38975627948857,76-125,73.56874619905473,73.17234451344041,73.05643485583632,74.47745922788746,72.660033170222,74.47745922788746,ATENCAO,22.39999999999999,25.522540772112535,23.961270386056263,24.273524463267517,23.64901630884501,24.58577854047877,23.336762231633752
1,96,20.59610004936646,37.43372819736626,96.0,76.8,79.40389995063354,62.56627180263374,76-125,74.7344243457168,74.99481434078017,73.89254293831682,75.31591575805345,74.15293293338017,75.31591575805345,ATENCAO,23.200000000000003,24.68408424194655,23.942042120973277,24.090450545167933,23.79363369677862,24.238858969362585,23.645225272583968
1,97,22.694845497277672,47.80331417311915,95.0,76.0,77.30515450272233,52.19668582688085,76-125,71.63088351619287,71.76139896646511,70.37546008240079,72.75579149971271,70.50597553267303,72.75579149971271,ATENCAO,24.0,27.244208500287286,25.622104250143643,25.946525100172373,25.297683400114913,26.2709459502011,24.973262550086183
1,98,40.57775754627213,67.63797632770446,94.0,75.2,59.42224245372787,32.362023672295535,76-125,61.89907747057747,60.321301715950256,60.54606653150586,64.8298641642763,58.968290776878646,64.8298641642763,ATENCAO,24.799999999999997,35.1701358357237,29.985067917861848,31.022081501434215,28.948054334289477,32.05909508500659,27.911040750717106
1,99,47.197514148142346,67.00383253969726,93.0,74.4,52.80248585185765,32.99616746030274,76-125,59.639979247617845,57.48022783280362,58.649663328040106,62.79004658200982,56.48991191322587,62.79004658200982,ATENCAO,25.599999999999994,37.20995341799018,31.404976708995086,32.5659720507941,30.243981367196067,33.726967392593124,29.082986025397048
1,100,50.03917019718738,79.0501600067919,92.0,73.6,49.96082980281262,20.9498399932081,76-125,55.97821693948541,53.614299919766665,54.52766744900518,59.79268344968436,52.16375042928644,59.79268344968436,RISCO,26.400000000000006,40.20731655031564,33.30365827515782,34.68438993018938,31.92292662012626,36.06512158522095,30.542194965094694
1,101,50.11948977669508,97.15853486952656,91.0,72.8,49.88051022330492,2.8414651304734377,76-125,51.93244609308616,49.64049711541666,49.58049383844459,56.57634732539724,47.28854486077508,56.57634732539724,RISCO,27.200000000000003,43.42365267460276,35.31182633730138,36.93419160476165,33.6894610698411,38.55655687222193,32.06709580238083
1,102,50.177130949304384,100.0,90.0,72.0,49.822869050695616,0.0,76-125,50.946860715208686,48.72914762027825,48.4557172626739,55.6557172626739,46.23800416774347,55.6557172626739,RISCO,28.0,44.3442827373261,36.17214136866305,37.80656964239566,34.53771309493044,39.44099791612827,32.90328482119783
1,103,50.21806054042817,100.0,89.0,71.2,49.78193945957183,0.0,76-125,50.53458183787155,48.39277578382874,48.04548486489296,55.16548486489296,45.90367881085014,55.16548486489296,RISCO,28.799999999999997,44.83451513510704,36.81725756755352,38.420709081064224,35.21380605404281,40.02416059457492,33.61035454053211
1,104,49.93395446838044,79.42509165641725,88.0,70.39999999999999,50.06604553161956,20.57490834358275,76-125,54.33479532820242,52.301399881364375,52.860238468800574,57.8427476344423,50.82684302196253,57.8427476344423,RISCO,29.60000000000001,42.1572523655577,35.87862618277886,37.13435141933462,34.62290094622308,38.3900766558904,33.367175709667315
1,105,36.665957172804085,51.54034603154432,87.0,69.6,63.33404282719592,48.45965396845568,76-125,63.49214364184991,62.86554792456951,62.74842419891289,64.86245880206734,62.12182848163249,64.86245880206734,ATENCAO,30.400000000000006,35.13754119793266,32.768770598966334,33.2425247187596,32.29501647917307,33.71627883855287,31.8212623593798
1,106,24.82314822101867,5.185245728008592,86.0,68.8,75.17685177898133,94.8147542719914,76-125,75.91600638809268,76.55369156599082,76.89790151274318,74.29642608554404,77.53558669064131,74.29642608554404,ATENCAO,31.200000000000003,25.70357391445596,28.45178695722798,27.902144348673577,29.001429565782388,27.352501740119173,29.551072174336788
1,107,44.03370066036586,0.0,85.0,68.0,55.96629933963414,100.0,76-125,70.78988980189024,69.58651973585366,72.99157483490853,69.79157483490853,71.78820476887195,69.79157483490853,ATENCAO,32.0,30.20842516509147,31.104212582545735,30.92505509905488,31.28337006603659,30.745897615564026,31.462527549527437
1,108,50.10023915453485,0.0,84.0,67.2,49.89976084546515,100.0,76-125,68.56992825363955,66.83990433818607,71.07494021136628,67.79494021136628,69.34491629591281,67.79494021136628,ATENCAO,32.8,32.20505978863372,32.50252989431686,32.44303587318023,32.56202391545348,32.3835418520436,32.62151793659011
1,109,50.17277024939061,0.0,83.0,66.4,49.82722975060939,100.0,76-125,68.14816892518282,66.49089190024375,70.65680743765235,67.29680743765235,68.99953041271328,67.29680743765235,ATENCAO,33.599999999999994,32.70319256234765,33.15159628117382,33.06191553740859,33.24127702493906,32.97223479364335,33.330957768704295
1,110,50.096178605310776,0.0,82.0,65.60000000000001,49.90382139468922,100.0,76-125,67.77114641840677,66.20152855787569,70.27595534867231,66.83595534867231,68.70633748814123,66.83595534867231,ATENCAO,34.39999999999999,33.164044651327686,33.78202232566384,33.65842679079661,33.905617860531066,33.534831255929376,34.029213395398294
1,111,50.23272322092906,12.195718713335149,81.0,64.8,49.76727677907094,87.80428128666485,76-125,64.89103929105426,63.387766968961344,66.79288951643395,64.49246138776745,65.28961719434103,64.49246138776745,ATENCAO,35.2,35.50753861223255,35.35376930611628,35.38452316733953,35.323015444893024,35.415277028562784,35.29226158366976
1,112,50.17841989428744,33.52704443027928,80.0,64.0,49.82158010571256,66.47295556972071,76-125,60.24106514565791,58.82322315622917,61.07363391885832,60.82633836188624,59.655791929429576,60.82633836188624,ATENCAO,36.0,39.17366163811376,37.58683081905688,37.90419698286826,37.2694646552455,38.22156314667963,36.95209849143413
1,113,50.22541582887194,61.94592809711448,79.0,63.2,49.77458417112806,38.05407190288552,76-125,54.143189631915526,52.80064804902833,53.55716401850339,56.071756828214845,52.2146224356162,56.071756828214845,RISCO,36.8,43.928243171785155,40.364121585892576,41.07694590307109,39.65129726871406,41.78977022024961,38.938472951535545
1,114,50.25207708641162,72.60078368031778,78.0,62.4,49.74792291358838,27.399216319682225,76-125,51.60422013801296,50.3390124293718,50.48678480831765,53.98686317634943,49.221577099676495,53.98686317634943,RISCO,37.6,46.01313682365057,41.80656841182528,42.647882094190344,40.96525472946023,43.4891957765554,40.12394104709517
1,115,50.130346823185306,56.07902686189732,77.0,61.6,49.86965317681469,43.92097313810268,76-125,54.54509058066495,53.37205589834642,54.24765657872935,56.01555926491908,53.07462189641081,56.01555926491908,RISCO,38.4,43.98444073508092,41.19222036754046,41.750664441048556,40.63377629403237,42.30910851455664,40.075332220524274
1,116,50.20466977508398,27.674994804366023,76.0,60.8,49.79533022491602,72.32500519563398,76-125,59.8036001066016,58.70313312909321,60.9300838551375,59.7775833355741,59.82961687762911,59.7775833355741,RISCO,39.2,40.2224166644259,39.71120833221295,39.81344999865554,39.60896666577036,39.91569166509813,39.50672499932777
1,117,50.33754233439215,21.26920500516224,75.0,60.0,49.66245766560785,78.73079499483777,31-75,60.644896298649904,59.61114206521069,62.098313165111406,60.22523366562763,61.06455893167219,60.22523366562763,ATENCAO,40.0,39.77476633437237,39.88738316718619,39.86485980062342,39.90990653374895,39.842336434060655,39.93242990031171
1,118,50.17865192567167,11.90498806336972,74.0,59.199999999999996,49.82134807432833,88.09501193663029,31-75,62.16540680962456,61.2275416170574,64.07909000273965,61.18958880907663,63.14122481017249,61.18958880907663,ATENCAO,40.800000000000004,38.81041119092337,39.805205595461686,39.606246714554025,40.00416447636935,39.40728783364636,40.203123357277015
1,119,50.24605810715549,12.697946157741614,73.0,58.4,49.75394189284451,87.30205384225839,31-75,61.58659333630503,60.72198752558948,63.46399893377573,60.57379354954988,62.59939312306017,60.57379354954988,ATENCAO,41.6,39.42620645045012,40.51310322522506,40.295723870270066,40.73048258018005,40.07834451531508,40.94786193513503
1,120,50.05559732735438,0.0,72.0,57.599999999999994,49.94440267264562,100.0,31-75,63.783320801793685,63.01776106905825,66.2861006681614,62.0461006681614,65.52054093542597,62.0461006681614,ATENCAO,42.400000000000006,37.9538993318386,40.1769496659193,39.73233959910316,40.62155973273544,39.28772953228702,41.06616979955158
1,121,50.0858473547096,0.0,71.0,56.8,49.9141526452904,100.0,31-75,63.37424579358712,62.68566105811616,65.8785381613226,61.5585381613226,65.18995342585164,61.5585381613226,ATENCAO,43.2,38.4414618386774,40.8207309193387,40.34487710320644,41.29658473547096,39.86902328707418,41.772438551603216
1,122,50.286408684182845,0.0,70.0,56.00000000000001,49.71359131581716,100.0,31-75,62.91407739474515,62.28543652632687,65.42839782895429,61.02839782895429,64.799756960536,61.02839782895429,ATENCAO,43.99999999999999,38.97160217104571,41.48580108552285,40.98296130262742,41.98864086841828,40.480121519731995,42.49148065131371
1,123,50.46919992202553,13.446399247282256,69.0,55.2,49.53080007797447,86.55360075271774,31-75,59.769960173935885,59.20304018173334,61.62110020767305,58.48574013240128,61.054180215470495,58.48574013240128,RISCO,44.8,41.51425986759872,43.157129933799354,42.828555920559225,43.48570394703948,42.499981907319096,43.81427796027961
1,124,50.58828603861754,42.54705539724462,68.0,54.400000000000006,49.41171396138246,57.45294460275538,31-75,53.51410310896581,53.01527450510407,53.91616464103447,53.61087018075892,53.41733603717272,53.61087018075892,RISCO,45.599999999999994,46.38912981924108,45.994564909620536,46.07347789154464,45.91565192769643,46.152390873468754,45.83673894577232
1,125,50.44106664886936,44.48620420258552,67.0,53.6,49.55893335113064,55.51379579741448,31-75,52.77043916482209,52.366332499935154,53.06818228713628,52.87680270739483,52.66407562224934,52.87680270739483,RISCO,46.4,47.12319729260517,46.76159864630259,46.8339183755631,46.68927891704207,46.90623810482362,46.616959187781546
1,126,50.48674543282089,51.36868603626874,66.0,52.800000000000004,49.51325456717911,48.63131396373126,31-75,50.98023916289999,50.6515646196179,50.9361421327276,51.35301073635446,50.60746758944551,51.35301073635446,RISCO,47.199999999999996,48.64698926364554,47.92349463182276,48.06819355818732,47.77879570545821,48.21289248455187,47.63409677909365
1,127,50.45931623654853,63.547508227934735,65.0,52.0,49.54068376345147,36.45249177206527,31-75,48.15270348344849,47.90677185979364,47.49829388387918,49.05304470667266,47.25236226022432,49.05304470667266,RISCO,48.0,50.94695529332734,49.47347764666367,49.76817317599641,49.17878211733094,50.06286870532914,48.8840865879982
1,128,50.3032573025524,48.080867702403175,64.0,51.2,49.6967426974476,51.919132297596825,31-75,50.89284926875365,50.74252353849842,51.00396874876111,50.93205551900142,50.85364301850587,50.93205551900142,RISCO,48.8,49.06794448099858,48.93397224049929,48.96076668859914,48.90717779239943,48.987561136699,48.88038334429957
1,129,50.428892451746165,45.82669408164574,63.0,50.4,49.57110754825384,54.17330591835426,31-75,50.905993448147,50.82310420297239,51.13610336665202,50.75877277481659,51.0532141214774,50.75877277481659,RISCO,49.6,49.24122722518341,49.42061361259171,49.38473633511005,49.45649089007336,49.34885905762839,49.49236816755502
1,130,50.49945766602083,28.71008222047769,62.0,49.6,49.50054233397917,71.28991777952231,31-75,53.908146256098206,53.89820048949613,54.99761502837537,52.828623250423135,54.98766926177328,52.828623250423135,RISCO,50.4,47.171376749576865,48.785688374788435,48.46282604974612,49.108550699830744,48.139963724703804,49.43141302487305
1,131,50.50942543626552,7.805831252265068,61.0,48.8,49.49057456373448,92.19416874773492,31-75,57.68600611866733,57.75506357504078,59.82118582786735,55.48176895309386,59.8902432842408,55.48176895309386,RISCO,51.2,44.51823104690614,47.85911552345307,47.190938628143684,48.52729241876246,46.5227617328343,49.195469314071836
1,132,50.72523591088512,13.777239640225556,60.0,48.0,49.27476408911488,86.22276035977444,31-75,56.02698129868935,56.15445770760084,57.87438111222233,54.052105076244885,58.00185752113382,54.052105076244885,RISCO,52.0,45.947894923755115,48.97394746187756,48.368736954253066,49.57915796950205,47.76352644662858,50.18436847712653
1,133,50.59175134219193,19.192527178317,59.0,47.199999999999996,49.40824865780807,80.807472821683,31-75,54.58396916167902,54.80479402745984,56.15393036987277,52.79318308770446,56.37475523565357,52.79318308770446,RISCO,52.800000000000004,47.20681691229554,50.00340845614777,49.444090147377324,50.56272676491821,48.88477183860688,51.12204507368866
1,134,50.53626603916411,29.21130453846692,58.0,46.400000000000006,49.46373396083589,70.78869546153308,31-75,52.19685928055739,52.50323267664098,53.26310735559225,50.82423780943894,53.56948075167583,50.82423780943894,RISCO,53.599999999999994,49.17576219056106,51.38788109528053,50.945457314336636,51.83030487622442,50.50303353339274,52.272728657168315
1,135,50.48247786477005,22.95262062259971,57.0,45.6,49.51752213522995,77.04737937740029,31-75,53.06473251604905,53.45648472957204,54.44122537815756,51.296487440417536,54.83297759168055,51.296487440417536,RISCO,54.4,48.703512559582464,51.551756279791235,50.98210753574948,52.12140502383299,50.41245879170772,52.691053767874735
1,136,50.48592853333741,20.36304238182708,56.0,44.800000000000004,49.51407146666259,79.63695761817291,31-75,53.18161296363336,53.65302011029962,54.68775727120888,51.20406150939159,55.15916441787513,51.20406150939159,RISCO,55.199999999999996,48.79593849060841,51.997969245304205,51.35756309436504,52.63837539624336,50.71715694342588,53.27878154718252
1,137,50.39802269836586,8.889788607973388,55.0,44.0,49.60197730163414,91.1102113920266,31-75,55.10263546889557,55.66283319905898,57.1780471734152,52.46702603421253,57.73824490357861,52.46702603421253,RISCO,56.0,47.53297396578747,51.76648698289374,50.91978437947248,52.61318958631499,50.073081776051225,53.45989218973624
1,138,50.2295359824883,0.0,54.0,43.2,49.7704640175117,100.0,31-75,56.53113920525351,57.18818560700469,59.042616004377926,53.36261600437793,59.69966240612909,53.36261600437793,RISCO,56.8,46.63738399562207,51.718691997811035,50.70243039737324,52.73495359824883,49.68616879693545,53.75121519868662
1,139,50.21629848558139,0.0,53.0,42.4,49.78370151441861,100.0,31-75,56.135110454325584,56.87348060576745,58.64592537860465,52.885925378604654,59.38429553004652,52.885925378604654,RISCO,57.6,47.114074621395346,52.35703731069768,51.308444772837206,53.40562984855814,50.25985223497674,54.45422238641861
1,140,50.286626878833154,0.0,52.0,41.6,49.713373121166846,100.0,31-75,55.714011936350055,56.52534924846674,58.22834328029171,52.388343280291714,59.0396805924084,52.388343280291714,RISCO,58.4,47.611656719708286,53.00582835985414,51.926994031824975,54.08466268788331,50.8481597037958,55.16349701591248
1,141,50.42462541587741,0.0,51.0,40.8,49.57537458412259,100.0,31-75,55.272612375236776,56.15014983364904,57.793843646030645,51.87384364603064,58.67138110444291,51.87384364603064,RISCO,59.2,48.12615635396936,53.66307817698468,52.55569381238162,54.77046254158775,51.448309447778556,55.877846906190804
1,142,50.49029668380022,0.0,50.0,40.0,49.50970331619978,100.0,31-75,54.85291099485993,55.80388132647991,57.37742582904995,51.37742582904995,58.328396160669925,51.37742582904995,RISCO,60.0,48.62257417095005,54.31128708547503,53.17354450257003,55.44902966838002,52.03580191966503,56.58677225128501
1,143,50.46568166633479,0.0,49.0,39.2,49.53431833366521,100.0,31-75,54.46029550009956,55.49372733346609,56.9835795834163,50.9035795834163,58.01701141678282,50.9035795834163,RISCO,60.8,49.0964204165837,54.94821020829185,53.777852249950215,56.11856816663348,52.60749429160859,57.288926124975106
1,144,50.45021858399472,5.394294693027903,48.0,38.4,49.54978141600528,94.6057053069721,31-75,52.986075486196,54.10105362779653,55.23887168074434,49.61830115004714,56.35384982234487,49.61830115004714,RISCO,61.6,50.38169884995286,55.99084942497643,54.86901930997172,57.112679539981144,53.74718919496701,58.23450965498586
1,145,50.58391256633399,27.399507849654803,47.0,37.6,49.41608743366601,72.60049215034519,31-75,48.14492466016884,49.32653340353544,49.3041448960028,45.80409568096828,50.4857536393694,45.80409568096828,RISCO,62.4,54.19590431903172,58.29795215951586,57.47754259141903,59.11836172761269,56.6571330233222,59.938771295709515
1,146,50.25716581140253,24.122072211732863,46.0,36.8,49.74283418859747,75.87792778826713,31-75,48.49843581423266,49.79271923309242,49.80519049421615,45.89739771538943,51.0994739130759,45.89739771538943,RISCO,63.2,54.10260228461057,58.651301142305286,57.74156137076634,59.56104091384423,56.831821599227396,60.470780685383176
1,147,50.16122562366088,9.667990406754082,45.0,36.0,49.83877437633912,90.33200959324591,31-75,51.01803423155092,52.401911669184834,53.04269599239626,47.60949503307167,54.42657343003017,47.60949503307167,RISCO,64.0,52.39050496692833,58.19525248346417,57.034302980157,59.35620198677133,55.87335347684983,60.5171514900785
1,148,50.12990085460735,0.0,44.0,35.199999999999996,49.87009914539265,100.0,31-75,52.561029743617794,54.028039658157056,55.06752478634816,48.58752478634816,56.53453470088742,48.58752478634816,RISCO,64.80000000000001,51.41247521365184,58.10623760682593,56.76748512819111,59.44499008546074,55.42873264955628,60.78374256409556
1,149,50.18915666762895,0.0,43.0,34.4,49.81084333237105,100.0,31-75,52.14325299971132,53.68433733294842,54.65271083309276,48.09271083309276,56.19379516632986,48.09271083309276,RISCO,65.6,51.90728916690724,58.75364458345362,57.38437350014434,60.12291566676289,56.01510241683506,61.492186750072165
1,150,50.363597436549625,0.0,42.0,33.6,49.636402563450375,100.0,31-75,51.69092076903512,53.29456102538015,54.209100640862594,47.569100640862594,55.81274089720763,47.569100640862594,RISCO,66.4,52.430899359137406,59.41544967956871,58.018539615482446,60.812359743654966,56.62162955139618,62.20926980774122
1,151,50.27361715585389,0.0,41.0,32.800000000000004,49.72638284414611,100.0,31-75,51.31791485324384,53.01055313765845,53.83159571103653,47.11159571103653,55.52423399545114,47.11159571103653,RISCO,67.19999999999999,52.88840428896347,60.04420214448173,58.61304257337808,61.47536171558538,57.181883002274425,62.906521286689035
1,152,50.63128874501032,0.0,40.0,32.0,49.36871125498968,100.0,31-75,50.8106133764969,52.54748450199587,53.34217781374742,46.542177813747415,55.07904893924639,46.542177813747415,RISCO,68.0,53.457822186252585,60.72891109312629,59.274693311751555,62.18312887450104,57.820475530376804,63.637346655875774
1,153,50.5111731221963,13.07887390632985,39.0,31.2,49.4888268778037,86.92112609367015,31-75,47.83087328207514,49.65975596985551,49.70248824286846,44.13037563350144,51.53137093064883,44.13037563350144,RISCO,68.8,55.86962436649856,62.334812183249284,61.04177461989913,63.62784974659942,59.74873705654899,64.92088730994956
1,154,50.54184383948096,35.274924610326984,38.0,30.4,49.45815616051904,64.72507538967301,31-75,42.98246192609031,44.88827754214222,43.74580788754801,40.31330034858071,45.65162350359992,40.31330034858071,RISCO,69.6,59.68669965141929,64.64334982570963,63.65201979085157,65.63467986056772,62.6606897559935,66.62600989542578
1,155,50.41510574293897,58.66557455987389,37.0,29.599999999999998,49.58489425706103,41.33442544012611,31-75,37.94235336514353,39.94084279084964,37.529829924296784,36.35638738028417,39.52831935000289,36.35638738028417,RISCO,70.4,63.64361261971583,67.02180630985792,66.34616757182951,67.69744504788633,65.67052883380109,68.37308378591476
1,156,50.46220864612033,58.99570226619765,36.0,28.799999999999997,49.53779135387967,41.00429773380235,31-75,37.462196952924366,39.53597608831234,37.035522271920506,35.81509249854027,39.10930140730847,35.81509249854027,RISCO,71.2,64.18490750145973,67.69245375072987,66.99094450087584,68.3939630005839,66.28943525102181,69.09547225043792
1,157,50.46201014220676,47.38138419861364,35.0,28.000000000000004,49.53798985779324,52.61861580138636,31-75,39.38512011761525,41.538919103394576,39.5391514147949,37.07728983465627,41.69295040057423,37.07728983465627,RISCO,72.0,62.92271016534373,67.46135508267187,66.55362609920624,68.36908406613749,65.64589711574061,69.27681304960312
1,158,50.40744178889232,24.06650215142803,34.0,27.200000000000003,49.59255821110768,75.93349784857197,31-75,43.66446703304671,45.90372285415747,44.98151401491991,40.10816423006271,47.22076983603069,40.10816423006271,RISCO,72.8,59.89183576993729,66.34591788496864,65.05510146196237,67.63673430797492,63.7642850389561,68.92755073098118
1,159,50.44529696417502,4.3126833543668965,33.0,26.400000000000002,49.55470303582498,95.6873166456331,31-75,47.20387423987411,49.51934454345661,49.510504920364525,42.58177325580121,51.82597522394702,42.58177325580121,RISCO,73.6,57.41822674419879,65.50911337209939,63.89093604651927,67.12729069767951,62.27275872093915,68.74546802325963
1,160,50.75733447267413,18.87199149737156,32.0,25.6,49.24266552732587,81.12800850262843,31-75,43.798401358723446,46.16266791145604,45.39266850748858,39.83986765722573,47.75693506022117,39.83986765722573,RISCO,74.4,60.16013234277427,67.28006617138713,65.85607940566456,68.70405293710971,64.43209263994198,70.12803970283228
1,161,50.65691277968792,11.605118128157404,31.0,24.8,49.34308722031208,88.3948818718426,31-75,44.88190254046215,47.33621126249335,46.83449227303867,40.47500408585441,49.28880099506988,40.47500408585441,RISCO,75.2,59.52499591414559,67.3624979570728,65.79499754848736,68.92999836565824,64.22749713990191,70.49749877424368
1,162,50.72108382634432,34.82865064729326,30.0,24.0,49.27891617365568,65.17134935270674,0-30,39.81794472263805,42.34583634000362,40.61256638159061,36.495431446319934,43.14045799895617,36.495431446319934,RISCO,76.0,63.504568553680066,69.75228427684003,68.50274113220804,71.00182742147203,67.25319798757604,72.25137056610401
1,163,51.01207938782236,67.15450835479186,29.0,23.200000000000003,48.98792061217764,32.84549164520814,0-30,32.865474512694924,35.444266573912685,32.05835306434645,31.09380389982564,34.63714512556421,31.09380389982564,RISCO,76.8,68.90619610017436,72.85309805008717,72.0637176601046,73.64247844006974,71.27433727012205,74.4318588300523
1,164,51.041660728401695,96.23863840680768,28.0,22.400000000000002,48.95833927159831,3.761361593192319,0-30,26.63977410011796,29.29560802727779,24.37992521619766,26.243789056878427,27.035759143357485,26.243789056878427,CRITICO,77.6,73.75621094312157,75.67810547156078,75.29372656587294,76.06248437724862,74.90934766018509,76.44686328293646
1,165,50.93420944240095,97.96271182107569,27.0,21.6,49.06579055759905,2.037288178924314,0-30,25.927194803064577,28.67377385882449,23.57576968413084,25.53204086623841,26.322348739890742,25.53204086623841,CRITICO,78.4,74.46795913376158,76.4339795668808,76.04077548025695,76.82718365350463,75.6475713936331,77.22038774012847
1,166,50.92952943324282,95.11000708107213,26.0,20.8,49.07047056675718,4.889992918927874,0-30,26.099139753812725,28.92618681048845,23.890115871421266,25.481116579528475,26.71716292809698,25.481116579528475,CRITICO,79.2,74.51888342047152,76.85944171023576,76.39133005228291,77.32755336818862,75.92321839433006,77.79566502614145
1,167,50.73391846142126,70.29865643139296,25.0,20.0,49.26608153857874,29.701343568607044,0-30,30.72009317529503,33.646701329152904,29.741856276796444,28.77172191993574,32.66846443065432,28.77172191993574,CRITICO,80.0,71.22827808006426,75.61413904003213,74.73696684803855,76.49131123202571,73.85979465604498,77.36848342401927
1,168,50.50732810671216,19.571711119220808,24.0,19.2,49.49267189328784,80.42828888077919,0-30,40.53345934414219,43.56272653347098,42.08024019351676,35.95741130543884,45.10950738284554,35.95741130543884,RISCO,80.8,64.04258869456116,72.42129434728058,70.7455532167367,74.09703547782446,69.06981208619281,75.77277660836835
1,169,50.46324480461827,0.0,23.0,18.4,49.53675519538173,100.0,0-30,44.06102655861452,47.17470207815269,46.58418879884543,38.42418879884544,49.69786431838361,38.42418879884544,RISCO,81.6,61.57581120115456,71.58790560057727,69.58548672069273,73.59032448046182,67.58306784080818,75.59274336034636
1,170,50.28950864476348,0.0,22.0,17.599999999999998,49.71049135523652,100.0,0-30,43.71314740657096,46.924196542094606,46.227622838809125,37.98762283880913,49.43867197433278,37.98762283880913,RISCO,82.4,62.01237716119087,72.20618858059544,70.16742629671452,74.24495086447635,68.12866401283361,76.28371314835726
1,171,50.29449625516034,0.0,21.0,16.8,49.70550374483966,100.0,0-30,43.311651123451895,46.602201497935866,45.82637593620992,37.50637593620991,49.11692631069388,37.50637593620991,RISCO,83.2,62.49362406379009,72.84681203189504,70.77617443827405,74.91744962551604,68.70553684465307,76.98808721913701
1,172,50.41326971478392,0.0,20.0,16.0,49.58673028521608,100.0,0-30,42.87601908556482,46.23469211408644,45.39668257130402,36.99668257130402,48.75535559982563,36.99668257130402,RISCO,84.0,63.00331742869598,73.501658714348,71.40199045721758,75.60132697147839,69.30232220008718,77.70099522860879
1,173,50.479128310796746,0.0,19.0,15.2,49.52087168920325,100.0,0-30,42.456261506760974,45.8883486756813,44.98021792230081,36.50021792230081,48.412305091221135,36.50021792230081,RISCO,84.8,63.49978207769919,74.14989103884959,72.01986924661952,76.27991283107967,69.88984745438943,78.40993462330975
1,174,50.60673333193717,0.0,18.0,14.399999999999999,49.39326666806283,100.0,0-30,42.017980000418845,45.517306667225135,44.548316667015705,35.98831666701571,48.04764333382199,35.98831666701571,RISCO,85.6,64.01168333298429,74.80584166649214,72.64700999979058,76.9646733331937,70.488178333089,79.12350499989529
1,175,50.64462735651127,0.0,17.0,13.600000000000001,49.35537264348873,100.0,0-30,41.60661179304662,45.18214905739549,44.138843160872185,35.498843160872184,47.71438042522105,35.498843160872184,RISCO,86.4,64.50115683912782,75.45057841956391,73.26069410347668,77.64046273565113,71.07080978738946,79.83034705173834
1,176,50.520225539273824,3.424428877780931,16.0,12.8,49.479774460726176,96.57557112221907,0-30,40.55904656266167,44.22702400873429,42.91383639573631,34.5362792835144,46.58181384180893,34.5362792835144,RISCO,87.2,65.4637207164856,76.3318603582428,74.15823242989136,78.50548828659424,71.98460450153992,80.67911621494568
1,177,50.79101308304064,46.46748600106312,15.0,12.0,49.20898691695936,53.53251399893688,0-30,31.469198874875183,35.190097566571126,31.68537522897406,27.53212382908037,35.40627392067,27.53212382908037,CRITICO,88.0,72.46787617091962,80.23393808545981,78.68072570255177,81.78715046836786,77.12751331964373,83.34036285127588
1,178,50.915502178138205,77.41087463798539,14.0,11.200000000000001,49.0844978218618,22.589125362014613,0-30,24.84317441896146,28.631624201147645,23.5184057959691,22.37949325976764,27.30685557815528,22.37949325976764,CRITICO,88.8,77.62050674023236,83.21025337011618,82.09230404413941,84.32820269609294,80.97435471816264,85.4461520220697
1,179,51.074128092367935,100.0,13.0,10.4,48.92587190763207,0.0,0-30,19.87776157228961,23.730348763052827,17.431467976908017,18.471467976908016,21.284055167671223,18.471467976908016,CRITICO,89.6,81.52853202309198,85.56426601154598,84.75711921385519,86.3714128092368,83.94997241616439,87.17855960692759
1,180,51.29504804707933,100.0,12.0,9.6,48.70495195292067,0.0,0-30,19.4114855858762,23.32198078116827,16.976237988230167,17.936237988230168,20.886733183522235,17.936237988230168,CRITICO,90.4,82.06376201176982,86.23188100588492,85.3982572070619,87.06550480470793,84.56463340823888,87.89912860353095
1,181,51.83611064327576,100.0,11.0,8.799999999999999,48.16388935672424,0.0,0-30,18.84916680701727,22.7855557426897,16.44097233918106,17.32097233918106,20.37736127485348,17.32097233918106,CRITICO,91.2,82.67902766081895,86.93951383040948,86.08741659649138,87.79161106432758,85.23531936257325,88.64370829824568
1,182,52.384860609530094,100.0,10.0,8.0,47.61513939046991,0.0,0-30,18.28454181714097,22.246055756187964,15.903784847617477,16.703784847617477,19.865298786664464,16.703784847617477,CRITICO,92.0,83.29621515238253,87.64810757619126,86.77772909142952,88.51848606095301,85.90735060666776,89.38886454571475
1,183,52.62699068079792,100.0,9.0,7.199999999999999,47.37300931920208,0.0,0-30,17.811902795760624,21.829203727680834,15.44325232980052,16.16325232980052,19.46055326172073,16.16325232980052,CRITICO,92.8,83.83674767019949,88.31837383509975,87.42204860211969,89.2146990680798,86.52572336913964,90.11102430105984
1,184,53.45735383856693,100.0,8.0,6.4,46.54264616143307,0.0,0-30,17.16279384842992,21.17705846457323,14.835661540358268,15.475661540358267,18.84992615650157,15.475661540358267,CRITICO,93.6,84.52433845964174,89.06216922982087,88.15460307578505,89.96973538385669,87.24703692174921,90.87730153789252
1,185,53.74114844440263,100.0,7.0,5.6000000000000005,46.25885155559737,0.0,0-30,16.67765546667921,20.743540622238942,14.364712888899344,14.924712888899345,18.430598044459074,14.924712888899345,CRITICO,94.4,85.07528711110065,89.73764355555033,88.80517226666039,90.67011484444026,87.87270097777045,91.60258613333019
1,186,53.90909073801856,100.0,6.0,4.8,46.09090926198144,0.0,0-30,16.22727277859443,20.35636370479257,13.92272731549536,14.402727315495358,18.051818241693503,14.402727315495358,CRITICO,95.2,85.59727268450465,90.39863634225233,89.4383636107028,91.35890907380185,88.47809087915324,92.31918180535139
1,187,54.34279837316964,100.0,5.0,4.0,45.65720162683036,0.0,0-30,15.697160488049107,19.862880650732144,13.41430040670759,13.81430040670759,17.580020569390623,13.81430040670759,CRITICO,96.0,86.18569959329241,91.0928497966462,90.11141975597545,92.07427983731696,89.12998971530467,93.05570987798771
1,188,54.63667250748556,100.0,4.0,3.2,45.36332749251444,0.0,0-30,15.208998247754332,19.42533099700578,12.94083187312861,13.26083187312861,17.157164622380055,13.26083187312861,CRITICO,96.8,86.73916812687139,91.7695840634357,90.76350087612283,92.77566725074855,89.75741768880997,93.78175043806141
1,189,55.35520984260613,100.0,3.0,2.4,44.64479015739387,0.0,0-30,14.59343704721816,18.81791606295755,12.361197539348469,12.601197539348467,16.585676555087854,12.601197539348467,CRITICO,97.6,87.39880246065154,92.49940123032576,91.47928147639092,93.51952098426061,90.45916172245607,94.53964073819546
1,190,56.10352968312998,100.0,2.0,1.6,43.89647031687002,0.0,0-30,13.968941095061007,18.19858812674801,11.774117579217506,11.934117579217506,16.003764610904508,11.934117579217506,CRITICO,98.4,88.06588242078249,93.23294121039125,92.1995294524695,94.26635296831299,91.16611769454774,95.29976472623474
1,191,56.49803678671546,100.0,1.0,0.8,43.50196321328454,0.0,0-30,13.450588963985362,17.720785285313816,11.275490803321135,11.355490803321135,15.545687124649588,11.355490803321135,CRITICO,99.2,88.64450919667887,93.92225459833944,92.86670551800734,94.97780367867153,91.81115643767521,96.03335275900366
1,192,57.17582015079664,100.0,0.0,0.0,42.82417984920336,0.0,0-30,12.847253954761008,17.129671939681344,10.70604496230084,10.70604496230084,14.988462947221176,10.70604496230084,CRITICO,100.0,89.29395503769916,94.64697751884958,93.57637302261949,95.71758201507967,92.5057685263894,96.78818651130975
5,39,0.0,0.0,230.0,100.0,100.0,100.0,RUL > 125,100.0,100.0,100.0,100.0,100.0,100.0,SAUDAVEL,0.0,0.0,0.0,0.0,0.0,0.0,0.0
5,40,0.0,0.0,229.0,100.0,100.0,100.0,RUL > 125,100.0,100.0,100.0,100.0,100.0,100.0,SAUDAVEL,0.0,0.0,0.0,0.0,0.0,0.0,0.0
5,41,0.0,0.0,228.0,100.0,100.0,100.0,RUL > 125,100.0,100.0,100.0,100.0,100.0,100.0,SAUDAVEL,0.0,0.0,0.0,0.0,0.0,0.0,0.0
5,42,0.0,0.0,227.0,100.0,100.0,100.0,RUL > 125,100.0,100.0,100.0,100.0,100.0,100.0,SAUDAVEL,0.0,0.0,0.0,0.0,0.0,0.0,0.0
5,43,0.0,0.0,226.0,100.0,100.0,100.0,RUL > 125,100.0,100.0,100.0,100.0,100.0,100.0,SAUDAVEL,0.0,0.0,0.0,0.0,0.0,0.0,0.0
5,44,0.0,0.6617002818732286,225.0,100.0,100.0,99.33829971812678,RUL > 125,99.86765994362536,99.86765994362536,99.8345749295317,99.900744957719,99.8345749295317,99.900744957719,SAUDAVEL,0.0,0.09925504228100124,0.04962752114050062,0.05955302536860074,0.039702016912400495,0.06947852959670087,0.02977651268430037
5,45,0.0,13.803788841453144,224.0,100.0,100.0,86.19621115854686,RUL > 125,97.23924223170935,97.23924223170935,96.54905278963672,97.92943167378203,96.54905278963672,97.92943167378203,SAUDAVEL,0.0,2.070568326217966,1.035284163108983,1.2423409957307796,0.8282273304871866,1.4493978283525761,0.6211704978653898
5,46,0.0,29.62016786954856,223.0,100.0,100.0,70.37983213045145,RUL > 125,94.07596642609028,94.07596642609028,92.59495803261288,95.55697481956771,92.59495803261288,95.55697481956771,SAUDAVEL,0.0,4.4430251804322864,2.2215125902161432,2.665815108259372,1.7772100721729147,3.1101176263026002,1.332907554129686
5,47,0.0,30.94083899517855,222.0,100.0,100.0,69.05916100482145,RUL > 125,93.81183220096428,93.81183220096428,92.26479025120535,95.3588741507232,92.26479025120535,95.3588741507232,SAUDAVEL,0.0,4.641125849276804,2.320562924638402,2.7846755095660822,1.8564503397107217,3.248788094493763,1.3923377547830411
5,48,0.0,29.10417842486421,221.0,100.0,100.0,70.89582157513578,RUL > 125,94.17916431502717,94.17916431502717,92.72395539378394,95.63437323627036,92.72395539378394,95.63437323627036,SAUDAVEL,0.0,4.365626763729637,2.1828133818648183,2.619376058237782,1.7462507054918548,3.0559387346107454,1.309688029118891
5,49,0.0,16.56762870859401,220.0,100.0,100.0,83.43237129140599,RUL > 125,96.6864742582812,96.6864742582812,95.85809282285148,97.5148556937109,95.85809282285148,97.5148556937109,SAUDAVEL,0.0,2.4851443062891008,1.2425721531445504,1.4910865837734604,0.9940577225156404,1.7396010144023704,0.7455432918867302
5,50,0.0,14.60378931940856,219.0,100.0,100.0,85.39621068059144,RUL > 125,97.0792421361183,97.0792421361183,96.34905267014786,97.80943160208872,96.34905267014786,97.80943160208872,SAUDAVEL,0.0,2.190568397911278,1.095284198955639,1.3143410387467667,0.8762273591645112,1.5333978785378946,0.6571705193733833
5,51,0.0,23.354666857053903,218.0,100.0,100.0,76.6453331429461,RUL > 125,95.32906662858922,95.32906662858922,94.16133328573652,96.49679997144192,94.16133328573652,96.49679997144192,SAUDAVEL,0.0,3.5032000285580835,1.7516000142790418,2.10192001713485,1.4012800114232336,2.452240019990658,1.050960008567425
5,52,13.772214908672028,48.7950880057979,217.0,100.0,86.22778509132797,51.2049119942021,RUL > 125,86.1093179262388,84.73209643537162,84.35817427138252,89.23768307196231,82.98095278051532,89.23768307196231,SAUDAVEL,0.0,10.762316928037691,5.381158464018846,6.457390156822615,4.304926771215077,7.533621849626384,3.2286950784113073
5,53,16.21008649862986,67.86156496624291,216.0,100.0,83.78991350137014,32.13843503375709,RUL > 125,81.56466105716245,79.94365240729947,78.98208713378182,85.7682436304061,77.36107848391882,85.7682436304061,SAUDAVEL,0.0,14.231756369593896,7.115878184796948,8.539053821756337,5.692702547837559,9.962229458715726,4.269526910878168
5,54,5.881763742121036,68.87724304464194,215.0,100.0,94.11823625787896,31.122756955358057,RUL > 125,84.46002226843531,83.8718458942232,81.31024830330925,88.19797260777345,80.72207192909714,88.19797260777345,SAUDAVEL,0.0,11.802027392226549,5.901013696113274,7.0812164353359295,4.720810956890619,8.261419174558585,3.5406082176679647
5,55,8.438311595395273,69.60088207575667,214.0,100.0,91.56168840460472,30.399117924243328,RUL > 125,83.54833010623008,82.70449894669056,80.49020158221202,87.45028978978769,79.64637042267249,87.45028978978769,SAUDAVEL,0.0,12.54971021021231,6.274855105106155,7.529826126127386,5.019884084084925,8.784797147148616,3.764913063063693
5,56,0.0,54.69817162581443,213.0,100.0,100.0,45.30182837418557,RUL > 125,89.06036567483712,89.06036567483712,86.32545709354639,91.79527425612784,86.32545709354639,91.79527425612784,SAUDAVEL,0.0,8.20472574387216,4.10236287193608,4.922835446323296,3.2818902975488644,5.743308020710511,2.461417723161648
5,57,0.0,36.59613945735931,212.0,100.0,100.0,63.40386054264069,RUL > 125,92.68077210852816,92.68077210852816,90.85096513566018,94.5105790813961,90.85096513566018,94.5105790813961,SAUDAVEL,0.0,5.489420918603898,2.744710459301949,3.2936525511623387,2.195768367441559,3.842594643022728,1.6468262755811693
5,58,0.0,14.051851441762746,211.0,100.0,100.0,85.94814855823725,RUL > 125,97.18962971164746,97.18962971164746,96.4870371395593,97.8922222837356,96.4870371395593,97.8922222837356,SAUDAVEL,0.0,2.107777716264394,1.053888858132197,1.2646666297586364,0.8431110865057576,1.4754444013850758,0.6323333148793182
5,59,0.0,0.0,210.0,100.0,100.0,100.0,RUL > 125,100.0,100.0,100.0,100.0,100.0,100.0,SAUDAVEL,0.0,0.0,0.0,0.0,0.0,0.0,0.0
5,60,0.0,0.0,209.0,100.0,100.0,100.0,RUL > 125,100.0,100.0,100.0,100.0,100.0,100.0,SAUDAVEL,0.0,0.0,0.0,0.0,0.0,0.0,0.0
5,61,0.0,0.0,208.0,100.0,100.0,100.0,RUL > 125,100.0,100.0,100.0,100.0,100.0,100.0,SAUDAVEL,0.0,0.0,0.0,0.0,0.0,0.0,0.0
5,62,0.0,0.0,207.0,100.0,100.0,100.0,RUL > 125,100.0,100.0,100.0,100.0,100.0,100.0,SAUDAVEL,0.0,0.0,0.0,0.0,0.0,0.0,0.0
5,63,0.0,0.0,206.0,100.0,100.0,100.0,RUL > 125,100.0,100.0,100.0,100.0,100.0,100.0,SAUDAVEL,0.0,0.0,0.0,0.0,0.0,0.0,0.0
5,64,0.0,0.0,205.0,100.0,100.0,100.0,RUL > 125,100.0,100.0,100.0,100.0,100.0,100.0,SAUDAVEL,0.0,0.0,0.0,0.0,0.0,0.0,0.0
5,65,0.0,0.0,204.0,100.0,100.0,100.0,RUL > 125,100.0,100.0,100.0,100.0,100.0,100.0,SAUDAVEL,0.0,0.0,0.0,0.0,0.0,0.0,0.0
5,66,0.0,0.0,203.0,100.0,100.0,100.0,RUL > 125,100.0,100.0,100.0,100.0,100.0,100.0,SAUDAVEL,0.0,0.0,0.0,0.0,0.0,0.0,0.0
5,67,0.0,0.0,202.0,100.0,100.0,100.0,RUL > 125,100.0,100.0,100.0,100.0,100.0,100.0,SAUDAVEL,0.0,0.0,0.0,0.0,0.0,0.0,0.0
5,68,0.0,11.051111509717629,201.0,100.0,100.0,88.94888849028237,RUL > 125,97.78977769805648,97.78977769805648,97.2372221225706,98.34233327354237,97.2372221225706,98.34233327354237,SAUDAVEL,0.0,1.6576667264576344,0.8288333632288172,0.9946000358745806,0.6630666905830538,1.160366708520344,0.4973000179372903
5,69,1.8569660373038328,30.952471600481413,200.0,100.0,98.14303396269617,69.04752839951858,RUL > 125,93.25241586871256,93.06671926498218,91.79764059055368,94.89288775060184,91.61194398682328,94.89288775060184,SAUDAVEL,0.0,5.107112249398156,2.553556124699078,3.0642673496388935,2.0428448997592628,3.5749785745787093,1.5321336748194467
5,70,0.0,45.21876156443268,199.0,100.0,100.0,54.78123843556732,RUL > 125,90.95624768711346,90.95624768711346,88.69530960889183,93.2171857653351,88.69530960889183,93.2171857653351,SAUDAVEL,0.0,6.782814234664897,3.3914071173324487,4.069688540798938,2.713125693865959,4.747969964265428,2.034844270399469
5,71,4.2093182777542815,58.71666270949479,198.0,100.0,95.79068172224572,41.28333729050521,RUL > 125,86.99387197477475,86.57294014699934,84.26850475318773,90.14017102413722,83.8475729254123,90.14017102413722,SAUDAVEL,0.0,9.859828975862783,4.929914487931391,5.9158973855176695,3.9439315903451133,6.901880283103948,2.9579486927588348
5,72,0.0,57.618401798327234,197.0,100.0,100.0,42.381598201672766,RUL > 125,88.47631964033455,88.47631964033455,85.5953995504182,91.35723973025092,85.5953995504182,91.35723973025092,SAUDAVEL,0.0,8.642760269749076,4.321380134874538,5.185656161849445,3.4571041078996303,6.049932188824353,2.5928280809247224
5,73,2.174047191477478,57.72344184136994,196.0,100.0,97.82595280852252,42.27655815863006,RUL > 125,87.80309747428277,87.58569275513503,85.02562774178814,90.79797192592514,84.80822302264039,90.79797192592514,SAUDAVEL,0.0,9.20202807407486,4.60101403703743,5.521216844444916,3.6808112296299442,6.441419651852402,2.760608422222458
5,74,13.681262565195926,54.73594185040738,195.0,100.0,86.31873743480408,45.26405814959262,RUL > 125,84.94843286035974,83.58030660384016,82.89569889609918,88.36929308113992,81.52757263957959,88.36929308113992,SAUDAVEL,0.0,11.630706918860085,5.8153534594300424,6.978424151316051,4.652282767544034,8.141494843202059,3.4892120756580254
5,75,24.138412116962773,66.69576779147573,194.0,100.0,75.86158788303723,33.30423220852427,RUL > 125,79.41932280661601,77.00548159491974,77.29145502289037,83.96103180203795,74.8776138111941,83.96103180203795,SAUDAVEL,0.0,16.03896819796205,8.019484098981025,9.62338091877723,6.41558727918482,11.227277738573434,4.811690459388615
5,76,29.243950819554875,65.84093810070407,193.0,100.0,70.75604918044513,34.159061899295935,RUL > 125,78.05862713399273,75.13423205203723,76.22877776993526,82.81287158000568,73.30438268797977,82.81287158000568,SAUDAVEL,0.0,17.187128419994323,8.593564209997162,10.312277051996594,6.87485136799773,12.030989893996026,5.156138525998297
5,77,45.052420566498064,77.80464807552283,192.0,100.0,54.947579433501936,22.19535192447717,RUL > 125,70.92334421494601,66.41810215829621,69.28573283949478,77.06619764704705,64.78049078284496,77.06619764704705,ATENCAO,0.0,22.933802352952952,11.466901176476476,13.760281411771771,9.17352094118118,16.053661647067067,6.880140705885886
5,78,50.00981290526117,96.42107535019224,191.0,100.0,49.99018709473883,3.5789246498077603,RUL > 125,65.7128410583832,60.711859767857085,63.39227793613664,73.03438547115587,58.39129664561053,73.03438547115587,ATENCAO,0.0,26.965614528844128,13.482807264422064,16.179368717306478,10.786245811537652,18.875930170190887,8.089684358653239
5,79,46.4877818002304,100.0,190.0,100.0,53.5122181997696,0.0,RUL > 125,66.05366545993088,61.40488727990784,63.3780545499424,73.3780545499424,58.72927636991936,73.3780545499424,ATENCAO,0.0,26.621945450057595,13.310972725028797,15.973167270034557,10.648778180023038,18.635361815040316,7.986583635017278
5,80,36.213162959412216,97.45446011681894,189.0,100.0,63.78683704058778,2.545539883181064,RUL > 125,69.64515908881255,66.02384279287133,66.58309423094221,76.3285402426241,62.96177793500098,76.3285402426241,ATENCAO,0.0,23.6714597573759,11.83572987868795,14.202875854425539,9.46858390295036,16.570021830163128,7.1014379272127695
5,81,27.36874065435604,78.40350412786657,188.0,100.0,72.63125934564397,21.59649587213343,RUL > 125,76.10867697811987,73.37180291268427,73.55693880444434,81.397289217231,70.82006473900876,81.397289217231,SAUDAVEL,0.0,18.602710782768995,9.301355391384497,11.161626469661396,7.4410843131075985,13.021897547938295,5.580813234830698
5,82,23.839306794685587,39.414429448689226,187.0,100.0,76.16069320531442,60.58557055131077,RUL > 125,84.96532207185648,82.58139139238791,84.1865659391563,88.12800888402522,81.80263525968773,88.12800888402522,SAUDAVEL,0.0,11.87199111597478,5.93599555798739,7.123194669584867,4.748796446389912,8.310393781182345,3.5615973347924337
5,83,14.780828998862408,0.0,186.0,100.0,85.2191710011376,100.0,RUL > 125,95.56575130034128,94.08766840045504,96.3047927502844,96.3047927502844,94.82670985039816,96.3047927502844,SAUDAVEL,0.0,3.695207249715594,1.847603624857797,2.2171243498293562,1.4780828998862376,2.5866450748009155,1.1085621749146781
5,84,12.253614841419129,0.0,185.0,100.0,87.74638515858086,100.0,RUL > 125,96.32391554757426,95.09855406343236,96.93659628964522,96.93659628964522,95.7112348055033,96.93659628964522,SAUDAVEL,0.0,3.063403710354777,1.5317018551773884,1.838042226212866,1.225361484141911,2.1443825972483435,0.919021113106433
5,85,26.96589421267647,0.0,184.0,100.0,73.03410578732353,100.0,RUL > 125,91.91023173619706,89.21364231492942,93.25852644683088,93.25852644683088,90.56193702556322,93.25852644683088,SAUDAVEL,0.0,6.741473553169115,3.3707367765845575,4.044884131901469,2.696589421267646,4.7190314872183805,2.0224420659507345
5,86,25.251840510549407,0.0,183.0,100.0,74.74815948945059,100.0,RUL > 125,92.42444784683518,89.89926379578023,93.68703987236265,93.68703987236265,91.16185582130773,93.68703987236265,SAUDAVEL,0.0,6.3129601276373535,3.1564800638186767,3.787776076582412,2.5251840510549415,4.419072089346147,1.893888038291206
5,87,22.200197108126883,0.0,182.0,100.0,77.79980289187311,100.0,RUL > 125,93.33994086756194,91.11992115674924,94.44995072296828,94.44995072296828,92.2299310121556,94.44995072296828,SAUDAVEL,0.0,5.550049277031718,2.775024638515859,3.330029566219031,2.220019710812687,3.8850344939222023,1.6650147831095155
5,88,28.35602521266925,0.0,181.0,100.0,71.64397478733075,100.0,RUL > 125,91.49319243619922,88.6575899149323,92.91099369683268,92.91099369683268,90.07539117556576,92.91099369683268,SAUDAVEL,0.0,7.089006303167324,3.544503151583662,4.253403781900394,2.83560252126693,4.962304412217126,2.126701890950197
5,89,35.75773050203546,3.765946572686708,180.0,100.0,64.24226949796454,96.2340534273133,RUL > 125,88.51949153485202,84.94371848464849,90.11908073131949,90.49567538858814,86.54330768111592,90.49567538858814,SAUDAVEL,0.0,9.50432461141186,4.75216230570593,5.702594766847116,3.8017298445647443,6.653027227988302,2.851297383423558
5,90,20.71178034070014,11.398404349081003,179.0,100.0,79.28821965929986,88.601595650919,RUL > 125,91.50678502797376,89.43560699390373,91.97245382755472,93.1122942624628,89.9012757934847,93.1122942624628,SAUDAVEL,0.0,6.887705737537203,3.4438528687686016,4.132623442522322,2.7550822950148817,4.821394016276042,2.066311721261161
5,91,18.82018176159572,10.959101284346392,178.0,100.0,81.17981823840428,89.04089871565361,RUL > 125,92.162125214652,90.28010703849245,92.55517923851448,93.65108936694912,90.6731610623549,93.65108936694912,SAUDAVEL,0.0,6.3489106330508775,3.1744553165254388,3.8093463798305263,2.5395642532203513,4.444237443135614,1.9046731899152631
5,92,14.360811613281712,4.526214230071101,177.0,100.0,85.63918838671829,95.4737857699289,RUL > 125,94.78651367000128,93.35043250867312,95.2782435391618,95.73086496216892,93.84216237783365,95.73086496216892,SAUDAVEL,0.0,4.269135037831077,2.1345675189155386,2.561481022698646,1.707654015132431,2.9883945264817537,1.280740511349323
5,93,18.573818961014823,0.0,176.0,100.0,81.42618103898518,100.0,RUL > 125,94.42785431169555,92.57047241559408,95.3565452597463,95.3565452597463,93.4991633636448,95.3565452597463,SAUDAVEL,0.0,4.643454740253702,2.321727370126851,2.7860728441522213,1.857381896101481,3.250418318177591,1.3930364220761107
5,94,23.43762296899926,0.0,175.0,100.0,76.56237703100074,100.0,RUL > 125,92.96871310930024,90.6249508124003,94.14059425775018,94.14059425775018,91.79683196085026,94.14059425775018,SAUDAVEL,0.0,5.85940574224982,2.92970287112491,3.5156434453498915,2.343762296899928,4.101584019574873,1.7578217226749457
5,95,4.663789341136541,0.0,174.0,100.0,95.33621065886346,100.0,RUL > 125,98.60086319765904,98.1344842635454,98.83405266471588,98.83405266471588,98.3676737306022,98.83405266471588,SAUDAVEL,0.0,1.165947335284116,0.582973667642058,0.6995684011704696,0.46637893411364645,0.8161631346988812,0.3497842005852348
5,96,5.04722903892794,0.0,173.0,100.0,94.95277096107206,100.0,RUL > 125,98.48583128832162,97.98110838442884,98.73819274026802,98.73819274026802,98.23346983637522,98.73819274026802,SAUDAVEL,0.0,1.261807259731981,0.6309036298659905,0.7570843558391885,0.5047229038927924,0.8832650818123866,0.37854217791959427
5,97,1.800176717630966,0.0,172.0,100.0,98.19982328236904,100.0,RUL > 125,99.45994698471073,99.27992931294762,99.54995582059226,99.54995582059226,99.36993814882916,99.54995582059226,SAUDAVEL,0.0,0.45004417940774033,0.22502208970387017,0.2700265076446442,0.18001767176309613,0.31503092558541823,0.1350132538223221
5,98,0.0,0.0,171.0,100.0,100.0,100.0,RUL > 125,100.0,100.0,100.0,100.0,100.0,100.0,SAUDAVEL,0.0,0.0,0.0,0.0,0.0,0.0,0.0
5,99,0.0,0.0,170.0,100.0,100.0,100.0,RUL > 125,100.0,100.0,100.0,100.0,100.0,100.0,SAUDAVEL,0.0,0.0,0.0,0.0,0.0,0.0,0.0
5,100,0.0,0.0,169.0,100.0,100.0,100.0,RUL > 125,100.0,100.0,100.0,100.0,100.0,100.0,SAUDAVEL,0.0,0.0,0.0,0.0,0.0,0.0,0.0
5,101,4.249137875524905,0.0,168.0,100.0,95.75086212447508,100.0,RUL > 125,98.72525863734252,98.30034484979004,98.93771553111876,98.93771553111876,98.51280174356629,98.93771553111876,SAUDAVEL,0.0,1.062284468881245,0.5311422344406225,0.637370681328747,0.424913787552498,0.7435991282168715,0.3186853406643735
5,102,10.010593220338944,0.0,167.0,100.0,89.98940677966105,100.0,RUL > 125,96.99682203389833,95.99576271186442,97.49735169491528,97.49735169491528,96.49629237288136,97.49735169491528,SAUDAVEL,0.0,2.502648305084719,1.2513241525423595,1.5015889830508313,1.0010593220338877,1.7518538135593031,0.7507944915254157
5,103,17.272493936510394,0.0,166.0,100.0,82.72750606348961,100.0,RUL > 125,94.81825181904688,93.09100242539586,95.6818765158724,95.6818765158724,93.95462712222135,95.6818765158724,SAUDAVEL,0.0,4.318123484127597,2.1590617420637983,2.5908740904765577,1.7272493936510387,3.0226864388893175,1.2954370452382789
5,104,6.585548862067189,14.513722194029416,165.0,100.0,93.41445113793282,85.48627780597059,RUL > 125,95.12159090257396,94.46303601636724,94.72518223597584,96.1765544553788,94.06662734976912,96.1765544553788,SAUDAVEL,0.0,3.823445544621194,1.911722772310597,2.294067326772716,1.5293782178484776,2.6764118812348356,1.147033663386358
5,105,0.0,1.4071119975128767,164.0,100.0,100.0,98.59288800248711,RUL > 125,99.71857760049744,99.71857760049744,99.6482220006218,99.78893320037308,99.6482220006218,99.78893320037308,SAUDAVEL,0.0,0.21106679962692,0.10553339981346,0.126640079776152,0.084426719850768,0.147746759738844,0.063320039888076
5,106,0.0,0.0,163.0,100.0,100.0,100.0,RUL > 125,100.0,100.0,100.0,100.0,100.0,100.0,SAUDAVEL,0.0,0.0,0.0,0.0,0.0,0.0,0.0
5,107,0.0,0.0,162.0,100.0,100.0,100.0,RUL > 125,100.0,100.0,100.0,100.0,100.0,100.0,SAUDAVEL,0.0,0.0,0.0,0.0,0.0,0.0,0.0
5,108,0.0,0.0,161.0,100.0,100.0,100.0,RUL > 125,100.0,100.0,100.0,100.0,100.0,100.0,SAUDAVEL,0.0,0.0,0.0,0.0,0.0,0.0,0.0
5,109,0.0,0.0,160.0,100.0,100.0,100.0,RUL > 125,100.0,100.0,100.0,100.0,100.0,100.0,SAUDAVEL,0.0,0.0,0.0,0.0,0.0,0.0,0.0
5,110,0.0,0.0,159.0,100.0,100.0,100.0,RUL > 125,100.0,100.0,100.0,100.0,100.0,100.0,SAUDAVEL,0.0,0.0,0.0,0.0,0.0,0.0,0.0
5,111,0.0,0.0,158.0,100.0,100.0,100.0,RUL > 125,100.0,100.0,100.0,100.0,100.0,100.0,SAUDAVEL,0.0,0.0,0.0,0.0,0.0,0.0,0.0
5,112,0.0,0.0,157.0,100.0,100.0,100.0,RUL > 125,100.0,100.0,100.0,100.0,100.0,100.0,SAUDAVEL,0.0,0.0,0.0,0.0,0.0,0.0,0.0
5,113,0.0,0.0,156.0,100.0,100.0,100.0,RUL > 125,100.0,100.0,100.0,100.0,100.0,100.0,SAUDAVEL,0.0,0.0,0.0,0.0,0.0,0.0,0.0
5,114,0.0,18.06230151410517,155.0,100.0,100.0,81.93769848589483,RUL > 125,96.38753969717897,96.38753969717897,95.4844246214737,97.29065477288422,95.4844246214737,97.29065477288422,SAUDAVEL,0.0,2.709345227115776,1.354672613557888,1.6256071362694655,1.0837380908463103,1.8965416589810429,0.8128035681347328
5,115,0.0,21.742953145673248,154.0,100.0,100.0,78.25704685432675,RUL > 125,95.65140937086537,95.65140937086537,94.56426171358169,96.73855702814902,94.56426171358169,96.73855702814902,SAUDAVEL,0.0,3.2614429718509825,1.6307214859254913,1.9568657831105893,1.3045771887403932,2.2830100802956874,0.9784328915552947
5,116,1.2136369490094352,24.8197187603464,153.0,100.0,98.78636305099056,75.1802812396536,RUL > 125,94.67196516322788,94.55060146832696,93.49166107266105,95.97363294869568,93.3702973777601,95.97363294869568,SAUDAVEL,0.0,4.0263670513043195,2.0131835256521597,2.415820230782592,1.610546820521728,2.8184569359130234,1.207910115391296
5,117,8.50596690300565,35.139576973095075,152.0,100.0,91.49403309699434,64.86042302690493,RUL > 125,90.42029453447928,89.56969784417873,89.08861403097482,92.60257172828432,88.23801734067425,92.60257172828432,SAUDAVEL,0.0,7.3974282717156825,3.6987141358578413,4.4384569630294095,2.958971308686273,5.178199790200978,2.2192284815147048
5,118,3.4246195562741946,27.83394991507844,151.0,100.0,96.5753804437258,72.16605008492157,RUL > 125,93.40582415010206,93.06336219447464,92.18535763216184,94.96875262366969,91.8428956765344,94.96875262366969,SAUDAVEL,0.0,5.031247376330313,2.5156236881651566,3.018748425798188,2.0124989505321254,3.521873163431219,1.509374212899094
5,119,0.1307048672471472,21.217783257549115,150.0,100.0,99.86929513275284,78.78221674245088,RUL > 125,95.71723188831604,95.70416140159132,94.66287796880094,96.78465629455586,94.6498074820762,96.78465629455586,SAUDAVEL,0.0,3.215343705444141,1.6076718527220706,1.9292062232664846,1.2861374821776566,2.2507405938108986,0.9646031116332423
5,120,3.710265362628854,21.537331141843406,149.0,100.0,96.28973463737114,78.46266885815659,RUL > 125,94.57945416284264,94.20842762657978,93.68810087388192,95.84183398806628,93.31707433761903,95.84183398806628,SAUDAVEL,0.0,4.158166011933716,2.079083005966858,2.4948996071602294,1.6632664047734864,2.910716208353601,1.2474498035801147
5,121,11.096722496082842,34.62723111167301,148.0,100.0,88.90327750391715,65.37276888832699,RUL > 125,89.74553702884054,88.63586477923226,88.56901159806102,92.03173470922832,87.45933934845274,92.03173470922832,SAUDAVEL,0.0,7.968265290771683,3.9841326453858414,4.7809591744630096,3.1873061163086733,5.577785703540178,2.3904795872315048
5,122,15.18421203253891,41.09101713839623,147.0,100.0,84.81578796746109,58.90898286160377,RUL > 125,87.22653296255908,85.7081117593052,85.93119270726622,90.04029442110584,84.41277150401233,90.04029442110584,SAUDAVEL,0.0,9.959705578894159,4.979852789447079,5.975823347336495,3.9838822315576636,6.971793905225911,2.9879116736682474
5,123,30.38224130899825,50.3114013563702,146.0,100.0,69.61775869100175,49.6885986436298,RUL > 125,80.82304733602649,77.78482320512667,79.82658933365789,84.85772946929491,76.78836520275806,84.85772946929491,SAUDAVEL,0.0,15.14227053070509,7.571135265352545,9.085362318423053,6.056908212282036,10.599589371493563,4.542681159211527
5,124,34.8982442709861,62.165455071789886,145.0,100.0,65.1017557290139,37.834544928210114,RUL > 125,77.0974357043462,73.60761127724757,75.734075164306,81.950620671485,72.2442507372074,81.950620671485,SAUDAVEL,0.0,18.049379328515002,9.024689664257501,10.829627597109,7.219751731406001,12.6345655299605,5.4148137985545
5,125,40.51023638666106,70.13502011769006,144.0,100.0,59.48976361333894,29.86497988230994,RUL > 125,73.81992506046367,69.76890142179757,72.33868587391223,79.35218788568122,68.2876622352461,79.35218788568122,ATENCAO,0.0,20.647812114318782,10.323906057159391,12.38868726859127,8.259124845727513,14.453468480023146,6.194343634295635
5,126,44.63408003090768,81.46538997233921,143.0,100.0,55.36591996909232,18.53461002766079,RUL > 125,70.31669799625986,65.85328999316908,68.47513249918828,76.6216714964222,64.01172449609751,76.6216714964222,ATENCAO,0.0,23.378328503577805,11.689164251788903,14.026997102146682,9.351331401431123,16.36482995250446,7.013498551073341
5,127,46.05117477874524,93.38954692293744,142.0,100.0,53.94882522125476,6.610453077062559,RUL > 125,67.50673818178893,62.90162070391442,65.13981957457933,74.47877426687307,60.534702096704805,74.47877426687307,ATENCAO,0.0,25.521225733126926,12.760612866563463,15.312735439876155,10.20849029325077,17.864858013188847,7.6563677199380775
5,128,50.12027155216168,100.0,141.0,100.0,49.87972844783832,0.0,RUL > 125,64.96391853435149,59.95189137913533,62.46993211195958,72.46993211195958,57.457904956743405,72.46993211195958,ATENCAO,0.0,27.53006788804042,13.76503394402021,16.51804073282425,11.012027155216169,19.271047521628294,8.259020366412125
5,129,50.09984001797941,100.0,140.0,100.0,49.90015998202059,0.0,RUL > 125,64.97004799460618,59.96006399280824,62.47503999550515,72.47503999550514,57.46505599370721,72.47503999550514,ATENCAO,0.0,27.524960004494858,13.762480002247429,16.514976002696915,11.009984001797944,19.2674720031464,8.257488001348458
5,130,50.14163387279126,91.46177077644444,139.0,100.0,49.85836612720874,8.538229223555561,RUL > 125,66.66515568287373,61.650992295594605,64.59914883769108,73.74532591533551,59.58498545041195,73.74532591533551,ATENCAO,0.0,26.254674084664487,13.127337042332243,15.752804450798692,10.501869633865795,18.37827185926514,7.876402225399346
5,131,49.872738264733066,68.6557296455601,138.0,100.0,50.12726173526693,31.3442703544399,RUL > 125,71.30703259146806,66.31975876499476,70.36788302242671,77.23345598698272,65.3806091959534,77.23345598698272,ATENCAO,0.0,22.76654401301728,11.38327200650864,13.659926407810369,9.106617605206912,15.936580809112096,6.8299632039051845
5,132,45.16539553984736,38.58738153873862,137.0,100.0,54.83460446015264,61.41261846126138,RUL > 125,78.73290503029807,74.21636547631334,79.0618057303535,82.92054388422737,74.54526617636877,82.92054388422737,SAUDAVEL,0.0,17.07945611577263,8.539728057886315,10.247673669463577,6.831782446309052,11.955619281040839,5.123836834731788
5,133,40.92645291226364,15.21064522492041,136.0,100.0,59.07354708773636,84.78935477507959,RUL > 125,84.67993508133682,80.58728979011046,85.96572546570398,87.48678998819602,81.87308017447762,87.48678998819602,SAUDAVEL,0.0,12.513210011803977,6.256605005901989,7.507926007082386,5.005284004721592,8.759247008262783,3.753963003541193
5,134,46.25579519356666,0.0,135.0,100.0,53.74420480643334,100.0,RUL > 125,86.12326144193,81.49768192257334,88.43605120160834,88.43605120160834,83.81047168225166,88.43605120160834,SAUDAVEL,0.0,11.563948798391664,5.781974399195832,6.9383692790349984,4.625579519356665,8.094764158874165,3.4691846395174992
5,135,41.14368323901239,0.0,134.0,100.0,58.85631676098761,100.0,RUL > 125,87.65689502829628,83.54252670439504,89.7140791902469,89.7140791902469,85.59971086634566,89.7140791902469,SAUDAVEL,0.0,10.285920809753094,5.142960404876547,6.171552485851856,4.114368323901238,7.2001445668271655,3.085776242925928
5,136,47.159550264361,0.0,133.0,100.0,52.840449735639,100.0,RUL > 125,85.8521349206917,81.1361798942556,88.21011243390976,88.21011243390976,83.49415740747365,88.21011243390976,SAUDAVEL,0.0,11.789887566090243,5.894943783045122,7.0739325396541455,4.715955026436098,8.25292129626317,3.5369662698270727
5,137,44.83740368173657,0.0,132.0,100.0,55.16259631826343,100.0,RUL > 125,86.54877889547903,82.06503852730538,88.79064907956587,88.79064907956585,84.3069087113922,88.79064907956585,SAUDAVEL,0.0,11.209350920434147,5.604675460217074,6.7256105522604885,4.483740368173659,7.8465456443039026,3.3628052761302443
5,138,34.66116004035169,0.0,131.0,100.0,65.33883995964831,100.0,RUL > 125,89.60165198789448,86.13553598385933,91.33470998991208,91.33470998991208,87.86859398587691,91.33470998991208,SAUDAVEL,0.0,8.665290010087915,4.3326450050439576,5.199174006052749,3.4661160040351664,6.06570300706154,2.5995870030263744
5,139,31.83238118064544,0.0,130.0,100.0,68.16761881935456,100.0,RUL > 125,90.45028564580636,87.26704752774182,92.04190470483864,92.04190470483864,88.85866658677409,92.04190470483864,SAUDAVEL,0.0,7.958095295161357,3.9790476475806784,4.774857177096814,3.183238118064543,5.57066670661295,2.387428588548407
5,140,41.14918330698069,0.0,129.0,100.0,58.85081669301931,100.0,RUL > 125,87.65524500790579,83.54032667720773,89.71270417325482,89.71270417325482,85.59778584255676,89.71270417325482,SAUDAVEL,0.0,10.28729582674518,5.14364791337259,6.172377496047107,4.114918330698072,7.201107078721625,3.0861887480235537
5,141,50.0267506641281,0.0,128.0,100.0,49.9732493358719,100.0,RUL > 125,84.99197480076157,79.98929973434876,87.49331233396798,87.49331233396798,82.49063726755516,87.49331233396798,SAUDAVEL,0.0,12.506687666032022,6.253343833016011,7.504012599619212,5.0026750664128095,8.754681366222414,3.752006299809606
5,142,43.64214500862121,0.8120663274036634,127.0,100.0,56.35785499137879,99.18793367259632,RUL > 125,86.7449432319329,82.38072873107077,88.88644716599377,88.96765379873413,84.52223266513165,88.96765379873413,SAUDAVEL,0.0,11.032346201265867,5.516173100632933,6.619407720759519,4.412938480506347,7.7226423408861065,3.3097038603797597
5,143,50.08632658466717,12.221739356705704,126.0,100.0,49.91367341533283,87.77826064329429,RUL > 125,82.52975415325871,77.521121494792,84.42298351465678,85.64515745032735,79.41435085619005,85.64515745032735,SAUDAVEL,0.0,14.354842549672654,7.177421274836327,8.612905529803593,5.741937019869062,10.048389784770857,4.306452764901796
5,144,50.12171083858063,28.74000206115608,125.0,100.0,49.87828916141937,71.25999793884392,76-125,79.2154863361946,74.20331525233652,80.28457177506581,83.15857198118144,75.27240069120776,83.15857198118144,SAUDAVEL,0.0,16.84142801881856,8.42071400940928,10.104856811291137,6.736571207527425,11.788999613172992,5.052428405645569
5,145,44.055902154238005,23.00200828895041,124.0,99.2,55.944097845762,76.9979917110496,76-125,81.78282769593852,77.45723748051472,82.83552238920291,85.05572321809792,78.5099321737791,85.05572321809792,SAUDAVEL,0.7999999999999972,14.944276781902076,7.8721383909510365,9.286566069141244,6.4577107127608295,10.70099374733145,5.043283034570621
5,146,45.46289108613373,24.338094241272408,123.0,98.4,54.53710891386627,75.66190575872758,76-125,80.6935138259054,76.30722471729203,81.74975366814846,84.02356309227571,77.36346455953509,84.02356309227571,SAUDAVEL,1.5999999999999943,15.976436907724292,8.788218453862143,10.225862144634572,7.350574763089713,11.663505835407003,5.912931072317283
5,147,49.93771061235876,27.43008838765501,122.0,97.6,50.06228938764124,72.56991161234498,76-125,78.33266913876136,73.5788980775255,79.45805024999655,81.96105908876206,74.70427918876068,81.96105908876206,SAUDAVEL,2.4000000000000057,18.038940911237944,10.219470455618975,11.783364546742769,8.65557636449518,13.347258637866563,7.091682273371387
5,148,50.04299445757063,21.89269531963469,121.0,96.8,49.95700554242937,78.1073046803653,76-125,79.00856259880187,74.32426315304481,80.41607755569866,82.28534708766215,75.7317781099416,82.28534708766215,SAUDAVEL,3.200000000000003,17.714652912337854,10.457326456168929,11.908791747402713,9.005861164935144,13.360257038636497,7.554395873701358
5,149,50.040857214361736,9.511565441851117,120.0,96.0,49.95914278563826,90.48843455814888,76-125,81.08542974732126,76.4813440258851,83.11189433594679,83.66305088013189,78.50780861451061,83.66305088013189,SAUDAVEL,4.0,16.33694911986811,10.168474559934054,11.402169471920864,8.934779647947243,12.635864383907675,7.701084735960432
5,150,50.10313848247362,7.437534736733848,119.0,95.19999999999999,49.89686151752638,92.56246526326616,76-125,81.08155150791114,76.55123765966378,83.21483169519813,83.4785851688715,78.68451784695077,83.4785851688715,SAUDAVEL,4.800000000000011,16.521414831128496,10.660707415564254,11.832848898677103,9.488565932451404,13.00499038178995,8.316424449338557
5,151,47.67288994140414,4.211598830371389,118.0,94.39999999999999,52.32711005859586,95.7884011696286,76-125,82.05581325150447,77.84852425736406,84.22887780705612,84.09003769009325,80.02158881291571,84.09003769009325,SAUDAVEL,5.6000000000000085,15.909962309906746,10.754981154953377,11.78597738594405,9.723984923962703,12.816973616934725,8.69298869297203
5,152,50.00785394304704,0.0,117.0,93.60000000000001,49.99214605695296,100.0,76-125,81.79764381708588,77.4368584227812,84.29803651423825,83.65803651423825,79.93725111993353,83.65803651423825,SAUDAVEL,6.3999999999999915,16.341963485761752,11.370981742880872,12.365178091457048,10.376785394304695,13.359374440033225,9.382589045728519
5,153,36.35808751457742,0.0,116.0,92.80000000000001,63.64191248542258,100.0,76-125,85.49257374562677,82.57676499416904,87.31047812135566,86.59047812135566,84.39466936989791,86.59047812135566,SAUDAVEL,7.199999999999989,13.409521878644341,10.304760939322165,10.925713127186599,9.683808751457729,11.546665315051035,9.062856563593293
5,154,45.18194045975204,0.0,115.0,92.0,54.81805954024796,100.0,76-125,82.44541786207438,78.72722381609918,84.704514885062,83.90451488506199,80.98632083908679,83.90451488506199,SAUDAVEL,8.0,16.095485114938015,12.047742557469007,12.857291068962809,11.238194045975206,13.66683958045661,10.428645534481404
5,155,47.824030020533606,0.0,114.0,91.2,52.1759699794664,100.0,76-125,81.25279099383992,77.35038799178656,83.64399249486661,82.7639924948666,79.74158949281323,82.7639924948666,SAUDAVEL,8.799999999999997,17.2360075051334,13.018003752566699,13.86160450308004,12.17440300205336,14.705205253593379,11.330802251540018
5,156,46.14722474619201,0.0,113.0,90.4,53.85277525380799,100.0,76-125,81.3558325761424,77.7011101015232,83.663193813452,82.703193813452,80.0084713388328,82.703193813452,SAUDAVEL,9.599999999999994,17.296806186547997,13.448403093273996,14.218083711928795,12.678722474619196,14.987764330583595,11.909041855964393
5,157,35.35519707235408,0.0,112.0,89.60000000000001,64.64480292764591,100.0,76-125,84.19344087829379,81.69792117105837,85.96120073191148,84.92120073191148,83.46568102467607,84.92120073191148,SAUDAVEL,10.399999999999991,15.078799268088517,12.739399634044254,13.207279560853106,12.271519707235402,13.675159487661958,11.803639780426547
5,158,35.57716729507552,0.0,111.0,88.8,64.42283270492447,100.0,76-125,83.72684981147734,81.2891330819698,85.50570817623111,84.3857081762311,83.06799144672357,84.3857081762311,SAUDAVEL,11.200000000000003,15.614291823768895,13.407145911884449,13.848575094261339,12.965716729507559,14.290004276638227,12.524287547130669
5,159,37.46836343018224,0.0,110.0,88.0,62.53163656981776,100.0,76-125,82.75949097094534,80.21265462792711,84.63290914245444,83.43290914245443,82.08607279943622,83.43290914245443,SAUDAVEL,12.0,16.567090857545566,14.283545428772783,14.74025451452734,13.826836343018226,15.196963600281896,13.370127257263668
5,160,42.40006868377559,0.0,109.0,87.2,57.59993131622441,100.0,76-125,80.87997939486732,77.91997252648977,82.99998282905611,81.71998282905611,80.03997596067855,81.71998282905611,SAUDAVEL,12.799999999999997,18.280017170943893,15.540008585471945,16.088010302566335,14.992006868377555,16.636012019660722,14.444005151283164
5,161,39.56583447210077,0.0,108.0,86.4,60.43416552789923,100.0,76-125,81.33024965836978,78.7336662111597,83.3085413819748,81.9485413819748,80.71195793476474,81.9485413819748,SAUDAVEL,13.599999999999994,18.051458618025194,15.825729309012594,16.270875170815113,15.380583447210075,16.716021032617633,14.935437585407554
5,162,33.42100650349498,0.0,107.0,85.6,66.57899349650502,100.0,76-125,82.7736980489515,80.871597398602,84.44474837412625,83.00474837412625,82.54264772377675,83.00474837412625,SAUDAVEL,14.400000000000006,16.99525162587375,15.697625812936877,15.95715097552425,15.438100650349503,16.216676138111623,15.178575487762128
5,163,43.68847078435443,0.0,106.0,84.8,56.31152921564557,100.0,76-125,79.29345876469367,76.44461168625823,81.4778823039114,79.95788230391139,78.62903522547595,79.95788230391139,ATENCAO,15.200000000000003,20.04211769608861,17.621058848044306,18.10527061765317,17.136847078435444,18.589482387262027,16.652635308826582
5,164,35.58865930700932,0.0,105.0,84.0,64.41134069299068,100.0,76-125,81.3234022078972,79.36453627719627,83.10283517324767,81.50283517324766,81.14396924254675,81.50283517324766,SAUDAVEL,16.0,18.49716482675234,17.24858241337617,17.498298896051402,16.998865930700937,17.748015378726638,16.7491494480257
5,165,44.43871582803303,0.9654975752629522,104.0,83.2,55.56128417196697,99.03450242473704,76-125,78.0752857365375,75.31141415373419,80.248946649176,78.6654964067023,77.4850750663727,78.6654964067023,ATENCAO,16.799999999999997,21.334503593297697,19.067251796648847,19.52070215597862,18.613801437319076,19.974152515308386,18.160351077989308
5,166,25.45668450536951,0.0,103.0,82.39999999999999,74.54331549463049,100.0,76-125,83.56299464838915,82.7773261978522,84.83582887365762,83.07582887365761,84.05016042312067,83.07582887365761,SAUDAVEL,17.60000000000001,16.924171126342387,17.262085563171198,17.194502675805435,17.329668450536957,17.126919788439672,17.397251337902723
5,167,12.603651687402978,0.0,102.0,81.6,87.39634831259703,100.0,76-125,87.0189044937791,87.59853932503881,87.64908707814925,85.80908707814925,88.22872190940896,85.80908707814925,SAUDAVEL,18.400000000000006,14.190912921850753,16.29545646092538,15.874547753110454,16.716365168740303,15.453639045295528,17.137273876555227
5,168,18.974563750706512,0.0,101.0,80.80000000000001,81.02543624929349,100.0,76-125,84.70763087478805,84.7301744997174,85.65635906232338,83.73635906232337,85.67890268725273,83.73635906232337,SAUDAVEL,19.19999999999999,16.263640937676627,17.731820468838308,17.438184562605972,18.025456375070643,17.144548656373637,18.31909228130298
5,169,26.88328140315229,0.0,100.0,80.0,73.1167185968477,100.0,76-125,81.93501557905431,81.24668743873909,83.27917964921193,81.27917964921193,82.59085150889669,81.27917964921193,SAUDAVEL,20.0,18.720820350788074,19.360410175394037,19.23249221047284,19.48832814031523,19.104574245551653,19.61624610523642
5,170,37.68369332694193,0.0,99.0,79.2,62.31630667305807,100.0,76-125,78.29489200191742,76.60652266922324,80.17907666826451,78.09907666826453,78.49070733557033,78.09907666826453,ATENCAO,20.799999999999997,21.90092333173547,21.350461665867734,21.46055399904128,21.240369332694186,21.570646332214828,21.13027699952064
5,171,25.63085332436631,0.0,98.0,78.4,74.36914667563369,100.0,76-125,81.5107440026901,81.10765867025347,82.79228666890842,80.63228666890842,82.38920133647179,80.63228666890842,SAUDAVEL,21.599999999999994,19.36771333109158,20.483856665545787,20.260627998654947,20.707085332436627,20.037399331764103,20.93031399932747
5,172,37.662095499066304,0.0,97.0,77.60000000000001,62.337904500933696,100.0,76-125,77.50137135028011,75.97516180037348,79.38447612523342,77.14447612523342,77.8582665753268,77.14447612523342,ATENCAO,22.39999999999999,22.855523874766575,22.627761937383283,22.673314324859945,22.582209549906622,22.7188667123366,22.536657162429965
5,173,33.63014323429035,1.6552265871200078,96.0,76.8,66.36985676570964,98.34477341288,76-125,77.9799117122889,76.93689738885986,79.5786575446474,77.42418020335941,78.53564322121836,77.42418020335941,ATENCAO,23.200000000000003,22.575819796640587,22.887909898320295,22.825491877984355,22.950327918656235,22.76307385764841,23.01274593899218
5,174,28.254028017256765,6.369486106043936,95.0,76.0,71.74597198274324,93.63051389395606,76-125,78.24989437361418,77.82449157188852,79.34412146917482,77.58107007977922,78.91871866744916,77.58107007977922,ATENCAO,24.0,22.418929920220776,23.209464960110388,23.051357952132467,23.36757196808831,22.89325094415454,23.52567897606623
5,175,39.3857407831381,31.643881599622613,94.0,75.2,60.6142592168619,68.35611840037738,76-125,69.45550144513405,67.99692736682024,69.84259440430982,70.52698256427209,68.38402032599602,70.52698256427209,ATENCAO,24.799999999999997,29.47301743572791,27.136508717863954,27.603810461436744,26.669206974291164,28.071112205009534,26.201905230718367
5,176,35.17275579340494,33.99330394573859,93.0,74.4,64.82724420659505,66.00669605426141,76-125,69.8495124728308,68.8922368934903,69.90848506521412,70.74781545978797,68.95120948587362,70.74781545978797,ATENCAO,25.599999999999994,29.252184540212028,27.42609227010601,27.791310724127214,27.060873816084808,28.156529178148418,26.695655362063604
5,177,15.337856207653951,3.4657776990143088,92.0,73.6,84.66214379234604,96.53422230098568,76-125,81.50548759790095,82.61170197713557,82.09909152333293,79.80566929323436,83.20530590256753,79.80566929323436,ATENCAO,26.400000000000006,20.19433070676564,23.297165353382823,22.676598424059385,23.91773228270626,22.056031494735947,24.538299212029695
5,178,1.798298645641764,0.0,91.0,72.8,98.20170135435824,100.0,76-125,85.86051040630747,88.4006805417433,85.95042533858955,83.23042533858955,88.49059547402538,83.23042533858955,SAUDAVEL,27.200000000000003,16.769574661410445,21.984787330705224,20.94174479684627,23.02782986456418,19.89870226298731,24.070872398423134
5,179,3.695017206716642,0.0,90.0,72.0,96.30498279328336,100.0,76-125,84.89149483798501,87.32199311731334,85.07624569832083,82.27624569832084,87.50674397764918,82.27624569832084,SAUDAVEL,28.0,17.723754301679165,22.861877150839582,21.834252581007497,23.889501720671667,20.806628011175412,24.917126290503745
5,180,9.581341980811487,0.0,89.0,71.2,90.41865801918853,100.0,76-125,82.72559740575656,84.6474632076754,83.20466450479714,80.32466450479713,85.12653030671598,80.32466450479713,SAUDAVEL,28.799999999999997,19.675335495202873,24.237667747601435,23.325201297121723,25.150134198081147,22.41273484664201,26.06260064856086
5,181,22.567360182011992,0.0,88.0,70.39999999999999,77.432639817988,100.0,76-125,78.4297919453964,79.1330559271952,79.558159954497,76.59815995449699,80.2614239362958,76.59815995449699,ATENCAO,29.60000000000001,23.401840045503008,26.500920022751508,25.88110402730181,27.120736018201207,25.261288031852107,27.74055201365091
5,182,16.728300219645,0.0,87.0,69.6,83.271699780355,100.0,76-125,79.7815099341065,81.148679912142,80.61792494508875,77.57792494508874,81.98509492312425,77.57792494508874,ATENCAO,30.400000000000006,22.42207505491126,26.411037527455633,25.613245032946757,27.20883002196451,24.81545253843788,28.006622516473378
5,183,24.591921786350536,0.0,86.0,68.8,75.40807821364946,100.0,76-125,77.02242346409483,77.68323128545978,78.25201955341237,75.13201955341236,78.91282737477731,75.13201955341236,ATENCAO,31.200000000000003,24.867980446587637,28.03399022329382,27.400788267952585,28.66719217863506,26.767586312611343,29.30039413397629
5,184,12.081950118407985,0.0,85.0,68.0,87.91804988159201,100.0,76-125,80.3754149644776,82.36721995263682,80.979512470398,77.779512470398,82.97131745855721,77.779512470398,ATENCAO,32.0,22.220487529601996,27.110243764800998,26.1322925177612,28.088195011840796,25.154341270721396,29.066146258880597
5,185,9.144019503330425,0.0,84.0,67.2,90.85598049666956,100.0,76-125,80.85679414900088,83.22239219866783,81.31399512416739,78.03399512416739,83.67959317383435,78.03399512416739,ATENCAO,32.8,21.96600487583261,27.383002437916304,26.299602925499563,28.46640195033304,25.216203413082823,29.54980146274978
5,186,10.349428708387238,8.310928939134325,83.0,66.4,89.65057129161276,91.68907106086569,76-125,78.43298559965697,80.75804272881825,78.53491058811962,76.00600348203305,80.85996771728088,76.00600348203305,ATENCAO,33.599999999999994,23.99399651796695,28.79699825898347,27.836397910780164,29.75759860718678,26.87579756257686,30.71819895539008
5,187,21.33829621309139,18.87269335288701,82.0,65.60000000000001,78.66170378690862,81.12730664711299,76-125,72.62397246549519,73.93014284418605,72.7472526085054,71.19452194379411,74.05342298719626,71.19452194379411,ATENCAO,34.39999999999999,28.805478056205885,31.60273902810294,31.043286833723528,32.16219122248235,30.483834639344114,32.72164341686175
5,188,14.697478375342476,8.050960789710548,81.0,64.8,85.30252162465753,91.94903921028946,76-125,76.38056432945515,78.43081649192091,76.71289020873675,73.99798628770779,78.7631423712025,73.99798628770779,ATENCAO,35.2,26.00201371229221,30.601006856146107,29.68120822737533,31.520805484916885,28.761409598604544,32.44060411368766
5,189,30.985281281524745,10.953965175003049,80.0,64.0,69.01471871847525,89.04603482499695,76-125,70.51362258054196,71.01509445238949,71.51518838586804,69.01058490336835,72.01666025771559,69.01058490336835,ATENCAO,36.0,30.989415096631646,33.49470754831582,32.993649057978985,33.99576603865266,32.49259056764215,34.49682452898949
5,190,29.82731575219466,13.832491266083425,79.0,63.2,70.17268424780534,86.16750873391658,76-125,69.88530702112492,70.58257544590545,70.68504824543048,68.38829737203882,71.38231667021101,68.38829737203882,ATENCAO,36.8,31.61170262796118,34.20585131398059,33.6870215767767,34.72468105118447,33.16819183957283,35.24351078838835
5,191,36.49952422176276,32.44602013743551,78.0,62.4,63.50047577823724,67.55397986256449,76-125,63.76093870598406,63.8709862838078,63.96361391020043,63.448215923943984,64.07366148802416,63.448215923943984,ATENCAO,37.6,36.551784076056016,37.07589203802801,36.97107044563361,37.1807136304224,36.866248853239206,37.285535222816804
5,192,43.37604009415403,48.13301513396048,77.0,61.6,56.62395990584597,51.86698486603952,76-125,58.1605849449617,57.66298093554629,57.92273619297138,58.89603770636742,57.42513218355597,58.89603770636742,RISCO,38.4,41.10396229363258,39.75198114681629,40.02237737617955,39.481584917453034,40.292773605542806,39.21118868808977
5,193,47.53713216618611,70.66554923589254,76.0,60.8,52.46286783381389,29.33445076410746,76-125,52.00575050296565,51.17203728634705,50.84932964948033,53.99588457306958,50.01561643286173,53.99588457306958,RISCO,39.2,46.00411542693042,42.602057713465214,43.28246925615825,41.92164617077216,43.96288079885129,41.24123462807913
5,194,50.06423597286943,82.2731823463117,75.0,60.0,49.93576402713057,17.7268176536883,31-75,48.52609273887683,47.51966914158989,46.91564542020472,51.14296365483589,45.90922182291777,51.14296365483589,RISCO,40.0,48.85703634516411,44.42851817258206,45.31422180709846,43.54281453806564,46.19992544161487,42.65711090354923
5,195,50.29264213281477,99.09107020298669,74.0,59.199999999999996,49.70735786718523,0.9089297970133146,31-75,44.693993319558224,43.74472910627675,42.25407191604963,48.083178936348304,41.30480770276816,48.083178936348304,RISCO,40.800000000000004,51.916821063651696,46.358410531825854,47.47009263819102,45.24672842546068,48.581774744556185,44.13504631909551
5,196,50.48648892106126,100.0,73.0,58.4,49.51351107893874,0.0,31-75,44.05405332368162,43.165404431575496,41.578377769734686,47.41837776973468,40.68972887762855,47.41837776973468,RISCO,41.6,52.58162223026532,47.09081111513266,48.18897333815919,45.99264889210613,49.28713556118572,44.89448666907959
5,197,50.52707365820114,100.0,72.0,57.599999999999994,49.47292634179886,0.0,31-75,43.641877902539655,42.829170536719545,41.16823158544971,46.92823158544971,40.3555242196296,46.92823158544971,RISCO,42.400000000000006,53.07176841455029,47.73588420727515,48.80306104873018,46.66870736582012,49.8702378901852,45.60153052436509
5,198,50.41622252702111,100.0,71.0,56.8,49.58377747297889,0.0,31-75,43.27513324189366,42.55351098919155,40.79594436824472,46.47594436824472,40.07432211554261,46.47594436824472,RISCO,43.2,53.52405563175528,48.36202781587764,49.39443337905317,47.329622252702116,50.4268389422287,46.29721668952658
5,199,50.75690340519424,100.0,70.0,56.00000000000001,49.24309659480576,0.0,31-75,42.77292897844173,42.09723863792232,40.31077414870144,45.91077414870144,39.63508380818202,45.91077414870144,RISCO,43.99999999999999,54.08922585129856,49.044612925649275,50.05353551077913,48.03569034051942,51.06245809590899,47.02676775538956
5,200,50.57229689429739,100.0,69.0,55.2,49.42770310570261,0.0,31-75,42.42831093171078,41.85108124228105,39.956925776425656,45.47692577642565,39.37969608699592,45.47692577642565,RISCO,44.8,54.52307422357435,49.66153711178717,50.6338445341446,48.68922968942974,51.60615195650204,47.7169222670723
5,201,50.63724705551002,100.0,68.0,54.400000000000006,49.36275294448998,0.0,31-75,42.008825883347,41.505101177796,39.5406882361225,44.9806882361225,39.0369635305715,44.9806882361225,RISCO,45.599999999999994,55.0193117638775,50.30965588193875,51.25158705832649,49.367724705551,52.19351823471425,48.42579352916324
5,202,50.64171738493103,98.72238593398076,67.0,53.6,49.35828261506897,1.2776140660192397,31-75,41.86300759772454,41.43883585923144,39.45897417027206,44.69121276367012,39.03480243177894,44.69121276367012,RISCO,46.4,55.30878723632988,50.854393618164934,51.74527234179793,49.963514894531954,52.636151065430916,49.07263617089896
5,203,50.61498587935758,70.07792070555185,66.0,52.800000000000004,49.38501412064242,29.92207929444816,31-75,47.19992009508236,46.8584215071466,46.22677335377264,48.51456542432783,45.88527476583688,48.51456542432783,RISCO,47.199999999999996,51.48543457567217,49.34271728783608,49.771260745403296,48.914173830268865,50.19980420297051,48.48563037270164
5,204,50.77865687964816,51.31216717128532,65.0,52.0,49.22134312035184,48.68783282871468,31-75,50.50396950184849,50.22610381388368,50.47729398726663,50.80851070439516,50.19942829930181,50.80851070439516,RISCO,48.0,49.19148929560484,48.59574464780242,48.7148935773629,48.47659571824194,48.83404250692338,48.35744678868144
5,205,50.921385983147566,51.825596143070825,64.0,51.2,49.078614016852434,48.174403856929175,31-75,49.95846497644157,49.74632637812682,49.9132544684454,50.21581408275249,49.70111587013065,50.21581408275249,RISCO,48.8,49.78418591724751,49.292092958623755,49.390511550348506,49.193674366899,49.48893014207326,49.09525577517425
5,206,50.96047475647764,62.32486508885589,63.0,50.4,49.03952524352236,37.67513491114411,31-75,47.44688455528553,47.31083707963777,46.87866503866662,48.1511515475522,46.74261756301885,48.1511515475522,RISCO,49.6,51.8488484524478,50.7244242262239,50.949309071468676,50.499539380979115,51.17419391671345,50.274654535734335
5,207,51.06426835508426,76.34591070565745,62.0,49.6,48.93573164491574,23.654089294342555,31-75,44.21153735234324,44.14511051683481,42.947455234814576,45.54204630538032,42.88102839930615,45.54204630538032,RISCO,50.4,54.45795369461968,52.42897684730984,52.83477221677181,52.02318147784787,53.24056758623377,51.6173861083859
5,208,51.33670034145951,91.65432613680493,61.0,48.8,48.66329965854049,8.345673863195074,31-75,40.66812467020115,40.654454636055206,38.65224338043389,42.69767599411438,38.63857334628794,42.69767599411438,RISCO,51.2,57.30232400588562,54.25116200294281,54.86139440353138,53.64092960235425,55.471626804119936,53.03069720176568
5,209,51.63678237966781,100.0,60.0,48.0,48.36321762033219,0.0,31-75,38.50896528609966,38.54528704813288,36.09080440508305,40.890804405083045,36.12712616711627,40.890804405083045,RISCO,52.0,59.109195594916955,55.55459779745848,56.26551735695017,54.843678237966785,56.97643691644187,54.132758678475085
5,210,51.87802636778254,100.0,59.0,47.199999999999996,48.12197363221746,0.0,31-75,38.036592089665234,38.12878945288698,35.63049340805436,40.35049340805436,35.722690771276106,40.35049340805436,RISCO,52.800000000000004,59.64950659194564,56.22475329597282,56.90970395516739,55.539802636778255,57.59465461436194,54.85485197758369
5,211,52.05399343489124,100.0,58.0,46.400000000000006,47.94600656510876,0.0,31-75,37.58380196953263,37.73840262604351,35.18650164127719,39.82650164127719,35.34110229778807,39.82650164127719,RISCO,53.599999999999994,60.17349835872281,56.8867491793614,57.544099015233684,56.22939934348912,58.201448851105965,55.57204950761684
5,212,52.42638890548706,100.0,57.0,45.6,47.57361109451294,0.0,31-75,37.07208332835389,37.26944443780518,34.69340277362824,39.25340277362824,34.89076388307953,39.25340277362824,RISCO,54.4,60.74659722637176,57.573298613185884,58.20795833582305,56.9386388905487,58.84261805846023,56.30397916791152
5,213,52.453657914955166,100.0,56.0,44.800000000000004,47.546342085044834,0.0,31-75,36.66390262551345,36.93853683401794,34.28658552126121,38.76658552126121,34.561219729765696,38.76658552126121,RISCO,55.199999999999996,61.23341447873879,58.21670723936939,58.82004868724327,57.61336579149551,59.423390135117145,57.01002434362163
5,214,52.68721133991955,100.0,55.0,44.0,47.31278866008045,0.0,31-75,36.19383659802413,36.52511546403218,33.828197165020114,38.22819716502011,34.15947603102816,38.22819716502011,RISCO,56.0,61.77180283497989,58.88590141748995,59.46308170098793,58.30872113399196,60.04026198448592,57.73154085049396
5,215,53.06696422768744,100.0,54.0,43.2,46.93303577231256,0.0,31-75,35.67991073169377,36.05321430892502,33.33325894307814,37.65325894307814,33.70656252030939,37.65325894307814,RISCO,56.8,62.34674105692186,59.57337052846093,60.12804463415311,59.01869642276874,60.6827187398453,58.464022317076555
5,216,53.29110388394609,100.0,53.0,42.4,46.70889611605391,0.0,31-75,35.21266883481617,35.643558446421565,32.87722402901348,37.11722402901347,33.30811364061887,37.11722402901347,RISCO,57.6,62.88277597098653,60.24138798549326,60.76966558259191,59.71311038839461,61.29794317969057,59.18483279129596
5,217,53.56540276503669,100.0,52.0,41.6,46.43459723496331,0.0,31-75,34.730379170488995,35.213838893985326,32.40864930874083,36.56864930874083,32.89210903223716,36.56864930874083,RISCO,58.4,63.43135069125917,60.91567534562958,61.4188104147555,60.41254027650367,61.921945483881416,59.909405207377745
5,218,53.85546328261083,100.0,51.0,40.8,46.14453671738917,0.0,31-75,34.24336101521675,34.777814686955665,31.93613417934729,36.01613417934729,32.47058785108621,36.01613417934729,RISCO,59.2,63.98386582065271,61.591932910326356,62.07031949239163,61.11354632826109,62.5487060744569,60.63515974619581
5,219,53.975901939943725,100.0,50.0,40.0,46.02409806005628,0.0,31-75,33.80722941801688,34.40963922402251,31.50602451501407,35.50602451501407,32.1084343210197,35.50602451501407,RISCO,60.0,64.49397548498592,62.24698774249296,62.69638529099155,61.79759019399437,63.145782839490145,61.34819264549577
5,220,53.9955862904942,100.0,49.0,39.2,46.0044137095058,0.0,31-75,33.40132411285174,34.08176548380232,31.10110342737645,35.021103427376445,31.78154479832704,35.021103427376445,RISCO,60.8,64.97889657262355,62.889448286311776,63.30733794357413,62.47155862904942,63.72522760083649,62.05366897178706
5,221,54.166589163217296,100.0,48.0,38.4,45.833410836782704,0.0,31-75,32.95002325103481,33.69336433471308,30.658352709195675,34.49835270919567,31.401693792873942,34.49835270919567,RISCO,61.6,65.50164729080433,63.55082364540216,63.94098837448259,63.16065891632174,64.33115310356303,62.7704941872413
5,222,54.57767214185944,100.0,47.0,37.6,45.42232785814056,0.0,31-75,32.42669835744217,33.20893114325623,30.15558196453514,33.915581964535136,30.9378147503492,33.915581964535136,RISCO,62.4,66.08441803546486,64.24220901773243,64.61065082127891,63.873767214185946,64.9790926248254,63.50532541063946
5,223,54.8152717471319,100.0,46.0,36.8,45.1847282528681,0.0,31-75,31.955418475860423,32.79389130114724,29.696182063217023,33.37618206321702,30.53465488850383,33.37618206321702,RISCO,63.2,66.62381793678298,64.91190896839149,65.25429076206979,64.5695271747132,65.59667255574809,64.2271453810349
5,224,55.339528565615744,100.0,45.0,36.0,44.660471434384256,0.0,31-75,31.39814143031528,32.26418857375371,29.165117858596066,32.765117858596064,30.03116500203449,32.765117858596064,RISCO,64.0,67.23488214140394,65.61744107070197,65.94092928484237,65.29395285656157,66.26441749898275,64.97046464242118
5,225,55.54664371732942,100.0,44.0,35.199999999999996,44.45335628267058,0.0,31-75,30.936006884801174,31.86134251306824,28.713339070667644,32.23333907066764,29.6386746989347,32.23333907066764,RISCO,64.80000000000001,67.76666092933236,66.2833304646662,66.57999655759942,65.98666437173296,66.87666265053265,65.68999827879972
5,226,55.67054155814285,100.0,43.0,34.4,44.32945844185715,0.0,31-75,30.498837532557143,31.49178337674286,28.282364610464285,31.72236461046428,29.27531045465,31.72236461046428,RISCO,65.6,68.27763538953572,66.93881769476786,67.20658123372142,66.67105415581429,67.474344772675,66.40329061686072
5,227,56.34633722217791,100.0,42.0,33.6,43.65366277782209,0.0,31-75,29.896098833346628,30.90146511112884,27.713415694455524,31.073415694455523,28.71878197223773,31.073415694455523,RISCO,66.4,68.92658430554448,67.66329215277224,67.91595058332669,67.4106337222178,68.16860901388114,67.15797529166335
5,228,56.83123491883812,100.0,41.0,32.800000000000004,43.16876508116188,0.0,31-75,29.35062952434857,30.38750603246476,27.192191270290472,30.47219127029048,28.22906777840666,30.47219127029048,RISCO,67.19999999999999,69.52780872970952,68.36390436485476,68.59668523782571,68.1311234918838,68.82946611079666,67.89834261891285
5,229,56.94517510086627,100.0,40.0,32.0,43.05482489913373,0.0,31-75,28.91644746974012,30.02192995965349,26.76370622478344,29.96370622478343,27.869188714696804,29.96370622478343,CRITICO,68.0,70.03629377521656,69.01814688760828,69.22177626512993,68.81451751008663,69.42540564265158,68.61088813256497
5,230,57.54388365931067,100.0,39.0,31.2,42.45611634068933,0.0,31-75,28.3368349022068,29.46244653627573,26.21402908517233,29.33402908517233,27.339640719241263,29.33402908517233,CRITICO,68.8,70.66597091482767,69.73298545741383,69.9195825488966,69.54638836593107,70.10617964037937,69.3597912744483
5,231,58.14831051413944,100.0,38.0,30.4,41.85168948586056,0.0,31-75,27.75550684575817,28.900675794344224,25.66292237146514,28.70292237146514,26.8080913200512,28.70292237146514,CRITICO,69.6,71.29707762853486,70.44853881426744,70.61824657712091,70.27883105141395,70.7879543399744,70.10912328856045
5,232,58.90175260712485,100.0,37.0,29.599999999999998,41.09824739287515,0.0,31-75,27.129474217862544,28.27929895715006,25.074561848218785,28.034561848218782,26.224386587506302,28.034561848218782,CRITICO,70.4,71.96543815178121,71.18271907589062,71.33926289106873,71.02617526071249,71.49580670624685,70.86963144553437
5,233,59.6628873919889,100.0,36.0,28.799999999999997,40.3371126080111,0.0,31-75,26.50113378240333,27.65484504320444,24.484278152002773,27.36427815200277,25.637989412803883,27.36427815200277,CRITICO,71.2,72.63572184799723,71.91786092399862,72.06143310879834,71.7742887391989,72.20500529359805,71.63071655439916
5,234,60.01679432515436,100.0,35.0,28.000000000000004,39.98320567484564,0.0,31-75,25.994961702453693,27.19328226993826,23.99580141871141,26.795801418711413,25.194121986195977,26.795801418711413,CRITICO,72.0,73.20419858128858,72.60209929064429,72.72251914877315,72.48167943251542,72.842939006902,72.36125957438657
5,235,60.67505139676102,100.0,34.0,27.200000000000003,39.32494860323898,0.0,31-75,25.39748458097169,26.6099794412956,23.431237150809743,26.151237150809745,24.643732011133643,26.151237150809745,CRITICO,72.8,73.84876284919025,73.32438142459512,73.42925770951415,73.2195051396761,73.53413399443318,73.11462885475707
5,236,61.50124544016287,100.0,33.0,26.400000000000002,38.49875455983713,0.0,31-75,24.74962636795114,25.959501823934858,22.824688639959284,25.464688639959284,24.034564095943,25.464688639959284,CRITICO,73.6,74.53531136004071,74.06765568002035,74.16118681602441,73.97412454401628,74.2547179520285,73.8805934080122
5,237,62.52368162332596,100.0,32.0,25.6,37.47631837667404,0.0,31-75,24.04289551300221,25.23052735066961,22.169079594168508,24.72907959416851,23.35671143183591,24.72907959416851,CRITICO,74.4,75.27092040583149,74.83546020291575,74.9225522434989,74.7483681623326,75.00964428408204,74.66127612174944
5,238,62.91341984334696,100.0,31.0,24.8,37.08658015665304,0.0,31-75,23.52597404699592,24.75463206266122,21.67164503916326,24.15164503916326,22.90030305482857,24.15164503916326,CRITICO,75.2,75.84835496083674,75.52417748041837,75.58901297650205,75.4593419843347,75.65384847258572,75.39450648825103
5,239,63.46953574168654,100.0,30.0,24.0,36.53046425831346,0.0,0-30,22.95913927749404,24.212185703325385,21.132616064578365,23.532616064578363,22.38566249040971,23.532616064578363,CRITICO,76.0,76.46738393542164,76.23369196771083,76.28043036125298,76.18695357416865,76.32716875479514,76.14021518062648
5,240,64.66878356490966,100.0,29.0,23.200000000000003,35.33121643509034,0.0,0-30,22.199364930527103,23.412486574036137,20.432804108772583,22.752804108772587,21.64592575228162,22.752804108772587,CRITICO,76.8,77.24719589122742,77.02359794561372,77.06831753473645,76.97887835649097,77.11303712385919,76.93415876736822
5,241,65.5892206674194,100.0,28.0,22.400000000000002,34.4107793325806,0.0,0-30,21.523233799774182,22.724311733032245,19.80269483314516,22.042694833145152,21.00377276640321,22.042694833145152,CRITICO,77.6,77.95730516685485,77.77865258342743,77.8143831001129,77.74292206674194,77.8501136167984,77.70719155005645
5,242,66.83682787570042,100.0,27.0,21.6,33.16317212429958,0.0,0-30,20.74895163728988,21.905268849719832,19.09079303107489,21.25079303107489,20.247110243504853,21.25079303107489,CRITICO,78.4,78.74920696892511,78.57460348446256,78.60952418135507,78.53968278757004,78.64444487824757,78.50476209067753
5,243,68.02275305288481,100.0,26.0,20.8,31.97724694711519,0.0,0-30,19.99317408413456,21.11089877884608,18.3943117367788,20.4743117367788,19.51203643149032,20.4743117367788,CRITICO,79.2,79.5256882632212,79.3628441316106,79.39541295793272,79.33027530528848,79.42798178425484,79.29770647896636
5,244,69.22617211920337,100.0,25.0,20.0,30.77382788079663,0.0,0-30,19.232148364238988,20.30953115231865,17.693456970199158,19.69345697019916,18.77083975827881,19.69345697019916,CRITICO,80.0,80.30654302980084,80.15327151490041,80.18392581788049,80.12261721192033,80.21458012086057,80.09196290894025
5,245,70.08216250474243,100.0,24.0,19.2,29.91783749525757,0.0,0-30,18.57535124857727,19.647134998103027,17.079459373814394,18.9994593738144,18.15124312334015,18.9994593738144,CRITICO,80.8,81.0005406261856,80.90027031309279,80.92032437571136,80.88021625047423,80.94037843832992,80.86016218785568
5,246,71.6626740806413,100.0,23.0,18.4,28.337325919358705,0.0,0-30,17.70119777580761,18.69493036774348,16.284331479839675,18.124331479839675,17.278064071775546,18.124331479839675,CRITICO,81.6,81.87566852016033,81.73783426008016,81.7654011120962,81.71026740806413,81.79296796411222,81.68270055604809
5,247,72.92915565835628,100.0,22.0,17.599999999999998,27.07084434164372,0.0,0-30,16.921253302493113,17.868337736657487,15.567711085410927,17.32771108541093,16.5147955195753,17.32771108541093,CRITICO,82.4,82.67228891458907,82.53614445729454,82.56337334875344,82.50891556583564,82.59060224021235,82.48168667437672
5,248,74.54959153344129,100.0,21.0,16.8,25.45040846655872,0.0,0-30,16.035122539967613,16.900163386623486,14.76260211663968,16.442602116639677,15.62764296329555,16.442602116639677,CRITICO,83.2,83.55739788336032,83.37869894168017,83.4144387300162,83.34295915334414,83.45017851835223,83.3072193650081
5,249,76.13790489854397,100.0,20.0,16.0,23.862095101456035,0.0,0-30,15.158628530436811,15.944838040582416,13.965523775364009,15.565523775364008,14.751733285509612,15.565523775364008,CRITICO,84.0,84.43447622463599,84.217238112318,84.26068573478159,84.1737904898544,84.30413335724519,84.1303428673908
5,250,78.01895246396019,100.0,19.0,15.2,21.98104753603981,0.0,0-30,14.194314260811945,14.872419014415923,13.095261884009952,14.615261884009952,13.773366637613933,14.615261884009952,CRITICO,84.8,85.38473811599005,85.09236905799503,85.15084286959403,85.03389524639601,85.20931668119303,84.975421434797
5,251,79.5991186536931,100.0,18.0,14.399999999999999,20.400881346306903,0.0,0-30,13.32026440389207,13.920352538522762,12.300220336576723,13.740220336576725,12.900308471207415,13.740220336576725,CRITICO,85.6,86.25977966342327,85.92988983171163,85.99586779805396,85.8639118653693,86.06184576439628,85.79793389902697
5,252,81.1408825849713,100.0,17.0,13.600000000000001,18.859117415028702,0.0,0-30,12.457735224508612,12.983646966011484,11.514779353757175,12.874779353757177,12.040691095260048,12.874779353757177,CRITICO,86.4,87.12522064624282,86.76261032312141,86.83513238774569,86.69008825849713,86.90765445236997,86.61756619387285
5,253,83.23245871792338,100.0,16.0,12.8,16.76754128207662,0.0,0-30,11.430262384622988,11.82701651283065,10.591885320519156,11.871885320519157,10.988639448726818,11.871885320519157,CRITICO,87.2,88.12811467948084,87.66405733974042,87.7568688076885,87.57124587179234,87.84968027563659,87.47843440384425
5,254,85.4048743722694,100.0,15.0,12.0,14.595125627730596,0.0,0-30,10.378537688319176,10.638050251092238,9.648781406932647,10.848781406932648,9.90829396970571,10.848781406932648,CRITICO,88.0,89.15121859306736,88.57560929653368,88.69073115584041,88.46048743722693,88.80585301514714,88.3453655779202
5,255,87.30721454246353,100.0,14.0,11.200000000000001,12.692785457536472,0.0,0-30,9.40783563726094,9.55711418301459,8.77319636438412,9.89319636438412,8.922474910137765,9.89319636438412,CRITICO,88.8,90.10680363561588,89.45340181780793,89.58408218136952,89.32272145424635,89.7147625449311,89.19204109068475
5,256,90.12325598665768,100.0,13.0,10.4,9.876744013342318,0.0,0-30,8.163023204002695,8.110697605336927,7.66918600333558,8.70918600333558,7.616860404669811,8.70918600333558,CRITICO,89.6,91.29081399666443,90.4454069983322,90.61448839799866,90.27632559866578,90.7835697976651,90.10724419899933
5,257,92.44227875527582,100.0,12.0,9.6,7.557721244724178,0.0,0-30,7.067316373417253,6.863088497889671,6.689430311181044,7.649430311181044,6.485202435653462,7.649430311181044,CRITICO,90.4,92.35056968881895,91.37528484440948,91.57034181329138,91.18022787552758,91.76539878217326,90.98517090664569
5,258,94.85678137414168,100.0,11.0,8.799999999999999,5.143218625858324,0.0,0-30,5.942965587757497,5.577287450343329,5.6858046564645806,6.5658046564645804,5.320126519050413,6.5658046564645804,CRITICO,91.2,93.43419534353542,92.31709767176771,92.54051720612125,92.09367813741417,92.76393674047479,91.87025860306062
5,259,98.15124385915634,100.0,10.0,8.0,1.848756140843662,0.0,0-30,4.554626842253098,3.9395024563374648,4.462189035210916,5.262189035210915,3.847064649295282,5.262189035210915,CRITICO,92.0,94.73781096478909,93.36890548239455,93.64268657887345,93.09512438591562,93.91646767535235,92.82134328943673
5,260,99.97447303533266,100.0,9.0,7.199999999999999,0.0255269646673355,0.0,0-30,3.6076580894002,2.890210785866934,3.6063817411668335,4.326381741166833,2.8889344376335675,4.326381741166833,CRITICO,92.8,95.67361825883317,94.23680912941659,94.5241709552999,93.94944730353328,94.81153278118322,93.66208547764995
5,261,100.0,100.0,8.0,6.4,0.0,0.0,0-30,3.2,2.5600000000000005,3.2,3.84,2.5600000000000005,3.84,CRITICO,93.6,96.16,94.88,95.136,94.624,95.392,94.368
5,262,100.0,100.0,7.0,5.6000000000000005,0.0,0.0,0-30,2.8000000000000003,2.24,2.8000000000000003,3.3600000000000003,2.24,3.3600000000000003,CRITICO,94.4,96.64,95.52000000000001,95.744,95.296,95.96799999999999,95.072
5,263,100.0,100.0,6.0,4.8,0.0,0.0,0-30,2.4,1.92,2.4,2.88,1.92,2.88,CRITICO,95.2,97.12,96.16,96.352,95.968,96.544,95.776
5,264,100.0,100.0,5.0,4.0,0.0,0.0,0-30,2.0,1.6,2.0,2.4,1.6,2.4,CRITICO,96.0,97.6,96.8,96.96000000000001,96.63999999999999,97.11999999999999,96.47999999999999
5,265,100.0,100.0,4.0,3.2,0.0,0.0,0-30,1.6,1.2800000000000002,1.6,1.92,1.2800000000000002,1.92,CRITICO,96.8,98.08,97.44,97.568,97.312,97.696,97.184
5,266,100.0,100.0,3.0,2.4,0.0,0.0,0-30,1.2,0.96,1.2,1.44,0.96,1.44,CRITICO,97.6,98.56,98.08,98.17599999999999,97.98400000000001,98.27199999999999,97.88799999999999
5,267,100.0,100.0,2.0,1.6,0.0,0.0,0-30,0.8,0.6400000000000001,0.8,0.96,0.6400000000000001,0.96,CRITICO,98.4,99.04,98.72,98.784,98.656,98.848,98.592
5,268,100.0,100.0,1.0,0.8,0.0,0.0,0-30,0.4,0.32,0.4,0.48,0.32,0.48,CRITICO,99.2,99.52,99.36,99.392,99.328,99.42399999999998,99.29599999999999
5,269,100.0,100.0,0.0,0.0,0.0,0.0,0-30,0.0,0.0,0.0,0.0,0.0,0.0,CRITICO,100.0,100.0,100.0,100.0,100.0,100.0,100.0
11,39,50.05354762809664,35.327405639874826,201.0,100.0,49.94645237190336,64.67259436012517,RUL > 125,77.91845458359604,72.91309982078639,78.65476168300714,82.18750224699463,73.64940692019746,82.18750224699463,SAUDAVEL,0.0,17.812497753005374,8.906248876502687,10.687498651803224,7.12499910120215,12.468748427103762,5.343749325901612
11,40,42.92767276473658,18.78923753316542,200.0,100.0,57.07232723526342,81.21076246683458,RUL > 125,83.36385066394594,79.07108338747229,84.5707724255245,86.44969617884104,80.27800514905084,86.44969617884104,SAUDAVEL,0.0,13.550303821158963,6.775151910579481,8.130182292695377,5.420121528463586,9.485212674811272,4.065091146347688
11,41,36.89154939150469,11.145740695947705,199.0,100.0,63.10845060849531,88.85425930405229,RUL > 125,86.70338704335904,83.01423210420859,87.9906774781369,89.10525154773168,84.30152253898643,89.10525154773168,SAUDAVEL,0.0,10.894748452268317,5.4473742261341584,6.53684907136099,4.357899380907327,7.626323916587821,3.268424535680495
11,42,44.34449921657567,16.216798430784095,198.0,100.0,55.65550078342433,83.7832015692159,RUL > 125,83.45329054887048,79.01884062721291,84.85967558816006,86.48135543123847,80.4252256665025,86.48135543123847,SAUDAVEL,0.0,13.51864456876153,6.759322284380765,8.111186741256917,5.407457827504612,9.463051198133071,4.055593370628459
11,43,42.434097559579584,9.559326276435558,197.0,100.0,57.565902440420416,90.44067372356444,RUL > 125,85.35790547683901,81.11449572088105,87.00164404099621,87.95757666863977,82.75823428503826,87.95757666863977,SAUDAVEL,0.0,12.042423331360226,6.021211665680113,7.2254539988161355,4.81696933254409,8.429696331952158,3.6127269994080677
11,44,24.06825271336682,0.0,196.0,100.0,75.93174728663318,100.0,RUL > 125,92.77952418598996,90.37269891465328,93.9829368216583,93.9829368216583,91.5761115503216,93.9829368216583,SAUDAVEL,0.0,6.017063178341701,3.0085315891708504,3.61023790700502,2.4068252713366807,4.21194422483919,1.80511895350251
11,45,20.520440577802287,0.0,195.0,100.0,79.47955942219771,100.0,RUL > 125,93.8438678266593,91.79182376887908,94.86988985554945,94.86988985554945,92.8178457977692,94.86988985554945,SAUDAVEL,0.0,5.130110144450555,2.5650550722252774,3.078066086670333,2.052044057780222,3.591077101115388,1.5390330433351664
11,46,22.26235234776881,0.0,194.0,100.0,77.73764765223119,100.0,RUL > 125,93.32129429566936,91.09505906089248,94.4344119130578,94.4344119130578,92.20817667828092,94.4344119130578,SAUDAVEL,0.0,5.565588086942199,2.7827940434710996,3.3393528521653195,2.2262352347768797,3.895911660859539,1.6696764260826598
11,47,10.379164848215977,0.0,193.0,100.0,89.62083515178402,100.0,RUL > 125,96.8862505455352,95.8483340607136,97.405208787946,97.405208787946,96.3672923031244,97.405208787946,SAUDAVEL,0.0,2.5947912120540053,1.2973956060270027,1.556874727232403,1.0379164848216023,1.8163538484378037,0.7784373636162015
11,48,16.212411730616484,0.0,192.0,100.0,83.78758826938352,100.0,RUL > 125,95.13627648081506,93.5150353077534,95.94689706734589,95.94689706734589,94.32565589428422,95.94689706734589,SAUDAVEL,0.0,4.053102932654113,2.0265514663270565,2.4318617595924676,1.6212411730616454,2.8371720528578788,1.2159308797962338
11,49,18.362625294231304,0.0,191.0,100.0,81.63737470576869,100.0,RUL > 125,94.4912124117306,92.65494988230748,95.40934367644218,95.40934367644218,93.57308114701904,95.40934367644218,SAUDAVEL,0.0,4.590656323557823,2.2953281617789116,2.754393794134694,1.8362625294231294,3.213459426490476,1.377196897067347
11,50,41.151597970966826,0.0,190.0,100.0,58.84840202903317,100.0,RUL > 125,87.65452060870996,83.53936081161328,89.7121005072583,89.7121005072583,85.59694071016162,89.7121005072583,SAUDAVEL,0.0,10.287899492741701,5.143949746370851,6.172739695645021,4.1151597970966804,7.20152964491919,3.0863698478225103
11,51,40.81426046890989,0.0,189.0,100.0,59.18573953109011,100.0,RUL > 125,87.75572185932702,83.67429581243604,89.79643488277253,89.79643488277253,85.71500883588153,89.79643488277253,SAUDAVEL,0.0,10.20356511722747,5.101782558613735,6.122139070336481,4.081426046890988,7.142495582059229,3.0610695351682407
11,52,44.04910532227717,22.010442413461146,188.0,100.0,55.95089467772283,77.98955758653885,RUL > 125,82.38317992062463,77.97826938839691,83.48511306606542,85.68615730741153,79.0802025338377,85.68615730741153,SAUDAVEL,0.0,14.313842692588466,7.156921346294233,8.588305615553079,5.725537077035387,10.019689884811925,4.294152807776539
11,53,33.409559207560974,42.06164432434,187.0,100.0,66.59044079243903,57.93835567566,RUL > 125,81.56480337286371,78.2238474521076,81.13219911702475,85.33836354945876,77.79124319626865,85.33836354945876,SAUDAVEL,0.0,14.661636450541238,7.330818225270619,8.796981870324743,5.864654580216495,10.263145515378866,4.398490935162371
11,54,41.24250559844321,51.11812794968182,186.0,100.0,58.75749440155679,48.88187205031818,RUL > 125,77.40362273053067,73.27937217068636,76.90984161296875,82.02165440793694,72.78559105312442,82.02165440793694,SAUDAVEL,0.0,17.978345592063064,8.989172796031532,10.787007355237838,7.191338236825226,12.584841914444144,5.393503677618919
11,55,10.053095778094177,25.868611501150184,185.0,100.0,89.94690422190583,74.13138849884982,RUL > 125,91.8103489663417,90.8050393885323,91.0195731801889,93.60643433030393,90.01426360237949,93.60643433030393,SAUDAVEL,0.0,6.393565669696073,3.1967828348480367,3.836139401817644,2.5574262678784296,4.475495968787251,1.918069700908822
11,56,6.320159403595896,1.248798088135739,184.0,100.0,93.6798405964041,98.75120191186426,RUL > 125,97.85419256129408,97.2221766209345,98.1077606270671,98.23264043588068,97.4757446867075,98.23264043588068,SAUDAVEL,0.0,1.7673595641193174,0.8836797820596587,1.0604157384715904,0.706943825647727,1.2371516948835222,0.5302078692357952
11,57,4.522218485952038,0.0,183.0,100.0,95.47778151404796,100.0,RUL > 125,98.64333445421438,98.1911126056192,98.86944537851198,98.86944537851198,98.41722352991678,98.86944537851198,SAUDAVEL,0.0,1.1305546214880167,0.5652773107440083,0.67833277289281,0.4522218485952067,0.7913882350416116,0.339166386446405
11,58,0.0,0.0,182.0,100.0,100.0,100.0,RUL > 125,100.0,100.0,100.0,100.0,100.0,100.0,SAUDAVEL,0.0,0.0,0.0,0.0,0.0,0.0,0.0
11,59,0.0,0.0,181.0,100.0,100.0,100.0,RUL > 125,100.0,100.0,100.0,100.0,100.0,100.0,SAUDAVEL,0.0,0.0,0.0,0.0,0.0,0.0,0.0
11,60,0.0,0.0,180.0,100.0,100.0,100.0,RUL > 125,100.0,100.0,100.0,100.0,100.0,100.0,SAUDAVEL,0.0,0.0,0.0,0.0,0.0,0.0,0.0
11,61,0.0,0.0,179.0,100.0,100.0,100.0,RUL > 125,100.0,100.0,100.0,100.0,100.0,100.0,SAUDAVEL,0.0,0.0,0.0,0.0,0.0,0.0,0.0
11,62,0.0,0.0,178.0,100.0,100.0,100.0,RUL > 125,100.0,100.0,100.0,100.0,100.0,100.0,SAUDAVEL,0.0,0.0,0.0,0.0,0.0,0.0,0.0
11,63,0.0,0.0,177.0,100.0,100.0,100.0,RUL > 125,100.0,100.0,100.0,100.0,100.0,100.0,SAUDAVEL,0.0,0.0,0.0,0.0,0.0,0.0,0.0
11,64,0.0,0.0,176.0,100.0,100.0,100.0,RUL > 125,100.0,100.0,100.0,100.0,100.0,100.0,SAUDAVEL,0.0,0.0,0.0,0.0,0.0,0.0,0.0
11,65,0.0,0.0,175.0,100.0,100.0,100.0,RUL > 125,100.0,100.0,100.0,100.0,100.0,100.0,SAUDAVEL,0.0,0.0,0.0,0.0,0.0,0.0,0.0
11,66,0.0,0.0,174.0,100.0,100.0,100.0,RUL > 125,100.0,100.0,100.0,100.0,100.0,100.0,SAUDAVEL,0.0,0.0,0.0,0.0,0.0,0.0,0.0
11,67,0.0,0.0,173.0,100.0,100.0,100.0,RUL > 125,100.0,100.0,100.0,100.0,100.0,100.0,SAUDAVEL,0.0,0.0,0.0,0.0,0.0,0.0,0.0
11,68,0.0,0.0,172.0,100.0,100.0,100.0,RUL > 125,100.0,100.0,100.0,100.0,100.0,100.0,SAUDAVEL,0.0,0.0,0.0,0.0,0.0,0.0,0.0
11,69,0.0,0.0,171.0,100.0,100.0,100.0,RUL > 125,100.0,100.0,100.0,100.0,100.0,100.0,SAUDAVEL,0.0,0.0,0.0,0.0,0.0,0.0,0.0
11,70,0.0,0.0,170.0,100.0,100.0,100.0,RUL > 125,100.0,100.0,100.0,100.0,100.0,100.0,SAUDAVEL,0.0,0.0,0.0,0.0,0.0,0.0,0.0
11,71,0.0,1.3879864347160331,169.0,100.0,100.0,98.61201356528396,RUL > 125,99.7224027130568,99.7224027130568,99.653003391321,99.7918020347926,99.653003391321,99.7918020347926,SAUDAVEL,0.0,0.20819796520740397,0.10409898260370198,0.12491877912444238,0.08327918608296159,0.14573857564518278,0.06245938956222119
11,72,0.0,0.6495737782447297,168.0,100.0,100.0,99.35042622175528,RUL > 125,99.87008524435106,99.87008524435106,99.8376065554388,99.9025639332633,99.8376065554388,99.9025639332633,SAUDAVEL,0.0,0.09743606673670513,0.048718033368352565,0.058461640042023075,0.038974426694682054,0.06820524671569358,0.029230820021011537
11,73,0.0,0.0,167.0,100.0,100.0,100.0,RUL > 125,100.0,100.0,100.0,100.0,100.0,100.0,SAUDAVEL,0.0,0.0,0.0,0.0,0.0,0.0,0.0
11,74,0.0,0.0,166.0,100.0,100.0,100.0,RUL > 125,100.0,100.0,100.0,100.0,100.0,100.0,SAUDAVEL,0.0,0.0,0.0,0.0,0.0,0.0,0.0
11,75,0.0,0.0,165.0,100.0,100.0,100.0,RUL > 125,100.0,100.0,100.0,100.0,100.0,100.0,SAUDAVEL,0.0,0.0,0.0,0.0,0.0,0.0,0.0
11,76,0.0,0.0,164.0,100.0,100.0,100.0,RUL > 125,100.0,100.0,100.0,100.0,100.0,100.0,SAUDAVEL,0.0,0.0,0.0,0.0,0.0,0.0,0.0
11,77,0.0,1.9161760345336056,163.0,100.0,100.0,98.0838239654664,RUL > 125,99.61676479309328,99.61676479309328,99.5209559913666,99.71257359481996,99.5209559913666,99.71257359481996,SAUDAVEL,0.0,0.28742640518004237,0.14371320259002118,0.17245584310802542,0.11497056207201695,0.20119848362602966,0.08622792155401271
11,78,0.0,12.212132167782055,162.0,100.0,100.0,87.78786783221794,RUL > 125,97.5575735664436,97.5575735664436,96.94696695805447,98.16818017483268,96.94696695805447,98.16818017483268,SAUDAVEL,0.0,1.8318198251673152,0.9159099125836576,1.0990918951003892,0.7327279300669262,1.2822738776171205,0.5495459475501946
11,79,0.0,2.293614001531024,161.0,100.0,100.0,97.70638599846896,RUL > 125,99.5412771996938,99.5412771996938,99.42659649961725,99.65595789977034,99.42659649961725,99.65595789977034,SAUDAVEL,0.0,0.3440421002296574,0.1720210501148287,0.20642526013779444,0.13761684009186298,0.24082947016076017,0.10321263006889722
11,80,0.0,0.0,160.0,100.0,100.0,100.0,RUL > 125,100.0,100.0,100.0,100.0,100.0,100.0,SAUDAVEL,0.0,0.0,0.0,0.0,0.0,0.0,0.0
11,81,0.0,0.0,159.0,100.0,100.0,100.0,RUL > 125,100.0,100.0,100.0,100.0,100.0,100.0,SAUDAVEL,0.0,0.0,0.0,0.0,0.0,0.0,0.0
11,82,0.0,0.0,158.0,100.0,100.0,100.0,RUL > 125,100.0,100.0,100.0,100.0,100.0,100.0,SAUDAVEL,0.0,0.0,0.0,0.0,0.0,0.0,0.0
11,83,0.0,0.0,157.0,100.0,100.0,100.0,RUL > 125,100.0,100.0,100.0,100.0,100.0,100.0,SAUDAVEL,0.0,0.0,0.0,0.0,0.0,0.0,0.0
11,84,0.0,0.0,156.0,100.0,100.0,100.0,RUL > 125,100.0,100.0,100.0,100.0,100.0,100.0,SAUDAVEL,0.0,0.0,0.0,0.0,0.0,0.0,0.0
11,85,0.0,0.0,155.0,100.0,100.0,100.0,RUL > 125,100.0,100.0,100.0,100.0,100.0,100.0,SAUDAVEL,0.0,0.0,0.0,0.0,0.0,0.0,0.0
11,86,0.0,0.0,154.0,100.0,100.0,100.0,RUL > 125,100.0,100.0,100.0,100.0,100.0,100.0,SAUDAVEL,0.0,0.0,0.0,0.0,0.0,0.0,0.0
11,87,0.0,0.0,153.0,100.0,100.0,100.0,RUL > 125,100.0,100.0,100.0,100.0,100.0,100.0,SAUDAVEL,0.0,0.0,0.0,0.0,0.0,0.0,0.0
11,88,0.0,19.459819320018862,152.0,100.0,100.0,80.54018067998113,RUL > 125,96.10803613599624,96.10803613599624,95.13504516999528,97.08102710199717,95.13504516999528,97.08102710199717,SAUDAVEL,0.0,2.918972898002835,1.4594864490014174,1.7513837388017008,1.167589159201134,2.0432810286019842,0.8756918694008504
11,89,0.0,38.264205234727015,151.0,100.0,100.0,61.735794765272985,RUL > 125,92.3471589530546,92.3471589530546,90.43394869131824,94.26036921479094,90.43394869131824,94.26036921479094,SAUDAVEL,0.0,5.739630785209059,2.8698153926045293,3.443778471125435,2.2958523140836236,4.017741549646341,1.7218892355627176
11,90,0.0,30.713457304147763,150.0,100.0,100.0,69.28654269585223,RUL > 125,93.85730853917045,93.85730853917045,92.32163567396306,95.39298140437784,92.32163567396306,95.39298140437784,SAUDAVEL,0.0,4.607018595622165,2.3035092978110825,2.764211157373299,1.8428074382488662,3.224913016935515,1.3821055786866494
11,91,0.0,12.789982377761838,149.0,100.0,100.0,87.21001762223815,RUL > 125,97.44200352444764,97.44200352444764,96.80250440555956,98.08150264333572,96.80250440555956,98.08150264333572,SAUDAVEL,0.0,1.9184973566642753,0.9592486783321377,1.1510984139985652,0.7673989426657102,1.3429481496649927,0.5755492069992826
11,92,0.0,0.0,148.0,100.0,100.0,100.0,RUL > 125,100.0,100.0,100.0,100.0,100.0,100.0,SAUDAVEL,0.0,0.0,0.0,0.0,0.0,0.0,0.0
11,93,0.0,0.0,147.0,100.0,100.0,100.0,RUL > 125,100.0,100.0,100.0,100.0,100.0,100.0,SAUDAVEL,0.0,0.0,0.0,0.0,0.0,0.0,0.0
11,94,0.0,0.0,146.0,100.0,100.0,100.0,RUL > 125,100.0,100.0,100.0,100.0,100.0,100.0,SAUDAVEL,0.0,0.0,0.0,0.0,0.0,0.0,0.0
11,95,0.0,0.0,145.0,100.0,100.0,100.0,RUL > 125,100.0,100.0,100.0,100.0,100.0,100.0,SAUDAVEL,0.0,0.0,0.0,0.0,0.0,0.0,0.0
11,96,0.0,2.665032041128933,144.0,100.0,100.0,97.33496795887106,RUL > 125,99.4669935917742,99.4669935917742,99.33374198971777,99.60024519383066,99.33374198971777,99.60024519383066,SAUDAVEL,0.0,0.3997548061693408,0.1998774030846704,0.23985288370160446,0.15990192246773632,0.2798283643185385,0.11992644185080223
11,97,0.0,0.6541943270545297,143.0,100.0,100.0,99.34580567294547,RUL > 125,99.86916113458908,99.86916113458908,99.83645141823636,99.90187085094182,99.83645141823636,99.90187085094182,SAUDAVEL,0.0,0.09812914905818104,0.04906457452909052,0.05887748943490862,0.03925165962327242,0.06869040434072672,0.02943874471745431
11,98,0.0,3.3082804548510563,142.0,100.0,100.0,96.69171954514894,RUL > 125,99.3383439090298,99.3383439090298,99.17292988628724,99.50375793177234,99.17292988628724,99.50375793177234,SAUDAVEL,0.0,0.4962420682276587,0.24812103411382935,0.2977452409365952,0.1984968272910635,0.34736944775936107,0.1488726204682976
11,99,0.0,12.865793604538062,141.0,100.0,100.0,87.13420639546194,RUL > 125,97.4268412790924,97.4268412790924,96.78355159886549,98.07013095931929,96.78355159886549,98.07013095931929,SAUDAVEL,0.0,1.929869040680714,0.964934520340357,1.1579214244084284,0.7719476162722856,1.3509083284764998,0.5789607122042142
11,100,0.0,14.053861694597796,140.0,100.0,100.0,85.9461383054022,RUL > 125,97.18922766108044,97.18922766108044,96.48653457635056,97.89192074581032,96.48653457635056,97.89192074581032,SAUDAVEL,0.0,2.1080792541896756,1.0540396270948378,1.2648475525138052,0.8432317016758702,1.4756554779327729,0.6324237762569026
11,101,0.0,0.0,139.0,100.0,100.0,100.0,RUL > 125,100.0,100.0,100.0,100.0,100.0,100.0,SAUDAVEL,0.0,0.0,0.0,0.0,0.0,0.0,0.0
11,102,0.0,0.0,138.0,100.0,100.0,100.0,RUL > 125,100.0,100.0,100.0,100.0,100.0,100.0,SAUDAVEL,0.0,0.0,0.0,0.0,0.0,0.0,0.0
11,103,0.0,0.0,137.0,100.0,100.0,100.0,RUL > 125,100.0,100.0,100.0,100.0,100.0,100.0,SAUDAVEL,0.0,0.0,0.0,0.0,0.0,0.0,0.0
11,104,0.0,0.0,136.0,100.0,100.0,100.0,RUL > 125,100.0,100.0,100.0,100.0,100.0,100.0,SAUDAVEL,0.0,0.0,0.0,0.0,0.0,0.0,0.0
11,105,0.0,0.0,135.0,100.0,100.0,100.0,RUL > 125,100.0,100.0,100.0,100.0,100.0,100.0,SAUDAVEL,0.0,0.0,0.0,0.0,0.0,0.0,0.0
11,106,0.0,0.0,134.0,100.0,100.0,100.0,RUL > 125,100.0,100.0,100.0,100.0,100.0,100.0,SAUDAVEL,0.0,0.0,0.0,0.0,0.0,0.0,0.0
11,107,0.0,0.0,133.0,100.0,100.0,100.0,RUL > 125,100.0,100.0,100.0,100.0,100.0,100.0,SAUDAVEL,0.0,0.0,0.0,0.0,0.0,0.0,0.0
11,108,0.0,8.679823331585437,132.0,100.0,100.0,91.32017666841456,RUL > 125,98.26403533368293,98.26403533368293,97.83004416710364,98.6980265002622,97.83004416710364,98.6980265002622,SAUDAVEL,0.0,1.301973499737798,0.650986749868899,0.7811840998426788,0.5207893998951193,0.9113814498164586,0.3905920499213394
11,109,0.0,34.727947378145174,131.0,100.0,100.0,65.27205262185483,RUL > 125,93.05441052437097,93.05441052437097,91.3180131554637,94.79080789327824,91.3180131554637,94.79080789327824,SAUDAVEL,0.0,5.209192106721758,2.604596053360879,3.125515264033055,2.0836768426887033,3.6464344747052304,1.5627576320165275
11,110,0.0865031015017443,51.96268758798757,130.0,100.0,99.91349689849824,48.03731241201243,RUL > 125,89.58151155195195,89.57286124180179,86.98770232762767,92.18397108642642,86.9790520174775,92.18397108642642,SAUDAVEL,0.0,7.816028913573575,3.9080144567867876,4.689617348144145,3.1264115654294304,5.471220239501502,2.3448086740720724
11,111,7.799990699072031,63.90788720670897,129.0,100.0,92.20000930092796,36.09211279329103,RUL > 125,84.87842534893659,84.0984262790294,82.07303052355475,88.46381924422565,81.29303145364754,88.46381924422565,SAUDAVEL,0.0,11.536180755774353,5.768090377887177,6.921708453464611,4.614472302309742,8.075326529042046,3.4608542267323057
11,112,7.403493929355887,71.99985455473848,128.0,100.0,92.59650607064412,28.000145445261523,RUL > 125,83.37898091024553,82.63863151730995,80.14916287897641,87.34914833445026,79.40881348604083,87.34914833445026,SAUDAVEL,0.0,12.650851665549737,6.325425832774869,7.590510999329842,5.060340666219895,8.855596165884815,3.795255499664921
11,113,13.054746692804676,78.60332282635221,127.0,100.0,86.94525330719533,21.396677173647788,RUL > 125,80.36291142688816,79.0574367576077,77.08548262021078,84.94581490284601,75.78000795093031,84.94581490284601,SAUDAVEL,0.0,15.05418509715399,7.527092548576995,9.032511058292394,6.021674038861597,10.537929568007792,4.516255529146197
11,114,4.95234168747448,73.35517004842654,126.0,100.0,95.04765831252551,26.644829951573456,RUL > 125,83.84326348407234,83.34802931532491,80.42312206602475,87.7586390708674,79.92788789727729,87.7586390708674,SAUDAVEL,0.0,12.241360929132597,6.120680464566298,7.344816557479557,4.8965443716530395,8.568952650392816,3.6724082787397787
11,115,14.144296742528851,73.40896597398859,125.0,100.0,85.85570325747115,26.59103402601141,76-125,81.07491778244362,79.66048810819073,78.11168432087064,85.45258091826949,76.69725464661775,85.45258091826949,SAUDAVEL,0.0,14.54741908173051,7.273709540865255,8.728451449038305,5.818967632692204,10.183193357211357,4.3642257245191525
11,116,6.475994662698251,52.31464213435535,124.0,99.2,93.52400533730174,47.68535786564465,76-125,87.19427317431945,86.62667370804964,84.9023408007366,90.05380501417213,84.33474133446677,90.05380501417213,SAUDAVEL,0.7999999999999972,9.946194985827873,5.373097492913935,6.287716991496722,4.458477994331147,7.20233649007951,3.5438584957483594
11,117,0.5145022930364523,23.634720205057228,123.0,98.4,99.48549770696354,76.36527979494278,76-125,94.31870527107762,94.42725504177398,93.16269437547658,95.36616639598228,93.27124414617292,95.36616639598228,SAUDAVEL,1.5999999999999943,4.633833604017724,3.116916802008859,3.420300162410632,2.813533441607086,3.723683522812405,2.510150081205313
11,118,19.671641470691338,19.407535416556684,122.0,97.6,80.32835852930866,80.59246458344332,76-125,89.01700047548127,87.28983632841212,89.03020577818799,90.73095931984363,87.30304163111884,90.73095931984363,SAUDAVEL,2.4000000000000057,9.269040680156365,5.8345203400781855,6.5214244080938215,5.14761627206255,7.208328476109457,4.460712204046914
11,119,14.84061429051807,16.376633027110906,121.0,96.8,85.15938570948192,83.6233669728891,76-125,90.6724891074224,89.5084276783706,90.59568817059277,91.91335147330383,89.43162674154095,91.91335147330383,SAUDAVEL,3.200000000000003,8.086648526696166,5.6433242633480845,6.1319891160177,5.154659410678468,6.620653968687317,4.665994558008851
11,120,28.76915633428967,24.320058287501144,120.0,96.0,71.23084366571032,75.67994171249886,76-125,84.50524144221286,82.0283258087839,84.7276963445523,86.7597021733024,82.25078071112334,86.7597021733024,SAUDAVEL,4.0,13.2402978266976,8.6201489133488,9.544178696018559,7.69611913067904,10.468208478688318,6.772089348009279
11,121,32.67876562377033,38.33540674379635,119.0,95.19999999999999,67.32123437622967,61.66459325620365,76-125,80.12928896410963,77.3414124017326,79.84645690810832,83.19999758248795,77.0585803457313,83.19999758248795,SAUDAVEL,4.800000000000011,16.800002417512047,10.80000120875603,12.000001450507233,9.600000967004826,13.200001692258436,8.400000725253621
11,122,27.1116683718368,42.252813303480586,118.0,94.39999999999999,72.8883316281632,57.74718669651941,76-125,80.61593682775283,78.46476999056917,79.85887958117064,83.52416091151869,77.70771274398697,83.52416091151869,SAUDAVEL,5.6000000000000085,16.475839088481308,11.037919544240658,12.125503453088788,9.950335635392529,13.213087361936918,8.862751726544397
11,123,18.74038606005537,41.07448454180901,117.0,93.60000000000001,81.25961393994463,58.92551545819099,76-125,82.9629872736216,81.72894866761607,81.84628234953391,85.3137308037148,80.61224374352837,85.3137308037148,SAUDAVEL,6.3999999999999915,14.686269196285195,10.543134598142593,11.371761517771114,9.714507678514073,12.200388437399635,8.885880758885552
11,124,8.922272860607661,21.59782502186,116.0,92.80000000000001,91.07772713939234,78.40217497814,76-125,89.40375313744572,89.23152585138494,88.76997552938309,90.20975803156908,88.59774824332231,90.20975803156908,SAUDAVEL,7.199999999999989,9.79024196843092,8.495120984215454,8.754145181058547,8.236096787372361,9.01316937790164,7.977072590529268
11,125,24.04875653747914,24.338540482742253,115.0,92.0,75.95124346252086,75.66145951725775,76-125,83.91766494220781,82.3127892884599,83.90317574494466,85.53702979321888,82.29830009119675,85.53702979321888,SAUDAVEL,8.0,14.462970206781122,11.231485103390561,11.877782124068673,10.585188082712449,12.524079144746786,9.938891062034337
11,126,22.17470898827369,15.353230205599957,114.0,91.2,77.8252910117263,84.64676979440004,76-125,85.8769412623979,84.53947036357054,86.21801520153159,86.87333822209159,84.88054430270422,86.87333822209159,SAUDAVEL,8.799999999999997,13.12666177790841,10.963330888954204,11.395997066745045,10.530664711163363,11.828663244535885,10.09799853337252
11,127,26.552941955055008,0.7901051816754742,113.0,90.4,73.447058044945,99.20989481832451,76-125,87.07609637714842,85.3808021816429,88.36423821581738,87.48324873398494,86.66894402031188,87.48324873398494,SAUDAVEL,9.599999999999994,12.516751266015063,11.058375633007529,11.350050759609037,10.766700506406021,11.64172588621054,10.475025379804514
11,128,38.795914388535536,12.274181394281111,112.0,89.60000000000001,61.204085611464464,87.72581860571889,76-125,80.70638940458312,77.86679796572957,82.03247605429584,82.21989419372395,79.19288461544228,82.21989419372395,SAUDAVEL,10.399999999999991,17.780105806276055,14.090052903138023,14.828063483765629,13.352042322510417,15.566074064393234,12.614031741882808
11,129,47.01699565718213,22.07239632624818,111.0,88.8,52.98300434281787,77.92760367375182,76-125,75.88042203759572,72.29872247187751,77.12765200414242,78.21489163676723,73.54595243842421,78.21489163676723,ATENCAO,11.200000000000003,21.785108363232766,16.492554181616384,17.55106501793966,15.434043345293109,18.609575854262935,14.375532508969831
11,130,46.95600303353344,40.427005499007215,110.0,88.0,53.04399696646656,59.57299450099279,76-125,71.82779799013852,68.33219768678518,72.15424786686484,74.99694841676556,68.6586475635115,74.99694841676556,ATENCAO,12.0,25.003051583234438,18.50152579161722,19.801830949940662,17.201220633293776,21.102136108264105,15.90091547497033
11,131,50.07219475578504,67.36808905357157,109.0,87.2,49.92780524421496,32.631910946428434,76-125,65.10472376255018,61.37750428697167,64.23992904766085,69.696737953018,60.51270957208234,69.696737953018,ATENCAO,12.799999999999997,30.303262046982,21.551631023490998,23.301957228189195,19.8013048187928,25.052283432887396,18.050978614094596
11,132,45.15819626388882,74.3324583631638,108.0,86.4,54.84180373611118,25.667541636836205,76-125,64.7860494482006,61.63022982181171,63.32733634323685,69.40058217955323,60.17151671684797,69.40058217955323,ATENCAO,13.599999999999994,30.599417820446774,22.099708910223384,23.799650692268063,20.39976712817871,25.49959247431274,18.699825346134027
11,133,42.94470956063848,66.947863894779,107.0,85.6,57.05529043936152,33.052136105220995,76-125,66.52701435285266,63.67254339678881,65.32685663614564,70.58164302562352,62.472385680081786,70.58164302562352,ATENCAO,14.400000000000006,29.41835697437648,21.909178487188242,23.411014184625888,20.407342789750594,24.912849882063533,18.905507092312945
11,134,50.13310139759996,60.31347065605338,106.0,84.8,49.86689860240004,39.68652934394662,76-125,65.29737544950933,61.80406530974935,64.78835698658666,69.299704052192,61.295046846826665,69.299704052192,ATENCAO,15.200000000000003,30.700295947808,22.950147973904002,24.5001775686848,21.400118379123203,26.0502071634656,19.8500887843424
11,135,50.08662221180924,56.26794513770314,105.0,84.0,49.91337778819076,43.73205486229686,76-125,65.72042430891659,62.31176208773568,65.41135816262191,69.43815267639222,62.002695941440976,69.43815267639222,ATENCAO,16.0,30.56184732360778,23.28092366180389,24.737108394164665,21.824738929443114,26.193293126525443,20.368554197082332
11,136,50.232905759380415,54.50394827544876,104.0,83.2,49.76709424061959,45.49605172455124,76-125,65.62933861709612,62.28604804115808,65.4157864912927,69.18618131883758,62.072495915354665,69.18618131883758,ATENCAO,16.799999999999997,30.813818681162417,23.806909340581207,25.20829120869745,22.405527472464968,26.60967307681369,21.00414560434872
11,137,50.25052577566612,49.5131186914506,103.0,82.39999999999999,49.74947422433388,50.4868813085494,76-125,66.22221852901004,62.95716595144344,66.25908888322081,69.45040075236587,62.994036305654205,69.45040075236587,ATENCAO,17.60000000000001,30.549599247634134,24.07479962381707,25.369759548580483,22.77983969905366,26.664719473343894,21.484879774290246
11,138,50.23609512654947,47.89065835904484,102.0,81.6,49.76390487345053,52.10934164095516,76-125,66.15103979022618,62.967430277571246,66.26831162860142,69.2173774645059,63.08470211594647,69.2173774645059,ATENCAO,18.400000000000006,30.7826225354941,24.591311267747052,25.82957352129646,23.353049014197644,27.067835774845868,22.11478676064823
11,139,50.2489239076236,49.95476344079125,101.0,80.80000000000001,49.7510760923764,50.04523655920875,76-125,65.33437013955468,62.22947774879232,65.34907816289629,68.42455450697541,62.24418577213393,68.42455450697541,ATENCAO,19.19999999999999,31.57544549302459,25.38772274651229,26.625267295814748,24.15017819720983,27.862811845117207,22.912633647907366
11,140,50.147879029428815,39.91953363422085,100.0,80.0,49.85212097057119,60.08046636577915,76-125,66.97172956432719,63.95694166138431,67.48314683408758,69.47510019750966,64.4683589311447,69.47510019750966,ATENCAO,20.0,30.52489980249034,25.26244990124517,26.3149398814942,24.209959920996134,27.367429861743236,23.1574699407471
11,141,50.001175590201306,25.84725689722504,99.0,79.2,49.99882440979869,74.15274310277496,76-125,69.4301959434946,66.51007838447447,70.63789187814342,71.14261756786593,67.7177743191233,71.14261756786593,ATENCAO,20.799999999999997,28.857382432134074,24.828691216067035,25.63442945928044,24.02295297285363,26.44016770249385,23.21721472964022
11,142,49.6428533100572,0.9084674821881982,98.0,78.4,50.3571466899428,99.0915325178118,76-125,74.12545051054519,71.32116517953949,76.56216980193865,74.49301655015746,73.75788447093294,74.49301655015746,ATENCAO,21.599999999999994,25.506983449842537,23.553491724921265,23.94419006990552,23.16279337993701,24.33488841488977,22.772095034952756
11,143,48.72955137331776,0.0,97.0,77.60000000000001,51.27044862668224,100.0,76-125,74.18113458800468,71.5481794506729,76.61761215667056,74.37761215667057,73.98465701933878,74.37761215667057,ATENCAO,22.39999999999999,25.622387843329435,24.011193921664713,24.33343270599766,23.688955137331767,24.655671490330597,23.36671635299882
11,144,50.088164475459486,0.0,96.0,76.8,49.911835524540514,100.0,76-125,73.37355065736216,70.68473420981621,75.87795888113513,73.55795888113514,73.18914243358918,73.55795888113514,ATENCAO,23.200000000000003,26.442041118864864,24.821020559432434,25.14522467131892,24.496816447545946,25.469428783205405,24.172612335659462
11,145,50.14297071416097,0.0,95.0,76.0,49.85702928583903,100.0,76-125,72.9571087857517,70.34281171433562,75.46425732145975,73.06425732145976,72.84996025004367,73.06425732145976,ATENCAO,24.0,26.935742678540237,25.46787133927012,25.76144560712414,25.174297071416092,26.055019874978164,24.880722803562065
11,146,50.13212697222259,0.0,94.0,75.2,49.86787302777741,100.0,76-125,72.56036190833322,70.02714921111097,75.06696825694435,72.58696825694435,72.5337555597221,72.58696825694435,ATENCAO,24.799999999999997,27.413031743055654,26.106515871527826,26.367819045833393,25.84521269722226,26.629122220138953,25.58390952291669
11,147,50.195254409832025,0.0,93.0,74.4,49.804745590167975,100.0,76-125,72.1414236770504,69.6818982360672,74.651186397542,72.091186397542,72.19166095655879,72.091186397542,ATENCAO,25.599999999999994,27.908813602457997,26.754406801228996,26.985288161474795,26.523525440983196,27.216169521720595,26.292644080737393
11,148,50.14333791979198,4.548894561080308,92.0,73.6,49.85666208020802,95.4511054389197,76-125,70.84721971184635,68.47288591986715,73.12694187978192,70.94183133588996,70.75260808780273,70.94183133588996,ATENCAO,26.400000000000006,29.058168664110042,27.729084332055024,27.994901198466028,27.463267465644023,28.26071806487703,27.197450599233015
11,149,50.26617512173208,28.75028077850431,91.0,72.8,49.73382487826792,71.2497192214957,76-125,65.5700913077795,63.26347379560631,66.64588602494089,66.80091410279132,64.33926851276769,66.80091410279132,ATENCAO,27.200000000000003,33.199085897208676,30.19954294860434,30.799451538325208,29.59963435888347,31.399360128046073,28.999725769162602
11,150,50.06585593510246,28.945218981709807,90.0,72.0,49.93414406489754,71.05478101829019,76-125,65.1911994231273,62.984613829617054,66.24723127079693,66.34175316896791,64.04064567728668,66.34175316896791,ATENCAO,28.0,33.65824683103209,30.829123415516044,31.394948098619253,30.263298732412835,31.96077278172246,29.697474049309626
11,151,50.0961679616693,19.55926618114489,89.0,71.2,49.9038320383307,80.44073381885511,76-125,66.65929637527023,64.5296795791033,68.18614146429645,67.26206808241093,66.05652466812953,67.26206808241093,ATENCAO,28.799999999999997,32.737931917589066,30.76896595879453,31.162759150553438,30.375172767035625,31.556552342312344,29.981379575276716
11,152,50.2159616143286,16.917811286406856,88.0,70.39999999999999,49.7840383856714,83.08218871359314,76-125,66.75164925842004,64.69005309698719,68.41655677481613,67.14833790345682,66.35496061338327,67.14833790345682,ATENCAO,29.60000000000001,32.85166209654318,31.225831048271594,31.55099725792591,30.900664838617278,31.876163467580227,30.57549862896296
11,153,50.289460748376825,15.102680783896158,87.0,69.6,49.710539251623175,84.89731921610384,76-125,66.69262561870772,64.70367954387004,68.45196461693175,66.92223269532137,66.46301854209406,66.92223269532137,ATENCAO,30.400000000000006,33.07776730467863,31.738883652339318,32.00666038280718,31.471106921871453,32.27443711327504,31.203330191403587
11,154,50.362806081805694,22.95142270253786,86.0,68.8,49.63719391819431,77.04857729746215,76-125,64.70087363495072,62.78459302677015,66.07144280391411,65.2465850741679,64.15516219573354,65.2465850741679,ATENCAO,31.200000000000003,34.753414925832104,32.97670746291605,33.33204895549926,32.621365970332846,33.687390448082475,32.26602447774963
11,155,50.09946482961729,11.94188313478872,85.0,68.0,49.90053517038271,88.05811686521128,76-125,66.58178392415707,64.77183744119534,68.4896630088985,66.48385132237736,66.67971652593677,66.48385132237736,ATENCAO,32.0,33.51614867762264,32.75807433881132,32.90968920657358,32.60645947104906,33.061304074335844,32.45484460328679
11,156,50.04784902244901,0.0,84.0,67.2,49.95215097755099,100.0,76-125,68.5856452932653,66.8608603910204,71.08803774438775,67.80803774438775,69.36325284214286,67.80803774438775,ATENCAO,32.8,32.19196225561225,32.495981127806125,32.43517735336735,32.5567849022449,32.37437357892858,32.617588676683674
11,157,50.13426634415979,0.0,83.0,66.4,49.86573365584021,100.0,76-125,68.15972009675207,66.50629346233609,70.66643341396005,67.30643341396006,69.01300677954407,67.30643341396006,ATENCAO,33.599999999999994,32.693566586039935,33.146783293019965,33.05613995162396,33.23742663441597,32.96549661022795,33.32806997581198
11,158,50.16140922647638,0.0,82.0,65.60000000000001,49.83859077352362,100.0,76-125,67.75157723205709,66.17543630940946,70.25964769338091,66.81964769338092,68.68350677073327,66.81964769338092,ATENCAO,34.39999999999999,33.180352306619085,33.79017615330954,33.66821138397145,33.91214092264763,33.546246614633354,34.034105691985715
11,159,50.18680016540559,1.0277525927304405,81.0,64.8,49.81319983459441,98.97224740726956,76-125,67.13840943183223,65.63972941529168,69.596361810466,66.17913706973903,68.09768179392543,66.17913706973903,ATENCAO,35.2,33.82086293026097,34.51043146513049,34.37251775815658,34.64834517210439,34.23460405118268,34.78625887907829
11,160,50.19712822291433,0.0,80.0,64.0,49.80287177708567,100.0,76-125,66.9408615331257,65.52114871083427,69.45071794427142,65.85071794427142,68.03100512197999,65.85071794427142,ATENCAO,36.0,34.14928205572858,35.07464102786429,34.88956923343714,35.259712822291434,34.70449743901,35.44478461671857
11,161,48.97452797790675,0.0,79.0,63.2,51.02547202209325,100.0,76-125,66.90764160662798,65.6901888088373,69.35636800552331,65.67636800552332,68.13891520773264,65.67636800552332,ATENCAO,36.8,34.323631994476685,35.56181599723834,35.31417919668601,35.80945279779067,35.06654239613368,36.057089598343005
11,162,49.73867969750522,0.0,78.0,62.4,50.26132030249478,100.0,76-125,66.27839609074843,65.06452812099792,68.7653300756237,65.00533007562369,67.55146210587317,65.00533007562369,ATENCAO,37.6,34.99466992437631,36.29733496218816,36.03680195462579,36.557867969750525,35.776268947063414,36.81840097731289
11,163,43.615583704774224,0.0,77.0,61.6,56.384416295225776,100.0,76-125,67.71532488856774,67.19376651809031,69.89610407380644,66.05610407380644,69.37454570332902,66.05610407380644,ATENCAO,38.4,33.94389592619356,36.171947963096784,35.726337555716135,36.617558370477425,35.28072714833549,37.06316877785807
11,164,27.775566820012752,0.0,76.0,60.8,72.22443317998724,100.0,76-125,72.06732995399616,73.20977327199489,73.45610829499681,69.53610829499681,74.59855161299554,69.53610829499681,ATENCAO,39.2,30.463891705003192,34.8319458525016,33.958335023001915,35.70555668200127,33.08472419350223,36.579167511500955
11,165,34.51225576120941,0.0,75.0,60.0,65.48774423879058,100.0,31-75,69.64632327163717,70.19509769551624,71.37193605969765,67.37193605969765,71.9207104835767,67.37193605969765,ATENCAO,40.0,32.628063940302354,36.31403197015118,35.57683836418141,37.05122557612094,34.83964475821165,37.788419182090706
11,166,14.625664479756148,0.0,74.0,59.199999999999996,85.37433552024385,100.0,31-75,75.21230065607315,77.82973420809753,75.94358388006096,71.86358388006096,78.56101743208535,71.86358388006096,ATENCAO,40.800000000000004,28.136416119939042,34.46820805996953,33.20184967196343,35.73456644797562,31.935491283957326,37.000924835981714
11,167,9.729128359960177,0.0,73.0,58.4,90.27087164003984,100.0,31-75,76.28126149201195,79.46834865601593,76.76771791000996,72.60771791000995,79.95480507401393,72.60771791000995,ATENCAO,41.6,27.392282089990047,34.49614104499503,33.075369253994026,35.91691283599602,31.65459746299303,37.33768462699701
11,168,10.250785212955453,0.0,72.0,57.599999999999994,89.74921478704455,100.0,31-75,75.72476443611336,78.93968591481783,76.23730369676113,71.99730369676114,79.45222517546559,71.99730369676114,ATENCAO,42.400000000000006,28.002696303238864,35.201348151619435,33.76161778194332,36.64107852129555,32.3218874122672,38.08080889097166
11,169,3.1420815119015497,0.0,71.0,56.8,96.85791848809843,100.0,31-75,77.45737554642953,81.46316739523938,77.61447962202462,73.29447962202461,81.62027147083445,73.29447962202461,ATENCAO,43.2,26.70552037797539,34.952760188987696,33.30331222678524,36.602208151190155,31.653864264582772,38.25165611339261
11,170,0.0,0.0,70.0,56.00000000000001,100.0,100.0,31-75,78.0,82.4,78.0,73.6,82.4,73.6,ATENCAO,43.99999999999999,26.400000000000006,35.2,33.44,36.959999999999994,31.68,38.72
11,171,7.414941225289898,0.0,69.0,55.2,92.5850587747101,100.0,31-75,75.37551763241304,79.11402350988405,75.74626469367753,71.26626469367753,79.48477057114853,71.26626469367753,ATENCAO,44.8,28.733735306322473,36.766867653161235,35.16024118379348,38.37349412252899,33.55361471442573,39.980120591896736
11,172,0.0,0.0,68.0,54.400000000000006,100.0,100.0,31-75,77.2,81.76,77.2,72.64,81.76,72.64,ATENCAO,45.599999999999994,27.36,36.48,34.656,38.303999999999995,32.831999999999994,40.12799999999999
11,173,0.0,0.0,67.0,53.6,100.0,100.0,31-75,76.8,81.44,76.8,72.16,81.44,72.16,ATENCAO,46.4,27.840000000000003,37.120000000000005,35.263999999999996,38.976,33.408,40.831999999999994
11,174,0.0,0.0,66.0,52.800000000000004,100.0,100.0,31-75,76.4,81.12,76.4,71.68,81.12,71.68,ATENCAO,47.199999999999996,28.319999999999993,37.75999999999999,35.87199999999999,39.647999999999996,33.983999999999995,41.53599999999999
11,175,0.0,0.0,65.0,52.0,100.0,100.0,31-75,76.0,80.8,76.0,71.2,80.8,71.2,ATENCAO,48.0,28.799999999999997,38.4,36.480000000000004,40.31999999999999,34.559999999999995,42.239999999999995
11,176,0.0,0.0,64.0,51.2,100.0,100.0,31-75,75.6,80.48,75.6,70.72,80.48,70.72,ATENCAO,48.8,29.28,39.04,37.088,40.992,35.135999999999996,42.943999999999996
11,177,0.0,0.0,63.0,50.4,100.0,100.0,31-75,75.2,80.16,75.2,70.24,80.16,70.24,ATENCAO,49.6,29.760000000000005,39.68000000000001,37.696000000000005,41.664,35.712,43.647999999999996
11,178,11.861276659679016,0.0,62.0,49.6,88.13872334032098,100.0,31-75,71.24161700209629,75.0954893361284,71.83468083508025,66.79468083508024,75.68855316911234,66.79468083508024,ATENCAO,50.4,33.20531916491976,41.80265958245988,40.083191498951855,43.5221276659679,38.36372341544383,45.24159574947592
11,179,16.133398559071612,23.94027646967669,61.0,48.8,83.86660144092839,76.05972353032331,31-75,64.77192513834318,68.27858528243601,64.38158124281293,61.6556088897806,67.88824138690576,61.6556088897806,ATENCAO,51.2,38.3443911102194,44.772195555109704,43.48663466613164,46.05775644408776,42.20107377715358,47.34331733306581
11,180,4.958691359437899,31.451794142892947,60.0,48.0,95.04130864056212,68.54820585710705,31-75,66.22203376359005,70.92616462764626,64.89737862441729,62.842558038706585,69.6015094884735,62.842558038706585,ATENCAO,52.0,37.157441961293415,44.57872098064671,43.09446517677605,46.06297678451737,41.61020937290539,47.54723258838802
11,181,0.0,41.15944371871406,59.0,47.199999999999996,100.0,58.84055628128594,31-75,65.36811125625718,70.64811125625718,63.31013907032148,62.14608344219288,68.59013907032148,62.14608344219288,ATENCAO,52.800000000000004,37.85391655780712,45.32695827890356,43.832349934684274,46.82156662312285,42.33774159046498,48.316174967342135
11,182,0.4382167974758289,38.406866033132445,58.0,46.400000000000006,99.56178320252415,61.59313396686756,31-75,65.38716175413076,70.70334007438319,63.488729292347934,61.96941589566118,68.80490761260035,61.96941589566118,ATENCAO,53.599999999999994,38.03058410433882,45.81529205216941,44.25835046260329,47.37223364173553,42.70140887303717,48.92917523130164
11,183,3.3961354644382067,26.206459618144496,57.0,45.6,96.6038645355618,73.79354038185551,31-75,66.53986743703965,71.64025389059583,65.39935122935432,62.57999719116877,70.4997376829105,62.57999719116877,ATENCAO,54.4,37.42000280883123,45.91000140441561,44.21200168529874,47.60800112353249,42.51400196618186,49.30600084264937
11,184,30.81790929448886,41.38015994856877,56.0,44.800000000000004,69.18209070551114,58.61984005143123,31-75,54.8785952219396,57.31680429249071,54.3504826892356,52.96849868409248,56.78869175978671,52.96849868409248,RISCO,55.199999999999996,47.03150131590752,51.115750657953754,50.298900789544504,51.932600526363004,49.482050921135254,52.749450394772246
11,185,35.81764994169035,52.17514401821101,55.0,44.0,64.18235005830965,47.82485598178899,31-75,50.8196762138507,52.83791121968166,50.00180151002466,49.61931591184576,52.02003651585563,49.61931591184576,RISCO,56.0,50.38068408815424,53.19034204407712,52.628410452892545,53.7522736352617,52.066478861707964,54.31420522644627
11,186,40.44472744703836,61.393535313116274,54.0,43.2,59.55527255296164,38.606464686883726,31-75,47.18787470326524,48.823401958561405,46.14043430996134,46.59978784127297,47.775961565257504,46.59978784127297,RISCO,56.8,53.40021215872703,55.10010607936351,54.76012729523622,55.44008486349081,54.42014851110892,55.78006364761811
11,187,26.569576306959203,54.06705188194135,53.0,42.4,73.4304236930408,45.93294811805865,31-75,52.415716731523965,55.51875910082805,51.04084295277486,50.68754814096899,54.14388532207894,50.68754814096899,RISCO,57.6,49.31245185903101,53.456225929515504,52.6274711154186,54.28498074361241,51.798716301321704,55.113735557709305
11,188,50.042619801390586,80.89804809913991,52.0,41.6,49.95738019860941,19.101951900860087,31-75,39.60760443975484,40.44334245961578,38.064833024867376,40.314637834781365,38.90057104472832,40.314637834781365,RISCO,58.4,59.685362165218635,59.04268108260932,59.17121729913118,58.914144866087454,59.29975351565304,58.78560864956559
11,189,50.12705048741939,100.0,51.0,40.8,49.87294951258061,0.0,31-75,35.361884853774185,36.269179805032245,32.86823737814515,36.94823737814515,33.77553232940321,36.94823737814515,RISCO,59.2,63.05176262185485,61.125881310927426,61.51105757311291,60.740705048741944,61.89623383529839,60.35552878655645
11,190,50.26216193671257,100.0,50.0,40.0,49.73783806328743,0.0,31-75,34.92135141898623,35.895135225314974,32.43445951582186,36.43445951582186,33.4082433221506,36.43445951582186,RISCO,60.0,63.56554048417814,61.78277024208907,62.139324290506885,61.42621619367126,62.4958783389247,61.069662145253446
11,191,50.33931263806107,100.0,49.0,39.2,49.66068736193893,0.0,31-75,34.49820620858168,35.54427494477557,32.01517184048473,35.935171840484735,33.06124057667863,35.935171840484735,RISCO,60.8,64.06482815951526,62.43241407975763,62.75889689570916,62.1059312638061,63.08537971166068,61.77944844785458
11,192,50.4201061257056,100.0,48.0,38.4,49.5798938742944,0.0,31-75,34.07396816228832,35.19195754971776,31.5949734685736,35.4349734685736,32.71296285600304,35.4349734685736,RISCO,61.6,64.5650265314264,63.0825132657132,63.379015918855835,62.786010612570564,63.67551857199848,62.48950795942791
11,193,50.44985723236652,100.0,47.0,37.6,49.55014276763348,0.0,31-75,33.66504283029005,34.86005710705339,31.187535691908373,34.94753569190837,32.38254996867172,34.94753569190837,RISCO,62.4,65.05246430809163,63.72623215404582,63.991478584854974,63.46098572323665,64.25672501566413,63.19573929242749
11,194,50.739140764112726,100.0,46.0,36.8,49.26085923588728,0.0,31-75,33.17825777076618,34.42434369435491,30.71521480897181,34.395214808971815,31.961300732560545,34.395214808971815,RISCO,63.2,65.60478519102818,64.4023925955141,64.64287111461691,64.16191407641128,64.88334963371972,63.921435557308456
11,195,51.12378174422964,100.0,45.0,36.0,48.87621825577036,0.0,31-75,32.662865476731106,33.95048730230815,30.219054563942592,33.819054563942586,31.506676389519622,33.819054563942586,RISCO,64.0,66.18094543605741,65.0904727180287,65.30856726163445,64.87237817442296,65.52666180524018,64.65428363081722
11,196,51.36858975569347,100.0,44.0,35.199999999999996,48.63141024430653,0.0,31-75,32.189423073291955,33.53256409772261,29.757852561076632,33.27785256107663,31.100993585507283,33.27785256107663,RISCO,64.80000000000001,66.72214743892337,65.76107371946169,65.95328846335403,65.56885897556936,66.14550320724636,65.37664423167702
11,197,51.535881190632985,100.0,43.0,34.4,48.464118809367015,0.0,31-75,31.7392356428101,33.14564752374681,29.31602970234175,32.75602970234175,30.722441583278453,32.75602970234175,RISCO,65.6,67.24397029765825,66.42198514882912,66.58638217859495,66.25758811906329,66.75077920836077,66.09319108929748
11,198,51.635867026500655,100.0,42.0,33.6,48.36413297349935,0.0,31-75,31.309239892049803,32.78565318939974,28.891033243374835,32.251033243374835,30.36744654072477,32.251033243374835,RISCO,66.4,67.74896675662517,67.07448337831258,67.20938005397511,66.93958670265008,67.34427672963761,66.80469002698756
11,199,51.7970931823436,100.0,41.0,32.800000000000004,48.2029068176564,0.0,31-75,30.86087204529692,32.40116272706256,28.4507267044141,31.730726704414103,29.991017386179745,31.730726704414103,RISCO,67.19999999999999,68.26927329558589,67.73463664779294,67.84156397735153,67.62770931823435,67.94849130691011,67.52078198867576
11,200,51.98677511367952,100.0,40.0,32.0,48.01322488632048,0.0,31-75,30.403967465896145,32.005289954528195,28.00330622158012,31.20330622158012,29.604628710212168,31.20330622158012,RISCO,68.0,68.79669377841988,68.39834688920993,68.47801626705193,68.31867751136795,68.55768564489391,68.23900813352596
11,201,52.07690014789936,100.0,39.0,31.2,47.92309985210064,0.0,31-75,29.97692995563019,31.649239940840257,27.58077496302516,30.70077496302516,29.253084948235223,30.70077496302516,RISCO,68.8,69.29922503697483,69.04961251848741,69.0995350221849,68.99969001478993,69.14945752588238,68.94976751109245
11,202,52.24400212602056,100.0,38.0,30.4,47.75599787397944,0.0,31-75,29.52679936219383,31.262399149591776,27.13899946849486,30.17899946849485,28.874599255892804,30.17899946849485,RISCO,69.6,69.82100053150515,69.71050026575257,69.73260031890308,69.68840021260206,69.7547003720536,69.66630015945154
11,203,52.55811993424665,100.0,37.0,29.599999999999998,47.44188006575335,0.0,31-75,29.032564019726003,30.81675202630134,26.66047001643834,29.620470016438336,28.44465802301368,29.620470016438336,CRITICO,70.4,70.37952998356167,70.38976499178084,70.387717990137,70.39181199342467,70.38567098849316,70.3938589950685
11,204,52.89118289212253,100.0,36.0,28.799999999999997,47.10881710787747,0.0,31-75,28.53264513236324,30.36352684315099,26.177204276969366,29.057204276969365,28.00808598775712,29.057204276969365,CRITICO,71.2,70.94279572303063,71.07139786151532,71.04567743381838,71.09711828921225,71.01995700612144,71.12283871690919
11,205,53.47035451445093,100.0,35.0,28.000000000000004,46.52964548554907,0.0,31-75,27.958893645664723,29.81185819421963,25.63241137138727,28.432411371387268,27.48537591994217,28.432411371387268,CRITICO,72.0,71.56758862861273,71.78379431430636,71.74055317716764,71.82703545144508,71.6973120400289,71.87027658858382
11,206,53.68284630165751,100.0,34.0,27.200000000000003,46.31715369834249,0.0,31-75,27.49514610950275,29.406861479337,25.17928842458562,27.89928842458562,27.09100379441988,27.89928842458562,CRITICO,72.8,72.10071157541438,72.4503557877072,72.38042694524863,72.52028463016575,72.31049810279006,72.5902134726243
11,207,54.23301772623131,100.0,33.0,26.400000000000002,45.76698227376869,0.0,31-75,26.93009468213061,28.86679290950748,24.64174556844217,27.28174556844217,26.578443795819044,27.28174556844217,CRITICO,73.6,72.71825443155782,73.15912721577891,73.07095265893469,73.24730177262313,72.98277810209046,73.33547632946734
11,208,54.56887942963399,100.0,32.0,25.6,45.43112057036601,0.0,31-75,26.429336171109803,28.41244822814641,24.157780142591506,26.7177801425915,26.140892199628105,26.7177801425915,CRITICO,74.4,73.2822198574085,73.84110992870426,73.72933191444511,73.9528879429634,73.61755390018595,74.06466595722254
11,209,54.977914571655646,100.0,31.0,24.8,45.022085428344354,0.0,31-75,25.906625628503303,27.928834171337744,23.655521357086087,26.135521357086088,25.677729899920525,26.135521357086088,CRITICO,75.2,73.86447864291391,74.53223932145696,74.39868718574834,74.66579145716557,74.26513505003973,74.79934359287418
11,210,55.91507123838202,100.0,30.0,24.0,44.08492876161798,0.0,0-30,25.225478628485394,27.2339715046472,23.021232190404497,25.421232190404496,25.029725066566293,25.421232190404496,CRITICO,76.0,74.5787678095955,75.28938390479775,75.1472606857573,75.4315071238382,75.00513746671685,75.57363034287864
11,211,56.56334138118933,100.0,29.0,23.200000000000003,43.43665861881067,0.0,0-30,24.6309975856432,26.654663447524268,22.45916465470267,24.77916465470267,24.48283051658373,24.77916465470267,CRITICO,76.8,75.22083534529733,76.01041767264866,75.85250120717839,76.16833413811894,75.69458474170813,76.3262506035892
11,212,57.0433818520608,100.0,28.0,22.400000000000002,42.9566181479392,0.0,0-30,24.08698544438176,26.14264725917568,21.9391545369848,24.179154536984804,23.99481635177872,24.179154536984804,CRITICO,77.6,75.82084546301519,76.71042273150759,76.53250727780912,76.88833818520607,76.35459182411063,77.06625363890456
11,213,58.058664443786135,100.0,27.0,21.6,41.941335556213865,0.0,0-30,23.38240066686416,25.41653422248555,21.28533388905347,23.445333889053465,23.319467444674853,23.445333889053465,CRITICO,78.4,76.55466611094653,77.47733305547327,77.29279966656792,77.6618664443786,77.10826627766257,77.84639983328395
11,214,58.43206946377619,100.0,26.0,20.8,41.56793053622381,0.0,0-30,22.870379160867145,24.947172214489527,20.791982634055955,22.87198263405596,22.868775687678333,22.87198263405596,CRITICO,79.2,77.12801736594403,78.16400868297202,77.95681041956642,78.37120694637761,77.74961215616082,78.5784052097832
11,215,59.071147757802606,100.0,25.0,20.0,40.928852242197394,0.0,0-30,22.27865567265922,24.37154089687896,20.23221306054935,22.23221306054935,22.325098284769087,22.23221306054935,CRITICO,80.0,77.76778693945064,78.88389346972532,78.66067216367038,79.10711477578026,78.43745085761545,79.33033608183518
11,216,59.892409005561206,100.0,24.0,19.2,40.1075909944388,0.0,0-30,21.63227729833164,23.72303639777552,19.6268977486097,21.54689774860969,21.71765684805358,21.54689774860969,CRITICO,80.8,78.4531022513903,79.62655112569516,79.39186135083418,79.86124090055611,79.15717157597321,80.0959306754171
11,217,60.55959289927595,100.0,23.0,18.4,39.44040710072405,0.0,0-30,21.03212213021721,23.13616284028962,19.06010177518101,20.90010177518101,21.16414248525341,20.90010177518101,CRITICO,81.6,79.09989822481899,80.34994911240949,80.09993893489138,80.5999592899276,79.84992875737328,80.84996946744569
11,218,61.332042407213805,100.0,22.0,17.599999999999998,38.6679575927862,0.0,0-30,20.400387277835858,22.50718303711448,18.466989398196542,20.226989398196547,20.573785157475164,20.226989398196547,CRITICO,82.4,79.77301060180345,81.08650530090173,80.82380636108206,81.34920424072138,80.56110742126242,81.61190318054103
11,219,62.292169116615085,100.0,21.0,16.8,37.70783088338492,0.0,0-30,19.71234926501548,21.803132353353966,17.82695772084623,19.50695772084623,19.91774080918472,19.50695772084623,CRITICO,83.2,80.49304227915377,81.84652113957688,81.57582536749226,82.1172169116615,81.30512959540764,82.38791268374612
11,220,63.24446050934192,100.0,20.0,16.0,36.75553949065808,0.0,0-30,19.026661847197424,21.10221579626323,17.18888487266452,18.78888487266452,19.26443882173033,18.78888487266452,CRITICO,84.0,81.21111512733547,82.60555756366773,82.32666907640129,82.88444605093419,82.04778058913483,83.16333453820064
11,221,64.79081823628226,100.0,19.0,15.2,35.20918176371774,0.0,0-30,18.16275452911532,20.16367270548709,16.402295440929436,17.92229544092943,18.403213617301205,17.92229544092943,CRITICO,84.8,82.07770455907057,83.43885227953528,83.16662273544233,83.71108182362823,82.8943931913494,83.98331136772116
11,222,66.24190738925824,100.0,18.0,14.399999999999999,33.758092610741755,0.0,0-30,17.327427783222525,19.2632370442967,15.639523152685438,17.07952315268544,17.57533241375961,17.07952315268544,CRITICO,85.6,82.92047684731456,84.26023842365728,83.99228610838874,84.52819073892582,83.72433379312018,84.79614305419436
11,223,67.99151715823763,100.0,17.0,13.600000000000001,32.00848284176237,0.0,0-30,16.402544852528713,18.243393136704952,14.802120710440594,16.162120710440593,16.64296899461683,16.162120710440593,CRITICO,86.4,83.83787928955941,85.11893964477972,84.86272757373564,85.37515171582376,84.6065155026916,85.63136378686782
11,224,69.63191944037231,100.0,16.0,12.8,30.368080559627685,0.0,0-30,15.510424167888306,17.267232223851074,13.992020139906922,15.27202013990692,15.74882819586969,15.27202013990692,CRITICO,87.2,84.72797986009309,85.96398993004655,85.71678791605585,86.21119194403724,85.46958590206516,86.45839395802793
11,225,70.99743850549922,100.0,15.0,12.0,29.00256149450078,0.0,0-30,14.700768448350232,16.401024597800316,13.250640373625195,14.450640373625196,14.950896523075274,14.450640373625196,CRITICO,88.0,85.54935962637481,86.7746798131874,86.52961577582488,87.01974385054993,86.28455173846237,87.26480788791244
11,226,72.5336932879481,100.0,14.0,11.200000000000001,27.466306712051903,0.0,0-30,13.839892013615572,15.466522684820765,12.466576678012975,13.586576678012976,14.093207349218163,13.586576678012976,CRITICO,88.8,86.41342332198703,87.60671166099351,87.36805399319222,87.8453693287948,87.12939632539091,88.08402699659611
11,227,75.14834639172612,100.0,13.0,10.4,24.85165360827388,0.0,0-30,12.655496082482165,14.100661443309551,11.412913402068469,12.45291340206847,12.858078762895856,12.45291340206847,CRITICO,89.6,87.54708659793152,88.57354329896576,88.36825195875892,88.7788346391726,88.16296061855206,88.98412597937946
11,228,77.55543571430215,100.0,12.0,9.6,22.44456428569785,0.0,0-30,11.533369285709355,12.81782571427914,10.411141071424463,11.371141071424464,11.695597499994246,11.371141071424464,CRITICO,90.4,88.62885892857554,89.51442946428777,89.33731535714533,89.69154357143022,89.16020125000287,89.86865767857266
11,229,80.3721264206265,100.0,11.0,8.799999999999999,19.6278735793735,0.0,0-30,10.28836207381205,11.3711494317494,9.306968394843372,10.186968394843374,10.389755752780724,10.186968394843374,CRITICO,91.2,89.81303160515662,90.50651580257832,90.36781896309398,90.64521264206266,90.22912212360964,90.78390948154698
11,230,83.1188458278707,100.0,10.0,8.0,16.8811541721293,0.0,0-30,9.064346251638788,9.95246166885172,8.220288543032325,9.020288543032326,9.108403960245257,9.020288543032326,CRITICO,92.0,90.97971145696768,91.48985572848383,91.3878268741806,91.59188458278706,91.28579801987736,91.69391343709029
11,231,86.21706617312411,100.0,9.0,7.199999999999999,13.78293382687589,0.0,0-30,7.734880148062767,8.393173530750357,7.045733456718972,7.765733456718972,7.704026839406561,7.765733456718972,CRITICO,92.8,92.23426654328102,92.51713327164052,92.46055992596861,92.57370661731241,92.40398658029672,92.6302799629843
11,232,88.7565240785843,100.0,8.0,6.4,11.243475921415694,0.0,0-30,6.573042776424709,7.057390368566279,6.010868980353924,6.650868980353923,6.495216572495494,6.650868980353923,CRITICO,93.6,93.34913101964608,93.47456550982304,93.44947861178764,93.49965240785843,93.42439171375226,93.52473930589382
11,233,91.96683580534103,100.0,7.0,5.6000000000000005,8.033164194658966,0.0,0-30,5.20994925839769,5.453265677863587,4.808291048664742,5.368291048664742,5.051607468130638,5.368291048664742,CRITICO,94.4,94.63170895133526,94.51585447566762,94.53902537080116,94.4926835805341,94.56219626593469,94.46951268540057
11,234,95.10386286742532,100.0,6.0,4.8,4.89613713257468,0.0,0-30,3.868841139772404,3.878454853029872,3.62403428314367,4.10403428314367,3.6336479964011374,4.10403428314367,CRITICO,95.2,95.89596571685632,95.54798285842816,95.6175794301138,95.47838628674253,95.68717600179943,95.4087897150569
11,235,98.22944801492017,100.0,5.0,4.0,1.770551985079834,0.0,0-30,2.5311655955239503,2.308220794031934,2.4426379962699585,2.8426379962699584,2.2196931947779417,2.8426379962699584,CRITICO,96.0,97.15736200373004,96.57868100186502,96.69441720223803,96.46294480149201,96.81015340261102,96.34720860111901
11,236,100.0,100.0,4.0,3.2,0.0,0.0,0-30,1.6,1.2800000000000002,1.6,1.92,1.2800000000000002,1.92,CRITICO,96.8,98.08,97.44,97.568,97.312,97.696,97.184
11,237,100.0,100.0,3.0,2.4,0.0,0.0,0-30,1.2,0.96,1.2,1.44,0.96,1.44,CRITICO,97.6,98.56,98.08,98.17599999999999,97.98400000000001,98.27199999999999,97.88799999999999
11,238,100.0,100.0,2.0,1.6,0.0,0.0,0-30,0.8,0.6400000000000001,0.8,0.96,0.6400000000000001,0.96,CRITICO,98.4,99.04,98.72,98.784,98.656,98.848,98.592
11,239,100.0,100.0,1.0,0.8,0.0,0.0,0-30,0.4,0.32,0.4,0.48,0.32,0.48,CRITICO,99.2,99.52,99.36,99.392,99.328,99.42399999999998,99.29599999999999
11,240,100.0,100.0,0.0,0.0,0.0,0.0,0-30,0.0,0.0,0.0,0.0,0.0,0.0,CRITICO,100.0,100.0,100.0,100.0,100.0,100.0,100.0
13,39,0.0,0.0,124.0,99.2,100.0,100.0,76-125,99.6,99.68,99.6,99.52,99.68,99.52,SAUDAVEL,0.7999999999999972,0.480000000000004,0.6400000000000006,0.6080000000000012,0.6719999999999999,0.5760000000000018,0.7039999999999991
13,40,0.0,0.0,123.0,98.4,100.0,100.0,76-125,99.2,99.36,99.2,99.04,99.36,99.04,SAUDAVEL,1.5999999999999943,0.9599999999999937,1.279999999999994,1.215999999999994,1.343999999999994,1.151999999999994,1.407999999999994
13,41,0.0,0.0,122.0,97.6,100.0,100.0,76-125,98.8,99.04,98.8,98.56,99.04,98.56,SAUDAVEL,2.4000000000000057,1.4399999999999977,1.9200000000000017,1.824000000000001,2.0160000000000022,1.7280000000000002,2.112000000000003
13,42,0.0,0.0,121.0,96.8,100.0,100.0,76-125,98.4,98.72,98.4,98.08,98.72,98.08,SAUDAVEL,3.200000000000003,1.9200000000000017,2.5600000000000023,2.432000000000002,2.6880000000000024,2.304000000000002,2.8160000000000025
13,43,0.0,0.0,120.0,96.0,100.0,100.0,76-125,98.0,98.4,98.0,97.6,98.4,97.6,SAUDAVEL,4.0,2.4000000000000057,3.200000000000003,3.0400000000000036,3.360000000000002,2.880000000000004,3.5200000000000014
13,44,0.0,0.0,119.0,95.19999999999999,100.0,100.0,76-125,97.6,98.08,97.6,97.12,98.08,97.12,SAUDAVEL,4.800000000000011,2.8799999999999955,3.8400000000000034,3.648000000000002,4.0320000000000045,3.4560000000000004,4.224000000000006
13,45,0.0,0.0,118.0,94.39999999999999,100.0,100.0,76-125,97.2,97.76,97.2,96.64,97.76,96.64,SAUDAVEL,5.6000000000000085,3.3599999999999994,4.480000000000004,4.256000000000003,4.704000000000005,4.032000000000002,4.928000000000005
13,46,0.0,0.0,117.0,93.60000000000001,100.0,100.0,76-125,96.8,97.44,96.8,96.16,97.44,96.16,SAUDAVEL,6.3999999999999915,3.8400000000000034,5.119999999999997,4.863999999999999,5.375999999999996,4.608,5.631999999999994
13,47,0.0,0.0,116.0,92.80000000000001,100.0,100.0,76-125,96.4,97.12,96.4,95.68,97.12,95.68,SAUDAVEL,7.199999999999989,4.319999999999993,5.759999999999991,5.471999999999991,6.04799999999999,5.183999999999992,6.33599999999999
13,48,0.0,0.0,115.0,92.0,100.0,100.0,76-125,96.0,96.8,96.0,95.2,96.8,95.2,SAUDAVEL,8.0,4.799999999999997,6.399999999999999,6.079999999999998,6.719999999999999,5.759999999999998,7.039999999999999
13,49,0.0,0.0,114.0,91.2,100.0,100.0,76-125,95.6,96.48,95.6,94.72,96.48,94.72,SAUDAVEL,8.799999999999997,5.280000000000001,7.039999999999999,6.688,7.3919999999999995,6.336,7.743999999999998
13,50,0.0,0.0,113.0,90.4,100.0,100.0,76-125,95.2,96.16,95.2,94.24,96.16,94.24,SAUDAVEL,9.599999999999994,5.760000000000005,7.68,7.296000000000001,8.063999999999998,6.912000000000002,8.447999999999997
13,51,0.0,0.0,112.0,89.60000000000001,100.0,100.0,76-125,94.8,95.84,94.8,93.76,95.84,93.76,SAUDAVEL,10.399999999999991,6.239999999999995,8.319999999999993,7.903999999999993,8.735999999999994,7.487999999999993,9.151999999999992
13,52,0.0,13.489156111987896,111.0,88.8,100.0,86.5108438880121,76-125,91.70216877760242,92.82216877760244,91.02771097200304,91.25662658320182,92.14771097200304,91.25662658320182,SAUDAVEL,11.200000000000003,8.743373416798178,9.97168670839909,9.726024050078909,10.217349366719272,9.480361391758725,10.463012025039454
13,53,0.0,19.952389752425624,110.0,88.0,100.0,80.04761024757437,76-125,90.00952204951487,91.20952204951487,89.01190256189359,89.80714153713615,90.2119025618936,89.80714153713615,SAUDAVEL,12.0,10.192858462863853,11.096429231431927,10.915715077718312,11.277143385145541,10.735000924004696,11.457857538859155
13,54,0.0,31.69259123888593,109.0,87.2,100.0,68.30740876111406,76-125,87.2614817522228,88.54148175222281,85.67685219027851,87.5661113141671,86.95685219027851,87.5661113141671,SAUDAVEL,12.799999999999997,12.433888685832898,12.616944342916447,12.580333211499738,12.653555474333157,12.543722080083025,12.690166605749866
13,55,0.0,22.27940904378461,108.0,86.4,100.0,77.72059095621539,76-125,88.74411819124307,90.10411819124307,87.63014773905385,88.49808864343231,88.99014773905385,88.49808864343231,SAUDAVEL,13.599999999999994,11.501911356567689,12.550955678283842,12.341146813940611,12.760764542627072,12.13133794959738,12.970573406970303
13,56,0.0,5.389386036861473,107.0,85.6,100.0,94.61061396313852,76-125,91.7221227926277,93.16212279262771,91.45265349078464,90.55159209447076,92.89265349078464,90.55159209447076,SAUDAVEL,14.400000000000006,9.448407905529237,11.924203952764621,11.429044743317544,12.419363162211697,10.933885533870466,12.914522371658775
13,57,0.0,2.3330175565517504,106.0,84.8,100.0,97.66698244344823,76-125,91.93339648868964,93.45339648868963,91.81674561086209,90.53004736651724,93.33674561086208,90.53004736651724,SAUDAVEL,15.200000000000003,9.469952633482762,12.334976316741383,11.761971580089659,12.907981053393106,11.188966843437933,13.48098579004483
13,58,0.0,3.898148857423074,105.0,84.0,100.0,96.10185114257692,76-125,91.22037022851538,92.82037022851536,91.02546278564424,89.81527767138654,92.62546278564425,89.81527767138654,SAUDAVEL,16.0,10.18472232861346,13.09236116430673,12.510833397168078,13.673888931445383,11.929305630029422,14.255416698584037
13,59,0.0,25.33056559702528,104.0,83.2,100.0,74.66943440297472,76-125,86.53388688059493,88.21388688059494,85.26735860074368,86.12041516044621,86.94735860074368,86.12041516044621,SAUDAVEL,16.799999999999997,13.879584839553786,15.339792419776892,15.04775090373227,15.631833935821513,14.755709387687649,15.923875451866135
13,60,0.0,32.985803350583105,103.0,82.39999999999999,100.0,67.0141966494169,76-125,84.60283932988337,86.36283932988339,82.95354916235422,84.49212949741253,84.71354916235424,84.49212949741253,SAUDAVEL,17.60000000000001,15.507870502587465,16.553935251293737,16.344722301552483,16.76314820103499,16.135509351811226,16.972361150776244
13,61,0.0,36.57123225144269,102.0,81.6,100.0,63.42876774855731,76-125,83.48575354971146,85.32575354971146,81.65719193713933,83.47431516228359,83.49719193713933,83.47431516228359,SAUDAVEL,18.400000000000006,16.525684837716412,17.46284241885821,17.27541090262985,17.650273935086567,17.08797938640149,17.837705451314925
13,62,0.0,42.1898131060828,101.0,80.80000000000001,100.0,57.8101868939172,76-125,81.96203737878345,83.88203737878345,79.8525467234793,82.15152803408759,81.77254672347931,82.15152803408759,SAUDAVEL,19.19999999999999,17.84847196591241,18.5242359829562,18.38908317954744,18.659388786364957,18.253930376138683,18.794541589773715
13,63,0.0,55.1313594494372,100.0,80.0,100.0,44.8686405505628,76-125,78.97372811011256,80.97372811011256,76.2171601376407,79.73029608258442,78.2171601376407,79.73029608258442,ATENCAO,20.0,20.269703917415583,20.13485195870779,20.16182235044935,20.107881566966235,20.188792742190905,20.080911175224674
13,64,0.0,70.98310419711837,99.0,79.2,100.0,29.016895802881635,76-125,75.40337916057632,77.48337916057633,71.85422395072041,76.87253437043225,73.93422395072042,76.87253437043225,ATENCAO,20.799999999999997,23.12746562956775,21.963732814783874,22.19647937774065,21.730986251827098,22.429225940697425,21.49823968887032
13,65,0.0,79.17021629188056,98.0,78.4,100.0,20.82978370811944,76-125,73.36595674162389,75.52595674162389,69.40744592702987,75.16446755621791,71.56744592702987,75.16446755621791,ATENCAO,21.599999999999994,24.835532443782085,23.21776622189104,23.54131946626925,22.89421297751283,23.864872710647454,22.57065973313462
13,66,0.0,79.85854592515038,97.0,77.60000000000001,100.0,20.14145407484962,76-125,72.82829081496993,75.06829081496993,68.83536351871241,74.58121811122744,71.07536351871241,74.58121811122744,ATENCAO,22.39999999999999,25.418781888772557,23.909390944386274,24.21126913326353,23.607512755509017,24.51314732214079,23.30563456663176
13,67,3.1514942298473425,87.21034814420983,96.0,76.8,96.84850577015266,12.789651855790169,76-125,70.01248210220383,72.01733267921911,65.8095394064857,72.2105742209067,67.81438998350096,72.2105742209067,ATENCAO,23.200000000000003,27.789425779093307,25.494712889546655,25.953655467455985,25.035770311637325,26.412598045365314,24.576827733727995
13,68,1.9207757689362897,89.40403005115873,95.0,76.0,98.0792242310637,10.595969948841272,76-125,69.54296125908736,71.75088368219373,65.16879854497624,71.70920155009212,67.37672096808262,71.70920155009212,ATENCAO,24.0,28.290798449907882,26.14539922495394,26.57447906994473,25.716319379963153,27.003558914935514,25.28723953497236
13,69,0.0,80.18224212219724,94.0,75.2,100.0,19.81775787780276,76-125,71.56355157556055,74.04355157556056,67.5544394694507,73.09266368167042,70.03443946945069,73.09266368167042,ATENCAO,24.799999999999997,26.907336318329584,25.85366815916479,26.06440179099775,25.642934527331832,26.275135422830704,25.432200895498873
13,70,0.0,62.21918167825624,93.0,74.4,100.0,37.78081832174376,76-125,74.75616366434875,77.31616366434875,71.64520458043594,75.30712274826156,74.20520458043595,75.30712274826156,ATENCAO,25.599999999999994,24.692877251738437,25.146438625869216,25.05572635104306,25.237150900695372,24.965014076216903,25.327863175521525
13,71,0.0,40.1861130893036,92.0,73.6,100.0,59.8138869106964,76-125,78.76277738213928,81.40277738213928,76.7534717276741,78.13208303660446,79.3934717276741,78.13208303660446,ATENCAO,26.400000000000006,21.867916963395544,24.133958481697775,23.68075017803733,24.58716678535822,23.227541874376882,25.040375089018667
13,72,0.0,25.368766899542887,91.0,72.8,100.0,74.63123310045711,76-125,81.32624662009142,84.04624662009142,80.05780827511427,79.87468496506857,82.77780827511428,79.87468496506857,ATENCAO,27.200000000000003,20.125315034931432,23.662657517465718,22.955189020958862,24.370126013972573,22.247720524452,25.07759451047943
13,73,7.069286547280903,23.842573416235773,90.0,72.0,92.93071345271908,76.15742658376422,76-125,79.11069935256856,81.2037706978405,78.27203500912083,77.85629235074441,80.36510635439274,77.85629235074441,ATENCAO,28.0,22.14370764925559,25.071853824627794,24.486224589553352,25.657483059702237,23.90059535447891,26.243112294776672
13,74,12.522715727869109,26.642136429382496,89.0,71.2,87.47728427213089,73.3578635706175,76-125,76.51475799576276,78.14248642297585,75.8087869606871,75.59300060362534,77.43651538790019,75.59300060362534,ATENCAO,28.799999999999997,24.40699939637466,26.603499698187328,26.164199637824794,27.04279975854986,25.72489957746226,27.482099818912396
13,75,7.26621581014657,25.413817791998245,88.0,70.39999999999999,92.73378418985342,74.58618220800176,76-125,77.93737169855638,80.17075011754173,77.02999159946378,76.61137337866361,79.26337001844914,76.61137337866361,ATENCAO,29.60000000000001,23.388626621336385,26.494313310668197,25.873175972801832,27.115450648534562,25.25203863493547,27.73658798640092
13,76,4.379440298774427,21.332094725302586,87.0,69.6,95.62055970122556,78.66790527469742,76-125,79.21974896530716,81.82180493542972,78.37211624398074,77.465325716511,80.9741722141033,77.465325716511,ATENCAO,30.400000000000006,22.534674283488997,26.4673371417445,25.6808045700934,27.253869713395602,24.8942719984423,28.0404022850467
13,77,1.5552224710419145,25.10162206085038,86.0,68.8,98.44477752895808,74.89837793914961,76-125,78.91310884651735,81.87758659941315,77.73578886702693,77.12595107311196,80.70026661992273,77.12595107311196,ATENCAO,31.200000000000003,22.874048926888037,27.03702446344402,26.204429356132824,27.86961957075522,25.371834248821628,28.70221467806641
13,78,10.181698993353374,35.39102321017994,85.0,68.0,89.81830100664662,64.60897678982006,76-125,73.867285659958,76.04911576062267,72.60681944911667,72.94592177013466,74.78864954978134,72.94592177013466,ATENCAO,32.0,27.05407822986534,29.52703911493267,29.032446937919204,30.021631291946136,28.537854760905738,30.516223468959602
13,79,0.0,21.628784648487592,84.0,67.2,100.0,78.3712153515124,76-125,79.27424307030248,82.55424307030248,78.1928038378781,77.07568230272685,81.4728038378781,77.07568230272685,ATENCAO,32.8,22.924317697273153,27.862158848636575,26.87459061836389,28.849727078909257,25.887022388091204,29.837295309181943
13,80,0.0,3.734653348066906,83.0,66.4,100.0,96.2653466519331,76-125,82.45306933038663,85.81306933038663,82.26633666298328,79.27980199778997,85.62633666298328,79.27980199778997,ATENCAO,33.599999999999994,20.720198002210026,27.16009900110501,25.87211880132601,28.44807920088401,24.584138601547018,29.736059400663002
13,81,1.5919790228301645,0.0,82.0,65.60000000000001,98.40802097716984,100.0,76-125,82.32240629315095,85.60320839086795,82.40200524429247,78.96200524429247,85.68280734200945,78.96200524429247,ATENCAO,34.39999999999999,21.03799475570753,27.71899737785376,26.382796853424516,29.055197902283005,25.046596328995264,30.39139842671225
13,82,14.309164633579236,0.0,81.0,64.8,85.69083536642077,100.0,76-125,78.10725060992623,80.19633414656832,78.82270884160519,75.30270884160518,80.91179237824727,75.30270884160518,ATENCAO,35.2,24.69729115839482,29.94864557919741,28.898374695036892,30.99891646335793,27.848103810876374,32.04918734751845
13,83,11.258862711148897,0.0,80.0,64.0,88.7411372888511,100.0,76-125,78.62234118665533,81.09645491554045,79.18528432221278,75.58528432221277,81.6593980510979,75.58528432221277,ATENCAO,36.0,24.41471567778723,30.207357838893614,29.048829406672336,31.36588627111489,27.89030097445106,32.52441470333617
13,84,7.157913658770382,7.7889130683882035,79.0,63.2,92.84208634122962,92.2110869316118,76-125,77.89484328869125,80.85905192281422,77.86329331821035,74.96218462504918,80.82750195233332,74.96218462504918,ATENCAO,36.8,25.037815374950824,30.91890768747541,29.74268922497049,32.09512614998033,28.566470762465574,33.271344612485244
13,85,0.8858686708973875,5.847927307870632,78.0,62.4,99.11413132910262,94.15207269212937,76-125,79.76465393715665,83.43606707006693,79.516551005308,76.34134373609506,83.18796413821826,76.34134373609506,ATENCAO,37.6,23.658656263904945,30.629328131952473,29.235193758342966,32.02346250556198,27.841059384733462,33.417596879171484
13,86,13.630018029491072,13.179458033338268,77.0,61.6,86.36998197050893,86.82054196666174,76-125,74.07510298448503,76.55210118153592,74.09763098429266,71.57557678762649,76.57462918134355,71.57557678762649,ATENCAO,38.4,28.42442321237351,33.41221160618676,32.414653927424105,34.409769284949405,31.417096248661455,35.40732696371205
13,87,15.35618976754832,17.213697541702484,76.0,60.8,84.64381023245168,82.78630245829751,76-125,72.35040356139501,74.73478458464018,72.2575281726873,70.05889792685754,74.64190919593247,70.05889792685754,ATENCAO,39.2,29.94110207314246,34.57055103657123,33.64466124388548,35.49644082925698,32.71877145119972,36.42233062194274
13,88,15.718970673458726,28.08380181370869,75.0,60.0,84.28102932654127,71.91619818629131,31-75,69.66754843522065,72.09565136787478,69.04930687820814,67.857687059579,71.47740981086227,67.857687059579,ATENCAO,40.0,32.14231294042099,36.0711564702105,35.28538776425259,36.856925176168396,34.4996190582947,37.642693882126295
13,89,13.248501119688594,24.44097239603009,74.0,59.199999999999996,86.7514988803114,75.55902760396991,31-75,70.7372551848874,73.49240507291854,70.17763162107033,68.54172886067333,72.93278150910147,68.54172886067333,ATENCAO,40.800000000000004,31.45827113932667,36.12913556966333,35.194962683596,37.06330845573067,34.260789797528666,37.997481341798
13,90,18.557631769108045,19.67144825392438,73.0,58.4,81.44236823089196,80.32855174607562,31-75,69.6984208184827,72.00265764157191,69.64272999424189,67.44987481963433,71.94696681733109,67.44987481963433,ATENCAO,41.6,32.55012518036567,37.07506259018284,36.1700751082194,37.98005007214627,35.26508762625596,38.8850375541097
13,91,18.741325096049938,16.062710818044387,72.0,57.599999999999994,81.25867490395007,83.9372891819556,31-75,69.96506030757614,72.33092779797116,70.09899102147642,67.46526210328085,72.46485851187143,67.46526210328085,ATENCAO,42.400000000000006,32.53473789671915,37.46736894835958,36.4808427380315,38.45389515868766,35.494316527703404,39.44042136901575
13,92,38.09127966459426,39.55740218287895,71.0,56.8,61.90872033540574,60.44259781712105,31-75,59.061135664045935,59.572007697586514,58.9878295381317,58.62356975641959,59.49870157167227,58.62356975641959,RISCO,43.2,41.37643024358041,42.2882151217902,42.10585814614825,42.47057209743217,41.923501170506285,42.65292907307412
13,93,32.78586044315341,50.56649984160028,70.0,56.00000000000001,67.21413955684659,49.43350015839972,31-75,58.050941898733925,59.17235585441859,57.161909928811575,57.81855991297161,58.28332388449624,57.81855991297161,RISCO,43.99999999999999,42.18144008702839,43.090720043514196,42.908864052217034,43.27257603481135,42.72700806091987,43.45443202610851
13,94,30.462551244535668,51.00762036552487,69.0,55.2,69.53744875546434,48.99237963447513,31-75,58.25971055353433,59.69345542908076,57.23245709748487,57.85321913403735,58.666201973031306,57.85321913403735,RISCO,44.8,42.14678086596265,43.47339043298132,43.20806851957759,43.73871234638506,42.94274660617385,44.00403425978879
13,95,43.44230920577227,51.56656163477999,68.0,54.400000000000006,56.55769079422773,48.43343836522001,31-75,53.85399491131233,54.06976399073511,53.44778228986194,54.044438453339936,53.66355136928472,54.044438453339936,RISCO,45.599999999999994,45.955561546660064,45.77778077333003,45.81333692799603,45.742224618664025,45.848893082662045,45.706668463998014
13,96,43.38668250209272,57.41288377309214,67.0,53.6,56.61331749790728,42.58711622690786,31-75,52.30141849475376,52.60275024454449,51.600108431203786,52.701396808513,51.90144018099451,52.701396808513,RISCO,46.4,47.298603191487,46.8493015957435,46.939161914892196,46.7594412765948,47.029022234040895,46.669580957446094
13,97,23.761098511136044,42.21943617452206,66.0,52.800000000000004,76.23890148886396,57.78056382547794,31-75,60.82778321175478,63.17167336064118,59.90486632858548,59.40680994603768,62.24875647747187,59.40680994603768,RISCO,47.199999999999996,40.59319005396232,43.89659502698116,43.23591403237739,44.557276021584926,42.57523303777362,45.217957016188684
13,98,24.268759256211936,26.22663579799404,65.0,52.0,75.73124074378806,73.77336420200596,31-75,63.47404506353761,65.84716913791642,63.37615123644851,61.19881481624791,65.74927531082731,61.19881481624791,ATENCAO,48.0,38.80118518375209,43.40059259187605,42.48071111025126,44.32047407350083,41.560829628626465,45.24035555512562
13,99,44.51924934356912,23.60240235803405,64.0,51.2,55.48075065643088,76.39759764196594,31-75,57.52374472532245,57.95181979096554,58.569587074599205,56.049827310402605,58.9976621402423,56.049827310402605,RISCO,48.8,43.950172689597395,46.375086344798696,45.890103613758434,46.86006907583896,45.40512088271817,47.34505180687921
13,100,33.14148678910507,10.655637588949268,63.0,50.4,66.85851321089493,89.34436241105072,31-75,63.12642644547863,64.77227776656812,64.25071890548641,60.35628266438134,65.8965702265759,60.35628266438134,ATENCAO,49.6,39.64371733561866,44.621858667809335,43.6262304013712,45.61748693424747,42.630602134933056,46.6131152006856
13,101,42.91036767283629,3.5970290128513853,62.0,49.6,57.08963232716371,96.40297098714862,31-75,61.20748389557883,61.95644712829521,63.17315082857808,58.49285372986322,63.92211406129446,58.49285372986322,RISCO,50.4,41.50714627013678,45.95357313506839,45.06428776208207,46.84285850805471,44.175002389095745,47.732143881041026
13,102,42.159899049159016,11.823191568725248,61.0,48.8,57.84010095084098,88.17680843127475,31-75,59.38739197150724,60.29140206659135,60.90422734552894,56.96654650240146,61.80823744061303,56.96654650240146,RISCO,51.2,43.03345349759854,47.11672674879927,46.30007209855913,47.93338139903942,45.483417448318974,48.75003604927956
13,103,41.994449850111984,13.462340465611003,60.0,48.0,58.005550149888016,86.537659534389,31-75,58.709196951844206,59.70975196683301,60.13580242106926,56.28203646763035,61.13635743605805,56.28203646763035,RISCO,52.0,43.71796353236965,47.858981766184826,47.03077811942179,48.68718541294786,46.20257447265875,49.51538905971089
13,104,47.80600947263742,15.908610207980724,59.0,47.199999999999996,52.19399052736258,84.09138979201927,31-75,56.07647511661263,56.575874169348886,57.67134507984546,53.98220610064353,58.17074413258172,53.98220610064353,RISCO,52.800000000000004,46.01779389935647,49.40889694967824,48.730676339613886,50.08711755974259,48.05245572954952,50.76533816980694
13,105,50.08114499390437,36.68602028775645,58.0,46.400000000000006,49.91885500609563,63.31397971224355,31-75,50.8384524442774,51.19033794488696,51.5082086795848,49.81681070836045,51.860094180194366,49.81681070836045,RISCO,53.599999999999994,50.18318929163955,51.89159464581977,51.54991357498373,52.23327571665582,51.20823250414768,52.57495678749186
13,106,50.13045166305387,58.42484245050345,57.0,45.6,49.86954833694613,41.57515754949655,31-75,46.07589601098315,46.502850844677766,45.66117647161067,46.06366071666102,46.08813130530528,46.06366071666102,RISCO,54.4,53.93633928333898,54.16816964166949,54.121803570003394,54.21453571333559,54.07543749833729,54.26090178500169
13,107,50.03103127063975,48.55752291113038,56.0,44.800000000000004,49.96896872936025,51.44247708886962,31-75,47.679186036582,48.196082909518026,47.75286145455747,47.08861374567051,48.26975832749349,47.08861374567051,RISCO,55.199999999999996,52.91138625432949,54.055693127164744,53.82683175259769,54.2845545017318,53.59797037803064,54.513415876298836
13,108,40.39410893532996,22.991681914745666,55.0,44.0,59.60589106467004,77.00831808525433,31-75,55.28343093645187,56.844020042918885,56.15355228748109,52.85272047895565,57.7141413939481,52.85272047895565,RISCO,56.0,47.14727952104435,51.57363976052217,50.68836771262661,52.45891180841774,49.803095664731046,53.3441838563133
13,109,50.05356785101545,28.18452024640151,54.0,43.2,49.94643214898455,71.81547975359848,31-75,50.94702559541506,51.62166881031352,52.04047797564576,49.17893000028591,52.71512119054421,49.17893000028591,RISCO,56.8,50.82106999971409,53.81053499985704,53.21264199982845,54.40842799988563,52.61474899979986,55.00632099991422
13,110,50.0571329387287,19.578298596450903,53.0,42.4,49.9428670612713,80.4217014035491,31-75,52.26720039909121,53.02148710521834,53.79114211620509,49.98897197585018,54.54542882233223,49.98897197585018,RISCO,57.6,50.01102802414982,53.80551401207491,53.046616814489894,54.56441120965994,52.28771961690487,55.323308407244944
13,111,50.00727067149401,13.533117395417662,52.0,41.6,49.99272932850599,86.46688260458234,31-75,53.09119531946826,53.93046825231886,54.914902983272086,50.42821472281385,55.75417591612268,50.42821472281385,RISCO,58.4,49.57178527718615,53.98589263859307,53.10307116631169,54.868714110874464,52.2202496940303,55.75153558315584
13,112,48.26466148199557,3.150022867212412,51.0,40.8,51.73533851800443,96.8499771327876,31-75,55.29059698195884,56.3841308337593,57.546328912698,51.94133119941924,58.639862764498446,51.94133119941924,RISCO,59.2,48.05866880058076,53.62933440029038,52.515201280348464,54.74346752023231,51.40106816040654,55.857600640174226
13,113,47.32240593542294,0.0,50.0,40.0,52.67759406457706,100.0,31-75,55.80327821937311,57.071037625830826,58.16939851614426,52.16939851614426,59.43715792260197,52.16939851614426,RISCO,60.0,47.83060148385574,53.915300741927865,52.69836089031344,55.13224059354229,51.48142103869901,56.34918044515672
13,114,50.058823415086536,0.0,49.0,39.2,49.94117658491346,100.0,31-75,54.58235297547404,55.65647063396539,57.08529414622837,51.005294146228366,58.15941180471971,51.005294146228366,RISCO,60.8,48.994705853771634,54.897352926885816,53.71682351226298,56.077882341508655,52.53629409764014,57.25841175613149
13,115,50.08652216157934,0.0,48.0,38.4,49.91347783842066,100.0,31-75,54.174043351526194,55.32539113536826,56.678369459605165,50.51836945960517,57.829717243447234,50.51836945960517,RISCO,61.6,49.48163054039483,55.54081527019741,54.3289783242369,56.752652216157934,53.117141378276386,57.96448916211845
13,116,32.59543735825026,0.0,47.0,37.6,67.40456264174975,100.0,31-75,59.021368792524925,62.0018250566999,60.65114066043744,54.41114066043744,63.63159692461241,54.41114066043744,RISCO,62.4,45.58885933956256,53.99442966978128,52.313315603737536,55.67554373582502,50.63220153769379,57.356657801868764
13,117,46.71055691094717,0.0,46.0,36.8,53.28944308905283,100.0,31-75,54.38683292671585,56.03577723562113,56.72236077226321,50.40236077226321,58.37130508116849,50.40236077226321,RISCO,63.2,49.59763922773679,56.3988196138684,55.03858353664208,57.759055691094716,53.678347459415754,59.11929176832104
13,118,39.53795404626137,0.0,45.0,36.0,60.46204595373863,100.0,31-75,56.13861378612159,58.58481838149545,58.115511488434656,51.71551148843466,60.56171608380852,51.71551148843466,RISCO,64.0,48.28448851156534,56.14224425578267,54.5706931069392,57.71379540462614,52.999141958095734,59.2853465534696
13,119,34.39586001387983,0.0,44.0,35.199999999999996,65.60413998612017,100.0,31-75,57.28124199583605,60.32165599444807,59.00103499653004,52.52103499653004,62.04144899514206,52.52103499653004,RISCO,64.80000000000001,47.47896500346996,56.13948250173499,54.40737900208198,57.87158600138798,52.675275502428974,59.603689501040996
13,120,37.0805192064162,0.0,43.0,34.4,62.9194807935838,100.0,31-75,56.075844238075135,58.92779231743352,57.929870198395946,51.36987019839594,60.781818277754326,51.36987019839594,RISCO,65.6,48.63012980160406,57.115064900802025,55.418077880962436,58.81205192064162,53.72109086112283,60.50903894048121
13,121,47.30156827954299,0.0,42.0,33.6,52.69843172045701,100.0,31-75,52.6095295161371,54.519372688182806,54.97460793011425,48.33460793011425,56.88445110215996,48.33460793011425,RISCO,66.4,51.66539206988575,59.03269603494287,57.55923524193145,60.5061568279543,56.08577444892002,61.979617620965726
13,122,34.28089517854204,0.0,41.0,32.800000000000004,65.71910482145796,100.0,31-75,56.115731446437394,59.40764192858319,57.829776205364496,51.1097762053645,61.12168668751029,51.1097762053645,RISCO,67.19999999999999,48.8902237946355,58.045111897317746,56.214134276781294,59.8760895178542,54.38315665624484,61.70706713839064
13,123,45.44352905824529,0.0,40.0,32.0,54.55647094175471,100.0,31-75,52.36694128252641,54.62258837670189,54.639117735438674,47.83911773543868,56.89476482961415,47.83911773543868,RISCO,68.0,52.16088226456132,60.08044113228066,58.496529358736794,61.66435290582453,56.91261758519292,63.24826467936839
13,124,50.31662997370608,21.887182287884983,39.0,31.2,49.68337002629392,78.11281771211502,31-75,46.12757455031118,47.97591155294057,47.54904693460223,42.85776516339073,49.39738393723162,42.85776516339073,RISCO,68.8,57.14223483660927,62.97111741830463,61.805340901965565,64.1368939346437,60.639564385626485,65.30267045098277
13,125,50.28446462306678,59.92966616634016,38.0,30.4,49.71553537693322,40.07033383365984,31-75,38.128727379811934,40.06028091750525,37.64646730264826,36.67943391928228,39.57802084034159,36.67943391928228,RISCO,69.6,63.32056608071772,66.46028304035886,65.83233964843063,67.08822643228709,65.2043962565024,67.71616982421531
13,126,50.51364457574762,85.24360385299948,37.0,29.599999999999998,49.48635542425238,14.756396147000515,31-75,32.597185856675814,34.58582139910106,30.860687892813225,32.34504827811317,32.84932343523846,32.34504827811317,RISCO,70.4,67.65495172188683,69.02747586094341,68.7529710331321,69.30198068875474,68.47846620532079,69.57648551656605
13,127,50.52331698494128,100.0,36.0,28.799999999999997,49.47668301505872,0.0,31-75,29.24300490451761,31.310673206023488,26.76917075376468,29.64917075376468,28.83683905527055,29.64917075376468,CRITICO,71.2,70.35082924623532,70.77541462311765,70.69049754774119,70.86033169849412,70.60558047236472,70.94524877387059
13,128,50.59939773423014,100.0,35.0,28.000000000000004,49.40060226576986,0.0,31-75,28.82018067973096,30.96024090630795,26.350150566442466,29.150150566442463,28.49021079301945,29.150150566442463,CRITICO,72.0,70.84984943355754,71.42492471677878,71.30990966013452,71.53993977342301,71.19489460349027,71.65495483006725
13,129,50.46758581379531,100.0,34.0,27.200000000000003,49.53241418620469,0.0,31-75,28.45972425586141,30.69296567448188,25.98310354655117,28.703103546551173,28.216344965171643,28.703103546551173,CRITICO,72.8,71.29689645344882,72.04844822672442,71.8981378720693,72.19875858137954,71.74782751741418,72.34906893603464
13,130,50.82991186737031,100.0,33.0,26.400000000000002,49.17008813262969,0.0,31-75,27.951026439788905,30.22803525305188,25.49252203315742,28.13252203315742,27.76953084642039,28.13252203315742,CRITICO,73.6,71.86747796684259,72.73373898342129,72.56048678010555,72.90699118673703,72.38723457678981,73.08024339005277
13,131,51.044149743961455,100.0,32.0,25.6,48.95585025603855,0.0,31-75,27.48675507681156,29.82234010241542,25.03896256400964,27.59896256400964,27.37454758961349,27.59896256400964,CRITICO,74.4,72.40103743599036,73.40051871799518,73.20062246159422,73.60041497439614,73.00072620519325,73.8003112307971
13,132,51.28065677943615,100.0,31.0,24.8,48.71934322056385,0.0,31-75,27.015802966169154,29.407737288225544,24.579835805140963,27.059835805140963,26.97177012719735,27.059835805140963,CRITICO,75.2,72.94016419485904,74.07008209742952,73.84409851691542,74.29606567794362,73.61811493640133,74.52204925845771
13,133,51.33517191454319,100.0,30.0,24.0,48.66482808545681,0.0,0-30,26.599448425637043,29.065931234182727,24.1662070213642,26.5662070213642,26.63268982990989,26.5662070213642,CRITICO,76.0,73.43379297863581,74.7168964893179,74.46027578718149,74.97351719145433,74.20365508504506,75.23013789359074
13,134,51.69022623226003,100.0,29.0,23.200000000000003,48.30977376773997,0.0,0-30,26.09293213032199,28.60390950709599,23.677443441935,25.997443441935,26.188420818708988,25.997443441935,CRITICO,76.8,74.002556558065,75.4012782790325,75.121533934839,75.681022623226,74.84178959064549,75.96076696741949
13,135,52.14415252876381,100.0,28.0,22.400000000000002,47.85584747123619,0.0,0-30,25.556754241370857,28.10233898849448,23.16396186780905,25.40396186780905,25.709546614932663,25.40396186780905,CRITICO,77.6,74.59603813219096,76.09801906609547,75.79762287931457,76.39841525287638,75.49722669253366,76.69881143965728
13,136,52.62152410653452,100.0,27.0,21.6,47.37847589346548,0.0,0-30,25.01354276803964,27.591390357386192,22.64461897336637,24.80461897336637,25.22246656271292,24.80461897336637,CRITICO,78.4,75.19538102663363,76.79769051331681,76.47722861598018,77.11815241065345,76.15676671864354,77.4386143079901
13,137,53.10044220541207,100.0,26.0,20.8,46.89955779458793,0.0,0-30,24.46986733837638,27.07982311783517,22.124889448646982,24.20488944864698,24.73484522810577,24.20488944864698,CRITICO,79.2,75.79511055135302,77.49755527567652,77.15706633081182,77.8380442205412,76.81657738594711,78.1785331654059
13,138,53.443108388812,100.0,25.0,20.0,46.556891611188,0.0,0-30,23.9670674833564,26.6227566444752,21.639222902797,23.639222902797,24.2949120639158,23.639222902797,CRITICO,80.0,76.360777097203,78.1803885486015,77.8164662583218,78.5443108388812,77.4525439680421,78.90823312916089
13,139,54.02704676597658,100.0,24.0,19.2,45.97295323402342,0.0,0-30,23.391885970207028,26.06918129360937,21.093238308505853,23.01323830850585,23.7705336319082,23.01323830850585,CRITICO,80.8,76.98676169149415,78.89338084574707,78.5120570148965,79.27470467659765,78.13073318404591,79.65602850744824
13,140,54.8128263705022,100.0,23.0,18.4,45.1871736294978,0.0,0-30,22.75615208884934,25.43486945179912,20.496793407374447,22.33679340737445,23.17551077032423,22.33679340737445,CRITICO,81.6,77.66320659262556,79.63160329631278,79.23792395557533,80.02528263705022,78.84424461483789,80.41896197778766
13,141,55.19321202275598,100.0,22.0,17.599999999999998,44.80678797724402,0.0,0-30,22.242036393173205,24.962715190897608,20.001696994311004,21.761696994311,22.722375792035407,21.761696994311,CRITICO,82.4,78.238303005689,80.3191515028445,79.90298180341341,80.7353212022756,79.4868121039823,81.1514909017067
13,142,55.91089786655827,100.0,21.0,16.8,44.08910213344173,0.0,0-30,21.62673064003252,24.35564085337669,19.42227553336044,21.10227553336044,22.15118574670461,21.10227553336044,CRITICO,83.2,78.89772446663956,81.04886223331978,80.61863467998373,81.47908978665583,80.18840712664769,81.90931733999186
13,143,57.11247717944727,100.0,20.0,16.0,42.88752282055273,0.0,0-30,20.86625684616581,23.55500912822109,18.721880705138183,20.321880705138184,21.410632987193456,20.321880705138184,CRITICO,84.0,79.67811929486182,81.8390596474309,81.4068715769171,82.27124771794473,80.97468350640327,82.70343578845853
13,144,58.121604553305545,100.0,19.0,15.2,41.878395446694455,0.0,0-30,20.163518634008334,22.83135817867778,18.06959886167361,19.58959886167361,20.73743840634306,19.58959886167361,CRITICO,84.8,80.41040113832639,82.6052005691632,82.16624068299583,83.04416045533056,81.72728079682847,83.48312034149791
13,145,59.123426663835,100.0,18.0,14.399999999999999,40.876573336165,0.0,0-30,19.462972000849497,22.110629334466005,17.41914333404125,18.85914333404125,20.066800667657752,18.85914333404125,CRITICO,85.6,81.14085666595875,83.37042833297937,82.92451399957525,83.81634266638349,82.47859966617112,84.26225699978762
13,146,60.28096258828565,100.0,17.0,13.600000000000001,39.71903741171435,0.0,0-30,18.715711223514305,21.327614964685743,16.72975935292859,18.08975935292859,19.341663094100024,18.08975935292859,CRITICO,86.4,81.91024064707142,84.15512032353571,83.70614438824285,84.60409625882858,83.25716845295,85.05307219412143
13,147,61.27149179520633,100.0,16.0,12.8,38.72850820479367,0.0,0-30,18.0185524614381,20.611403281917468,16.08212705119842,17.362127051198417,18.674977871677783,17.362127051198417,CRITICO,87.2,82.63787294880159,84.9189364744008,84.46272376928096,85.37514917952063,84.0065110641611,85.83136188464047
13,148,62.60472230954383,100.0,15.0,12.0,37.39527769045617,0.0,0-30,17.21858330713685,19.75811107618247,15.348819422614042,16.54881942261404,17.88834719165966,16.54881942261404,CRITICO,88.0,83.45118057738595,85.72559028869298,85.27070834643158,86.18047223095438,84.81582640417017,86.63535417321577
13,149,64.14000053788706,100.0,14.0,11.200000000000001,35.85999946211294,0.0,0-30,16.35799983863388,18.82399978484517,14.564999865528236,15.684999865528235,17.030999811739527,15.684999865528235,CRITICO,88.8,84.31500013447176,86.55750006723588,86.10900008068306,87.0060000537887,85.66050009413023,87.45450004034153
13,150,65.82344836707145,100.0,13.0,10.4,34.17655163292855,0.0,0-30,15.452965489878563,17.830620653171422,13.744137908232137,14.784137908232138,16.12179307152499,14.784137908232138,CRITICO,89.6,85.21586209176786,87.40793104588393,86.96951725506071,87.84634483670715,86.5311034642375,88.28475862753035
13,151,67.90731797141099,100.0,12.0,9.6,32.09268202858901,0.0,0-30,14.427804608576704,16.677072811435604,12.823170507147251,13.783170507147252,15.072438710006152,13.783170507147252,CRITICO,90.4,86.21682949285275,88.30841474642638,87.89009769571166,88.7267317971411,87.47178064499693,89.14504884785583
13,152,69.92765408321867,100.0,11.0,8.799999999999999,30.07234591678133,0.0,0-30,13.421703775034398,15.548938366712532,11.918086479195331,12.798086479195332,14.045321070873465,12.798086479195332,CRITICO,91.2,87.20191352080467,89.20095676040233,88.80114811248279,89.60076540832188,88.40133946456326,90.00057405624139
13,153,72.23403539885271,100.0,10.0,8.0,27.76596460114729,0.0,0-30,12.329789380344186,14.306385840458915,10.941491150286822,11.741491150286825,12.91808761040155,11.741491150286825,CRITICO,92.0,88.25850884971318,90.12925442485658,89.75510530982791,90.50340353988527,89.38095619479923,90.87755265491394
13,154,73.73036109247681,100.0,9.0,7.199999999999999,26.269638907523188,0.0,0-30,11.480891672256956,13.387855563009277,10.167409726880797,10.887409726880795,12.074373617633114,10.887409726880795,CRITICO,92.8,89.11259027311921,90.9562951365596,90.58755416387152,91.32503610924769,90.21881319118344,91.69377708193576
13,155,76.52399022080952,100.0,8.0,6.4,23.47600977919048,0.0,0-30,10.242802933757144,11.950403911676192,9.06900244479762,9.70900244479762,10.776603422716668,9.70900244479762,CRITICO,93.6,90.29099755520238,91.94549877760119,91.61459853312142,92.27639902208095,91.28369828864166,92.60729926656072
13,156,78.84696178041622,100.0,7.0,5.6000000000000005,21.153038219583777,0.0,0-30,9.145911465875134,10.701215287833511,8.088259554895945,8.648259554895944,9.64356337685432,8.648259554895944,CRITICO,94.4,91.35174044510406,92.87587022255204,92.57104426706243,93.18069617804161,92.26621831157283,93.48552213353122
13,157,82.41823877118493,100.0,6.0,4.8,17.58176122881507,0.0,0-30,7.67452836864452,8.952704491526028,6.795440307203768,7.275440307203767,8.073616430085274,7.275440307203767,CRITICO,95.2,92.72455969279623,93.96227984639812,93.71473581567774,94.2098238771185,93.46719178495736,94.45736790783887
13,158,85.31487120774449,100.0,5.0,4.0,14.685128792255512,0.0,0-30,6.405538637676654,7.474051516902206,5.671282198063878,6.071282198063878,6.739795077289429,6.071282198063878,CRITICO,96.0,93.92871780193612,94.96435890096805,94.75723068116167,95.17148712077444,94.55010246135528,95.37861534058082
13,159,90.20064058202767,100.0,4.0,3.2,9.799359417972326,0.0,0-30,4.539807825391698,5.199743767188931,4.049839854493081,4.369839854493081,4.709775796290314,4.369839854493081,CRITICO,96.8,95.63016014550692,96.21508007275347,96.09809608730416,96.33206405820277,95.98111210185485,96.44904804365207
13,160,94.25772742953131,100.0,3.0,2.4,5.742272570468685,0.0,0-30,2.922681771140605,3.2569090281874744,2.6355681426171715,2.875568142617172,2.96979539966404,2.875568142617172,CRITICO,97.6,97.12443185738283,97.36221592869141,97.3146591144297,97.40977274295312,97.26710230016798,97.45732955721485
13,161,98.6780455723177,100.0,2.0,1.6,1.3219544276823,0.0,0-30,1.19658632830469,1.1687817710729205,1.130488606920575,1.290488606920575,1.102684049688805,1.290488606920575,CRITICO,98.4,98.70951139307942,98.55475569653971,98.58570683584766,98.52380455723177,98.61665797515559,98.49285341792383
13,162,100.0,100.0,1.0,0.8,0.0,0.0,0-30,0.4,0.32,0.4,0.48,0.32,0.48,CRITICO,99.2,99.52,99.36,99.392,99.328,99.42399999999998,99.29599999999999
13,163,100.0,100.0,0.0,0.0,0.0,0.0,0-30,0.0,0.0,0.0,0.0,0.0,0.0,CRITICO,100.0,100.0,100.0,100.0,100.0,100.0,100.0
19,39,3.282556825092474,12.599237977883613,119.0,95.19999999999999,96.71744317490752,87.40076202211638,76-125,94.09538535689552,94.24712967438629,93.62955129925598,94.40947509704434,93.78129561674672,94.40947509704434,SAUDAVEL,4.800000000000011,5.590524902955664,5.195262451477838,5.274314941773403,5.116209961182273,5.353367432068968,5.037157470886707
19,40,0.0,6.031984584364984,118.0,94.39999999999999,100.0,93.96801541563502,76-125,95.993603083127,96.553603083127,95.69200385390874,95.73520231234524,96.25200385390876,95.73520231234524,SAUDAVEL,5.6000000000000085,4.264797687654763,4.932398843827386,4.798878612592861,5.0659190750619105,4.665358381358336,5.199439306296434
19,41,0.0,0.0,117.0,93.60000000000001,100.0,100.0,76-125,96.8,97.44,96.8,96.16,97.44,96.16,SAUDAVEL,6.3999999999999915,3.8400000000000034,5.119999999999997,4.863999999999999,5.375999999999996,4.608,5.631999999999994
19,42,0.0,0.0,116.0,92.80000000000001,100.0,100.0,76-125,96.4,97.12,96.4,95.68,97.12,95.68,SAUDAVEL,7.199999999999989,4.319999999999993,5.759999999999991,5.471999999999991,6.04799999999999,5.183999999999992,6.33599999999999
19,43,0.0,0.0,115.0,92.0,100.0,100.0,76-125,96.0,96.8,96.0,95.2,96.8,95.2,SAUDAVEL,8.0,4.799999999999997,6.399999999999999,6.079999999999998,6.719999999999999,5.759999999999998,7.039999999999999
19,44,0.0,0.0,114.0,91.2,100.0,100.0,76-125,95.6,96.48,95.6,94.72,96.48,94.72,SAUDAVEL,8.799999999999997,5.280000000000001,7.039999999999999,6.688,7.3919999999999995,6.336,7.743999999999998
19,45,0.0,0.0,113.0,90.4,100.0,100.0,76-125,95.2,96.16,95.2,94.24,96.16,94.24,SAUDAVEL,9.599999999999994,5.760000000000005,7.68,7.296000000000001,8.063999999999998,6.912000000000002,8.447999999999997
19,46,0.0,0.0,112.0,89.60000000000001,100.0,100.0,76-125,94.8,95.84,94.8,93.76,95.84,93.76,SAUDAVEL,10.399999999999991,6.239999999999995,8.319999999999993,7.903999999999993,8.735999999999994,7.487999999999993,9.151999999999992
19,47,0.0,0.0,111.0,88.8,100.0,100.0,76-125,94.4,95.52,94.4,93.28,95.52,93.28,SAUDAVEL,11.200000000000003,6.719999999999999,8.96,8.512,9.408000000000001,8.064,9.856000000000002
19,48,0.0,0.0,110.0,88.0,100.0,100.0,76-125,94.0,95.2,94.0,92.8,95.2,92.8,SAUDAVEL,12.0,7.200000000000003,9.600000000000001,9.120000000000001,10.08,8.64,10.559999999999999
19,49,0.0,0.0,109.0,87.2,100.0,100.0,76-125,93.6,94.88,93.6,92.32,94.88,92.32,SAUDAVEL,12.799999999999997,7.680000000000007,10.240000000000002,9.728000000000003,10.752,9.216000000000005,11.264
19,50,0.0,0.0,108.0,86.4,100.0,100.0,76-125,93.2,94.56,93.2,91.84,94.56,91.84,SAUDAVEL,13.599999999999994,8.159999999999997,10.879999999999995,10.335999999999995,11.423999999999996,9.791999999999994,11.967999999999995
19,51,0.0,0.0,107.0,85.6,100.0,100.0,76-125,92.8,94.24,92.8,91.36,94.24,91.36,SAUDAVEL,14.400000000000006,8.64,11.520000000000003,10.944000000000003,12.096000000000004,10.368000000000002,12.672000000000004
19,52,0.0,0.0,106.0,84.8,100.0,100.0,76-125,92.4,93.92,92.4,90.88,93.92,90.88,SAUDAVEL,15.200000000000003,9.120000000000005,12.160000000000004,11.552000000000003,12.768000000000002,10.944000000000003,13.376000000000001
19,53,0.0,0.0,105.0,84.0,100.0,100.0,76-125,92.0,93.6,92.0,90.4,93.6,90.4,SAUDAVEL,16.0,9.599999999999994,12.799999999999997,12.159999999999997,13.439999999999998,11.519999999999996,14.079999999999998
19,54,0.0,0.0,104.0,83.2,100.0,100.0,76-125,91.6,93.28,91.6,89.92,93.28,89.92,SAUDAVEL,16.799999999999997,10.079999999999998,13.439999999999998,12.767999999999997,14.111999999999998,12.095999999999997,14.783999999999997
19,55,0.0,0.0,103.0,82.39999999999999,100.0,100.0,76-125,91.2,92.96,91.2,89.44,92.96,89.44,SAUDAVEL,17.60000000000001,10.560000000000002,14.080000000000005,13.376000000000005,14.784000000000006,12.672000000000004,15.488000000000007
19,56,0.0,0.0,102.0,81.6,100.0,100.0,76-125,90.8,92.64,90.8,88.96,92.64,88.96,SAUDAVEL,18.400000000000006,11.040000000000006,14.720000000000006,13.984000000000005,15.456000000000007,13.248000000000005,16.192000000000004
19,57,0.0,0.0,101.0,80.80000000000001,100.0,100.0,76-125,90.4,92.32,90.4,88.48,92.32,88.48,SAUDAVEL,19.19999999999999,11.519999999999996,15.359999999999992,14.591999999999993,16.127999999999993,13.823999999999993,16.89599999999999
19,58,0.0,0.0,100.0,80.0,100.0,100.0,76-125,90.0,92.0,90.0,88.0,92.0,88.0,SAUDAVEL,20.0,12.0,16.0,15.2,16.8,14.399999999999999,17.6
19,59,0.0,0.0,99.0,79.2,100.0,100.0,76-125,89.6,91.68,89.6,87.52000000000001,91.68,87.52000000000001,SAUDAVEL,20.799999999999997,12.47999999999999,16.639999999999993,15.807999999999993,17.471999999999994,14.975999999999992,18.303999999999995
19,60,0.0,0.0,98.0,78.4,100.0,100.0,76-125,89.2,91.36,89.2,87.03999999999999,91.36,87.03999999999999,SAUDAVEL,21.599999999999994,12.960000000000008,17.28,16.416000000000004,18.144,15.552000000000003,19.008
19,61,0.0,0.0,97.0,77.60000000000001,100.0,100.0,76-125,88.80000000000001,91.04,88.80000000000001,86.56,91.04,86.56,SAUDAVEL,22.39999999999999,13.439999999999998,17.919999999999995,17.023999999999994,18.815999999999995,16.127999999999993,19.711999999999993
19,62,0.0,0.0,96.0,76.8,100.0,100.0,76-125,88.4,90.72,88.4,86.08,90.72,86.08,SAUDAVEL,23.200000000000003,13.920000000000002,18.560000000000002,17.632,19.488000000000003,16.704,20.416000000000004
19,63,0.0,0.0,95.0,76.0,100.0,100.0,76-125,88.0,90.4,88.0,85.6,90.4,85.6,SAUDAVEL,24.0,14.400000000000006,19.200000000000003,18.240000000000002,20.16,17.28,21.119999999999997
19,64,0.0,0.0,94.0,75.2,100.0,100.0,76-125,87.6,90.08,87.6,85.12,90.08,85.12,SAUDAVEL,24.799999999999997,14.879999999999995,19.839999999999996,18.848,20.831999999999994,17.855999999999995,21.823999999999995
19,65,0.0,16.171743205886703,93.0,74.4,100.0,83.8282567941133,76-125,83.96565135882267,86.52565135882267,83.15706419852833,82.21423851911699,85.71706419852833,82.21423851911699,SAUDAVEL,25.599999999999994,17.78576148088301,21.692880740441502,20.911456888529806,22.4743045923532,20.130033036618105,23.255728444264896
19,66,0.0,48.16950512210351,92.0,73.6,100.0,51.83049487789649,76-125,77.1660989755793,79.80609897557929,74.75762371947413,76.93457423168446,77.39762371947413,76.93457423168446,ATENCAO,26.400000000000006,23.065425768315535,24.73271288415777,24.399255460989323,25.066170307326217,24.065798037820876,25.399627730494664
19,67,0.0,77.41259678345669,91.0,72.8,100.0,22.587403216543308,76-125,70.91748064330866,73.63748064330866,67.04685080413583,72.0681104824815,69.76685080413583,72.0681104824815,ATENCAO,27.200000000000003,27.9318895175185,27.56594475875925,27.6391337105111,27.4927558070074,27.71232266226295,27.419566855255546
19,68,0.0,99.79018111682682,90.0,72.0,100.0,0.2098188831731846,76-125,66.04196377663463,68.84196377663463,61.05245472079329,68.23147283247597,63.85245472079329,68.23147283247597,ATENCAO,28.0,31.768527167524027,29.884263583762014,30.261116300514416,29.50741086700961,30.63796901726682,29.130558150257208
19,69,0.0,100.0,89.0,71.2,100.0,0.0,76-125,65.6,68.48,60.6,67.72,63.48,67.72,ATENCAO,28.799999999999997,32.28,30.54,30.887999999999998,30.192,31.235999999999997,29.843999999999994
19,70,0.0,100.0,88.0,70.39999999999999,100.0,0.0,76-125,65.19999999999999,68.16,60.2,67.24,63.16,67.24,ATENCAO,29.60000000000001,32.760000000000005,31.180000000000007,31.496000000000006,30.864000000000008,31.812000000000005,30.54800000000001
19,71,0.0,100.0,87.0,69.6,100.0,0.0,76-125,64.8,67.84,59.8,66.75999999999999,62.84,66.75999999999999,ATENCAO,30.400000000000006,33.24000000000001,31.820000000000007,32.10400000000001,31.53600000000001,32.388000000000005,31.252000000000002
19,72,0.0,100.0,86.0,68.8,100.0,0.0,76-125,64.4,67.52,59.4,66.28,62.52,66.28,ATENCAO,31.200000000000003,33.72,32.46,32.712,32.208,32.964,31.956
19,73,0.0,96.99410355283187,85.0,68.0,100.0,3.0058964471681264,76-125,64.60117928943363,67.80117928943363,59.75147411179204,66.25088446707521,62.95147411179204,66.25088446707521,ATENCAO,32.0,33.74911553292479,32.874557766462395,33.04946931975488,32.69964621316991,33.22438087304735,32.52473465987744
19,74,0.0,92.25811250759656,84.0,67.2,100.0,7.7418874924034355,76-125,65.14837749848068,68.42837749848069,60.53547187310086,66.4812831238605,63.81547187310086,66.4812831238605,ATENCAO,32.8,33.51871687613949,33.159358438069745,33.231230125683695,33.087486750455795,33.303101813297644,33.015615062841846
19,75,0.0,79.3120669237818,83.0,66.4,100.0,20.6879330762182,76-125,67.33758661524364,70.69758661524364,63.37198326905455,67.94318996143274,66.73198326905455,67.94318996143274,ATENCAO,33.599999999999994,32.056810038567264,32.82840501928363,32.674086023140354,32.9827240154269,32.51976702699708,33.13704301157017
19,76,2.4123387541049235,68.79221888111479,82.0,65.60000000000001,97.58766124589508,31.207781118885208,76-125,68.31785459754556,71.51662072213507,64.99886059119507,68.43808247930656,68.1976267157846,68.43808247930656,ATENCAO,34.39999999999999,31.56191752069344,32.98095876034672,32.69715051241606,33.264767008277374,32.41334226448541,33.548575256208025
19,77,8.463531419250074,60.70667004505964,81.0,64.8,91.53646858074993,39.29332995494036,76-125,67.71960656521304,70.39325342328804,65.10744963392257,67.65811663842854,67.78109649199757,67.65811663842854,ATENCAO,35.2,32.34188336157146,33.77094168078573,33.485130016942875,34.05675334462859,33.199318353100026,34.34256500847144
19,78,10.21358150116978,54.5484381167363,80.0,64.0,89.78641849883022,45.4515618832637,76-125,68.0262379263018,70.60487977618483,65.80949509552347,67.6643389071971,68.3881369454065,67.6643389071971,ATENCAO,36.0,32.335661092802894,34.16783054640145,33.801396655681735,34.53426443712115,33.43496276496202,34.90069832784087
19,79,21.35537772499301,61.439649819948016,79.0,63.2,78.644622275007,38.560350180051984,76-125,62.90545671851249,64.4499189460132,60.90124311376474,63.36520809575955,62.445705341265445,63.36520809575955,ATENCAO,36.8,36.63479190424045,36.71739595212023,36.70087514254427,36.73391676169618,36.68435433296831,36.75043757127213
19,80,14.410178076997363,60.05112399627186,78.0,62.4,85.58982192300263,39.94887600372814,76-125,64.86672177764642,67.18570396994669,62.58467448168269,64.82978688130987,64.90365667398295,64.82978688130987,ATENCAO,37.6,35.17021311869013,36.38510655934506,36.14212787121408,36.62808524747605,35.89914918308309,36.87106393560704
19,81,50.00974531813778,83.09808353148921,77.0,61.6,49.99025468186222,16.90191646851079,76-125,49.177459698260826,48.01648516644705,47.523042787593255,51.992851140742175,46.36206825577947,51.992851140742175,RISCO,38.4,48.007148859257825,43.203574429628915,44.1642893155547,42.24285954370313,45.12500420148048,41.282144657777344
19,82,48.12233045481538,99.06364584863076,76.0,60.8,51.87766954518462,0.936354151369244,76-125,46.15057169382923,45.258338648347696,43.60350592413846,49.589870509001535,42.71127287865693,49.589870509001535,RISCO,39.2,50.410129490998465,44.80506474549924,45.92607769459908,43.68405179639939,47.04709064369892,42.56303884729954
19,83,50.12231992096424,100.0,75.0,60.0,49.87768007903576,0.0,31-75,44.96330402371073,43.9510720316143,42.46942001975894,48.46942001975894,41.45718802766251,48.46942001975894,RISCO,40.0,51.53057998024106,45.76528999012053,46.91834798814463,44.612231992096426,48.071405986168735,43.459173994072316
19,84,50.063699001156834,100.0,74.0,59.199999999999996,49.936300998843166,0.0,31-75,44.58089029965295,43.65452039953727,42.08407524971079,48.00407524971079,41.15770534959511,48.00407524971079,RISCO,40.800000000000004,51.99592475028921,46.39796237514461,47.517554850173525,45.27836990011569,48.63714732520245,44.15877742508677
19,85,50.133079578134925,100.0,73.0,58.4,49.86692042186508,0.0,31-75,44.16007612655952,43.30676816874603,41.66673010546627,47.50673010546627,40.81342214765277,47.50673010546627,RISCO,41.6,52.49326989453373,47.04663494726687,48.135961936720236,45.9573079578135,49.225288926173604,44.867980968360115
19,86,50.04476555951267,100.0,72.0,57.599999999999994,49.95523444048733,0.0,31-75,43.7865703321462,43.022093776194936,41.28880861012183,47.048808610121824,40.52433205417056,47.048808610121824,RISCO,42.400000000000006,52.951191389878176,47.67559569493909,48.73071483392691,46.62047655595127,49.785833972914716,45.56535741696345
19,87,50.0184672501474,82.99676072324164,71.0,56.8,49.9815327498526,17.003239276758364,31-75,46.795107680307446,46.11326095529271,45.14619300665274,49.1258690789769,44.464346281638,49.1258690789769,RISCO,43.2,50.8741309210231,47.037065460511556,47.80447855261386,46.26965236840924,48.57189164471617,45.50223927630693
19,88,49.79913572915697,54.55540901503492,70.0,56.00000000000001,50.20086427084303,45.44459098496508,31-75,52.14917747824593,51.56926390533023,51.91136381395204,52.96690471545552,51.331450241036336,52.96690471545552,RISCO,43.99999999999999,47.03309528454448,45.516547642272236,45.819857170726685,45.21323811381779,46.12316669918113,44.90992858536334
19,89,50.2193665152376,46.56561579998736,69.0,55.2,49.7806334847624,53.43438420001264,31-75,53.22106688543124,52.679130233907486,53.40375442119376,53.58031600119249,52.86181776967,53.58031600119249,RISCO,44.8,46.41968399880751,45.609841999403756,45.771810399284504,45.44787359952301,45.93377879916525,45.285905199642244
19,90,50.13069540244373,15.55477104958099,68.0,54.400000000000006,49.86930459755627,84.44522895041901,31-75,59.04983716935068,58.59676762910631,60.77863338699382,57.77411049195192,60.325563846749446,57.77411049195192,RISCO,45.599999999999994,42.22588950804808,43.91294475402404,43.57553370482884,44.25035580321923,43.23812265563365,44.58776685241442
19,91,50.136037446101824,14.714086780155386,67.0,53.6,49.863962553898176,85.28591321984462,31-75,58.81637141013837,58.442767665528194,60.5874689434357,57.41887762145123,60.21386519882552,57.41887762145123,RISCO,46.4,42.58112237854877,44.49056118927439,44.10867342712926,44.87244895141951,43.726785664984135,45.254336713564626
19,92,45.38633729457472,0.0,66.0,52.800000000000004,54.61366270542528,100.0,31-75,62.78409881162759,62.96546508217011,65.05341567635632,60.33341567635632,65.23478194689885,60.33341567635632,ATENCAO,47.199999999999996,39.66658432364368,43.43329216182184,42.67995059418621,44.18663372945747,41.92660902655057,44.9399752970931
19,93,42.43257721558837,0.0,65.0,52.0,57.56742278441163,100.0,31-75,63.27022683532349,63.826969113764655,65.39185569610291,60.59185569610291,65.94859797454407,60.59185569610291,ATENCAO,48.0,39.40814430389709,43.704072151948544,42.844886582338255,44.563257721558834,41.98570101272796,45.42244329116912
19,94,37.06992151447724,0.0,64.0,51.2,62.93007848552276,100.0,31-75,64.47902354565683,65.6520313942091,66.3325196213807,61.45251962138069,67.50552746993297,61.45251962138069,ATENCAO,48.8,38.54748037861931,43.673740189309655,42.64848822717158,44.698992151447726,41.62323626503352,45.72424411358579
19,95,33.622362650335226,0.0,63.0,50.4,66.37763734966478,100.0,31-75,65.11329120489944,66.71105493986592,66.7944093374162,61.83440933741619,68.39217307238268,61.83440933741619,ATENCAO,49.6,38.16559066258381,43.8827953312919,42.73935439755029,45.026236265033525,41.595913463808664,46.16967719877514
19,96,33.45968584327223,0.0,62.0,49.6,66.54031415672776,100.0,31-75,64.76209424701833,66.45612566269111,66.43507853918194,61.39507853918194,68.12910995485473,61.39507853918194,ATENCAO,50.4,38.60492146081806,44.50246073040903,43.32295287649084,45.68196858432722,42.14344502257264,46.86147643824541
19,97,45.68879631683253,0.0,61.0,48.8,54.31120368316747,100.0,31-75,60.69336110495024,61.24448147326699,62.97780092079186,57.85780092079187,63.52892128910861,57.85780092079187,RISCO,51.2,42.14219907920813,46.67109953960407,45.76531944752489,47.576879631683255,44.85953935544569,48.48265972376244
19,98,38.854089904200464,0.0,60.0,48.0,61.145910095799536,100.0,31-75,62.34377302873986,63.65836403831982,64.28647752394988,59.08647752394988,65.60106853352984,59.08647752394988,RISCO,52.0,40.91352247605012,46.45676123802506,45.34811348563007,47.565408990420046,44.23946573323508,48.67405674281503
19,99,14.32146153350837,0.0,59.0,47.199999999999996,85.67853846649163,100.0,31-75,69.30356153994748,73.15141538659665,70.01963461662291,64.73963461662291,73.86748846327207,64.73963461662291,ATENCAO,52.800000000000004,35.26036538337709,44.03018269168855,42.27621923002626,45.78414615335084,40.52225576836396,47.53810961501313
19,100,13.296257807413513,0.0,58.0,46.400000000000006,86.70374219258649,100.0,31-75,69.21112265777595,73.24149687703459,69.87593554814663,64.51593554814663,73.90630976740528,64.51593554814663,ATENCAO,53.599999999999994,35.48406445185337,44.54203222592668,42.73043867111202,46.353625780741346,40.918845116297355,48.165219335556
19,101,22.742959913000576,0.0,57.0,45.6,77.25704008699942,100.0,31-75,65.97711202609983,69.14281603479978,67.11426002174986,61.67426002174986,70.2799640304498,61.67426002174986,ATENCAO,54.4,38.32573997825014,46.36286998912507,44.755443986950084,47.970295991300056,43.148017984775095,49.57772199347504
19,102,20.60307574532625,0.0,56.0,44.800000000000004,79.39692425467375,100.0,31-75,66.21907727640212,69.6787697018695,67.24923106366845,61.72923106366844,70.70892348913581,61.72923106366844,ATENCAO,55.199999999999996,38.27076893633156,46.735384468165776,45.04246136179893,48.428307574532624,43.34953825543209,50.12123068089946
19,103,18.253071094862285,0.0,55.0,44.0,81.74692890513771,100.0,31-75,66.5240786715413,70.2987715620551,67.43673222628442,61.836732226284425,71.2114251167982,61.836732226284425,ATENCAO,56.0,38.163267773715575,47.08163388685779,45.29796066422935,48.86530710948623,43.5142874416009,50.64898033211467
19,104,29.215958603716107,0.0,54.0,43.2,70.7840413962839,100.0,31-75,62.83521241888517,65.59361655851356,64.29601034907097,58.616010349070976,67.05441448869936,58.616010349070976,RISCO,56.8,41.383989650929024,49.09199482546451,47.55039379055741,50.633595860371614,46.00879275565032,52.1751968952787
19,105,33.80520637328199,0.0,53.0,42.4,66.19479362671801,100.0,31-75,61.0584380880154,63.43791745068721,62.7486984066795,56.988698406679504,65.12817776935131,56.988698406679504,RISCO,57.6,43.011301593320496,50.305650796660245,48.8467809559923,51.764520637328204,47.38791111532434,53.22339047799615
19,106,37.76919031844946,0.0,52.0,41.6,62.23080968155054,100.0,31-75,59.46924290446516,61.53232387262022,61.35770242038764,55.51770242038764,63.42078338854269,55.51770242038764,RISCO,58.4,44.48229757961236,51.44114878980618,50.04937854776742,52.83291903184494,48.657608305728644,54.224689273883705
19,107,28.95316267322975,18.67677168547135,51.0,40.8,71.04683732677026,81.32322831452865,31-75,57.97869686093681,61.00338059361384,58.492516410324725,54.440193578871856,61.51720014300175,54.440193578871856,RISCO,59.2,45.559806421128144,52.37990321056407,51.01588385267689,53.74392256845126,49.6518644947897,55.10794192633844
19,108,26.09938756966753,32.88641714363691,50.0,40.0,73.90061243033247,67.11358285636308,31-75,55.59290030037236,58.98296154340561,55.25354882167389,52.54219053603758,58.64361006470713,52.54219053603758,RISCO,60.0,47.45780946396242,53.72890473198121,52.474685678377455,54.983123785584965,51.22046662477369,56.23734283918873
19,109,18.2405506149344,16.568700987853628,49.0,39.2,81.75944938506561,83.43129901214637,31-75,60.81409461794895,65.07003955645551,60.897687099303,56.47455719808836,65.15363203780956,56.47455719808836,RISCO,60.8,43.52544280191164,52.16272140095582,50.43526568114699,53.89017712076465,48.70780996133814,55.617632840573485
19,110,21.491716808207688,1.233920484184072,48.0,38.4,78.50828319179232,98.76607951581592,31-75,62.50570086070088,66.51652917988011,63.51859067690207,57.481982725320464,67.52941899608129,57.481982725320464,RISCO,61.6,42.518017274679536,52.05900863733977,50.150810364807725,53.96720690987182,48.24261209227568,55.87540518240386
19,111,0.0,0.0,47.0,37.6,100.0,100.0,31-75,68.8,75.03999999999999,68.8,62.56,75.03999999999999,62.56,ATENCAO,62.4,37.44,49.92,47.424,52.416,44.928,54.912
19,112,0.0,0.0,46.0,36.8,100.0,100.0,31-75,68.4,74.72,68.4,62.08,74.72,62.08,ATENCAO,63.2,37.92,50.56,48.032,53.088,45.504000000000005,55.616
19,113,0.0,0.0,45.0,36.0,100.0,100.0,31-75,68.0,74.4,68.0,61.6,74.4,61.6,ATENCAO,64.0,38.4,51.2,48.64,53.76,46.08,56.31999999999999
19,114,12.959725193351984,0.0,44.0,35.199999999999996,87.04027480664801,100.0,31-75,63.7120824419944,68.8961099226592,64.360068701662,57.880068701662,69.5440961823268,57.880068701662,RISCO,64.80000000000001,42.119931298338,53.45996564916901,51.1919587790028,55.727972519335204,48.9239519088366,57.99597938950141
19,115,4.887905931845648,0.0,43.0,34.4,95.11209406815436,100.0,31-75,65.7336282204463,71.80483762726175,65.9780235170386,59.41802351703858,72.04923292385402,59.41802351703858,RISCO,65.6,40.58197648296142,53.09098824148071,50.58918588977685,55.59279059318456,48.08738353807299,58.09459294488842
19,116,7.162251110745442,0.0,42.0,33.6,92.83774888925456,100.0,31-75,64.65132466677636,70.57509955570183,65.00943722231364,58.36943722231364,70.9332121112391,58.36943722231364,RISCO,66.4,41.63056277768636,54.01528138884318,51.53833766661182,56.492225111074546,49.06139394438045,58.969168833305915
19,117,10.121958417697508,0.0,41.0,32.800000000000004,89.87804158230249,100.0,31-75,63.36341247469075,69.071216632921,63.86951039557562,57.149510395575625,69.57731455380588,57.149510395575625,RISCO,67.19999999999999,42.850489604424375,55.025244802212185,52.590293762654625,57.460195841769746,50.15534272309706,59.89514688132731
19,118,12.026681142726336,6.206434671936643,40.0,32.0,87.97331885727367,93.79356532806337,31-75,61.150708722794775,66.74804060852213,61.44172104633426,55.26236451352792,67.03905293206162,55.26236451352792,RISCO,68.0,44.73763548647208,56.368817743236036,54.04258129188325,58.695054194588835,51.71634484053045,61.02129064594162
19,119,4.177323979938576,19.652721275741765,39.0,31.2,95.82267602006142,80.34727872425823,31-75,60.41625855087007,66.87852615287622,59.64248868607992,54.727760813654086,66.10475628808605,54.727760813654086,RISCO,68.8,45.272239186345914,57.036119593172955,54.68334351180755,59.38889567453836,52.33056743044213,61.741671755903766
19,120,28.293556961029143,60.31826017008074,38.0,30.4,71.70644303897086,39.68173982991926,31-75,44.64828087767511,48.778925181572205,43.04704571722253,42.1188717342306,47.177690021119616,42.1188717342306,RISCO,69.6,57.8811282657694,63.7405641328847,62.56867695946164,64.91245130630776,61.39678978603858,66.0843384797308
19,121,31.62829735782103,59.24621052970805,37.0,29.599999999999998,68.37170264217897,40.75378947029195,31-75,43.46226868671208,47.33943895092997,42.08137302811773,40.96599408108853,45.958543292335634,40.96599408108853,RISCO,70.4,59.03400591891147,64.71700295945574,63.58040355134688,65.85360236756459,62.443804143238026,66.99020177567344
19,122,50.15939119205204,83.55678726907034,36.0,28.799999999999997,49.84060880794796,16.44321273092966,31-75,32.64082518857032,34.74488606936512,30.970955384719403,32.206634111626435,33.07501626551419,32.206634111626435,RISCO,71.2,67.79336588837356,69.49668294418677,69.15601953302414,69.83734635534942,68.81535612186148,70.17800976651206
19,123,50.34964947657402,100.0,35.0,28.000000000000004,49.65035052342598,0.0,31-75,28.8951051570278,31.060140209370395,26.412587630856496,29.212587630856497,28.57762268319909,29.212587630856497,CRITICO,72.0,70.78741236914351,71.39370618457176,71.2724474214861,71.5149649476574,71.15118865840046,71.63622371074305
19,124,50.3132583341767,100.0,34.0,27.200000000000003,49.6867416658233,0.0,31-75,28.50602249974699,30.754696666329323,26.021685416455824,28.741685416455823,28.27035958303816,28.741685416455823,CRITICO,72.8,71.25831458354418,72.0291572917721,71.8749887501265,72.18332583341767,71.72082020848092,72.33749437506324
19,125,50.49559721725655,100.0,33.0,26.400000000000002,49.50440278274345,0.0,31-75,28.051320834823034,30.361761113097383,25.576100695685863,28.21610069568586,27.88654097396021,28.21610069568586,CRITICO,73.6,71.78389930431413,72.69194965215706,72.51033958258847,72.87355972172566,72.32872951301988,73.05516979129423
19,126,50.414548548307565,100.0,32.0,25.6,49.58545145169244,0.0,31-75,27.67563543550773,30.074180580676977,25.19636286292311,27.75636286292311,27.59490800809236,27.75636286292311,CRITICO,74.4,72.24363713707689,73.32181856853845,73.10618228224614,73.53745485483076,72.89054599595383,73.75309114112306
19,127,50.247516286038056,100.0,31.0,24.8,49.75248371396194,0.0,31-75,27.325745114188585,29.82099348558478,24.838120928490486,27.318120928490487,27.33336929988668,27.318120928490487,CRITICO,75.2,72.68187907150951,73.94093953575475,73.68912744290571,74.1927516286038,73.43731535005665,74.44456372145285
19,128,50.32945795650709,100.0,30.0,24.0,49.67054204349291,0.0,0-30,26.90116261304788,29.468216817397167,24.417635510873225,26.817635510873224,26.98468971522252,26.817635510873224,CRITICO,76.0,73.18236448912677,74.59118224456338,74.30941869347606,74.87294579565071,74.02765514238874,75.15470934673803
19,129,50.44868643180388,89.51186018653895,29.0,23.200000000000003,49.55131356819612,10.488139813461046,0-30,28.563022033151043,31.19815338997066,26.609863345414293,27.88104936406819,29.244994702233903,27.88104936406819,CRITICO,76.8,72.11895063593181,74.45947531796591,73.99137038155908,74.92758025437273,73.52326544515226,75.39568519077955
19,130,50.55908228121966,70.19999374216972,28.0,22.400000000000002,49.44091771878034,29.80000625783028,0-30,31.99227656720016,34.69636833907819,31.010230994152653,30.270230368369628,33.71432276603069,30.270230368369628,RISCO,77.6,69.72976963163038,73.66488481581518,72.87786177897823,74.45190785265214,72.09083874214126,75.2389308894891
19,131,50.42265953529631,31.137696469948462,27.0,21.6,49.57734046470369,68.86230353005153,0-30,39.44566284542141,42.24339689189178,40.4099109986888,35.68368064568365,43.207645045159175,35.68368064568365,RISCO,78.4,64.31631935431635,71.35815967715817,69.9497916125898,72.76652774172655,68.54142354802144,74.1748958062949
19,132,50.63227487839331,30.845295663802336,26.0,20.8,49.36772512160669,69.15470433619767,0-30,39.04125840372154,41.89803091588221,40.030607364451086,35.195136930831325,42.88737987661176,35.195136930831325,RISCO,79.2,64.80486306916868,72.00243153458433,70.5629178415012,73.44194522766747,69.12340414841808,74.8814589207506
19,133,50.61135480106717,38.35833402396919,25.0,20.0,49.38864519893283,61.64166597603081,0-30,37.144926754886015,40.083791274779294,37.75757779374091,33.59341119613783,40.69644231363419,33.59341119613783,RISCO,80.0,66.40658880386218,73.20329440193109,71.8439532823173,74.56263552154488,70.48461216270351,75.92197664115865
19,134,50.70560797163447,45.25726613785077,24.0,19.2,49.29439202836553,54.74273386214923,0-30,35.3368643809395,38.34630358377606,35.60928147262869,32.055008086413764,38.61872067546524,32.055008086413764,RISCO,80.8,67.94499191358624,74.37249595679312,73.08699514815174,75.65799676543449,71.80149433951036,76.94349757407586
19,135,51.01294152278212,84.6142170857386,23.0,18.4,48.98705847721788,15.385782914261398,0-30,26.97327412601764,30.031979973739432,25.293210347869817,25.59463205644368,28.35191619559161,25.59463205644368,CRITICO,81.6,74.40536794355631,78.00268397177815,77.28322076613378,78.72214717742253,76.56375756048942,79.44161038306689
19,136,51.20808364219656,100.0,22.0,17.599999999999998,48.79191635780344,0.0,0-30,23.43757490734103,26.556766543121377,20.99797908945086,22.757979089450856,24.1171707252312,22.757979089450856,CRITICO,82.4,77.24202091054914,79.82101045527457,79.30521254632949,80.33680836421966,78.7894146373844,80.85260627316474
19,137,51.42252428015786,100.0,21.0,16.8,48.57747571984214,0.0,0-30,22.973242715952644,26.150990287936857,20.54436892996053,22.224368929960534,23.722116501944747,22.224368929960534,CRITICO,83.2,77.77563107003947,80.48781553501973,79.94537864202368,81.03025242801579,79.40294174902763,81.57268932101184
19,138,51.80148102354314,100.0,20.0,16.0,48.19851897645686,0.0,0-30,22.45955569293706,25.67940759058275,20.049629744114213,21.64962974411421,23.269481641759903,21.64962974411421,CRITICO,84.0,78.35037025588579,81.1751851279429,80.61022215353148,81.74014810235431,80.04525917912005,82.30511107676574
19,139,52.4088801152548,100.0,19.0,15.2,47.5911198847452,0.0,0-30,21.87733596542356,25.11644795389808,19.497779971186297,21.0177799711863,22.736891959660817,21.0177799711863,CRITICO,84.8,78.9822200288137,81.89111001440685,81.30933201728823,82.47288801152547,80.72755402016958,83.0546660086441
19,140,52.562920216553486,100.0,18.0,14.399999999999999,47.437079783446514,0.0,0-30,21.431123935033952,24.734831913378606,19.05926994586163,20.499269945861627,22.36297792420628,20.499269945861627,CRITICO,85.6,79.50073005413837,82.55036502706918,81.94043803248303,83.16029202165535,81.33051103789685,83.7702190162415
19,141,52.67797585220859,100.0,17.0,13.600000000000001,47.32202414779141,0.0,0-30,20.996607244337422,24.368809659116565,18.630506036947853,19.990506036947853,22.002708451727,19.990506036947853,CRITICO,86.4,80.00949396305215,83.20474698152609,82.5656963778313,83.84379758522087,81.9266457741365,84.48284818891564
19,142,52.83685082764893,100.0,16.0,12.8,47.16314917235107,0.0,0-30,20.54894475170532,23.98525966894043,18.19078729308777,19.470787293087767,21.627102210322874,19.470787293087767,CRITICO,87.2,80.52921270691223,83.86460635345611,83.19752762414734,84.5316850827649,82.53044889483856,85.19876381207366
19,143,53.10857767277622,100.0,15.0,12.0,46.89142232722378,0.0,0-30,20.06742669816713,23.55656893088951,17.722855581805945,18.922855581805944,21.211997814528324,18.922855581805944,CRITICO,88.0,81.07714441819405,84.53857220909703,83.84628665091643,85.23085776727763,83.15400109273583,85.92314332545821
19,144,53.00347171317528,100.0,14.0,11.200000000000001,46.99652828682472,0.0,0-30,19.698958486047417,23.27861131472989,17.34913207170618,18.46913207170618,20.928784900388653,18.46913207170618,CRITICO,88.8,81.53086792829382,85.1654339641469,84.43852075697629,85.89234717131752,83.71160754980566,86.61926037848814
19,145,53.06650282582933,100.0,13.0,10.4,46.93349717417067,0.0,0-30,19.2800491522512,22.933398869668267,16.933374293542666,17.97337429354267,20.58672401095973,17.97337429354267,CRITICO,89.6,82.02662570645734,85.81331285322867,85.0559754238744,86.57065028258293,84.29863799452013,87.3279877119372
19,146,53.59497026888209,100.0,12.0,9.6,46.40502973111791,0.0,0-30,18.72150891933537,22.402011892447163,16.401257432779477,17.361257432779475,20.081760405891263,17.361257432779475,CRITICO,90.4,82.63874256722053,86.51937128361027,85.74324554033232,87.29549702688821,84.96711979705437,88.07162277016616
19,147,53.847947275180736,100.0,11.0,8.799999999999999,46.152052724819264,0.0,0-30,18.245615817445778,21.980821089927705,15.938013181204816,16.818013181204815,19.67321845368674,16.818013181204815,CRITICO,91.2,83.18198681879518,87.19099340939759,86.38919209127711,87.99279472751807,85.58739077315661,88.79459604563854
19,148,54.37455474188511,100.0,10.0,8.0,45.62544525811489,0.0,0-30,17.687633577434468,21.45017810324596,15.406361314528722,16.20636131452872,19.16890584034021,16.20636131452872,CRITICO,92.0,83.79363868547128,87.89681934273564,87.07618321128277,88.71745547418851,86.2555470798299,89.53809160564137
19,149,54.83840676624973,100.0,9.0,7.199999999999999,45.16159323375027,0.0,0-30,17.14847797012508,20.944637293500108,14.890398308437566,15.610398308437569,18.6865576318126,15.610398308437569,CRITICO,92.8,84.38960169156243,88.59480084578121,87.75376101493745,89.43584067662498,86.9127211840937,90.27688050746872
19,150,55.139983703903695,100.0,8.0,6.4,44.86001629609631,0.0,0-30,16.65800488882889,20.504006518438523,14.415004074024075,15.055004074024076,18.261005703633707,15.055004074024076,CRITICO,93.6,84.94499592597592,89.27249796298796,88.40699755558555,90.13799837039036,87.54149714818314,91.00349877779277
19,151,55.708671339375705,100.0,7.0,5.6000000000000005,44.291328660624295,0.0,0-30,16.08739859818729,19.95653146424972,13.872832165156074,14.432832165156077,17.741965031218502,14.432832165156077,CRITICO,94.4,85.56716783484393,89.98358391742197,89.10030070090636,90.86686713393757,88.21701748439074,91.75015035045317
19,152,55.702547520251,100.0,6.0,4.8,44.297452479749,0.0,0-30,15.6892357439247,19.6389809918996,13.47436311993725,13.954363119937248,17.424108367912147,13.954363119937248,CRITICO,95.2,86.04563688006274,90.62281844003138,89.70738212803765,91.5382547520251,88.79194581604392,92.45369106401883
19,153,56.23479505257488,100.0,5.0,4.0,43.76520494742512,0.0,0-30,15.129561484227535,19.10608197897005,12.94130123685628,13.34130123685628,16.917821731598792,13.34130123685628,CRITICO,96.0,86.65869876314372,91.32934938157186,90.39521925788623,92.2634795052575,89.46108913420059,93.1976096289431
19,154,56.84502854601228,100.0,4.0,3.2,43.15497145398772,0.0,0-30,14.546491436196316,18.54198858159509,12.38874286349693,12.70874286349693,16.384240008895702,12.70874286349693,CRITICO,96.8,87.29125713650308,92.04562856825154,91.09475428190184,92.99650285460123,90.14387999555214,93.94737714095092
19,155,57.34421533135748,100.0,3.0,2.4,42.65578466864252,0.0,0-30,13.996735400592756,18.022313867457008,11.863946167160629,12.103946167160627,15.88952463402488,12.103946167160627,CRITICO,97.6,87.89605383283937,92.74802691641969,91.77763229970361,93.71842153313574,90.80723768298755,94.6888161498518
19,156,57.90734858252389,100.0,2.0,1.6,42.09265141747611,0.0,0-30,13.427795425242834,17.477060566990446,11.323162854369029,11.483162854369027,15.372427996116638,11.483162854369027,CRITICO,98.4,88.51683714563097,93.45841857281549,92.47010228737858,94.4467348582524,91.48178600194167,95.4350511436893
19,157,58.64409559166808,100.0,1.0,0.8,41.35590440833192,0.0,0-30,12.806771322499577,16.862361763332768,10.73897610208298,10.81897610208298,14.79456654291617,10.81897610208298,CRITICO,99.2,89.18102389791702,94.19051194895852,93.18861433875021,95.1924095591668,92.18671672854191,96.1943071693751
19,158,59.231714540055954,100.0,0.0,0.0,40.768285459944046,0.0,0-30,12.230485637983213,16.30731418397762,10.192071364986012,10.192071364986012,14.268899910980416,10.192071364986012,CRITICO,100.0,89.807928635014,94.90396431750699,93.8847571810084,95.9231714540056,92.86555004450979,96.9423785905042
23,39,43.518997145330594,22.813178828194403,129.0,100.0,56.481002854669406,77.1868211718056,RUL > 125,82.38166509076194,78.0297653762289,83.41695600661875,85.69827388943818,79.0650562920857,85.69827388943818,SAUDAVEL,0.0,14.301726110561816,7.150863055280908,8.581035666337089,5.720690444224727,10.011208277393271,4.290517833168544
23,40,42.41858110766898,32.37585624809422,128.0,100.0,57.58141889233102,67.62414375190578,RUL > 125,80.79925441808047,76.55739630731357,81.3013906610592,84.53897628586863,77.0595325502923,84.53897628586863,SAUDAVEL,0.0,15.461023714131372,7.730511857065686,9.276614228478822,6.184409485652549,10.82271659989196,4.638307114239411
23,41,26.154522397349943,22.516679532433468,127.0,100.0,73.84547760265005,77.48332046756653,RUL > 125,87.65030737430831,85.03485513457332,87.83219951755413,90.08386747079749,85.21674727781914,90.08386747079749,SAUDAVEL,0.0,9.916132529202514,4.958066264601257,5.949679517521508,3.966453011681006,6.941292770441759,2.974839758760754
23,42,13.447397886542978,0.6662016885434304,126.0,100.0,86.55260211345703,99.33379831145658,RUL > 125,95.83254029632842,94.48780050767414,96.4716001062284,96.53822027508276,95.1268603175741,96.53822027508276,SAUDAVEL,0.0,3.4617797249172355,1.7308898624586178,2.0770678349503413,1.3847118899668942,2.423245807442065,1.0385339174751707
23,43,20.185786035729883,0.0,125.0,100.0,79.81421396427012,100.0,76-125,93.94426418928104,91.92568558570804,94.95355349106754,94.95355349106754,92.93497488749456,94.95355349106754,SAUDAVEL,0.0,5.046446508932462,2.523223254466231,3.0278679053594773,2.0185786035729847,3.532512556252723,1.5139339526797386
23,44,28.2415969693284,0.0,124.0,99.2,71.7584030306716,100.0,76-125,91.12752090920148,88.38336121226865,92.5396007576679,92.4596007576679,89.79544106073507,92.4596007576679,SAUDAVEL,0.7999999999999972,7.5403992423321,4.170199621166049,4.844239545399258,3.4961596969328386,5.518279469632469,2.8221197726996277
23,45,35.94097666898,0.0,123.0,98.4,64.05902333102,100.0,76-125,88.417706999306,84.98360933240801,90.214755832755,90.054755832755,86.780658165857,90.054755832755,SAUDAVEL,1.5999999999999943,9.945244167244994,5.772622083622494,6.607146500346994,4.938097666897995,7.441670917071494,4.103573250173494
23,46,26.53930357513361,0.0,122.0,97.6,73.4606964248664,100.0,76-125,90.83820892745992,88.42427856994655,92.1651741062166,91.9251741062166,89.75124374870325,91.9251741062166,SAUDAVEL,2.4000000000000057,8.074825893783398,5.237412946891702,5.804895536270041,4.669930357513363,6.37237812564838,4.102447768135023
23,47,19.358271744496378,0.0,121.0,96.8,80.64172825550362,100.0,76-125,92.59251847665108,90.97669130220146,93.56043206387592,93.2404320638759,91.94460488942627,93.2404320638759,SAUDAVEL,3.200000000000003,6.7595679361241,4.979783968062051,5.335740761674461,4.623827174449642,5.69169755528687,4.267870380837232
23,48,16.786788747308115,0.0,120.0,96.0,83.21321125269188,100.0,76-125,92.96396337580757,91.68528450107677,93.80330281317296,93.40330281317296,92.52462393844216,93.40330281317296,SAUDAVEL,4.0,6.596697186827043,5.298348593413522,5.558018312096226,5.0386788747308175,5.81768803077893,4.7790091560481125
23,49,26.219181732977525,0.0,119.0,95.19999999999999,73.78081826702248,100.0,76-125,89.73424548010674,87.592327306809,91.0452045667556,90.5652045667556,88.90328639345786,90.5652045667556,SAUDAVEL,4.800000000000011,9.434795433244403,7.117397716622207,7.5808772599466465,6.653918173297768,8.044356803271086,6.190438629973329
23,50,29.346484606964225,6.1243587348187445,118.0,94.39999999999999,70.65351539303578,93.87564126518126,76-125,87.17118287094698,84.79653441025056,88.33228916455425,88.38472503803614,85.95764070385783,88.38472503803614,SAUDAVEL,5.6000000000000085,11.615274961963863,8.607637480981936,9.20916497717832,8.006109984785551,9.810692473374706,7.404582488589164
23,51,28.62700417110844,12.025044348490598,117.0,93.60000000000001,71.37299582889156,87.9749556515094,76-125,85.80688987896934,83.5841894618585,86.63698787010024,87.1994923049493,84.4142874529894,87.1994923049493,SAUDAVEL,6.3999999999999915,12.800507695050698,9.600253847525344,10.240304617030414,8.960203078020275,10.880355386535484,8.320152308515203
23,52,25.599574482546416,1.263890147939224,116.0,92.80000000000001,74.40042551745358,98.73610985206078,76-125,88.46734962564824,86.62739217739359,89.6841338423786,89.09052285717252,87.84417639412395,89.09052285717252,SAUDAVEL,7.199999999999989,10.909477142827484,9.054738571413736,9.425686285696486,8.683790857130987,9.796633999979235,8.312843142848237
23,53,50.00458421638482,16.942332905034185,115.0,92.0,49.99541578361518,83.05766709496581,76-125,77.61015815407771,73.40969973243924,79.26327071964525,80.15750401014867,75.06281229800678,80.15750401014867,SAUDAVEL,8.0,19.84249598985133,13.921247994925665,15.105497593910798,12.736998395940532,16.28974719289593,11.552748796955399
23,54,41.84223658698872,27.905103767292005,114.0,91.2,58.15776341301128,72.094896232708,76-125,77.46630827044498,74.16208461174611,78.16316491142982,80.07367528815901,74.85894125273094,80.07367528815901,SAUDAVEL,8.799999999999997,19.92632471184099,14.363162355920494,15.475794827104593,13.250529884736395,16.588427298288693,12.137897413552295
23,55,50.08205129997626,57.56339062297003,113.0,90.4,49.91794870002374,42.43660937702997,76-125,68.66270648541312,64.6145013554155,68.28863951926343,73.08497858156043,64.2404343892658,73.08497858156043,ATENCAO,9.599999999999994,26.915021418439565,18.25751070921978,19.989012851063734,16.526008567375825,21.72051499290769,14.794506425531864
23,56,50.16295361885492,79.06899746226686,112.0,89.60000000000001,49.83704638114508,20.931002537733136,76-125,63.93731442189016,59.961019060004666,62.49201222971956,69.35891197594624,58.51571686783407,69.35891197594624,ATENCAO,10.399999999999991,30.641088024053758,20.520544012026875,22.54465281443225,18.4964352096215,24.568761616837627,16.47232640721612
23,57,50.09892892226884,81.03103022331844,111.0,88.8,49.90107107773116,18.96896977668156,76-125,63.16411527865566,59.27422238642878,61.61751021360318,68.60061323593501,57.7276173213763,68.60061323593501,ATENCAO,11.200000000000003,31.399386764064985,21.299693382032494,23.31963205843899,19.279754705625997,25.339570734845488,17.259816029219497
23,58,50.02356901359912,67.18261290250148,110.0,88.0,49.97643098640088,32.817387097498525,76-125,65.55640671541997,61.75404981406006,64.69845452097485,70.216715811225,60.896097619614935,70.216715811225,ATENCAO,12.0,29.783284188775,20.8916420943875,22.669970513265,19.11331367551,24.4482989321425,17.3349852566325
23,59,34.788466491618415,41.5760816159842,109.0,87.2,65.21153350838159,58.4239183840158,76-125,74.84824372931764,72.64939708015581,74.50886297309935,77.38647113469777,72.3100163239375,77.38647113469777,ATENCAO,12.799999999999997,22.61352886530223,17.706764432651113,18.688117319181337,16.72541154612089,19.66947020571156,15.744058659590666
23,60,31.9108354021936,15.132737096480712,108.0,86.4,68.0891645978064,84.86726290351929,76-125,80.60020196004578,78.76911841982643,81.43910687533143,81.5923805849795,79.60802333511207,81.5923805849795,SAUDAVEL,13.599999999999994,18.407619415020505,16.00380970751025,16.484571649012302,15.5230477660082,16.96533359051435,15.042285824506148
23,61,37.04742936660684,0.0,107.0,85.6,62.95257063339316,100.0,76-125,81.68577119001795,79.42102825335726,83.53814265834828,82.09814265834828,81.27339972168761,82.09814265834828,SAUDAVEL,14.400000000000006,17.90185734165172,16.150928670825863,16.501114404991036,15.80074293666069,16.851300139156205,15.45055720249552
23,62,36.840707299797536,0.0,106.0,84.8,63.159292700202464,100.0,76-125,81.34778781006074,79.18371708008098,83.1898231750506,81.66982317505061,81.02575244507086,81.66982317505061,SAUDAVEL,15.200000000000003,18.33017682494939,16.765088412474697,17.078106094969634,16.45207072997976,17.39112377746457,16.13905304748482
23,63,30.689350795229306,0.0,105.0,84.0,69.3106492047707,100.0,76-125,82.79319476143121,81.32425968190827,84.32766230119267,82.72766230119268,82.85872722166974,82.72766230119268,SAUDAVEL,16.0,17.27233769880732,16.63616884940366,16.763402619284392,16.508935079522928,16.890636389165124,16.381701309642196
23,64,27.70393178842538,0.0,104.0,83.2,72.29606821157462,100.0,76-125,83.28882046347239,82.19842728462984,84.67401705289366,82.99401705289365,83.58362387405111,82.99401705289365,SAUDAVEL,16.799999999999997,17.005982947106347,16.902991473553172,16.923589768263806,16.882393178842538,16.94418806297444,16.861794884131903
23,65,18.92631518698437,0.0,103.0,82.39999999999999,81.07368481301563,100.0,76-125,85.52210544390468,85.38947392520626,86.46842120325391,84.70842120325389,86.33578968455546,84.70842120325389,SAUDAVEL,17.60000000000001,15.291578796746109,16.44578939837306,16.214947278047667,16.67663151869845,15.984105157722276,16.907473639023838
23,66,26.639646278555645,0.0,102.0,81.6,73.36035372144435,100.0,76-125,82.80810611643331,81.98414148857775,84.14008843036109,82.30008843036109,83.31612380250553,82.30008843036109,SAUDAVEL,18.400000000000006,17.699911569638914,18.04995578481946,17.979946941783354,18.11996462785557,17.90993809874724,18.189973470891676
23,67,30.58829263581146,0.0,101.0,80.80000000000001,69.41170736418854,100.0,76-125,81.22351220925657,80.08468294567543,82.75292684104714,80.83292684104714,81.614097577466,80.83292684104714,SAUDAVEL,19.19999999999999,19.16707315895286,19.183536579476424,19.18024389537171,19.18682926358114,19.176951211266996,19.19012194768585
23,68,26.119845139549707,0.0,100.0,80.0,73.88015486045029,100.0,76-125,82.16404645813509,81.55206194418011,83.47003871511257,81.47003871511257,82.8580542011576,81.47003871511257,SAUDAVEL,20.0,18.529961284887435,19.264980642443717,19.117976770932458,19.411984513954973,18.970972899421206,19.55898838546623
23,69,12.281830637256649,0.0,99.0,79.2,87.71816936274335,100.0,76-125,85.91545080882301,86.76726774509734,86.52954234068584,84.44954234068584,87.38135927696018,84.44954234068584,SAUDAVEL,20.799999999999997,15.550457659314162,18.17522882965708,17.650274595588495,18.700183063725664,17.12532036151991,19.225137297794245
23,70,9.903967918953146,0.0,98.0,78.4,90.09603208104686,100.0,76-125,86.22880962431407,87.39841283241874,86.72400802026172,84.56400802026171,87.8936112283664,84.56400802026171,SAUDAVEL,21.599999999999994,15.43599197973829,18.517995989869142,17.90159518784297,19.134396791895313,17.2851943858168,19.750797593921483
23,71,13.419584534703164,0.0,97.0,77.60000000000001,86.58041546529684,100.0,76-125,84.77412463958905,85.67216618611874,85.44510386632422,83.20510386632421,86.3431454128539,83.20510386632421,SAUDAVEL,22.39999999999999,16.794896133675792,19.59744806683789,19.036937680205472,20.15795845347031,18.476427293573053,20.71846884010273
23,72,15.598461054152844,0.0,96.0,76.8,84.40153894584715,100.0,76-125,83.72046168375414,84.48061557833887,84.50038473646178,82.18038473646179,85.2605386310465,82.18038473646179,SAUDAVEL,23.200000000000003,17.81961526353821,20.509807631769107,19.971769158122925,21.047846105415285,19.43373068447675,21.585884579061464
23,73,23.28997073784973,0.0,95.0,76.0,76.71002926215027,100.0,76-125,81.01300877864509,81.08401170486012,82.17750731553757,79.77750731553758,82.2485102417526,79.77750731553758,ATENCAO,24.0,20.222492684462424,22.11124634223121,21.733495610677455,22.48899707378497,21.355744879123694,22.866747805338726
23,74,19.338596704609667,0.0,94.0,75.2,80.66140329539033,100.0,76-125,81.7984209886171,82.34456131815614,82.76535082384758,80.28535082384758,83.31149115338661,80.28535082384758,SAUDAVEL,24.799999999999997,19.71464917615242,22.25732458807621,21.74878950569145,22.765859670460966,21.24025442330669,23.274394752845723
23,75,6.533767734365477,0.0,93.0,74.4,93.46623226563452,100.0,76-125,85.23986967969036,87.14649290625381,85.56655806640863,83.00655806640863,87.47318129297209,83.00655806640863,SAUDAVEL,25.599999999999994,16.99344193359137,21.296720966795682,20.43606516015482,22.157376773436546,19.575409353513955,23.018032580077406
23,76,19.08228459408604,0.0,92.0,73.6,80.91771540591395,100.0,76-125,81.07531462177418,81.80708616236558,82.02942885147849,79.38942885147848,82.76120039206988,79.38942885147848,ATENCAO,26.400000000000006,20.610571148521515,23.50528557426076,22.92634268911291,24.08422845940861,22.34739980396506,24.66317134455646
23,77,24.0633786693949,3.4705022264194856,91.0,72.8,75.9366213306051,96.52949777358052,76-125,78.48688595389764,78.80054808695814,79.51652977604641,77.14357999868835,79.83019190910692,77.14357999868835,ATENCAO,27.200000000000003,22.856420001311648,25.028210000655825,24.59385200078699,25.462568000524662,24.15949400091815,25.896926000393492
23,78,23.71298409541322,19.11517143616281,90.0,72.0,76.28701590458678,80.88482856383719,76-125,75.06307048414347,75.49177207460215,75.29296111710599,74.40447826072227,75.72166270756466,74.40447826072227,ATENCAO,28.0,25.59552173927773,26.797760869638864,26.557313043566637,27.03820869571109,26.31686521749441,27.278656521783315
23,79,9.967956514584555,8.492579544401767,89.0,71.2,90.03204348541544,91.50742045559824,76-125,80.91109713674427,82.79430148528583,80.98486598525342,78.9541239396936,82.86807033379498,78.9541239396936,ATENCAO,28.799999999999997,21.045876060306398,24.922938030153198,24.147525636183836,25.69835042412256,23.372113242214475,26.473762818091917
23,80,4.567605225690535,0.0,88.0,70.39999999999999,95.43239477430949,100.0,76-125,83.82971843229284,86.33295790972379,84.05809869357736,81.09809869357736,86.56133817100832,81.09809869357736,SAUDAVEL,29.60000000000001,18.901901306422644,24.250950653211326,23.18114078385359,25.320760522569064,22.111330914495852,26.3905703919268
23,81,14.071990970945306,0.0,87.0,69.6,85.92800902905469,100.0,76-125,80.5784027087164,82.21120361162188,81.28200225726367,78.24200225726366,82.91480316016914,78.24200225726366,ATENCAO,30.400000000000006,21.757997742736336,26.07899887136817,25.214798645641807,26.943199097094535,24.350598419915435,27.807399322820903
23,82,10.371473696260292,0.0,86.0,68.8,89.6285263037397,100.0,76-125,81.28855789112191,83.37141052149589,81.80713157593493,78.68713157593493,83.8899842063089,78.68713157593493,ATENCAO,31.200000000000003,21.312868424065073,26.256434212032538,25.267721054439043,27.245147369626032,24.27900789684555,28.23386052721952
23,83,0.0,0.0,85.0,68.0,100.0,100.0,76-125,84.0,87.2,84.0,80.8,87.2,80.8,SAUDAVEL,32.0,19.200000000000003,25.6,24.32,26.880000000000003,23.04,28.16
23,84,0.0,0.0,84.0,67.2,100.0,100.0,76-125,83.6,86.88,83.6,80.32,86.88,80.32,SAUDAVEL,32.8,19.680000000000007,26.240000000000002,24.928000000000004,27.552,23.616,28.863999999999997
23,85,0.0,0.0,83.0,66.4,100.0,100.0,76-125,83.2,86.56,83.2,79.84,86.56,79.84,ATENCAO,33.599999999999994,20.159999999999997,26.879999999999995,25.535999999999994,28.223999999999997,24.191999999999993,29.567999999999994
23,86,0.0,0.0,82.0,65.60000000000001,100.0,100.0,76-125,82.80000000000001,86.24000000000001,82.80000000000001,79.36000000000001,86.24000000000001,79.36000000000001,ATENCAO,34.39999999999999,20.639999999999986,27.51999999999999,26.14399999999999,28.895999999999987,24.767999999999986,30.271999999999988
23,87,0.0,0.0,81.0,64.8,100.0,100.0,76-125,82.4,85.92,82.4,78.88,85.92,78.88,ATENCAO,35.2,21.120000000000005,28.160000000000004,26.752000000000002,29.568000000000005,25.344,30.976000000000003
23,88,0.0,0.0,80.0,64.0,100.0,100.0,76-125,82.0,85.6,82.0,78.4,85.6,78.4,ATENCAO,36.0,21.599999999999994,28.799999999999997,27.359999999999996,30.239999999999995,25.919999999999995,31.679999999999996
23,89,0.0,0.0,79.0,63.2,100.0,100.0,76-125,81.6,85.28,81.6,77.92,85.28,77.92,ATENCAO,36.8,22.08,29.439999999999998,27.967999999999996,30.912,26.495999999999995,32.384
23,90,0.0,0.0,78.0,62.4,100.0,100.0,76-125,81.2,84.96000000000001,81.2,77.44,84.96000000000001,77.44,ATENCAO,37.6,22.560000000000002,30.080000000000002,28.576,31.584,27.072,33.088
23,91,0.0,0.0,77.0,61.6,100.0,100.0,76-125,80.8,84.64,80.8,76.96000000000001,84.64,76.96000000000001,ATENCAO,38.4,23.039999999999992,30.719999999999995,29.183999999999994,32.256,27.647999999999993,33.791999999999994
23,92,0.0,0.0,76.0,60.8,100.0,100.0,76-125,80.4,84.32,80.4,76.47999999999999,84.32,76.47999999999999,ATENCAO,39.2,23.52000000000001,31.360000000000007,29.79200000000001,32.928000000000004,28.224000000000004,34.496
23,93,0.0,0.0,75.0,60.0,100.0,100.0,31-75,80.0,84.0,80.0,76.0,84.0,76.0,ATENCAO,40.0,24.0,32.0,30.4,33.6,28.799999999999997,35.2
23,94,0.0,0.0,74.0,59.199999999999996,100.0,100.0,31-75,79.6,83.68,79.6,75.52,83.68,75.52,ATENCAO,40.800000000000004,24.480000000000004,32.64,31.008000000000006,34.272000000000006,29.376000000000005,35.904
23,95,0.0,0.0,73.0,58.4,100.0,100.0,31-75,79.2,83.36,79.2,75.03999999999999,83.36,75.03999999999999,ATENCAO,41.6,24.960000000000008,33.28,31.616000000000007,34.944,29.952000000000005,36.608
23,96,0.0,0.0,72.0,57.599999999999994,100.0,100.0,31-75,78.8,83.03999999999999,78.8,74.56,83.03999999999999,74.56,ATENCAO,42.400000000000006,25.439999999999998,33.92,32.224000000000004,35.616,30.528,37.312000000000005
23,97,0.0,0.0,71.0,56.8,100.0,100.0,31-75,78.4,82.72,78.4,74.08,82.72,74.08,ATENCAO,43.2,25.92,34.56,32.832,36.288000000000004,31.104,38.016
23,98,0.0,0.0,70.0,56.00000000000001,100.0,100.0,31-75,78.0,82.4,78.0,73.6,82.4,73.6,ATENCAO,43.99999999999999,26.400000000000006,35.2,33.44,36.959999999999994,31.68,38.72
23,99,0.0,0.0,69.0,55.2,100.0,100.0,31-75,77.6,82.08,77.6,73.12,82.08,73.12,ATENCAO,44.8,26.879999999999995,35.839999999999996,34.047999999999995,37.632,32.25599999999999,39.42399999999999
23,100,0.0,0.0,68.0,54.400000000000006,100.0,100.0,31-75,77.2,81.76,77.2,72.64,81.76,72.64,ATENCAO,45.599999999999994,27.36,36.48,34.656,38.303999999999995,32.831999999999994,40.12799999999999
23,101,0.0,1.2267589584608023,67.0,53.6,100.0,98.7732410415392,31-75,76.55464820830784,81.19464820830784,76.49331026038479,71.97598615623087,81.1333102603848,71.97598615623087,ATENCAO,46.4,28.024013843769126,37.212006921884566,35.37440830626147,39.04960553750765,33.536809690638385,40.88720415313073
23,102,0.0,22.904545686009754,66.0,52.800000000000004,100.0,77.09545431399025,31-75,71.81909086279805,76.53909086279805,70.67386357849756,68.24431814709854,75.39386357849756,68.24431814709854,ATENCAO,47.199999999999996,31.75568185290146,39.477840926450725,37.93340911174087,41.02227274116058,36.38897729703102,42.56670455587043
23,103,0.0,35.66240734283469,65.0,52.0,100.0,64.33759265716532,31-75,68.86751853143306,73.66751853143306,67.08439816429133,65.8506388985748,71.88439816429133,65.8506388985748,ATENCAO,48.0,34.1493611014252,41.0746805507126,39.68961666085512,42.45974444057008,38.30455277099764,43.844808330427554
23,104,0.0,38.57659809196071,64.0,51.2,100.0,61.42340190803929,31-75,67.88468038160786,72.76468038160786,65.95585047700982,64.93351028620589,70.83585047700983,64.93351028620589,ATENCAO,48.8,35.06648971379411,41.933244856897055,40.559893828276465,43.306595885517645,39.186542799655875,44.67994691413823
23,105,0.0,59.61761990442336,63.0,50.4,100.0,40.38238009557664,31-75,63.276476019115336,68.23647601911533,60.295595023894165,61.29735701433649,65.25559502389416,61.29735701433649,ATENCAO,49.6,38.70264298566351,44.151321492831755,43.06158579139811,45.2410571942654,41.971850089964455,46.33079289569905
23,106,0.0,64.32710507286413,62.0,49.6,100.0,35.67289492713587,31-75,61.93457898542717,66.97457898542717,58.718223731783965,60.11093423907038,63.75822373178397,60.11093423907038,ATENCAO,50.4,39.88906576092962,45.14453288046481,44.093439456557775,46.19562630437184,43.042346032650734,47.246719728278876
23,107,10.539985941289626,78.68380875746327,61.0,48.8,89.46001405871037,21.31619124253673,31-75,55.50124246612046,59.56724387199149,52.09405132531177,54.8424322010581,56.1600527311828,54.8424322010581,RISCO,51.2,45.1575677989419,48.17878389947095,47.57454067936514,48.78302711957676,46.97029745925933,49.387270339682566
23,108,7.726835323493436,73.7728563965304,60.0,48.0,92.27316467650655,26.2271436034696,31-75,56.92737812364589,61.35469459129656,53.62507706999404,55.80236270964708,58.052393537644704,55.80236270964708,RISCO,52.0,44.19763729035292,48.098818645176465,47.31858237421176,48.87905491614117,46.538346103247044,49.65929118710588
23,109,1.9271254408997087,61.10954594205192,59.0,47.199999999999996,98.07287455910028,38.89045405794808,31-75,60.799953179319694,65.88724063522973,57.84083215426209,58.67178674846728,62.92811961017212,58.67178674846728,RISCO,52.800000000000004,41.32821325153272,47.064106625766364,45.91692795091964,48.211285300613085,44.7697492760729,49.35846397545982
23,110,0.0,44.01902620953866,58.0,46.400000000000006,100.0,55.98097379046134,31-75,64.39619475809226,69.75619475809228,62.19524344761534,61.2371460685692,67.55524344761534,61.2371460685692,ATENCAO,53.599999999999994,38.7628539314308,46.181426965715396,44.697712358858475,47.66514157257232,43.21399775200155,49.14885617942923
23,111,0.0,17.226428420913845,57.0,45.6,100.0,82.77357157908615,31-75,69.35471431581723,74.79471431581723,68.49339289477153,64.77603573686292,73.93339289477154,64.77603573686292,ATENCAO,54.4,35.22396426313708,44.81198213156854,42.89437855788225,46.729585705254834,40.976774984195956,48.64718927894112
23,112,0.0,6.291857420077605,56.0,44.800000000000004,100.0,93.7081425799224,31-75,71.14162851598448,76.66162851598449,70.82703564498061,65.93622138698836,76.3470356449806,65.93622138698836,ATENCAO,55.199999999999996,34.063778613011635,44.63188930650581,42.51826716780698,46.745511445204656,40.40464502910814,48.859133583903485
23,113,0.0,0.0,55.0,44.0,100.0,100.0,31-75,72.0,77.6,72.0,66.4,77.6,66.4,ATENCAO,56.0,33.599999999999994,44.8,42.56,47.04,40.31999999999999,49.279999999999994
23,114,0.0,0.0,54.0,43.2,100.0,100.0,31-75,71.6,77.28,71.6,65.92,77.28,65.92,ATENCAO,56.8,34.08,45.44,43.16799999999999,47.711999999999996,40.896,49.983999999999995
23,115,3.988890757024,0.0,53.0,42.4,96.011109242976,100.0,31-75,70.0033327728928,75.36444369719041,70.202777310744,64.44277731074399,75.5638882350416,64.44277731074399,ATENCAO,57.6,35.55722268925601,46.578611344628,44.3743336135536,48.78288907570241,42.170055882479204,50.9871668067768
23,116,0.0,0.0,52.0,41.6,100.0,100.0,31-75,70.8,76.64,70.8,64.96000000000001,76.64,64.96000000000001,ATENCAO,58.4,35.03999999999999,46.72,44.38399999999999,49.056,42.04799999999999,51.391999999999996
23,117,0.0,0.0,51.0,40.8,100.0,100.0,31-75,70.4,76.32,70.4,64.47999999999999,76.32,64.47999999999999,ATENCAO,59.2,35.52000000000001,47.36000000000001,44.992000000000004,49.72800000000001,42.62400000000001,52.096000000000004
23,118,2.755198682130012,17.217464599545902,50.0,40.0,97.24480131787,82.7825354004541,31-75,65.72994747545182,71.45442760723881,65.00683417958102,60.72858063953561,70.73131431136801,60.72858063953561,ATENCAO,60.0,39.27141936046439,49.635709680232196,47.562851616278635,51.70856774418576,45.489993552325075,53.78142580813932
23,119,0.0,25.338409482277434,49.0,39.2,100.0,74.66159051772257,31-75,64.53231810354451,70.61231810354451,63.265397629430645,59.71923857765838,69.34539762943064,59.71923857765838,RISCO,60.8,40.28076142234162,50.54038071117081,48.48845685340497,52.59230456893664,46.436532995639126,54.64422842670248
23,120,2.826408911719825,31.327875486216872,48.0,38.4,97.17359108828018,68.67212451378313,31-75,62.08650222924068,67.9638613380687,60.66142890051582,57.63421644913751,66.53878800934385,57.63421644913751,RISCO,61.6,42.36578355086249,51.98289177543124,50.0594701305175,53.906313420345,48.13604848560374,55.829735065258745
23,121,2.441538301936724,24.799977990863336,47.0,37.6,97.55846169806328,75.20002200913666,31-75,63.10754291124631,69.10338908105264,61.98962092679999,58.22961872588631,67.9854670966063,58.22961872588631,RISCO,62.4,41.77038127411369,52.08519063705684,50.02222876446821,54.14815250964547,47.95926689187958,56.21111438223411
23,122,26.10725758562217,36.61954980475383,46.0,36.8,73.89274241437784,63.38045019524617,31-75,53.24391276336258,56.95318700480037,52.718298152406,50.060253132881385,56.42757239384378,50.060253132881385,RISCO,63.2,49.939746867118615,56.56987343355931,55.24384812027117,57.89589874684745,53.917822806983025,59.221924060135585
23,123,20.99389358307515,36.87932732675418,45.0,36.0,79.00610641692485,63.12067267324582,31-75,54.32596645972662,58.62657710141911,53.53169477254267,50.81962750521808,57.83230541423515,50.81962750521808,RISCO,64.0,49.18037249478192,56.59018624739096,55.10822349686915,58.07214899791277,53.62626074634734,59.55411174843457
23,124,20.9722957551996,44.807487229681925,44.0,35.199999999999996,79.0277042448004,55.19251277031808,31-75,52.34681382750374,56.72958425198378,51.15505425377962,49.15580297674781,55.53782467825966,49.15580297674781,RISCO,64.80000000000001,50.84419702325219,57.8220985116261,56.42651821395132,59.21767880930088,55.03093791627653,60.61325910697566
23,125,23.238301400147392,55.271106680965175,43.0,34.4,76.76169859985261,44.728893319034825,31-75,49.174288243762746,53.41045810374801,47.57264797972186,46.53975864781837,51.80881783970712,46.53975864781837,RISCO,65.6,53.46024135218163,59.53012067609082,58.31614481130897,60.74409654087265,57.102168946527144,61.958072405654484
23,126,23.739098239262788,53.9128169661928,42.0,33.6,76.26090176073721,46.0871830338072,31-75,48.8957071349826,53.161797311056326,47.387021198636106,46.138302895255386,51.65311137470982,46.138302895255386,RISCO,66.4,53.861697104744614,60.13084855237231,58.87701826284677,61.38467884189785,57.62318797332123,62.63850913142339
23,127,9.055481823840385,38.52822205068944,41.0,32.800000000000004,90.94451817615962,61.47177794931056,31-75,55.977711042710006,61.792162860325966,54.50407403136754,51.636896236436485,60.31852584898351,51.636896236436485,RISCO,67.19999999999999,48.363103763563515,57.78155188178175,55.897862258138105,59.6652415054254,54.01417263449446,61.54893112906905
23,128,15.54717180244827,30.08569520240175,40.0,32.0,84.45282819755172,69.91430479759825,31-75,55.31870941878517,60.56399223854034,54.59178324878749,50.80035276902766,59.83706606854266,50.80035276902766,RISCO,68.0,49.19964723097234,58.59982361548617,56.719788338583406,60.47985889238893,54.83975306168063,62.35989416929169
23,129,23.013670575441285,19.067040177833803,39.0,31.2,76.98632942455872,80.9329598221662,31-75,54.882490791800855,59.46112373425673,55.07982231168123,50.10652632946461,59.658455254137095,50.10652632946461,RISCO,68.8,49.89347367053539,59.34673683526769,57.456084202321236,61.237389468214154,55.565431569374766,63.12804210116062
23,130,28.57023720943543,14.450561696297957,38.0,30.4,71.42976279056457,85.54943830370205,31-75,53.73881649790978,57.84179277696624,54.444800273566656,48.92985644319645,58.54777655262311,48.92985644319645,RISCO,69.6,51.07014355680355,60.33507177840177,58.482086134082124,62.18805742272142,56.62910048976248,64.04104306704106
23,131,38.76693842070241,13.32680436717579,37.0,29.599999999999998,61.23306157929759,86.67319563282422,31-75,50.50455760035412,53.66786375828388,51.776564303030455,46.06924473974803,54.93987046096021,46.06924473974803,RISCO,70.4,53.93075526025197,62.16537763012599,60.51845315615118,63.812302104100795,58.871528682176375,65.45922657807559
23,132,41.03305585564958,32.36224804948847,36.0,28.799999999999997,58.96694414435042,67.63775195051153,31-75,45.61763363340743,48.63432804784247,46.05117402371549,42.16739882866433,49.067868438150526,42.16739882866433,RISCO,71.2,57.83260117133567,64.51630058566784,63.1795607028014,65.85304046853426,61.842820819934964,67.1897803514007
23,133,45.58456332143293,47.02465096932269,35.0,28.000000000000004,54.41543667856707,52.97534903067731,31-75,40.91970080970558,43.56124447756229,40.84769642731109,38.35016152424336,43.4892400951678,38.35016152424336,RISCO,72.0,61.64983847575664,66.82491923787832,65.78990308545399,67.85993539030265,64.75488693302964,68.89495154272699
23,134,33.103970065321136,46.01598494741567,34.0,27.200000000000003,66.89602993467886,53.98401505258433,31-75,44.46561199092053,48.435214984388416,43.8200112468158,41.14160974155737,47.78961424028369,41.14160974155737,RISCO,72.8,58.85839025844263,65.82919512922132,64.43503415506558,67.22335610337706,63.04087318090984,68.61751707753278
23,135,12.04016301664864,26.70406651374105,33.0,26.400000000000002,87.95983698335137,73.29593348625895,31-75,54.2471377922572,60.40312149059234,53.51394261740258,48.824349268776686,59.66992631573771,48.824349268776686,RISCO,73.6,51.175650731223314,62.387825365611654,60.14539043873398,64.63026029248933,57.90295551185631,66.87269521936699
23,136,16.621205400261843,14.09044049779044,32.0,25.6,83.37879459973816,85.90955950220956,31-75,54.99555028036336,60.77342974033718,55.12208852548693,49.09113257526597,60.89996798546075,49.09113257526597,RISCO,74.4,50.90886742473403,62.654433712367016,60.30532045484042,65.00354696989362,57.956207197313816,67.3526602274202
23,137,19.792151089997223,0.0,31.0,24.8,80.20784891000278,100.0,31-75,56.46235467300083,62.00313956400112,57.45196222750069,49.93196222750069,62.99274711850097,49.93196222750069,RISCO,75.2,50.06803777249931,62.634018886249656,60.12082266349958,65.14721510899972,57.60762644074951,67.6604113317498
23,138,20.70116029076132,0.0,30.0,24.0,79.29883970923868,100.0,0-30,55.7896519127716,61.31953588369547,56.82470992730967,49.22470992730967,62.35459389823354,49.22470992730967,RISCO,76.0,50.77529007269033,63.38764503634516,60.8651740436142,65.91011602907614,58.34270305088323,68.4325870218071
23,139,22.67955262536574,0.0,29.0,23.200000000000003,77.32044737463426,100.0,0-30,54.79613421239028,60.2081789498537,55.930111843658565,48.250111843658566,61.34215658112199,48.250111843658566,RISCO,76.8,51.749888156341434,64.27494407817072,61.76993289380486,66.77995526253657,59.264921709439,69.28496644690243
23,140,30.310561561411152,0.0,28.0,22.400000000000002,69.68943843858885,100.0,0-30,52.10683153157665,56.835775375435546,53.62235960964721,45.862359609647214,58.3513034535061,45.862359609647214,RISCO,77.6,54.137640390352786,65.8688201951764,63.52258423421167,68.21505615614112,61.176348273246944,70.56129211710584
23,141,38.36024640304501,0.0,27.0,21.6,61.63975359695499,100.0,0-30,49.291926079086494,53.295901438782,51.20993839923875,43.36993839923875,55.21391375893425,43.36993839923875,RISCO,78.4,56.63006160076125,67.51503080038063,65.33803696045675,69.69202464030451,63.16104312053287,71.86901848022838
23,142,46.62675912742989,14.992147205090443,26.0,20.8,53.37324087257011,85.00785279490955,0-30,43.413542820752944,46.67086690800996,44.99527341686992,38.57448813737896,48.252597504126925,38.57448813737896,RISCO,79.2,61.42551186262104,70.31275593131052,68.53530711757263,72.09020474504842,66.75785830383472,73.86765355878632
23,143,50.04276349055055,54.92237547103951,25.0,20.0,49.95723650944945,45.07762452896049,0-30,34.002695858626936,36.99841950957188,33.75871525960248,31.25095280670644,36.75443891054743,31.25095280670644,RISCO,80.0,68.74904719329356,74.37452359664678,73.24942831597613,75.49961887731743,72.12433303530548,76.62471415798807
23,144,41.55578589263865,69.50283892566125,24.0,19.2,58.44421410736135,30.49716107433875,0-30,33.23269644707615,37.157117857812295,31.835343795425025,30.705627687991147,35.75976520616116,30.705627687991147,RISCO,80.8,69.29437231200885,75.04718615600441,73.89662338720531,76.19774892480353,72.74606061840619,77.34831169360265
23,145,44.88292456947437,62.89766150587902,23.0,18.4,55.11707543052563,37.10233849412098,0-30,33.15559032798188,36.827297871034446,32.25485348116165,30.384619631749555,35.926561024214216,30.384619631749555,RISCO,81.6,69.61538036825044,75.60769018412522,74.40922822095027,76.80615214730017,73.2107662577753,78.00461411047512
23,146,50.11547872040388,67.7336279701171,22.0,17.599999999999998,49.88452127959612,32.2663720298829,0-30,30.218630789855418,33.44708291781503,29.337723327369755,27.871086124381463,32.566175455329365,27.871086124381463,CRITICO,82.4,72.12891387561854,77.26445693780927,76.23734832537113,78.29156555024741,75.21023971293297,79.31867416268557
23,147,50.17598037166055,72.03371908338016,21.0,16.8,49.82401962833945,27.96628091661984,0-30,28.9404620718258,32.242864034659746,27.847575136239826,26.73094704457784,31.14997709907377,26.73094704457784,CRITICO,83.2,73.26905295542215,78.23452647771109,77.24143177325328,79.22762118216886,76.24833706879551,80.22071588662664
23,148,50.11773623676149,64.31633462341057,20.0,16.0,49.88226376323851,35.68366537658943,0-30,30.10141220428944,33.48963858061329,29.391482284956982,27.423115747298045,32.77970866128084,27.423115747298045,CRITICO,84.0,72.57688425270196,78.28844212635099,77.14613055162118,79.43075370108079,76.00381897689137,80.57306527581059
23,149,50.18749625955829,56.22427412785043,19.0,15.2,49.81250374044171,43.77572587214957,0-30,31.298896296562425,34.7601466706066,30.99705740314782,28.13948481593286,34.45830777719199,28.13948481593286,CRITICO,84.8,71.86051518406714,78.33025759203358,77.03630911044029,79.62420607362685,75.742360628847,80.91815455522013
23,150,50.35006883604828,59.82965825404557,18.0,14.399999999999999,49.64993116395172,40.17034174595443,0-30,30.129047698376404,33.65404081477158,29.655068227476537,27.07803405288109,33.18006134387171,27.07803405288109,CRITICO,85.6,72.9219659471189,79.26098297355945,77.99317956827134,80.52878637884756,76.72537616298322,81.79658978413566
23,151,50.460953760790005,70.62337291834247,17.0,13.600000000000001,49.53904623921,29.37662708165753,0-30,27.537039288094505,31.130943912015507,26.52891833021688,24.95125562205113,30.12282295413788,24.95125562205113,CRITICO,86.4,75.04874437794888,80.72437218897444,79.58924662676932,81.85949775117956,78.45412106456422,82.99462331338466
23,152,50.40610494752261,76.44793753565204,16.0,12.8,49.59389505247739,23.552062464347955,0-30,25.988581008612808,29.66797051386055,24.686489379206336,23.61128313277154,28.36587888445408,23.61128313277154,CRITICO,87.2,76.38871686722845,81.79435843361424,80.71323012033707,82.87548674689138,79.63210180705991,83.95661506016853
23,153,50.64853729820842,100.0,15.0,12.0,49.35146270179158,0.0,0-30,20.80543881053748,24.540585080716635,18.33786567544789,19.537865675447897,22.07301194562705,19.537865675447897,CRITICO,88.0,80.4621343245521,84.23106716227605,83.47728059473127,84.98485372982083,82.72349402718646,85.73864029736562
23,154,50.7774046552282,100.0,14.0,11.200000000000001,49.2225953447718,0.0,0-30,20.366778603431538,24.16903813790872,17.90564883619295,19.02564883619295,21.70790837067013,19.02564883619295,CRITICO,88.8,80.97435116380706,84.88717558190353,84.10461069828423,85.66974046552282,83.32204581466493,86.45230534914211
23,155,50.67994402330133,100.0,13.0,10.4,49.32005597669867,0.0,0-30,19.9960167930096,23.88802239067947,17.530013994174666,18.570013994174666,21.42201959184453,18.570013994174666,CRITICO,89.6,81.42998600582533,85.51499300291266,84.69799160349518,86.33199440233014,83.88099020407772,87.14899580174759
23,156,50.75808378503422,100.0,12.0,9.6,49.24191621496578,0.0,0-30,19.57257486448973,23.53676648598632,17.110479053741443,18.070479053741444,21.07467067523802,18.070479053741444,CRITICO,90.4,81.92952094625855,86.16476047312928,85.31771256775514,87.01180837850342,84.47066466238098,87.85885628387757
23,157,51.14489101228306,100.0,11.0,8.799999999999999,48.85510898771694,0.0,0-30,19.05653269631508,23.062043595086777,16.613777246929235,17.493777246929234,20.619288145700928,17.493777246929234,CRITICO,91.2,82.50622275307077,86.8531113765354,85.98373365184247,87.72248910122832,85.11435592714955,88.59186682592123
23,158,51.55403072808225,100.0,10.0,8.0,48.44596927191775,0.0,0-30,18.533790781575323,22.5783877087671,16.111492317979437,16.911492317979437,20.15608924517121,16.911492317979437,CRITICO,92.0,83.08850768202056,87.54425384101029,86.65310460921233,88.43540307280821,85.76195537741438,89.32655230460617
23,159,52.16067837870552,100.0,9.0,7.199999999999999,47.83932162129448,0.0,0-30,17.951796486388343,22.0157286485178,15.55983040532362,16.27983040532362,19.623762567453067,16.27983040532362,CRITICO,92.8,83.72016959467638,88.26008479733818,87.35210175680582,89.16806783787055,86.44411871627346,90.07605087840291
23,160,52.55421691091645,100.0,8.0,6.4,47.44578308908355,0.0,0-30,17.433734926725066,21.538313235633417,15.061445772270886,15.701445772270889,19.166024081179245,15.701445772270889,CRITICO,93.6,84.29855422772911,88.94927711386455,88.01913253663747,89.87942169109164,87.08898795941037,90.80956626831873
23,161,52.84964714561654,100.0,7.0,5.6000000000000005,47.15035285438346,0.0,0-30,16.94510585631504,21.100141141753383,14.587588213595868,15.147588213595869,18.74262349903421,15.147588213595869,CRITICO,94.4,84.85241178640413,89.62620589320207,88.6714470718425,90.58096471456165,87.71668825048289,91.53572353592124
23,162,53.36420973544169,100.0,6.0,4.8,46.63579026455831,0.0,0-30,16.390737079367494,20.57431610582332,14.058947566139578,14.538947566139576,18.24252659259541,14.538947566139576,CRITICO,95.2,85.46105243386043,90.33052621693022,89.35663146031627,91.30442097354417,88.38273670370229,92.27831573015813
23,163,53.58338147204022,100.0,5.0,4.0,46.41661852795978,0.0,0-30,15.924985558387933,20.16664741118392,13.604154631989944,14.004154631989945,17.84581648478592,14.004154631989945,CRITICO,96.0,85.99584536801005,90.99792268400503,89.99750722080603,91.99833814720401,88.99709175760702,92.998753610403
23,164,54.21662545399016,100.0,4.0,3.2,45.78337454600984,0.0,0-30,15.335012363802951,19.593349818403937,13.04584363650246,13.36584363650246,17.304181091103445,13.36584363650246,CRITICO,96.8,86.63415636349754,91.71707818174878,90.70049381809852,92.73366254539901,89.68390945444827,93.75024690904925
23,165,54.71462813422086,100.0,3.0,2.4,45.28537186577914,0.0,0-30,14.78561155973374,19.074148746311657,12.521342966444784,12.761342966444785,16.809880153022696,12.761342966444785,CRITICO,97.6,87.23865703355521,92.4193285167776,91.38319422013313,93.45546281342209,90.34705992348864,94.49159711006655
23,166,55.15573097147125,100.0,2.0,1.6,44.84426902852875,0.0,0-30,14.253280708558624,18.5777076114115,12.011067257132188,12.171067257132188,16.33549415998506,12.171067257132188,CRITICO,98.4,87.8289327428678,93.1144663714339,92.05735964572068,94.17157309714713,91.00025292000745,95.22867982286033
23,167,55.78892812139868,100.0,1.0,0.8,44.21107187860132,0.0,0-30,13.663321563580396,18.00442875144053,11.45276796965033,11.53276796965033,15.79387515751046,11.53276796965033,CRITICO,99.2,88.46723203034966,93.83361601517484,92.7603392182098,94.90689281213986,91.68706242124476,95.98016960910489
23,168,56.580223793120574,100.0,0.0,0.0,43.41977620687943,0.0,0-30,13.025932862063827,17.36791048275177,10.854944051719857,10.854944051719857,15.196921672407798,10.854944051719857,CRITICO,100.0,89.14505594828015,94.57252797414007,93.48703356896809,95.65802237931206,92.40153916379609,96.74351678448404
31,39,7.435689449170405,10.270206267468986,195.0,100.0,92.5643105508296,89.72979373253102,RUL > 125,95.71525191175508,94.97168296683805,95.57352607084016,96.60054669758703,94.8299571259231,96.60054669758703,SAUDAVEL,0.0,3.399453302412965,1.6997266512064826,2.039671981447779,1.3597813209651861,2.3796173116890755,1.0198359907238894
31,40,0.0,0.0,194.0,100.0,100.0,100.0,RUL > 125,100.0,100.0,100.0,100.0,100.0,100.0,SAUDAVEL,0.0,0.0,0.0,0.0,0.0,0.0,0.0
31,41,0.0,0.0,193.0,100.0,100.0,100.0,RUL > 125,100.0,100.0,100.0,100.0,100.0,100.0,SAUDAVEL,0.0,0.0,0.0,0.0,0.0,0.0,0.0
31,42,4.644673251246627,0.0,192.0,100.0,95.35532674875336,100.0,RUL > 125,98.606598024626,98.14213069950137,98.83883168718836,98.83883168718836,98.37436436206367,98.83883168718836,SAUDAVEL,0.0,1.1611683128116397,0.5805841564058198,0.6967009876869837,0.4644673251246559,0.8128178189681478,0.34835049384349187
31,43,9.0307985919826,0.0,191.0,100.0,90.9692014080174,100.0,RUL > 125,97.2907604224052,96.38768056320696,97.74230035200436,97.74230035200436,96.83922049280608,97.74230035200436,SAUDAVEL,0.0,2.2576996479956364,1.1288498239978182,1.3546197887973819,0.9030798591982546,1.5803897535969453,0.6773098943986909
31,44,12.040095942649064,0.0,190.0,100.0,87.95990405735094,100.0,RUL > 125,96.38797121720528,95.1839616229404,96.98997601433774,96.98997601433774,95.78596642007282,96.98997601433774,SAUDAVEL,0.0,3.010023985662258,1.505011992831129,1.8060143913973548,1.2040095942649032,2.1070167899635805,0.9030071956986774
31,45,18.708235256240577,0.0,189.0,100.0,81.29176474375942,100.0,RUL > 125,94.38752942312784,92.51670589750375,95.32294118593984,95.32294118593984,93.4521176603158,95.32294118593984,SAUDAVEL,0.0,4.67705881406016,2.33852940703008,2.806235288436096,1.8708235256240642,3.273941169842112,1.403117644218048
31,46,27.5653121892238,17.430503743145135,188.0,100.0,72.4346878107762,82.56949625685486,RUL > 125,88.24430559460383,85.48777437568145,88.75104601690776,90.49409639122229,85.99451479798537,90.49409639122229,SAUDAVEL,0.0,9.505903608777714,4.752951804388857,5.7035421652666285,3.802361443511086,6.6541325261444,2.8517710826333142
31,47,31.244008056034502,44.052680614750166,187.0,100.0,68.7559919439655,55.94731938524984,RUL > 125,81.81626146023962,78.69186065463617,81.17582783230384,85.58109589377885,78.05142702670038,85.58109589377885,SAUDAVEL,0.0,14.418904106221149,7.209452053110574,8.65134246373269,5.7675616424884595,10.093232874354804,4.325671231866345
31,48,24.054435469446467,57.83859596898673,186.0,100.0,75.94556453055353,42.16140403101327,RUL > 125,81.21595016536871,78.81050661842407,79.52674214039169,85.31060173729037,77.12129859344705,85.31060173729037,SAUDAVEL,0.0,14.68939826270963,7.344699131354815,8.813638957625779,5.875759305083853,10.28257878389674,4.406819478812889
31,49,31.50738529451744,68.50709874283152,185.0,100.0,68.49261470548257,31.492901257168484,RUL > 125,76.84636466307846,73.69562613362672,74.99637899066275,81.8470888649459,71.84564046121102,81.8470888649459,SAUDAVEL,0.0,18.152911135054097,9.076455567527049,10.891746681032458,7.261164454021639,12.707037794537868,5.445873340516229
31,50,26.637410478568533,55.92642094413564,184.0,100.0,73.36258952143146,44.07357905586436,RUL > 125,80.82349266760231,78.15975161974546,79.35904214432395,84.95168423873751,76.69530109646709,84.95168423873751,SAUDAVEL,0.0,15.048315761262486,7.524157880631243,9.028989456757492,6.019326304504995,10.53382103288374,4.514494728378746
31,51,20.97184859520217,37.337885927529456,183.0,100.0,79.02815140479782,62.662114072470544,RUL > 125,86.24086823593346,84.14368337641324,85.4225663693171,89.15635496207004,83.32538150979687,89.15635496207004,SAUDAVEL,0.0,10.84364503792996,5.42182251896498,6.506187022757976,4.337458015171984,7.590551526550971,3.253093511378988
31,52,30.37446072504313,28.77814054327217,182.0,100.0,69.62553927495688,71.22185945672783,RUL > 125,85.13203367383262,82.09458760132831,85.21184968292117,88.08966373724839,82.17440361041686,88.08966373724839,SAUDAVEL,0.0,11.910336262751613,5.955168131375807,7.146201757650968,4.764134505100645,8.33723538392613,3.573100878825484
31,53,33.557256154710224,22.68254272104336,181.0,100.0,66.44274384528978,77.31745727895664,RUL > 125,85.39631460937827,82.04058899390724,85.9400502810616,88.20830455316595,82.58432466559059,88.20830455316595,SAUDAVEL,0.0,11.791695446834055,5.8958477234170275,7.075017268100432,4.7166781787336225,8.254186812783837,3.537508634050216
31,54,35.42441743995539,16.669668535930064,180.0,100.0,64.57558256004461,83.33033146406993,RUL > 125,86.03874106082736,82.49629931683182,86.97647850602863,88.64344535962164,83.43403676203309,88.64344535962164,SAUDAVEL,0.0,11.356554640378363,5.678277320189181,6.813932784227018,4.542621856151345,7.949588248264853,3.406966392113509
31,55,36.509764185703744,14.178575354281117,179.0,100.0,63.490235814296256,85.82142464571888,RUL > 125,86.21135567343265,82.56037925486228,87.32791511500379,88.7457726504319,83.67693869643341,88.7457726504319,SAUDAVEL,0.0,11.254227349568097,5.627113674784049,6.752536409740858,4.501690939827239,7.877959144697668,3.376268204870429
31,56,25.77881856751403,8.320265350467078,178.0,100.0,74.22118143248596,91.67973464953292,RUL > 125,90.60230135965236,88.02441950290097,91.47522902050471,92.30725555555144,88.89734716375331,92.30725555555144,SAUDAVEL,0.0,7.692744444448564,3.846372222224282,4.6156466666691385,3.077097777779426,5.384921111113995,2.3078233333345692
31,57,24.230079916434764,5.378281989416103,177.0,100.0,75.76992008356524,94.62171801058388,RUL > 125,91.65531962718634,89.23231163554287,92.59790952353728,93.1357377224789,90.1749015318938,93.1357377224789,SAUDAVEL,0.0,6.864262277521107,3.4321311387605533,4.118557366512664,2.745704911008443,4.804983594264774,2.059278683256332
31,58,20.91300233954108,0.0,176.0,100.0,79.08699766045892,100.0,RUL > 125,93.72609929813768,91.63479906418355,94.77174941511473,94.77174941511473,92.68044918116064,94.77174941511473,SAUDAVEL,0.0,5.228250584885274,2.614125292442637,3.1369503509311643,2.0913002339541094,3.6597754094196913,1.5684751754655821
31,59,12.50652853596241,0.0,175.0,100.0,87.49347146403758,100.0,RUL > 125,96.24804143921128,94.99738858561504,96.8733678660094,96.8733678660094,95.62271501241317,96.8733678660094,SAUDAVEL,0.0,3.126632133990597,1.5633160669952986,1.8759792803943582,1.250652853596239,2.188642493793418,0.9379896401971791
31,60,0.7218056678424105,0.0,174.0,100.0,99.2781943321576,100.0,RUL > 125,99.78345829964728,99.71127773286304,99.8195485830394,99.8195485830394,99.74736801625517,99.8195485830394,SAUDAVEL,0.0,0.18045141696059375,0.09022570848029687,0.10827085017635625,0.0721805667842375,0.12631599187241563,0.054135425088178125
31,61,0.0,0.0,173.0,100.0,100.0,100.0,RUL > 125,100.0,100.0,100.0,100.0,100.0,100.0,SAUDAVEL,0.0,0.0,0.0,0.0,0.0,0.0,0.0
31,62,0.0,0.0,172.0,100.0,100.0,100.0,RUL > 125,100.0,100.0,100.0,100.0,100.0,100.0,SAUDAVEL,0.0,0.0,0.0,0.0,0.0,0.0,0.0
31,63,0.0,0.0,171.0,100.0,100.0,100.0,RUL > 125,100.0,100.0,100.0,100.0,100.0,100.0,SAUDAVEL,0.0,0.0,0.0,0.0,0.0,0.0,0.0
31,64,7.001184079673184,0.0,170.0,100.0,92.99881592032682,100.0,RUL > 125,97.89964477609804,97.19952636813072,98.2497039800817,98.2497039800817,97.54958557211438,98.2497039800817,SAUDAVEL,0.0,1.750296019918295,0.8751480099591475,1.050177611950977,0.7001184079673181,1.2252072139428065,0.5250888059754885
31,65,0.0,0.0,169.0,100.0,100.0,100.0,RUL > 125,100.0,100.0,100.0,100.0,100.0,100.0,SAUDAVEL,0.0,0.0,0.0,0.0,0.0,0.0,0.0
31,66,0.0,0.0,168.0,100.0,100.0,100.0,RUL > 125,100.0,100.0,100.0,100.0,100.0,100.0,SAUDAVEL,0.0,0.0,0.0,0.0,0.0,0.0,0.0
31,67,0.0,0.0,167.0,100.0,100.0,100.0,RUL > 125,100.0,100.0,100.0,100.0,100.0,100.0,SAUDAVEL,0.0,0.0,0.0,0.0,0.0,0.0,0.0
31,68,0.4183181775904467,0.0,166.0,100.0,99.58168182240956,100.0,RUL > 125,99.87450454672286,99.8326727289638,99.8954204556024,99.8954204556024,99.85358863784332,99.8954204556024,SAUDAVEL,0.0,0.10457954439759476,0.05228977219879738,0.06274772663855685,0.04183181775903791,0.07320568107831632,0.031373863319278425
31,69,6.332903463522453,0.0,165.0,100.0,93.66709653647754,100.0,RUL > 125,98.10012896094328,97.466838614591,98.41677413411938,98.41677413411938,97.78348378776714,98.41677413411938,SAUDAVEL,0.0,1.583225865880621,0.7916129329403105,0.9499355195283726,0.6332903463522485,1.1082581061164347,0.4749677597641863
31,70,4.148079716107057,5.932916811866247,164.0,100.0,95.85192028389294,94.06708318813376,RUL > 125,97.56899272279465,97.15418475118392,97.47975086800668,98.07304254919327,97.06494289639596,98.07304254919327,SAUDAVEL,0.0,1.926957450806725,0.9634787254033625,1.156174470484035,0.7707829803226901,1.3488702155647074,0.5780872352420175
31,71,23.057045095191423,26.85951451309712,163.0,100.0,76.94295490480857,73.14048548690288,RUL > 125,87.71098356882315,85.40527905930401,87.52086009792787,90.20681154923756,85.21515558840872,90.20681154923756,SAUDAVEL,0.0,9.793188450762443,4.896594225381222,5.875913070457465,3.9172753803049774,6.85523191553371,2.9379565352287327
31,72,21.45607815641295,39.263112432259405,162.0,100.0,78.54392184358704,60.7368875677406,RUL > 125,85.71055406662424,83.56494625098294,84.82020235283191,88.74651359605785,82.67459453719061,88.74651359605785,SAUDAVEL,0.0,11.253486403942148,5.626743201971074,6.752091842365289,4.501394561576859,7.877440482759503,3.3760459211826443
31,73,14.879204198295804,44.35299895765269,161.0,100.0,85.12079580170419,55.64700104234731,RUL > 125,86.66563894898071,85.17771852915115,85.19194921101287,89.62724910677814,83.70402879118329,89.62724910677814,SAUDAVEL,0.0,10.372750893221863,5.186375446610931,6.223650535933118,4.149100357288745,7.260925625255303,3.111825267966559
31,74,7.933132588305098,48.67636611264462,160.0,100.0,92.0668674116949,51.32363388735538,RUL > 125,87.88478700097954,87.09147374214905,85.84762532476256,90.71526193602703,85.05431206593205,90.71526193602703,SAUDAVEL,0.0,9.284738063972966,4.642369031986483,5.57084283838378,3.713895225589187,6.499316644781076,2.78542141919189
31,75,22.714699401163337,54.39247239062664,159.0,100.0,77.28530059883667,45.60752760937336,RUL > 125,82.30709570152567,80.03562576140934,80.72320705205252,86.16245429111517,78.45173711193618,86.16245429111517,SAUDAVEL,0.0,13.837545708884832,6.918772854442416,8.302527425330899,5.535018283553933,9.686281996219382,4.1512637126654495
31,76,17.25375793261832,46.50582594170712,158.0,100.0,82.74624206738167,53.49417405829288,RUL > 125,85.52270743187307,83.79733163861124,84.06010403141863,88.71068662558935,82.3347282381568,88.71068662558935,SAUDAVEL,0.0,11.289313374410654,5.644656687205327,6.773588024646392,4.515725349764262,7.902519362087457,3.386794012323196
31,77,17.705434246016676,26.26067795671617,157.0,100.0,82.29456575398332,73.73932204328383,RUL > 125,89.43623413485176,87.66569071025009,89.00847194931679,91.6345397449884,87.23792852471512,91.6345397449884,SAUDAVEL,0.0,8.365460255011598,4.182730127505799,5.019276153006959,3.3461841020046394,5.855822178508118,2.5096380765034794
31,78,11.790625380086,10.65395010300248,156.0,100.0,88.209374619914,89.34604989699753,RUL > 125,94.33202236537372,93.1529598273651,94.38885612922788,95.45425113952813,93.2097935912193,95.45425113952813,SAUDAVEL,0.0,4.545748860471875,2.2728744302359374,2.7274493162831246,1.81829954418875,3.1820242023303122,1.3637246581415623
31,79,0.0,0.0,155.0,100.0,100.0,100.0,RUL > 125,100.0,100.0,100.0,100.0,100.0,100.0,SAUDAVEL,0.0,0.0,0.0,0.0,0.0,0.0,0.0
31,80,0.0,0.0,154.0,100.0,100.0,100.0,RUL > 125,100.0,100.0,100.0,100.0,100.0,100.0,SAUDAVEL,0.0,0.0,0.0,0.0,0.0,0.0,0.0
31,81,0.0,0.0,153.0,100.0,100.0,100.0,RUL > 125,100.0,100.0,100.0,100.0,100.0,100.0,SAUDAVEL,0.0,0.0,0.0,0.0,0.0,0.0,0.0
31,82,0.0,0.0,152.0,100.0,100.0,100.0,RUL > 125,100.0,100.0,100.0,100.0,100.0,100.0,SAUDAVEL,0.0,0.0,0.0,0.0,0.0,0.0,0.0
31,83,0.0,0.0,151.0,100.0,100.0,100.0,RUL > 125,100.0,100.0,100.0,100.0,100.0,100.0,SAUDAVEL,0.0,0.0,0.0,0.0,0.0,0.0,0.0
31,84,0.0,0.0,150.0,100.0,100.0,100.0,RUL > 125,100.0,100.0,100.0,100.0,100.0,100.0,SAUDAVEL,0.0,0.0,0.0,0.0,0.0,0.0,0.0
31,85,0.0,0.0,149.0,100.0,100.0,100.0,RUL > 125,100.0,100.0,100.0,100.0,100.0,100.0,SAUDAVEL,0.0,0.0,0.0,0.0,0.0,0.0,0.0
31,86,0.0,0.0,148.0,100.0,100.0,100.0,RUL > 125,100.0,100.0,100.0,100.0,100.0,100.0,SAUDAVEL,0.0,0.0,0.0,0.0,0.0,0.0,0.0
31,87,0.0,0.0,147.0,100.0,100.0,100.0,RUL > 125,100.0,100.0,100.0,100.0,100.0,100.0,SAUDAVEL,0.0,0.0,0.0,0.0,0.0,0.0,0.0
31,88,0.0,0.0,146.0,100.0,100.0,100.0,RUL > 125,100.0,100.0,100.0,100.0,100.0,100.0,SAUDAVEL,0.0,0.0,0.0,0.0,0.0,0.0,0.0
31,89,0.0,0.0,145.0,100.0,100.0,100.0,RUL > 125,100.0,100.0,100.0,100.0,100.0,100.0,SAUDAVEL,0.0,0.0,0.0,0.0,0.0,0.0,0.0
31,90,0.0,0.0,144.0,100.0,100.0,100.0,RUL > 125,100.0,100.0,100.0,100.0,100.0,100.0,SAUDAVEL,0.0,0.0,0.0,0.0,0.0,0.0,0.0
31,91,0.0,0.0,143.0,100.0,100.0,100.0,RUL > 125,100.0,100.0,100.0,100.0,100.0,100.0,SAUDAVEL,0.0,0.0,0.0,0.0,0.0,0.0,0.0
31,92,7.486933984875257,21.553460821375204,142.0,100.0,92.51306601512474,78.44653917862479,RUL > 125,93.44322764026238,92.69453424177486,92.7399012984374,94.89524738057492,91.99120789994986,94.89524738057492,SAUDAVEL,0.0,5.104752619425085,2.5523763097125425,3.062851571655051,2.041901047770034,3.573326833597559,1.5314257858275255
31,93,6.609919081926866,42.23416214302277,141.0,100.0,93.39008091807314,57.76583785697723,RUL > 125,89.5701918468174,88.90919993862471,87.78897969376258,92.01239590806486,87.1279877855699,92.01239590806486,SAUDAVEL,0.0,7.98760409193514,3.99380204596757,4.792562455161083,3.195041636774056,5.591322864354598,2.3962812275805416
31,94,1.1268879095090818,54.564255860483456,140.0,100.0,98.87311209049092,45.435744139516544,RUL > 125,88.74908245505058,88.63639366409969,86.07721405750186,91.5336396435502,85.96452526655095,91.5336396435502,SAUDAVEL,0.0,8.466360356449798,4.233180178224899,5.079816213869878,3.386544142579919,5.926452249514858,2.539908106934939
31,95,3.139957501913816,59.78121289371162,139.0,100.0,96.8600424980862,40.21878710628838,RUL > 125,87.10177017068354,86.78777442049216,84.26970740109364,90.2478286904648,83.95571165090227,90.2478286904648,SAUDAVEL,0.0,9.7521713095352,4.8760856547676,5.85130278572112,3.90086852381408,6.8265199166746395,2.92565139286056
31,96,14.625262035758444,73.71111260720619,138.0,100.0,85.37473796424156,26.28888739279381,RUL > 125,80.87019886783123,79.4076726642554,77.91590633925884,85.28701759997946,76.45338013568299,85.28701759997946,SAUDAVEL,0.0,14.712982400020536,7.356491200010268,8.827789440012321,5.885192960008215,10.299087680014374,4.4138947200061605
31,97,8.551174778745194,66.02845483169965,137.0,100.0,91.4488252212548,33.97154516830035,RUL > 125,84.22895660003651,83.373839122162,81.35509259738879,87.95793808055876,80.49997511951427,87.95793808055876,SAUDAVEL,0.0,12.042061919441238,6.021030959720619,7.225237151664743,4.816824767776495,8.429443343608867,3.6126185758323714
31,98,0.0,40.74321740338248,136.0,100.0,100.0,59.25678259661752,RUL > 125,91.8513565193235,91.8513565193235,89.81419564915439,93.88851738949262,89.81419564915439,93.88851738949262,SAUDAVEL,0.0,6.11148261050738,3.05574130525369,3.666889566304428,2.444593044202952,4.278037827355166,1.833444783152214
31,99,0.0,12.85958521593506,135.0,100.0,100.0,87.14041478406494,RUL > 125,97.428082956813,97.428082956813,96.78510369601624,98.07106221760974,96.78510369601624,98.07106221760974,SAUDAVEL,0.0,1.928937782390264,0.964468891195132,1.1573626694341583,0.7715751129561057,1.3502564476731846,0.5786813347170792
31,100,0.0,0.0,134.0,100.0,100.0,100.0,RUL > 125,100.0,100.0,100.0,100.0,100.0,100.0,SAUDAVEL,0.0,0.0,0.0,0.0,0.0,0.0,0.0
31,101,0.0,0.0,133.0,100.0,100.0,100.0,RUL > 125,100.0,100.0,100.0,100.0,100.0,100.0,SAUDAVEL,0.0,0.0,0.0,0.0,0.0,0.0,0.0
31,102,0.0,0.0,132.0,100.0,100.0,100.0,RUL > 125,100.0,100.0,100.0,100.0,100.0,100.0,SAUDAVEL,0.0,0.0,0.0,0.0,0.0,0.0,0.0
31,103,0.0,0.0,131.0,100.0,100.0,100.0,RUL > 125,100.0,100.0,100.0,100.0,100.0,100.0,SAUDAVEL,0.0,0.0,0.0,0.0,0.0,0.0,0.0
31,104,0.0,0.0,130.0,100.0,100.0,100.0,RUL > 125,100.0,100.0,100.0,100.0,100.0,100.0,SAUDAVEL,0.0,0.0,0.0,0.0,0.0,0.0,0.0
31,105,0.0,0.0,129.0,100.0,100.0,100.0,RUL > 125,100.0,100.0,100.0,100.0,100.0,100.0,SAUDAVEL,0.0,0.0,0.0,0.0,0.0,0.0,0.0
31,106,0.0,0.0,128.0,100.0,100.0,100.0,RUL > 125,100.0,100.0,100.0,100.0,100.0,100.0,SAUDAVEL,0.0,0.0,0.0,0.0,0.0,0.0,0.0
31,107,0.0,0.0,127.0,100.0,100.0,100.0,RUL > 125,100.0,100.0,100.0,100.0,100.0,100.0,SAUDAVEL,0.0,0.0,0.0,0.0,0.0,0.0,0.0
31,108,0.0,0.0,126.0,100.0,100.0,100.0,RUL > 125,100.0,100.0,100.0,100.0,100.0,100.0,SAUDAVEL,0.0,0.0,0.0,0.0,0.0,0.0,0.0
31,109,0.0,0.0,125.0,100.0,100.0,100.0,76-125,100.0,100.0,100.0,100.0,100.0,100.0,SAUDAVEL,0.0,0.0,0.0,0.0,0.0,0.0,0.0
31,110,0.0,0.0,124.0,99.2,100.0,100.0,76-125,99.6,99.68,99.6,99.52,99.68,99.52,SAUDAVEL,0.7999999999999972,0.480000000000004,0.6400000000000006,0.6080000000000012,0.6719999999999999,0.5760000000000018,0.7039999999999991
31,111,0.0,0.0,123.0,98.4,100.0,100.0,76-125,99.2,99.36,99.2,99.04,99.36,99.04,SAUDAVEL,1.5999999999999943,0.9599999999999937,1.279999999999994,1.215999999999994,1.343999999999994,1.151999999999994,1.407999999999994
31,112,0.0,1.3191092804862348,122.0,97.6,100.0,98.68089071951376,76-125,98.53617814390276,98.77617814390274,98.47022267987845,98.36213360792706,98.71022267987844,98.36213360792706,SAUDAVEL,2.4000000000000057,1.6378663920729366,2.018933196036471,1.9427198352437642,2.095146556829178,1.8665064744510573,2.171359917621885
31,113,0.0,6.223961563837281,121.0,96.8,100.0,93.77603843616272,76-125,97.15520768723256,97.47520768723254,96.84400960904068,97.1464057654244,97.16400960904068,97.1464057654244,SAUDAVEL,3.200000000000003,2.8535942345755956,3.026797117287799,2.9921565407453583,3.06143769383024,2.9575159642029174,3.0960782703726806
31,114,0.0,22.51438333846308,120.0,96.0,100.0,77.48561666153692,76-125,93.49712333230738,93.8971233323074,92.37140416538423,94.22284249923054,92.77140416538424,94.22284249923054,SAUDAVEL,4.0,5.777157500769462,4.888578750384731,5.0662945004616775,4.710863000307785,5.244010250538624,4.533147250230838
31,115,0.0,30.470721440605203,119.0,95.19999999999999,100.0,69.5292785593948,76-125,91.50585571187897,91.98585571187895,89.9823196398487,92.5493917839092,90.4623196398487,92.5493917839092,SAUDAVEL,4.800000000000011,7.450608216090799,6.125304108045405,6.390364929654484,5.860243286436326,6.655425751263563,5.595182464827248
31,116,0.0,43.76973969451826,118.0,94.39999999999999,100.0,56.23026030548174,76-125,88.44605206109634,89.00605206109634,86.25756507637043,90.07453904582223,86.81756507637043,90.07453904582223,SAUDAVEL,5.6000000000000085,9.925460954177765,7.762730477088887,8.195276572506662,7.330184381671112,8.627822667924438,6.897638286253335
31,117,0.0,42.332465239605696,117.0,93.60000000000001,100.0,57.667534760394304,76-125,88.33350695207888,88.97350695207886,86.21688369009858,89.81013021405914,86.85688369009857,89.81013021405914,SAUDAVEL,6.3999999999999915,10.189869785940857,8.294934892970424,8.673921871564511,7.915947914376337,9.052908850158596,7.5369609357822505
31,118,0.0,36.86417894521163,116.0,92.80000000000001,100.0,63.13582105478837,76-125,89.02716421095768,89.74716421095768,87.1839552636971,90.15037315821826,87.9039552636971,90.15037315821826,SAUDAVEL,7.199999999999989,9.849626841781742,8.524813420890865,8.789776105069041,8.25985073671269,9.054738789247216,7.994888052534515
31,119,0.0,46.53820444291132,115.0,92.0,100.0,53.46179555708868,76-125,86.69235911141774,87.49235911141776,84.36544888927217,88.21926933356329,85.16544888927218,88.21926933356329,SAUDAVEL,8.0,11.78073066643671,9.890365333218355,10.268438399862026,9.512292266574685,10.646511466505697,9.134219199931012
31,120,0.0,53.512031472202025,114.0,91.2,100.0,46.487968527797975,76-125,84.89759370555959,85.7775937055596,82.22199213194949,86.6931952791697,83.1019921319495,86.6931952791697,SAUDAVEL,8.799999999999997,13.3068047208303,11.053402360415149,11.50408283249818,10.60272188833212,11.954763304581208,10.152041416249087
31,121,0.0,55.24434085766473,113.0,90.4,100.0,44.75565914233527,76-125,84.15113182846706,85.11113182846705,81.38891478558382,85.9533488713503,82.34891478558382,85.9533488713503,SAUDAVEL,9.599999999999994,14.0466511286497,11.823325564324847,12.267990677189818,11.378660451459876,12.712655790054786,10.933995338594904
31,122,0.0,38.41545293209363,112.0,89.60000000000001,100.0,61.58454706790637,76-125,87.11690941358128,88.15690941358127,85.19613676697661,87.99768206018597,86.2361367669766,87.99768206018597,SAUDAVEL,10.399999999999991,12.002317939814034,11.201158969907013,11.361390763888416,11.04092717592561,11.52162255786982,10.880695381944204
31,123,0.0,23.64260741472392,111.0,88.8,100.0,76.35739258527607,76-125,89.67147851705522,90.79147851705522,88.48934814631903,89.7336088877914,89.60934814631904,89.7336088877914,SAUDAVEL,11.200000000000003,10.266391112208595,10.733195556104299,10.639834667325157,10.82655644488344,10.546473778546016,10.91991733366258
31,124,0.0,12.226190940299055,110.0,88.0,100.0,87.77380905970094,76-125,91.55476181194018,92.7547618119402,90.94345226492524,90.96607135895512,92.14345226492524,90.96607135895512,SAUDAVEL,12.0,9.03392864104488,10.51696432052244,10.220357184626929,10.813571456417952,9.923750048731415,11.110178592313463
31,125,0.0,18.61212732654195,109.0,87.2,100.0,81.38787267345805,76-125,89.8775745346916,91.1575745346916,88.9469681683645,89.5281809010187,90.22696816836452,89.5281809010187,SAUDAVEL,12.799999999999997,10.4718190989813,11.635909549490648,11.40309145938878,11.868727639592517,11.170273369286909,12.101545729694386
31,126,4.765607672550075,32.514468379960995,108.0,86.4,95.23439232744992,67.48553162003901,76-125,85.26742402224278,86.15086325498777,83.87998098687224,85.77142782486834,84.76342021961723,85.77142782486834,SAUDAVEL,13.599999999999994,14.22857217513166,13.914286087565827,13.977143305078993,13.851428870052661,14.040000522592159,13.788571652539494
31,127,13.771141724678232,44.95719257789112,107.0,85.6,86.22885827532177,55.04280742210888,76-125,79.6772189670183,79.74010479455049,78.11791642435766,81.17363568214677,78.18080225188983,81.17363568214677,SAUDAVEL,14.400000000000006,18.826364317853233,16.61318215892662,17.055818590711944,16.170545727141295,17.498455022497264,15.727909295355975
31,128,18.163549663377964,49.04763684923253,106.0,84.8,81.83645033662204,50.95236315076747,76-125,77.1414077311401,76.84505276480232,75.59720337184737,78.98196705677063,75.30084840550958,78.98196705677063,ATENCAO,15.200000000000003,21.01803294322937,18.109016471614687,18.690819765937626,17.52721317729175,19.27262306026056,16.94540988296881
31,129,17.260867776577353,58.53830042729113,105.0,84.0,82.73913222342264,41.46169957270887,76-125,75.11407958156856,74.98799280391083,73.05020794903288,77.304037991762,72.92412117137515,77.304037991762,ATENCAO,16.0,22.695962008238,19.347981004119,20.0175772049428,18.6783848032952,20.687173405766597,18.008788602471398
31,130,10.44919010381262,56.68542786105634,104.0,83.2,89.55080989618737,43.31457213894366,76-125,77.12815739664495,77.76323838626368,74.81634550878276,78.8048882948884,75.4514264984015,78.8048882948884,ATENCAO,16.799999999999997,21.1951117051116,18.9975558525558,19.43706702306696,18.55804468204464,19.87657819357812,18.118533511533478
31,131,13.636770145452196,56.51886281693047,103.0,82.39999999999999,86.3632298545478,43.48113718306953,76-125,75.80519639297825,76.20151937843303,73.66109175940433,77.55297804109736,74.0574147448591,77.55297804109736,ATENCAO,17.60000000000001,22.44702195890264,20.023510979451324,20.508213175341588,19.53880878356106,20.99291537123185,19.0541065876708
31,132,12.840557054038362,47.7247041891641,102.0,81.6,87.15944294596164,52.2752958108359,76-125,77.40289204595567,77.95883634055184,75.65868468919939,78.59115510811579,76.21462898379555,78.59115510811579,ATENCAO,18.400000000000006,21.408844891884215,19.90442244594211,20.20530693513053,19.60353795675369,20.50619142431895,19.302653467565268
31,133,11.272009215073236,32.70438528352233,101.0,80.80000000000001,88.72799078492676,67.29561471647767,76-125,80.47752017877357,81.27031925726625,79.4059013753511,80.75633990370335,80.1987004538438,80.75633990370335,SAUDAVEL,19.19999999999999,19.24366009629665,19.22183004814832,19.226196057777987,19.217464038518653,19.230562067407654,19.213098028888986
31,134,13.092352848588051,13.812436394594888,100.0,80.0,86.90764715141195,86.18756360540512,76-125,83.3098068665046,84.0005715816458,83.27380268920426,82.65504632866376,83.96456740434546,82.65504632866376,SAUDAVEL,20.0,17.344953671336242,18.67247683566812,18.406972202801747,18.937981468534495,18.14146756993537,19.203486101400873
31,135,29.102670618368627,16.265375930582255,99.0,79.2,70.89732938163138,83.73462406941775,76-125,77.61612362837296,76.78585656653611,78.25798836276229,77.80452595582052,77.42772130092543,77.80452595582052,ATENCAO,20.799999999999997,22.195474044179477,21.497737022089737,21.637284426507684,21.35818961767179,21.776831830925634,21.21864221325384
31,136,36.5214350616365,25.218322870065897,98.0,78.4,63.4785649383635,74.78167712993411,76-125,73.19990490749588,71.70776140133222,73.7650605170744,74.126892804081,72.27291701091076,74.126892804081,ATENCAO,21.599999999999994,25.873107195919005,23.7365535979595,24.1638643175514,23.3092428783676,24.591175037143298,22.881932158775697
31,137,47.393906819011086,47.0962640603301,97.0,77.60000000000001,52.606093180988914,52.9037359396699,76-125,65.16257514223065,62.66318446032955,65.1774572801647,67.64708368619772,62.6780665982636,67.64708368619772,ATENCAO,22.39999999999999,32.35291631380228,27.376458156901137,28.371749788281367,26.381166525520907,29.367041419661597,25.385874894140677
31,138,41.33828726989143,61.85976016904341,96.0,76.8,58.66171273010857,38.14023983095659,76-125,63.626561785223885,61.81273305823474,62.60048814026629,66.46646415717063,60.78665941327715,66.46646415717063,ATENCAO,23.200000000000003,33.533535842829366,28.366767921414684,29.40012150569762,27.33341433713175,30.433475089980554,26.30006075284881
31,139,42.86583053709284,72.50250657844025,95.0,76.0,57.13416946290716,27.49749342155976,76-125,60.6397495231841,58.75316646947482,59.15791572111672,64.00816637896075,57.27133266740745,64.00816637896075,ATENCAO,24.0,35.99183362103925,29.995916810519624,31.19510017262355,28.7967334484157,32.39428353472747,27.59755008631177
31,140,50.03590153488931,79.77533705459223,94.0,75.2,49.96409846511069,20.22466294540777,76-125,56.63416212861476,54.11057197512584,55.147190352629615,60.64472405808883,52.62360019914068,60.64472405808883,ATENCAO,24.799999999999997,39.35527594191117,32.07763797095558,33.533165565146696,30.622110376764464,34.988693159337814,29.166582782573343
31,141,50.20568730720933,94.63673334286946,93.0,74.4,49.79431269279067,5.363266657130538,76-125,53.21094713926331,50.75037840854239,50.98939483748031,57.89306817176725,48.528826106759375,57.89306817176725,RISCO,25.599999999999994,42.10693182823275,33.85346591411637,35.504159096939645,32.202772731293095,37.15485227976292,30.55207954846982
31,142,50.10557268327977,90.91906533152564,92.0,73.6,49.89442731672023,9.080934668474356,76-125,53.58451512871094,51.21395786038297,51.54384049629864,57.99574702945121,49.17328322797067,57.99574702945121,RISCO,26.400000000000006,42.00425297054879,34.2021264852744,35.762551782329275,32.64170118821952,37.32297707938415,31.08127589116464
31,143,44.387225354329566,63.98076970306244,91.0,72.8,55.612774645670434,36.01923029693756,76-125,60.287678453088645,58.568955917655686,59.308001235652,62.98607820595824,57.58927870021904,62.98607820595824,ATENCAO,27.200000000000003,37.01392179404176,32.10696089702088,33.08835307642505,31.1255687176167,34.06974525582923,30.144176538212527
31,144,29.349480578947016,19.452820260850416,90.0,72.0,70.65051942105299,80.54717973914958,76-125,73.30459177414582,73.16964371625112,73.79942479005064,72.94470681613568,73.66447673215595,72.94470681613568,ATENCAO,28.0,27.055293183864322,27.52764659193216,27.433175910318596,27.62211727354573,27.338705228705024,27.716587955159294
31,145,24.79971703715363,0.0,89.0,71.2,75.20028296284637,100.0,76-125,78.16008488885392,78.56011318513856,79.4000707407116,76.52007074071159,79.80009903699623,76.52007074071159,ATENCAO,28.799999999999997,23.47992925928841,26.139964629644204,25.607957555573044,26.671971703715364,25.075950481501884,27.20397877778652
31,146,14.637245923689472,0.0,88.0,70.39999999999999,85.36275407631052,100.0,76-125,80.80882622289315,82.3051016305242,81.54068851907763,78.58068851907763,83.03696392670868,78.58068851907763,ATENCAO,29.60000000000001,21.419311480922374,25.50965574046119,24.691586888553427,26.327724592368956,23.873518036645663,27.14579344427672
31,147,27.68497220453456,0.0,87.0,69.6,72.31502779546544,100.0,76-125,76.49450833863963,76.76601111818619,77.87875694886635,74.83875694886636,78.1502597284129,74.83875694886636,ATENCAO,30.400000000000006,25.16124305113364,27.780621525566822,27.256745830680188,28.304497220453456,26.732870135793547,28.828372915340093
31,148,36.15239391576219,0.0,86.0,68.8,63.84760608423781,100.0,76-125,73.55428182527135,73.05904243369513,75.36190152105945,72.24190152105945,74.86666212948323,72.24190152105945,ATENCAO,31.200000000000003,27.758098478940553,29.479049239470278,29.134859087364333,29.823239391576223,28.790668935258388,30.167429543682168
31,149,32.568182956407234,0.0,85.0,68.0,67.43181704359276,100.0,76-125,74.22954511307782,74.17272681743711,75.8579542608982,72.65795426089818,75.80113596525746,72.65795426089818,ATENCAO,32.0,27.34204573910182,29.67102286955091,29.20522744346109,30.13681829564073,28.73943201737127,30.602613721730542
31,150,12.525175107854968,0.0,84.0,67.2,87.47482489214504,100.0,76-125,79.84244746764351,81.86992995685802,80.46870622303626,77.18870622303626,82.49618871225076,77.18870622303626,ATENCAO,32.8,22.811293776963737,27.805646888481867,26.80677626617824,28.80451751078549,25.807905643874612,29.80338813308912
31,151,9.996395890420748,0.0,83.0,66.4,90.00360410957926,100.0,76-125,80.20108123287378,82.5614416438317,80.70090102739482,77.34090102739482,83.06126143835274,77.34090102739482,ATENCAO,33.599999999999994,22.65909897260518,28.129549486302587,27.035459383563104,29.22363958904207,25.941369280823622,30.31772969178155
31,152,0.0,0.0,82.0,65.60000000000001,100.0,100.0,76-125,82.80000000000001,86.24000000000001,82.80000000000001,79.36000000000001,86.24000000000001,79.36000000000001,ATENCAO,34.39999999999999,20.639999999999986,27.51999999999999,26.14399999999999,28.895999999999987,24.767999999999986,30.271999999999988
31,153,0.0,0.0,81.0,64.8,100.0,100.0,76-125,82.4,85.92,82.4,78.88,85.92,78.88,ATENCAO,35.2,21.120000000000005,28.160000000000004,26.752000000000002,29.568000000000005,25.344,30.976000000000003
31,154,0.0,0.0,80.0,64.0,100.0,100.0,76-125,82.0,85.6,82.0,78.4,85.6,78.4,ATENCAO,36.0,21.599999999999994,28.799999999999997,27.359999999999996,30.239999999999995,25.919999999999995,31.679999999999996
31,155,0.0,0.0,79.0,63.2,100.0,100.0,76-125,81.6,85.28,81.6,77.92,85.28,77.92,ATENCAO,36.8,22.08,29.439999999999998,27.967999999999996,30.912,26.495999999999995,32.384
31,156,0.0,0.0,78.0,62.4,100.0,100.0,76-125,81.2,84.96000000000001,81.2,77.44,84.96000000000001,77.44,ATENCAO,37.6,22.560000000000002,30.080000000000002,28.576,31.584,27.072,33.088
31,157,0.0,0.0,77.0,61.6,100.0,100.0,76-125,80.8,84.64,80.8,76.96000000000001,84.64,76.96000000000001,ATENCAO,38.4,23.039999999999992,30.719999999999995,29.183999999999994,32.256,27.647999999999993,33.791999999999994
31,158,0.0,0.0,76.0,60.8,100.0,100.0,76-125,80.4,84.32,80.4,76.47999999999999,84.32,76.47999999999999,ATENCAO,39.2,23.52000000000001,31.360000000000007,29.79200000000001,32.928000000000004,28.224000000000004,34.496
31,159,0.0,0.0,75.0,60.0,100.0,100.0,31-75,80.0,84.0,80.0,76.0,84.0,76.0,ATENCAO,40.0,24.0,32.0,30.4,33.6,28.799999999999997,35.2
31,160,0.0,0.0,74.0,59.199999999999996,100.0,100.0,31-75,79.6,83.68,79.6,75.52,83.68,75.52,ATENCAO,40.800000000000004,24.480000000000004,32.64,31.008000000000006,34.272000000000006,29.376000000000005,35.904
31,161,0.0,0.0,73.0,58.4,100.0,100.0,31-75,79.2,83.36,79.2,75.03999999999999,83.36,75.03999999999999,ATENCAO,41.6,24.960000000000008,33.28,31.616000000000007,34.944,29.952000000000005,36.608
31,162,0.0,0.0,72.0,57.599999999999994,100.0,100.0,31-75,78.8,83.03999999999999,78.8,74.56,83.03999999999999,74.56,ATENCAO,42.400000000000006,25.439999999999998,33.92,32.224000000000004,35.616,30.528,37.312000000000005
31,163,0.0,13.470173519758664,71.0,56.8,100.0,86.52982648024134,31-75,75.70596529604826,80.02596529604827,75.03245662006033,72.0594739720362,79.35245662006034,72.0594739720362,ATENCAO,43.2,27.9405260279638,35.5702630139819,34.04431561677828,37.096210411185524,32.518368219574654,38.62215780838914
31,164,0.0,29.16918670887573,70.0,56.00000000000001,100.0,70.83081329112427,31-75,72.16616265822486,76.56616265822487,70.70770332278107,69.22462199366865,75.10770332278108,69.22462199366865,ATENCAO,43.99999999999999,30.77537800633135,37.387689003165676,36.06522680379881,38.710151202532536,34.74276460443194,40.0326134018994
31,165,0.0,22.0153337398624,69.0,55.2,100.0,77.9846662601376,31-75,73.19693325202752,77.67693325202752,72.0961665650344,69.81769993902064,76.5761665650344,69.81769993902064,ATENCAO,44.8,30.182300060979358,37.49115003048968,36.02938003658761,38.952920024391744,34.56761004268555,40.414690018293804
31,166,0.0,4.215121105273033,68.0,54.400000000000006,100.0,95.78487889472696,31-75,76.3569757789454,80.9169757789454,76.14621972368175,72.00773183420904,80.70621972368176,72.00773183420904,ATENCAO,45.599999999999994,27.99226816579096,36.79613408289548,35.035360899474576,38.55690726631638,33.27458771605367,40.31768044973728
31,167,2.6917690364953977,22.997342249504733,67.0,53.6,97.3082309635046,77.00265775049527,31-75,71.39300083915043,75.76382393550091,70.37772217849997,68.03745640345043,74.74854527485041,68.03745640345043,ATENCAO,46.4,31.962543596549565,39.18127179827478,37.737526157929736,40.62501743861983,36.29378051758469,42.068763078964864
31,168,7.303464237932039,39.2767856174869,66.0,52.800000000000004,92.69653576206797,60.7232143825131,31-75,66.35360360512301,70.34325718132982,64.75493753614526,63.96261609789396,68.74459111235207,63.96261609789396,ATENCAO,47.199999999999996,36.03738390210604,41.61869195105302,40.502430341263626,42.73495356084241,39.38616873147423,43.851215170631804
31,169,20.548701089639447,59.83779891153674,65.0,52.0,79.45129891036055,40.16220108846326,31-75,57.86782989080082,60.61295978183688,55.90337499970595,57.08715489085963,58.64850489074201,57.08715489085963,RISCO,48.0,42.91284510914037,45.45642255457018,44.947707065484224,45.96513804365615,44.43899157639825,46.473853532742105
31,170,23.62757653590513,78.01287604289593,64.0,51.2,76.37242346409487,21.987123957104075,31-75,52.90915183064928,55.42639417705877,50.18988685529973,53.11117445958933,52.70712920170922,53.11117445958933,RISCO,48.8,46.88882554041067,47.84441277020534,47.6532953242464,48.03553021616427,47.46217787828747,48.2266476621232
31,171,9.773441915704954,79.1913434426616,63.0,50.4,90.22655808429504,20.808656557338395,31-75,56.429698736756194,60.41235454518569,52.95880366040837,55.91793800467452,56.94145946883786,55.91793800467452,RISCO,49.6,44.08206199532548,46.84103099766274,46.28923719719529,47.39282479813019,45.73744339672783,47.94461859859764
31,172,30.43223379671035,100.0,62.0,49.6,69.56776620328965,0.0,31-75,45.6703298609869,47.66710648131587,42.19194155082241,47.151941550822414,44.18871817115138,47.151941550822414,RISCO,50.4,52.848058449177586,51.624029224588796,51.868835069506545,51.37922337967103,52.1136409144243,51.13441753475327
31,173,29.33593163102505,100.0,61.0,48.8,70.66406836897495,0.0,31-75,45.59922051069248,47.78562734758998,42.06601709224374,46.946017092243736,44.25242392914123,46.946017092243736,RISCO,51.2,53.053982907756264,52.126991453878134,52.31238974465376,51.94159316310251,52.49778803542938,51.75619487232687
31,174,21.2913891293616,100.0,60.0,48.0,78.7086108706384,0.0,31-75,47.61258326119152,50.68344434825536,43.6771527176596,48.47715271765959,46.74801380472344,48.47715271765959,RISCO,52.0,51.52284728234041,51.761423641170204,51.713708369404245,51.80913891293616,51.665993097638285,51.85685418470212
31,175,30.07785949875152,79.55820158763382,59.0,47.199999999999996,69.92214050124848,20.441798412366182,31-75,48.66500183284778,50.93721588297263,46.19098472840366,48.86680488716704,48.46319877852852,48.86680488716704,RISCO,52.800000000000004,51.13319511283296,51.96659755641648,51.79991706769978,52.13327804513318,51.63323657898307,52.29995853384989
31,176,50.06465453407057,65.2745818579006,58.0,46.400000000000006,49.93534546592943,34.7254181420994,31-75,45.12568726819871,45.47922181479166,44.365190902007214,45.53264908779727,44.71872544860015,45.53264908779727,RISCO,53.599999999999994,54.46735091220273,54.03367545610136,54.12041054732163,53.94694036488109,54.20714563854191,53.86020527366081
31,177,50.15745883894161,78.61143965544805,57.0,45.6,49.84254116105839,21.388560344551948,31-75,42.03047441722791,42.45472853333375,40.607775376402586,43.028919341947386,41.03202949250843,43.028919341947386,RISCO,54.4,56.971080658052614,55.68554032902631,55.942648394831565,55.42843226322105,56.19975646063683,55.171324197415785
31,178,50.21771355771597,89.54713275860323,56.0,44.800000000000004,49.78228644228403,10.452867241396774,31-75,39.42525938096457,39.923488025192974,37.45878842092021,40.893501696780525,37.957017065148605,40.893501696780525,RISCO,55.199999999999996,59.106498303219475,57.153249151609735,57.54389898193168,56.76259932128779,57.934548812253624,56.37194949096583
31,179,50.16088236622319,98.61692564406484,55.0,44.0,49.83911763377681,1.3830743559351646,31-75,37.22835016132008,37.812261924697765,34.80554799742799,39.06724056183448,35.38945976080568,39.06724056183448,RISCO,56.0,60.93275943816552,58.46637971908276,58.95965566289931,57.97310377526621,59.452931606715865,57.479827831449654
31,180,50.09436120352832,97.76779744627224,54.0,43.2,49.90563879647168,2.23220255372776,31-75,37.018132149687055,37.68869602933423,34.634460337549854,38.73124008217709,35.30502421719703,38.73124008217709,RISCO,56.8,61.26875991782291,59.03437995891146,59.48125595069374,58.587503967129166,59.928131942476035,58.140627975346874
31,181,50.184042397898494,82.07744480759739,53.0,42.4,49.81595760210151,17.922555192402612,31-75,39.729298319110974,40.47089407932113,38.13462819862603,40.58237267938576,38.87622395883618,40.58237267938576,RISCO,57.6,59.41762732061424,58.50881366030712,58.69057639236854,58.3270509282457,58.87233912442996,58.14528819618427
31,182,50.31608581753548,87.28765189703856,52.0,41.6,49.68391418246452,12.712348102961442,31-75,38.24764387533164,39.05603529357809,36.399065571356495,39.28783076106035,37.20745698960294,39.28783076106035,RISCO,58.4,60.71216923893965,59.55608461946983,59.78730154336379,59.32486769557586,60.01851846725775,59.093650771681894
31,183,50.28961933863486,80.45209906923937,51.0,40.8,49.71038066136514,19.54790093076064,31-75,39.22269438456166,40.11373245069819,37.71457039803144,39.83978030495538,38.60560846416796,39.83978030495538,RISCO,59.2,60.16021969504462,59.68010984752231,59.776131817026766,59.584087878017854,59.87215378653123,59.48806590851338
31,184,50.29963234435583,57.05684590065459,50.0,40.0,49.70036765564417,42.94315409934541,31-75,43.49874111656233,44.46877788212675,43.1608804387474,42.86656502881286,44.13091720431181,42.86656502881286,RISCO,60.0,57.13343497118714,58.56671748559357,58.280060982712286,58.85337398847486,57.993404479831,59.14003049135614
31,185,50.37286485518502,37.94994292900613,49.0,39.2,49.62713514481498,62.05005707099387,31-75,46.89815195764327,47.94086547212477,47.51929805395221,45.234292346852826,48.56201156843372,45.234292346852826,RISCO,60.8,54.765707653147174,57.782853826573586,57.179424591888306,58.386283061258865,56.57599535720301,58.989712295944145
31,186,50.445786039500966,41.27667091956636,48.0,38.4,49.55421396049904,58.72332908043364,31-75,45.81093000423644,46.92635140028634,46.26938576023317,44.237052852189805,47.384807156283074,44.237052852189805,RISCO,61.6,55.762947147810195,58.681473573905095,58.09776828868612,59.26517885912408,57.51406300346713,59.84888414434306
31,187,50.563119414432485,55.30530264135817,47.0,37.6,49.43688058556752,44.69469735864183,31-75,42.57000364739862,43.753691705955376,42.33289448605234,41.62342475018816,43.516582544609086,41.62342475018816,RISCO,62.4,58.37657524981184,60.38828762490592,59.98594514988711,60.79063009992474,59.58360267486829,61.19297257494355
31,188,50.8317697149904,87.80835287180143,46.0,36.8,49.1682302850096,12.191647128198568,31-75,35.58879851114259,36.82562153964356,33.739969353302044,36.20080464048218,34.976792381802994,36.20080464048218,RISCO,63.2,63.79919535951782,63.49959767975891,63.55951721571069,63.43967814380713,63.61943675166247,63.37975860785535
31,189,51.028028884578006,100.0,45.0,36.0,48.971971115422,0.0,31-75,32.691591334626594,33.9887884461688,30.2429927788555,33.842992778855496,31.5401898903977,33.842992778855496,RISCO,64.0,66.15700722114451,65.07850361057226,65.2942043326867,64.86280288845781,65.50990505480115,64.64710216634334
31,190,51.024671880055664,100.0,44.0,35.199999999999996,48.975328119944336,0.0,31-75,32.292598435983294,33.670131247977736,29.84383202998608,33.363832029986085,31.22136484198052,33.363832029986085,RISCO,64.80000000000001,66.63616797001391,65.71808398500696,65.90170078200835,65.53446718800558,66.08531757900974,65.35085039100417
31,191,50.906887480816486,100.0,43.0,34.4,49.09311251918352,0.0,31-75,31.927933755755053,33.397245007673405,29.47327812979588,32.91327812979588,30.942589381714228,32.91327812979588,RISCO,65.6,67.08672187020412,66.34336093510206,66.49203312212246,66.19468874808163,66.64070530914287,66.04601656106124
31,192,50.71000698865757,100.0,42.0,33.6,49.28999301134243,0.0,31-75,31.58699790340273,33.15599720453697,29.12249825283561,32.48249825283561,30.69149755396985,32.48249825283561,RISCO,66.4,67.51750174716439,66.9587508735822,67.07050104829864,66.84700069886576,67.18225122301507,66.73525052414932
31,193,50.79159050059085,86.71486847738218,41.0,32.800000000000004,49.20840949940915,13.285131522617815,31-75,33.81954915434631,35.46039010428723,32.02338525550674,33.97487210324496,33.66422620544766,33.97487210324496,RISCO,67.19999999999999,66.02512789675504,66.61256394837751,66.49507673805302,66.73005115870201,66.37758952772852,66.8475383690265
31,194,50.69494783251161,50.9093151027212,40.0,32.0,49.30505216748839,49.0906848972788,31-75,40.60965262970228,42.34015784645112,40.5989342661918,38.88986577646392,42.32943948294064,38.88986577646392,RISCO,68.0,61.11013422353608,64.55506711176804,63.86608053412165,65.24405368941443,63.177093956475254,65.93304026706082
31,195,50.56483623380298,5.692247522897277,39.0,31.2,49.43516376619702,94.30775247710272,31-75,49.29209962527965,51.11561600189936,51.53572906082493,45.224953813114666,53.35924543744464,45.224953813114666,RISCO,68.8,54.775046186885334,61.787523093442665,60.385027712131205,63.190018474754126,58.98253233081972,64.5925138560656
31,196,50.59279016160024,0.0,38.0,30.4,49.40720983839976,100.0,31-75,50.02216295151992,51.92288393535991,52.55180245959994,45.59180245959994,54.45252344343992,45.59180245959994,RISCO,69.6,54.40819754040006,62.00409877020003,60.48491852424003,63.523279016160025,58.96573827828004,65.04245926212
31,197,50.43406792241512,0.0,37.0,29.599999999999998,49.56593207758488,100.0,31-75,49.66977962327546,51.666372831033954,52.191483019396216,45.15148301939622,54.18807622715471,45.15148301939622,RISCO,70.4,54.84851698060378,62.6242584903019,61.069110188362274,64.17940679224151,59.51396188642265,65.73455509418113
31,198,50.31491874224736,0.0,36.0,28.799999999999997,49.68508125775264,100.0,31-75,49.30552437732579,51.39403250310106,51.82127031443816,44.70127031443816,53.90977844021342,44.70127031443816,RISCO,71.2,55.29872968556184,63.24936484278092,61.65923781133711,64.83949187422473,60.069110779893286,66.42961890566855
31,199,50.30346405528812,0.0,35.0,28.000000000000004,49.69653594471188,100.0,31-75,48.90896078341356,51.07861437788476,51.42413398617797,44.224133986177975,53.59378758064916,44.224133986177975,RISCO,72.0,55.775866013822025,63.88793300691101,62.26551960829322,65.51034640552881,60.64310620967541,67.1327598041466
31,200,50.45811031196901,0.0,34.0,27.200000000000003,49.54188968803099,100.0,31-75,48.4625669064093,50.6967558752124,50.98547242200775,43.70547242200775,53.21966139081085,43.70547242200775,RISCO,72.8,56.29452757799225,64.54726378899612,62.896716546795346,66.19781103119689,61.246169304594574,67.84835827339766
31,201,50.75898583364953,0.0,33.0,26.400000000000002,49.24101416635047,100.0,31-75,47.97230424990514,50.25640566654019,50.510253541587616,43.15025354158762,52.79435495822267,43.15025354158762,RISCO,73.6,56.84974645841238,65.2248732292062,63.549847875047426,66.89989858336494,61.874822520888664,68.5749239375237
31,202,50.73025811311678,0.0,32.0,25.6,49.26974188688322,100.0,31-75,47.58092256606496,49.94789675475329,50.1174354717208,42.677435471720806,52.48440966040913,42.677435471720806,RISCO,74.4,57.322564528279194,65.8612822641396,64.15353871696752,67.56902581131168,62.44579516979543,69.27676935848376
31,203,50.79992766496102,24.19584719102639,31.0,24.8,49.20007233503898,75.80415280897361,31-75,42.32085226230642,44.76085949581032,43.65105628600315,38.55064100510579,46.091063519507045,38.55064100510579,RISCO,75.2,61.44935899489421,68.32467949744711,66.94961539693652,69.69974359795768,65.57455129642594,71.07480769846826
31,204,50.69346943071023,45.20781565110041,30.0,24.0,49.30653056928977,54.79218434889959,0-30,37.75039604056685,40.28104909749583,38.02467872954734,34.94546029465738,40.55533178647632,34.94546029465738,RISCO,76.0,65.05453970534262,70.52726985267131,69.43272382320558,71.62181588213704,68.33817779373983,72.71636191160277
31,205,50.89762724663909,69.5506300873365,29.0,23.200000000000003,49.10237275336091,30.4493699126635,0-30,32.42058580854098,35.010823083877064,31.487935666506104,30.76299867523976,34.0781729418422,30.76299867523976,RISCO,76.8,69.23700132476024,73.01850066238012,72.26220079485614,73.7748005299041,71.50590092733216,74.53110039742808
31,206,50.97122962400966,96.37098582830458,28.0,22.400000000000002,49.02877037599034,3.6290141716954167,0-30,26.634433947136188,29.297310984735223,24.36444613692144,26.241544719751897,27.027323174520472,26.241544719751897,CRITICO,77.6,73.7584552802481,75.67922764012405,75.29507316814886,76.06338211209923,74.91091869617367,76.44753658407443
31,207,51.018452534248695,100.0,27.0,21.6,48.981547465751305,0.0,0-30,25.494464239725392,28.232618986300523,23.045386866437827,25.205386866437827,25.78354161301296,25.205386866437827,CRITICO,78.4,74.79461313356217,76.59730656678109,76.23676788013731,76.95784525342486,75.87622919349351,77.31838394006866
31,208,51.0697604740872,99.75569055037776,26.0,20.8,48.9302395259128,0.2443094496222357,0-30,25.12793374769829,27.94095770028957,22.69363724388376,24.749206298921536,25.50666119647504,24.749206298921536,CRITICO,79.2,75.25079370107846,77.22539685053923,76.83047622064709,77.6203174804314,76.43555559075493,78.01523811032354
31,209,50.96960008249929,72.58083278743037,25.0,20.0,49.03039991750071,27.41916721256964,0-30,30.192953417764137,33.09599340951421,29.112391782517587,28.370475061260624,32.015431774267654,28.370475061260624,CRITICO,80.0,71.62952493873938,75.8147624693697,74.97771496324363,76.65180997549575,74.14066745711756,77.4888574816218
31,210,51.07135435939862,55.863981797905005,24.0,19.2,48.92864564060138,44.136018202095,0-30,33.105797332599415,36.078661896659554,32.866165960674095,30.3725641404646,35.839030524734234,30.3725641404646,RISCO,80.8,69.6274358595354,75.2137179297677,74.09646151572124,76.33097434381415,72.97920510167478,77.44823075786061
31,211,51.58410034571442,93.6737160903064,23.0,18.4,48.41589965428558,6.3262839096936005,0-30,24.990026678224392,27.99161664365296,22.885545890994795,24.09291750002544,25.887135856423352,24.09291750002544,CRITICO,81.6,75.90708249997456,78.75354124998728,78.18424949998473,79.32283299998983,77.61495774998218,79.89212474999236
31,212,51.57753401719525,100.0,22.0,17.599999999999998,48.42246598280475,0.0,0-30,23.326739794841423,26.4089863931219,20.90561649570119,22.665616495701187,23.987863093981662,22.665616495701187,CRITICO,82.4,77.33438350429881,79.86719175214941,79.36063010257928,80.37375340171954,78.85406845300916,80.88031505128964
31,213,51.43086676634877,100.0,21.0,16.8,48.56913323365123,0.0,0-30,22.97073997009537,26.147653293460493,20.54228330841281,22.22228330841281,23.71919663177793,22.22228330841281,CRITICO,83.2,77.77771669158719,80.4888583457936,79.94663001495232,81.03108667663489,79.40440168411104,81.57331500747615
31,214,51.4827060899881,100.0,20.0,16.0,48.5172939100119,0.0,0-30,22.55518817300357,25.806917564004763,20.12932347750297,21.729323477502973,23.381052868504163,21.729323477502973,CRITICO,84.0,78.27067652249703,81.1353382612485,80.56240591349822,81.70827060899882,79.98947356574791,82.2812029567491
31,215,51.74488079907045,100.0,19.0,15.2,48.25511920092955,0.0,0-30,22.076535760278865,25.38204768037182,19.663779800232387,21.183779800232383,22.969291720325344,21.183779800232383,CRITICO,84.8,78.81622019976761,81.8081100998838,81.20973211986058,82.40648807990704,80.61135413983732,83.00486605993028
31,216,51.63924851139839,100.0,18.0,14.399999999999999,48.36075148860161,0.0,0-30,21.70822544658048,25.10430059544064,19.2901878721504,20.7301878721504,22.68626302101056,20.7301878721504,CRITICO,85.6,79.2698121278496,82.4349060639248,81.80188727670976,83.06792485113984,81.16886848949471,83.70094363835487
31,217,51.635333780062574,100.0,17.0,13.600000000000001,48.36466621993743,0.0,0-30,21.309399865981227,24.78586648797497,18.89116655498436,20.25116655498436,22.3676331769781,20.25116655498436,CRITICO,86.4,79.74883344501563,83.07441672250782,82.40930006700938,83.73953337800626,81.74418341151095,84.40465003350468
31,218,51.85717707067224,100.0,16.0,12.8,48.14282292932776,0.0,0-30,20.842846878798326,24.377129171731102,18.43570573233194,19.71570573233194,21.96998802526472,19.71570573233194,CRITICO,87.2,80.28429426766806,83.74214713383404,83.05057656060083,84.43371770706722,82.35900598736764,85.12528828030042
31,219,51.9548154514118,89.68600050454415,15.0,12.0,48.0451845485882,10.313999495455846,0-30,22.476355263667628,26.08087371852645,20.58979601101101,20.75839606146543,24.19431446586984,20.75839606146543,CRITICO,88.0,79.24160393853457,83.62080196926729,82.74496236312075,84.49664157541383,81.86912275697419,85.37248118156036
31,220,52.108377653208095,79.95161976489842,14.0,11.200000000000001,47.89162234679191,20.04838023510157,0-30,23.97716275105789,27.64632498573708,22.58500064547337,21.70016262196321,26.25416288015256,21.70016262196321,CRITICO,88.8,78.29983737803678,83.5499186890184,82.49990242682208,84.5999349512147,81.44988616462574,85.64995121341103
31,221,52.58858416488663,100.0,13.0,10.4,47.41141583511337,0.0,0-30,19.42342475053401,23.124566334045348,17.052853958778343,18.092853958778345,20.75399554228968,18.092853958778345,CRITICO,89.6,81.90714604122165,85.75357302061082,84.98428762473299,86.52285841648866,84.21500222885516,87.29214381236649
31,222,52.27778158489007,100.0,12.0,9.6,47.72221841510993,0.0,0-30,19.116665524532976,22.928887366043973,16.73055460377748,17.690554603777482,20.542776445288474,17.690554603777482,CRITICO,90.4,82.30944539622251,86.35472269811126,85.54566723773351,87.16377815848901,84.73661177735576,87.97283361886676
31,223,52.60971924377064,100.0,11.0,8.799999999999999,47.39028075622936,0.0,0-30,18.61708422686881,22.476112302491742,16.24757018905734,17.127570189057337,20.10659826468028,17.127570189057337,CRITICO,91.2,82.87242981094266,87.03621490547133,86.2034578865656,87.86897192437706,85.37070086765985,88.7017289432828
31,224,52.94853402550154,100.0,10.0,8.0,47.05146597449846,0.0,0-30,18.11543979234954,22.020586389799384,15.762866493624616,16.562866493624615,19.66801309107446,16.562866493624615,CRITICO,92.0,83.43713350637539,87.7185667531877,86.86228010382524,88.57485340255016,86.00599345446277,89.4311400519126
31,225,53.049773682335385,100.0,9.0,7.199999999999999,46.950226317664615,0.0,0-30,17.685067895299383,21.660090527065847,15.337556579416152,16.057556579416154,19.31257921118261,16.057556579416154,CRITICO,92.8,83.94244342058384,88.37122171029192,87.4854660523503,89.25697736823354,86.59971039440869,90.14273302617515
31,226,53.42485294713002,100.0,8.0,6.4,46.57514705286998,0.0,0-30,17.172544115860994,21.190058821148,14.843786763217494,15.483786763217497,18.861301468504493,15.483786763217497,CRITICO,93.6,84.5162132367825,89.05810661839125,88.14972794206949,89.96648529471301,87.24134926574774,90.87486397103474
31,227,53.64812727533647,100.0,7.0,5.6000000000000005,46.35187272466353,0.0,0-30,16.705561817399058,20.78074908986541,14.387968181165885,14.947968181165884,18.46315545363224,14.947968181165884,CRITICO,94.4,85.05203181883411,89.72601590941706,88.79121909130046,90.66081272753365,87.85642227318388,91.59560954565023
31,228,53.91151535954738,100.0,6.0,4.8,46.08848464045262,0.0,0-30,16.226545392135787,20.355393856181045,13.922121160113155,14.402121160113154,18.05096962415842,14.402121160113154,CRITICO,95.2,85.59787883988685,90.39893941994342,89.43872730393211,91.35915153595474,88.47851518792079,92.31936365196606
31,229,54.56331812696144,100.0,5.0,4.0,45.43668187303856,0.0,0-30,15.631004561911569,19.774672749215423,13.35917046825964,13.75917046825964,17.502838655563494,13.75917046825964,CRITICO,96.0,86.24082953174036,91.12041476587018,90.14449771904421,92.09633181269615,89.16858067221824,93.07224885952209
31,230,55.0379798336117,100.0,4.0,3.2,44.9620201663883,0.0,0-30,15.08860604991649,19.26480806655532,12.840505041597076,13.160505041597077,17.016707058235905,13.160505041597077,CRITICO,96.8,86.83949495840292,91.81974747920145,90.82369697504174,92.81579798336116,89.82764647088204,93.81184848752086
31,231,55.5195279762986,100.0,3.0,2.4,44.4804720237014,0.0,0-30,14.54414160711042,18.75218880948056,12.32011800592535,12.56011800592535,16.52816520829549,12.56011800592535,CRITICO,97.6,87.43988199407465,92.51994099703732,91.50392919644479,93.53595279762986,90.48791739585225,94.55196459822238
31,232,55.901273353751264,100.0,2.0,1.6,44.098726646248736,0.0,0-30,14.029617993874622,18.27949065849949,11.824681661562185,11.984681661562185,16.074554326187055,11.984681661562185,CRITICO,98.4,88.01531833843782,93.20765916921891,92.1691910030627,94.24612733537512,91.13072283690647,95.28459550153134
31,233,56.31856104319334,100.0,1.0,0.8,43.68143895680666,0.0,0-30,13.504431687041995,17.792575582722666,11.320359739201663,11.400359739201663,15.60850363488233,11.400359739201663,CRITICO,99.2,88.59964026079834,93.89982013039918,92.839784156479,94.95985610431933,91.77974818255883,96.0198920782395
31,234,57.1175531320684,100.0,0.0,0.0,42.8824468679316,0.0,0-30,12.86473406037948,17.15297874717264,10.7206117169829,10.7206117169829,15.008856403776058,10.7206117169829,CRITICO,100.0,89.2793882830171,94.63969414150856,93.56763296981026,95.71175531320685,92.49557179811197,96.78381648490513
32,39,37.10864557025421,80.09560845666351,152.0,100.0,62.89135442974579,19.904391543336487,RUL > 125,72.84828463759104,69.13742008056562,70.69893649327057,78.70849733893692,66.98807193624515,78.70849733893692,ATENCAO,0.0,21.291502661063078,10.645751330531539,12.774901596637847,8.516601064425231,14.904051862744153,6.387450798318923
32,40,34.33683489421986,82.40377946142452,151.0,100.0,65.66316510578014,17.59622053857548,RUL > 125,73.21819363944914,69.78451015002715,70.81484641108891,79.05522435723135,67.38116292166691,79.05522435723135,ATENCAO,0.0,20.944775642768647,10.472387821384324,12.566865385661188,8.377910257107459,14.661342949938051,6.283432692830594
32,41,27.56428372122972,69.41921847316517,150.0,100.0,72.43571627877029,30.580781526834823,RUL > 125,77.84687118899805,75.09044281687508,75.75412445140128,82.6960462987178,72.9976960792783,82.6960462987178,SAUDAVEL,0.0,17.303953701282197,8.651976850641098,10.382372220769318,6.921581480512879,12.112767590897537,5.191186110384659
32,42,30.927687073856543,58.36864201996729,149.0,100.0,69.07231292614345,41.63135798003271,RUL > 125,79.04796547384959,75.95519676646393,77.67591772654404,83.51278192854078,74.58314901915838,83.51278192854078,SAUDAVEL,0.0,16.487218071459225,8.243609035729612,9.892330842875534,6.594887228583691,11.541052650021456,4.946165421437767
32,43,31.12211224073664,52.74922283790524,148.0,100.0,68.87788775926336,47.25077716209476,RUL > 125,80.11352176019795,77.0013105361243,79.03216623033953,84.30708851413004,75.91995500626587,84.30708851413004,SAUDAVEL,0.0,15.692911485869956,7.846455742934978,9.415746891521973,6.277164594347983,10.985038040108968,4.7078734457609865
32,44,33.194654112798766,34.04701755488071,147.0,100.0,66.80534588720124,65.95298244511929,RUL > 125,83.23220025518422,79.91273484390436,83.18958208308014,86.59428383856822,79.87011667180025,86.59428383856822,SAUDAVEL,0.0,13.405716161431783,6.702858080715892,8.04342969685907,5.362286464572714,9.384001313002248,4.021714848429535
32,45,33.06868914152438,10.91361714774561,146.0,100.0,66.93131085847563,89.08638285225439,RUL > 125,87.89666982799358,84.58980091384112,89.0044234276825,90.09578514245706,85.69755451353006,90.09578514245706,SAUDAVEL,0.0,9.90421485754294,4.95210742877147,5.942528914525764,3.961685943017176,6.932950400280057,2.971264457262882
32,46,31.094634258894864,6.394436636374874,145.0,100.0,68.90536574110513,93.60556336362512,RUL > 125,89.39272239505657,86.28325896916708,90.62773227618256,91.26717593982004,87.51826885029308,91.26717593982004,SAUDAVEL,0.0,8.732824060179965,4.3664120300899825,5.239694436107979,3.4931296240719862,6.112976842125975,2.6198472180539896
32,47,28.0936764421804,0.0,144.0,100.0,71.9063235578196,100.0,RUL > 125,91.57189706734589,88.76252942312784,92.97658088945492,92.97658088945492,90.16721324523688,92.97658088945492,SAUDAVEL,0.0,7.023419110545078,3.511709555272539,4.214051466327047,2.8093676442180313,4.916393377381554,2.1070257331635234
32,48,27.82699021971656,0.0,143.0,100.0,72.17300978028344,100.0,RUL > 125,91.65190293408504,88.86920391211338,93.04325244507086,93.04325244507086,90.2605534230992,93.04325244507086,SAUDAVEL,0.0,6.956747554929137,3.4783737774645687,4.174048532957483,2.782699021971655,4.869723288450396,2.0870242664787413
32,49,27.431566633994137,0.0,142.0,100.0,72.56843336600586,100.0,RUL > 125,91.77053000980176,89.02737334640234,93.14210834150148,93.14210834150148,90.39895167810204,93.14210834150148,SAUDAVEL,0.0,6.857891658498517,3.4289458292492583,4.11473499509911,2.743156663399407,4.800524160948961,2.057367497549555
32,50,19.733260118336403,0.0,141.0,100.0,80.2667398816636,100.0,RUL > 125,94.08002196449908,92.10669595266543,95.0666849704159,95.0666849704159,93.09335895858226,95.0666849704159,SAUDAVEL,0.0,4.933315029584094,2.466657514792047,2.959989017750456,1.9733260118336375,3.4533205207088655,1.479994508875228
32,51,0.0,0.0,140.0,100.0,100.0,100.0,RUL > 125,100.0,100.0,100.0,100.0,100.0,100.0,SAUDAVEL,0.0,0.0,0.0,0.0,0.0,0.0,0.0
32,52,0.0,0.0,139.0,100.0,100.0,100.0,RUL > 125,100.0,100.0,100.0,100.0,100.0,100.0,SAUDAVEL,0.0,0.0,0.0,0.0,0.0,0.0,0.0
32,53,0.0,0.0,138.0,100.0,100.0,100.0,RUL > 125,100.0,100.0,100.0,100.0,100.0,100.0,SAUDAVEL,0.0,0.0,0.0,0.0,0.0,0.0,0.0
32,54,0.0,0.0,137.0,100.0,100.0,100.0,RUL > 125,100.0,100.0,100.0,100.0,100.0,100.0,SAUDAVEL,0.0,0.0,0.0,0.0,0.0,0.0,0.0
32,55,0.0,0.0,136.0,100.0,100.0,100.0,RUL > 125,100.0,100.0,100.0,100.0,100.0,100.0,SAUDAVEL,0.0,0.0,0.0,0.0,0.0,0.0,0.0
32,56,0.0,0.0,135.0,100.0,100.0,100.0,RUL > 125,100.0,100.0,100.0,100.0,100.0,100.0,SAUDAVEL,0.0,0.0,0.0,0.0,0.0,0.0,0.0
32,57,0.0,0.0,134.0,100.0,100.0,100.0,RUL > 125,100.0,100.0,100.0,100.0,100.0,100.0,SAUDAVEL,0.0,0.0,0.0,0.0,0.0,0.0,0.0
32,58,0.0,0.0,133.0,100.0,100.0,100.0,RUL > 125,100.0,100.0,100.0,100.0,100.0,100.0,SAUDAVEL,0.0,0.0,0.0,0.0,0.0,0.0,0.0
32,59,0.0,0.0,132.0,100.0,100.0,100.0,RUL > 125,100.0,100.0,100.0,100.0,100.0,100.0,SAUDAVEL,0.0,0.0,0.0,0.0,0.0,0.0,0.0
32,60,0.0,0.0,131.0,100.0,100.0,100.0,RUL > 125,100.0,100.0,100.0,100.0,100.0,100.0,SAUDAVEL,0.0,0.0,0.0,0.0,0.0,0.0,0.0
32,61,0.0,0.0,130.0,100.0,100.0,100.0,RUL > 125,100.0,100.0,100.0,100.0,100.0,100.0,SAUDAVEL,0.0,0.0,0.0,0.0,0.0,0.0,0.0
32,62,0.0,0.0,129.0,100.0,100.0,100.0,RUL > 125,100.0,100.0,100.0,100.0,100.0,100.0,SAUDAVEL,0.0,0.0,0.0,0.0,0.0,0.0,0.0
32,63,0.0,0.0,128.0,100.0,100.0,100.0,RUL > 125,100.0,100.0,100.0,100.0,100.0,100.0,SAUDAVEL,0.0,0.0,0.0,0.0,0.0,0.0,0.0
32,64,0.0,0.0,127.0,100.0,100.0,100.0,RUL > 125,100.0,100.0,100.0,100.0,100.0,100.0,SAUDAVEL,0.0,0.0,0.0,0.0,0.0,0.0,0.0
32,65,0.0,13.04133330113482,126.0,100.0,100.0,86.95866669886519,RUL > 125,97.39173333977304,97.39173333977304,96.73966667471628,98.04380000482978,96.73966667471628,98.04380000482978,SAUDAVEL,0.0,1.9561999951702234,0.9780999975851117,1.173719997102134,0.7824799980680894,1.3693399966191562,0.586859998551067
32,66,0.0,15.3070788730152,125.0,100.0,100.0,84.6929211269848,76-125,96.93858422539697,96.93858422539697,96.1732302817462,97.70393816904772,96.1732302817462,97.70393816904772,SAUDAVEL,0.0,2.296061830952283,1.1480309154761414,1.3776370985713697,0.9184247323809132,1.607243281666598,0.6888185492856849
32,67,0.0,9.562794395818932,124.0,99.2,100.0,90.43720560418107,76-125,97.6874411208362,97.76744112083622,97.20930140104528,98.08558084062716,97.28930140104528,98.08558084062716,SAUDAVEL,0.7999999999999972,1.9144191593728408,1.357209579686419,1.4686514956237033,1.2457676637491346,1.5800934115609875,1.1343257478118502
32,68,0.0,0.0,123.0,98.4,100.0,100.0,76-125,99.2,99.36,99.2,99.04,99.36,99.04,SAUDAVEL,1.5999999999999943,0.9599999999999937,1.279999999999994,1.215999999999994,1.343999999999994,1.151999999999994,1.407999999999994
32,69,0.0,0.0,122.0,97.6,100.0,100.0,76-125,98.8,99.04,98.8,98.56,99.04,98.56,SAUDAVEL,2.4000000000000057,1.4399999999999977,1.9200000000000017,1.824000000000001,2.0160000000000022,1.7280000000000002,2.112000000000003
32,70,0.0,0.0,121.0,96.8,100.0,100.0,76-125,98.4,98.72,98.4,98.08,98.72,98.08,SAUDAVEL,3.200000000000003,1.9200000000000017,2.5600000000000023,2.432000000000002,2.6880000000000024,2.304000000000002,2.8160000000000025
32,71,0.0,0.0,120.0,96.0,100.0,100.0,76-125,98.0,98.4,98.0,97.6,98.4,97.6,SAUDAVEL,4.0,2.4000000000000057,3.200000000000003,3.0400000000000036,3.360000000000002,2.880000000000004,3.5200000000000014
32,72,0.0,9.491569058321856,119.0,95.19999999999999,100.0,90.50843094167814,76-125,95.70168618833564,96.18168618833565,95.22710773541954,95.69626464125172,95.70710773541953,95.69626464125172,SAUDAVEL,4.800000000000011,4.303735358748284,4.551867679374148,4.502241215248975,4.60149414349932,4.452614751123802,4.6511206076244935
32,73,0.0,15.822622076229834,118.0,94.39999999999999,100.0,84.17737792377017,76-125,94.03547558475402,94.59547558475404,93.24434448094252,94.26660668856552,93.80434448094252,94.26660668856552,SAUDAVEL,5.6000000000000085,5.733393311434483,5.666696655717246,5.680035986860693,5.653357324573799,5.69337531800414,5.640017993430351
32,74,0.0,24.74467220948726,117.0,93.60000000000001,100.0,75.25532779051274,76-125,91.85106555810256,92.49106555810256,90.6138319476282,92.44829916857692,91.2538319476282,92.44829916857692,SAUDAVEL,6.3999999999999915,7.5517008314230765,6.975850415711534,7.091020498853843,6.860680332569226,7.20619058199615,6.745510249426916
32,75,0.0,45.33144186797893,116.0,92.80000000000001,100.0,54.66855813202107,76-125,87.33371162640422,88.05371162640422,85.06713953300527,88.88028371980317,85.78713953300527,88.88028371980317,SAUDAVEL,7.199999999999989,11.119716280196826,9.159858140098407,9.55182976811809,8.767886512078725,9.943801396137776,8.37591488405904
32,76,0.0,55.97239031417912,115.0,92.0,100.0,44.02760968582088,76-125,84.80552193716417,85.60552193716418,82.00690242145522,86.80414145287313,82.80690242145523,86.80414145287313,SAUDAVEL,8.0,13.195858547126875,10.597929273563437,11.117515128276125,10.07834341885075,11.637100982988812,9.558757564138062
32,77,0.0,55.77457536984811,114.0,91.2,100.0,44.22542463015189,76-125,84.44508492603038,85.32508492603039,81.65635615753797,86.35381369452278,82.53635615753798,86.35381369452278,SAUDAVEL,8.799999999999997,13.646186305477215,11.223093152738606,11.707711783286328,10.738474522190884,12.192330413834048,10.253855891643163
32,78,0.0,59.40453310396816,113.0,90.4,100.0,40.59546689603184,76-125,83.31909337920636,84.27909337920636,80.34886672400796,85.32932003440479,81.30886672400796,85.32932003440479,SAUDAVEL,9.599999999999994,14.670679965595212,12.135339982797603,12.642407979357126,11.628271986238081,13.149475975916648,11.121203989678559
32,79,0.0,46.46652419906052,112.0,89.60000000000001,100.0,53.53347580093948,76-125,85.5066951601879,86.5466951601879,83.18336895023488,86.79002137014092,84.22336895023487,86.79002137014092,SAUDAVEL,10.399999999999991,13.20997862985908,11.804989314929536,12.085987177915445,11.523991451943626,12.366985040901353,11.242993588957717
32,80,0.0,25.2833463176222,111.0,88.8,100.0,74.7166536823778,76-125,89.34333073647556,90.46333073647556,88.07916342059445,89.48749805235667,89.19916342059446,89.48749805235667,SAUDAVEL,11.200000000000003,10.51250194764333,10.856250973821666,10.787501168586,10.925000779057333,10.71875136335033,10.993750584293
32,81,0.0,15.759153975155252,110.0,88.0,100.0,84.24084602484474,76-125,90.84816920496895,92.04816920496896,90.06021150621119,90.4361269037267,91.2602115062112,90.4361269037267,SAUDAVEL,12.0,9.563873096273298,10.781936548136649,10.538323857763979,11.025549238509319,10.294711167391307,11.269161928881989
32,82,1.1115950375971508,20.30126826536105,109.0,87.2,98.88840496240284,79.69873173463895,76-125,89.20626783564865,90.37510833188892,88.24678417426045,88.99691100079656,89.41562467050073,88.99691100079656,SAUDAVEL,12.799999999999997,11.003088999203442,11.90154449960172,11.721853399522065,12.081235599681374,11.542162299442408,12.26092669976103
32,83,0.0,10.628035604447996,108.0,86.4,100.0,89.371964395552,76-125,91.0743928791104,92.4343928791104,90.542991098888,90.2457946593328,91.902991098888,90.2457946593328,SAUDAVEL,13.599999999999994,9.754205340667198,11.677102670333596,11.292523204400316,12.061682136266876,10.907943738467036,12.446261602200156
32,84,0.0,5.169081388944951,107.0,85.6,100.0,94.83091861105504,76-125,91.766183722211,93.20618372221102,91.50772965276376,90.58463779165824,92.94772965276375,90.58463779165824,SAUDAVEL,14.400000000000006,9.415362208341762,11.907681104170884,11.40921732500506,12.406144883336708,10.910753545839235,12.904608662502532
32,85,0.0,0.0,106.0,84.8,100.0,100.0,76-125,92.4,93.92,92.4,90.88,93.92,90.88,SAUDAVEL,15.200000000000003,9.120000000000005,12.160000000000004,11.552000000000003,12.768000000000002,10.944000000000003,13.376000000000001
32,86,0.0,0.0,105.0,84.0,100.0,100.0,76-125,92.0,93.6,92.0,90.4,93.6,90.4,SAUDAVEL,16.0,9.599999999999994,12.799999999999997,12.159999999999997,13.439999999999998,11.519999999999996,14.079999999999998
32,87,0.0,0.0,104.0,83.2,100.0,100.0,76-125,91.6,93.28,91.6,89.92,93.28,89.92,SAUDAVEL,16.799999999999997,10.079999999999998,13.439999999999998,12.767999999999997,14.111999999999998,12.095999999999997,14.783999999999997
32,88,8.030747615742886,6.747881542602345,103.0,82.39999999999999,91.96925238425712,93.25211845739766,76-125,87.44119940675667,88.39812464518238,87.5053427104137,86.42013086467391,88.46226794883941,86.42013086467391,SAUDAVEL,17.60000000000001,13.579869135326092,15.58993456766305,15.187921481195659,15.991947654130442,14.785908394728267,16.393960740597834
32,89,3.713842642608228,12.818758453897008,102.0,81.6,96.28615735739176,87.181241546103,76-125,87.12209551643814,88.59071125217731,86.6668497258737,86.10872557126339,88.13546546161288,86.10872557126339,SAUDAVEL,18.400000000000006,13.891274428736608,16.145637214368307,15.694764657241967,16.596509771494645,15.243892100115627,17.047382328620984
32,90,16.079113335384324,24.50409390178861,101.0,80.80000000000001,83.92088666461568,75.49590609821139,76-125,80.67544721902698,80.98753588548855,80.25419819070677,80.78460758088563,80.56628685716834,80.78460758088563,SAUDAVEL,19.19999999999999,19.215392419114366,19.207696209557177,19.209235451468615,19.20615696764574,19.210774693380053,19.204617725734302
32,91,12.555671419679312,35.26920578760773,100.0,80.0,87.44432858032069,64.73079421239227,76-125,79.17945741657466,79.92389027460673,78.04378069817824,79.57070127693902,78.78821355621031,79.57070127693902,ATENCAO,20.0,20.42929872306098,20.21464936153049,20.257579233836587,20.171719489224394,20.300509106142684,20.128789616918294
32,92,13.270814403560117,45.70932391022567,99.0,79.2,86.72918559643989,54.29067608977433,76-125,76.47689089688683,77.22980945653083,74.85496542155356,77.34589781257611,75.60788398119755,77.34589781257611,ATENCAO,20.799999999999997,22.654102187423888,21.727051093711943,21.912461312454333,21.541640874969552,22.09787153119672,21.35623065622716
32,93,26.658874158444856,52.561933560086246,98.0,78.4,73.34112584155514,47.43806643991376,76-125,70.6899510404493,70.18406362460482,69.39479807036723,72.49099142637584,68.88891065452275,72.49099142637584,ATENCAO,21.599999999999994,27.509008573624158,24.554504286812076,25.14540514417449,23.96360342944966,25.736306001536907,23.372702572087242
32,94,16.261331034334713,51.650682484264266,97.0,77.60000000000001,83.73866896566528,48.34931751573573,76-125,73.59146419284673,74.20533108941328,71.82199662035026,74.74706486877668,72.43586351691678,74.74706486877668,ATENCAO,22.39999999999999,25.252935131223325,23.826467565611658,24.11176107873399,23.541174052489325,24.397054591856325,23.25588053936699
32,95,4.209966659750593,34.247767728296,96.0,76.8,95.7900333402494,65.752232271704,76-125,80.28745645641561,82.18645979044055,78.78556640298835,79.89034317581795,80.68456973701328,79.89034317581795,ATENCAO,23.200000000000003,20.109656824182053,21.654828412091028,21.34579409450923,21.963862729672826,21.03675977692744,22.272897047254617
32,96,0.0,7.919555674201109,95.0,76.0,100.0,92.0804443257989,76-125,86.41608886515978,88.81608886515978,86.02011108144973,84.41206664886982,88.42011108144973,84.41206664886982,SAUDAVEL,24.0,15.587933351130175,19.793966675565088,18.952760010678105,20.63517334045207,18.111553345791123,21.47638000533905
32,97,0.0,0.0,94.0,75.2,100.0,100.0,76-125,87.6,90.08,87.6,85.12,90.08,85.12,SAUDAVEL,24.799999999999997,14.879999999999995,19.839999999999996,18.848,20.831999999999994,17.855999999999995,21.823999999999995
32,98,0.0,0.0,93.0,74.4,100.0,100.0,76-125,87.2,89.76,87.2,84.64,89.76,84.64,SAUDAVEL,25.599999999999994,15.36,20.479999999999997,19.455999999999996,21.503999999999998,18.431999999999995,22.527999999999995
32,99,0.0,0.0,92.0,73.6,100.0,100.0,76-125,86.8,89.44,86.8,84.16,89.44,84.16,SAUDAVEL,26.400000000000006,15.840000000000003,21.120000000000005,20.064000000000004,22.176000000000005,19.008000000000003,23.232000000000006
32,100,0.0,0.0,91.0,72.8,100.0,100.0,76-125,86.4,89.12,86.4,83.68,89.12,83.68,SAUDAVEL,27.200000000000003,16.319999999999993,21.759999999999998,20.671999999999997,22.848,19.583999999999996,23.935999999999996
32,101,0.0,0.0,90.0,72.0,100.0,100.0,76-125,86.0,88.8,86.0,83.19999999999999,88.8,83.19999999999999,SAUDAVEL,28.0,16.80000000000001,22.400000000000006,21.28000000000001,23.520000000000007,20.160000000000007,24.64
32,102,0.0,0.0,89.0,71.2,100.0,100.0,76-125,85.6,88.48,85.6,82.72,88.48,82.72,SAUDAVEL,28.799999999999997,17.28,23.04,21.887999999999998,24.192,20.735999999999997,25.343999999999998
32,103,0.0,0.0,88.0,70.39999999999999,100.0,100.0,76-125,85.19999999999999,88.16,85.19999999999999,82.24,88.16,82.24,SAUDAVEL,29.60000000000001,17.760000000000005,23.680000000000007,22.496000000000006,24.864000000000008,21.312000000000005,26.04800000000001
32,104,0.0,0.0,87.0,69.6,100.0,100.0,76-125,84.8,87.84,84.8,81.75999999999999,87.84,81.75999999999999,SAUDAVEL,30.400000000000006,18.24000000000001,24.320000000000007,23.104000000000006,25.536000000000005,21.888000000000005,26.752000000000002
32,105,0.0,0.0,86.0,68.8,100.0,100.0,76-125,84.4,87.52,84.4,81.28,87.52,81.28,SAUDAVEL,31.200000000000003,18.72,24.96,23.712000000000003,26.208000000000002,22.464,27.456
32,106,0.0,0.0,85.0,68.0,100.0,100.0,76-125,84.0,87.2,84.0,80.8,87.2,80.8,SAUDAVEL,32.0,19.200000000000003,25.6,24.32,26.880000000000003,23.04,28.16
32,107,0.0,0.0,84.0,67.2,100.0,100.0,76-125,83.6,86.88,83.6,80.32,86.88,80.32,SAUDAVEL,32.8,19.680000000000007,26.240000000000002,24.928000000000004,27.552,23.616,28.863999999999997
32,108,0.0,0.0,83.0,66.4,100.0,100.0,76-125,83.2,86.56,83.2,79.84,86.56,79.84,ATENCAO,33.599999999999994,20.159999999999997,26.879999999999995,25.535999999999994,28.223999999999997,24.191999999999993,29.567999999999994
32,109,0.0,0.0,82.0,65.60000000000001,100.0,100.0,76-125,82.80000000000001,86.24000000000001,82.80000000000001,79.36000000000001,86.24000000000001,79.36000000000001,ATENCAO,34.39999999999999,20.639999999999986,27.51999999999999,26.14399999999999,28.895999999999987,24.767999999999986,30.271999999999988
32,110,0.0,9.130323591256714,81.0,64.8,100.0,90.86967640874327,76-125,80.57393528174866,84.09393528174866,80.11741910218582,77.51045146131149,83.63741910218582,77.51045146131149,ATENCAO,35.2,22.48954853868851,28.844774269344256,27.573729123213106,30.115819415475407,26.302683977081955,31.386864561606554
32,111,0.0,28.84231699852463,80.0,64.0,100.0,71.15768300147536,76-125,76.23153660029507,79.83153660029507,74.78942075036883,74.0736524502213,78.38942075036884,74.0736524502213,ATENCAO,36.0,25.926347549778697,30.96317377488935,29.95580852986722,31.970539019911477,28.948443284845084,32.977904264933606
32,112,0.0,24.973399123589367,79.0,63.2,100.0,75.02660087641064,76-125,76.60532017528213,80.28532017528212,75.35665021910266,74.1739901314616,79.03665021910265,74.1739901314616,ATENCAO,36.8,25.826009868538407,31.313004934269202,30.215605921123043,32.41040394741536,29.118206907976884,33.50780296056152
32,113,0.0,14.855300543115636,78.0,62.4,100.0,85.14469945688437,76-125,78.22893989137688,81.98893989137689,77.4861748642211,75.21170491853265,81.24617486422109,75.21170491853265,ATENCAO,37.6,24.788295081467353,31.194147540733677,29.912977048880414,32.47531803258694,28.631806557027147,33.75648852444021
32,114,0.0,5.7247884906556425,77.0,61.6,100.0,94.27521150934436,76-125,79.65504230186887,83.49504230186888,79.3688028773361,76.10128172640165,83.2088028773361,76.10128172640165,ATENCAO,38.4,23.898718273598348,31.149359136799173,29.699230964159007,32.59948730943934,28.249102791518844,34.0496154820795
32,115,0.0,0.0,76.0,60.8,100.0,100.0,76-125,80.4,84.32,80.4,76.47999999999999,84.32,76.47999999999999,ATENCAO,39.2,23.52000000000001,31.360000000000007,29.79200000000001,32.928000000000004,28.224000000000004,34.496
32,116,0.0,0.0,75.0,60.0,100.0,100.0,31-75,80.0,84.0,80.0,76.0,84.0,76.0,ATENCAO,40.0,24.0,32.0,30.4,33.6,28.799999999999997,35.2
32,117,0.0,0.0,74.0,59.199999999999996,100.0,100.0,31-75,79.6,83.68,79.6,75.52,83.68,75.52,ATENCAO,40.800000000000004,24.480000000000004,32.64,31.008000000000006,34.272000000000006,29.376000000000005,35.904
32,118,0.0,0.0,73.0,58.4,100.0,100.0,31-75,79.2,83.36,79.2,75.03999999999999,83.36,75.03999999999999,ATENCAO,41.6,24.960000000000008,33.28,31.616000000000007,34.944,29.952000000000005,36.608
32,119,0.0,0.0,72.0,57.599999999999994,100.0,100.0,31-75,78.8,83.03999999999999,78.8,74.56,83.03999999999999,74.56,ATENCAO,42.400000000000006,25.439999999999998,33.92,32.224000000000004,35.616,30.528,37.312000000000005
32,120,0.0,0.0,71.0,56.8,100.0,100.0,31-75,78.4,82.72,78.4,74.08,82.72,74.08,ATENCAO,43.2,25.92,34.56,32.832,36.288000000000004,31.104,38.016
32,121,0.0,0.0,70.0,56.00000000000001,100.0,100.0,31-75,78.0,82.4,78.0,73.6,82.4,73.6,ATENCAO,43.99999999999999,26.400000000000006,35.2,33.44,36.959999999999994,31.68,38.72
32,122,0.0,0.0,69.0,55.2,100.0,100.0,31-75,77.6,82.08,77.6,73.12,82.08,73.12,ATENCAO,44.8,26.879999999999995,35.839999999999996,34.047999999999995,37.632,32.25599999999999,39.42399999999999
32,123,0.0,0.0,68.0,54.400000000000006,100.0,100.0,31-75,77.2,81.76,77.2,72.64,81.76,72.64,ATENCAO,45.599999999999994,27.36,36.48,34.656,38.303999999999995,32.831999999999994,40.12799999999999
32,124,0.0,0.0,67.0,53.6,100.0,100.0,31-75,76.8,81.44,76.8,72.16,81.44,72.16,ATENCAO,46.4,27.840000000000003,37.120000000000005,35.263999999999996,38.976,33.408,40.831999999999994
32,125,0.0,0.0,66.0,52.800000000000004,100.0,100.0,31-75,76.4,81.12,76.4,71.68,81.12,71.68,ATENCAO,47.199999999999996,28.319999999999993,37.75999999999999,35.87199999999999,39.647999999999996,33.983999999999995,41.53599999999999
32,126,0.0,0.0,65.0,52.0,100.0,100.0,31-75,76.0,80.8,76.0,71.2,80.8,71.2,ATENCAO,48.0,28.799999999999997,38.4,36.480000000000004,40.31999999999999,34.559999999999995,42.239999999999995
32,127,0.0,0.0,64.0,51.2,100.0,100.0,31-75,75.6,80.48,75.6,70.72,80.48,70.72,ATENCAO,48.8,29.28,39.04,37.088,40.992,35.135999999999996,42.943999999999996
32,128,0.0,0.0,63.0,50.4,100.0,100.0,31-75,75.2,80.16,75.2,70.24,80.16,70.24,ATENCAO,49.6,29.760000000000005,39.68000000000001,37.696000000000005,41.664,35.712,43.647999999999996
32,129,0.0,0.0,62.0,49.6,100.0,100.0,31-75,74.8,79.84,74.8,69.75999999999999,79.84,69.75999999999999,ATENCAO,50.4,30.24000000000001,40.32000000000001,38.304,42.336,36.288000000000004,44.352
32,130,0.0,0.0,61.0,48.8,100.0,100.0,31-75,74.4,79.52,74.4,69.28,79.52,69.28,ATENCAO,51.2,30.72,40.96,38.912000000000006,43.007999999999996,36.864,45.056
32,131,0.0,5.439482057389509,60.0,48.0,100.0,94.56051794261047,31-75,72.9121035885221,78.1121035885221,72.64012948565262,67.98407769139158,77.84012948565262,67.98407769139158,ATENCAO,52.0,32.015922308608424,42.00796115430421,40.009553385165056,44.00636892344337,38.01114561602589,46.004776692582524
32,132,0.0,13.77052868841375,59.0,47.199999999999996,100.0,86.22947131158625,31-75,70.84589426231724,76.12589426231725,70.15736782789656,66.25442069673792,75.43736782789657,66.25442069673792,ATENCAO,52.800000000000004,33.745579303262076,43.272789651631044,41.36734758195725,45.17823172130483,39.46190551228345,47.08367379097862
32,133,0.0,18.023974570785896,58.0,46.400000000000006,100.0,81.9760254292141,31-75,69.59520508584282,74.95520508584282,68.69400635730352,65.13640381438212,74.05400635730354,65.13640381438212,ATENCAO,53.599999999999994,34.86359618561788,44.23179809280894,42.35815771137072,46.10543847424715,40.484517329932515,47.97907885568536
32,134,0.0,38.127612020576805,57.0,45.6,100.0,61.8723879794232,31-75,65.17447759588464,70.61447759588464,63.2680969948558,61.64085819691348,68.7080969948558,61.64085819691348,ATENCAO,54.4,38.35914180308652,46.37957090154326,44.77548508185191,47.98365672123461,43.17139926216056,49.58774254092596
32,135,0.0,60.93729240229789,56.0,44.800000000000004,100.0,39.06270759770211,31-75,60.21254151954043,65.73254151954042,57.165676899425534,57.73940613965532,62.68567689942553,57.73940613965532,RISCO,55.199999999999996,42.26059386034468,48.73029693017234,47.436356316206805,50.02423754413787,46.142415702241266,51.31817815810339
32,136,9.160832719233571,91.69415210485865,55.0,44.0,90.83916728076645,8.305847895141355,31-75,50.9129197632582,55.59683649133484,46.78625379397696,50.3556690044628,51.47017052205359,50.3556690044628,RISCO,56.0,49.6443309955372,52.8221654977686,52.18659859732232,53.45773239821489,51.55103169687604,54.09329929866116
32,137,4.885938427857008,100.0,54.0,43.2,95.114061572143,0.0,31-75,50.134218471642896,55.3256246288572,45.37851539303575,49.69851539303575,50.56992155025005,49.69851539303575,RISCO,56.8,50.30148460696425,53.550742303482124,52.90089076417855,54.2005938427857,52.25103922487497,54.850445382089276
32,138,0.6254426883974518,100.0,53.0,42.4,99.37455731160254,0.0,31-75,51.01236719348076,56.709822924641024,46.04363932790064,50.28363932790063,51.74109505906089,50.28363932790063,RISCO,57.6,49.71636067209937,53.65818033604968,52.86981640325962,54.44654426883975,52.08145247046956,55.23490820162981
32,139,0.0,99.02381121563134,52.0,41.6,100.0,0.9761887843686594,31-75,50.99523775687373,56.83523775687373,46.044047196092166,50.1064283176553,51.88404719609217,50.1064283176553,RISCO,58.4,49.8935716823447,54.146785841172345,53.29614300940682,54.99742867293788,52.44550017764129,55.848071504703405
32,140,0.0,66.50875145746818,51.0,40.8,100.0,33.49124854253182,31-75,57.098249708506366,63.01824970850637,53.77281213563296,54.50368728137977,59.69281213563296,54.50368728137977,RISCO,59.2,45.49631271862023,52.34815635931012,50.97778763117214,53.7185250874481,49.60741890303416,55.08889381558607
32,141,0.0,32.46898640958135,50.0,40.0,100.0,67.53101359041865,31-75,63.50620271808373,69.50620271808373,61.88275339760466,59.1296520385628,67.88275339760466,59.1296520385628,RISCO,60.0,40.8703479614372,50.4351739807186,48.522208776862314,52.348139184574876,46.60924357300604,54.26110438843116
32,142,3.1836003176624224,18.39417519433468,49.0,39.2,96.81639968233758,81.60582480566532,31-75,64.96608486583433,70.7277248340681,64.20555612200073,59.96497364143419,69.96719609023448,59.96497364143419,RISCO,60.8,40.03502635856581,50.417513179282906,48.341015815139485,52.49401054342632,46.264518450996064,54.570507907569734
32,143,25.15771333109156,21.751789160017683,48.0,38.4,74.84228666890844,78.24821083998232,31-75,57.30232816866899,60.946556835559846,57.47262437722269,53.48780329322445,61.11685304411354,53.48780329322445,RISCO,61.6,46.51219670677555,54.056098353387775,52.54731802406533,55.564878682710216,51.038537694742885,57.073659012032664
32,144,30.77314857874666,37.77820061734328,47.0,37.6,69.22685142125334,62.22179938265672,31-75,52.01241530290735,55.17510044503268,51.66216270097751,49.19998276271185,54.824847843102845,49.19998276271185,RISCO,62.4,50.80001723728815,56.600008618644075,55.44001034237289,57.760006894915264,54.280012066101705,58.920005171186446
32,145,41.27295719426776,61.514533904253,46.0,36.8,58.72704280573224,38.485466095747,31-75,43.71520606086907,45.907910341442296,42.703127225369805,42.53458061579512,44.89583150594303,42.53458061579512,RISCO,63.2,57.46541938420488,60.33270969210244,59.759251630522925,60.906167753681956,59.18579356894341,61.479625815261464
32,146,46.01696703894228,99.85809646904936,45.0,36.0,53.98303296105772,0.1419035309506426,31-75,34.22329059450744,36.02159389061322,31.53123412300209,35.11704376990703,33.329537419107865,35.11704376990703,RISCO,64.0,64.88295623009297,64.4414781150465,64.52977373805578,64.35318249203719,64.61806936106508,64.26488686902789
32,147,43.044962832061,100.0,44.0,35.199999999999996,56.955037167939,0.0,31-75,34.6865111503817,36.8620148671756,31.838759291984747,35.35875929198475,34.01426300877864,35.35875929198475,RISCO,64.80000000000001,64.64124070801526,64.72062035400764,64.70474442480916,64.73649628320611,64.68886849561068,64.75237221240458
32,148,27.84085217963671,100.0,43.0,34.4,72.15914782036329,0.0,31-75,38.84774434610898,42.62365912814531,35.23978695509082,38.67978695509082,39.01570173712715,38.67978695509082,RISCO,65.6,61.32021304490918,63.46010652245459,63.03212782694551,63.88808521796366,62.604149131436415,64.31606391347275
32,149,32.763278863283496,100.0,42.0,33.6,67.23672113671651,0.0,31-75,36.97101634101495,40.33468845468661,33.60918028417913,36.96918028417913,36.97285239785078,36.96918028417913,RISCO,66.4,63.03081971582087,64.71540985791043,64.37849182949253,65.05232788632836,64.0415738010746,65.38924591474627
32,150,31.30857795966257,73.40359807903405,41.0,32.800000000000004,68.69142204033743,26.596401920965945,31-75,42.32670699629442,45.91584920032817,40.221955990325846,40.84231579822925,43.81109819435959,40.84231579822925,RISCO,67.19999999999999,59.15768420177075,63.17884210088537,62.37461052106244,63.983073680708294,61.57037894123952,64.78730526053121
32,151,16.98760830215134,12.799061008827056,40.0,32.0,83.01239169784866,87.20093899117295,31-75,58.34390530758918,63.44514447737406,58.55333267225541,53.03323877313811,63.65457184204027,53.03323877313811,RISCO,68.0,46.96676122686189,57.483380613430946,55.38005673611714,59.58670449074475,53.27673285880332,61.69002836805856
32,152,18.863355059347043,0.0,39.0,31.2,81.13664494065296,100.0,31-75,59.940993482195886,64.93465797626118,60.88416123516324,54.00416123516324,65.87782572922853,54.00416123516324,RISCO,68.8,45.99583876483676,57.39791938241838,55.117503258902055,59.6783355059347,52.83708713538573,61.95875162945102
32,153,26.31693090841447,0.0,38.0,30.4,73.68306909158554,100.0,31-75,57.30492072747566,61.63322763663422,58.62076727289639,51.66076727289638,62.949074182054936,51.66076727289638,RISCO,69.6,48.33923272710362,58.96961636355181,56.84353963626217,61.09569309084145,54.717462908972536,63.22176981813108
32,154,30.85238533029028,0.0,37.0,29.599999999999998,69.14761466970972,100.0,31-75,55.54428440091292,59.49904586788389,57.08690366742743,50.04690366742743,61.0416651343984,50.04690366742743,RISCO,70.4,49.95309633257257,60.17654816628629,58.131857799543546,62.22123853302903,56.0871674328008,64.26592889977178
32,155,38.10460503251747,0.0,36.0,28.799999999999997,61.89539496748253,100.0,31-75,52.96861849024476,56.27815798699301,54.87384874187063,47.75384874187063,58.18338823861889,47.75384874187063,RISCO,71.2,52.24615125812937,61.72307562906469,59.82769075487762,63.618460503251754,57.932305880690556,65.51384537743881
32,156,32.07004671927651,0.0,35.0,28.000000000000004,67.92995328072348,100.0,31-75,54.378985984217046,58.37198131228939,55.98248832018087,48.78248832018088,59.97548364825322,48.78248832018088,RISCO,72.0,51.21751167981912,61.60875583990956,59.53050700789147,63.687004671927646,57.45225817587338,65.76525350394573
32,157,26.53760436714336,6.256385555675895,34.0,27.200000000000003,73.46239563285664,93.74361444432412,31-75,54.38744157872182,59.013681142007485,55.40150251929519,48.747141074862775,60.02774208258086,48.747141074862775,RISCO,72.8,51.252858925137225,62.026429462568615,59.87171535508233,64.1811435700549,57.71700124759606,66.33585767754116
32,158,43.35766181825987,19.159713266747303,33.0,26.400000000000002,56.64233818174013,80.8402867332527,31-75,46.36075880117258,49.38499261934659,47.570656228748206,42.126627555422935,50.59489004692222,42.126627555422935,RISCO,73.6,57.873372444577065,65.73668622228853,64.16402346674624,67.30934897783082,62.59136071120394,68.88201173337312
32,159,50.31387832629283,63.0917527167808,32.0,25.6,49.68612167370717,36.9082472832192,31-75,35.08748595875599,37.49609812612671,34.448592239231594,33.31776751090967,36.85720440660231,33.31776751090967,RISCO,74.4,66.68223248909032,70.54111624454517,69.7693394934542,71.31289299563613,68.99756274236321,72.08466974672709
32,160,50.38885320123206,100.0,31.0,24.8,49.61114679876794,0.0,31-75,27.283344039630386,29.76445871950718,24.802786699691985,27.282786699691982,27.28390137956878,27.282786699691982,CRITICO,75.2,72.71721330030802,73.95860665015401,73.71032798018481,74.2068853201232,73.4620493102156,74.4551639900924
32,161,50.83413739303731,100.0,30.0,24.0,49.16586260696269,0.0,0-30,26.749758782088804,29.26634504278508,24.29146565174068,26.69146565174067,26.80805191243694,26.69146565174067,CRITICO,76.0,73.30853434825933,74.65426717412967,74.3851206089556,74.92341373930373,74.11597404378153,75.1925603044778
32,162,51.12947077059994,100.0,29.0,23.200000000000003,48.87052922940006,0.0,0-30,26.261158768820017,28.82821169176003,23.817632307350017,26.137632307350017,26.38468523029002,26.137632307350017,CRITICO,76.8,73.86236769264998,75.33118384632499,75.03742061558998,75.62494707706,74.74365738485498,75.918710307795
32,163,51.39066892557664,100.0,28.0,22.400000000000002,48.60933107442336,0.0,0-30,25.78279932232701,28.403732429769345,23.35233276860584,25.592332768605843,25.97326587604817,25.592332768605843,CRITICO,77.6,74.40766723139416,76.00383361569708,75.68460033883649,76.32306689255766,75.3653670619759,76.64230016941823
32,164,51.27245319276653,100.0,27.0,21.6,48.72754680723347,0.0,0-30,25.418264042170044,28.13101872289339,22.98188670180837,25.141886701808367,25.69464138253172,25.141886701808367,CRITICO,78.4,74.85811329819163,76.62905664909582,76.27486797891498,76.98324531927665,75.92067930873414,77.3374339894575
32,165,51.36694850617748,100.0,26.0,20.8,48.63305149382252,0.0,0-30,24.98991544814676,27.77322059752901,22.558262873455632,24.63826287345563,25.34156802283788,24.63826287345563,CRITICO,79.2,75.36173712654437,77.28086856327218,76.89704227592662,77.66469485061775,76.51321598858105,78.0485211379633
32,166,51.462297439635,100.0,25.0,20.0,48.537702560365,0.0,0-30,24.5613107681095,27.415081024146,22.13442564009125,24.13442564009125,24.98819589612775,24.13442564009125,CRITICO,80.0,75.86557435990875,77.93278717995437,77.51934461594524,78.3462297439635,77.10590205193611,78.75967230797262
32,167,51.85736918840093,100.0,24.0,19.2,48.14263081159907,0.0,0-30,24.04278924347972,26.93705232463963,21.635657702899767,23.555657702899765,24.52992078405968,23.555657702899765,CRITICO,80.8,76.44434229710023,78.62217114855011,78.18660537826014,79.05773691884009,77.75103960797016,79.49330268913006
32,168,52.034681611792514,100.0,23.0,18.4,47.965318388207486,0.0,0-30,23.589595516462246,26.546127355282994,21.19132959705187,23.031329597051872,24.147861435872617,23.031329597051872,CRITICO,81.6,76.96867040294813,79.28433520147406,78.82120224176887,79.74746816117926,78.3580692820637,80.21060112088443
32,169,52.42559701856105,100.0,22.0,17.599999999999998,47.57440298143895,0.0,0-30,23.072320894431684,26.06976119257558,20.69360074535974,22.453600745359736,23.69104104350363,22.453600745359736,CRITICO,82.4,77.54639925464026,79.97319962732013,79.48783955278415,80.4585597018561,79.00247947824819,80.94391977639208
32,170,52.77973917620318,100.0,21.0,16.8,47.22026082379682,0.0,0-30,22.56607824713905,25.60810432951873,20.205065205949204,21.885065205949203,23.24709128832889,21.885065205949203,CRITICO,83.2,78.1149347940508,80.6574673970254,80.14896087643048,81.16597391762032,79.64045435583556,81.67448043821523
32,171,53.02277289263253,100.0,20.0,16.0,46.97722710736747,0.0,0-30,22.09316813221024,25.19089084294699,19.744306776841867,21.34430677684187,22.84202948757861,21.34430677684187,CRITICO,84.0,78.65569322315812,81.32784661157906,80.79341593389488,81.86227728926325,80.25898525621068,82.39670796694743
32,172,52.95069681344999,100.0,19.0,15.2,47.04930318655001,0.0,0-30,21.714790955965004,24.899721274620006,19.362325796637503,20.882325796637502,22.547256115292505,20.882325796637502,CRITICO,84.8,79.1176742033625,81.95883710168124,81.3906045220175,82.527069681345,80.82237194235374,83.09530226100874
32,173,53.226171816923966,100.0,18.0,14.399999999999999,46.773828183076034,0.0,0-30,21.232148454922807,24.469531273230416,18.893457045769008,20.33345704576901,22.130839864076613,20.33345704576901,CRITICO,85.6,79.66654295423099,82.6332714771155,82.0399257725386,83.22661718169239,81.44658006796169,83.8199628862693
32,174,53.56635643531317,100.0,17.0,13.600000000000001,46.43364356468683,0.0,0-30,20.730093069406053,24.013457425874734,18.40841089117171,19.76841089117171,21.6917752476404,19.76841089117171,CRITICO,86.4,80.23158910882829,83.31579455441414,82.69895346529697,83.93263564353131,82.0821123761798,84.54947673264849
32,175,53.74296637836717,100.0,16.0,12.8,46.25703362163283,0.0,0-30,20.27711008648985,23.622813448653133,17.96425840540821,19.244258405408207,21.30996176757149,19.244258405408207,CRITICO,87.2,80.7557415945918,83.9778707972959,83.33344495675507,84.62229663783671,82.68901911621425,85.26672247837755
32,176,54.10807946946335,100.0,15.0,12.0,45.89192053053665,0.0,0-30,19.767576159161,23.15676821221466,17.472980132634163,18.67298013263416,20.86217218568783,18.67298013263416,CRITICO,88.0,81.32701986736583,84.66350993368292,83.99621192041951,85.33080794694632,83.32891390715608,85.99810596020974
32,177,54.6306641718709,100.0,14.0,11.200000000000001,45.3693358281291,0.0,0-30,19.21080074843873,22.62773433125164,16.942333957032275,18.06233395703228,20.359267539845185,18.06233395703228,CRITICO,88.8,81.93766604296772,85.36883302148385,84.68259962578063,86.05506641718708,83.9963662300774,86.7412998128903
32,178,55.37077829699684,100.0,13.0,10.4,44.62922170300316,0.0,0-30,18.58876651090095,22.011688681201264,16.35730542575079,17.39730542575079,19.780227596051105,17.39730542575079,CRITICO,89.6,82.60269457424921,86.10134728712461,85.40161674454953,86.8010778296997,84.70188620197445,87.50080837227475
32,179,56.07143431443341,100.0,12.0,9.6,43.92856568556659,0.0,0-30,17.978569705669976,21.411426274226635,15.782141421391646,16.742141421391647,19.214997989948305,16.742141421391647,CRITICO,90.4,83.25785857860835,86.82892928930417,86.11471514716501,87.54314343144334,85.40050100502584,88.25735757358251
32,180,56.651576636864654,100.0,11.0,8.799999999999999,43.34842336313535,0.0,0-30,17.404527008940605,20.859369345254137,15.237105840783835,16.117105840783836,18.69194817709737,16.117105840783836,CRITICO,91.2,83.88289415921616,87.54144707960808,86.8097364955297,88.27315766368648,86.0780259114513,89.00486824776485
32,181,57.48306695626624,100.0,10.0,8.0,42.51693304373376,0.0,0-30,16.755079913120127,20.206773217493502,14.62923326093344,15.42923326093344,18.08092656530681,15.42923326093344,CRITICO,92.0,84.57076673906656,88.28538336953328,87.54246004343995,89.02830669562661,86.79953671734658,89.77123002171996
32,182,57.83971835238695,100.0,9.0,7.199999999999999,42.16028164761305,0.0,0-30,16.248084494283916,19.74411265904521,14.14007041190326,14.860070411903262,17.636098576664565,14.860070411903262,CRITICO,92.8,85.13992958809673,88.96996479404837,88.20395775285803,89.7359718352387,87.43795071166771,90.501978876429
32,183,58.25417004355705,100.0,8.0,6.4,41.74582995644295,0.0,0-30,15.723748986932884,19.258331982577182,13.636457489110736,14.276457489110737,17.171040484755032,14.276457489110737,CRITICO,93.6,85.72354251088926,89.66177125544462,88.87412550653355,90.4494170043557,88.08647975762247,91.23706275326677
32,184,59.28401154027886,100.0,7.0,5.6000000000000005,40.71598845972114,0.0,0-30,15.01479653791634,18.526395383888456,12.978997114930284,13.538997114930286,16.490595960902397,13.538997114930286,CRITICO,94.4,86.46100288506972,90.43050144253486,89.63660173104184,91.22440115402789,88.8427020195488,92.01830086552091
32,185,60.13761296048804,100.0,6.0,4.8,39.86238703951196,0.0,0-30,14.358716111853589,17.864954815804786,12.36559675987799,12.845596759877989,15.871835463829184,12.845596759877989,CRITICO,95.2,87.15440324012201,91.177201620061,90.37264194407321,91.9817612960488,89.5680822680854,92.7863209720366
32,186,60.8055477631091,100.0,5.0,4.0,39.1944522368909,0.0,0-30,13.75833567106727,17.27778089475636,11.798613059222726,12.198613059222726,15.318058282911815,12.198613059222726,CRITICO,96.0,87.80138694077728,91.90069347038863,91.08083216446637,92.7205547763109,90.26097085854408,93.54041608223318
32,187,61.87402567839813,100.0,4.0,3.2,38.12597432160187,0.0,0-30,13.03779229648056,16.53038972864075,11.131493580400468,11.451493580400468,14.624091012560656,11.451493580400468,CRITICO,96.8,88.54850641959953,92.67425320979976,91.84910385175971,93.49940256783981,91.02395449371967,94.32455192587985
32,188,62.328368141283725,100.0,3.0,2.4,37.67163185871628,0.0,0-30,12.501489557614882,16.02865274348651,10.617907964679068,10.857907964679068,14.145071150550695,10.857907964679068,CRITICO,97.6,89.14209203532093,93.37104601766046,92.52525522119255,94.21683681412837,91.67946442472464,95.06262761059627
32,189,63.09903962891258,100.0,2.0,1.6,36.90096037108742,0.0,0-30,11.870288111326229,15.40038414843497,10.025240092771856,10.185240092771856,13.555336129880596,10.185240092771856,CRITICO,98.4,89.81475990722814,94.10737995361407,93.2488559443369,94.96590396289125,92.39033193505969,95.82442797216844
32,190,64.10596217243857,100.0,1.0,0.8,35.894037827561434,0.0,0-30,11.16821134826843,14.677615131024574,9.37350945689036,9.45350945689036,12.882913239646502,9.45350945689036,CRITICO,99.2,90.54649054310964,94.87324527155482,94.00789432586579,95.73859621724385,93.14254338017673,96.60394716293288
32,191,65.4568818867314,100.0,0.0,0.0,34.543118113268605,0.0,0-30,10.36293543398058,13.817247245307442,8.635779528317151,8.635779528317151,12.090091339644012,8.635779528317151,CRITICO,100.0,91.36422047168284,95.68211023584142,94.8185322830097,96.54568818867314,93.95495433017798,97.40926614150484
34,39,50.208962355692286,0.0,156.0,100.0,49.791037644307714,100.0,RUL > 125,84.93731129329231,79.91641505772309,87.44775941107693,87.44775941107693,82.42686317550769,87.44775941107693,SAUDAVEL,0.0,12.55224058892307,6.276120294461535,7.531344353353841,5.020896235569229,8.786568412246147,3.7656721766769206
34,40,50.168395712742914,0.0,155.0,100.0,49.831604287257086,100.0,RUL > 125,84.94948128617713,79.93264171490284,87.45790107181426,87.45790107181428,82.44106150053997,87.45790107181428,SAUDAVEL,0.0,12.542098928185723,6.271049464092862,7.525259356911434,5.016839571274289,8.779469249730006,3.762629678455717
34,41,50.21761563621437,13.75782163763015,154.0,100.0,49.78238436378563,86.24217836236986,RUL > 125,82.18315098160966,77.16138941798823,84.00614068153888,85.38192284530189,78.98437911791743,85.38192284530189,SAUDAVEL,0.0,14.618077154698113,7.309038577349057,8.770846292818868,5.847230861879246,10.232654008288678,4.385423146409434
34,42,50.06949872139851,5.103436236040039,153.0,100.0,49.93050127860149,94.89656376395996,RUL > 125,83.95846313637244,78.95151326423259,86.20676626064036,86.71710988424437,81.19981638850052,86.71710988424437,SAUDAVEL,0.0,13.282890115755634,6.641445057877817,7.969734069453381,5.313156046302254,9.298023081028944,3.9848670347266903
34,43,42.34249683410725,0.0,152.0,100.0,57.65750316589275,100.0,RUL > 125,87.29725094976783,83.0630012663571,89.41437579147319,89.41437579147319,85.18012610806247,89.41437579147319,SAUDAVEL,0.0,10.58562420852681,5.292812104263405,6.351374525116086,4.234249683410724,7.409936945968766,3.175687262558043
34,44,42.0899185095621,0.0,151.0,100.0,57.9100814904379,100.0,RUL > 125,87.37302444713137,83.16403259617516,89.47752037260948,89.47752037260948,85.26852852165327,89.47752037260948,SAUDAVEL,0.0,10.522479627390524,5.261239813695262,6.3134877764343145,4.20899185095621,7.365735739173366,3.1567438882171572
34,45,42.22259088079788,0.0,150.0,100.0,57.77740911920212,100.0,RUL > 125,87.33322273576064,83.11096364768085,89.44435227980053,89.44435227980053,85.22209319172075,89.44435227980053,SAUDAVEL,0.0,10.555647720199474,5.277823860099737,6.333388632119684,4.22225908807979,7.388953404139631,3.166694316059842
34,46,40.41145874322997,0.0,149.0,100.0,59.58854125677003,100.0,RUL > 125,87.87656237703101,83.83541650270801,89.89713531419251,89.89713531419251,85.8559894398695,89.89713531419251,SAUDAVEL,0.0,10.10286468580749,5.051432342903745,6.061718811484494,4.0411458743229955,7.072005280065242,3.030859405742247
34,47,30.695611035193288,0.0,148.0,100.0,69.30438896480672,100.0,RUL > 125,90.791316689442,87.7217555859227,92.32609724120168,92.32609724120168,89.25653613768235,92.32609724120168,SAUDAVEL,0.0,7.67390275879832,3.83695137939916,4.604341655278992,3.0695611035193284,5.371731931158823,2.302170827639496
34,48,35.11247862575214,0.0,147.0,100.0,64.88752137424785,100.0,RUL > 125,89.46625641227436,85.95500854969914,91.22188034356196,91.22188034356196,87.71063248098675,91.22188034356196,SAUDAVEL,0.0,8.778119656438037,4.389059828219018,5.266871793862822,3.511247862575215,6.144683759506625,2.633435896931411
34,49,42.5480786429231,0.0,146.0,100.0,57.4519213570769,100.0,RUL > 125,87.23557640712306,82.98076854283076,89.36298033926923,89.36298033926923,85.10817247497691,89.36298033926923,SAUDAVEL,0.0,10.637019660730772,5.318509830365386,6.382211796438463,4.254807864292309,7.44591376251154,3.1911058982192313
34,50,36.04950240035486,0.0,145.0,100.0,63.95049759964514,100.0,RUL > 125,89.18514927989354,85.58019903985806,90.98762439991128,90.98762439991128,87.38267415987579,90.98762439991128,SAUDAVEL,0.0,9.012375600088717,4.5061878000443585,5.40742536005323,3.604950240035487,6.308662920062101,2.703712680026615
34,51,38.55945618189757,0.0,144.0,100.0,61.44054381810243,100.0,RUL > 125,88.43216314543074,84.57621752724097,90.3601359545256,90.3601359545256,86.50419033633585,90.3601359545256,SAUDAVEL,0.0,9.639864045474397,4.8199320227371985,5.783918427284638,3.855945618189759,6.747904831832077,2.891959213642319
34,52,29.81318549627604,0.0,143.0,100.0,70.18681450372395,100.0,RUL > 125,91.05604435111718,88.07472580148958,92.546703625931,92.546703625931,89.56538507630339,92.546703625931,SAUDAVEL,0.0,7.453296374068998,3.726648187034499,4.471977824441399,2.9813185496275993,5.217307461848298,2.2359889122206993
34,53,27.42226570604772,0.0,142.0,100.0,72.57773429395228,100.0,RUL > 125,91.77332028818569,89.03109371758092,93.14443357348809,93.14443357348809,90.4022070028833,93.14443357348809,SAUDAVEL,0.0,6.855566426511913,3.4277832132559567,4.113339855907148,2.7422265706047657,4.798896498558339,2.056669927953574
34,54,42.37659278391083,0.0,141.0,100.0,57.62340721608917,100.0,RUL > 125,87.28702216482675,83.04936288643567,89.40585180402229,89.40585180402229,85.16819252563121,89.40585180402229,SAUDAVEL,0.0,10.59414819597771,5.297074097988855,6.356488917586625,4.237659278391084,7.415903737184396,3.1782444587933125
34,55,14.953745769866384,0.0,140.0,100.0,85.04625423013361,100.0,RUL > 125,95.51387626904008,94.01850169205343,96.2615635575334,96.2615635575334,94.76618898054676,96.2615635575334,SAUDAVEL,0.0,3.7384364424665932,1.8692182212332966,2.2430618654799557,1.4953745769866373,2.616905509726615,1.1215309327399778
34,56,7.636195992015521,0.0,139.0,100.0,92.36380400798448,100.0,RUL > 125,97.70914120239534,96.9455216031938,98.09095100199612,98.09095100199612,97.32733140279456,98.09095100199612,SAUDAVEL,0.0,1.9090489980038825,0.9545244990019413,1.1454293988023294,0.7636195992015531,1.3363342986027176,0.5727146994011647
34,57,9.971936238561634,0.0,138.0,100.0,90.02806376143836,100.0,RUL > 125,97.00841912843153,96.01122550457536,97.5070159403596,97.5070159403596,96.50982231650345,97.5070159403596,SAUDAVEL,0.0,2.4929840596404063,1.2464920298202031,1.4957904357842438,0.9971936238561625,1.7450888417482844,0.7478952178921219
34,58,13.214338095885358,0.0,137.0,100.0,86.78566190411465,100.0,RUL > 125,96.0356985712344,94.71426476164586,96.69641547602866,96.69641547602866,95.37498166644012,96.69641547602866,SAUDAVEL,0.0,3.303584523971338,1.651792261985669,1.9821507143828028,1.3214338095885354,2.3125091667799365,0.9910753571914014
34,59,16.772703207389213,0.0,136.0,100.0,83.22729679261079,100.0,RUL > 125,94.96818903778323,93.29091871704432,95.8068241981527,95.8068241981527,94.12955387741376,95.8068241981527,SAUDAVEL,0.0,4.193175801847303,2.0965879009236517,2.515905481108382,1.6772703207389215,2.935223061293112,1.257952740554191
34,60,13.256326419643512,0.0,135.0,100.0,86.74367358035649,100.0,RUL > 125,96.02310207410694,94.6974694321426,96.68591839508912,96.68591839508912,95.36028575312476,96.68591839508912,SAUDAVEL,0.0,3.314081604910882,1.657040802455441,1.9884489629465292,1.325632641964353,2.3198571234376173,0.9942244814732646
34,61,10.566793183135225,0.0,134.0,100.0,89.43320681686478,100.0,RUL > 125,96.82996204505945,95.77328272674592,97.3583017042162,97.3583017042162,96.30162238590268,97.3583017042162,SAUDAVEL,0.0,2.6416982957837973,1.3208491478918987,1.5850189774702783,1.056679318313519,1.849188807048658,0.7925094887351392
34,62,0.0,0.0,133.0,100.0,100.0,100.0,RUL > 125,100.0,100.0,100.0,100.0,100.0,100.0,SAUDAVEL,0.0,0.0,0.0,0.0,0.0,0.0,0.0
34,63,2.295943006775348,0.0,132.0,100.0,97.70405699322464,100.0,RUL > 125,99.3112170979674,99.08162279728988,99.42601424830616,99.42601424830616,99.19641994762864,99.42601424830616,SAUDAVEL,0.0,0.57398575169384,0.28699287584692,0.34439145101630403,0.22959430067753603,0.401790026185688,0.17219572550815201
34,64,12.71338475077087,0.0,131.0,100.0,87.28661524922913,100.0,RUL > 125,96.18598457476874,94.91464609969164,96.82165381230728,96.82165381230728,95.5503153372302,96.82165381230728,SAUDAVEL,0.0,3.178346187692725,1.5891730938463624,1.9070077126156348,1.27133847507709,2.2248423313849073,0.9535038563078174
34,65,3.019224302609258,0.0,130.0,100.0,96.98077569739074,100.0,RUL > 125,99.09423270921722,98.79231027895632,99.24519392434767,99.24519392434767,98.94327149408676,99.24519392434767,SAUDAVEL,0.0,0.7548060756523256,0.3774030378261628,0.45288364539139536,0.30192243026093024,0.5283642529566279,0.22644182269569768
34,66,0.0,0.0,129.0,100.0,100.0,100.0,RUL > 125,100.0,100.0,100.0,100.0,100.0,100.0,SAUDAVEL,0.0,0.0,0.0,0.0,0.0,0.0,0.0
34,67,0.0,0.0,128.0,100.0,100.0,100.0,RUL > 125,100.0,100.0,100.0,100.0,100.0,100.0,SAUDAVEL,0.0,0.0,0.0,0.0,0.0,0.0,0.0
34,68,0.0,0.0,127.0,100.0,100.0,100.0,RUL > 125,100.0,100.0,100.0,100.0,100.0,100.0,SAUDAVEL,0.0,0.0,0.0,0.0,0.0,0.0,0.0
34,69,0.0,0.0,126.0,100.0,100.0,100.0,RUL > 125,100.0,100.0,100.0,100.0,100.0,100.0,SAUDAVEL,0.0,0.0,0.0,0.0,0.0,0.0,0.0
34,70,3.105257886113721,0.0,125.0,100.0,96.89474211388628,100.0,76-125,99.06842263416588,98.75789684555453,99.22368552847158,99.22368552847158,98.9131597398602,99.22368552847158,SAUDAVEL,0.0,0.7763144715284227,0.38815723576421135,0.4657886829170536,0.3105257886113691,0.5434201300698959,0.2328943414585268
34,71,1.815737885541288,0.0,124.0,99.2,98.18426211445872,100.0,76-125,99.0552786343376,98.9537048457835,99.14606552861468,99.06606552861469,99.04449174006056,99.06606552861469,SAUDAVEL,0.7999999999999972,0.9339344713853137,0.8669672356926554,0.8803606828311872,0.8535737885541237,0.8937541299697187,0.8401803414155921
34,72,0.0,0.0,123.0,98.4,100.0,100.0,76-125,99.2,99.36,99.2,99.04,99.36,99.04,SAUDAVEL,1.5999999999999943,0.9599999999999937,1.279999999999994,1.215999999999994,1.343999999999994,1.151999999999994,1.407999999999994
34,73,1.7280050940466534,3.5163177947912128,122.0,97.6,98.27199490595336,96.4836822052088,76-125,97.57833491282776,97.6455344034231,97.48891927779052,97.60055105726966,97.55611876838586,97.60055105726966,SAUDAVEL,2.4000000000000057,2.399448942730345,2.3997244713651753,2.3996693656382093,2.3997795770921413,2.399614259911243,2.3998346828191073
34,74,0.0,22.13208653837521,121.0,96.8,100.0,77.8679134616248,76-125,93.97358269232495,94.29358269232496,92.8669783654062,94.76018701924372,93.1869783654062,94.76018701924372,SAUDAVEL,3.200000000000003,5.239812980756284,4.219906490378143,4.423887788453771,4.015925192302515,4.627869086529399,3.811943894226887
34,75,0.0,32.80516220417458,120.0,96.0,100.0,67.19483779582542,76-125,91.43896755916508,91.8389675591651,89.79870944895636,92.6792256693738,90.19870944895636,92.6792256693738,SAUDAVEL,4.0,7.320774330626193,5.660387165313097,5.992464598375715,5.328309732250478,6.324542031438335,4.996232299187858
34,76,0.0,9.751249100389291,119.0,95.19999999999999,100.0,90.24875089961073,76-125,95.64975017992214,96.12975017992214,95.16218772490268,95.6573126349416,95.64218772490268,95.6573126349416,SAUDAVEL,4.800000000000011,4.342687365058396,4.5713436825292035,4.525612419035042,4.617074946023365,4.47988115554088,4.662806209517527
34,77,0.0,0.2962501803784037,118.0,94.39999999999999,100.0,99.7037498196216,76-125,97.1407499639243,97.70074996392432,97.12593745490538,96.59556247294324,97.6859374549054,96.59556247294324,SAUDAVEL,5.6000000000000085,3.404437527056757,4.502218763528383,4.2826625162340575,4.721775010822708,4.063106268939732,4.9413312581170326
34,78,0.0,0.0,117.0,93.60000000000001,100.0,100.0,76-125,96.8,97.44,96.8,96.16,97.44,96.16,SAUDAVEL,6.3999999999999915,3.8400000000000034,5.119999999999997,4.863999999999999,5.375999999999996,4.608,5.631999999999994
34,79,0.0,0.0,116.0,92.80000000000001,100.0,100.0,76-125,96.4,97.12,96.4,95.68,97.12,95.68,SAUDAVEL,7.199999999999989,4.319999999999993,5.759999999999991,5.471999999999991,6.04799999999999,5.183999999999992,6.33599999999999
34,80,0.0,0.0,115.0,92.0,100.0,100.0,76-125,96.0,96.8,96.0,95.2,96.8,95.2,SAUDAVEL,8.0,4.799999999999997,6.399999999999999,6.079999999999998,6.719999999999999,5.759999999999998,7.039999999999999
34,81,0.0,0.0,114.0,91.2,100.0,100.0,76-125,95.6,96.48,95.6,94.72,96.48,94.72,SAUDAVEL,8.799999999999997,5.280000000000001,7.039999999999999,6.688,7.3919999999999995,6.336,7.743999999999998
34,82,0.0,0.0,113.0,90.4,100.0,100.0,76-125,95.2,96.16,95.2,94.24,96.16,94.24,SAUDAVEL,9.599999999999994,5.760000000000005,7.68,7.296000000000001,8.063999999999998,6.912000000000002,8.447999999999997
34,83,0.0,0.0,112.0,89.60000000000001,100.0,100.0,76-125,94.8,95.84,94.8,93.76,95.84,93.76,SAUDAVEL,10.399999999999991,6.239999999999995,8.319999999999993,7.903999999999993,8.735999999999994,7.487999999999993,9.151999999999992
34,84,0.0,5.7354722912796685,111.0,88.8,100.0,94.26452770872034,76-125,93.25290554174408,94.37290554174407,92.96613192718009,92.41967915630804,94.08613192718008,92.41967915630804,SAUDAVEL,11.200000000000003,7.580320843691965,9.390160421845984,9.02819250621518,9.752128337476787,8.666224590584376,10.11409625310759
34,85,0.0,20.688029646366605,110.0,88.0,100.0,79.3119703536334,76-125,89.86239407072668,91.06239407072668,88.82799258840835,89.696795553045,90.02799258840835,89.696795553045,SAUDAVEL,12.0,10.303204446954993,11.151602223477497,10.981922668172995,11.321281778781998,10.812243112868494,11.490961334086496
34,86,0.0,29.291656163886543,109.0,87.2,100.0,70.70834383611346,76-125,87.74166876722269,89.02166876722269,86.27708595902835,87.92625157541701,87.55708595902836,87.92625157541701,SAUDAVEL,12.799999999999997,12.073748424582988,12.436874212291492,12.364249054749791,12.509499369833193,12.29162389720809,12.582124527374894
34,87,0.0,35.33733559568686,108.0,86.4,100.0,64.66266440431315,76-125,86.13253288086264,87.49253288086263,84.36566610107829,86.53939966064698,85.72566610107829,86.53939966064698,SAUDAVEL,13.599999999999994,13.460600339353022,13.530300169676508,13.51636020361181,13.544240135741205,13.502420237547113,13.558180101805902
34,88,0.0,28.5541728161069,107.0,85.6,100.0,71.4458271838931,76-125,87.08916543677861,88.52916543677863,85.66145679597327,87.07687407758395,87.10145679597329,87.07687407758395,SAUDAVEL,14.400000000000006,12.923125922416048,13.661562961208027,13.51387555344963,13.809250368966422,13.366188145691233,13.956937776724818
34,89,0.0,14.07767929148847,106.0,84.8,100.0,85.92232070851153,76-125,89.58446414170231,91.10446414170232,88.88058017712788,88.76834810627673,90.40058017712788,88.76834810627673,SAUDAVEL,15.200000000000003,11.231651893723267,13.215825946861635,12.818991136233961,13.612660757489309,12.422156325606288,14.00949556811698
34,90,0.0,0.0,105.0,84.0,100.0,100.0,76-125,92.0,93.6,92.0,90.4,93.6,90.4,SAUDAVEL,16.0,9.599999999999994,12.799999999999997,12.159999999999997,13.439999999999998,11.519999999999996,14.079999999999998
34,91,0.0,0.0,104.0,83.2,100.0,100.0,76-125,91.6,93.28,91.6,89.92,93.28,89.92,SAUDAVEL,16.799999999999997,10.079999999999998,13.439999999999998,12.767999999999997,14.111999999999998,12.095999999999997,14.783999999999997
34,92,0.0,0.0,103.0,82.39999999999999,100.0,100.0,76-125,91.2,92.96,91.2,89.44,92.96,89.44,SAUDAVEL,17.60000000000001,10.560000000000002,14.080000000000005,13.376000000000005,14.784000000000006,12.672000000000004,15.488000000000007
34,93,12.24695215745752,24.54303388557353,102.0,81.6,87.75304784254249,75.45696611442648,76-125,82.21730757564805,82.8326123599023,81.60250348924224,82.21680687779958,82.21780827349649,82.21680687779958,SAUDAVEL,18.400000000000006,17.783193122200416,18.09159656110021,18.029915873320252,18.15327724888017,17.968235185540294,18.214957936660127
34,94,9.742453727883465,38.51364988386053,101.0,80.80000000000001,90.25754627211654,61.48635011613947,76-125,79.77453390486286,80.72028853207452,78.33597409706401,80.26733908545006,79.28172872427567,80.26733908545006,SAUDAVEL,19.19999999999999,19.73266091454994,19.466330457274964,19.519596548729957,19.41306436581997,19.57286264018495,19.359798274364973
34,95,9.271415386596669,46.92455640819912,100.0,80.0,90.72858461340331,53.07544359180088,76-125,77.83366410238116,78.9065225637215,75.95100705130105,78.64346269212096,77.02386551264138,78.64346269212096,ATENCAO,20.0,21.356537307879037,20.67826865393952,20.81392238472742,20.542614923151618,20.949576115515328,20.40696119236371
34,96,3.888056177604747,53.26631922138086,99.0,79.2,96.11194382239523,46.73368077861914,76-125,77.78031930244241,79.47151368468194,75.3114061502536,78.5580380723917,77.00260053249312,78.5580380723917,ATENCAO,20.799999999999997,21.441961927608304,21.12098096380415,21.185177156564983,21.05678477104332,21.24937334932581,20.992588578282486
34,97,0.0,43.1215739597463,98.0,78.4,100.0,56.8784260402537,76-125,80.57568520805074,82.73568520805074,78.41960651006343,80.57176390603804,80.57960651006343,80.57176390603804,SAUDAVEL,21.599999999999994,19.428236093961956,20.514118046980975,20.29694165637717,20.73129443758478,20.079765265773368,20.948470828188583
34,98,0.0,32.88090627810807,97.0,77.60000000000001,100.0,67.11909372189193,76-125,82.2238187443784,84.46381874437839,80.57977343047298,81.62786405828379,82.81977343047299,81.62786405828379,SAUDAVEL,22.39999999999999,18.37213594171621,20.3860679708581,19.98328156502972,20.78885437668648,19.58049515920134,21.191640782514856
34,99,0.0,19.62088432971934,96.0,76.8,100.0,80.37911567028067,76-125,84.47582313405614,86.79582313405614,83.49477891757016,83.1368673505421,85.81477891757017,83.1368673505421,SAUDAVEL,23.200000000000003,16.863132649457896,20.03156632472895,19.397879589674737,20.66525305978316,18.764192854620525,21.29893979483737
34,100,0.0,0.0,95.0,76.0,100.0,100.0,76-125,88.0,90.4,88.0,85.6,90.4,85.6,SAUDAVEL,24.0,14.400000000000006,19.200000000000003,18.240000000000002,20.16,17.28,21.119999999999997
34,101,5.467738300505776,0.0,94.0,75.2,94.53226169949424,100.0,76-125,85.95967850984827,87.8929046797977,86.23306542487356,83.75306542487355,88.16629159482298,83.75306542487355,SAUDAVEL,24.799999999999997,16.246934575126446,20.52346728756322,19.668160745075866,21.378773830050577,18.81285420258851,22.234080372537928
34,102,16.254556560373736,0.0,93.0,74.4,83.74544343962626,100.0,76-125,82.32363303188788,83.25817737585051,83.13636085990657,80.57636085990657,84.07090520386919,80.57636085990657,SAUDAVEL,25.599999999999994,19.423639140093428,22.51181957004671,21.894183484056057,23.12945565603737,21.276547398065397,23.747091742028022
34,103,21.2917915733593,15.344103917678249,92.0,73.6,78.7082084266407,84.65589608232175,76-125,77.34364174445656,77.85446258712062,77.64102612724061,76.53543651900843,78.15184696990468,76.53543651900843,ATENCAO,26.400000000000006,23.464563480991572,24.93228174049579,24.638738088594945,25.225825392396633,24.3451944366941,25.519369044297477
34,104,19.67615778666536,30.964158361302875,91.0,72.8,80.32384221333464,69.03584163869712,76-125,74.30432099173981,75.05670521307329,73.73992096300793,74.11633679913822,74.4923051843414,74.11633679913822,ATENCAO,27.200000000000003,25.883663200861776,26.54183160043089,26.410197920517067,26.67346528034471,26.27856424060324,26.805098960258533
34,105,9.160966867232808,34.988125650980145,90.0,72.0,90.83903313276718,65.01187434901985,76-125,76.25408480963412,78.13798812291085,74.96272687044676,75.66153943554477,76.84663018372348,75.66153943554477,ATENCAO,28.0,24.338460564455232,26.169230282227616,25.80307633867314,26.535384225782096,25.436922395118664,26.90153816933657
34,106,18.211485215101835,41.18806166073631,89.0,71.2,81.78851478489817,58.81193833926369,76-125,71.89894210332218,72.95779358181201,70.75011328104047,71.98891944711409,71.80896475953028,71.98891944711409,ATENCAO,28.799999999999997,28.011080552885915,28.405540276442956,28.326648331731548,28.484432221154364,28.24775638702014,28.563324165865772
34,107,15.01701890950198,37.0481712350847,88.0,70.39999999999999,84.98298109049801,62.9518287649153,76-125,73.28526008013246,74.74355818918227,72.18370246385332,72.92851958736179,73.64200057290313,72.92851958736179,ATENCAO,29.60000000000001,27.07148041263821,28.33574020631911,28.08288824758293,28.58859216505529,27.83003628884675,28.84144412379147
34,108,24.418155411351435,36.65414001731978,87.0,69.6,75.58184458864856,63.34585998268022,76-125,70.14372537313062,70.74190983199547,69.53192614283219,70.15734014456417,70.13011060169706,70.15734014456417,ATENCAO,30.400000000000006,29.842659855435826,30.121329927717916,30.0655959132615,30.177063942174335,30.009861898805077,30.232797956630748
34,109,23.7184394473818,31.85773740843595,86.0,68.8,76.2815605526182,68.14226259156405,76-125,70.91292068409827,71.6610767393601,70.50595578604556,70.57172952688916,71.25411184130738,70.57172952688916,ATENCAO,31.200000000000003,29.428270473110842,30.314135236555423,30.13696228386651,30.49130818924434,29.95978933117759,30.668481141933253
34,110,16.397222957551968,15.448268807547796,85.0,68.0,83.60277704244803,84.55173119245221,76-125,75.99117935122486,77.55145705546965,76.03862705872506,74.38345393947984,77.59890476296987,74.38345393947984,ATENCAO,32.0,25.616546060520164,28.808273030260082,28.1699276363121,29.446618424208065,27.531582242364117,30.084963818156048
34,111,13.123967060405914,0.0,84.0,67.2,86.87603293959408,100.0,76-125,79.66280988187822,81.63041317583765,80.31900823489852,77.03900823489852,82.28661152885793,77.03900823489852,ATENCAO,32.8,22.960991765101483,27.88049588255074,26.89659505906089,28.864396706040587,25.91269423557104,29.84829752953044
34,112,15.623010138011471,0.0,83.0,66.4,84.37698986198853,100.0,76-125,78.51309695859656,80.31079594479542,79.29424746549714,75.93424746549714,81.09194645169599,75.93424746549714,ATENCAO,33.599999999999994,24.065752534502863,28.83287626725143,27.879451520701714,29.786301013801143,26.926026774152,30.739725760350854
34,113,9.280492734544335,0.0,82.0,65.60000000000001,90.71950726545566,100.0,76-125,80.01585217963671,82.52780290618227,80.47987681636391,77.03987681636391,82.99182754290948,77.03987681636391,ATENCAO,34.39999999999999,22.960123183636085,28.68006159181804,27.53607391018165,29.824049273454428,26.392086228545256,30.968036955090817
34,114,12.27816392527776,0.0,81.0,64.8,87.72183607472223,100.0,76-125,78.71655082241666,81.0087344298889,79.33045901868056,75.81045901868055,81.62264262615278,75.81045901868055,ATENCAO,35.2,24.189540981319453,29.694770490659728,28.593724588791673,30.795816392527783,27.492678686923618,31.896862294395838
34,115,13.16009758819779,0.0,80.0,64.0,86.83990241180221,100.0,76-125,78.05197072354066,80.3359609647209,78.70997560295055,75.10997560295056,80.99396584413077,75.10997560295056,ATENCAO,36.0,24.890024397049444,30.445012198524722,29.334014638229668,31.556009758819776,28.223017077934607,32.66700731911483
34,116,13.786255732591131,0.0,79.0,63.2,86.21374426740887,100.0,76-125,77.46412328022267,79.76549770696354,78.15343606685222,74.47343606685222,80.4548104935931,74.47343606685222,ATENCAO,36.8,25.526563933147784,31.16328196657389,30.035938359888668,32.29062557325911,28.908594753203445,33.417969179944336
34,117,8.152621073040894,0.0,78.0,62.4,91.84737892695912,100.0,76-125,78.75421367808772,81.69895157078365,79.16184473173978,75.40184473173977,82.10658262443569,75.40184473173977,ATENCAO,37.6,24.59815526826023,31.099077634130115,29.798893160956137,32.39926210730409,28.498708687782155,33.69944658047807
34,118,9.12707213942804,0.0,77.0,61.6,90.87292786057196,100.0,76-125,78.06187835817158,80.98917114422878,78.51823196514299,74.678231965143,81.44552475120018,74.678231965143,ATENCAO,38.4,25.321768034857,31.8608840174285,30.553060820914197,33.1687072139428,29.2452376243999,34.4765304104571
34,119,0.0,0.0,76.0,60.8,100.0,100.0,76-125,80.4,84.32,80.4,76.47999999999999,84.32,76.47999999999999,ATENCAO,39.2,23.52000000000001,31.360000000000007,29.79200000000001,32.928000000000004,28.224000000000004,34.496
34,120,0.0,0.0,75.0,60.0,100.0,100.0,31-75,80.0,84.0,80.0,76.0,84.0,76.0,ATENCAO,40.0,24.0,32.0,30.4,33.6,28.799999999999997,35.2
34,121,0.0,0.0,74.0,59.199999999999996,100.0,100.0,31-75,79.6,83.68,79.6,75.52,83.68,75.52,ATENCAO,40.800000000000004,24.480000000000004,32.64,31.008000000000006,34.272000000000006,29.376000000000005,35.904
34,122,8.438043299396883,0.0,73.0,58.4,91.56195670060312,100.0,31-75,76.66858701018094,79.98478268024124,77.09048917515078,72.93048917515078,80.40668484521109,72.93048917515078,ATENCAO,41.6,27.069510824849218,34.33475541242461,32.88170649490953,35.78780432993969,31.42865757739445,37.240853247454766
34,123,4.562775897718412,0.0,72.0,57.599999999999994,95.4372241022816,100.0,31-75,77.43116723068448,81.21488964091265,77.6593060255704,73.41930602557039,81.44302843579855,73.41930602557039,ATENCAO,42.400000000000006,26.580693974429607,34.49034698721481,32.90841638465777,36.07227758977184,31.326485782100725,37.65420819232889
34,124,1.95990226871096,0.0,71.0,56.8,98.04009773128904,100.0,31-75,77.81202931938671,81.93603909251561,77.91002443282225,73.59002443282226,82.03403420595116,73.59002443282226,ATENCAO,43.2,26.40997556717774,34.80498778358887,33.12598534030664,36.4839902268711,31.446982897024416,38.16299267015332
34,125,8.09681550536231,0.0,70.0,56.00000000000001,91.90318449463769,100.0,31-75,75.57095534839131,79.16127379785507,75.97579612365942,71.57579612365942,79.5661145731232,71.57579612365942,ATENCAO,43.99999999999999,28.424203876340584,36.21210193817029,34.65452232580435,37.769681550536234,33.0969427134384,39.32726116290217
34,126,12.424966552432164,6.416044688124875,69.0,55.2,87.57503344756783,93.58395531187512,31-75,72.58930109664537,75.82680444140216,72.88974718986074,69.05135165867323,76.12725053461752,69.05135165867323,ATENCAO,44.8,30.948648341326773,37.874324170663385,36.48918900479606,39.25945933653071,35.10405383892874,40.64459450239803
34,127,19.532351131493662,22.12960621564285,68.0,54.400000000000006,80.46764886850633,77.87039378435715,31-75,66.91437341742333,69.52113830427396,66.78451066321587,64.43747128478016,69.39127555006651,64.43747128478016,ATENCAO,45.599999999999994,35.56252871521984,40.58126435760992,39.5775172291319,41.585011486087936,38.57377010065389,42.58875861456595
34,128,24.071785277346475,40.634936694131966,67.0,53.6,75.92821472265352,59.365063305868034,31-75,61.451477077969656,63.68429855023501,60.62331950713039,60.04681317654359,62.85614097939574,60.04681317654359,ATENCAO,46.4,39.95318682345641,43.176593411728206,42.531912094073846,43.821274729382566,41.887230776419486,44.46595604703692
34,129,26.843551237381103,47.96667104434854,66.0,52.800000000000004,73.1564487626189,52.03332895565146,31-75,58.75360041991596,60.78924529617785,57.69744442956759,57.77411153400245,59.73308930582948,57.77411153400245,RISCO,47.199999999999996,42.22588846599755,44.71294423299877,44.21553307959853,45.210355386399016,43.71812192619828,45.70776653979926
34,130,33.38514427170158,56.49656807321036,65.0,52.0,66.61485572829842,43.50343192678964,31-75,54.68514310384745,56.146628676677295,53.52957191377202,54.37922872109305,54.991057486601854,54.37922872109305,RISCO,48.0,45.62077127890695,46.81038563945347,46.57246276734418,47.04830851156278,46.33453989523486,47.28623138367208
34,131,34.82786128739156,59.76462397538487,64.0,51.2,65.17213871260844,40.23537602461513,31-75,53.19871681870556,54.59593068996641,51.951878684305896,53.04834108184438,53.34909255556674,53.04834108184438,RISCO,48.8,46.95165891815562,47.875829459077806,47.690995350893374,48.060663567262246,47.506161242708934,48.245497675446686
34,132,25.946190554549908,57.63772015476896,63.0,50.4,74.0538094454501,42.36227984523104,31-75,55.88859880268124,58.25397974722625,54.30402232267029,55.10779433814717,56.6694032672153,55.10779433814717,RISCO,49.6,44.89220566185283,47.24610283092642,46.7753233971117,47.71688226474113,46.30454396329698,48.18766169855584
34,133,28.8054657260805,50.48128938309063,62.0,49.6,71.1945342739195,49.51871061690937,31-75,56.06210240555773,58.22155583294968,54.97831122270722,54.98644016101628,57.13776465009917,54.98644016101628,RISCO,50.4,45.01355983898372,47.70677991949186,47.16813590339023,48.245423935593486,46.6294918872886,48.78406795169511
34,134,36.71948222449576,42.7541071067539,61.0,48.8,63.28051777550424,57.2458928932461,31-75,54.833333911300485,56.28138568885092,54.53160266718759,53.68701337786297,55.979654444738,53.68701337786297,RISCO,51.2,46.31298662213703,48.75649331106852,48.26779197328222,49.24519464885481,47.77909063549592,49.7338959866411
34,135,36.94310693920773,35.026877173562035,60.0,48.0,63.05689306079227,64.97312282643796,31-75,55.91169248352527,57.417381789604505,56.00750397180756,54.31019168916376,57.51319327788679,54.31019168916376,RISCO,52.0,45.68980831083624,48.84490415541812,48.213884986501746,49.475923324334495,47.582865817585365,50.10694249325087
34,136,43.36298302222921,31.92081125733793,59.0,47.199999999999996,56.63701697777079,68.07918874266207,31-75,54.20694284186365,55.15064453964073,54.77905143010821,52.691132555842,55.72275312788529,52.691132555842,RISCO,52.800000000000004,47.308867444158,50.054433722079,49.5053204664948,50.6035469776632,48.95620721091059,51.1526602332474
34,137,33.898439232745,22.14152042964055,58.0,46.400000000000006,66.101560767255,77.85847957035945,31-75,58.602164144248384,60.572320220973886,59.19001008440361,56.04416212736767,61.16016616112911,56.04416212736767,RISCO,53.599999999999994,43.95583787263233,48.77791893631616,47.81350272357939,49.742335149052934,46.849086510842625,50.70675136178969
34,138,20.503985089897046,2.7365584833074306,57.0,45.6,79.49601491010296,97.26344151669257,31-75,66.1014927763694,69.49109426737971,66.98986410669889,61.82351995502962,70.37946559770918,61.82351995502962,ATENCAO,54.4,38.17648004497038,46.28824002248519,44.66588802698223,47.91059201798815,43.04353603147926,49.53294401349111
34,139,26.38588298001732,0.0,56.0,44.800000000000004,73.61411701998267,100.0,31-75,64.4842351059948,67.36564680799307,65.80352925499567,60.28352925499567,68.68494095699393,60.28352925499567,ATENCAO,55.199999999999996,39.71647074500433,47.45823537250216,45.909882447002595,49.00658829800173,44.36152952150303,50.55494122350129
34,140,50.18627117642411,22.77493636748322,55.0,44.0,49.81372882357589,77.22506363251678,31-75,52.38913137357613,52.97050425593372,53.759698114023166,50.43719175077149,54.34107099638075,50.43719175077149,RISCO,56.0,49.56280824922851,52.781404124614255,52.1376849495371,53.42512329969141,51.49396577445995,54.068842474768545
34,141,50.333443468058746,59.51214661723439,54.0,43.2,49.66655653194125,40.48785338276561,31-75,44.5975376361355,45.24419328932963,44.13860247867672,44.40981714040015,44.78525813187083,44.40981714040015,RISCO,56.8,55.59018285959985,56.19509142979992,56.07410971575991,56.316073143839944,55.95312800171989,56.43705485787996
34,142,50.39476467970926,82.90739545331508,53.0,42.4,49.60523532029074,17.092604546684925,31-75,39.5000915054242,40.22061503745328,37.87445996674391,40.40519951207542,38.59498349877299,40.40519951207542,RISCO,57.6,59.59480048792458,58.59740024396229,58.79688029275475,58.39792019516983,58.9963603415472,58.19844014637737
34,143,50.39802908455074,98.50061475458466,52.0,41.6,49.60197091544926,1.4993852454153398,31-75,35.980468323717844,36.78066541526277,33.57533904021615,37.58540051567461,34.37553613176107,37.58540051567461,RISCO,58.4,62.41459948432539,60.40729974216269,60.80875969059523,60.00583979373016,61.21021963902777,59.604379845297615
34,144,50.65835339656204,100.0,51.0,40.8,49.34164660343796,0.0,31-75,35.20249398103138,36.05665864137519,32.73541165085949,36.81541165085949,33.58957631120329,36.81541165085949,RISCO,59.2,63.18458834914051,61.19229417457026,61.5907530094843,60.79383533965621,61.989211844398355,60.395376504742146
34,145,50.74456689253851,100.0,50.0,40.0,49.25543310746149,0.0,31-75,34.77662993223845,35.7021732429846,32.313858276865375,36.313858276865375,33.239401587611525,36.313858276865375,RISCO,60.0,63.686141723134625,61.84307086156731,62.21168503388078,61.474456689253856,62.58029920619423,61.105842516940385
34,146,50.86758343983751,100.0,49.0,39.2,49.13241656016249,0.0,31-75,34.33972496804875,35.332966624065,31.883104140040626,35.803104140040624,32.876345796056874,35.803104140040624,RISCO,60.8,64.19689585995937,62.49844792997968,62.83813751597562,62.15875834398375,63.17782710197156,61.81906875798781
34,147,51.00994693425213,100.0,48.0,38.4,48.99005306574787,0.0,31-75,33.89701591972436,34.95602122629915,31.447513266436967,35.28751326643697,32.50651857301175,35.28751326643697,RISCO,61.6,64.71248673356303,63.15624336678151,63.46749204013781,62.844994693425214,63.778740713494116,62.533746020068904
34,148,51.2065701163783,100.0,47.0,37.6,48.7934298836217,0.0,31-75,33.43802896508651,34.55737195344868,30.998357470905425,34.75835747090542,32.1177004592676,34.75835747090542,RISCO,62.4,65.24164252909458,63.82082126454729,64.10498551745675,63.53665701163783,64.3891497703662,63.25249275872837
34,149,51.3173821321759,100.0,46.0,36.8,48.6826178678241,0.0,31-75,33.00478536034723,34.19304714712964,30.57065446695602,34.25065446695602,31.75891625373844,34.25065446695602,RISCO,63.2,65.74934553304398,64.47467276652199,64.72960731982639,64.2197382132176,64.98454187313078,63.964803659913194
34,150,51.6620565046318,100.0,45.0,36.0,48.3379434953682,0.0,31-75,32.501383048610464,33.73517739814728,30.08448587384205,33.68448587384205,31.31828022337887,33.68448587384205,RISCO,64.0,66.31551412615795,65.15775706307898,65.38930847569478,64.92620565046317,65.62085988831056,64.69465423784737
34,151,51.67873322819147,100.0,44.0,35.199999999999996,48.32126677180853,0.0,31-75,32.09638003154256,33.40850670872341,29.68031669295213,33.20031669295213,30.992443370132985,33.20031669295213,RISCO,64.80000000000001,66.79968330704787,65.79984165352394,65.99980998422873,65.59987332281915,66.19977831493351,65.39990499211437
34,152,51.56267389714493,100.0,43.0,34.4,48.43732610285507,0.0,31-75,31.73119783085652,33.134930441142025,29.30933152571377,32.749331525713764,30.713064135999275,32.749331525713764,RISCO,65.6,67.25066847428624,66.42533423714312,66.59040108457174,66.2602673897145,66.75546793200036,66.09520054228587
34,153,51.65288780577112,100.0,42.0,33.6,48.34711219422888,0.0,31-75,31.30413365826866,32.778844877691554,28.88677804855722,32.24677804855722,30.361489267980108,32.24677804855722,RISCO,66.4,67.75322195144278,67.0766109757214,67.21193317086568,66.94128878057711,67.34725536600995,66.80596658543284
34,154,51.718929472417386,100.0,41.0,32.800000000000004,48.28107052758261,0.0,31-75,30.884321158274787,32.43242821103305,28.470267631895656,31.750267631895657,30.01837468465392,31.750267631895657,RISCO,67.19999999999999,68.24973236810435,67.72486618405216,67.82983942086261,67.61989294724174,67.93481265767304,67.5149197104313
34,155,51.975829724965024,100.0,40.0,32.0,48.024170275034976,0.0,31-75,30.40725108251049,32.00966811001399,28.006042568758744,31.206042568758743,29.60845959626224,31.206042568758743,RISCO,68.0,68.79395743124125,68.39697871562063,68.47637445874474,68.3175829724965,68.55577020186888,68.23818722937237
34,156,52.30501413988612,100.0,39.0,31.2,47.69498586011388,0.0,31-75,29.908495758034164,31.55799434404556,27.52374646502847,30.64374646502847,29.173245051039856,30.64374646502847,RISCO,68.8,69.35625353497153,69.07812676748577,69.13375212098292,69.0225014139886,69.18937747448007,68.96687606049146
34,157,52.76337510961194,100.0,38.0,30.4,47.23662489038806,0.0,31-75,29.37098746711641,31.054649956155224,27.009156222597014,30.049156222597013,28.69281871163582,30.049156222597013,RISCO,69.6,69.95084377740298,69.77542188870149,69.81050626644179,69.74033751096118,69.84559064418208,69.70525313322088
34,158,53.29856667316879,100.0,37.0,29.599999999999998,46.70143332683121,0.0,31-75,28.81042999804936,30.52057333073248,26.475358331707803,29.4353583317078,28.185501664390923,29.4353583317078,CRITICO,70.4,70.5646416682922,70.4823208341461,70.49878500097532,70.46585666731688,70.51524916780454,70.44939250048766
34,159,53.78822686720859,100.0,36.0,28.799999999999997,46.21177313279141,0.0,31-75,28.26353193983742,30.00470925311656,25.95294328319785,28.83294328319785,27.694120596476992,28.83294328319785,CRITICO,71.2,71.16705671680215,71.18352835840108,71.1802340300813,71.18682268672086,71.17693970176151,71.19011701504064
34,160,53.91084906759082,100.0,35.0,28.000000000000004,46.08915093240918,0.0,31-75,27.82674527972276,29.63566037296368,25.522287733102296,28.322287733102296,27.33120282634321,28.322287733102296,CRITICO,72.0,71.6777122668977,71.83885613344884,71.80662736013862,71.87108490675908,71.77439858682838,71.9033136800693
34,161,54.191981166510665,100.0,34.0,27.200000000000003,45.808018833489335,0.0,31-75,27.3424056500468,29.203207533395737,25.052004708372337,27.772004708372336,26.912806591721267,27.772004708372336,CRITICO,72.8,72.22799529162766,72.51399764581383,72.4567971749766,72.57119811665106,72.39959670413936,72.62839858748829
34,162,54.62464945007135,100.0,33.0,26.400000000000002,45.37535054992865,0.0,31-75,26.8126051649786,28.71014021997146,24.543837637482163,27.183837637482164,26.441372692475028,27.183837637482164,CRITICO,73.6,72.81616236251784,73.20808118125892,73.1296974175107,73.28646494500714,73.05131365376249,73.36484870875535
34,163,54.92890592446755,100.0,32.0,25.6,45.07109407553245,0.0,31-75,26.321328222659737,28.268437630212983,24.067773518883115,26.62777351888311,26.01488292643636,26.62777351888311,CRITICO,74.4,73.37222648111688,73.88611324055844,73.78333588867014,73.98889059244675,73.68055853678182,74.09166794433506
34,164,55.674394556358095,100.0,31.0,24.8,44.32560544364191,0.0,31-75,25.69768163309257,27.650242177456764,23.481401360910475,25.961401360910475,25.433961905274668,25.961401360910475,CRITICO,75.2,74.03859863908953,74.61929931954477,74.50315918345372,74.73543945563581,74.38701904736267,74.85157959172686
34,165,56.61914971873602,100.0,30.0,24.0,43.38085028126398,0.0,0-30,25.0142550843792,26.952340112505595,22.845212570316,25.245212570315992,24.783297598442395,25.245212570315992,CRITICO,76.0,74.754787429684,75.377393714842,75.2528724578104,75.5019149718736,75.1283512007788,75.62643622890519
34,166,57.06007693590202,100.0,29.0,23.200000000000003,42.93992306409798,0.0,0-30,24.4819769192294,26.4559692256392,22.334980766024497,24.654980766024497,24.30897307243429,24.654980766024497,CRITICO,76.8,75.3450192339755,76.07250961698776,75.92701154038531,76.21800769359021,75.78151346378286,76.36350577019265
34,167,57.77228769052772,100.0,28.0,22.400000000000002,42.22771230947228,0.0,0-30,23.868313692841685,25.85108492378892,21.75692807736808,23.99692807736807,23.7396993083153,23.99692807736807,CRITICO,77.6,76.00307192263193,76.80153596131596,76.64184315357916,76.96122876905277,76.48215034584234,77.12092157678957
34,168,58.54335405725544,100.0,27.0,21.6,41.45664594274456,0.0,0-30,23.23699378282337,25.222658377097822,21.16416148568614,23.32416148568614,23.1498260799606,23.32416148568614,CRITICO,78.4,76.67583851431385,77.53791925715693,77.36550310858831,77.71033540572554,77.1930869600197,77.88275155429416
34,169,59.22078405243953,100.0,26.0,20.8,40.77921594756047,0.0,0-30,22.63376478426814,24.631686379024192,20.59480398689012,22.67480398689012,22.592725581646164,22.67480398689012,CRITICO,79.2,77.32519601310989,78.26259800655495,78.07511760786593,78.45007840524396,77.88763720917692,78.63755880393296
34,170,59.531171796509454,100.0,25.0,20.0,40.46882820349055,0.0,0-30,22.140648461047164,24.18753128139621,20.11720705087264,22.11720705087264,22.16408987122169,22.11720705087264,CRITICO,80.0,77.88279294912736,78.94139647456367,78.72967576947642,79.15311717965095,78.51795506438916,79.36483788473821
34,171,60.25806385800864,100.0,24.0,19.2,39.74193614199136,0.0,0-30,21.522580842597407,23.576774456796542,19.53548403549784,21.45548403549784,21.589677649696974,21.45548403549784,CRITICO,80.8,78.54451596450215,79.67225798225107,79.44670957870129,79.89780638580086,79.22116117515151,80.12335478935064
34,172,61.32157438581962,100.0,23.0,18.4,38.67842561418038,0.0,0-30,20.80352768425412,22.83137024567215,18.86960640354509,20.70960640354509,20.89744896496313,20.70960640354509,CRITICO,81.6,79.2903935964549,80.44519679822744,80.21423615787293,80.67615743858195,79.98327551751842,80.90711807893646
34,173,62.69705057754974,100.0,22.0,17.599999999999998,37.30294942245026,0.0,0-30,19.99088482673508,21.961179768980102,18.125737355612564,19.88573735561256,20.09603229785759,19.88573735561256,CRITICO,82.4,80.11426264438744,81.25713132219371,81.02855758663246,81.48570505775498,80.7999838510712,81.71427879331623
34,174,63.56740136417168,100.0,21.0,16.8,36.43259863582832,0.0,0-30,19.32977959074849,21.29303945433133,17.50814965895708,19.18814965895708,19.47140952253991,19.18814965895708,CRITICO,83.2,80.81185034104291,82.00592517052146,81.76711020462574,82.24474013641716,81.52829523873004,82.48355510231286
34,175,64.94536870018985,100.0,20.0,16.0,35.054631299810154,0.0,0-30,18.516389389943043,20.421852519924062,16.76365782495254,18.36365782495254,18.66912095493356,18.36365782495254,CRITICO,84.0,81.63634217504746,82.81817108752372,82.58180530502847,83.05453687001898,82.34543952253321,83.29090265251423
34,176,66.29630970176562,100.0,19.0,15.2,33.70369029823438,0.0,0-30,17.71110708947031,19.56147611929375,16.025922574558592,17.545922574558595,17.876291604382033,17.545922574558595,CRITICO,84.8,82.4540774254414,83.62703871272069,83.39244645526483,83.86163097017655,83.15785419780897,84.09622322763241
34,177,67.69640463623568,100.0,18.0,14.399999999999999,32.30359536376432,0.0,0-30,16.891078609129295,18.681438145505727,15.275898840941078,16.71589884094108,17.06625837731751,16.71589884094108,CRITICO,85.6,83.28410115905892,84.44205057952945,84.21046069543536,84.67364046362357,83.97887081134124,84.90523034771766
34,178,69.10186343382887,100.0,17.0,13.600000000000001,30.89813656617113,0.0,0-30,16.069440969851343,17.799254626468453,14.524534141542784,15.884534141542783,16.2543477981599,15.884534141542783,CRITICO,86.4,84.11546585845721,85.25773292922861,85.02927951507434,85.48618634338288,84.80082610092005,85.71463975753716
34,179,70.81463875274333,100.0,16.0,12.8,29.185361247256665,0.0,0-30,15.155608374177,16.794144498902668,13.696340311814168,14.976340311814166,15.334876436539831,14.976340311814166,CRITICO,87.2,85.02365968818583,86.11182984409291,85.8941958129115,86.32946387527434,85.67656178173007,86.54709790645575
34,180,72.48887983204878,100.0,15.0,12.0,27.51112016795122,0.0,0-30,14.253336050385366,15.80444806718049,12.877780041987805,14.077780041987804,14.428892058782926,14.077780041987804,CRITICO,88.0,85.92221995801219,86.9611099790061,86.75333197480731,87.16888798320488,86.54555397060852,87.37666598740365
34,181,74.40271992467842,100.0,14.0,11.200000000000001,25.59728007532157,0.0,0-30,13.279184022596477,14.718912030128632,11.999320018830396,13.119320018830395,13.439048026362553,13.119320018830395,CRITICO,88.8,86.8806799811696,87.8403399905848,87.64840798870176,88.03227199246784,87.45647598681872,88.22420399435087
34,182,76.34570071113019,100.0,13.0,10.4,23.654299288869808,0.0,0-30,12.296289786660942,13.621719715547924,11.113574822217451,12.153574822217452,12.439004751104433,12.153574822217452,CRITICO,89.6,87.84642517778255,88.72321258889127,88.54785510666952,88.89857007111303,88.37249762444777,89.07392755333476
34,183,78.75388526441436,100.0,12.0,9.6,21.246114735585635,0.0,0-30,11.17383442067569,12.338445894234257,10.11152868389641,11.071528683896409,11.276140157454972,11.071528683896409,CRITICO,90.4,88.9284713161036,89.66423565805181,89.51708278966217,89.81138852644145,89.36992992127252,89.95854139483109
34,184,81.35000033782916,100.0,11.0,8.799999999999999,18.64999966217084,0.0,0-30,9.994999898651251,10.979999864868336,9.062499915542707,9.94249991554271,10.047499881759794,9.94249991554271,CRITICO,91.2,90.05750008445729,90.62875004222865,90.51450005067437,90.74300003378292,90.4002500591201,90.85725002533718
34,185,84.08943204375298,100.0,10.0,8.0,15.91056795624702,0.0,0-30,8.773170386874106,9.564227182498808,7.977641989061755,8.777641989061756,8.768698784686457,8.777641989061756,CRITICO,92.0,91.22235801093825,91.61117900546913,91.53341480656294,91.6889432043753,91.45565060765676,91.76670740328146
34,186,87.68489883851004,100.0,9.0,7.199999999999999,12.315101161489965,0.0,0-30,7.2945303484469886,7.806040464595985,6.67877529037249,7.39877529037249,7.190285406521487,7.39877529037249,CRITICO,92.8,92.60122470962752,92.70061235481376,92.68073482577651,92.720489883851,92.66085729673927,92.74036741288825
34,187,91.04379260721528,100.0,8.0,6.4,8.95620739278472,0.0,0-30,5.886862217835416,6.142482957113888,5.43905184819618,6.07905184819618,5.694672587474653,6.07905184819618,CRITICO,93.6,93.92094815180383,93.76047407590191,93.79256889108228,93.72837926072154,93.82466370626267,93.69628444554114
34,188,94.56327231672849,100.0,7.0,5.6000000000000005,5.4367276832715135,0.0,0-30,4.431018304981454,4.414691073308606,4.159181920817879,4.719181920817879,4.14285468914503,4.719181920817879,CRITICO,94.4,95.28081807918213,94.84040903959107,94.92849084750928,94.75232723167285,95.0165726554275,94.66424542375464
34,189,98.43676486363988,100.0,6.0,4.8,1.5632351363601202,0.0,0-30,2.868970540908036,2.545294054544048,2.79080878409003,3.27080878409003,2.467132297726042,3.27080878409003,CRITICO,95.2,96.72919121590996,95.96459560795498,96.11751472954597,95.81167648636398,96.27043385113697,95.65875736477298
34,190,100.0,100.0,5.0,4.0,0.0,0.0,0-30,2.0,1.6,2.0,2.4,1.6,2.4,CRITICO,96.0,97.6,96.8,96.96000000000001,96.63999999999999,97.11999999999999,96.47999999999999
34,191,100.0,100.0,4.0,3.2,0.0,0.0,0-30,1.6,1.2800000000000002,1.6,1.92,1.2800000000000002,1.92,CRITICO,96.8,98.08,97.44,97.568,97.312,97.696,97.184
34,192,100.0,100.0,3.0,2.4,0.0,0.0,0-30,1.2,0.96,1.2,1.44,0.96,1.44,CRITICO,97.6,98.56,98.08,98.17599999999999,97.98400000000001,98.27199999999999,97.88799999999999
34,193,100.0,100.0,2.0,1.6,0.0,0.0,0-30,0.8,0.6400000000000001,0.8,0.96,0.6400000000000001,0.96,CRITICO,98.4,99.04,98.72,98.784,98.656,98.848,98.592
34,194,100.0,100.0,1.0,0.8,0.0,0.0,0-30,0.4,0.32,0.4,0.48,0.32,0.48,CRITICO,99.2,99.52,99.36,99.392,99.328,99.42399999999998,99.29599999999999
34,195,100.0,100.0,0.0,0.0,0.0,0.0,0-30,0.0,0.0,0.0,0.0,0.0,0.0,CRITICO,100.0,100.0,100.0,100.0,100.0,100.0,100.0
40,39,6.797949860843818,11.158309108604456,149.0,100.0,93.2020501391562,88.84169089139554,RUL > 125,95.72895322002596,95.04915823394158,95.51093525763794,96.62676616849838,94.83114027155356,96.62676616849838,SAUDAVEL,0.0,3.373233831501622,1.686616915750811,2.0239402989009734,1.349293532600649,2.3612636820511352,1.0119701494504867
40,40,10.35866256233408,30.395477763659407,148.0,100.0,89.64133743766592,69.60452223634059,RUL > 125,90.81330567856789,89.7774394223345,89.81146491850163,92.85101269486756,88.77559866226822,92.85101269486756,SAUDAVEL,0.0,7.148987305132437,3.5744936525662183,4.289392383079462,2.859594922052975,5.004291113592705,2.144696191539731
40,41,4.846230620085682,37.70509933269646,147.0,100.0,95.15376937991432,62.29490066730354,RUL > 125,91.005110947435,90.52048788542643,89.36216751180446,93.13267744507412,88.87754444979589,93.13267744507412,SAUDAVEL,0.0,6.867322554925877,3.4336612774629387,4.120393532955526,2.746929021970351,4.807125788448114,2.060196766477763
40,42,6.36802788132011,42.68971836187082,146.0,100.0,93.6319721186799,57.31028163812918,RUL > 125,89.55164796322981,88.91484517509781,87.73556343920227,92.00453527538934,87.09876065107026,92.00453527538934,SAUDAVEL,0.0,7.995464724610656,3.997732362305328,4.797278834766393,3.1981858898442628,5.5968253072274585,2.3986394173831966
40,43,6.394723333166411,41.801821311704266,145.0,100.0,93.6052766668336,58.19817868829573,RUL > 125,89.72121873770922,89.08174640439259,87.95086383878233,92.13104596995277,87.31139150546569,92.13104596995277,SAUDAVEL,0.0,7.8689540300472345,3.9344770150236172,4.7213724180283405,3.147581612018894,5.508267821033064,2.3606862090141703
40,44,11.357394416581386,39.332496482139256,144.0,100.0,88.64260558341861,60.66750351786074,RUL > 125,88.72628237859773,87.5905429369396,87.32752727531984,91.26077692353375,86.19178783366169,91.26077692353375,SAUDAVEL,0.0,8.739223076466246,4.369611538233123,5.243533845879747,3.4956892305864984,6.117456153526372,2.6217669229398735
40,45,12.56497234762573,32.00309298542477,143.0,100.0,87.43502765237427,67.99690701457523,RUL > 125,89.82988969862733,88.57339246386476,88.85798366673738,92.05829296527986,87.6014864319748,92.05829296527986,SAUDAVEL,0.0,7.941707034720139,3.9708535173600694,4.765024220832083,3.1766828138880556,5.559194924304097,2.3825121104160414
40,46,12.624489343282924,32.6785725973411,142.0,100.0,87.37551065671707,67.3214274026589,RUL > 125,89.6769386775469,88.41448974321862,88.674234514844,91.9420917745781,87.4117855805157,91.9420917745781,SAUDAVEL,0.0,8.057908225421897,4.028954112710949,4.834744935253139,3.2231632901687592,5.640535757795328,2.4173724676265693
40,47,7.662175987865854,22.150271961376244,141.0,100.0,92.33782401213416,77.84972803862375,RUL > 125,93.271292811365,92.50507521257842,92.54688801268948,94.7619152088271,91.7806704139029,94.7619152088271,SAUDAVEL,0.0,5.238084791172895,2.6190423955864475,3.1428508747037367,2.0952339164691582,3.6666593538210264,1.5714254373518683
40,48,9.291425796481349,6.2141897421385295,140.0,100.0,90.70857420351864,93.78581025786148,RUL > 125,95.96973431262788,95.04059173297976,96.12359611534504,96.74501508955888,95.19445353569692,96.74501508955888,SAUDAVEL,0.0,3.2549849104411237,1.6274924552205619,1.9529909462646742,1.3019939641764495,2.2784894373087865,0.9764954731323371
40,49,4.769050804530214,0.5139618620839961,139.0,100.0,95.2309491954698,99.486038137916,RUL > 125,98.46649238622412,97.98958730577112,98.67924683334644,98.73064301955483,98.20234175289345,98.73064301955483,SAUDAVEL,0.0,1.269356980445167,0.6346784902225835,0.7616141882671001,0.5077427921780668,0.8885498863116168,0.3808070941335501
40,50,0.0,0.0,138.0,100.0,100.0,100.0,RUL > 125,100.0,100.0,100.0,100.0,100.0,100.0,SAUDAVEL,0.0,0.0,0.0,0.0,0.0,0.0,0.0
40,51,0.0,0.0,137.0,100.0,100.0,100.0,RUL > 125,100.0,100.0,100.0,100.0,100.0,100.0,SAUDAVEL,0.0,0.0,0.0,0.0,0.0,0.0,0.0
40,52,0.0,0.0,136.0,100.0,100.0,100.0,RUL > 125,100.0,100.0,100.0,100.0,100.0,100.0,SAUDAVEL,0.0,0.0,0.0,0.0,0.0,0.0,0.0
40,53,0.0,0.0,135.0,100.0,100.0,100.0,RUL > 125,100.0,100.0,100.0,100.0,100.0,100.0,SAUDAVEL,0.0,0.0,0.0,0.0,0.0,0.0,0.0
40,54,0.0,0.0,134.0,100.0,100.0,100.0,RUL > 125,100.0,100.0,100.0,100.0,100.0,100.0,SAUDAVEL,0.0,0.0,0.0,0.0,0.0,0.0,0.0
40,55,0.0,0.0,133.0,100.0,100.0,100.0,RUL > 125,100.0,100.0,100.0,100.0,100.0,100.0,SAUDAVEL,0.0,0.0,0.0,0.0,0.0,0.0,0.0
40,56,0.0,0.0,132.0,100.0,100.0,100.0,RUL > 125,100.0,100.0,100.0,100.0,100.0,100.0,SAUDAVEL,0.0,0.0,0.0,0.0,0.0,0.0,0.0
40,57,0.0,0.0,131.0,100.0,100.0,100.0,RUL > 125,100.0,100.0,100.0,100.0,100.0,100.0,SAUDAVEL,0.0,0.0,0.0,0.0,0.0,0.0,0.0
40,58,0.0,0.0,130.0,100.0,100.0,100.0,RUL > 125,100.0,100.0,100.0,100.0,100.0,100.0,SAUDAVEL,0.0,0.0,0.0,0.0,0.0,0.0,0.0
40,59,0.0,0.0,129.0,100.0,100.0,100.0,RUL > 125,100.0,100.0,100.0,100.0,100.0,100.0,SAUDAVEL,0.0,0.0,0.0,0.0,0.0,0.0,0.0
40,60,0.0,0.0,128.0,100.0,100.0,100.0,RUL > 125,100.0,100.0,100.0,100.0,100.0,100.0,SAUDAVEL,0.0,0.0,0.0,0.0,0.0,0.0,0.0
40,61,0.0,0.0,127.0,100.0,100.0,100.0,RUL > 125,100.0,100.0,100.0,100.0,100.0,100.0,SAUDAVEL,0.0,0.0,0.0,0.0,0.0,0.0,0.0
40,62,0.0,0.0,126.0,100.0,100.0,100.0,RUL > 125,100.0,100.0,100.0,100.0,100.0,100.0,SAUDAVEL,0.0,0.0,0.0,0.0,0.0,0.0,0.0
40,63,0.0,0.0,125.0,100.0,100.0,100.0,76-125,100.0,100.0,100.0,100.0,100.0,100.0,SAUDAVEL,0.0,0.0,0.0,0.0,0.0,0.0,0.0
40,64,0.0,0.0,124.0,99.2,100.0,100.0,76-125,99.6,99.68,99.6,99.52,99.68,99.52,SAUDAVEL,0.7999999999999972,0.480000000000004,0.6400000000000006,0.6080000000000012,0.6719999999999999,0.5760000000000018,0.7039999999999991
40,65,0.0,0.0,123.0,98.4,100.0,100.0,76-125,99.2,99.36,99.2,99.04,99.36,99.04,SAUDAVEL,1.5999999999999943,0.9599999999999937,1.279999999999994,1.215999999999994,1.343999999999994,1.151999999999994,1.407999999999994
40,66,0.0,0.0,122.0,97.6,100.0,100.0,76-125,98.8,99.04,98.8,98.56,99.04,98.56,SAUDAVEL,2.4000000000000057,1.4399999999999977,1.9200000000000017,1.824000000000001,2.0160000000000022,1.7280000000000002,2.112000000000003
40,67,0.0,0.0,121.0,96.8,100.0,100.0,76-125,98.4,98.72,98.4,98.08,98.72,98.08,SAUDAVEL,3.200000000000003,1.9200000000000017,2.5600000000000023,2.432000000000002,2.6880000000000024,2.304000000000002,2.8160000000000025
40,68,0.0,12.33960559267165,120.0,96.0,100.0,87.66039440732835,76-125,95.53207888146568,95.93207888146569,94.91509860183209,95.74905916109924,95.31509860183208,95.74905916109924,SAUDAVEL,4.0,4.25094083890076,4.12547041945038,4.150564503340457,4.100376335560304,4.175658587230532,4.075282251670227
40,69,0.0,32.08857205530472,119.0,95.19999999999999,100.0,67.91142794469528,76-125,91.18228558893904,91.66228558893906,89.57785698617381,92.30671419170427,90.05785698617382,92.30671419170427,SAUDAVEL,4.800000000000011,7.693285808295727,6.246642904147869,6.53597148497744,5.957314323318297,6.825300065807012,5.667985742488726
40,70,0.0,39.09172971323719,118.0,94.39999999999999,100.0,60.90827028676281,76-125,89.38165405735255,89.94165405735255,87.42706757169069,90.7762405430144,87.98706757169069,90.7762405430144,SAUDAVEL,5.6000000000000085,9.223759456985604,7.411879728492806,7.774255674191366,7.049503782794247,8.136631619889926,6.687127837095687
40,71,0.0,45.34008508867935,117.0,93.60000000000001,100.0,54.65991491132065,76-125,87.73198298226414,88.37198298226413,85.46497872783017,89.3589872366981,86.10497872783016,89.3589872366981,SAUDAVEL,6.3999999999999915,10.641012763301902,8.520506381650947,8.944607657981138,8.096405105320756,9.368708934311329,7.672303828990564
40,72,0.0,44.76484517467499,116.0,92.80000000000001,100.0,55.23515482532501,76-125,87.44703096506501,88.16703096506501,85.20878870633126,88.96527322379876,85.92878870633126,88.96527322379876,SAUDAVEL,7.199999999999989,11.03472677620124,9.117363388100614,9.500836065720739,8.73389071048049,9.884308743340863,8.350418032860365
40,73,0.0,42.92144982412108,115.0,92.0,100.0,57.07855017587892,76-125,87.41571003517578,88.21571003517579,85.26963754396974,88.76178252638182,86.06963754396975,88.76178252638182,SAUDAVEL,8.0,11.238217473618178,9.619108736809089,9.942930484170907,9.295286989447272,10.266752231532724,8.971465242085452
40,74,0.0,36.35106840787329,114.0,91.2,100.0,63.64893159212671,76-125,88.32978631842533,89.20978631842534,86.51223289803167,89.267339738819,87.39223289803168,89.267339738819,SAUDAVEL,8.799999999999997,10.732660261180996,9.766330130590497,9.959596156708596,9.573064104472397,10.152862182826697,9.379798078354296
40,75,0.0,36.22547959501603,113.0,90.4,100.0,63.77452040498397,76-125,87.9549040809968,88.91490408099679,86.14363010124599,88.8061780607476,87.10363010124598,88.8061780607476,SAUDAVEL,9.599999999999994,11.193821939252402,10.396910969626198,10.55629316355144,10.237528775700957,10.715675357476679,10.078146581775716
40,76,0.0839319315165113,28.807763611711312,112.0,89.60000000000001,99.91606806848348,71.19223638828869,76-125,89.01326769820278,90.04487450505114,87.57707611419305,89.41785247536417,88.60868292104139,89.41785247536417,SAUDAVEL,10.399999999999991,10.582147524635829,10.49107376231791,10.509288514781494,10.472859009854327,10.527503267245077,10.454644257390742
40,77,4.95234168747448,26.75127929448186,111.0,88.8,95.04765831252551,73.24872070551814,76-125,87.56404163486128,88.18880746611384,86.47409475451093,88.0292226839591,87.09886058576348,88.0292226839591,SAUDAVEL,11.200000000000003,11.970777316040895,11.585388658020449,11.662466389624537,11.50831092641636,11.739544121228628,11.43123319481227
40,78,0.0,25.138363330598025,110.0,88.0,100.0,74.86163666940197,76-125,88.9723273338804,90.1723273338804,87.71540916735049,89.0292455004103,88.9154091673505,89.0292455004103,SAUDAVEL,12.0,10.970754499589702,11.485377249794851,11.382452699753822,11.58830179983588,11.27952814971279,11.69122634987691
40,79,0.0,20.78794874361126,109.0,87.2,100.0,79.21205125638875,76-125,89.44241025127775,90.72241025127776,88.40301281409718,89.2018076884583,89.68301281409718,89.2018076884583,SAUDAVEL,12.799999999999997,10.798192311541698,11.799096155770847,11.598915386925018,11.999276924616677,11.398734618079187,12.199457693462506
40,80,0.0,12.24003742318462,108.0,86.4,100.0,87.75996257681538,76-125,90.75199251536309,92.11199251536308,90.13999064420383,90.00399438652231,91.49999064420383,90.00399438652231,SAUDAVEL,13.599999999999994,9.996005613477692,11.798002806738843,11.437603368086613,12.158402245391073,11.077203929434383,12.518801684043304
40,81,0.8779539389429535,12.606453659124528,107.0,85.6,99.12204606105703,87.39354634087547,76-125,90.0153230864922,91.36752769259792,89.42889810048314,89.24954346639558,90.78110270658884,89.24954346639558,SAUDAVEL,14.400000000000006,10.75045653360442,12.575228266802213,12.210273920162654,12.94018261344177,11.845319573523096,13.30513696008133
40,82,0.0,0.0,106.0,84.8,100.0,100.0,76-125,92.4,93.92,92.4,90.88,93.92,90.88,SAUDAVEL,15.200000000000003,9.120000000000005,12.160000000000004,11.552000000000003,12.768000000000002,10.944000000000003,13.376000000000001
40,83,0.0,0.0,105.0,84.0,100.0,100.0,76-125,92.0,93.6,92.0,90.4,93.6,90.4,SAUDAVEL,16.0,9.599999999999994,12.799999999999997,12.159999999999997,13.439999999999998,11.519999999999996,14.079999999999998
40,84,0.0,0.0,104.0,83.2,100.0,100.0,76-125,91.6,93.28,91.6,89.92,93.28,89.92,SAUDAVEL,16.799999999999997,10.079999999999998,13.439999999999998,12.767999999999997,14.111999999999998,12.095999999999997,14.783999999999997
40,85,0.0,0.0,103.0,82.39999999999999,100.0,100.0,76-125,91.2,92.96,91.2,89.44,92.96,89.44,SAUDAVEL,17.60000000000001,10.560000000000002,14.080000000000005,13.376000000000005,14.784000000000006,12.672000000000004,15.488000000000007
40,86,0.0,0.0,102.0,81.6,100.0,100.0,76-125,90.8,92.64,90.8,88.96,92.64,88.96,SAUDAVEL,18.400000000000006,11.040000000000006,14.720000000000006,13.984000000000005,15.456000000000007,13.248000000000005,16.192000000000004
40,87,0.0,0.0,101.0,80.80000000000001,100.0,100.0,76-125,90.4,92.32,90.4,88.48,92.32,88.48,SAUDAVEL,19.19999999999999,11.519999999999996,15.359999999999992,14.591999999999993,16.127999999999993,13.823999999999993,16.89599999999999
40,88,0.0,0.0,100.0,80.0,100.0,100.0,76-125,90.0,92.0,90.0,88.0,92.0,88.0,SAUDAVEL,20.0,12.0,16.0,15.2,16.8,14.399999999999999,17.6
40,89,0.0,0.0,99.0,79.2,100.0,100.0,76-125,89.6,91.68,89.6,87.52000000000001,91.68,87.52000000000001,SAUDAVEL,20.799999999999997,12.47999999999999,16.639999999999993,15.807999999999993,17.471999999999994,14.975999999999992,18.303999999999995
40,90,0.0,3.96932870428529,98.0,78.4,100.0,96.03067129571473,76-125,88.40613425914295,90.56613425914294,88.20766782392869,86.4446006943572,90.36766782392868,86.4446006943572,SAUDAVEL,21.599999999999994,13.555399305642794,17.577699652821394,16.773239583385674,18.382159722257114,15.968779513949954,19.186619791692834
40,91,5.083806726717236,32.45199024175844,97.0,77.60000000000001,94.91619327328276,67.54800975824156,76-125,80.78445993363314,82.51607926096142,79.41605075788108,80.42124978205693,81.14767008520936,80.42124978205693,SAUDAVEL,22.39999999999999,19.578750217943067,20.98937510897153,20.707250130765836,21.271500087177223,20.425125152560142,21.553625065382914
40,92,0.0,39.39516524776573,96.0,76.8,100.0,60.60483475223427,76-125,80.52096695044686,82.84096695044686,78.55120868805857,80.17072521283514,80.87120868805857,80.17072521283514,SAUDAVEL,23.200000000000003,19.829274787164863,21.514637393582433,21.177564872298916,21.851709914865946,20.840492351015406,22.18878243614946
40,93,0.0,38.7634779540625,95.0,76.0,100.0,61.2365220459375,76-125,80.2473044091875,82.64730440918751,78.30913051148437,79.78547830689062,80.70913051148437,79.78547830689062,ATENCAO,24.0,20.214521693109376,22.107260846554688,21.728713015865626,22.48580867724375,21.35016518517656,22.86435650793281
40,94,0.0,33.0848906190692,94.0,75.2,100.0,66.9151093809308,76-125,80.98302187618616,83.46302187618616,79.32877734523271,80.15726640713963,81.8087773452327,80.15726640713963,SAUDAVEL,24.799999999999997,19.84273359286037,22.321366796430183,21.825640155716222,22.817093437144145,21.329913515002257,23.312820077858106
40,95,0.0,18.79436931006738,93.0,74.4,100.0,81.20563068993262,76-125,83.44112613798653,86.00112613798653,82.50140767248315,81.82084460348989,85.06140767248316,81.82084460348989,SAUDAVEL,25.599999999999994,18.17915539651011,21.889577698255053,21.147493237906065,22.63166215860404,20.405408777557078,23.373746618953028
40,96,0.0,5.2218916840435785,92.0,73.6,100.0,94.77810831595642,76-125,85.75562166319128,88.39562166319128,85.49452707898911,83.37671624739346,88.1345270789891,83.37671624739346,SAUDAVEL,26.400000000000006,16.62328375260654,21.511641876303273,20.533970251563925,22.48931350104262,19.556298626824578,23.466985125781967
40,97,0.0,0.0,91.0,72.8,100.0,100.0,76-125,86.4,89.12,86.4,83.68,89.12,83.68,SAUDAVEL,27.200000000000003,16.319999999999993,21.759999999999998,20.671999999999997,22.848,19.583999999999996,23.935999999999996
40,98,0.0,0.0,90.0,72.0,100.0,100.0,76-125,86.0,88.8,86.0,83.19999999999999,88.8,83.19999999999999,SAUDAVEL,28.0,16.80000000000001,22.400000000000006,21.28000000000001,23.520000000000007,20.160000000000007,24.64
40,99,0.0,0.0,89.0,71.2,100.0,100.0,76-125,85.6,88.48,85.6,82.72,88.48,82.72,SAUDAVEL,28.799999999999997,17.28,23.04,21.887999999999998,24.192,20.735999999999997,25.343999999999998
40,100,0.0,0.0,88.0,70.39999999999999,100.0,100.0,76-125,85.19999999999999,88.16,85.19999999999999,82.24,88.16,82.24,SAUDAVEL,29.60000000000001,17.760000000000005,23.680000000000007,22.496000000000006,24.864000000000008,21.312000000000005,26.04800000000001
40,101,0.0,0.0,87.0,69.6,100.0,100.0,76-125,84.8,87.84,84.8,81.75999999999999,87.84,81.75999999999999,SAUDAVEL,30.400000000000006,18.24000000000001,24.320000000000007,23.104000000000006,25.536000000000005,21.888000000000005,26.752000000000002
40,102,0.0,0.0,86.0,68.8,100.0,100.0,76-125,84.4,87.52,84.4,81.28,87.52,81.28,SAUDAVEL,31.200000000000003,18.72,24.96,23.712000000000003,26.208000000000002,22.464,27.456
40,103,0.0,0.0,85.0,68.0,100.0,100.0,76-125,84.0,87.2,84.0,80.8,87.2,80.8,SAUDAVEL,32.0,19.200000000000003,25.6,24.32,26.880000000000003,23.04,28.16
40,104,0.0,0.0,84.0,67.2,100.0,100.0,76-125,83.6,86.88,83.6,80.32,86.88,80.32,SAUDAVEL,32.8,19.680000000000007,26.240000000000002,24.928000000000004,27.552,23.616,28.863999999999997
40,105,0.0,0.0,83.0,66.4,100.0,100.0,76-125,83.2,86.56,83.2,79.84,86.56,79.84,ATENCAO,33.599999999999994,20.159999999999997,26.879999999999995,25.535999999999994,28.223999999999997,24.191999999999993,29.567999999999994
40,106,0.0,0.0,82.0,65.60000000000001,100.0,100.0,76-125,82.80000000000001,86.24000000000001,82.80000000000001,79.36000000000001,86.24000000000001,79.36000000000001,ATENCAO,34.39999999999999,20.639999999999986,27.51999999999999,26.14399999999999,28.895999999999987,24.767999999999986,30.271999999999988
40,107,0.0,18.598088050011484,81.0,64.8,100.0,81.40191194998852,76-125,78.6803823899977,82.20038238999771,77.75047798749713,76.09028679249828,81.27047798749713,76.09028679249828,ATENCAO,35.2,23.909713207501724,29.554856603750864,28.425827924501036,30.68388528300069,27.296799245251208,31.81291396225052
40,108,0.0,49.92145346467443,80.0,64.0,100.0,50.07854653532557,76-125,72.01570930706512,75.61570930706512,69.5196366338314,70.91178198029883,73.11963663383139,70.91178198029883,ATENCAO,36.0,29.088218019701173,32.54410900985059,31.852930811820706,33.23528720788047,31.161752613790817,33.92646540591035
40,109,0.0,54.05042180542195,79.0,63.2,100.0,45.94957819457805,76-125,70.78991563891562,74.46991563891561,68.08739454864451,69.81243672918671,71.76739454864452,69.81243672918671,ATENCAO,36.8,30.187563270813285,33.49378163540664,32.83253796248797,34.155025308325314,32.171294289569296,34.81626898124398
40,110,0.0,53.4915281930228,78.0,62.4,100.0,46.5084718069772,76-125,70.50169436139544,74.26169436139544,67.8271179517443,69.41627077104658,71.5871179517443,69.41627077104658,ATENCAO,37.6,30.583729228953416,34.091864614476705,33.39023753737205,34.793491691581366,32.68861046026739,35.49511876868603
40,111,0.0,44.521203830868814,77.0,61.6,100.0,55.47879616913119,76-125,71.89575923382624,75.73575923382624,69.66969904228279,70.28181942536968,73.50969904228279,70.28181942536968,ATENCAO,38.4,29.718180574630324,34.05909028731516,33.190908344778194,34.92727222985213,32.32272640224123,35.7954541723891
40,112,0.0,35.71195530951889,76.0,60.8,100.0,64.28804469048112,76-125,73.25760893809623,77.17760893809621,71.47201117262028,71.12320670357217,75.39201117262027,71.12320670357217,ATENCAO,39.2,28.876793296427834,34.03839664821392,33.0060759778567,35.070717318571134,31.97375530749948,36.10303798892835
40,113,0.0,28.073299975624938,75.0,60.0,100.0,71.92670002437507,31-75,74.38534000487502,78.38534000487502,72.98167500609377,71.78900500365626,76.98167500609377,71.78900500365626,ATENCAO,40.0,28.210994996343743,34.10549749817187,32.92659699780624,35.2843979985375,31.747696497440618,36.46329849890312
40,114,0.0,18.908843244376087,74.0,59.199999999999996,100.0,81.09115675562391,31-75,75.81823135112478,79.89823135112478,74.87278918890597,72.68367351334358,78.95278918890598,72.68367351334358,ATENCAO,40.800000000000004,27.316326486656422,34.05816324332821,32.709795891993856,35.40653059466257,31.361428540659496,36.75489794599693
40,115,0.0,14.827830698078456,73.0,58.4,100.0,85.17216930192154,31-75,76.23443386038431,80.39443386038431,75.49304232548039,72.81582539528823,79.65304232548038,72.81582539528823,ATENCAO,41.6,27.18417460471177,34.39208730235589,32.950504762827066,35.83366984188471,31.50892222329824,37.27525238141353
40,116,0.0,12.951881382441922,72.0,57.599999999999994,100.0,87.04811861755807,31-75,76.20962372351161,80.44962372351162,75.56202965438952,72.61721779263371,79.80202965438951,72.61721779263371,ATENCAO,42.400000000000006,27.38278220736629,34.89139110368315,33.38966932441978,36.39311288294652,31.8879475451564,37.89483466220989
40,117,0.0,9.96106707376719,71.0,56.8,100.0,90.0389329262328,31-75,76.40778658524655,80.72778658524656,75.90973323155819,72.58583993893492,80.2297332315582,72.58583993893492,ATENCAO,43.2,27.414160061065076,35.30708003053254,33.728496036639044,36.885664024426035,32.149912042745555,38.46424801831952
40,118,0.0,1.7505359666583111,70.0,56.00000000000001,100.0,98.2494640333417,31-75,77.64989280666833,82.04989280666834,77.56236600833543,73.33741960500126,81.96236600833544,73.33741960500126,ATENCAO,43.99999999999999,26.66258039499874,35.33129019749937,33.597548236999245,37.0650321579995,31.863806276499112,38.798774118499615
40,119,0.0,2.3405495060187285,69.0,55.2,100.0,97.65945049398128,31-75,77.13189009879625,81.61189009879625,77.01486262349532,72.76891757409719,81.49486262349532,72.76891757409719,ATENCAO,44.8,27.231082425902812,36.015541212951405,34.258649455541686,37.77243297036112,32.50175769813197,39.52932472777084
40,120,13.21916742385756,19.897759831916105,68.0,54.400000000000006,86.78083257614244,80.1022401680839,31-75,69.25469780645952,72.49278106407377,68.92076818605659,66.3505441692482,72.15885144367083,66.3505441692482,ATENCAO,45.599999999999994,33.649455830751805,39.6247279153759,38.42967349845108,40.81978233230072,37.23461908152626,42.01483674922554
40,121,14.979546901717764,38.40236246024141,67.0,53.6,85.02045309828223,61.59763753975859,31-75,64.62566343743639,67.76770874726462,63.45452265951021,62.65475890553434,66.59656796933842,62.65475890553434,ATENCAO,46.4,37.34524109446566,41.87262054723283,40.967144656679395,42.77809643778627,40.06166876612596,43.68357232833969
40,122,28.63974823103507,59.83585581154465,66.0,52.800000000000004,71.36025176896493,40.16414418845535,31-75,55.84090436838055,57.69692954527704,54.28109898935507,55.54468457050953,56.13712416625157,55.54468457050953,RISCO,47.199999999999996,44.45531542949047,45.82765771474523,45.55318925769428,46.102126171796186,45.27872080064333,46.37659462884713
40,123,21.97514148142321,74.4004365357961,65.0,52.0,78.02485851857679,25.599563464203897,31-75,54.52737024841381,57.129856100271496,51.90610549569517,54.546149149274775,54.50859134755285,54.546149149274775,RISCO,48.0,45.453850850725225,46.72692542536261,46.472310510435136,46.98154034029009,46.21769559550765,47.23615525521756
40,124,18.698911970294223,74.40427291265563,64.0,51.2,81.30108802970578,25.59572708734437,31-75,55.10947182638061,58.11958062935119,52.32420377926253,54.8846310705281,55.33431258223311,54.8846310705281,RISCO,48.8,45.1153689294719,46.95768446473595,46.58922135768314,47.32614757178876,46.220758250630325,47.69461067884156
40,125,11.401506750327274,68.16953873319366,63.0,50.4,88.59849324967273,31.83046126680634,31-75,58.14564022826308,61.96548955323036,55.307238629119766,57.16419250243913,59.12708795408704,57.16419250243913,RISCO,49.6,42.83580749756087,46.21790374878044,45.541484498536526,46.89432299902435,44.86506524829261,47.570742249268264
40,126,18.70264575627277,62.25201941825353,62.0,49.6,81.29735424372723,37.74798058174647,31-75,56.73880238946746,59.90853781384019,54.56133370636842,55.74653564819378,57.73106913074116,55.74653564819378,RISCO,50.4,44.25346435180622,47.32673217590311,46.71207861108373,47.94138574072249,46.097425046264355,48.55603930554186
40,127,25.756058123645083,54.30794212542529,61.0,48.8,74.24394187635491,45.69205787457471,31-75,55.811594137821416,58.355988325456906,54.383999937732405,54.69479415027493,56.928394125367895,54.69479415027493,RISCO,51.2,45.30520584972507,48.252602924862536,47.663123509835046,48.84208233989003,47.07364409480755,49.43156175491752
40,128,23.340678681557648,27.992467449204373,60.0,48.0,76.65932131844235,72.00753255079563,31-75,61.39930290569183,64.26523503753607,61.16671346730949,58.76596021222993,64.03264559915374,58.76596021222993,RISCO,52.0,41.23403978777007,46.617019893885036,45.540423872662046,47.693615915108026,44.46382785143905,48.77021193633102
40,129,36.15883301972513,22.43719439530436,59.0,47.199999999999996,63.84116698027487,77.56280560469564,31-75,58.264911215021584,59.92902791304907,58.950993146242624,55.91471258577306,60.61510984427011,55.91471258577306,RISCO,52.800000000000004,44.08528741422694,48.442643707113476,47.57117244853617,49.31411496569078,46.69970118995886,50.18558622426808
40,130,48.96697097395023,37.97502776502215,58.0,46.400000000000006,51.03302902604977,62.02497223497785,31-75,50.9149031548105,51.37820605741548,51.46450031525691,49.90200309175913,51.92780321786188,49.90200309175913,RISCO,53.599999999999994,50.09799690824087,51.848998454120434,51.498798144944516,52.19919876329635,51.148597835768605,52.549399072472255
40,131,50.21339862546056,64.99805944968162,57.0,45.6,49.78660137453944,35.00194055031838,31-75,44.73636852242551,45.155028659879456,43.99713548121446,45.05694142618261,44.4157956186684,45.05694142618261,RISCO,54.4,54.94305857381739,54.671529286908694,54.72583514429043,54.61722342952696,54.78014100167217,54.56291757214521
40,132,50.22918154922706,97.4754399645234,56.0,44.800000000000004,49.77081845077294,2.524560035476597,31-75,37.83615754232721,38.3332393874045,35.47384462156239,39.701388618014725,35.97092646663968,39.701388618014725,RISCO,55.199999999999996,60.298611381985275,57.749305690992635,58.25916682919116,57.23944455279411,58.76902796738969,56.729583414595574
40,133,50.30437408663453,100.0,55.0,44.0,49.69562591336547,0.0,31-75,36.90868777400964,37.47825036534619,34.423906478341365,38.82390647834136,34.993469069677914,38.82390647834136,RISCO,56.0,61.17609352165864,58.58804676082932,59.10565611299519,58.07043740866346,59.623265465161055,57.55282805649759
40,134,50.34926577329872,100.0,54.0,43.2,49.65073422670128,0.0,31-75,36.49522026801039,37.14029369068052,34.01268355667532,38.33268355667532,34.65775697934545,38.33268355667532,RISCO,56.8,61.66731644332468,59.23365822166234,59.720389865994804,58.74692657732987,60.20712151032727,58.2601949329974
40,135,50.71730320489113,100.0,53.0,42.4,49.28269679510887,0.0,31-75,35.98480903853266,36.67307871804355,33.520674198777215,37.76067419877722,34.2089438782881,37.76067419877722,RISCO,57.6,62.23932580122278,59.91966290061139,60.383595480733675,59.45573032048912,60.84752806085595,58.991797740366835
40,136,50.58350411659225,100.0,52.0,41.6,49.41649588340775,0.0,31-75,35.624948765022324,36.4065983533631,33.15412397085194,37.31412397085194,33.93577355919271,37.31412397085194,RISCO,58.4,62.68587602914806,60.542938014574034,60.97152561748884,60.114350411659224,61.40011322040364,59.685762808744414
40,137,50.63006898369687,100.0,51.0,40.8,49.36993101630313,0.0,31-75,35.210979304890934,36.06797240652125,32.74248275407578,36.82248275407578,33.59947585570609,36.82248275407578,RISCO,59.2,63.17751724592422,61.18875862296211,61.58651034755454,60.791006898369695,61.98426207214695,60.39325517377726
40,138,50.64763897486763,100.0,50.0,40.0,49.35236102513237,0.0,31-75,34.80570830753971,35.74094441005295,32.338090256283095,36.338090256283095,33.273326358796325,36.338090256283095,RISCO,60.0,63.661909743716905,61.83095487185845,62.19714584623014,61.46476389748676,62.56333682060183,61.09857292311507
40,139,50.66886984652495,100.0,49.0,39.2,49.33113015347505,0.0,31-75,34.39933904604251,35.41245206139002,31.93278253836876,35.852782538368764,32.94589555371627,35.852782538368764,RISCO,60.8,64.14721746163124,62.47360873081562,62.808330476978746,62.138886984652494,63.143052223141865,61.80416523848937
40,140,50.69050145128393,79.57233834411429,48.0,38.4,49.30949854871607,20.427661655885714,31-75,38.07838189579196,39.16933175066357,36.63429005115045,38.43152388556187,37.72523990602205,38.43152388556187,RISCO,61.6,61.56847611443813,61.58423805721907,61.58108566866287,61.587390445775256,61.57793328010669,61.59054283433143
40,141,50.98326971125022,88.76015126721603,47.0,37.6,49.01673028874978,11.239848732783967,31-75,35.752988833181725,36.8946618620567,33.864144755383435,36.50015988210504,35.00581778425841,36.50015988210504,RISCO,62.4,63.49984011789496,62.949920058947484,63.05990407073698,62.839936047157984,63.16988808252647,62.729952035368484
40,142,51.10103841111823,95.45512503476724,46.0,36.8,48.89896158888177,4.544874965232765,31-75,33.97866346971108,35.188559628599265,31.76095913852864,34.986471642005355,32.970855297416804,34.986471642005355,RISCO,63.2,65.01352835799464,64.10676417899732,64.2881170147968,63.925411343197865,64.46946985059625,63.74405850739839
40,143,51.37306966439181,100.0,45.0,36.0,48.62693033560819,0.0,31-75,32.58807910068246,33.85077213424328,30.15673258390205,33.75673258390205,31.419425617462863,33.75673258390205,RISCO,64.0,66.24326741609795,65.12163370804898,65.34596044965878,64.89730696643917,65.57028719126856,64.67298022482939
40,144,51.5214186105919,100.0,44.0,35.199999999999996,48.4785813894081,0.0,31-75,32.143574416822425,33.47143255576324,29.71964534735202,33.239645347352024,31.04750348629284,33.239645347352024,RISCO,64.80000000000001,66.76035465264798,65.780177326324,65.9762127915888,65.5841418610592,66.17224825685358,65.3881063957944
40,145,52.02303587146873,100.0,43.0,34.4,47.97696412853127,0.0,31-75,31.59308923855938,32.95078565141251,29.19424103213281,32.63424103213281,30.551937444985946,32.63424103213281,RISCO,65.6,67.36575896786718,66.48287948393359,66.6594553807203,66.30630358714686,66.83603127750702,66.12972769036014
40,146,52.12028150183774,100.0,42.0,33.6,47.87971849816226,0.0,31-75,31.16391554944868,32.591887399264905,28.769929624540566,32.129929624540566,30.1979014743568,32.129929624540566,RISCO,66.4,67.87007037545943,67.13503518772973,67.28204222527566,66.98802815018378,67.4290492628216,66.84102111263783
40,147,52.09747643560574,100.0,41.0,32.800000000000004,47.90252356439426,0.0,31-75,30.77075706931828,32.28100942575771,28.375630891098567,31.655630891098568,29.88588324753799,31.655630891098568,RISCO,67.19999999999999,68.34436910890143,67.77218455445072,67.88662146534085,67.65774764356057,68.00105837623099,67.54331073267042
40,148,52.429968894298376,100.0,40.0,32.0,47.57003110570162,0.0,31-75,30.271009331710488,31.82801244228065,27.892507776425404,31.092507776425407,29.44951088699557,31.092507776425407,RISCO,68.0,68.9074922235746,68.4537461117873,68.54449533414476,68.36299688942984,68.63524455650222,68.27224766707238
40,149,52.34418274052727,100.0,39.0,31.2,47.65581725947273,0.0,31-75,29.89674517784181,31.542326903789093,27.51395431486818,30.63395431486818,29.159536040815453,30.63395431486818,RISCO,68.8,69.36604568513182,69.08302284256591,69.13962741107909,69.02641827405273,69.19623197959227,68.96981370553954
40,150,52.66435252329809,100.0,38.0,30.4,47.33564747670191,0.0,31-75,29.40069424301057,31.094258990680764,27.03391186917548,30.073911869175475,28.727476616845667,30.073911869175475,RISCO,69.6,69.92608813082452,69.76304406541226,69.7956528784947,69.73043525232981,69.82826169157717,69.69782643924735
40,151,52.90192232637442,100.0,37.0,29.599999999999998,47.09807767362558,0.0,31-75,28.92942330208768,30.679231069450232,26.5745194184064,29.5345194184064,28.324327185768954,29.5345194184064,CRITICO,70.4,70.4654805815936,70.4327402907968,70.43928834895615,70.42619223263745,70.44583640711552,70.41964417447808
40,152,53.21914861009433,100.0,36.0,28.799999999999997,46.78085138990567,0.0,31-75,28.434255416971705,30.232340555962267,26.09521284747641,28.975212847476413,27.893297986466983,28.975212847476413,CRITICO,71.2,71.02478715252359,71.1123935762618,71.09487229151415,71.12991486100944,71.0773510067665,71.14743614575707
40,153,53.57878607983184,100.0,35.0,28.000000000000004,46.42121392016816,0.0,31-75,27.92636417605045,29.768485568067263,25.60530348004204,28.40530348004204,27.447424872058857,28.40530348004204,CRITICO,72.0,71.59469651995796,71.79734825997897,71.75681791197478,71.83787860798319,71.71628756397057,71.87840895598738
40,154,53.69491885200458,100.0,34.0,27.200000000000003,46.30508114799542,0.0,31-75,27.491524344398627,29.40203245919817,25.176270286998857,27.896270286998856,27.0867784017984,27.896270286998856,CRITICO,72.8,72.10372971300114,72.45186485650058,72.38223782780068,72.52149188520046,72.3126107991008,72.59111891390033
40,155,54.23602934458768,100.0,33.0,26.400000000000002,45.76397065541232,0.0,31-75,26.92919119662369,28.86558826216493,24.640992663853083,27.28099266385308,26.57738972939432,27.28099266385308,CRITICO,73.6,72.71900733614692,73.15950366807346,73.07140440168814,73.24760293445877,72.98330513530283,73.33570220084407
40,156,54.62891382502974,100.0,32.0,25.6,45.37108617497026,0.0,31-75,26.41132585249108,28.388434469988105,24.142771543742565,26.702771543742564,26.1198801612396,26.702771543742564,CRITICO,74.4,73.29722845625744,73.84861422812872,73.73833707375448,73.95889138250298,73.6280599193802,74.06916853687723
40,157,55.041819527275095,100.0,31.0,24.8,44.958180472724905,0.0,31-75,25.88745414181747,27.903272189089964,23.639545118181225,26.119545118181225,25.65536316545372,26.119545118181225,CRITICO,75.2,73.88045488181878,74.54022744090939,74.40827292909127,74.67218195272751,74.27631841727315,74.80413646454564
40,158,55.34253379778722,100.0,30.0,24.0,44.65746620221278,0.0,0-30,25.397239860663834,27.46298648088512,23.1643665505532,25.5643665505532,25.23011317077448,25.5643665505532,CRITICO,76.0,74.4356334494468,75.2178167247234,75.06138006966808,75.37425337977872,74.90494341461276,75.53069003483404
40,159,55.91917382998994,100.0,29.0,23.200000000000003,44.08082617001006,0.0,0-30,24.824247851003022,26.912330468004026,22.620206542502515,24.94020654250252,24.70828915950352,24.94020654250252,CRITICO,76.8,75.05979345749748,75.92989672874873,75.75587607449847,76.10391738299899,75.58185542024823,76.27793803724924
40,160,56.23888806490547,100.0,28.0,22.400000000000002,43.76111193509453,0.0,0-30,24.32833358052836,26.46444477403781,22.14027798377364,24.380277983773635,24.27638917728309,24.380277983773635,CRITICO,77.6,75.61972201622636,76.60986100811317,76.41183320973582,76.80788880649054,76.21380541135845,77.0059166048679
40,161,56.71351730844922,100.0,27.0,21.6,43.28648269155078,0.0,0-30,23.785944807465235,25.95459307662032,21.62162067288769,23.781620672887698,23.79026894204277,23.781620672887698,CRITICO,78.4,76.2183793271123,77.30918966355615,77.09102759626738,77.52735173084491,76.87286552897861,77.74551379813369
40,162,57.52773193336693,100.0,26.0,20.8,42.47226806663307,0.0,0-30,23.14168041998992,25.30890722665323,21.018067016658268,23.09806701665827,23.18529382332157,23.09806701665827,CRITICO,79.2,76.90193298334174,78.05096649167086,77.82115979000504,78.2807731933367,77.59135308833922,78.51057989500252
40,163,57.69629421909899,100.0,25.0,20.0,42.30370578090101,0.0,0-30,22.6911117342703,24.921482312360407,20.575926445225253,22.575926445225253,22.806297023315352,22.575926445225253,CRITICO,80.0,77.42407355477475,78.71203677738737,78.45444413286485,78.9696294219099,78.19685148834233,79.22722206643243
40,164,58.45519969325535,100.0,24.0,19.2,41.54480030674465,0.0,0-30,22.06344009202339,24.29792012269786,19.98620007668616,21.90620007668616,22.220680107360625,21.90620007668616,CRITICO,80.8,78.09379992331384,79.44689996165692,79.1762799539883,79.71751996932554,78.90565994631969,79.98813997699415
40,165,58.91701292809476,100.0,23.0,18.4,41.08298707190524,0.0,0-30,21.52489612157157,23.793194828762093,19.47074676797631,21.31074676797631,21.73904547516684,21.31074676797631,CRITICO,81.6,78.68925323202369,80.14462661601183,79.85355193921421,80.43570129280947,79.56247726241658,80.7267759696071
40,166,59.66534554098838,100.0,22.0,17.599999999999998,40.33465445901162,0.0,0-30,20.900396337703484,23.173861783604647,18.883663614752905,20.643663614752903,21.157129060654064,20.643663614752903,CRITICO,82.4,79.35633638524709,80.87816819262355,80.57380183114824,81.18253455409885,80.26943546967296,81.48690091557413
40,167,60.43751352460913,100.0,21.0,16.8,39.56248647539087,0.0,0-30,20.26874594261726,22.54499459015635,18.29062161884772,19.97062161884772,20.566870266386804,19.97062161884772,CRITICO,83.2,80.02937838115228,81.61468919057614,81.29762702869138,81.9317513524609,80.98056486680659,82.24881351434568
40,168,61.35497253623317,100.0,20.0,16.0,38.64502746376683,0.0,0-30,19.59350823913005,21.85801098550673,17.66125686594171,19.261256865941707,19.92575961231839,19.261256865941707,CRITICO,84.0,80.7387431340583,82.36937156702915,82.04324588043498,82.69549725362332,81.7171201938408,83.02162294021748
40,169,62.51979935509665,100.0,19.0,15.2,37.48020064490335,0.0,0-30,18.844060193471,21.07208025796134,16.970050161225835,18.49005016122584,19.19807022571617,18.49005016122584,CRITICO,84.8,81.50994983877416,83.15497491938709,82.82596990326451,83.48397993550967,82.4969648871419,83.81298495163225
40,170,63.45664309876355,100.0,18.0,14.399999999999999,36.54335690123645,0.0,0-30,18.16300707037093,20.37734276049457,16.335839225309112,17.775839225309113,18.55017491543276,17.775839225309113,CRITICO,85.6,82.22416077469089,83.91208038734544,83.57449646481453,84.24966430987635,83.23691254228362,84.58724823240726
40,171,64.37332459237757,100.0,17.0,13.600000000000001,35.62667540762243,0.0,0-30,17.48800262228673,19.69067016304897,15.706668851905608,17.066668851905607,17.90933639266785,17.066668851905607,CRITICO,86.4,82.9333311480944,84.6666655740472,84.31999868885663,85.01333245923777,83.97333180366607,85.35999934442832
40,172,65.38060795534969,100.0,16.0,12.8,34.61939204465031,0.0,0-30,16.785817613395093,18.967756817860128,15.054848011162578,16.334848011162578,17.236787215627608,16.334848011162578,CRITICO,87.2,83.66515198883742,85.43257599441871,85.07909119330245,85.78606079553498,84.7256063921862,86.13954559665123
40,173,66.8524399690212,100.0,15.0,12.0,33.147560030978795,0.0,0-30,15.94426800929364,18.05902401239152,14.2868900077447,15.486890007744698,16.401646010842576,15.486890007744698,CRITICO,88.0,84.5131099922553,86.25655499612765,85.90786599535318,86.60524399690212,85.5591769945787,86.95393299767659
40,174,68.58819703861622,100.0,14.0,11.200000000000001,31.411802961383785,0.0,0-30,15.023540888415134,17.044721184553516,13.452950740345948,14.572950740345949,15.474131036484325,14.572950740345949,CRITICO,88.8,85.42704925965405,87.11352462982703,86.77622955579244,87.45081970386161,86.43893448175783,87.78811477789621
40,175,69.63307321110858,100.0,13.0,10.4,30.36692678889142,0.0,0-30,14.310078036667427,16.306770715556567,12.791731697222854,13.831731697222857,14.788424376111996,13.831731697222857,CRITICO,89.6,86.16826830277714,87.88413415138857,87.54096098166627,88.22730732111086,87.197787811944,88.57048049083313
40,176,71.61985843624751,100.0,12.0,9.6,28.38014156375249,0.0,0-30,13.314042469125743,15.192056625500996,11.895035390938125,12.855035390938122,13.77304954731337,12.855035390938122,CRITICO,90.4,87.14496460906187,88.77248230453094,88.44697876543712,89.09798584362476,88.1214752263433,89.42348938271856
40,177,73.49799709444764,100.0,11.0,8.799999999999999,26.50200290555236,0.0,0-30,12.350600871665709,14.120801162220944,11.025500726388088,11.90550072638809,12.795701016943324,11.90550072638809,CRITICO,91.2,88.09449927361192,89.64724963680595,89.33669956416716,89.95779970944477,89.02614949152834,90.26834978208358
40,178,75.21423212902472,100.0,10.0,8.0,24.78576787097528,0.0,0-30,11.435730361292585,13.114307148390113,10.19644196774382,10.99644196774382,11.875018754841346,10.99644196774382,CRITICO,92.0,89.00355803225618,90.5017790161281,90.20213481935372,90.80142321290248,89.90249062257932,91.10106740967684
40,179,77.04828482422062,100.0,9.0,7.199999999999999,22.951715175779384,0.0,0-30,10.485514552733814,12.060686070311752,9.337928793944846,10.057928793944846,10.913100311522784,10.057928793944846,CRITICO,92.8,89.94207120605515,91.37103560302756,91.08524272363309,91.65682848242206,90.7994498442386,91.94262136181653
40,180,79.24963202483369,100.0,8.0,6.4,20.75036797516632,0.0,0-30,9.425110392549891,10.860147190066526,8.387591993791577,9.027591993791578,9.822628791308208,9.027591993791578,CRITICO,93.6,90.97240800620843,92.28620400310422,92.02344480372506,92.54896320248338,91.7606856043459,92.81172240186253
40,181,81.44773025388545,100.0,7.0,5.6000000000000005,18.552269746114547,0.0,0-30,8.365680923834365,9.66090789844582,7.438067436528637,7.998067436528637,8.733294411140092,7.998067436528637,CRITICO,94.4,92.00193256347136,93.20096628173567,92.96115953808282,93.44077302538855,92.72135279442995,93.6805797690414
40,182,84.48730679550229,100.0,6.0,4.8,15.512693204497708,0.0,0-30,7.053807961349312,8.125077281799083,6.278173301124427,6.758173301124427,7.349442621574197,6.758173301124427,CRITICO,95.2,93.24182669887557,94.22091334943778,94.02509601932535,94.41673067955023,93.8292786892129,94.61254800966267
40,183,87.3994331809622,100.0,5.0,4.0,12.600566819037796,0.0,0-30,5.780170045711339,6.640226727615119,5.150141704759449,5.550141704759449,6.0101983866632285,5.550141704759449,CRITICO,96.0,94.44985829524055,95.22492914762027,95.06991497714432,95.37994331809622,94.91490080666837,95.53495748857215
40,184,90.02176886515946,100.0,4.0,3.2,9.97823113484054,0.0,0-30,4.593469340452162,5.271292453936217,4.094557783710135,4.414557783710135,4.772380897194189,4.414557783710135,CRITICO,96.8,95.58544221628986,96.19272110814492,96.07126532977392,96.31417688651595,95.9498095514029,96.43563266488695
40,185,92.74322292844388,100.0,3.0,2.4,7.256777071556115,0.0,0-30,3.3770331214668348,3.862710828622446,3.014194267889029,3.2541942678890288,3.4998719750446403,3.2541942678890288,CRITICO,97.6,96.74580573211097,97.17290286605548,97.08748343926658,97.25832229284438,97.00206401247767,97.34374171963329
40,186,95.28886266087484,100.0,2.0,1.6,4.711137339125159,0.0,0-30,2.213341201737548,2.524454935650064,1.9777843347812896,2.1377843347812897,2.288898068693806,2.1377843347812897,CRITICO,98.4,97.86221566521871,98.13110783260936,98.07732939913123,98.18488626608749,98.02355096565309,98.2386646995656
40,187,98.76429632103934,100.0,1.0,0.8,1.235703678960661,0.0,0-30,0.7707111036881984,0.8142814715842646,0.7089259197401653,0.7889259197401652,0.7524962876362313,0.7889259197401652,CRITICO,99.2,99.21107408025983,99.20553704012991,99.20664444815591,99.20442963210394,99.20775185618189,99.20332222407795
40,188,100.0,100.0,0.0,0.0,0.0,0.0,0-30,0.0,0.0,0.0,0.0,0.0,0.0,CRITICO,100.0,100.0,100.0,100.0,100.0,100.0,100.0
45,39,0.0,25.140843653330165,119.0,95.19999999999999,100.0,74.85915634666983,76-125,92.57183126933396,93.05183126933396,91.31478908666745,93.34887345200046,91.79478908666746,93.34887345200046,SAUDAVEL,4.800000000000011,6.651126547999539,5.725563273999775,5.910675928799727,5.540450619199822,6.0957885835996795,5.355337964399869
45,40,0.0,0.0,118.0,94.39999999999999,100.0,100.0,76-125,97.2,97.76,97.2,96.64,97.76,96.64,SAUDAVEL,5.6000000000000085,3.3599999999999994,4.480000000000004,4.256000000000003,4.704000000000005,4.032000000000002,4.928000000000005
45,41,0.0,0.0,117.0,93.60000000000001,100.0,100.0,76-125,96.8,97.44,96.8,96.16,97.44,96.16,SAUDAVEL,6.3999999999999915,3.8400000000000034,5.119999999999997,4.863999999999999,5.375999999999996,4.608,5.631999999999994
45,42,0.0,0.0,116.0,92.80000000000001,100.0,100.0,76-125,96.4,97.12,96.4,95.68,97.12,95.68,SAUDAVEL,7.199999999999989,4.319999999999993,5.759999999999991,5.471999999999991,6.04799999999999,5.183999999999992,6.33599999999999
45,43,0.0,0.0,115.0,92.0,100.0,100.0,76-125,96.0,96.8,96.0,95.2,96.8,95.2,SAUDAVEL,8.0,4.799999999999997,6.399999999999999,6.079999999999998,6.719999999999999,5.759999999999998,7.039999999999999
45,44,0.0,0.0,114.0,91.2,100.0,100.0,76-125,95.6,96.48,95.6,94.72,96.48,94.72,SAUDAVEL,8.799999999999997,5.280000000000001,7.039999999999999,6.688,7.3919999999999995,6.336,7.743999999999998
45,45,0.0,0.0,113.0,90.4,100.0,100.0,76-125,95.2,96.16,95.2,94.24,96.16,94.24,SAUDAVEL,9.599999999999994,5.760000000000005,7.68,7.296000000000001,8.063999999999998,6.912000000000002,8.447999999999997
45,46,19.496757195698645,3.740824910917949,112.0,89.60000000000001,80.50324280430135,96.25917508908204,76-125,88.20280785910683,87.29313213953697,88.99060447334585,88.32468696443765,88.08092875377599,88.32468696443765,SAUDAVEL,10.399999999999991,11.675313035562354,11.037656517781173,11.165187821337408,10.910125214224937,11.292719124893646,10.7825939106687
45,47,11.61205203511456,26.44482188203964,111.0,88.8,88.38794796488544,73.55517811796037,76-125,85.6274200130577,85.58621480954625,84.88578152071145,86.41026370891541,84.8445763172,86.41026370891541,SAUDAVEL,11.200000000000003,13.589736291084591,12.394868145542297,12.633841774650755,12.15589451643384,12.872815403759214,11.916920887325379
45,48,10.74664093409935,48.8177380097176,110.0,88.0,89.25335906590065,51.1822619902824,76-125,81.01246011782668,81.13779602441676,79.10890526404577,82.79067906501753,79.23424117063584,82.79067906501753,SAUDAVEL,12.0,17.209320934982472,14.604660467491236,15.125592560989483,14.083728373992988,15.64652465448773,13.56279628049474
45,49,21.64075523534928,61.87399657165997,109.0,87.2,78.35924476465073,38.12600342834003,76-125,74.73297411506323,73.8488985915283,72.72131204824768,77.62871170541368,71.83723652471276,77.62871170541368,ATENCAO,12.799999999999997,22.37128829458632,17.58564414729316,18.54277297675179,16.628515317834527,19.499901806210424,15.671386488375894
45,50,23.039471707292662,69.33052906416852,108.0,86.4,76.96052829270734,30.669470935831484,76-125,72.4220526749785,71.47810550424923,70.10749980713472,75.68055271355156,69.16355263640544,75.68055271355156,ATENCAO,13.599999999999994,24.319447286448437,18.959723643224216,20.03166837186906,17.88777891457937,21.103613100513904,16.815834185934527
45,51,26.796062845654657,76.88107336997084,107.0,85.6,73.20393715434534,23.118926630029165,76-125,69.38496647230943,68.14536018774398,66.88071594609363,73.1288232830907,65.64110966152816,73.1288232830907,ATENCAO,14.400000000000006,26.871176716909304,20.635588358454655,21.882706030145584,19.388470686763725,23.12982370183651,18.141353015072795
45,52,25.73942377174089,71.93044884264505,106.0,84.8,74.26057622825911,28.06955115735495,76-125,70.29208309994873,69.23814072277465,67.98253184640352,73.655576730668,66.92858946922942,73.655576730668,ATENCAO,15.200000000000003,26.344423269331998,20.772211634666,21.8866539615992,19.6577693077328,23.001096288532395,18.5433269807996
45,53,29.89935322777973,61.10779346948426,105.0,84.0,70.10064677222027,38.89220653051574,76-125,70.80863533776923,69.41870001499126,69.248213325684,73.75899267263242,67.85827800290603,73.75899267263242,ATENCAO,16.0,26.241007327367583,21.12050366368379,22.144604396420547,20.096402930947036,23.168705129157306,19.072302198210274
45,54,29.52601934593016,46.71590602779296,104.0,83.2,70.47398065406983,53.28409397220704,76-125,73.39901299066236,72.12641105606934,72.53951865656921,75.53110925934853,71.2669167219762,75.53110925934853,ATENCAO,16.799999999999997,24.468890740651474,20.634445370325736,21.401334444390884,19.867556296260588,22.16822351845603,19.10066722219544
45,55,33.75552689756815,35.23524811149436,103.0,82.39999999999999,66.24447310243184,64.76475188850564,76-125,74.02629230843067,72.41073961867386,73.95230624773437,75.7158310588838,72.33675355797756,75.7158310588838,ATENCAO,17.60000000000001,24.284168941116206,20.942084470558108,21.610501364669727,20.273667576446485,22.278918258781346,19.60525068233487
45,56,27.62236980489513,35.095877802373295,102.0,81.6,72.37763019510487,64.9041221976267,76-125,75.4941134980568,74.57187651756729,75.12043809818289,76.79002587842021,74.19820111769337,76.79002587842021,ATENCAO,18.400000000000006,23.20997412157979,20.804987060789898,21.285984472947877,20.32398964863192,21.766981885105857,19.84299223647394
45,57,23.474916112784445,21.36215320410772,101.0,80.80000000000001,76.52508388721556,78.63784679589227,76-125,79.08509452534314,78.6576029140647,79.19073267077695,79.40694799118774,78.76324105949851,79.40694799118774,ATENCAO,19.19999999999999,20.593052008812265,19.896526004406127,20.035831205287355,19.7572208035249,20.17513640616858,19.61791560264367
45,58,35.306456632634806,14.724367663724838,100.0,80.0,64.6935433673652,85.27563233627517,76-125,76.4631894774646,74.93254381420111,77.49229392591009,76.96473069228257,75.9616482626466,76.96473069228257,ATENCAO,20.0,23.035269307717428,21.517634653858714,21.821161584630456,21.214107723086972,22.124688515402198,20.91058079231523
45,59,25.62244671641473,6.493699368739196,99.0,79.2,74.37755328358527,93.5063006312608,76-125,80.61452611132775,80.13228143968628,81.57096347871152,80.14033341558545,81.08871880707005,80.14033341558545,SAUDAVEL,20.799999999999997,19.859666584414555,20.329833292207276,20.235799950648733,20.42386663376582,20.141766609090187,20.51789997532436
45,60,23.358117921457247,0.0,98.0,78.4,76.64188207854275,100.0,76-125,82.19256462356283,82.01675283141711,83.3604705196357,81.20047051963569,83.18465872748996,81.20047051963569,SAUDAVEL,21.599999999999994,18.799529480364313,20.199764740182154,19.919717688218586,20.47981179214572,19.639670636255016,20.75985884410929
45,61,24.013117885684405,0.0,97.0,77.60000000000001,75.98688211431559,100.0,76-125,81.59606463429468,81.43475284572625,82.7967205285789,80.5567205285789,82.63540874001046,80.5567205285789,SAUDAVEL,22.39999999999999,19.443279471421107,20.92163973571055,20.62596768285266,21.217311788568438,20.330295629994772,21.512983841426326
45,62,14.67570168346797,0.0,96.0,76.8,85.32429831653204,100.0,76-125,83.9972894949596,84.84971932661281,84.73107457913301,82.41107457913301,85.5835044107862,82.41107457913301,SAUDAVEL,23.200000000000003,17.588925420866985,20.394462710433494,19.833355252520192,20.955570168346796,19.27224779460689,21.516677626260098
45,63,19.92893733320932,0.0,95.0,76.0,80.07106266679068,100.0,76-125,82.0213188000372,82.42842506671627,83.01776566669767,80.61776566669766,83.42487193337674,80.61776566669766,SAUDAVEL,24.0,19.382234333302335,21.691117166651168,21.229340599981402,22.152893733320933,20.767564033311633,22.6146702999907
45,64,8.049237681636345,0.0,94.0,75.2,91.95076231836366,100.0,76-125,85.1852286955091,86.86030492734547,85.58769057959091,83.10769057959091,87.26276681142728,83.10769057959091,SAUDAVEL,24.799999999999997,16.89230942040909,20.846154710204544,20.055385652245455,21.636923768163633,19.264616594286363,22.427692826122723
45,65,18.20835509511988,0.0,93.0,74.4,81.79164490488012,100.0,76-125,81.73749347146403,82.47665796195204,82.64791122622003,80.08791122622003,83.38707571670804,80.08791122622003,SAUDAVEL,25.599999999999994,19.91208877377997,22.756044386889982,22.18725326426798,23.324835509511985,21.618462141645978,23.893626632133987
45,66,17.541728970959607,0.0,92.0,73.6,82.45827102904039,100.0,76-125,81.53748130871212,82.42330841161615,82.4145677572601,79.77456775726009,83.30039486016413,79.77456775726009,ATENCAO,26.400000000000006,20.225432242739913,23.31271612136996,22.695259345643947,23.93017289709597,22.077802569917942,24.547629672821976
45,67,11.255486653168417,0.0,91.0,72.8,88.74451334683158,100.0,76-125,83.02335400404948,84.61780533873264,83.5861283367079,80.8661283367079,85.18057967139106,80.8661283367079,SAUDAVEL,27.200000000000003,19.133871663292098,23.16693583164605,22.36032299797526,23.97354866531684,21.55371016430447,24.780161498987628
45,68,17.840744861237276,0.0,90.0,72.0,82.15925513876272,100.0,76-125,80.64777654162882,81.66370205550508,81.53981378469068,78.73981378469068,82.55573929856695,78.73981378469068,ATENCAO,28.0,21.260186215309318,24.63009310765466,23.956111729185594,25.304074486123728,23.28213035071652,25.978055864592793
45,69,15.44989214500861,0.0,89.0,71.2,84.5501078549914,100.0,76-125,80.96503235649742,82.30004314199655,81.73752696374785,78.85752696374784,83.07253774924699,78.85752696374784,ATENCAO,28.799999999999997,21.142473036252156,24.971236518126076,24.205483821751294,25.73698921450086,23.439731125376507,26.502741910875642
45,70,30.17932010216715,5.576244236756079,88.0,70.39999999999999,69.82067989783285,94.42375576324392,76-125,75.03095512199863,74.97302311178193,76.26110891526918,73.8587333389448,76.20317690505246,73.8587333389448,ATENCAO,29.60000000000001,26.141266661055198,27.870633330527603,27.524759996633122,28.216506664422084,27.17888666273864,28.562379998316565
45,71,25.755342667649195,19.301132820676376,87.0,69.6,74.24465733235081,80.69886717932363,76-125,73.21317063556997,73.67763636880505,73.5358811279186,72.42599440998625,74.0003468611537,72.42599440998625,ATENCAO,30.400000000000006,27.574005590013755,28.98700279500688,28.704403354008257,29.269602236005504,28.42180391300963,29.552201677004128
45,72,34.11853138347723,30.02953593005898,86.0,68.8,65.88146861652277,69.97046406994102,76-125,68.15853339894502,67.8666802605973,68.36298317161595,68.24593676462183,68.07113003326822,68.24593676462183,ATENCAO,31.200000000000003,31.75406323537817,31.477031617689086,31.532437941226902,31.42162529415127,31.58784426476472,31.366218970613453
45,73,35.40510012806659,43.71099178840702,85.0,68.0,64.5948998719334,56.28900821159298,76-125,64.63627160389862,64.29576159109196,64.2209770208816,65.3920761997223,63.88046700807494,65.3920761997223,ATENCAO,32.0,34.6079238002777,33.30396190013885,33.564754280166625,33.04316952011108,33.82554666019439,32.78237714008331
45,74,24.73474468952786,32.4280838298175,84.0,67.2,75.26525531047214,67.5719161701825,76-125,69.69395982717815,70.50048535822536,69.30929287016366,69.27210125314542,70.11581840121087,69.27210125314542,ATENCAO,32.8,30.727898746854578,31.763949373427288,31.55673924811275,31.971159498741827,31.349529122798202,32.17836962405637
45,75,10.348981548389816,16.194919601442788,83.0,66.4,89.65101845161018,83.80508039855721,76-125,76.8563216151945,79.18142346035552,76.56402471254185,74.82351667268613,78.88912655770287,74.82351667268613,ATENCAO,33.599999999999994,25.176483327313875,29.388241663656935,28.545889996388322,30.230593330925547,27.70353832911971,31.07294499819416
45,76,0.0,0.0,82.0,65.60000000000001,100.0,100.0,76-125,82.80000000000001,86.24000000000001,82.80000000000001,79.36000000000001,86.24000000000001,79.36000000000001,ATENCAO,34.39999999999999,20.639999999999986,27.51999999999999,26.14399999999999,28.895999999999987,24.767999999999986,30.271999999999988
45,77,0.8307338432149736,0.0,81.0,64.8,99.16926615678504,100.0,76-125,82.15077984703551,85.58770646271401,82.19231653919626,78.67231653919626,85.62924315487476,78.67231653919626,ATENCAO,35.2,21.32768346080374,28.26384173040187,26.876610076482244,29.6510733843215,25.489378422562616,31.038305038241123
45,78,11.22174843136274,0.0,80.0,64.0,88.77825156863726,100.0,76-125,78.63347547059118,81.11130062745491,79.19456289215931,75.59456289215932,81.67238804902304,75.59456289215932,ATENCAO,36.0,24.405437107840683,30.20271855392034,29.04326226470441,31.362174843136273,27.883805975488478,32.521631132352205
45,79,7.1617145187485045,0.0,79.0,63.2,92.83828548125148,100.0,76-125,79.45148564437545,82.4153141925006,79.80957137031288,76.12957137031287,82.77339991843803,76.12957137031287,ATENCAO,36.8,23.870428629687126,30.33521431484356,29.042257177812274,31.62817145187485,27.749300040780987,32.921128588906136
45,80,0.0,0.0,78.0,62.4,100.0,100.0,76-125,81.2,84.96000000000001,81.2,77.44,84.96000000000001,77.44,ATENCAO,37.6,22.560000000000002,30.080000000000002,28.576,31.584,27.072,33.088
45,81,2.923778001159002,0.0,77.0,61.6,97.076221998841,100.0,76-125,79.9228665996523,83.4704887995364,80.06905549971025,76.22905549971026,83.61667769959435,76.22905549971026,ATENCAO,38.4,23.770944500289744,31.08547225014487,29.622566700173845,32.5483778001159,28.15966115020282,34.01128335008692
45,82,2.6883259045152585,0.0,76.0,60.8,97.31167409548476,100.0,76-125,79.59350222864542,83.2446696381939,79.72791852387118,75.80791852387118,83.37908593341966,75.80791852387118,ATENCAO,39.2,24.19208147612882,31.69604073806441,30.195248885677294,33.19683259045153,28.69445703329017,34.697624442838645
45,83,1.3485898362321274,0.0,75.0,60.0,98.65141016376788,100.0,31-75,79.59542304913036,83.46056406550716,79.66285254094197,75.66285254094197,83.52799355731875,75.66285254094197,ATENCAO,40.0,24.33714745905803,32.168573729529015,30.60228847543482,33.73485898362321,29.03600322134062,35.30114423771741
45,84,4.473030886235341,0.0,74.0,59.199999999999996,95.52696911376466,100.0,31-75,78.2580907341294,81.89078764550587,78.48174227844116,74.40174227844116,82.11443918981763,74.40174227844116,ATENCAO,40.800000000000004,25.598257721558838,33.199128860779425,31.678954632935305,34.71930308862353,30.158780405091186,36.23947731646766
45,85,0.0,3.666051303869768,73.0,58.4,100.0,96.33394869613024,31-75,78.46678973922604,82.62678973922604,78.28348717403256,74.49009230441953,82.44348717403255,74.49009230441953,ATENCAO,41.6,25.509907695580466,33.55495384779023,31.94594461734828,35.163963078232186,30.336935386906326,36.772972308674134
45,86,12.285273769236788,2.1058784822424133,72.0,57.599999999999994,87.7147262307632,97.89412151775758,31-75,74.69324217278047,77.7047147958568,75.20221193713019,71.17279978535443,78.21368456020652,71.17279978535443,ATENCAO,42.400000000000006,28.827200214645572,35.61360010732279,34.25632012878735,36.97088008585823,32.8990401502519,38.32816006439367
45,87,21.76363480264143,14.354093388670709,71.0,56.8,78.23636519735857,85.6459066113293,31-75,69.00009088147343,71.14372740120929,69.37056795217197,66.48597729103903,71.51420447190782,66.48597729103903,ATENCAO,43.2,33.514022708960965,38.357011354480484,37.38841362537658,39.32560908358439,36.419815896272674,40.29420681268829
45,88,12.189805109786672,25.272123128036945,70.0,56.00000000000001,87.81019489021332,74.72787687196305,31-75,69.2886338414566,72.46965333047794,68.6345179405441,66.76173025334779,71.81553742956544,66.76173025334779,ATENCAO,43.99999999999999,33.23826974665221,38.619134873326104,37.54296184799132,39.69530789866088,36.46678882265654,40.771480923995654
45,89,18.91862403502869,37.54298803838492,69.0,55.2,81.08137596497131,62.45701196161508,31-75,64.41581518181442,67.00395277831154,63.48459698164661,62.758895785485095,66.07273457814372,62.758895785485095,ATENCAO,44.8,37.241104214514905,41.02055210725745,40.26466252870894,41.77644168580596,39.508772950160434,42.53233126435447
45,90,22.83520902046922,39.67812349776349,68.0,54.400000000000006,77.16479097953078,60.32187650223651,31-75,62.41381259430654,64.69029169225962,61.571666870441824,60.979479220218174,63.8481459683949,60.979479220218174,ATENCAO,45.599999999999994,39.020520779781826,42.310260389890914,41.652312467869095,42.968208311912726,40.994364545847276,43.626156233934545
45,91,26.489735889419148,46.66933661460767,67.0,53.6,73.51026411058085,53.33066338539233,31-75,59.51921191025272,61.51023832131081,58.51023187399329,58.53716553545407,60.50125828505138,58.53716553545407,RISCO,46.4,41.46283446454593,43.93141723227296,43.43770067872755,44.425133785818375,42.94398412518215,44.91885033936377
45,92,27.662927216661505,49.86611085754638,66.0,52.800000000000004,72.3370727833385,50.13388914245362,31-75,58.12789966349227,60.08160694182613,57.01774048144804,57.28435156720267,58.97144775978189,57.28435156720267,RISCO,47.199999999999996,42.71564843279733,44.95782421639866,44.5093890596784,45.40625937311893,44.060953902958126,45.85469452983919
45,93,16.979738286196707,37.47991202326165,65.0,52.0,83.0202617138033,62.52008797673835,31-75,63.410096109488656,66.512122280869,62.38508742263541,61.33307862496157,65.48711359401574,61.33307862496157,ATENCAO,48.0,38.66692137503843,43.333460687519214,42.400152825023056,44.26676855001537,41.46684496252689,45.20007641251152
45,94,20.203314707628923,28.20563223360516,64.0,51.2,79.79668529237108,71.79436776639484,31-75,63.8978791409903,66.75754767022741,63.497763264691486,61.438326488052,66.35743179392858,61.438326488052,ATENCAO,48.8,38.561673511948,43.680836755974,42.6570041071688,44.704669404779196,41.6331714583636,45.72850205358439
45,95,6.6052239019539,0.0,63.0,50.4,93.3947760980461,100.0,31-75,73.21843282941383,77.51791043921844,73.54869402451152,68.58869402451153,77.84817163431613,68.58869402451153,ATENCAO,49.6,31.411305975488474,40.50565298774424,38.686783585293085,42.32452239019539,36.86791418284193,44.14339179264654
45,96,0.0,0.0,62.0,49.6,100.0,100.0,31-75,74.8,79.84,74.8,69.75999999999999,79.84,69.75999999999999,ATENCAO,50.4,30.24000000000001,40.32000000000001,38.304,42.336,36.288000000000004,44.352
45,97,22.694174757281576,0.0,61.0,48.8,77.30582524271843,100.0,31-75,67.59174757281552,70.44233009708736,68.72645631067961,63.6064563106796,71.57703883495145,63.6064563106796,ATENCAO,51.2,36.3935436893204,43.7967718446602,42.31612621359224,45.27741747572816,40.83548058252428,46.758063106796115
45,98,29.847572100077947,0.0,60.0,48.0,70.15242789992206,100.0,31-75,65.04572836997662,67.26097115996883,66.53810697498051,61.33810697498051,68.75334976497273,61.33810697498051,ATENCAO,52.0,38.66189302501949,45.33094651250974,43.99713581501169,46.66475721000779,42.66332511751364,47.998567907505844
45,99,43.551952837140725,10.641719620778934,59.0,47.199999999999996,56.44804716285928,89.35828037922107,31-75,58.40607022470199,59.330874940987925,60.051581885520086,55.83575384759798,60.97638660180601,55.83575384759798,RISCO,52.800000000000004,44.16424615240202,48.48212307620101,47.61854769144122,49.345698460960804,46.75497230668141,50.20927384572061
45,100,50.039798172034615,40.04280242467996,58.0,46.400000000000006,49.960201827965385,59.95719757532004,31-75,50.17950006345362,50.535520246250165,50.67934985082136,49.32363009328935,51.035370033617895,49.32363009328935,RISCO,53.599999999999994,50.67636990671065,52.13818495335532,51.84582194402638,52.43054796268426,51.553458934697446,52.72291097201319
45,101,50.169429210330485,76.92471405269845,57.0,45.6,49.83057078966952,23.075285947301552,31-75,42.364228426361166,42.78728550532812,41.02646418424277,43.278935589512606,41.44952126320972,43.278935589512606,RISCO,54.4,56.721064410487394,55.560532205243696,55.79263864629243,55.32842576419496,56.024745087341174,55.09631932314622
45,102,50.12507449537889,100.0,56.0,44.800000000000004,49.87492550462111,0.0,31-75,37.362477651386335,37.869970201848446,34.86873137615528,39.34873137615528,35.376223926617385,39.34873137615528,RISCO,55.199999999999996,60.65126862384472,57.92563431192236,58.47076117430683,57.38050744953789,59.01588803669131,56.83538058715341
45,103,50.09044035209864,100.0,55.0,44.0,49.90955964790136,0.0,31-75,36.97286789437041,37.56382385916055,34.47738991197534,38.87738991197534,35.06834587676548,38.87738991197534,RISCO,56.0,61.12261008802466,58.56130504401233,59.0735660528148,58.04904403520987,59.58582706161725,57.53678302640739
45,104,50.29824228477872,100.0,54.0,43.2,49.70175771522128,0.0,31-75,36.51052731456638,37.16070308608852,34.02543942880532,38.34543942880532,34.67561520032744,38.34543942880532,RISCO,56.8,61.65456057119468,59.22728028559734,59.7127363427168,58.74182422847787,60.19819239983627,58.2563681713584
45,105,50.32044704963133,100.0,53.0,42.4,49.67955295036867,0.0,31-75,36.1038658851106,36.83182118014747,33.619888237592164,37.859888237592166,34.34784353262903,37.859888237592166,RISCO,57.6,62.140111762407834,59.87005588120392,60.32406705744471,59.41604470496314,60.778078233685484,58.96203352872235
45,106,50.51846614533741,100.0,52.0,41.6,49.48153385466259,0.0,31-75,35.64446015639878,36.43261354186504,33.170383463665644,37.33038346366565,33.9585368491319,37.33038346366565,RISCO,58.4,62.66961653633435,60.534808268167176,60.96176992180061,60.10784661453374,61.38873157543405,59.6808849609003
45,107,50.42855877358581,96.99730739329983,51.0,40.8,49.57144122641419,3.0026926067001654,31-75,35.87197088926429,36.74911501190571,33.54353345827859,37.323264197608566,34.420677580920014,37.323264197608566,RISCO,59.2,62.676735802391434,60.93836790119572,61.286041481434864,60.59069432095658,61.633715061673996,60.24302074071743
45,108,50.26341309676838,67.56559856078059,50.0,40.0,49.73658690323162,32.434401439219414,31-75,41.40785635881337,42.38151504913653,40.54274708561276,41.299306941690816,41.51640577593592,41.299306941690816,RISCO,60.0,58.700693058309184,59.35034652915459,59.22041583498551,59.480277223323675,59.090485140816426,59.61020791749276
45,109,50.21570829566141,41.05043732552068,49.0,39.2,49.78429170433859,58.94956267447932,31-75,46.32520004619744,47.3836292166313,46.78346359470448,44.80850732725655,47.84189276513834,44.80850732725655,RISCO,60.8,55.19149267274345,57.995746336371724,57.43489560364607,58.55659706909738,56.874044870920414,59.11744780182303
45,110,50.27236918889053,24.3611579933508,48.0,38.4,49.72763081110947,75.6388420066492,31-75,49.24605764466268,50.37882072577363,50.54161820443967,46.817734003774746,51.67438128555061,46.817734003774746,RISCO,61.6,53.182265996225254,57.391132998112624,56.54935959773515,58.2329063984901,55.70758619735767,59.07467979886757
45,111,50.26307941860803,14.813007249645294,47.0,37.6,49.73692058139197,85.1869927503547,31-75,50.758474724488536,51.97216678262774,52.53097833293667,47.7722790579012,53.74467039107586,47.7722790579012,RISCO,62.4,52.2277209420988,57.313860471049395,56.29663256525928,58.33108837683952,55.27940465946916,59.34831628262964
45,112,50.32489023776656,4.2968634443991975,46.0,36.8,49.67510976223344,95.7031365556008,31-75,52.4431602397902,53.73067121601354,54.74456157945856,48.85424792389848,56.03207255568191,48.85424792389848,RISCO,63.2,51.14575207610152,57.17287603805076,55.96745124566091,58.37830083044061,54.76202645327106,59.58372562283046
45,113,50.32116868852358,0.0,45.0,36.0,49.67883131147642,100.0,31-75,52.903649393442926,54.27153252459057,55.419707827869104,49.01970782786911,56.78759095901675,49.01970782786911,RISCO,64.0,50.98029217213089,57.490146086065444,56.188175303278534,58.792116868852354,54.88620452049162,60.09408765163926
45,114,50.36793365608799,0.0,44.0,35.199999999999996,49.63206634391201,100.0,31-75,52.4896199031736,53.93282653756481,55.008016585978,48.528016585978,56.4512232203692,48.528016585978,RISCO,64.80000000000001,51.471983414022,58.135991707011,56.8031900484132,59.4687933656088,55.4703883898154,60.801595024206605
45,115,50.39863045029429,0.0,43.0,34.4,49.60136954970571,100.0,31-75,52.08041086491171,53.60054781988229,54.60034238742642,48.04034238742642,56.120479342397,48.04034238742642,RISCO,65.6,51.95965761257358,58.77982880628679,57.41579456754414,60.14386304502943,56.05176032880149,61.50789728377207
45,116,50.67275929921226,33.307467632526944,42.0,33.6,49.32724070078774,66.69253236747306,31-75,44.93667868373093,46.50940275380971,45.8049432670652,42.49569003031789,47.377667337143976,42.49569003031789,RISCO,66.4,57.50430996968211,61.95215498484106,61.06258598180927,62.841723987872854,60.173016978777476,63.731292990904635
45,117,50.5411775475244,53.88540344289586,41.0,32.800000000000004,49.4588224524756,46.11459655710414,31-75,40.46056604716351,42.12644829241108,40.29335475239494,38.96189509668453,41.9592369976425,38.96189509668453,RISCO,67.19999999999999,61.03810490331547,64.11905245165772,63.50286294198928,64.73524196132618,62.886673432320826,65.35143147099464
45,118,50.7382443034092,72.27963062650598,40.0,32.0,49.2617556965908,27.720369373494023,31-75,36.32260058367604,38.04877615333512,35.2455312675212,35.6734943301718,36.971706837180285,35.6734943301718,RISCO,68.0,64.32650566982821,66.1632528349141,65.79590340189694,66.53060226793129,65.42855396887974,66.89795170094845
45,119,50.62922813602007,70.68338156491622,39.0,31.2,49.37077186397993,29.316618435083782,31-75,36.27455524621074,38.09163243260873,35.27184757476593,35.46018573125755,37.08892476116392,35.46018573125755,RISCO,68.8,64.53981426874245,66.66990713437121,66.24388856124547,67.09592570749697,65.81786998811971,67.52194428062273
45,120,50.74469993805699,75.88866266837871,38.0,30.4,49.25530006194301,24.11133733162129,31-75,34.79885748490716,36.68438749110146,33.54165934839107,34.17052561522894,35.42718935458537,34.17052561522894,RISCO,69.6,65.82947438477106,67.71473719238553,67.33768463086264,68.09178975390842,66.96063206933974,68.46884231543132
45,121,50.750717320766896,73.01253241741378,37.0,29.599999999999998,49.249282679233104,26.98746758258622,31-75,34.972278320287174,36.937206588210486,33.85918756545483,34.1204408071962,35.824115833378144,34.1204408071962,RISCO,70.4,65.8795591928038,68.1397795964019,67.68773551568228,68.59182367712152,67.23569143496266,69.04386775784114
45,122,50.77110202292667,69.2254803562426,36.0,28.799999999999997,49.22889797707333,30.7745196437574,31-75,35.323573321873475,37.366463119580814,34.40085440520768,34.20340244083194,36.44374420291501,34.20340244083194,RISCO,71.2,65.79659755916806,68.49829877958403,67.95795853550084,69.03863902366723,67.41761829141764,69.57897926775041
45,123,50.84383854006296,63.16929908635874,35.0,28.000000000000004,49.15616145993704,36.83070091364126,31-75,36.112988620709366,38.22860476670307,35.496715593394576,34.61364550203045,37.61233173938828,34.61364550203045,RISCO,72.0,65.38635449796955,68.69317724898477,68.03181269878174,69.35454179918781,67.37044814857867,70.01590634939086
45,124,50.7767128185321,47.87273504875107,34.0,27.200000000000003,49.2232871814679,52.12726495124893,31-75,38.79243914469016,40.99476786283695,38.93763803317921,36.44491153805431,41.139966751326,36.44491153805431,RISCO,72.8,63.55508846194569,68.17754423097284,67.25305307716741,69.10203538477828,66.32856192336197,70.0265265385837
45,125,50.74834272435303,26.590781834612063,33.0,26.400000000000002,49.25165727564697,73.40921816538794,31-75,42.65734081577168,44.94250654333638,43.86521886025873,39.164297043719934,46.150384587823424,39.164297043719934,RISCO,73.6,60.835702956280066,67.21785147814003,65.94142177376804,68.49428118251203,64.66499206939605,69.77071088688402
45,126,50.704699004652205,20.96540337933069,32.0,25.6,49.2953009953478,79.0345966206693,31-75,43.3955096227382,45.76503972227299,44.88247440400428,39.53901474193734,47.252004503539055,39.53901474193734,RISCO,74.4,60.46098525806266,67.43049262903133,66.0365911548376,68.82439410322506,64.64268968064385,70.21829557741879
45,127,50.58032539306468,0.0,31.0,24.8,49.41967460693532,100.0,31-75,47.22590238208059,49.68786984277413,49.75491865173383,42.23491865173383,52.21688611242736,42.23491865173383,RISCO,75.2,57.76508134826617,66.48254067413309,64.73904880895971,68.22603253930646,62.99555694378631,69.96952440447986
45,128,50.74016947206163,0.0,30.0,24.0,49.25983052793837,100.0,0-30,46.77794915838151,49.30393221117535,49.31495763198459,41.71495763198459,51.84094068477843,41.71495763198459,RISCO,76.0,58.28504236801541,67.1425211840077,65.37102542080925,68.91401694720616,63.59952965761079,70.68551271040462
45,129,51.06458606778239,11.260329439954594,29.0,23.200000000000003,48.93541393221761,88.73967056004541,0-30,44.028558291674365,46.60209968489613,46.01877112306576,39.464804067061216,48.59231251628752,39.464804067061216,RISCO,76.8,60.535195932938784,68.66759796646939,67.04111755976326,70.29407837317551,65.41463715305714,71.92055877988163
45,130,51.02270919256701,27.10004299771851,28.0,22.400000000000002,48.97729080743299,72.8999570022815,0-30,40.4731786426862,43.1309077234295,41.66931195242862,36.61931625220048,44.32704103317192,36.61931625220048,RISCO,77.6,63.38068374779952,70.49034187389975,69.06841024867971,71.9122734991198,67.64647862345966,73.33420512433985
45,131,51.22888876819472,54.05850830739488,27.0,21.6,48.77111123180528,45.94149169260512,0-30,34.619631708062606,37.336742831243136,34.4781507311026,32.04400156184209,37.195261854283125,32.04400156184209,RISCO,78.4,67.9559984381579,73.17799921907896,72.13359906289475,74.22239937526317,71.08919890671054,75.26679953144738
45,132,51.44528464309565,90.9118453178432,26.0,20.8,48.55471535690435,9.088154682156798,0-30,26.784045543502668,29.559517079193103,24.810717509765286,25.98190204154961,27.58618904545572,25.98190204154961,CRITICO,79.2,74.0180979584504,76.60904897922521,76.09085877507025,77.12723918338017,75.57266857091528,77.64542938753512
45,133,51.39586568352855,100.0,25.0,20.0,48.60413431647145,0.0,0-30,24.58124029494144,27.441653726588584,22.151033579117865,24.151033579117865,25.011447010765007,24.151033579117865,CRITICO,80.0,75.84896642088214,77.92448321044107,77.50937985252928,78.33958656835286,77.09427649461749,78.75468992626463
45,134,51.35037103457459,100.0,24.0,19.2,48.64962896542541,0.0,0-30,24.19488868962762,27.139851586170163,21.76240724135635,23.68240724135635,24.70737013789889,23.68240724135635,CRITICO,80.8,76.31759275864366,78.55879637932182,78.11055565518619,79.00703710345746,77.66231493105056,79.4552778275931
45,135,51.61343501990248,100.0,23.0,18.4,48.38656498009752,0.0,0-30,23.71596949402925,26.714625992039007,21.29664124502438,23.13664124502438,24.29529774303413,23.13664124502438,CRITICO,81.6,76.86335875497562,79.23167937748781,78.75801525298537,79.70534350199024,78.28435112848294,80.17900762649268
45,136,51.785784845454685,100.0,22.0,17.599999999999998,48.21421515454532,0.0,0-30,23.26426454636359,26.325686061818125,20.85355378863633,22.613553788636327,23.91497530409086,22.613553788636327,CRITICO,82.4,77.38644621136368,79.89322310568184,79.3918677268182,80.39457848454548,78.89051234795457,80.8959338634091
45,137,52.0955951719744,100.0,21.0,16.8,47.9044048280256,0.0,0-30,22.77132144840768,25.88176193121024,20.3761012070064,22.0561012070064,23.48654168980896,22.0561012070064,CRITICO,83.2,77.9438987929936,80.57194939649679,80.04633927579616,81.09755951719744,79.52072915509552,81.62316963789807
45,138,52.19737765452365,100.0,20.0,16.0,47.80262234547635,0.0,0-30,22.340786703642905,25.52104893819054,19.950655586369088,21.55065558636909,23.13091782091672,21.55065558636909,CRITICO,84.0,78.44934441363091,81.22467220681546,80.66960664817854,81.77973776545237,80.11454108954163,82.33480332408926
45,139,52.75070704752415,100.0,19.0,15.2,47.24929295247585,0.0,0-30,21.77478788574276,24.97971718099034,19.41232323811896,20.93232323811896,22.617252533366543,20.93232323811896,CRITICO,84.8,79.06767676188105,81.93383838094053,81.36060605712862,82.50707070475241,80.78737373331673,83.0803030285643
45,140,53.010735466302336,100.0,18.0,14.399999999999999,46.989264533697664,0.0,0-30,21.29677936010929,24.555705813479065,18.94731613342441,20.387316133424413,22.206242586794183,20.387316133424413,CRITICO,85.6,79.6126838665756,82.6063419332878,82.00761031994536,83.20507354663023,81.4088787066029,83.80380515997267
45,141,53.39607892675684,100.0,17.0,13.600000000000001,46.60392107324316,0.0,0-30,20.78117632197295,24.081568429297263,18.45098026831079,19.81098026831079,21.751372375635107,19.81098026831079,CRITICO,86.4,80.18901973168921,83.29450986584462,82.67341183901354,83.9156078926757,82.05231381218245,84.53670591950676
45,142,53.8684687481335,100.0,16.0,12.8,46.1315312518665,0.0,0-30,20.23945937555995,23.5726125007466,17.932882812966625,19.212882812966622,21.26603593815328,19.212882812966622,CRITICO,87.2,80.78711718703337,83.9935585935167,83.35227031222003,84.63484687481335,82.71098203092336,85.27613515611002
45,143,53.83979637453644,100.0,15.0,12.0,46.16020362546356,0.0,0-30,19.848061087639067,23.264081450185422,17.54005090636589,18.740050906365887,20.956071268912247,18.740050906365887,CRITICO,88.0,81.2599490936341,84.62997454681705,83.95596945618047,85.30397963745364,83.28196436554387,85.97798472809022
45,144,53.88219585254842,100.0,14.0,11.200000000000001,46.11780414745158,0.0,0-30,19.43534124423548,22.92712165898063,17.129451036862896,18.249451036862894,20.62123145160805,18.249451036862894,CRITICO,88.8,81.7505489631371,85.27527448156854,84.57032937788227,85.98021958525484,83.86538427419596,86.68516468894113
45,145,54.67711994165036,100.0,13.0,10.4,45.32288005834964,0.0,0-30,18.79686401750489,22.289152023339856,16.53072001458741,17.57072001458741,20.02300802042237,17.57072001458741,CRITICO,89.6,82.42927998541259,86.0146399927063,85.29756799124755,86.73171199416504,84.58049598978882,87.44878399562377
45,146,54.95400522762025,100.0,12.0,9.6,45.04599477237975,0.0,0-30,18.313798431713924,21.8583979089519,16.061498693094936,17.021498693094937,19.60609817033292,17.021498693094937,CRITICO,90.4,82.97850130690506,86.68925065345253,85.94710078414303,87.43140052276203,85.20495091483353,88.17355039207152
45,147,55.30678446697105,100.0,11.0,8.799999999999999,44.69321553302895,0.0,0-30,17.807964659908684,21.39728621321158,15.573303883257235,16.453303883257234,19.16262543656013,16.453303883257234,CRITICO,91.2,83.54669611674277,87.37334805837139,86.60801767004565,88.1386784466971,85.84268728171993,88.90400883502282
45,148,55.86010108760177,100.0,10.0,8.0,44.13989891239823,0.0,0-30,17.241969673719467,20.85595956495929,15.034974728099558,15.834974728099557,18.64896461933938,15.834974728099557,CRITICO,92.0,84.16502527190045,88.08251263595022,87.29901516314027,88.86601010876018,86.51551769033031,89.64950758157012
45,149,56.56525617229133,100.0,9.0,7.199999999999999,43.43474382770867,0.0,0-30,16.6304231483126,20.253897531083467,14.458685956927168,15.178685956927168,18.082160339698035,15.178685956927168,CRITICO,92.8,84.82131404307283,88.81065702153641,88.0127884258437,89.60852561722913,87.21491983015098,90.40639421292184
45,150,57.21890933677643,100.0,8.0,6.4,42.78109066322357,0.0,0-30,16.034327198967073,19.672436265289427,13.895272665805894,14.535272665805891,17.533381732128248,14.535272665805891,CRITICO,93.6,85.46472733419411,89.53236366709706,88.71883640051647,90.34589093367765,87.90530913393587,91.15941820025823
45,151,57.3631599488252,100.0,7.0,5.6000000000000005,42.6368400511748,0.0,0-30,15.59105201535244,19.29473602046992,13.4592100127937,14.0192100127937,17.162894017911178,14.0192100127937,CRITICO,94.4,85.9807899872063,90.19039499360315,89.34847399232379,91.03231599488251,88.5065529910444,91.87423699616188
45,152,57.81166703527016,100.0,6.0,4.8,42.18833296472984,0.0,0-30,15.056499889418951,18.79533318589193,12.94708324118246,13.42708324118246,16.685916537655444,13.42708324118246,CRITICO,95.2,86.57291675881754,90.88645837940877,90.02375005529052,91.74916670352701,89.16104173117228,92.61187502764525
45,153,58.76000484736977,100.0,5.0,4.0,41.23999515263023,0.0,0-30,14.371998545789069,18.095998061052093,12.309998788157555,12.709998788157558,16.033998303420578,12.709998788157558,CRITICO,96.0,87.29000121184244,91.64500060592121,90.77400072710546,92.51600048473696,89.90300084828971,93.38700036355272
45,154,59.05223453907725,100.0,4.0,3.2,40.94776546092275,0.0,0-30,13.884329638276824,17.659106184369104,11.836941365230688,12.156941365230688,15.611717911322962,12.156941365230688,CRITICO,96.8,87.8430586347693,92.32152931738466,91.42583518086158,93.21722345390772,90.5301410443385,94.11291759043078
45,155,60.25090228383978,100.0,3.0,2.4,39.74909771616022,0.0,0-30,13.124729314848066,16.85963908646409,11.137274429040056,11.377274429040057,14.872184200656076,11.377274429040057,CRITICO,97.6,88.62272557095994,93.11136278547997,92.21363534257597,94.00909022838397,91.31590789967196,94.90681767128797
45,156,61.36767040051711,100.0,2.0,1.6,38.63232959948289,0.0,0-30,12.389698879844866,16.092931839793156,10.458082399870722,10.618082399870724,14.16131535981901,10.618082399870724,CRITICO,98.4,89.38191760012927,93.89095880006464,92.98915056007758,94.7927670400517,92.08734232009049,95.69457528003878
45,157,62.81158840004692,100.0,1.0,0.8,37.18841159995308,0.0,0-30,11.556523479985923,15.195364639981232,9.69710289998827,9.77710289998827,13.335944059983577,9.77710289998827,CRITICO,99.2,90.22289710001174,94.71144855000587,93.81373826000706,95.60915884000468,92.9160279700082,96.50686913000352
45,158,64.34932158429717,100.0,0.0,0.0,35.65067841570283,0.0,0-30,10.695203524710848,14.260271366281131,8.912669603925707,8.912669603925707,12.47773744549599,8.912669603925707,CRITICO,100.0,91.0873303960743,95.54366519803715,94.65239823764458,96.43493215842972,93.76113127725199,97.32619911882229
46,39,0.0,0.0,217.0,100.0,100.0,100.0,RUL > 125,100.0,100.0,100.0,100.0,100.0,100.0,SAUDAVEL,0.0,0.0,0.0,0.0,0.0,0.0,0.0
46,40,0.0,0.0,216.0,100.0,100.0,100.0,RUL > 125,100.0,100.0,100.0,100.0,100.0,100.0,SAUDAVEL,0.0,0.0,0.0,0.0,0.0,0.0,0.0
46,41,0.0,0.0,215.0,100.0,100.0,100.0,RUL > 125,100.0,100.0,100.0,100.0,100.0,100.0,SAUDAVEL,0.0,0.0,0.0,0.0,0.0,0.0,0.0
46,42,0.0,9.68608918092682,214.0,100.0,100.0,90.3139108190732,RUL > 125,98.06278216381465,98.06278216381465,97.57847770476828,98.54708662286096,97.57847770476828,98.54708662286096,SAUDAVEL,0.0,1.4529133771390406,0.7264566885695203,0.8717480262834243,0.5811653508556163,1.0170393639973283,0.43587401314171215
46,43,0.0,9.333463106133724,213.0,100.0,100.0,90.66653689386628,RUL > 125,98.13330737877324,98.13330737877324,97.66663422346656,98.59998053407996,97.66663422346656,98.59998053407996,SAUDAVEL,0.0,1.400019465920039,0.7000097329600194,0.8400116795520233,0.5600077863680156,0.9800136261440272,0.42000583977601164
46,44,0.0,5.278514527621722,212.0,100.0,100.0,94.72148547237828,RUL > 125,98.94429709447566,98.94429709447566,98.68037136809455,99.20822282085676,98.68037136809455,99.20822282085676,SAUDAVEL,0.0,0.7917771791432386,0.3958885895716193,0.47506630748594314,0.3167108716572955,0.554244025400267,0.23753315374297157
46,45,0.0,0.0,211.0,100.0,100.0,100.0,RUL > 125,100.0,100.0,100.0,100.0,100.0,100.0,SAUDAVEL,0.0,0.0,0.0,0.0,0.0,0.0,0.0
46,46,0.0,0.0,210.0,100.0,100.0,100.0,RUL > 125,100.0,100.0,100.0,100.0,100.0,100.0,SAUDAVEL,0.0,0.0,0.0,0.0,0.0,0.0,0.0
46,47,0.0,0.0,209.0,100.0,100.0,100.0,RUL > 125,100.0,100.0,100.0,100.0,100.0,100.0,SAUDAVEL,0.0,0.0,0.0,0.0,0.0,0.0,0.0
46,48,0.0,0.0,208.0,100.0,100.0,100.0,RUL > 125,100.0,100.0,100.0,100.0,100.0,100.0,SAUDAVEL,0.0,0.0,0.0,0.0,0.0,0.0,0.0
46,49,0.0,0.0,207.0,100.0,100.0,100.0,RUL > 125,100.0,100.0,100.0,100.0,100.0,100.0,SAUDAVEL,0.0,0.0,0.0,0.0,0.0,0.0,0.0
46,50,0.0,0.0,206.0,100.0,100.0,100.0,RUL > 125,100.0,100.0,100.0,100.0,100.0,100.0,SAUDAVEL,0.0,0.0,0.0,0.0,0.0,0.0,0.0
46,51,0.0,0.0,205.0,100.0,100.0,100.0,RUL > 125,100.0,100.0,100.0,100.0,100.0,100.0,SAUDAVEL,0.0,0.0,0.0,0.0,0.0,0.0,0.0
46,52,0.0,0.0,204.0,100.0,100.0,100.0,RUL > 125,100.0,100.0,100.0,100.0,100.0,100.0,SAUDAVEL,0.0,0.0,0.0,0.0,0.0,0.0,0.0
46,53,0.0,0.0,203.0,100.0,100.0,100.0,RUL > 125,100.0,100.0,100.0,100.0,100.0,100.0,SAUDAVEL,0.0,0.0,0.0,0.0,0.0,0.0,0.0
46,54,0.0,0.0,202.0,100.0,100.0,100.0,RUL > 125,100.0,100.0,100.0,100.0,100.0,100.0,SAUDAVEL,0.0,0.0,0.0,0.0,0.0,0.0,0.0
46,55,0.0,0.0,201.0,100.0,100.0,100.0,RUL > 125,100.0,100.0,100.0,100.0,100.0,100.0,SAUDAVEL,0.0,0.0,0.0,0.0,0.0,0.0,0.0
46,56,0.0,0.0,200.0,100.0,100.0,100.0,RUL > 125,100.0,100.0,100.0,100.0,100.0,100.0,SAUDAVEL,0.0,0.0,0.0,0.0,0.0,0.0,0.0
46,57,0.0,0.0,199.0,100.0,100.0,100.0,RUL > 125,100.0,100.0,100.0,100.0,100.0,100.0,SAUDAVEL,0.0,0.0,0.0,0.0,0.0,0.0,0.0
46,58,0.0,0.0,198.0,100.0,100.0,100.0,RUL > 125,100.0,100.0,100.0,100.0,100.0,100.0,SAUDAVEL,0.0,0.0,0.0,0.0,0.0,0.0,0.0
46,59,0.0,0.0,197.0,100.0,100.0,100.0,RUL > 125,100.0,100.0,100.0,100.0,100.0,100.0,SAUDAVEL,0.0,0.0,0.0,0.0,0.0,0.0,0.0
46,60,0.0,12.459222134985607,196.0,100.0,100.0,87.54077786501439,RUL > 125,97.50815557300288,97.50815557300288,96.8851944662536,98.13111667975215,96.8851944662536,98.13111667975215,SAUDAVEL,0.0,1.8688833202478463,0.9344416601239232,1.1213299921487077,0.7475533280991385,1.3082183241734924,0.5606649960743538
46,61,0.0,37.08715887572565,195.0,100.0,100.0,62.91284112427435,RUL > 125,92.58256822485488,92.58256822485488,90.72821028106858,94.43692616864116,90.72821028106858,94.43692616864116,SAUDAVEL,0.0,5.563073831358835,2.7815369156794176,3.337844298815301,2.2252295325435343,3.8941516819511843,1.6689221494076505
46,62,0.0,51.806503073584686,194.0,100.0,100.0,48.193496926415314,RUL > 125,89.63869938528306,89.63869938528306,87.04837423160383,92.22902453896228,87.04837423160383,92.22902453896228,SAUDAVEL,0.0,7.770975461037722,3.885487730518861,4.662585276622633,3.108390184415089,5.439682822726405,2.3312926383113166
46,63,0.0,70.0560483748736,193.0,100.0,100.0,29.9439516251264,RUL > 125,85.98879032502528,85.98879032502528,82.4859879062816,89.49159274376896,82.4859879062816,89.49159274376896,SAUDAVEL,0.0,10.508407256231038,5.254203628115519,6.305044353738623,4.203362902492415,7.355885079361726,3.1525221768693115
46,64,0.0,93.31585209380492,192.0,100.0,100.0,6.684147906195079,RUL > 125,81.33682958123902,81.33682958123902,76.67103697654878,86.00262218592925,76.67103697654878,86.00262218592925,SAUDAVEL,0.0,13.997377814070745,6.998688907035373,8.398426688442447,5.598951125628298,9.798164469849521,4.199213344221223
46,65,0.0,94.886812694652,191.0,100.0,100.0,5.113187305348006,RUL > 125,81.0226374610696,81.0226374610696,76.278296826337,85.7669780958022,76.278296826337,85.7669780958022,SAUDAVEL,0.0,14.233021904197798,7.116510952098899,8.539813142518678,5.69320876167912,9.963115332938457,4.269906571259339
46,66,0.0,95.2027213281102,190.0,100.0,100.0,4.797278671889799,RUL > 125,80.95945573437795,80.95945573437795,76.19931966797245,85.71959180078348,76.19931966797245,85.71959180078348,SAUDAVEL,0.0,14.280408199216524,7.140204099608262,8.568244919529914,5.71216327968661,9.996285739451565,4.284122459764957
46,67,2.7478429001723743,98.0591346380782,189.0,100.0,97.25215709982764,1.9408653619217944,RUL > 125,79.56382020233265,79.28903591231541,74.79825561543736,84.60416907924518,74.52347132542012,84.60416907924518,SAUDAVEL,0.0,15.395830920754818,7.697915460377409,9.237498552452891,6.158332368301927,10.777081644528373,4.6187492762264455
46,68,5.787502414663952,90.84553946758382,188.0,100.0,94.21249758533604,9.15446053241618,RUL > 125,80.09464138208405,79.51589114061765,75.84173952943806,84.92629347619643,75.26298928797166,84.92629347619643,SAUDAVEL,0.0,15.073706523803565,7.536853261901783,9.044223914282139,6.029482609521427,10.551594566662494,4.522111957141069
46,69,1.4657010395575152,70.75162401647233,187.0,100.0,98.53429896044248,29.248375983527666,RUL > 125,85.40996488483827,85.26339478088252,81.94566873599254,89.02083113763976,81.79909863203679,89.02083113763976,SAUDAVEL,0.0,10.97916886236024,5.48958443118012,6.587501317416144,4.391667544944096,7.685418203652167,3.293750658708072
46,70,20.1354805360196,72.76222777868648,186.0,100.0,79.8645194639804,27.23777222131352,RUL > 125,79.40691028345682,77.39336222985487,76.77557292132349,84.05179569919213,74.76202486772152,84.05179569919213,SAUDAVEL,0.0,15.948204300807873,7.974102150403937,9.568922580484724,6.379281720323149,11.163743010565511,4.784461290242362
46,71,14.781231442860111,67.32715831293923,185.0,100.0,85.2187685571399,32.67284168706077,RUL > 125,82.10019890455412,80.62207576026812,79.47290256105018,86.20561839234409,77.99477941676416,86.20561839234409,SAUDAVEL,0.0,13.794381607655907,6.897190803827954,8.276628964593543,5.517752643062363,9.656067125359135,4.138314482296772
46,72,12.157184787974591,53.75184510398415,184.0,100.0,87.84281521202541,46.24815489601585,RUL > 125,85.6024755428108,84.38675706401335,83.52274252701031,88.89792703740873,82.30702404821287,88.89792703740873,SAUDAVEL,0.0,11.102072962591265,5.5510364812956325,6.661243777554759,4.440829185036506,7.771451073813885,3.3306218887773795
46,73,24.611753332236265,49.63742943407918,183.0,100.0,75.38824666776374,50.36257056592082,RUL > 125,82.68898811351329,80.22781278028967,81.43770430842113,86.40144725182905,78.97652897519751,86.40144725182905,SAUDAVEL,0.0,13.598552748170945,6.799276374085473,8.159131648902568,5.439421099268379,9.51898692371966,4.079565824451284
46,74,40.09929634902804,64.53215519442274,182.0,100.0,59.90070365097196,35.46784480557726,RUL > 125,75.06378005640704,71.05385042150424,73.84213711413732,80.29535263357958,69.8322074792345,80.29535263357958,SAUDAVEL,0.0,19.704647366420417,9.852323683210209,11.82278841985225,7.881858946568167,13.793253156494291,5.911394209926125
46,75,44.49080996773293,77.68805124490672,181.0,100.0,55.50919003226707,22.311948755093283,RUL > 125,71.11514676069878,66.66606576392549,69.4552846968401,77.22408982133075,65.00620370006679,77.22408982133075,ATENCAO,0.0,22.77591017866925,11.387955089334625,13.66554610720155,9.1103640714677,15.943137125068473,6.832773053600775
46,76,35.241037125011616,74.1640303691502,180.0,100.0,64.75896287498838,25.835969630849803,RUL > 125,74.59488278866647,71.07077907616531,72.64873312645955,80.06513616337456,69.12462941395839,80.06513616337456,SAUDAVEL,0.0,19.93486383662544,9.96743191831272,11.960918301975264,7.973945534650176,13.954404685637806,5.980459150987632
46,77,39.62150589178012,72.59290946798664,179.0,100.0,60.37849410821988,27.40709053201336,RUL > 125,73.59496633886863,69.63281574969062,71.94639616005831,79.20568710685698,67.98424557088029,79.20568710685698,ATENCAO,0.0,20.794312893143015,10.397156446571508,12.47658773588581,8.317725157257206,14.55601902520011,6.238293867942905
46,78,39.17130520637326,66.72356040340057,178.0,100.0,60.82869479362674,33.27643959659943,RUL > 125,74.9038963574079,70.98676583677059,73.52628359755653,80.19863963789659,69.60915307691921,80.19863963789659,SAUDAVEL,0.0,19.80136036210341,9.900680181051705,11.880816217262046,7.920544144841364,13.860952253472385,5.940408108631023
46,79,39.79715033876842,50.32493157102926,177.0,100.0,60.20284966123158,49.67506842897074,RUL > 125,77.99586858416362,74.01615355028677,77.46947952255059,82.5019726796535,73.48976448867374,82.5019726796535,SAUDAVEL,0.0,17.498027320346495,8.749013660173247,10.498816392207896,6.999210928138599,12.248619124242545,5.249408196103948
46,80,25.097928039435896,33.57863730932975,176.0,100.0,74.9020719605641,66.42136269067025,RUL > 125,85.75489412630327,83.24510132235969,85.3308586628086,88.68872239374157,82.821065858865,88.68872239374157,SAUDAVEL,0.0,11.311277606258429,5.655638803129214,6.786766563755057,4.524511042503372,7.9178943243808995,3.3933832818775285
46,81,33.4484174113371,17.445912071174753,175.0,100.0,66.55158258866291,82.55408792882525,RUL > 125,86.47629236236392,83.13145062123021,87.27641762937203,89.02100883648951,83.93157588823833,89.02100883648951,SAUDAVEL,0.0,10.978991163510486,5.489495581755243,6.587394698106292,4.391596465404194,7.6852938144573395,3.293697349053146
46,82,37.38257578467638,0.0,174.0,100.0,62.61742421532362,100.0,RUL > 125,88.78522726459708,85.04696968612944,90.65435605383092,90.65435605383092,86.91609847536327,90.65435605383092,SAUDAVEL,0.0,9.345643946169076,4.672821973084538,5.607386367701445,3.7382575784676306,6.541950762318353,2.8036931838507226
46,83,33.444527119359535,0.0,173.0,100.0,66.55547288064047,100.0,RUL > 125,89.96664186419214,86.62218915225618,91.63886822016012,91.63886822016012,88.29441550822416,91.63886822016012,SAUDAVEL,0.0,8.36113177983988,4.18056588991994,5.016679067903928,3.3444527119359524,5.852792245887915,2.508339533951964
46,84,29.437302802441167,0.0,172.0,100.0,70.56269719755883,100.0,RUL > 125,91.16880915926764,88.22507887902353,92.6406742993897,92.6406742993897,89.69694401914559,92.6406742993897,SAUDAVEL,0.0,7.359325700610299,3.6796628503051494,4.415595420366179,2.94373028024412,5.151527990427208,2.2077977101830895
46,85,24.812997689077125,0.0,171.0,100.0,75.18700231092288,100.0,RUL > 125,92.55610069327686,90.07480092436916,93.79675057773072,93.79675057773072,91.315450808823,93.79675057773072,SAUDAVEL,0.0,6.2032494222692804,3.1016247111346402,3.721949653361568,2.4812997689077125,4.342274595588496,1.860974826680784
46,86,23.25039707807772,0.0,170.0,100.0,76.74960292192227,100.0,RUL > 125,93.02488087657667,90.69984116876893,94.18740073048056,94.18740073048056,91.8623610226728,94.18740073048056,SAUDAVEL,0.0,5.812599269519438,2.906299634759719,3.487559561711663,2.3250397078077754,4.068819488663607,1.7437797808558315
46,87,17.948465704616805,0.0,169.0,100.0,82.05153429538319,100.0,RUL > 125,94.61546028861495,92.82061371815328,95.5128835738458,95.5128835738458,93.71803700338413,95.5128835738458,SAUDAVEL,0.0,4.487116426154202,2.243558213077101,2.6922698556925213,1.794846570461681,3.140981498307941,1.3461349278462607
46,88,17.239717108699217,0.0,168.0,100.0,82.76028289130079,100.0,RUL > 125,94.82808486739025,93.10411315652031,95.6900707228252,95.6900707228252,93.96609901195528,95.6900707228252,SAUDAVEL,0.0,4.309929277174803,2.1549646385874013,2.5859575663048813,1.723971710869921,3.0169504940223617,1.2929787831524406
46,89,4.681496877034533,0.0,167.0,100.0,95.31850312296548,100.0,RUL > 125,98.59555093688964,98.1274012491862,98.82962578074137,98.82962578074137,98.36147609303792,98.82962578074137,SAUDAVEL,0.0,1.1703742192586333,0.5851871096293166,0.7022245315551799,0.46814968770345333,0.8192619534810432,0.35111226577758997
46,90,0.0,0.0,166.0,100.0,100.0,100.0,RUL > 125,100.0,100.0,100.0,100.0,100.0,100.0,SAUDAVEL,0.0,0.0,0.0,0.0,0.0,0.0,0.0
46,91,0.0,0.0,165.0,100.0,100.0,100.0,RUL > 125,100.0,100.0,100.0,100.0,100.0,100.0,SAUDAVEL,0.0,0.0,0.0,0.0,0.0,0.0,0.0
46,92,0.0,0.0,164.0,100.0,100.0,100.0,RUL > 125,100.0,100.0,100.0,100.0,100.0,100.0,SAUDAVEL,0.0,0.0,0.0,0.0,0.0,0.0,0.0
46,93,0.0,0.0,163.0,100.0,100.0,100.0,RUL > 125,100.0,100.0,100.0,100.0,100.0,100.0,SAUDAVEL,0.0,0.0,0.0,0.0,0.0,0.0,0.0
46,94,0.0,0.0,162.0,100.0,100.0,100.0,RUL > 125,100.0,100.0,100.0,100.0,100.0,100.0,SAUDAVEL,0.0,0.0,0.0,0.0,0.0,0.0,0.0
46,95,0.0,0.0,161.0,100.0,100.0,100.0,RUL > 125,100.0,100.0,100.0,100.0,100.0,100.0,SAUDAVEL,0.0,0.0,0.0,0.0,0.0,0.0,0.0
46,96,0.0,0.0,160.0,100.0,100.0,100.0,RUL > 125,100.0,100.0,100.0,100.0,100.0,100.0,SAUDAVEL,0.0,0.0,0.0,0.0,0.0,0.0,0.0
46,97,0.0,0.0,159.0,100.0,100.0,100.0,RUL > 125,100.0,100.0,100.0,100.0,100.0,100.0,SAUDAVEL,0.0,0.0,0.0,0.0,0.0,0.0,0.0
46,98,0.0,0.0,158.0,100.0,100.0,100.0,RUL > 125,100.0,100.0,100.0,100.0,100.0,100.0,SAUDAVEL,0.0,0.0,0.0,0.0,0.0,0.0,0.0
46,99,0.0,0.0,157.0,100.0,100.0,100.0,RUL > 125,100.0,100.0,100.0,100.0,100.0,100.0,SAUDAVEL,0.0,0.0,0.0,0.0,0.0,0.0,0.0
46,100,0.0,0.0,156.0,100.0,100.0,100.0,RUL > 125,100.0,100.0,100.0,100.0,100.0,100.0,SAUDAVEL,0.0,0.0,0.0,0.0,0.0,0.0,0.0
46,101,0.0,0.0,155.0,100.0,100.0,100.0,RUL > 125,100.0,100.0,100.0,100.0,100.0,100.0,SAUDAVEL,0.0,0.0,0.0,0.0,0.0,0.0,0.0
46,102,0.0,0.0,154.0,100.0,100.0,100.0,RUL > 125,100.0,100.0,100.0,100.0,100.0,100.0,SAUDAVEL,0.0,0.0,0.0,0.0,0.0,0.0,0.0
46,103,0.0,0.0,153.0,100.0,100.0,100.0,RUL > 125,100.0,100.0,100.0,100.0,100.0,100.0,SAUDAVEL,0.0,0.0,0.0,0.0,0.0,0.0,0.0
46,104,0.0,0.0,152.0,100.0,100.0,100.0,RUL > 125,100.0,100.0,100.0,100.0,100.0,100.0,SAUDAVEL,0.0,0.0,0.0,0.0,0.0,0.0,0.0
46,105,0.0,0.0,151.0,100.0,100.0,100.0,RUL > 125,100.0,100.0,100.0,100.0,100.0,100.0,SAUDAVEL,0.0,0.0,0.0,0.0,0.0,0.0,0.0
46,106,0.0,0.0,150.0,100.0,100.0,100.0,RUL > 125,100.0,100.0,100.0,100.0,100.0,100.0,SAUDAVEL,0.0,0.0,0.0,0.0,0.0,0.0,0.0
46,107,0.0,0.0,149.0,100.0,100.0,100.0,RUL > 125,100.0,100.0,100.0,100.0,100.0,100.0,SAUDAVEL,0.0,0.0,0.0,0.0,0.0,0.0,0.0
46,108,0.0,0.0,148.0,100.0,100.0,100.0,RUL > 125,100.0,100.0,100.0,100.0,100.0,100.0,SAUDAVEL,0.0,0.0,0.0,0.0,0.0,0.0,0.0
46,109,0.0,0.0,147.0,100.0,100.0,100.0,RUL > 125,100.0,100.0,100.0,100.0,100.0,100.0,SAUDAVEL,0.0,0.0,0.0,0.0,0.0,0.0,0.0
46,110,0.0,0.0,146.0,100.0,100.0,100.0,RUL > 125,100.0,100.0,100.0,100.0,100.0,100.0,SAUDAVEL,0.0,0.0,0.0,0.0,0.0,0.0,0.0
46,111,0.0,21.97793827145536,145.0,100.0,100.0,78.02206172854464,RUL > 125,95.60441234570894,95.60441234570894,94.50551543213616,96.7033092592817,94.50551543213616,96.7033092592817,SAUDAVEL,0.0,3.2966907407183044,1.6483453703591522,1.9780144444309826,1.3186762962873217,2.307683518502813,0.9890072222154913
46,112,0.0,72.42831785097555,144.0,100.0,100.0,27.57168214902445,RUL > 125,85.51433642980489,85.51433642980489,81.89292053725612,89.13575232235367,81.89292053725612,89.13575232235367,SAUDAVEL,0.0,10.864247677646333,5.432123838823166,6.5185486065877996,4.345699071058533,7.604973374352432,3.2592743032938998
46,113,0.0,100.0,143.0,100.0,100.0,0.0,RUL > 125,80.0,80.0,75.0,85.0,75.0,85.0,SAUDAVEL,0.0,15.0,7.5,9.0,6.0,10.5,4.5
46,114,0.0,98.9460958808472,142.0,100.0,100.0,1.0539041191528042,RUL > 125,80.21078082383056,80.21078082383056,75.2634760297882,85.15808561787293,75.2634760297882,85.15808561787293,SAUDAVEL,0.0,14.841914382127072,7.420957191063536,8.905148629276242,5.936765752850829,10.38934006748895,4.452574314638121
46,115,0.0,100.0,141.0,100.0,100.0,0.0,RUL > 125,80.0,80.0,75.0,85.0,75.0,85.0,SAUDAVEL,0.0,15.0,7.5,9.0,6.0,10.5,4.5
46,116,0.0,99.81143607457442,140.0,100.0,100.0,0.1885639254255835,RUL > 125,80.03771278508512,80.03771278508512,75.04714098135639,85.02828458881383,75.04714098135639,85.02828458881383,SAUDAVEL,0.0,14.971715411186167,7.485857705593084,8.9830292467117,5.988686164474467,10.480200787830317,4.49151462335585
46,117,0.0,77.2900471783028,139.0,100.0,100.0,22.7099528216972,RUL > 125,84.54199056433944,84.54199056433944,80.6774882054243,88.40649292325458,80.6774882054243,88.40649292325458,SAUDAVEL,0.0,11.593507076745425,5.7967535383727125,6.956104246047254,4.6374028306981705,8.115454953721796,3.478052123023627
46,118,0.0,68.19559403609603,138.0,100.0,100.0,31.80440596390397,RUL > 125,86.3608811927808,86.3608811927808,82.95110149097599,89.7706608945856,82.95110149097599,89.7706608945856,SAUDAVEL,0.0,10.229339105414397,5.114669552707198,6.137603463248638,4.091735642165759,7.160537373790077,3.068801731624319
46,119,6.027895629279271,62.76472703853703,137.0,100.0,93.97210437072071,37.23527296146297,RUL > 125,85.6386859035088,85.03589634058089,82.80184433304592,89.07831703689963,82.199054770118,89.07831703689963,SAUDAVEL,0.0,10.921682963100366,5.460841481550183,6.553009777860219,4.368673185240147,7.645178074170256,3.2765048889301096
46,120,5.937166865801919,58.53080963601722,136.0,100.0,94.06283313419809,41.46919036398278,RUL > 125,86.51268801305598,85.9189713264758,83.8830058745452,89.73608683814693,83.28928918796501,89.73608683814693,SAUDAVEL,0.0,10.263913161853068,5.131956580926534,6.158347897111841,4.1055652647412275,7.1847392132971475,3.0791739485559204
46,121,27.12611163975361,82.2151449605904,135.0,100.0,72.87388836024638,17.784855039409607,RUL > 125,75.41913751595584,72.70652635198049,72.664685849914,80.88620034597304,69.95207468593863,80.88620034597304,SAUDAVEL,0.0,19.113799654026963,9.556899827013481,11.468279792416178,7.645519861610786,13.379659757818873,5.734139896208089
46,122,15.153984016713032,88.91919086055199,134.0,100.0,84.84601598328697,11.080809139448007,RUL > 125,77.6699666228757,76.1545682212044,73.98170628068374,82.87362536673895,72.46630787901245,82.87362536673895,SAUDAVEL,0.0,17.12637463326105,8.563187316630525,10.275824779956631,6.850549853304421,11.988462243282735,5.1379123899783155
46,123,15.614648246059614,93.03839821069336,133.0,100.0,84.38535175394038,6.961601789306641,RUL > 125,76.70792588404343,75.14646105943747,72.83673838581176,82.14057820688109,71.2752735612058,82.14057820688109,SAUDAVEL,0.0,17.859421793118912,8.929710896559456,10.715653075871346,7.143768717247565,12.501595255183238,5.357826537935673
46,124,14.392112813101388,73.3508181110492,132.0,100.0,85.60788718689861,26.649181888950807,RUL > 125,81.01220253385974,79.57299125254961,78.06426726896235,85.39934908006727,76.62505598765222,85.39934908006727,SAUDAVEL,0.0,14.600650919932733,7.300325459966366,8.76039055195964,5.840260367973094,10.220455643952912,4.38019527597982
46,125,15.800309076990224,63.102102919412815,131.0,100.0,84.19969092300977,36.89789708058719,RUL > 125,82.63948669302037,81.05945578532135,80.27439700089924,86.58460729284052,78.69436609320022,86.58460729284052,SAUDAVEL,0.0,13.415392707159484,6.707696353579742,8.04923562429569,5.3661570828637934,9.390774895011639,4.024617812147845
46,126,8.18606864084824,44.03505840913732,130.0,100.0,91.81393135915177,55.96494159086268,RUL > 125,88.73716772591807,87.91856086183324,86.94471823750361,91.34822407841736,86.12611137341878,91.34822407841736,SAUDAVEL,0.0,8.65177592158264,4.32588796079132,5.191065552949584,3.4607103686330563,6.056243145107848,2.595532776474792
46,127,14.490577444534225,18.66087162533689,129.0,100.0,85.50942255546578,81.3391283746631,RUL > 125,91.92065244157236,90.47159469711896,91.71213773253224,93.57822489506592,90.2630799880788,93.57822489506592,SAUDAVEL,0.0,6.421775104934085,3.2108875524670424,3.8530650629604506,2.568710041973634,4.495242573453859,1.9265325314802253
46,128,15.47102045488688,4.748037398716732,128.0,100.0,84.52897954511312,95.25196260128328,RUL > 125,94.40908638379058,92.86198433830192,94.94523553659909,95.42003927647076,93.3981334911104,95.42003927647076,SAUDAVEL,0.0,4.57996072352924,2.28998036176462,2.7479764341175437,1.831984289411696,3.205972506470468,1.3739882170587718
46,129,21.41221176066568,3.063831110713627,127.0,100.0,78.58778823933432,96.93616888928638,RUL > 125,92.96357024965756,90.822349073591,93.88098928215516,94.18737239322654,91.7397681060886,94.18737239322654,SAUDAVEL,0.0,5.812627606773461,2.9063138033867304,3.4875765640640766,2.3250510427093842,4.068839324741423,1.7437882820320383
46,130,23.974036101909533,0.5357085519604639,126.0,100.0,76.02596389809047,99.46429144803952,RUL > 125,92.70064745903504,90.30324384884408,93.8725638365325,93.92613469172856,91.47516022634154,93.92613469172856,SAUDAVEL,0.0,6.0738653082714364,3.0369326541357182,3.644319184962862,2.4295461233085747,4.251705715790005,1.822159592481431
46,131,20.87405470376543,14.391805125303906,125.0,100.0,79.12594529623456,85.6081948746961,76-125,90.8594225638096,88.77201709343304,91.18353504273269,92.62271555526306,89.09612957235612,92.62271555526306,SAUDAVEL,0.0,7.377284444736944,3.688642222368472,4.426370666842166,2.950913777894778,5.16409911131586,2.213185333421083
46,132,23.76396033511961,19.21986921633088,124.0,99.2,76.2360396648804,80.78013078366912,76-125,88.62683805619795,86.330442022686,88.85404261213738,90.69602953377046,86.55764657862542,90.69602953377046,SAUDAVEL,0.7999999999999972,9.303970466229543,5.05198523311477,5.902382279737725,4.201588186491816,6.752779326360679,3.351191139868861
46,133,25.65169098024625,24.51657349939584,123.0,98.4,74.34830901975374,75.48342650060417,76-125,86.60117800604696,84.19600890802235,86.65793388008947,88.94959123002906,84.25276478206487,88.94959123002906,SAUDAVEL,1.5999999999999943,11.050408769970943,6.325204384985469,7.270245261982564,5.380163507988374,8.215286138979657,4.435122630991279
46,134,18.155232487425828,20.02855407317957,122.0,97.6,81.84476751257418,79.97144592682042,76-125,89.34771943913633,87.77219619039376,89.25405335984864,91.0169087671666,87.67853011110607,91.0169087671666,SAUDAVEL,2.4000000000000057,8.983091232833402,5.691545616416704,6.349854739700044,5.033236493133364,7.008163862983383,4.374927369850025
46,135,12.8177518941697,11.657904594828112,121.0,96.8,87.1822481058303,88.34209540517189,76-125,92.22309351278346,91.26131832336652,92.28108587775054,93.12687633723336,91.31931068833356,93.12687633723336,SAUDAVEL,3.200000000000003,6.873123662766645,5.036561831383324,5.403874197659988,4.66924946510666,5.771186563936652,4.301937098829995
46,136,16.118709353156195,0.0,120.0,96.0,83.88129064684381,100.0,76-125,93.16438719405316,91.95251625873752,93.97032266171097,93.57032266171096,92.75845172639534,93.57032266171096,SAUDAVEL,4.0,6.429677338289039,5.21483866914452,5.457806402973423,4.971870935315616,5.700774136802328,4.728903201486712
46,137,15.556472730394688,0.0,119.0,95.19999999999999,84.44352726960531,100.0,76-125,92.9330581808816,91.85741090784212,93.71088181740132,93.23088181740133,92.63523454436184,93.23088181740133,SAUDAVEL,4.800000000000011,6.769118182598675,5.784559091299343,5.981470909559209,5.587647273039476,6.178382727819075,5.390735454779611
46,138,16.0198199197258,0.0,118.0,94.39999999999999,83.9801800802742,100.0,76-125,92.39405402408224,91.35207203210967,93.19504502006856,92.63504502006856,92.15306302809596,92.63504502006856,SAUDAVEL,5.6000000000000085,7.36495497993144,6.482477489965724,6.658972987958867,6.3059819919725815,6.83546848595201,6.129486493979438
46,139,9.491239241330431,0.0,117.0,93.60000000000001,90.50876075866957,100.0,76-125,93.95262822760088,93.64350430346784,94.4271901896674,93.7871901896674,94.11806626553437,93.7871901896674,SAUDAVEL,6.3999999999999915,6.212809810332601,6.306404905166296,6.287685886199558,6.325123924133035,6.268966867232818,6.343842943099774
46,140,1.598462842792818,0.0,116.0,92.80000000000001,98.4015371572072,100.0,76-125,95.92046114716216,96.48061486288287,96.0003842893018,95.2803842893018,96.56053800502252,95.2803842893018,SAUDAVEL,7.199999999999989,4.719615710698207,5.959807855349098,5.71176942641892,6.207846284279276,5.463730997488741,6.455884713209454
46,141,0.0,0.0,115.0,92.0,100.0,100.0,76-125,96.0,96.8,96.0,95.2,96.8,95.2,SAUDAVEL,8.0,4.799999999999997,6.399999999999999,6.079999999999998,6.719999999999999,5.759999999999998,7.039999999999999
46,142,0.0,0.0,114.0,91.2,100.0,100.0,76-125,95.6,96.48,95.6,94.72,96.48,94.72,SAUDAVEL,8.799999999999997,5.280000000000001,7.039999999999999,6.688,7.3919999999999995,6.336,7.743999999999998
46,143,0.0,0.0,113.0,90.4,100.0,100.0,76-125,95.2,96.16,95.2,94.24,96.16,94.24,SAUDAVEL,9.599999999999994,5.760000000000005,7.68,7.296000000000001,8.063999999999998,6.912000000000002,8.447999999999997
46,144,0.0,0.0,112.0,89.60000000000001,100.0,100.0,76-125,94.8,95.84,94.8,93.76,95.84,93.76,SAUDAVEL,10.399999999999991,6.239999999999995,8.319999999999993,7.903999999999993,8.735999999999994,7.487999999999993,9.151999999999992
46,145,0.0,0.0,111.0,88.8,100.0,100.0,76-125,94.4,95.52,94.4,93.28,95.52,93.28,SAUDAVEL,11.200000000000003,6.719999999999999,8.96,8.512,9.408000000000001,8.064,9.856000000000002
46,146,0.0,0.0,110.0,88.0,100.0,100.0,76-125,94.0,95.2,94.0,92.8,95.2,92.8,SAUDAVEL,12.0,7.200000000000003,9.600000000000001,9.120000000000001,10.08,8.64,10.559999999999999
46,147,0.0,0.0,109.0,87.2,100.0,100.0,76-125,93.6,94.88,93.6,92.32,94.88,92.32,SAUDAVEL,12.799999999999997,7.680000000000007,10.240000000000002,9.728000000000003,10.752,9.216000000000005,11.264
46,148,0.0,0.0,108.0,86.4,100.0,100.0,76-125,93.2,94.56,93.2,91.84,94.56,91.84,SAUDAVEL,13.599999999999994,8.159999999999997,10.879999999999995,10.335999999999995,11.423999999999996,9.791999999999994,11.967999999999995
46,149,0.0,0.0,107.0,85.6,100.0,100.0,76-125,92.8,94.24,92.8,91.36,94.24,91.36,SAUDAVEL,14.400000000000006,8.64,11.520000000000003,10.944000000000003,12.096000000000004,10.368000000000002,12.672000000000004
46,150,9.348282190153869,25.19118662302092,106.0,84.8,90.65171780984612,74.80881337697909,76-125,84.55727801834965,85.14244979933427,83.7651327967063,84.76425145900839,84.3503045776909,84.76425145900839,SAUDAVEL,15.200000000000003,15.235748540991608,15.217874270495805,15.221449124594967,15.214299416396646,15.225023978694125,15.210724562297482
46,151,0.0,12.911507360536095,105.0,84.0,100.0,87.08849263946391,76-125,89.41769852789278,91.01769852789278,88.77212315986597,88.4632738959196,90.37212315986596,88.4632738959196,SAUDAVEL,16.0,11.536726104080401,13.7683630520402,13.32203566244824,14.214690441632161,12.87570827285628,14.66101783122412
46,152,9.666391812321592,27.773986759139447,104.0,83.2,90.3336081876784,72.22601324086055,76-125,83.14528510447563,83.85864592324347,82.23990535713475,83.33730403304868,82.95326617590257,83.33730403304868,SAUDAVEL,16.799999999999997,16.66269596695132,16.731347983475658,16.71761758017079,16.745078386780527,16.70388717686592,16.758808790085393
46,153,21.40183764872538,49.50518815736967,103.0,82.39999999999999,78.59816235127462,50.49481184263033,76-125,74.87841107390844,74.49822730903591,73.47324354847623,76.6637623642132,73.0930597836037,76.6637623642132,ATENCAO,17.60000000000001,23.3362376357868,20.468118817893405,21.041742581472086,19.894495054314724,21.615366345050763,19.320871290736047
46,154,20.03509311659784,68.18375997226562,102.0,81.6,79.96490688340216,31.81624002773438,76-125,71.15272007056753,70.98921075890775,68.74528672778413,73.7236627250107,68.58177741612435,73.7236627250107,ATENCAO,18.400000000000006,26.276337274989302,22.338168637494654,23.125802364993582,21.550534909995726,23.91343609249251,20.762901182496794
46,155,25.43906640147096,81.93546203629248,101.0,80.80000000000001,74.56093359852903,18.06453796370752,76-125,66.38118767230021,65.75728103215313,63.55636789055914,69.8299140941884,62.93246125041205,69.8299140941884,ATENCAO,19.19999999999999,30.170085905811604,24.685042952905796,25.782051543486958,23.588034362324635,26.87906013406812,22.491025771743473
46,156,33.32330204405776,91.7514313133689,100.0,80.0,66.67669795594225,8.248568686631103,76-125,61.652723124108896,60.32039291970312,58.73131666064334,65.90645979198023,57.39898645623756,65.90645979198023,ATENCAO,20.0,34.093540208019775,27.046770104009887,28.456124124811865,25.63741608320791,29.865478145613842,24.228062062405932
46,157,13.271977019553429,69.44166701855667,99.0,79.2,86.72802298044657,30.55833298144333,76-125,71.73007349042264,72.4828757884673,68.92158899047249,73.78575569232815,69.67439128851714,73.78575569232815,ATENCAO,20.799999999999997,26.214244307671848,23.507122153835923,24.04854658460311,22.965697723068736,24.589971015370292,22.42427329230155
46,158,17.045917965815505,43.273512681524586,98.0,78.4,82.9540820341845,56.72648731847541,76-125,75.43152207395045,75.88693027736889,74.12014233816498,76.28749360631744,74.57555054158343,76.28749360631744,ATENCAO,21.599999999999994,23.71250639368256,22.656253196841277,22.867503836209536,22.445002557473018,23.07875447557779,22.233751918104765
46,159,13.551295511944527,26.31916808256032,97.0,77.60000000000001,86.44870448805547,73.68083191743968,76-125,79.47077772990458,80.35564817871013,78.83238410137379,79.22430090962982,79.71725455017933,79.22430090962982,ATENCAO,22.39999999999999,20.775699090370182,21.587849545185087,21.42541945422211,21.750279636148065,21.262989363259123,21.912709727111046
46,160,5.464116304526683,11.028028261653075,96.0,76.8,94.53588369547332,88.97197173834692,76-125,84.55515945631137,86.32874782585871,84.27696385845505,83.05976668462037,86.05055222800239,83.05976668462037,SAUDAVEL,23.200000000000003,16.94023331537963,20.070116657689816,19.44413998922778,20.696093326151853,18.81816332076574,21.32206999461389
46,161,3.907149909494801,0.0,95.0,76.0,96.0928500905052,100.0,76-125,86.82785502715156,88.83714003620209,87.0232125226263,84.6232125226263,89.03249753167682,84.6232125226263,SAUDAVEL,24.0,15.376787477373696,19.688393738686848,18.826072486424216,20.550714990949476,17.963751234161585,21.413036243212105
46,162,0.0,0.0,94.0,75.2,100.0,100.0,76-125,87.6,90.08,87.6,85.12,90.08,85.12,SAUDAVEL,24.799999999999997,14.879999999999995,19.839999999999996,18.848,20.831999999999994,17.855999999999995,21.823999999999995
46,163,0.0,0.0,93.0,74.4,100.0,100.0,76-125,87.2,89.76,87.2,84.64,89.76,84.64,SAUDAVEL,25.599999999999994,15.36,20.479999999999997,19.455999999999996,21.503999999999998,18.431999999999995,22.527999999999995
46,164,0.0,0.0,92.0,73.6,100.0,100.0,76-125,86.8,89.44,86.8,84.16,89.44,84.16,SAUDAVEL,26.400000000000006,15.840000000000003,21.120000000000005,20.064000000000004,22.176000000000005,19.008000000000003,23.232000000000006
46,165,1.7020250981963203,0.0,91.0,72.8,98.29797490180368,100.0,76-125,85.88939247054111,88.43918996072148,85.97449372545091,83.25449372545091,88.5242912156313,83.25449372545091,SAUDAVEL,27.200000000000003,16.745506274549086,21.972753137274545,20.92730376472945,23.018202509819634,19.88185439218436,24.063651882364724
46,166,0.0,0.0,90.0,72.0,100.0,100.0,76-125,86.0,88.8,86.0,83.19999999999999,88.8,83.19999999999999,SAUDAVEL,28.0,16.80000000000001,22.400000000000006,21.28000000000001,23.520000000000007,20.160000000000007,24.64
46,167,2.1976125233417494,0.0,89.0,71.2,97.80238747665824,100.0,76-125,84.94071624299747,87.60095499066331,85.05059686916456,82.17059686916457,87.7108356168304,82.17059686916457,SAUDAVEL,28.799999999999997,17.82940313083543,23.314701565417714,22.217641878501258,24.41176125233417,21.120582191584802,25.508820939250626
46,168,0.0,0.0,88.0,70.39999999999999,100.0,100.0,76-125,85.19999999999999,88.16,85.19999999999999,82.24,88.16,82.24,SAUDAVEL,29.60000000000001,17.760000000000005,23.680000000000007,22.496000000000006,24.864000000000008,21.312000000000005,26.04800000000001
46,169,0.0,0.0,87.0,69.6,100.0,100.0,76-125,84.8,87.84,84.8,81.75999999999999,87.84,81.75999999999999,SAUDAVEL,30.400000000000006,18.24000000000001,24.320000000000007,23.104000000000006,25.536000000000005,21.888000000000005,26.752000000000002
46,170,0.0,0.0,86.0,68.8,100.0,100.0,76-125,84.4,87.52,84.4,81.28,87.52,81.28,SAUDAVEL,31.200000000000003,18.72,24.96,23.712000000000003,26.208000000000002,22.464,27.456
46,171,1.3562809881878115,3.7688688044468552,85.0,68.0,98.6437190118122,96.23113119555316,76-125,82.83934194265429,85.9037138438355,82.71871255184134,79.89559943228602,85.78308445302255,79.89559943228602,ATENCAO,32.0,20.10440056771398,26.05220028385699,24.86264034062839,27.241760227085592,23.673080397399787,28.431320170314194
46,172,4.720042068812548,7.5306064102614,84.0,67.2,95.27995793118744,92.4693935897386,76-125,80.67786609730396,83.48586189042271,80.53733788023152,78.01039852125766,83.34533367335025,78.01039852125766,ATENCAO,32.8,21.989601478742344,27.39480073937117,26.313760887245405,28.475840591496933,25.23272103511964,29.5568804436227
46,173,0.0,0.0,83.0,66.4,100.0,100.0,76-125,83.2,86.56,83.2,79.84,86.56,79.84,ATENCAO,33.599999999999994,20.159999999999997,26.879999999999995,25.535999999999994,28.223999999999997,24.191999999999993,29.567999999999994
46,174,1.498142497370642,0.0,82.0,65.60000000000001,98.50185750262936,100.0,76-125,82.35055725078881,85.64074300105176,82.42546437565734,78.98546437565734,85.71565012592028,78.98546437565734,ATENCAO,34.39999999999999,21.014535624342656,27.707267812171324,26.36872137460559,29.045814249737056,25.030174937039853,30.384360687302788
46,175,0.0,1.4667155608111804,81.0,64.8,100.0,98.53328443918882,76-125,82.10665688783777,85.62665688783777,82.0333211097972,78.65999266587832,85.55332110979721,78.65999266587832,ATENCAO,35.2,21.34000733412168,28.27000366706084,26.88400440047301,29.656002933648672,25.498005133885176,31.042002200236503
46,176,0.0,0.0,80.0,64.0,100.0,100.0,76-125,82.0,85.6,82.0,78.4,85.6,78.4,ATENCAO,36.0,21.599999999999994,28.799999999999997,27.359999999999996,30.239999999999995,25.919999999999995,31.679999999999996
46,177,0.0,0.0,79.0,63.2,100.0,100.0,76-125,81.6,85.28,81.6,77.92,85.28,77.92,ATENCAO,36.8,22.08,29.439999999999998,27.967999999999996,30.912,26.495999999999995,32.384
46,178,0.0,0.0,78.0,62.4,100.0,100.0,76-125,81.2,84.96000000000001,81.2,77.44,84.96000000000001,77.44,ATENCAO,37.6,22.560000000000002,30.080000000000002,28.576,31.584,27.072,33.088
46,179,0.0,0.0,77.0,61.6,100.0,100.0,76-125,80.8,84.64,80.8,76.96000000000001,84.64,76.96000000000001,ATENCAO,38.4,23.039999999999992,30.719999999999995,29.183999999999994,32.256,27.647999999999993,33.791999999999994
46,180,0.0,0.0,76.0,60.8,100.0,100.0,76-125,80.4,84.32,80.4,76.47999999999999,84.32,76.47999999999999,ATENCAO,39.2,23.52000000000001,31.360000000000007,29.79200000000001,32.928000000000004,28.224000000000004,34.496
46,181,0.0,0.0,75.0,60.0,100.0,100.0,31-75,80.0,84.0,80.0,76.0,84.0,76.0,ATENCAO,40.0,24.0,32.0,30.4,33.6,28.799999999999997,35.2
46,182,0.0,0.0,74.0,59.199999999999996,100.0,100.0,31-75,79.6,83.68,79.6,75.52,83.68,75.52,ATENCAO,40.800000000000004,24.480000000000004,32.64,31.008000000000006,34.272000000000006,29.376000000000005,35.904
46,183,0.0,0.0,73.0,58.4,100.0,100.0,31-75,79.2,83.36,79.2,75.03999999999999,83.36,75.03999999999999,ATENCAO,41.6,24.960000000000008,33.28,31.616000000000007,34.944,29.952000000000005,36.608
46,184,0.0,0.0,72.0,57.599999999999994,100.0,100.0,31-75,78.8,83.03999999999999,78.8,74.56,83.03999999999999,74.56,ATENCAO,42.400000000000006,25.439999999999998,33.92,32.224000000000004,35.616,30.528,37.312000000000005
46,185,0.0,0.0,71.0,56.8,100.0,100.0,31-75,78.4,82.72,78.4,74.08,82.72,74.08,ATENCAO,43.2,25.92,34.56,32.832,36.288000000000004,31.104,38.016
46,186,0.0,0.0,70.0,56.00000000000001,100.0,100.0,31-75,78.0,82.4,78.0,73.6,82.4,73.6,ATENCAO,43.99999999999999,26.400000000000006,35.2,33.44,36.959999999999994,31.68,38.72
46,187,0.0,0.0,69.0,55.2,100.0,100.0,31-75,77.6,82.08,77.6,73.12,82.08,73.12,ATENCAO,44.8,26.879999999999995,35.839999999999996,34.047999999999995,37.632,32.25599999999999,39.42399999999999
46,188,0.0,0.0,68.0,54.400000000000006,100.0,100.0,31-75,77.2,81.76,77.2,72.64,81.76,72.64,ATENCAO,45.599999999999994,27.36,36.48,34.656,38.303999999999995,32.831999999999994,40.12799999999999
46,189,0.0,5.18334378621037,67.0,53.6,100.0,94.81665621378964,31-75,75.76333124275793,80.40333124275793,75.5041640534474,71.38249843206845,80.14416405344741,71.38249843206845,ATENCAO,46.4,28.617501567931555,37.50875078396578,35.73050094075893,39.287000627172624,33.952251097552086,41.06525047037946
46,190,5.028090591038167,26.445801013808246,66.0,52.800000000000004,94.97190940896184,73.55419898619175,31-75,69.6024126199269,73.81960356082308,68.5315270987884,66.45610720016921,72.74871803968458,66.45610720016921,ATENCAO,47.199999999999996,33.543892799830786,40.37194639991539,39.00633567989847,41.73755711993231,37.640724959881545,43.10316783994923
46,191,2.717749032345731,39.671423377055326,65.0,52.0,97.28225096765426,60.328576622944674,31-75,67.25039061488522,71.77861571165064,65.40270689764974,64.56984923535526,69.93093199441516,64.56984923535526,ATENCAO,48.0,35.430150764644736,41.71507538232237,40.45809045878684,42.972060305857894,39.201105535251315,44.229045229393414
46,192,3.2046615535411167,52.81545287040693,64.0,51.2,96.79533844645889,47.18454712959307,31-75,64.07551095985627,68.63504480450217,61.59497139401299,61.99651668105368,66.15450523865888,61.99651668105368,ATENCAO,48.8,38.00348331894632,43.40174165947316,42.32208999136779,44.48139332757853,41.24243832326243,45.56104499568389
46,193,25.401862689685284,71.20282829788002,63.0,50.4,74.59813731031471,28.797171702119982,31-75,53.3388755335184,55.758689264549886,51.04882725310868,53.20911008289667,53.468640984140144,53.20911008289667,RISCO,49.6,46.79088991710333,48.19544495855166,47.914533950262,48.476355966841325,47.633622941972334,48.757266975130996
46,194,27.4085826101266,86.77308132694986,62.0,49.6,72.5914173898734,13.226918673050136,31-75,49.22280895157205,51.52195069055939,46.254584015730885,49.89189214842587,48.55372575471823,49.89189214842587,RISCO,50.4,50.10810785157413,50.25405392578706,50.22486471094447,50.28324314062965,50.195675496101885,50.31243235547223
46,195,27.74864778816778,95.77214277327222,61.0,48.8,72.25135221183223,4.227857226727778,31-75,46.92097710889522,49.26611233007844,43.51980235964,47.97701663696722,45.86493758082322,47.97701663696722,RISCO,51.2,52.02298336303278,51.61149168151639,51.693790017819666,51.529193345213116,51.77608835412294,51.44689500890983
46,196,24.230392928432952,86.92910120860998,60.0,48.0,75.76960707156705,13.070898791390022,31-75,49.34506187974812,52.122022586904826,46.21012646573927,49.70303658660027,48.987087172895976,49.70303658660027,RISCO,52.0,50.29696341339973,51.14848170669987,50.97817804803984,51.31878536535989,50.80787438937981,51.48908902401992
46,197,43.66347454049838,96.29524175441216,59.0,47.199999999999996,56.33652545950162,3.70475824558784,31-75,41.24190928696805,42.15556183291822,38.610320926272365,42.95984510171358,39.52397347222253,42.95984510171358,RISCO,52.800000000000004,57.04015489828642,54.92007744914321,55.344092938971855,54.49606195931457,55.76810842880049,54.072046469485926
46,198,38.82900422834497,82.22799064945055,58.0,46.400000000000006,61.17099577165503,17.772009350549453,31-75,45.10570060160641,46.58280017877191,42.93575128055113,45.79855034549618,44.41285085771662,45.79855034549618,RISCO,53.599999999999994,54.20144965450382,53.900724827251906,53.96086979270229,53.84057986180153,54.02101475815267,53.78043489635114
46,199,48.37318721337043,81.39862704953464,57.0,45.6,51.62681278662957,18.60137295046536,31-75,42.00831842608194,42.6109997047449,40.35704643427373,43.0569091392272,40.95972771293669,43.0569091392272,RISCO,54.4,56.9430908607728,55.6715454303864,55.92585451646367,55.41723634430912,56.18016360254096,55.16292725823183
46,200,33.96824090834297,68.59118926522612,56.0,44.800000000000004,66.03175909165702,31.40881073477388,31-75,48.49128987445188,50.61446578361759,46.76014245660773,48.09926138313034,48.88331836577343,48.09926138313034,RISCO,55.199999999999996,51.90073861686966,53.550369308434824,53.2204431701218,53.880295446747866,52.890517031808756,54.21022158506089
46,201,11.759905488262902,28.348080742379345,55.0,44.0,88.2400945117371,71.65191925762065,31-75,62.80241220504526,67.22642165621897,61.97300344233943,59.20781151657737,66.39701289351315,59.20781151657737,RISCO,56.0,40.79218848342263,48.39609424171131,46.87531309005358,49.916875393369054,45.35453193839584,51.43765654502678
46,202,3.654236214951597,0.0,54.0,43.2,96.3457637850484,100.0,31-75,70.50372913551452,75.81830551401936,70.68644094626211,65.0064409462621,76.00101732476693,65.0064409462621,ATENCAO,56.8,34.9935590537379,45.89677952686895,43.71613543224274,48.07742362149516,41.53549133761653,50.25806771612137
46,203,19.142606477738564,0.0,53.0,42.4,80.85739352226143,100.0,31-75,65.45721805667843,69.30295740890458,66.41434838056536,60.65434838056535,70.2600877327915,60.65434838056535,ATENCAO,57.6,39.34565161943465,48.47282580971732,46.64739097166079,50.29826064777386,44.82195613360425,52.123695485830396
46,204,10.326757696517888,0.0,52.0,41.6,89.67324230348211,100.0,31-75,67.70197269104463,72.50929692139285,68.21831057587053,62.37831057587053,73.02563480621873,62.37831057587053,ATENCAO,58.4,37.62168942412947,48.01084471206474,45.933013654477676,50.088675769651786,43.85518259689063,52.166506827238834
46,205,8.040920505684285,0.0,51.0,40.8,91.95907949431572,100.0,31-75,67.9877238482947,73.10363179772628,68.38976987357893,62.469769873578926,73.5056778230105,62.469769873578926,ATENCAO,59.2,37.530230126421074,48.36511506321054,46.19813807585265,50.53209205056844,44.031161088494756,52.69906903792632
46,206,12.464137768206554,0.0,50.0,40.0,87.53586223179344,100.0,31-75,66.26075866953803,71.01434489271739,66.88396555794836,60.88396555794836,71.63755178112771,60.88396555794836,ATENCAO,60.0,39.11603444205164,49.55801722102582,47.469620665230984,51.64641377682066,45.38122410943615,53.734810332615496
46,207,0.0,0.0,49.0,39.2,100.0,100.0,31-75,69.6,75.68,69.6,63.52,75.68,63.52,ATENCAO,60.8,36.48,48.64,46.208,51.071999999999996,43.775999999999996,53.50399999999999
46,208,0.0,0.0,48.0,38.4,100.0,100.0,31-75,69.2,75.36,69.2,63.04,75.36,63.04,ATENCAO,61.6,36.96,49.28,46.816,51.744,44.352000000000004,54.208
46,209,5.266248005666378,0.0,47.0,37.6,94.73375199433362,100.0,31-75,67.22012559830009,72.93350079773344,67.48343799858341,61.2434379985834,73.19681319801677,61.2434379985834,ATENCAO,62.4,38.7565620014166,50.5782810007083,48.213937200849955,52.942624800566634,45.849593400991616,55.30696860042498
46,210,13.370307502987028,0.0,46.0,36.8,86.62969249701297,100.0,31-75,64.3889077491039,69.37187699880519,65.05742312425323,58.73742312425324,70.04039237395453,58.73742312425324,RISCO,63.2,41.26257687574676,52.23128843787338,50.03754612544806,54.4250307502987,47.84380381302273,56.61877306272403
46,211,21.94066544562179,4.220159734683664,45.0,36.0,78.05933455437821,95.77984026531634,31-75,60.57376841937673,64.77970187481455,61.45979370492364,55.481809678392,65.66572716036146,55.481809678392,RISCO,64.0,44.518190321608,54.259095160804,52.3109141929648,56.2072761286432,50.362733225125595,58.155457096482394
46,212,21.40782959269089,9.837482015081914,44.0,35.199999999999996,78.59217040730911,90.16251798491808,31-75,59.21015471917634,63.54937175990726,59.7886720980568,54.29242029956499,64.12788913878771,54.29242029956499,RISCO,64.80000000000001,45.70757970043501,55.253789850217515,53.34454782026101,57.163031880174,51.43530579030451,59.07227391013051
46,213,31.25223579998713,37.10582519972816,43.0,34.4,68.74776420001287,62.89417480027184,31-75,50.40316422005823,53.83794064005952,50.11048475007118,47.26106727004399,53.54526117007247,47.26106727004399,RISCO,65.6,52.73893272995601,59.16946636497801,57.883359637973605,60.4555730919824,56.5972529109692,61.741679818986796
46,214,40.722771533436855,60.89019659747614,42.0,33.6,59.277228466563145,39.10980340252386,31-75,42.40512922047372,44.972852067130034,41.39675796727175,40.84577762701936,43.96448081392806,40.84577762701936,RISCO,66.4,59.15422237298064,62.77711118649032,62.05253342378838,63.50168894919226,61.32795566108645,64.2262667118942
46,215,39.96877034577992,75.69089971338015,41.0,32.800000000000004,60.03122965422008,24.30910028661985,31-75,39.27118895359,41.994311919012006,37.48508248520999,38.334172456548,40.20820545063199,38.334172456548,RISCO,67.19999999999999,61.665827543452,64.43291377172599,63.87949652607119,64.98633101738079,63.326079280416394,65.53974826303559
46,216,42.79661016949153,91.48472838369634,40.0,32.0,57.20338983050847,8.515271616303664,31-75,34.86407127241327,37.38441025546412,32.42966536170303,34.77813820007267,34.95000434475388,34.77813820007267,RISCO,68.0,65.22186179992732,66.61093089996366,66.3331170799564,66.88874471997093,66.05530325994911,67.16655853997818
46,217,50.06424927742128,97.2774408914158,39.0,31.2,49.93575072257872,2.722559108584207,31-75,31.125237038490457,32.99881211074833,28.76457745779073,31.61232154693231,30.6381525300486,31.61232154693231,RISCO,68.8,68.38767845306769,68.59383922653385,68.55260707184061,68.63507138122708,68.51137491714738,68.67630353592031
46,218,50.30586526080568,100.0,38.0,30.4,49.69413473919432,0.0,31-75,30.108240421758296,32.03765389567773,27.62353368479858,30.66353368479858,29.55294715871801,30.66353368479858,RISCO,69.6,69.33646631520142,69.46823315760071,69.44187978912085,69.49458652608057,69.41552642064099,69.52093989456041
46,219,50.42708516142311,100.0,37.0,29.599999999999998,49.57291483857689,0.0,31-75,29.671874451573068,31.66916593543076,27.193228709644224,30.15322870964422,29.19052019350191,30.15322870964422,RISCO,70.4,69.84677129035578,70.12338564517789,70.06806277421347,70.17870851614231,70.01273990324904,70.23403138710674
46,220,50.42575896369488,100.0,36.0,28.799999999999997,49.57424103630512,0.0,31-75,29.27227231089153,31.349696414522047,26.79356025907628,29.673560259076275,28.87098436270679,29.673560259076275,CRITICO,71.2,70.32643974092372,70.76321987046185,70.67586384455424,70.85057589636949,70.5885078186466,70.93793192227712
46,221,50.53391805185394,100.0,35.0,28.000000000000004,49.46608194814606,0.0,31-75,28.83982458444381,30.98643277925843,26.36652048703652,29.166520487036514,28.513128681851125,29.166520487036514,CRITICO,72.0,70.83347951296349,71.41673975648175,71.30008770777809,71.5333918051854,71.18343565907443,71.65004385388904
46,222,50.4547729981834,100.0,34.0,27.200000000000003,49.5452270018166,0.0,31-75,28.463568100544983,30.698090800726643,25.98630675045415,28.70630675045415,28.22082945063581,28.70630675045415,CRITICO,72.8,71.29369324954585,72.04684662477293,71.8962159497275,72.19747729981835,71.7455852746821,72.34810797486375
46,223,50.21620003189771,91.50631260702258,33.0,26.400000000000002,49.78379996810229,8.49368739297742,31-75,29.83387746902617,32.1722574658364,27.76937184026993,29.560003100972185,30.107751837080155,29.560003100972185,CRITICO,73.6,70.43999689902782,72.0199984495139,71.70399813941668,72.33599875961113,71.38799782931946,72.65199906970834
46,224,50.08433116798098,53.40531910675785,32.0,25.6,49.91566883201902,46.59468089324215,31-75,37.09363682825413,39.52520371145605,36.927587431315295,34.82811934199108,39.3591543145172,34.82811934199108,RISCO,74.4,65.17188065800892,69.78594032900446,68.86312839480536,70.70875226320356,67.94031646060624,71.63156419740267
46,225,50.30427669731501,27.44496165916589,31.0,24.8,49.69572330268499,72.5550383408341,31-75,41.81972465897232,44.30929698924082,42.96269041087977,38.18718657679636,45.452262741148274,38.18718657679636,RISCO,75.2,61.81281342320364,68.50640671160183,67.16768805392219,69.84512536928145,65.82896939624254,71.1838440269611
46,226,50.10832193587369,0.0,30.0,24.0,49.89167806412631,100.0,0-30,46.96750341923789,49.556671225650526,49.47291951603158,41.87291951603157,52.06208732244421,41.87291951603157,RISCO,76.0,58.12708048396843,67.06354024198421,65.27624829038106,68.85083219358737,63.488956338777896,70.63812414519052
46,227,50.31481443456087,0.0,29.0,23.200000000000003,49.68518556543913,100.0,0-30,46.50555566963174,49.15407422617565,49.02129639135978,41.34129639135978,51.669814947903696,41.34129639135978,RISCO,76.8,58.65870360864022,67.7293518043201,65.91522216518413,69.54348144345609,64.10109252604815,71.35761108259206
46,228,50.38770794540897,0.0,28.0,22.400000000000002,49.61229205459103,100.0,0-30,46.08368761637731,48.804916821836414,48.60307301364776,40.84307301364776,51.32430221910686,40.84307301364776,RISCO,77.6,59.15692698635224,68.37846349317611,66.53415619181135,70.22277079454089,64.68984889044657,72.06707809590566
46,229,50.48557303571203,0.0,27.0,21.6,49.51442696428797,100.0,0-30,45.6543280892864,48.44577078571519,48.178606741072,40.33860674107199,50.97004943750079,40.33860674107199,RISCO,78.4,59.66139325892801,69.030696629464,67.15683595535681,70.90455730357121,65.2829752812496,72.7784179776784
46,230,50.63729920935327,20.16319335623377,26.0,20.8,49.36270079064673,79.83680664376624,0-30,41.176171565947264,44.03244164501194,42.69987685860324,36.79619619422662,45.55614693766791,36.79619619422662,RISCO,79.2,63.20380380577338,71.20190190288669,69.60228228346404,72.80152152230936,68.00266266404137,74.40114114173201
46,231,50.73234745993903,64.20379512421374,25.0,20.0,49.26765254006097,35.79620487578626,0-30,31.939536737175544,34.86630199118164,31.26596435396181,29.68634386638318,34.192729607967905,29.68634386638318,CRITICO,80.0,70.31365613361682,75.1568280668084,74.18819368017009,76.12546245344673,73.21955929353177,77.09409684008504
46,232,50.72733111171017,97.55863800398876,24.0,19.2,49.27266888828983,2.4413619960112385,0-30,24.8700730656892,27.87733995451818,22.528507721075265,24.204371521474144,25.535774609904248,24.204371521474144,CRITICO,80.8,75.79562847852586,78.29781423926292,77.7973770871155,78.79825139141033,77.2969399349681,79.29868854355774
46,233,50.806759286244045,100.0,23.0,18.4,49.19324071375596,0.0,0-30,23.957972214126784,27.037296285502386,21.498310178438988,23.338310178438988,24.577634249814583,23.338310178438988,CRITICO,81.6,76.66168982156101,79.1308449107805,78.63701389293661,79.6246759286244,78.1431828750927,80.1185069464683
46,234,51.00471452010126,100.0,22.0,17.599999999999998,48.99528547989874,0.0,0-30,23.49858564396962,26.63811419195949,21.04882136997468,22.808821369974684,24.18834991796456,22.808821369974684,CRITICO,82.4,77.19117863002532,79.79558931501266,79.27470717801519,80.31647145201013,78.75382504101772,80.83735358900759
46,235,51.19520377164333,100.0,21.0,16.8,48.80479622835667,0.0,0-30,23.041438868507,26.24191849134268,20.60119905708917,22.281199057089168,23.80167867992484,22.281199057089168,CRITICO,83.2,77.71880094291083,80.45940047145541,79.9112805657465,81.00752037716434,79.36316066003758,81.55564028287324
46,236,51.20002028550342,100.0,20.0,16.0,48.79997971449658,0.0,0-30,22.63999391434897,25.91999188579863,20.199994928624143,21.799994928624145,23.479992900073803,21.799994928624145,CRITICO,84.0,78.20000507137586,81.10000253568793,80.52000304282552,81.68000202855035,79.9400035499631,82.26000152141276
46,237,51.30582633062261,100.0,19.0,15.2,48.69417366937739,0.0,0-30,22.20825210081322,25.557669467750955,19.77354341734435,21.293543417344345,23.122960784282085,21.293543417344345,CRITICO,84.8,78.70645658265565,81.75322829132782,81.1438739495934,82.36258263306226,80.53451960785895,82.97193697479669
46,238,51.37159977750361,100.0,18.0,14.399999999999999,48.62840022249639,0.0,0-30,21.78852006674892,25.21136008899856,19.35710005562409,20.797100055624096,22.77994007787373,20.797100055624096,CRITICO,85.6,79.2028999443759,82.40144997218795,81.76173996662554,83.04115997775035,81.12202996106312,83.68086998331276
46,239,51.449238755904936,100.0,17.0,13.600000000000001,48.55076124409506,0.0,0-30,21.36522837322852,24.86030449763803,18.937690311023765,20.297690311023764,22.43276643543328,20.297690311023764,CRITICO,86.4,79.70230968897624,83.05115484448812,82.38138581338575,83.7209238755905,81.71161678228337,84.39069290669286
46,240,51.60796578472871,100.0,16.0,12.8,48.39203421527129,0.0,0-30,20.917610264581384,24.47681368610852,18.498008553817822,19.77800855381782,22.057211975344952,19.77800855381782,CRITICO,87.2,80.22199144618219,83.71099572309109,83.01319486770932,84.40879657847287,82.31539401232753,85.10659743385466
46,241,51.43065921533994,100.0,15.0,12.0,48.56934078466006,0.0,0-30,20.57080223539802,24.22773631386403,18.14233519616501,19.342335196165017,21.799269274631023,19.342335196165017,CRITICO,88.0,80.65766480383499,84.3288324019175,83.594598882301,85.06306592153399,82.86036536268449,85.79729944115049
46,242,51.69372107193952,100.0,14.0,11.200000000000001,48.30627892806048,0.0,0-30,20.091883678418142,23.8025115712242,17.67656973201512,18.79656973201512,21.38719762482117,18.79656973201512,CRITICO,88.8,81.20343026798488,85.00171513399243,84.24205816079093,85.76137210719395,83.48240118758942,86.52102908039546
46,243,51.9558074387976,100.0,13.0,10.4,48.0441925612024,0.0,0-30,19.61325776836072,23.377677024480963,17.2110481403006,18.2510481403006,20.97546739642084,18.2510481403006,CRITICO,89.6,81.7489518596994,85.6744759298497,84.88937111581964,86.45958074387977,84.10426630178958,87.2446855579098
46,244,51.90758961417136,100.0,12.0,9.6,48.09241038582864,0.0,0-30,19.227723115748592,23.07696415433146,16.82310259645716,17.783102596457162,20.672343635040026,17.783102596457162,CRITICO,90.4,82.21689740354284,86.30844870177143,85.49013844212571,87.12675896141714,84.67182818247998,87.94506922106285
46,245,52.08979438736858,100.0,11.0,8.799999999999999,47.91020561263142,0.0,0-30,18.773061683789425,22.68408224505257,16.377551403157856,17.257551403157855,20.288571964421,17.257551403157855,CRITICO,91.2,82.74244859684214,86.97122429842108,86.12546915810529,87.81697943873687,85.2797140177895,88.66273457905264
46,246,52.47143918240927,100.0,10.0,8.0,47.52856081759073,0.0,0-30,18.258568245277218,22.21142432703629,15.882140204397682,16.682140204397683,19.834996286156755,16.682140204397683,CRITICO,92.0,83.31785979560232,87.65892989780116,86.7907158773614,88.52714391824092,85.92250185692161,89.39535793868069
46,247,52.65535172788173,100.0,9.0,7.199999999999999,47.34464827211827,0.0,0-30,17.80339448163548,21.817859308847307,15.436162068029567,16.156162068029566,19.450626895241392,16.156162068029566,CRITICO,92.8,83.84383793197043,88.32191896598522,87.42630275918225,89.21753517278817,86.5306865523793,90.11315137959112
46,248,52.94456607595833,100.0,8.0,6.4,47.05543392404167,0.0,0-30,17.316630177212502,21.38217356961667,14.96385848101042,15.603858481010418,19.029401873414585,15.603858481010418,CRITICO,93.6,84.39614151898958,88.9980707594948,88.07768491139375,89.91845660759583,87.1572990632927,90.83884245569686
46,249,53.35031552585556,100.0,7.0,5.6000000000000005,46.64968447414444,0.0,0-30,16.794905342243332,20.89987378965777,14.462421118536112,15.022421118536112,18.56738956595056,15.022421118536112,CRITICO,94.4,84.97757888146388,89.68878944073194,88.74654732887834,90.63103155258555,87.8043052170247,91.57327366443917
46,250,53.74841432625798,100.0,6.0,4.8,46.25158567374202,0.0,0-30,16.275475702122606,20.42063426949681,13.962896418435506,14.442896418435506,18.10805498580971,14.442896418435506,CRITICO,95.2,85.55710358156449,90.37855179078224,89.41426214893869,91.34284143262579,88.44997250709514,92.30713107446934
46,251,54.13051679788226,100.0,5.0,4.0,45.86948320211774,0.0,0-30,15.760844960635325,19.947793280847097,13.467370800529435,13.867370800529436,17.65431912074121,13.867370800529436,CRITICO,96.0,86.13262919947056,91.06631459973528,90.07957751968235,92.05305167978821,89.09284043962938,93.03978875984116
46,252,54.48934322213911,100.0,4.0,3.2,45.51065677786089,0.0,0-30,15.253197033358266,19.48426271114436,12.977664194465222,13.297664194465222,17.20872987225131,13.297664194465222,CRITICO,96.8,86.70233580553477,91.75116790276738,90.74140148332086,92.7609343222139,89.73163506387434,93.77070074166042
46,253,55.4583818525504,100.0,3.0,2.4,44.5416181474496,0.0,0-30,14.56248544423488,18.77664725897984,12.3354045368624,12.5754045368624,16.549566351607357,12.5754045368624,CRITICO,97.6,87.42459546313759,92.5122977315688,91.49475727788256,93.52983818525503,90.4772168241963,94.54737863894127
46,254,56.15287360502465,100.0,2.0,1.6,43.84712639497535,0.0,0-30,13.954137918492604,18.178850557990145,11.761781598743838,11.921781598743838,15.986494238241372,11.921781598743838,CRITICO,98.4,88.07821840125617,93.23910920062809,92.2069310407537,94.27128736050247,91.17475288087931,95.30346552037685
46,255,56.504684273000905,100.0,1.0,0.8,43.495315726999095,0.0,0-30,13.448594718099727,17.71812629079964,11.273828931749774,11.353828931749774,15.543360504449682,11.353828931749774,CRITICO,99.2,88.64617106825023,93.92308553412511,92.86770264095014,94.97846842730009,91.81231974777515,96.03385132047507
46,256,57.64805297846149,100.0,0.0,0.0,42.35194702153851,0.0,0-30,12.705584106461552,16.940778808615402,10.587986755384629,10.587986755384629,14.823181457538476,10.587986755384629,CRITICO,100.0,89.41201324461537,94.70600662230768,93.64720794676921,95.76480529784615,92.58840927123074,96.8236039733846
54,39,0.0,0.431957410250049,218.0,100.0,100.0,99.56804258974996,RUL > 125,99.91360851795,99.91360851795,99.89201064743747,99.93520638846248,99.89201064743747,99.93520638846248,SAUDAVEL,0.0,0.0647936115375245,0.03239680576876225,0.0388761669225147,0.0259174446150098,0.045355528076267144,0.01943808346125735
54,40,0.0,0.0824788541732103,217.0,100.0,100.0,99.9175211458268,RUL > 125,99.98350422916536,99.98350422916536,99.9793802864567,99.98762817187402,99.9793802864567,99.98762817187402,SAUDAVEL,0.0,0.012371828125978368,0.006185914062989184,0.00742309687558702,0.004948731250391348,0.008660279688184856,0.00371154843779351
54,41,7.495899542823628,7.627891383102272,216.0,100.0,92.50410045717638,92.37210861689772,RUL > 125,96.22565186053248,95.4760619062501,96.21905226851852,96.98184140682876,95.46946231423615,96.98184140682876,SAUDAVEL,0.0,3.0181585931712362,1.5090792965856181,1.8108951559027417,1.2072634372684945,2.1127110152198654,0.9054475779513709
54,42,12.905618833663643,20.90369641570713,215.0,100.0,87.09438116633636,79.09630358429287,RUL > 125,91.94757506675948,90.65701318339312,91.5476711876573,93.63804082922802,90.25710930429094,93.63804082922802,SAUDAVEL,0.0,6.361959170771982,3.180979585385991,3.817175502463189,2.544783668308793,4.453371419540387,1.9085877512315945
54,43,24.029305077591182,33.64190178565661,214.0,100.0,75.97069492240882,66.35809821434339,RUL > 125,86.06282811959133,83.6598976118322,85.58219828418805,88.94638846275372,83.17926777642893,88.94638846275372,SAUDAVEL,0.0,11.053611537246283,5.5268057686231415,6.6321669223477695,4.421444614898514,7.7375280760723975,3.3160834611738847
54,44,26.91800337695232,48.543013564702186,213.0,100.0,73.08199662304767,51.45698643529781,RUL > 125,82.21599627397387,79.52419593627863,81.13474576458637,85.98904712105659,78.44294542689114,85.98904712105659,SAUDAVEL,0.0,14.010952878943414,7.005476439471707,8.406571727366048,5.604381151577366,9.807667015260389,4.203285863683024
54,45,16.886594858733215,52.29240804481524,212.0,100.0,83.11340514126678,47.70759195518476,RUL > 125,84.475539933417,82.78688044754367,82.70524927411287,87.93449007859441,81.01658978823956,87.93449007859441,SAUDAVEL,0.0,12.065509921405592,6.032754960702796,7.239305952843355,4.826203968562237,8.445856944983914,3.6196529764216776
54,46,8.995562384185567,47.85926332205095,211.0,100.0,91.00443761581444,52.14073667794905,RUL > 125,87.72947862033415,86.8299223819156,85.78629357344087,90.57221990564597,84.88673733502232,90.57221990564597,SAUDAVEL,0.0,9.427780094354034,4.713890047177017,5.65666805661242,3.771112037741614,6.599446066047824,2.82833402830621
54,47,14.760125490981698,46.88904338560375,210.0,100.0,85.2398745090183,53.11095661439625,RUL > 125,86.19415367558474,84.71814112648657,84.58770778085363,89.27661211941401,83.11169523175546,89.27661211941401,SAUDAVEL,0.0,10.723387880585989,5.361693940292994,6.4340327283515935,4.289355152234395,7.506371516410192,3.2170163641757967
54,48,28.40244042040191,44.34793216737289,209.0,100.0,71.59755957959808,55.65206783262711,RUL > 125,82.60968144040484,79.76943739836466,81.81240685305629,86.24720006979358,78.9721628110161,86.24720006979358,SAUDAVEL,0.0,13.752799930206422,6.876399965103211,8.251679958123853,5.501119972082569,9.626959951144494,4.125839979061927
54,49,31.49001312861749,44.51439106668296,208.0,100.0,68.50998687138251,55.48560893331704,RUL > 125,81.65011784807815,78.50111653521641,80.9988989511749,85.45033805784318,77.84989763831314,85.45033805784318,SAUDAVEL,0.0,14.549661942156817,7.2748309710784085,8.72979716529409,5.819864776862727,10.184763359509772,4.364898582647045
54,50,20.631470405162723,21.697003271616413,207.0,100.0,79.36852959483727,78.30299672838359,RUL > 125,89.47115822412789,87.40801118361162,89.41788158080521,91.58758190796684,87.35473454028894,91.58758190796684,SAUDAVEL,0.0,8.412418092033164,4.206209046016582,5.047450855219898,3.364967236813266,5.888692664423214,2.523725427609949
54,51,17.59391254265902,7.722858499765647,206.0,100.0,82.40608745734099,92.27714150023436,RUL > 125,93.17725453724915,91.41786328298328,93.67080723939382,94.4430930893704,91.91141598512792,94.4430930893704,SAUDAVEL,0.0,5.556906910629607,2.7784534553148035,3.334144146377764,2.222762764251843,3.889834837440725,1.667072073188882
54,52,15.404751343268645,0.0,205.0,100.0,84.59524865673136,100.0,RUL > 125,95.3785745970194,93.83809946269255,96.14881216418284,96.14881216418284,94.60833702985596,96.14881216418284,SAUDAVEL,0.0,3.851187835817157,1.9255939179085786,2.3107127014902944,1.540475134326863,2.6958314850720098,1.1553563507451472
54,53,20.336076510864228,0.0,204.0,100.0,79.66392348913577,100.0,RUL > 125,93.89917704674072,91.8655693956543,94.91598087228394,94.91598087228394,92.88237322119753,94.91598087228394,SAUDAVEL,0.0,5.084019127716061,2.5420095638580307,3.0504114766296366,2.0336076510864247,3.5588133894012426,1.5252057383148183
54,54,14.461556760701452,1.5138243629569423,203.0,100.0,85.53844323929854,98.48617563704306,RUL > 125,95.3587680991982,93.91261242312804,96.0061547190854,96.15753715538108,94.55999904301524,96.15753715538108,SAUDAVEL,0.0,3.8424628446189217,1.9212314223094609,2.3054777067713528,1.5369851378475687,2.689723991233245,1.1527388533856764
54,55,24.07728534531485,3.8898175725076056,202.0,100.0,75.92271465468515,96.1101824274924,RUL > 125,91.99885088190402,89.59112234737253,93.0082242705444,93.39720602779514,90.6004957360129,93.39720602779514,SAUDAVEL,0.0,6.602793972204864,3.301396986102432,3.9616763833229185,2.641117588881946,4.621955780543405,1.9808381916614592
54,56,13.983028489457702,0.0,201.0,100.0,86.0169715105423,100.0,RUL > 125,95.80509145316267,94.40678860421691,96.50424287763558,96.50424287763558,95.1059400286898,96.50424287763558,SAUDAVEL,0.0,3.4957571223644237,1.7478785611822119,2.0974542734186543,1.3983028489457696,2.4470299856550963,1.0487271367093272
54,57,16.165728226885363,0.0,200.0,100.0,83.83427177311464,100.0,RUL > 125,95.15028153193438,93.53370870924586,95.95856794327868,95.95856794327868,94.34199512059013,95.95856794327868,SAUDAVEL,0.0,4.0414320567213196,2.0207160283606598,2.4248592340327915,1.6165728226885279,2.8290024397049236,1.2124296170163957
54,58,19.36927188043297,0.0,199.0,100.0,80.63072811956704,100.0,RUL > 125,94.18921843587012,92.25229124782682,95.15768202989176,95.15768202989176,93.22075484184846,95.15768202989176,SAUDAVEL,0.0,4.84231797010824,2.42115898505412,2.905390782064944,1.9369271880432963,3.389622579075768,1.452695391032472
54,59,7.13658412689322,0.0,198.0,100.0,92.86341587310676,100.0,RUL > 125,97.85902476193203,97.14536634924272,98.21585396827668,98.21585396827668,97.50219555558738,98.21585396827668,SAUDAVEL,0.0,1.7841460317233242,0.8920730158616621,1.0704876190339945,0.7136584126893297,1.2489022222063269,0.5352438095169972
54,60,11.91511472336896,0.0,197.0,100.0,88.08488527663104,100.0,RUL > 125,96.42546558298932,95.23395411065242,97.02122131915776,97.02122131915776,95.82970984682086,97.02122131915776,SAUDAVEL,0.0,2.9787786808422396,1.4893893404211198,1.7872672085053438,1.1915114723368958,2.085145076589568,0.8936336042526719
54,61,15.324709703729692,0.0,196.0,100.0,84.6752902962703,100.0,RUL > 125,95.40258708888108,93.87011611850812,96.16882257406758,96.16882257406758,94.6363516036946,96.16882257406758,SAUDAVEL,0.0,3.831177425932424,1.915588712966212,2.2987064555594543,1.5324709703729695,2.6818241981526967,1.1493532277797271
54,62,10.65787967461056,0.0,195.0,100.0,89.34212032538944,100.0,RUL > 125,96.80263609761684,95.73684813015578,97.33553008134736,97.33553008134736,96.26974211388632,97.33553008134736,SAUDAVEL,0.0,2.6644699186526424,1.3322349593263212,1.5986819511915853,1.065787967461057,1.8651289430568496,0.7993409755957926
54,63,18.605835616830387,0.0,194.0,100.0,81.39416438316961,100.0,RUL > 125,94.41824931495088,92.55766575326786,95.3485410957924,95.3485410957924,93.48795753410936,95.3485410957924,SAUDAVEL,0.0,4.651458904207601,2.3257294521038006,2.7908753425245605,1.8605835616830406,3.2560212329453204,1.3954376712622802
54,64,35.65761137861217,9.670910472294109,193.0,100.0,64.34238862138784,90.32908952770588,RUL > 125,87.36853449195753,83.80277335409632,88.66786953727343,89.63496058450285,85.10210839941222,89.63496058450285,SAUDAVEL,0.0,10.36503941549715,5.182519707748575,6.219023649298291,4.14601576619886,7.255527590848005,3.1095118246491453
54,65,28.796969686129408,26.93990513048928,192.0,100.0,71.20303031387058,73.06009486951072,RUL > 125,85.97292806806331,83.09323109945038,86.06578129584534,88.75977180889426,83.18608432723238,88.75977180889426,SAUDAVEL,0.0,11.240228191105743,5.6201140955528714,6.744136914663446,4.496091276442297,7.86815973377402,3.372068457331723
54,66,31.215971124196017,34.64555733902208,191.0,100.0,68.78402887580398,65.35444266097792,RUL > 125,83.70609719493677,80.58450008251718,83.53461788419548,86.99917361809769,80.41302077177588,86.99917361809769,SAUDAVEL,0.0,13.000826381902314,6.500413190951157,7.800495829141388,5.200330552760926,9.10057846733162,3.900247914570694
54,67,33.08675440542028,42.96943811188189,190.0,100.0,66.91324559457972,57.03056188811811,RUL > 125,81.48008605599753,78.1714106154555,80.98595187067446,85.28289568186266,77.67727643013242,85.28289568186266,SAUDAVEL,0.0,14.717104318137345,7.358552159068672,8.830262590882407,5.8868417272549385,10.30197302269614,4.415131295441204
54,68,40.75443046125451,58.114812940082274,189.0,100.0,59.24556953874549,41.885187059917726,RUL > 125,76.1507082736072,72.07526522748175,75.2826891496658,81.09417044367403,71.20724610354036,81.09417044367403,SAUDAVEL,0.0,18.90582955632597,9.452914778162985,11.343497733795582,7.562331822530388,13.234080689428177,5.671748866897791
54,69,37.76319837448394,53.47073030782461,188.0,100.0,62.23680162551606,46.52926969217539,RUL > 125,77.9768944260899,74.2005745886415,77.19151782942286,82.53859086020533,73.41519799197447,82.53859086020533,SAUDAVEL,0.0,17.461409139794668,8.730704569897334,10.4768454838768,6.984563655917867,12.222986397856268,5.2384227419384
54,70,50.06832845301794,63.66143410839913,187.0,100.0,49.93167154698206,36.33856589160087,RUL > 125,72.2472146424148,67.240381797113,71.56755935964573,77.93370277048564,66.56072651434394,77.93370277048564,ATENCAO,0.0,22.066297229514362,11.033148614757181,13.239778337708616,8.826518891805746,15.446408060660053,6.619889168854308
54,71,38.82332529637765,54.24126801767485,186.0,100.0,61.17667470362235,45.75873198232515,RUL > 125,77.50474880755174,73.62241627791397,76.73385167148687,82.15797847325436,72.85151914184911,82.15797847325436,SAUDAVEL,0.0,17.84202152674564,8.92101076337282,10.705212916047383,7.136808610698257,12.489415068721947,5.352606458023692
54,72,33.42990498744378,30.59086437455576,185.0,100.0,66.57009501255622,69.40913562544424,RUL > 125,83.8528556288557,80.50986513011134,83.99480765950011,87.0538940969557,80.65181716075574,87.0538940969557,SAUDAVEL,0.0,12.946105903044298,6.473052951522149,7.767663541826579,5.178442361217719,9.062274132131009,3.8838317709132895
54,73,23.021205221397874,1.922165634843188,184.0,100.0,76.97879477860212,98.07783436515682,RUL > 125,92.709205306612,90.40708478447222,93.76415728593976,93.95637384942404,91.46203676379994,93.95637384942404,SAUDAVEL,0.0,6.04362615057596,3.02181307528798,3.626175690345576,2.417450460230384,4.230538305403172,1.813087845172788
54,74,24.26665760422406,0.0,183.0,100.0,75.73334239577594,100.0,RUL > 125,92.7200027187328,90.29333695831038,93.93333559894398,93.93333559894398,91.50666983852156,93.93333559894398,SAUDAVEL,0.0,6.066664401056016,3.033332200528008,3.6399986406336096,2.4266657604224067,4.246665080739211,1.8199993203168048
54,75,21.33829621309139,0.0,182.0,100.0,78.66170378690862,100.0,RUL > 125,93.5985111360726,91.46468151476344,94.66542594672715,94.66542594672715,92.531596325418,94.66542594672715,SAUDAVEL,0.0,5.334574053272846,2.667287026636423,3.2007444319637073,2.1338296213091383,3.7342018372909918,1.6003722159818536
54,76,23.921137074214226,0.0,181.0,100.0,76.07886292578577,100.0,RUL > 125,92.82365887773574,90.43154517031432,94.01971573144644,94.01971573144644,91.62760202402502,94.01971573144644,SAUDAVEL,0.0,5.980284268553561,2.9901421342767804,3.5881705611321366,2.3921137074214243,4.186198987987493,1.7940852805660683
54,77,15.692454085611455,0.0,180.0,100.0,84.30754591438854,100.0,RUL > 125,95.29226377431657,93.72301836575542,96.07688647859712,96.07688647859712,94.507641070036,96.07688647859712,SAUDAVEL,0.0,3.9231135214028825,1.9615567607014412,2.3538681128417296,1.5692454085611531,2.7461794649820175,1.1769340564208648
54,78,8.427177311459449,0.0,179.0,100.0,91.57282268854055,100.0,RUL > 125,97.47184680656216,96.62912907541622,97.89320567213514,97.89320567213514,97.0504879409892,97.89320567213514,SAUDAVEL,0.0,2.1067943278648613,1.0533971639324307,1.2640765967189167,0.8427177311459446,1.4747560295054027,0.6320382983594584
54,79,11.752035472308265,0.0,178.0,100.0,88.24796452769174,100.0,RUL > 125,96.47438935830752,95.2991858110767,97.06199113192294,97.06199113192294,95.8867875846921,97.06199113192294,SAUDAVEL,0.0,2.9380088680770626,1.4690044340385313,1.7628053208462375,1.175203547230825,2.0566062076539438,0.8814026604231188
54,80,18.640043356633345,0.0,177.0,100.0,81.35995664336666,100.0,RUL > 125,94.40798699301,92.54398265734667,95.33998916084168,95.33998916084168,93.47598482517832,95.33998916084168,SAUDAVEL,0.0,4.660010839158318,2.330005419579159,2.7960065034949904,1.8640043356633271,3.2620075874108223,1.3980032517474952
54,81,40.484211674810936,0.0,176.0,100.0,59.51578832518906,100.0,RUL > 125,87.85473649755671,83.80631533007562,89.87894708129727,89.87894708129727,85.83052591381617,89.87894708129727,SAUDAVEL,0.0,10.12105291870273,5.060526459351365,6.072631751221638,4.048421167481092,7.084737043091911,3.036315875610819
54,82,39.82465067861005,19.921835209074207,175.0,100.0,60.17534932138995,80.0781647909258,RUL > 125,84.06823775460215,80.08577268674115,85.06337852807894,87.05556204898636,81.08091346021794,87.05556204898636,SAUDAVEL,0.0,12.94443795101364,6.47221897550682,7.766662770608184,5.177775180405456,9.061106565709547,3.883331385304092
54,83,30.96969775561456,27.40398759411796,174.0,100.0,69.03030224438544,72.59601240588204,RUL > 125,85.22829315449204,82.13132337893059,85.40657866256687,88.14697742197866,82.30960888700541,88.14697742197866,SAUDAVEL,0.0,11.853022578021339,5.926511289010669,7.111813546812803,4.741209031208536,8.297115804614936,3.5559067734064014
54,84,24.43751743923988,28.97727038358393,173.0,100.0,75.56248256076012,71.02272961641607,RUL > 125,86.87329069151126,84.42953894758726,86.64630304429406,89.54403008265244,84.20255130037006,89.54403008265244,SAUDAVEL,0.0,10.45596991734756,5.22798495867378,6.273581950408535,4.182387966939024,7.319178942143291,3.1367909752042675
54,85,17.236900000715455,21.11761504492061,172.0,100.0,82.76309999928455,78.88238495507939,RUL > 125,90.60540699080124,88.88171699072971,90.411371238591,92.52313274308304,88.68768123851943,92.52313274308304,SAUDAVEL,0.0,7.476867256916961,3.7384336284584805,4.486120354150176,2.9907469027667846,5.233807079841872,2.243060177075088
54,86,24.79971703715363,23.40013149766837,171.0,100.0,75.20028296284637,76.59986850233163,RUL > 125,87.88005858932024,85.40008688560488,87.9500378662945,90.29005101606134,85.47006616257913,90.29005101606134,SAUDAVEL,0.0,9.70994898393866,4.85497449196933,5.825969390363196,3.883979593575464,6.796964288757061,2.912984695181598
54,87,35.409437580041654,25.994124496282502,170.0,100.0,64.59056241995835,74.0058755037175,RUL > 125,84.17834382673101,80.63740006872685,84.64910948091897,87.24852193054721,81.10816572291479,87.24852193054721,SAUDAVEL,0.0,12.751478069452787,6.375739034726394,7.650886841671672,5.100591227781115,8.92603464861695,3.825443420835836
54,88,46.257986277553975,26.48418861130793,169.0,100.0,53.742013722446025,73.51581138869207,RUL > 125,80.82576639447223,76.19996776671682,81.81445627778453,84.46287513891531,77.18865765002911,84.46287513891531,SAUDAVEL,0.0,15.537124861084692,7.768562430542346,9.322274916650814,6.214849944433877,10.875987402759284,4.661137458325407
54,89,50.07948831110822,32.274041707713195,168.0,100.0,49.92051168889178,67.7259582922868,RUL > 125,78.5213451651249,73.51339633401408,79.41161749529465,82.63902166606597,74.40366866418383,82.63902166606597,SAUDAVEL,0.0,17.36097833393403,8.680489166967014,10.416587000360417,6.944391333573612,12.152684833753819,5.208293500180209
54,90,47.706203361212246,28.875033430161643,167.0,100.0,52.29379663878776,71.12496656983836,RUL > 125,79.913132305604,75.14251196948277,80.85469080215653,83.74219414517269,76.0840704660353,83.74219414517269,SAUDAVEL,0.0,16.25780585482731,8.128902927413655,9.754683512896387,6.503122341930925,11.380464098379116,4.877341756448193
54,91,37.31373550307291,34.06236306250886,166.0,100.0,62.68626449692709,65.93763693749113,RUL > 125,81.99340673657636,78.26203318626906,82.15597535860456,85.56221166485544,78.42460180829727,85.56221166485544,SAUDAVEL,0.0,14.43778833514456,7.21889416757228,8.662673001086736,5.7751153340578245,10.106451834601192,4.331336500543368
54,92,30.69775740318088,33.3920390559226,165.0,100.0,69.30224259681913,66.6079609440774,RUL > 125,84.11226496786122,81.04248922754314,83.97755088522413,87.3167547908164,80.90777514490605,87.3167547908164,SAUDAVEL,0.0,12.683245209183596,6.341622604591798,7.609947125510157,5.073298083673439,8.878271646428516,3.8049735627550785
54,93,21.678093095134184,17.187895686625183,164.0,100.0,78.32190690486581,82.81210431337482,RUL > 125,90.05899293413471,87.89118362462129,90.28350280456016,92.00229237322267,88.11569349504674,92.00229237322267,SAUDAVEL,0.0,7.997707626777327,3.9988538133886635,4.798624576066396,3.199083050710931,5.598395338744129,2.399312288033198
54,94,1.899759249057392,0.0,163.0,100.0,98.1002407509426,100.0,RUL > 125,99.43007222528276,99.24009630037705,99.52506018773563,99.52506018773563,99.33508426282992,99.52506018773563,SAUDAVEL,0.0,0.4749398122643669,0.23746990613218344,0.2849638873586201,0.18997592490574677,0.33245786858505677,0.14248194367931005
54,95,4.8492265920684,0.0,162.0,100.0,95.1507734079316,100.0,RUL > 125,98.54523202237948,98.06030936317264,98.7876933519829,98.7876933519829,98.30277069277604,98.7876933519829,SAUDAVEL,0.0,1.2123066480171047,0.6061533240085524,0.7273839888102628,0.4849226592068419,0.8486146536119733,0.3636919944051314
54,96,7.24063825829394,0.0,161.0,100.0,92.75936174170606,100.0,RUL > 125,97.82780852251182,97.10374469668244,98.18984043542652,98.18984043542652,97.46577660959711,98.18984043542652,SAUDAVEL,0.0,1.8101595645734818,0.9050797822867409,1.086095738744089,0.7240638258293928,1.2671116952014372,0.5430478693720445
54,97,3.9939883809945926,0.0,160.0,100.0,96.0060116190054,100.0,RUL > 125,98.8018034857016,98.40240464760215,99.00150290475136,99.00150290475136,98.60210406665188,99.00150290475136,SAUDAVEL,0.0,0.9984970952486378,0.4992485476243189,0.5990982571491826,0.39939883809945514,0.6989479666740465,0.2995491285745913
54,98,6.268736003892089,0.0,159.0,100.0,93.73126399610793,100.0,RUL > 125,98.11937919883238,97.49250559844316,98.432815999027,98.432815999027,97.80594239863775,98.432815999027,SAUDAVEL,0.0,1.5671840009730005,0.7835920004865002,0.9403104005838002,0.6268736003892003,1.0970288006811002,0.4701552002919001
54,99,8.138893261119978,0.0,158.0,100.0,91.86110673888004,100.0,RUL > 125,97.558332021664,96.744442695552,97.96527668472,97.96527668472,97.151387358608,97.96527668472,SAUDAVEL,0.0,2.0347233152800044,1.0173616576400022,1.2208339891680027,0.8138893261120018,1.424306320696003,0.6104169945840013
54,100,0.8442827911369364,0.0,157.0,100.0,99.15571720886308,100.0,RUL > 125,99.74671516265892,99.66228688354522,99.78892930221576,99.78892930221576,99.70450102310208,99.78892930221576,SAUDAVEL,0.0,0.21107069778423693,0.10553534889211846,0.12664241867054216,0.08442827911369477,0.14774948844896585,0.06332120933527108
54,101,16.716450479713206,0.0,156.0,100.0,83.2835495202868,100.0,RUL > 125,94.98506485608604,93.31341980811472,95.8208873800717,95.8208873800717,94.1492423321004,95.8208873800717,SAUDAVEL,0.0,4.179112619928304,2.089556309964152,2.5074675719569823,1.6716450479713219,2.9253788339498126,1.2537337859784912
54,102,15.404035887272752,2.937869707891073,155.0,100.0,84.59596411272724,97.06213029210892,RUL > 125,94.79121529223995,93.2508117035127,95.41452360120904,95.70831057199815,93.87412001248175,95.70831057199815,SAUDAVEL,0.0,4.291689428001845,2.1458447140009227,2.575013656801107,1.7166757712007383,3.0041825996012914,1.2875068284005535
54,103,30.758392298831662,35.997621335425265,154.0,100.0,69.24160770116833,64.00237866457474,RUL > 125,83.57295804326544,80.49711881338229,83.31099659143577,86.9107587249783,80.2351573615526,86.9107587249783,SAUDAVEL,0.0,13.089241275021706,6.544620637510853,7.853544765013023,5.235696510008683,9.162468892515193,3.9267723825065115
54,104,27.71846448834162,43.567934571608845,153.0,100.0,72.28153551165838,56.43206542839116,RUL > 125,82.97087373917574,80.19902729034159,82.17840023501239,86.53519369217327,79.40655378617822,86.53519369217327,SAUDAVEL,0.0,13.464806307826734,6.732403153913367,8.07888378469604,5.385922523130694,9.425364415478713,4.03944189234802
54,105,21.589510699644425,43.9342554938366,152.0,100.0,78.41048930035558,56.0657445061634,RUL > 125,84.73629569133935,82.57734462137492,83.61905845162975,88.0124840010134,81.46010738166531,88.0124840010134,SAUDAVEL,0.0,11.987515998986595,5.9937579994932975,7.192509599391957,4.795006399594638,8.391261199290616,3.5962547996959784
54,106,32.04813587940277,52.72523410957629,151.0,100.0,67.95186412059724,47.27476589042371,RUL > 125,79.84051241426391,76.63569882632363,78.80665750275523,84.07918091371286,75.60184391481496,84.07918091371286,SAUDAVEL,0.0,15.920819086287139,7.9604095431435695,9.552491451772283,6.368327634514856,11.144573360400997,4.776245725886142
54,107,32.03252999549265,53.23533576632556,150.0,100.0,67.96747000450735,46.76466423367444,RUL > 125,79.7431738480871,76.53992084853783,78.68303355954544,84.006567136178,75.47978055999619,84.006567136178,SAUDAVEL,0.0,15.993432863821994,7.996716431910997,9.596059718293196,6.397373145528798,11.195403004675395,4.798029859146598
54,108,30.302825693455755,49.22830832273137,149.0,100.0,69.69717430654424,50.77169167726863,RUL > 125,81.063490627417,78.03320805807142,80.11721649595322,85.04004732822635,77.08693392660764,85.04004732822635,SAUDAVEL,0.0,14.95995267177365,7.479976335886825,8.97597160306419,5.98398106870946,10.471966870241554,4.487985801532095
54,109,18.60212418885178,32.35429368697975,148.0,100.0,81.39787581114823,67.64570631302024,RUL > 125,87.94850400594851,86.08829158706334,87.26089553104211,90.49632489974007,85.40068311215694,90.49632489974007,SAUDAVEL,0.0,9.503675100259926,4.751837550129963,5.702205060155955,3.8014700401039705,6.652572570181948,2.8511025300779775
54,110,13.359888675047015,1.107213901431533,147.0,100.0,86.64011132495298,98.89278609856846,RUL > 125,95.7705906171996,94.43460174969488,96.38322435588036,96.49394574602351,95.04723548837566,96.49394574602351,SAUDAVEL,0.0,3.5060542539764867,1.7530271269882434,2.103632552385892,1.4024217015905949,2.4542379777835404,1.051816276192946
54,111,0.0,0.0,146.0,100.0,100.0,100.0,RUL > 125,100.0,100.0,100.0,100.0,100.0,100.0,SAUDAVEL,0.0,0.0,0.0,0.0,0.0,0.0,0.0
54,112,0.0,0.0,145.0,100.0,100.0,100.0,RUL > 125,100.0,100.0,100.0,100.0,100.0,100.0,SAUDAVEL,0.0,0.0,0.0,0.0,0.0,0.0,0.0
54,113,0.0,0.0,144.0,100.0,100.0,100.0,RUL > 125,100.0,100.0,100.0,100.0,100.0,100.0,SAUDAVEL,0.0,0.0,0.0,0.0,0.0,0.0,0.0
54,114,7.553516108491761,0.0,143.0,100.0,92.44648389150824,100.0,RUL > 125,97.73394516745248,96.9785935566033,98.11162097287706,98.11162097287706,97.35626936202787,98.11162097287706,SAUDAVEL,0.0,1.8883790271229373,0.9441895135614686,1.1330274162737624,0.7553516108491749,1.321865318986056,0.5665137081368812
54,115,8.531544454858281,0.0,142.0,100.0,91.46845554514172,100.0,RUL > 125,97.44053666354252,96.58738221805667,97.86711388628544,97.86711388628544,97.0139594407996,97.86711388628544,SAUDAVEL,0.0,2.1328861137145623,1.0664430568572811,1.2797316682287374,0.853154445485825,1.4930202796001935,0.6398658341143687
54,116,17.06483283370653,0.0,141.0,100.0,82.93516716629347,100.0,RUL > 125,94.88055014988804,93.1740668665174,95.73379179157337,95.73379179157337,94.02730850820272,95.73379179157337,SAUDAVEL,0.0,4.266208208426633,2.1331041042133165,2.55972492505598,1.7064832833706534,2.986345745898643,1.27986246252799
54,117,1.3938424279714674,0.0,140.0,100.0,98.60615757202854,100.0,RUL > 125,99.58184727160857,99.44246302881142,99.65153939300714,99.65153939300714,99.51215515021,99.65153939300714,SAUDAVEL,0.0,0.34846060699285886,0.17423030349642943,0.20907636419571532,0.13938424279714354,0.24392242489500118,0.10453818209785766
54,118,0.0,0.0,139.0,100.0,100.0,100.0,RUL > 125,100.0,100.0,100.0,100.0,100.0,100.0,SAUDAVEL,0.0,0.0,0.0,0.0,0.0,0.0,0.0
54,119,0.0,0.0,138.0,100.0,100.0,100.0,RUL > 125,100.0,100.0,100.0,100.0,100.0,100.0,SAUDAVEL,0.0,0.0,0.0,0.0,0.0,0.0,0.0
54,120,0.0,0.0,137.0,100.0,100.0,100.0,RUL > 125,100.0,100.0,100.0,100.0,100.0,100.0,SAUDAVEL,0.0,0.0,0.0,0.0,0.0,0.0,0.0
54,121,0.0,0.0,136.0,100.0,100.0,100.0,RUL > 125,100.0,100.0,100.0,100.0,100.0,100.0,SAUDAVEL,0.0,0.0,0.0,0.0,0.0,0.0,0.0
54,122,0.0,0.0,135.0,100.0,100.0,100.0,RUL > 125,100.0,100.0,100.0,100.0,100.0,100.0,SAUDAVEL,0.0,0.0,0.0,0.0,0.0,0.0,0.0
54,123,0.0,0.0,134.0,100.0,100.0,100.0,RUL > 125,100.0,100.0,100.0,100.0,100.0,100.0,SAUDAVEL,0.0,0.0,0.0,0.0,0.0,0.0,0.0
54,124,0.0,0.0,133.0,100.0,100.0,100.0,RUL > 125,100.0,100.0,100.0,100.0,100.0,100.0,SAUDAVEL,0.0,0.0,0.0,0.0,0.0,0.0,0.0
54,125,0.0,0.0,132.0,100.0,100.0,100.0,RUL > 125,100.0,100.0,100.0,100.0,100.0,100.0,SAUDAVEL,0.0,0.0,0.0,0.0,0.0,0.0,0.0
54,126,0.0,0.0,131.0,100.0,100.0,100.0,RUL > 125,100.0,100.0,100.0,100.0,100.0,100.0,SAUDAVEL,0.0,0.0,0.0,0.0,0.0,0.0,0.0
54,127,0.0,0.6135538599990182,130.0,100.0,100.0,99.38644614000098,RUL > 125,99.8772892280002,99.8772892280002,99.84661153500024,99.90796692100017,99.84661153500024,99.90796692100017,SAUDAVEL,0.0,0.09203307899983315,0.046016539499916576,0.055219847399899886,0.036813231599933265,0.0644231552998832,0.027609923699949943
54,128,0.0,17.612750059111836,129.0,100.0,100.0,82.38724994088817,RUL > 125,96.47744998817764,96.47744998817764,95.59681248522205,97.35808749113322,95.59681248522205,97.35808749113322,SAUDAVEL,0.0,2.641912508866781,1.3209562544333906,1.5851475053200688,1.0567650035467124,1.8493387562067467,0.7925737526600344
54,129,0.0,15.86019084229522,128.0,100.0,100.0,84.13980915770478,RUL > 125,96.82796183154096,96.82796183154096,96.0349522894262,97.62097137365572,96.0349522894262,97.62097137365572,SAUDAVEL,0.0,2.3790286263442795,1.1895143131721397,1.4274171758065677,0.9516114505377118,1.6653200384409956,0.7137085879032838
54,130,0.0,19.62371774642989,127.0,100.0,100.0,80.37628225357011,RUL > 125,96.07525645071402,96.07525645071402,95.09407056339252,97.05644233803552,95.09407056339252,97.05644233803552,SAUDAVEL,0.0,2.9435576619644763,1.4717788309822382,1.7661345971786857,1.1774230647857906,2.0604903633751332,0.8830672985893429
54,131,0.0,19.446135303687264,126.0,100.0,100.0,80.55386469631273,RUL > 125,96.11077293926256,96.11077293926256,95.1384661740782,97.0830797044469,95.1384661740782,97.0830797044469,SAUDAVEL,0.0,2.9169202955530977,1.4584601477765489,1.7501521773318587,1.166768118221239,2.0418442068871685,0.8750760886659293
54,132,0.0,19.6680646171489,125.0,100.0,100.0,80.3319353828511,76-125,96.06638707657022,96.06638707657022,95.08298384571276,97.04979030742768,95.08298384571276,97.04979030742768,SAUDAVEL,0.0,2.950209692572315,1.4751048462861576,1.770125815543389,1.1800838770289261,2.0651467848006204,0.8850629077716945
54,133,0.0,11.05874960400052,124.0,99.2,100.0,88.94125039599948,76-125,97.38825007919988,97.4682500791999,96.83531259899986,97.86118755939992,96.91531259899988,97.86118755939992,SAUDAVEL,0.7999999999999972,2.138812440600077,1.469406220300037,1.6032874643600452,1.3355249762400292,1.7371687084200529,1.201643732180021
54,134,0.0,0.0,123.0,98.4,100.0,100.0,76-125,99.2,99.36,99.2,99.04,99.36,99.04,SAUDAVEL,1.5999999999999943,0.9599999999999937,1.279999999999994,1.215999999999994,1.343999999999994,1.151999999999994,1.407999999999994
54,135,0.0,0.0,122.0,97.6,100.0,100.0,76-125,98.8,99.04,98.8,98.56,99.04,98.56,SAUDAVEL,2.4000000000000057,1.4399999999999977,1.9200000000000017,1.824000000000001,2.0160000000000022,1.7280000000000002,2.112000000000003
54,136,0.0,0.0,121.0,96.8,100.0,100.0,76-125,98.4,98.72,98.4,98.08,98.72,98.08,SAUDAVEL,3.200000000000003,1.9200000000000017,2.5600000000000023,2.432000000000002,2.6880000000000024,2.304000000000002,2.8160000000000025
54,137,0.0,0.0,120.0,96.0,100.0,100.0,76-125,98.0,98.4,98.0,97.6,98.4,97.6,SAUDAVEL,4.0,2.4000000000000057,3.200000000000003,3.0400000000000036,3.360000000000002,2.880000000000004,3.5200000000000014
54,138,0.0,0.0,119.0,95.19999999999999,100.0,100.0,76-125,97.6,98.08,97.6,97.12,98.08,97.12,SAUDAVEL,4.800000000000011,2.8799999999999955,3.8400000000000034,3.648000000000002,4.0320000000000045,3.4560000000000004,4.224000000000006
54,139,0.0,0.0,118.0,94.39999999999999,100.0,100.0,76-125,97.2,97.76,97.2,96.64,97.76,96.64,SAUDAVEL,5.6000000000000085,3.3599999999999994,4.480000000000004,4.256000000000003,4.704000000000005,4.032000000000002,4.928000000000005
54,140,0.0,0.0,117.0,93.60000000000001,100.0,100.0,76-125,96.8,97.44,96.8,96.16,97.44,96.16,SAUDAVEL,6.3999999999999915,3.8400000000000034,5.119999999999997,4.863999999999999,5.375999999999996,4.608,5.631999999999994
54,141,0.0,0.0,116.0,92.80000000000001,100.0,100.0,76-125,96.4,97.12,96.4,95.68,97.12,95.68,SAUDAVEL,7.199999999999989,4.319999999999993,5.759999999999991,5.471999999999991,6.04799999999999,5.183999999999992,6.33599999999999
54,142,0.0,0.0,115.0,92.0,100.0,100.0,76-125,96.0,96.8,96.0,95.2,96.8,95.2,SAUDAVEL,8.0,4.799999999999997,6.399999999999999,6.079999999999998,6.719999999999999,5.759999999999998,7.039999999999999
54,143,0.0,2.4806888234979985,114.0,91.2,100.0,97.519311176502,76-125,95.1038622353004,95.9838622353004,94.9798277941255,94.3478966764753,95.85982779412552,94.3478966764753,SAUDAVEL,8.799999999999997,5.652103323524699,7.226051661762348,6.911261994114819,7.5408413294098775,6.596472326467288,7.855630997057407
54,144,0.0,0.0,113.0,90.4,100.0,100.0,76-125,95.2,96.16,95.2,94.24,96.16,94.24,SAUDAVEL,9.599999999999994,5.760000000000005,7.68,7.296000000000001,8.063999999999998,6.912000000000002,8.447999999999997
54,145,0.0,0.2068610820861624,112.0,89.60000000000001,100.0,99.79313891791384,76-125,94.75862778358278,95.79862778358276,94.74828472947848,93.72897083768709,95.78828472947846,93.72897083768709,SAUDAVEL,10.399999999999991,6.271029162312914,8.335514581156453,7.922617497387744,8.748411664925161,7.5097204136190365,9.161308748693868
54,146,0.0,0.0,111.0,88.8,100.0,100.0,76-125,94.4,95.52,94.4,93.28,95.52,93.28,SAUDAVEL,11.200000000000003,6.719999999999999,8.96,8.512,9.408000000000001,8.064,9.856000000000002
54,147,0.0,0.0,110.0,88.0,100.0,100.0,76-125,94.0,95.2,94.0,92.8,95.2,92.8,SAUDAVEL,12.0,7.200000000000003,9.600000000000001,9.120000000000001,10.08,8.64,10.559999999999999
54,148,0.0,4.572595182052591,109.0,87.2,100.0,95.4274048179474,76-125,92.68548096358948,93.96548096358948,92.45685120448684,91.6341107226921,93.73685120448684,91.6341107226921,SAUDAVEL,12.799999999999997,8.3658892773079,10.582944638653949,10.139533566384738,11.02635571092316,9.696122494115528,11.469766783192368
54,149,0.0,3.7707859097905296,108.0,86.4,100.0,96.22921409020948,76-125,92.4458428180419,93.8058428180419,92.25730352255238,91.27438211353144,93.61730352255236,91.27438211353144,SAUDAVEL,13.599999999999994,8.725617886468555,11.162808943234275,10.67537073188113,11.650247154587419,10.187932520527987,12.137685365940563
54,150,0.0,0.0,107.0,85.6,100.0,100.0,76-125,92.8,94.24,92.8,91.36,94.24,91.36,SAUDAVEL,14.400000000000006,8.64,11.520000000000003,10.944000000000003,12.096000000000004,10.368000000000002,12.672000000000004
54,151,0.0,0.0,106.0,84.8,100.0,100.0,76-125,92.4,93.92,92.4,90.88,93.92,90.88,SAUDAVEL,15.200000000000003,9.120000000000005,12.160000000000004,11.552000000000003,12.768000000000002,10.944000000000003,13.376000000000001
54,152,0.0,0.0,105.0,84.0,100.0,100.0,76-125,92.0,93.6,92.0,90.4,93.6,90.4,SAUDAVEL,16.0,9.599999999999994,12.799999999999997,12.159999999999997,13.439999999999998,11.519999999999996,14.079999999999998
54,153,0.0,0.0,104.0,83.2,100.0,100.0,76-125,91.6,93.28,91.6,89.92,93.28,89.92,SAUDAVEL,16.799999999999997,10.079999999999998,13.439999999999998,12.767999999999997,14.111999999999998,12.095999999999997,14.783999999999997
54,154,0.0,0.0,103.0,82.39999999999999,100.0,100.0,76-125,91.2,92.96,91.2,89.44,92.96,89.44,SAUDAVEL,17.60000000000001,10.560000000000002,14.080000000000005,13.376000000000005,14.784000000000006,12.672000000000004,15.488000000000007
54,155,0.0,0.0,102.0,81.6,100.0,100.0,76-125,90.8,92.64,90.8,88.96,92.64,88.96,SAUDAVEL,18.400000000000006,11.040000000000006,14.720000000000006,13.984000000000005,15.456000000000007,13.248000000000005,16.192000000000004
54,156,0.0,0.0,101.0,80.80000000000001,100.0,100.0,76-125,90.4,92.32,90.4,88.48,92.32,88.48,SAUDAVEL,19.19999999999999,11.519999999999996,15.359999999999992,14.591999999999993,16.127999999999993,13.823999999999993,16.89599999999999
54,157,0.0,0.0,100.0,80.0,100.0,100.0,76-125,90.0,92.0,90.0,88.0,92.0,88.0,SAUDAVEL,20.0,12.0,16.0,15.2,16.8,14.399999999999999,17.6
54,158,0.0,16.58264711689283,99.0,79.2,100.0,83.41735288310717,76-125,86.28347057662143,88.36347057662144,85.45433822077679,85.03260293246609,87.5343382207768,85.03260293246609,SAUDAVEL,20.799999999999997,14.96739706753391,17.883698533766953,17.300438240520343,18.466958827013563,16.717177947273736,19.05021912026017
54,159,0.0,25.095283699003744,98.0,78.4,100.0,74.90471630099626,76-125,84.18094326019926,86.34094326019925,82.92617907524907,83.27570744514944,85.08617907524906,83.27570744514944,SAUDAVEL,21.599999999999994,16.724292554850564,19.16214627742528,18.67457553291034,19.64971702194022,18.18700478839539,20.137287766455167
54,160,0.0,23.53799844960529,97.0,77.60000000000001,100.0,76.46200155039472,76-125,84.09240031007896,86.33240031007895,82.91550038759868,83.02930023255921,85.15550038759869,83.02930023255921,SAUDAVEL,22.39999999999999,16.97069976744079,19.68534988372039,19.14241986046447,20.22827990697631,18.59948983720855,20.77120993023223
54,161,0.0,26.48425359792941,96.0,76.8,100.0,73.51574640207059,76-125,83.10314928041413,85.42314928041412,81.77893660051765,82.10736196031058,84.09893660051765,82.10736196031058,SAUDAVEL,23.200000000000003,17.892638039689416,20.54631901984471,20.015582823813652,21.077055215875767,19.48484662778259,21.607791411906828
54,162,0.0,35.380172610559406,95.0,76.0,100.0,64.61982738944059,76-125,80.92396547788812,83.32396547788812,79.15495684736015,80.29297410841608,81.55495684736016,80.29297410841608,SAUDAVEL,24.0,19.707025891583925,21.853512945791962,21.424215534950356,22.28281035663357,20.994918124108747,22.712107767475175
54,163,0.0,42.04985358492394,94.0,75.2,100.0,57.95014641507606,76-125,79.1900292830152,81.67002928301521,77.08753660376902,78.81252196226141,79.56753660376901,78.81252196226141,ATENCAO,24.799999999999997,21.187478037738586,22.99373901886929,22.632486822643152,23.35499121509543,22.27123462641701,23.71624341132157
54,164,11.192906611528846,65.3349717593229,93.0,74.4,88.80709338847116,34.6650282406771,76-125,70.77513366467677,72.21584300352389,68.06803040728707,72.04152758321936,69.50873974613418,72.04152758321936,ATENCAO,25.599999999999994,27.958472416780637,26.779236208390316,27.01508345006838,26.54338896671225,27.25093069174644,26.307541725034184
54,165,7.283699766045891,72.1971734345032,92.0,73.6,92.71630023395412,27.8028265654968,76-125,70.1754553832856,72.087085406681,66.92978169986273,71.50949904331306,68.84141172325813,71.50949904331306,ATENCAO,26.400000000000006,28.490500956686944,27.445250478343475,27.65430057401217,27.23620038267478,27.863350669680862,27.027150287006087
54,166,9.33634301822264,78.35889081200446,91.0,72.8,90.66365698177736,21.64110918799554,76-125,67.92731893213231,69.71368463031006,64.47619154244322,69.59208062364367,66.26255724062096,69.59208062364367,ATENCAO,27.200000000000003,30.407919376356332,28.803959688178168,29.1247516258138,28.483167750542535,29.44554356344943,28.162375812906898
54,167,7.524428350659257,77.99462130078562,90.0,72.0,92.47557164934074,22.005378699214376,76-125,68.1437472346451,70.19130439957918,64.62023758713877,69.61969971721733,66.66779475207285,69.61969971721733,ATENCAO,28.0,30.38030028278267,29.190150141391335,29.428180169669602,28.952120113113068,29.66621019794787,28.7140900848348
54,168,27.672585872605904,89.51073591796224,89.0,71.2,72.32741412739409,10.489264082037764,76-125,59.39607705462578,59.5088184673652,56.30416955235796,62.37524314415418,56.41691096509737,62.37524314415418,ATENCAO,28.799999999999997,37.62475685584582,33.21237842792291,34.09485411350749,32.32990274233833,34.97732979909207,31.44742705675374
54,169,29.49851900608853,87.81635272495204,88.0,70.39999999999999,70.50148099391147,12.18364727504796,76-125,58.78717375318303,58.79732185257418,55.87128206723986,61.692917339735054,55.881430166631006,61.692917339735054,ATENCAO,29.60000000000001,38.307082660264946,33.95354133013248,34.82424959615897,33.082833064105984,35.69495786218546,32.212124798079486
54,170,38.67265473524554,90.5377519956586,87.0,69.6,61.32734526475446,9.462248004341404,76-125,55.090653180294616,54.26338770677007,52.49739831727396,58.51117351683983,51.67013284374941,58.51117351683983,RISCO,30.400000000000006,41.48882648316017,35.94441324158009,37.053295889896106,34.83553059326407,38.16217853821212,33.72664794494805
54,171,36.94619234318996,84.88225657362128,86.0,68.8,63.05380765681004,15.117743426378723,76-125,56.33969098231875,55.76507174799976,53.94288777079719,59.31111342815932,53.36826853647819,59.31111342815932,RISCO,31.200000000000003,40.68888657184068,35.94444328592034,36.893331943104414,34.99555462873627,37.84222060028848,34.0466659715522
54,172,30.843934006338912,70.85943898826588,85.0,68.0,69.15606599366109,29.14056101173412,76-125,60.57493200044515,60.69053859981126,58.5741567513488,62.46010065017538,58.68976335071491,62.46010065017538,ATENCAO,32.0,37.53989934982462,34.76994967491231,35.32393960989477,34.21595973992985,35.87792954487723,33.66196980494738
54,173,37.41696238847829,61.27050697315782,84.0,67.2,62.58303761152171,38.72949302684218,76-125,60.12080988882495,59.65911364997713,58.92813265959097,61.77518335690676,58.46643642074315,61.77518335690676,ATENCAO,32.8,38.22481664309324,35.512408321546616,36.054889985855944,34.969926657237295,36.597371650165265,34.42744499292797
54,174,34.57919561282382,57.5459677096646,83.0,66.4,65.42080438717619,42.4540322903354,76-125,61.31704777421994,61.21912821293756,60.1687091693779,62.56330594034437,60.07078960809552,62.56330594034437,ATENCAO,33.599999999999994,37.43669405965563,35.51834702982781,35.90201643579337,35.134677623862245,36.285685841758934,34.75100821789668
54,175,48.881697562441445,57.595084598423895,82.0,65.60000000000001,51.11830243755856,42.404915401576105,76-125,56.61647381158279,55.168304055338645,56.18080445978367,58.50031291962606,54.73263470353952,58.50031291962606,RISCO,34.39999999999999,41.49968708037394,37.94984354018696,38.659812248224355,37.23987483214957,39.36978095626175,36.52990612411217
54,176,38.67093316925543,42.867452440063616,81.0,64.8,61.32906683074457,57.132547559936384,76-125,62.22522956121065,61.87813624428511,62.01540359767024,62.7821488416766,61.66831028074469,62.7821488416766,ATENCAO,35.2,37.2178511583234,36.2089255791617,36.41071069499404,36.007140463329364,36.61249581082638,35.80535534749702
54,177,44.04226377431653,25.208158962415784,80.0,64.0,55.95773622568347,74.79184103758422,76-125,63.74568907522189,62.94146269779023,64.68739431581693,63.6082102120585,63.88316793838527,63.6082102120585,ATENCAO,36.0,36.3917897879415,36.195894893970745,36.2350738727649,36.1567159151766,36.27425285155905,36.11753693638245
54,178,38.09740575655893,16.761973367320333,79.0,63.2,61.90259424344107,83.23802663267966,76-125,66.81838359956826,66.68864302391236,67.8851552190302,65.88135255576222,67.75541464337428,65.88135255576222,ATENCAO,36.8,34.11864744423778,35.45932372211889,35.19118846654267,35.72745897769511,34.923053210966444,35.99559423327133
54,179,33.17761731689694,3.951715163555337,78.0,62.4,66.82238268310306,96.04828483644468,76-125,70.45637177221985,70.89861004053016,71.91766687988694,68.55283839624246,72.35990514819724,68.55283839624246,ATENCAO,37.6,31.447161603757536,34.523580801878765,33.908296962254525,35.13886464150301,33.29301312263027,35.75414848112726
54,180,47.31851564344538,12.53677500322594,77.0,61.6,52.68148435655462,87.46322499677406,76-125,64.09709030632119,63.20523874197666,65.83617733833216,63.24985483865476,64.94432577398763,63.24985483865476,ATENCAO,38.4,36.75014516134524,37.57507258067262,37.410087096807146,37.7400580645381,37.24510161294167,37.90504354840357
54,181,50.09710992394015,27.059759957083013,76.0,60.8,49.90289007605985,72.94024004291698,76-125,59.95891503140136,58.86920403900734,61.1107825297442,59.896758525452505,60.0210715373502,59.896758525452505,RISCO,39.2,40.103241474547495,39.651620737273745,39.7419448847285,39.561296589818994,39.83226903218324,39.47097244236425
54,182,50.12880668826335,33.29088088042263,75.0,60.0,49.87119331173665,66.70911911957737,31-75,58.30318181743647,57.29030114861014,59.1450781078285,58.474166195870765,58.13219743900216,58.474166195870765,RISCO,40.0,41.525833804129235,40.76291690206462,40.91550028247754,40.6103335216517,41.06808366289046,40.45775014123877
54,183,50.37432995243454,58.70715733294587,74.0,59.199999999999996,49.62567004756546,41.29284266705413,31-75,52.746269547680456,51.788836552437004,52.3296281786549,54.12034391194948,51.37219518341144,54.12034391194948,RISCO,40.800000000000004,45.87965608805052,43.33982804402526,43.84779365283031,42.83186243522021,44.35575926163536,42.32389682641516
54,184,50.26063084888588,64.23546093879563,73.0,58.4,49.73936915111412,35.764539061204374,31-75,51.27471855757511,50.408655472686526,50.57597705307962,52.83952314695919,49.70991396819103,52.83952314695919,RISCO,41.6,47.16047685304081,44.38023842652041,44.93628611182449,43.82419074121633,45.492333797128566,43.26814305591224
54,185,50.31951519881988,82.08953015302791,72.0,57.599999999999994,49.68048480118012,17.91046984697209,31-75,47.28623940974845,46.49428788986647,45.69773866203805,49.66669167734084,44.90578714215607,49.66669167734084,RISCO,42.400000000000006,50.33330832265916,46.36665416132958,47.1599849935955,45.57332332906367,47.95331582586141,44.779992496797746
54,186,50.729516251305725,100.0,71.0,56.8,49.27048374869428,0.0,31-75,43.18114512460828,42.42819349947772,40.71762093717357,46.39762093717357,39.96466931204299,46.39762093717357,RISCO,43.2,53.60237906282643,48.401189531413216,49.44142743769586,47.360951625130575,50.4816653439785,46.32071371884793
54,187,50.72396133481806,100.0,70.0,56.00000000000001,49.27603866518194,0.0,31-75,42.78281159955458,42.11041546607278,40.319009666295486,45.91900966629549,39.64661353281369,45.91900966629549,RISCO,43.99999999999999,54.08099033370451,49.04049516685225,50.04859420022271,48.0323961334818,51.05669323359315,47.02429710011135
54,188,50.67432258405442,100.0,69.0,55.2,49.32567741594558,0.0,31-75,42.39770322478368,41.81027096637823,39.9314193539864,45.4514193539864,39.34398709558096,45.4514193539864,RISCO,44.8,54.5485806460136,49.6742903230068,50.64914838760815,48.69943225840544,51.624006452209514,47.724574193804074
54,189,50.68728174973666,100.0,68.0,54.400000000000006,49.31271825026334,0.0,31-75,41.993815475079,41.48508730010534,39.52817956256584,44.96817956256584,39.01945138759217,44.96817956256584,RISCO,45.599999999999994,55.03182043743416,50.31591021871708,51.2590922624605,49.37272817497366,52.20227430620391,48.42954613123024
54,190,50.694483237561066,100.0,67.0,53.6,49.30551676243893,0.0,31-75,41.59165502873168,41.16220670497557,39.12637919060973,44.48637919060973,38.69693086685363,44.48637919060973,RISCO,46.4,55.51362080939027,50.95681040469513,51.86817248563416,50.045448323756105,52.77953456657319,49.13408624281708
54,191,50.51433375153336,72.296488156215,66.0,52.800000000000004,49.48566624846664,27.703511843784995,31-75,46.78640224329699,46.45496886814367,45.69729452306291,48.2069433386844,45.365861147909584,48.2069433386844,RISCO,47.199999999999996,51.7930566613156,49.496528330657796,49.95583399678936,49.03722266452624,50.415139662920915,48.57791699839467
54,192,50.49051328190431,36.61597770677551,65.0,52.0,49.50948671809569,63.38402229322449,31-75,53.529650474073605,53.28059914588317,54.22337725283004,53.0849750235076,53.97432592463961,53.0849750235076,RISCO,48.0,46.9150249764924,47.457512488246195,47.34901498589544,47.56600999059695,47.24051748354467,47.67450749294771
54,193,50.52388429103209,19.477848775128,64.0,51.2,49.47611570896791,80.522151224872,31-75,56.54726495766477,56.37487652856157,58.09956673345998,55.16735161097277,57.92717830435677,55.16735161097277,RISCO,48.8,44.83264838902723,46.81632419451361,46.41958903341634,47.21305935561089,46.022853872319054,47.60979451670816
54,194,50.44377385907944,0.0,63.0,50.4,49.55622614092056,100.0,31-75,60.06686784227617,59.98249045636823,62.58905653523014,57.62905653523013,62.50467914932219,57.62905653523013,RISCO,49.6,42.37094346476987,45.98547173238494,45.26256607886192,46.70837738590795,44.53966042533891,47.43128303943096
54,195,50.50046721541507,0.0,62.0,49.6,49.49953278458493,100.0,31-75,59.64985983537548,59.63981311383398,62.17488319614623,57.13488319614624,62.164836474604726,57.13488319614624,RISCO,50.4,42.86511680385376,46.63255840192688,45.87907008231225,47.386046721541504,45.12558176269763,48.13953504115612
54,196,50.53099903317844,0.0,61.0,48.8,49.46900096682156,100.0,31-75,59.24070029004646,59.30760038672862,61.76725024170539,56.647250241705386,61.834150338387545,56.647250241705386,RISCO,51.2,43.352749758294614,47.27637487914731,46.49164985497677,48.061099903317846,45.70692483080623,48.84582492748838
54,197,50.626329340263375,0.0,60.0,48.0,49.37367065973663,100.0,31-75,58.81210119792099,58.94946826389466,61.34341766493416,56.14341766493416,61.48078473090782,56.14341766493416,RISCO,52.0,43.85658233506584,47.92829116753292,47.113949401039505,48.74263293402633,46.299607634546085,49.556974700519746
54,198,50.61365489199069,0.0,59.0,47.199999999999996,49.38634510800931,100.0,31-75,58.4159035324028,58.63453804320372,60.946586277002325,55.66658627700232,61.16522078780326,55.66658627700232,RISCO,52.800000000000004,44.33341372299768,48.566706861498844,47.720048233798614,49.41336548919907,46.87338960609837,50.2600241168993
54,199,50.69649382143637,11.789428852476858,58.0,46.400000000000006,49.30350617856363,88.21057114752314,31-75,55.63316608307372,55.92351670093008,57.57851933152169,53.39746221676938,57.86886994937805,53.39746221676938,RISCO,53.599999999999994,46.60253778323062,50.101268891615305,49.40152266993837,50.80101511329225,48.701776448261434,51.500761334969184
54,200,50.799161322774566,40.78652015571191,57.0,45.6,49.20083867722544,59.21347984428809,31-75,49.40294757202525,49.7630314397478,49.90357963037838,48.54223164594957,50.263663498100925,48.54223164594957,RISCO,54.4,51.45776835405043,52.92888417702521,52.63466101243026,53.22310734162018,52.3404378478353,53.517330506215124
54,201,50.980820609346,65.25672570044911,56.0,44.800000000000004,49.019179390654,34.74327429955089,31-75,44.05440867710638,44.47632661617178,43.34061342255123,44.34628599259614,43.762531361616624,44.34628599259614,RISCO,55.199999999999996,55.65371400740386,55.426857003701926,55.47222840444231,55.38148560296155,55.5175998051827,55.336114202221154
54,202,51.02336643742832,83.11581621435452,55.0,44.0,48.97663356257168,16.884183785645476,31-75,40.0698268259006,40.56749018215777,38.46520433705429,41.17678595848974,38.96286769331145,41.17678595848974,RISCO,56.0,58.82321404151026,57.41160702075513,57.69392842490616,57.12928561660411,57.97624982905718,56.846964212453074
54,203,51.10446513149225,100.0,54.0,43.2,48.89553486850775,0.0,31-75,36.268660460552326,36.83821394740311,33.82388371712694,38.14388371712694,34.39343720397771,38.14388371712694,RISCO,56.8,61.85611628287306,59.32805814143653,59.833669769723834,58.822446513149224,60.33928139801114,58.31683488486192
54,204,51.27444674681547,100.0,53.0,42.4,48.72555325318453,0.0,31-75,35.81766597595536,36.45022130127381,33.38138831329613,37.62138831329613,34.013943638614585,37.62138831329613,RISCO,57.6,62.37861168670387,59.989305843351936,60.46716701202233,59.511444674681556,60.94502818069271,59.03358350601116
54,205,51.531379994651694,100.0,52.0,41.6,48.46862000534831,0.0,31-75,35.34058600160449,36.02744800213932,32.91715500133708,37.07715500133708,33.60401700187191,37.07715500133708,RISCO,58.4,62.92284499866292,60.66142249933146,61.113706999197746,60.20913799946517,61.56599149906404,59.75685349959887
54,206,51.719263948850845,100.0,51.0,40.8,48.28073605114916,0.0,31-75,34.88422081534475,35.632294420459665,32.470184012787286,36.55018401278728,33.2182576179022,36.55018401278728,RISCO,59.2,63.44981598721272,61.32490799360636,61.749889592327634,60.89992639488509,62.17487119104891,60.47494479616381
54,207,51.79454615893778,100.0,50.0,40.0,48.20545384106222,0.0,31-75,34.46163615231867,35.282181536424886,32.05136346026556,36.05136346026556,32.871908844371774,36.05136346026556,RISCO,60.0,63.94863653973444,61.97431826986722,62.369181923840664,61.57945461589378,62.7640455778141,61.184590961920335
54,208,51.90325658772543,100.0,49.0,39.2,48.09674341227457,0.0,31-75,34.02902302368237,34.91869736490983,31.62418585306865,35.54418585306864,32.5138601942961,35.54418585306864,RISCO,60.8,64.45581414693136,62.62790707346568,62.99348848815882,62.26232565877254,63.35906990285194,61.8967442440794
54,209,52.08908179557159,100.0,48.0,38.4,47.91091820442841,0.0,31-75,33.57327546132852,34.52436728177136,31.177729551107102,35.0177295511071,32.12882137154995,35.0177295511071,RISCO,61.6,64.9822704488929,63.29113522444645,63.62936226933574,62.95290817955716,63.96758931422504,62.61468113466787
54,210,52.18048779204337,100.0,47.0,37.6,47.81951220795663,0.0,31-75,33.14585366238699,34.167804883182654,30.75487805198916,34.51487805198916,31.776829272784816,34.51487805198916,RISCO,62.4,65.48512194801084,63.94256097400542,64.2510731688065,63.634048779204335,64.5595853636076,63.32553658440325
54,211,52.1804505392982,100.0,46.0,36.8,47.8195494607018,0.0,31-75,32.74586483821054,33.84781978428072,30.35488736517545,34.03488736517545,31.456842311245627,34.03488736517545,RISCO,63.2,65.96511263482455,64.58255631741227,64.85906758089473,64.30604505392982,65.13557884437719,64.02953379044737
54,212,52.55110151705567,100.0,45.0,36.0,47.44889848294433,0.0,31-75,32.234669544883296,33.379559393177736,29.86222462073608,33.46222462073608,31.007114469030512,33.46222462073608,RISCO,64.0,66.53777537926392,65.26888768963195,65.52266522755835,65.01511015170557,65.77644276548475,64.76133261377917
54,213,52.75167508671662,100.0,44.0,35.199999999999996,47.24832491328338,0.0,31-75,31.77449747398501,32.979329965313354,29.412081228320844,32.93208122832084,30.616913719649183,32.93208122832084,RISCO,64.80000000000001,67.06791877167916,65.93395938583959,66.1607512630075,65.70716750867166,66.38754314017541,65.48037563150376
54,214,53.12071674588253,100.0,43.0,34.4,46.87928325411747,0.0,31-75,31.26378497623524,32.511713301646985,28.91982081352937,32.35982081352937,30.16774913894111,32.35982081352937,RISCO,65.6,67.64017918647063,66.62008959323532,66.82410751188237,66.41607167458824,67.02812543052944,66.21205375594118
54,215,53.62829497816944,100.0,42.0,33.6,46.37170502183056,0.0,31-75,30.711511506549165,31.988682008732223,28.39292625545764,31.75292625545764,29.670096757640696,31.75292625545764,RISCO,66.4,68.24707374454236,67.32353687227118,67.50824424672541,67.13882949781694,67.69295162117965,66.95412212336271
54,216,53.62647065802001,100.0,41.0,32.800000000000004,46.37352934197999,0.0,31-75,30.312058802594,31.669411736792,27.993382335495,31.273382335495,29.350735269693,31.273382335495,RISCO,67.19999999999999,68.726617664505,67.9633088322525,68.115970598703,67.81064706580199,68.2686323651535,67.6579852993515
54,217,54.20431342170981,100.0,40.0,32.0,45.79568657829019,0.0,31-75,29.738705973487058,31.11827463131608,27.448921644572547,30.648921644572543,28.82849030240157,30.648921644572543,RISCO,68.0,69.35107835542746,68.67553917771373,68.81064701325647,68.54043134217099,68.94575484879923,68.40532350662824
54,218,54.91431881382116,100.0,39.0,31.2,45.08568118617884,0.0,31-75,29.12570435585365,30.514272474471536,26.87142029654471,29.99142029654471,28.259988415162592,29.99142029654471,CRITICO,68.8,70.0085797034553,69.40428985172764,69.52514782207318,69.28343188138211,69.6460057924187,69.16257391103659
54,219,55.52180571557501,100.0,38.0,30.4,44.47819428442499,0.0,31-75,28.543458285327496,29.95127771377,26.31954857110625,29.359548571106245,27.727367999548747,29.359548571106245,CRITICO,69.6,70.64045142889375,70.12022571444687,70.22427085733625,70.0161805715575,70.32831600022563,69.91213542866812
54,220,56.06669416870092,100.0,37.0,29.599999999999998,43.93330583129908,0.0,31-75,27.97999174938972,29.41332233251964,25.78332645782477,28.743326457824768,27.21665704095468,28.743326457824768,CRITICO,70.4,71.25667354217524,70.82833677108762,70.91400412530514,70.7426694168701,70.99967147952266,70.65700206265257
54,221,56.93489706847249,100.0,36.0,28.799999999999997,43.06510293152751,0.0,31-75,27.31953087945825,28.746041172611005,25.16627573288188,28.04627573288188,26.592786026034627,28.04627573288188,CRITICO,71.2,71.95372426711812,71.57686213355906,71.65223456027087,71.50148970684725,71.72760698698268,71.42611728013543
54,222,57.52408542179637,100.0,35.0,28.000000000000004,42.47591457820363,0.0,31-75,26.74277437346109,28.19036583128145,24.618978644550907,27.418978644550908,26.06657010237128,27.418978644550908,CRITICO,72.0,72.5810213554491,72.29051067772454,72.34861281326945,72.23240854217963,72.40671494881437,72.17430640663473
54,223,58.11514120201768,100.0,34.0,27.200000000000003,41.88485879798232,0.0,31-75,26.16545763939469,27.63394351919293,24.07121469949558,26.79121469949558,25.53970057929381,26.79121469949558,CRITICO,72.8,73.20878530050442,73.00439265025221,73.04527118030265,72.96351412020176,73.08614971035308,72.92263559015132
54,224,58.505443002854975,100.0,33.0,26.400000000000002,41.49455699714503,0.0,31-75,25.648367099143503,27.15782279885801,23.57363924928626,26.213639249286256,25.08309494900076,26.213639249286256,CRITICO,73.6,73.78636075071374,73.69318037535686,73.71181645042824,73.67454430028549,73.73045252549962,73.65590822521412
54,225,59.182927280610606,100.0,32.0,25.6,40.817072719389394,0.0,31-75,25.04512181581682,26.56682908775576,23.00426817984735,25.564268179847343,24.525975451786287,25.564268179847343,CRITICO,74.4,74.43573182015265,74.41786591007633,74.42143909209159,74.41429272806107,74.42501227410685,74.4107195460458
54,226,60.02099749917425,100.0,31.0,24.8,39.97900250082575,0.0,31-75,24.393700750247724,25.9116010003303,22.39475062520644,24.87475062520644,23.91265087528901,24.87475062520644,CRITICO,75.2,75.12524937479355,75.16262468739677,75.15514962487613,75.17009974991743,75.14767456235549,75.17757481243807
54,227,61.0345712542602,100.0,30.0,24.0,38.9654287457398,0.0,0-30,23.689628623721937,25.18617149829592,21.74135718643495,24.14135718643495,23.23790006100893,24.14135718643495,CRITICO,76.0,75.85864281356506,75.92932140678252,75.91518568813903,75.94345712542602,75.90104996949553,75.95759284406951
54,228,61.65360118519757,100.0,29.0,23.200000000000003,38.34639881480243,0.0,0-30,23.10391964444073,24.61855952592097,21.186599703700608,23.50659970370061,22.70123958518085,23.50659970370061,CRITICO,76.8,76.4934002962994,76.6467001481497,76.61604017777964,76.67736011851976,76.58538020740957,76.70802008888981
54,229,62.44956835116441,100.0,28.0,22.400000000000002,37.55043164883559,0.0,0-30,22.46512949465068,23.98017265953424,20.5876079122089,22.827607912208897,22.102651077092457,22.827607912208897,CRITICO,77.6,77.17239208779111,77.38619604389555,77.34343525267467,77.42895683511644,77.30067446145377,77.47171762633732
54,230,63.08491019484977,100.0,27.0,21.6,36.91508980515023,0.0,0-30,21.87452694154507,23.40603592206009,20.02877245128756,22.18877245128756,21.56028143180258,22.18877245128756,CRITICO,78.4,77.81122754871244,78.10561377435621,78.04673652922746,78.16449101948498,77.9878592840987,78.22336826461373
54,231,64.11093860701187,100.0,26.0,20.8,35.889061392988125,0.0,0-30,21.16671841789644,22.67562455719525,19.37226534824704,21.452265348247032,20.88117148754584,21.452265348247032,CRITICO,79.2,78.54773465175296,78.87386732587649,78.80864079105177,78.93909386070119,78.74341425622707,79.00432039552588
54,232,65.28275404087019,100.0,25.0,20.0,34.71724595912981,0.0,0-30,20.415173787738944,21.886898383651925,18.679311489782453,20.679311489782453,20.151036085695434,20.679311489782453,CRITICO,80.0,79.32068851021755,79.66034425510878,79.59241310613052,79.72827540408701,79.52448195715229,79.79620655306526
54,233,66.32037231423831,100.0,24.0,19.2,33.67962768576169,0.0,0-30,19.703888305728505,21.15185107430468,18.019906921440423,19.93990692144042,19.46786969001659,19.93990692144042,CRITICO,80.8,80.06009307855958,80.43004653927979,80.35605584713574,80.50403723142384,80.2820651549917,80.57802792356787
54,234,67.73979610163346,100.0,23.0,18.4,32.26020389836654,0.0,0-30,18.87806116950996,20.26408155934661,17.265050974591635,19.105050974591634,18.65107136442829,19.105050974591634,CRITICO,81.6,80.89494902540837,81.24747451270417,81.17696941524503,81.31797961016335,81.10646431778585,81.3884847076225
54,235,68.63557774084016,100.0,22.0,17.599999999999998,31.36442225915984,0.0,0-30,18.20932667774795,19.585768903663933,16.64110556478996,18.40110556478996,18.01754779070594,18.40110556478996,CRITICO,82.4,81.59889443521004,81.99944721760502,81.91933666112602,82.07955777408402,81.83922610464703,82.15966833056301
54,236,70.00397165353043,100.0,21.0,16.8,29.99602834646957,0.0,0-30,17.39880850394087,18.718411338587828,15.899007086617392,17.579007086617395,17.218609921264353,17.579007086617395,CRITICO,83.2,82.4209929133826,82.81049645669131,82.73259574802955,82.88839716535304,82.65469503936782,82.96629787401477
54,237,71.27143617153595,100.0,20.0,16.0,28.728563828464047,0.0,0-30,16.618569148539216,17.89142553138562,15.182140957116012,16.782140957116013,16.454997339962418,16.782140957116013,CRITICO,84.0,83.21785904288399,83.608929521442,83.53071542573039,83.6871436171536,83.45250133001879,83.7653577128652
54,238,73.1753558581255,100.0,19.0,15.2,26.8246441418745,0.0,0-30,15.64739324256235,16.8098576567498,14.306161035468625,15.826161035468624,15.468625449656075,15.826161035468624,CRITICO,84.8,84.17383896453137,84.48691948226568,84.42430337871883,84.54953558581255,84.36168727517196,84.61215168935941
54,239,74.85845936550808,100.0,18.0,14.399999999999999,25.14154063449192,0.0,0-30,14.742462190347574,15.816616253796768,13.48538515862298,14.925385158622978,14.55953922207217,14.925385158622978,CRITICO,85.6,85.07461484137703,85.33730742068852,85.28476890482622,85.38984593655081,85.23223038896391,85.44238445241311
54,240,76.83196079389967,100.0,17.0,13.600000000000001,23.16803920610033,0.0,0-30,13.7504117618301,14.707215682440134,12.592009801525084,13.952009801525085,13.548813722135115,13.952009801525085,CRITICO,86.4,86.04799019847492,86.22399509923747,86.18879411908495,86.25919607938997,86.15359313893245,86.29439705954248
54,241,78.32069224932879,100.0,16.0,12.8,21.679307750671214,0.0,0-30,12.903792325201366,13.791723100268486,11.819826937667804,13.099826937667803,12.707757712734924,13.099826937667803,CRITICO,87.2,86.9001730623322,87.0500865311661,87.02010383739932,87.08006922493288,86.99012114363254,87.11005191869965
54,242,79.75324124321324,100.0,15.0,12.0,20.24675875678676,0.0,0-30,12.074027627036028,12.898703502714705,11.06168968919669,12.26168968919669,11.886365564875366,12.26168968919669,CRITICO,88.0,87.73831031080331,87.86915515540166,87.842986186482,87.89532412432132,87.81681721756232,87.92149309324098
54,243,81.59964481998085,100.0,14.0,11.200000000000001,18.400355180019147,0.0,0-30,11.120106554005744,11.84014207200766,10.200088795004788,11.320088795004787,10.920124313006704,11.320088795004787,CRITICO,88.8,88.67991120499521,88.7399556024976,88.72794672299713,88.75196448199807,88.71593784349663,88.76397336149856
54,244,83.9741369261646,100.0,13.0,10.4,16.025863073835396,0.0,0-30,10.007758922150618,10.570345229534158,9.206465768458848,10.24646576845885,9.769052075842389,10.24646576845885,CRITICO,89.6,89.75353423154115,89.67676711577057,89.69212053892468,89.66141369261646,89.70747396207881,89.64606026946234
54,245,86.1606335860047,100.0,12.0,9.6,13.839366413995291,0.0,0-30,8.951809924198589,9.375746565598115,8.259841603498824,9.219841603498825,8.683778244898352,9.219841603498825,CRITICO,90.4,90.78015839650118,90.59007919825059,90.6280950379007,90.55206335860048,90.66611087755082,90.51404751895035
54,246,88.3441766353345,100.0,11.0,8.799999999999999,11.655823364665494,0.0,0-30,7.896747009399648,8.182329345866197,7.313955841166373,8.193955841166373,7.599538177632922,8.193955841166373,CRITICO,91.2,91.80604415883363,91.50302207941681,91.56362649530018,91.44241766353346,91.62423091118353,91.38181324765009
54,247,90.436461102627,100.0,10.0,8.0,9.563538897372991,0.0,0-30,6.869061669211898,7.025415558949198,6.390884724343248,7.190884724343248,6.547238614080547,7.190884724343248,CRITICO,92.0,92.80911527565675,92.40455763782838,92.48546916539405,92.3236461102627,92.56638069295971,92.24273458269701
54,248,93.093103372038,100.0,9.0,7.199999999999999,6.906896627961999,0.0,0-30,5.672068988388599,5.642758651184799,5.326724156990499,6.046724156990499,5.2974138197867,6.046724156990499,CRITICO,92.8,93.95327584300951,93.37663792150475,93.4919655058057,93.26131033720381,93.60729309010665,93.14598275290285
54,249,96.198109038734,100.0,8.0,6.4,3.801890961265997,0.0,0-30,4.340567288379799,4.080756384506399,4.150472740316499,4.790472740316499,3.8906618364430994,4.790472740316499,CRITICO,93.6,95.2095272596835,94.40476362984174,94.5657163558101,94.2438109038734,94.72666908177844,94.08285817790505
54,250,98.59461538858788,100.0,7.0,5.6000000000000005,1.4053846114121171,0.0,0-30,3.2216153834236354,2.802153844564847,3.151346152853029,3.7113461528530296,2.731884613994241,3.7113461528530296,CRITICO,94.4,96.28865384714697,95.34432692357349,95.53319230828819,95.15546153885879,95.72205769300288,94.96659615414409
54,251,100.0,100.0,6.0,4.8,0.0,0.0,0-30,2.4,1.92,2.4,2.88,1.92,2.88,CRITICO,95.2,97.12,96.16,96.352,95.968,96.544,95.776
54,252,100.0,100.0,5.0,4.0,0.0,0.0,0-30,2.0,1.6,2.0,2.4,1.6,2.4,CRITICO,96.0,97.6,96.8,96.96000000000001,96.63999999999999,97.11999999999999,96.47999999999999
54,253,100.0,100.0,4.0,3.2,0.0,0.0,0-30,1.6,1.2800000000000002,1.6,1.92,1.2800000000000002,1.92,CRITICO,96.8,98.08,97.44,97.568,97.312,97.696,97.184
54,254,100.0,100.0,3.0,2.4,0.0,0.0,0-30,1.2,0.96,1.2,1.44,0.96,1.44,CRITICO,97.6,98.56,98.08,98.17599999999999,97.98400000000001,98.27199999999999,97.88799999999999
54,255,100.0,100.0,2.0,1.6,0.0,0.0,0-30,0.8,0.6400000000000001,0.8,0.96,0.6400000000000001,0.96,CRITICO,98.4,99.04,98.72,98.784,98.656,98.848,98.592
54,256,100.0,100.0,1.0,0.8,0.0,0.0,0-30,0.4,0.32,0.4,0.48,0.32,0.48,CRITICO,99.2,99.52,99.36,99.392,99.328,99.42399999999998,99.29599999999999
54,257,100.0,100.0,0.0,0.0,0.0,0.0,0-30,0.0,0.0,0.0,0.0,0.0,0.0,CRITICO,100.0,100.0,100.0,100.0,100.0,100.0,100.0
71,39,0.0,0.0,169.0,100.0,100.0,100.0,RUL > 125,100.0,100.0,100.0,100.0,100.0,100.0,SAUDAVEL,0.0,0.0,0.0,0.0,0.0,0.0,0.0
71,40,0.0,0.0,168.0,100.0,100.0,100.0,RUL > 125,100.0,100.0,100.0,100.0,100.0,100.0,SAUDAVEL,0.0,0.0,0.0,0.0,0.0,0.0,0.0
71,41,0.0,0.0,167.0,100.0,100.0,100.0,RUL > 125,100.0,100.0,100.0,100.0,100.0,100.0,SAUDAVEL,0.0,0.0,0.0,0.0,0.0,0.0,0.0
71,42,0.0,0.0,166.0,100.0,100.0,100.0,RUL > 125,100.0,100.0,100.0,100.0,100.0,100.0,SAUDAVEL,0.0,0.0,0.0,0.0,0.0,0.0,0.0
71,43,0.0,0.0,165.0,100.0,100.0,100.0,RUL > 125,100.0,100.0,100.0,100.0,100.0,100.0,SAUDAVEL,0.0,0.0,0.0,0.0,0.0,0.0,0.0
71,44,0.0,0.0,164.0,100.0,100.0,100.0,RUL > 125,100.0,100.0,100.0,100.0,100.0,100.0,SAUDAVEL,0.0,0.0,0.0,0.0,0.0,0.0,0.0
71,45,0.0,0.0,163.0,100.0,100.0,100.0,RUL > 125,100.0,100.0,100.0,100.0,100.0,100.0,SAUDAVEL,0.0,0.0,0.0,0.0,0.0,0.0,0.0
71,46,0.0,0.0,162.0,100.0,100.0,100.0,RUL > 125,100.0,100.0,100.0,100.0,100.0,100.0,SAUDAVEL,0.0,0.0,0.0,0.0,0.0,0.0,0.0
71,47,0.0,7.170788482655556,161.0,100.0,100.0,92.82921151734443,RUL > 125,98.56584230346888,98.56584230346888,98.20730287933613,98.92438172760168,98.20730287933613,98.92438172760168,SAUDAVEL,0.0,1.0756182723983159,0.5378091361991579,0.6453709634389895,0.4302473089593264,0.752932790678821,0.32268548171949474
71,48,0.0,14.536508669854738,160.0,100.0,100.0,85.46349133014526,RUL > 125,97.09269826602906,97.09269826602906,96.36587283253633,97.8195236995218,96.36587283253633,97.8195236995218,SAUDAVEL,0.0,2.1804763004782046,1.0902381502391023,1.3082857802869228,0.8721905201912818,1.5263334103347432,0.6541428901434614
71,49,0.0,4.6228774975634535,159.0,100.0,100.0,95.37712250243656,RUL > 125,99.07542450048732,99.07542450048732,98.84428062560914,99.30656837536549,98.84428062560914,99.30656837536549,SAUDAVEL,0.0,0.6934316246345134,0.3467158123172567,0.416058974780708,0.27737264985380533,0.4854021372441593,0.208029487390354
71,50,0.0,3.815994936358786,158.0,100.0,100.0,96.1840050636412,RUL > 125,99.23680101272824,99.23680101272824,99.0460012659103,99.42760075954618,99.0460012659103,99.42760075954618,SAUDAVEL,0.0,0.5723992404538194,0.2861996202269097,0.3434395442722916,0.22895969618152778,0.40067946831767354,0.1717197721361458
71,51,0.0,11.916789633889188,157.0,100.0,100.0,88.08321036611082,RUL > 125,97.61664207322217,97.61664207322217,97.02080259152773,98.21248155491662,97.02080259152773,98.21248155491662,SAUDAVEL,0.0,1.7875184450833785,0.8937592225416893,1.072511067050027,0.7150073780333515,1.2512629115583649,0.5362555335250135
71,52,0.0,2.199428890550133,156.0,100.0,100.0,97.80057110944986,RUL > 125,99.56011422188998,99.56011422188998,99.45014277736246,99.67008566641748,99.45014277736246,99.67008566641748,SAUDAVEL,0.0,0.3299143335825221,0.16495716679126105,0.19794860014951324,0.13196573343300885,0.23094003350776546,0.09897430007475662
71,53,0.0,3.9245724178485166,155.0,100.0,100.0,96.07542758215148,RUL > 125,99.21508551643028,99.21508551643028,99.01885689553788,99.41131413732272,99.01885689553788,99.41131413732272,SAUDAVEL,0.0,0.5886858626772806,0.2943429313386403,0.3532115176063684,0.23547434507091225,0.41208010387409644,0.1766057588031842
71,54,0.0,0.0,154.0,100.0,100.0,100.0,RUL > 125,100.0,100.0,100.0,100.0,100.0,100.0,SAUDAVEL,0.0,0.0,0.0,0.0,0.0,0.0,0.0
71,55,0.0,0.1114412252908554,153.0,100.0,100.0,99.88855877470914,RUL > 125,99.97771175494182,99.97771175494182,99.97213969367728,99.98328381620637,99.97213969367728,99.98328381620637,SAUDAVEL,0.0,0.016716183793633377,0.008358091896816688,0.010029710276180026,0.006686473517453351,0.011701328655543363,0.005014855138090013
71,56,0.0,0.0,152.0,100.0,100.0,100.0,RUL > 125,100.0,100.0,100.0,100.0,100.0,100.0,SAUDAVEL,0.0,0.0,0.0,0.0,0.0,0.0,0.0
71,57,0.0,0.0,151.0,100.0,100.0,100.0,RUL > 125,100.0,100.0,100.0,100.0,100.0,100.0,SAUDAVEL,0.0,0.0,0.0,0.0,0.0,0.0,0.0
71,58,0.0,0.0,150.0,100.0,100.0,100.0,RUL > 125,100.0,100.0,100.0,100.0,100.0,100.0,SAUDAVEL,0.0,0.0,0.0,0.0,0.0,0.0,0.0
71,59,0.0,0.0,149.0,100.0,100.0,100.0,RUL > 125,100.0,100.0,100.0,100.0,100.0,100.0,SAUDAVEL,0.0,0.0,0.0,0.0,0.0,0.0,0.0
71,60,0.0,0.0,148.0,100.0,100.0,100.0,RUL > 125,100.0,100.0,100.0,100.0,100.0,100.0,SAUDAVEL,0.0,0.0,0.0,0.0,0.0,0.0,0.0
71,61,0.0,0.0,147.0,100.0,100.0,100.0,RUL > 125,100.0,100.0,100.0,100.0,100.0,100.0,SAUDAVEL,0.0,0.0,0.0,0.0,0.0,0.0,0.0
71,62,0.0,0.0,146.0,100.0,100.0,100.0,RUL > 125,100.0,100.0,100.0,100.0,100.0,100.0,SAUDAVEL,0.0,0.0,0.0,0.0,0.0,0.0,0.0
71,63,0.0,0.0,145.0,100.0,100.0,100.0,RUL > 125,100.0,100.0,100.0,100.0,100.0,100.0,SAUDAVEL,0.0,0.0,0.0,0.0,0.0,0.0,0.0
71,64,0.0,0.0,144.0,100.0,100.0,100.0,RUL > 125,100.0,100.0,100.0,100.0,100.0,100.0,SAUDAVEL,0.0,0.0,0.0,0.0,0.0,0.0,0.0
71,65,0.0,0.0,143.0,100.0,100.0,100.0,RUL > 125,100.0,100.0,100.0,100.0,100.0,100.0,SAUDAVEL,0.0,0.0,0.0,0.0,0.0,0.0,0.0
71,66,0.0,0.0,142.0,100.0,100.0,100.0,RUL > 125,100.0,100.0,100.0,100.0,100.0,100.0,SAUDAVEL,0.0,0.0,0.0,0.0,0.0,0.0,0.0
71,67,0.0,0.0,141.0,100.0,100.0,100.0,RUL > 125,100.0,100.0,100.0,100.0,100.0,100.0,SAUDAVEL,0.0,0.0,0.0,0.0,0.0,0.0,0.0
71,68,0.0,0.0,140.0,100.0,100.0,100.0,RUL > 125,100.0,100.0,100.0,100.0,100.0,100.0,SAUDAVEL,0.0,0.0,0.0,0.0,0.0,0.0,0.0
71,69,0.0,14.76394668262423,139.0,100.0,100.0,85.23605331737576,RUL > 125,97.04721066347516,97.04721066347516,96.30901332934394,97.78540799760636,96.30901332934394,97.78540799760636,SAUDAVEL,0.0,2.214592002393644,1.107296001196822,1.3287552014361863,0.8858368009574576,1.5502144016755508,0.6643776007180932
71,70,0.0,29.22207498792074,138.0,100.0,100.0,70.77792501207927,RUL > 125,94.15558500241583,94.15558500241583,92.69448125301982,95.61668875181188,92.69448125301982,95.61668875181188,SAUDAVEL,0.0,4.383311248188122,2.191655624094061,2.6299867489128728,1.7533244992752488,3.0683178737316847,1.3149933744564364
71,71,0.0,28.42964978384718,137.0,100.0,100.0,71.57035021615282,RUL > 125,94.31407004323056,94.31407004323056,92.8925875540382,95.73555253242291,92.8925875540382,95.73555253242291,SAUDAVEL,0.0,4.264447467577085,2.1322237337885426,2.558668480546251,1.7057789870308342,2.9851132273039593,1.2793342402731256
71,72,0.0,7.477304383058058,136.0,100.0,100.0,92.52269561694196,RUL > 125,98.50453912338838,98.50453912338838,98.1306739042355,98.87840434254127,98.1306739042355,98.87840434254127,SAUDAVEL,0.0,1.1215956574587267,0.5607978287293633,0.672957394475236,0.4486382629834907,0.7851169602211087,0.336478697237618
71,73,0.0,0.0,135.0,100.0,100.0,100.0,RUL > 125,100.0,100.0,100.0,100.0,100.0,100.0,SAUDAVEL,0.0,0.0,0.0,0.0,0.0,0.0,0.0
71,74,0.0,0.0,134.0,100.0,100.0,100.0,RUL > 125,100.0,100.0,100.0,100.0,100.0,100.0,SAUDAVEL,0.0,0.0,0.0,0.0,0.0,0.0,0.0
71,75,0.0,0.0,133.0,100.0,100.0,100.0,RUL > 125,100.0,100.0,100.0,100.0,100.0,100.0,SAUDAVEL,0.0,0.0,0.0,0.0,0.0,0.0,0.0
71,76,0.0,0.0,132.0,100.0,100.0,100.0,RUL > 125,100.0,100.0,100.0,100.0,100.0,100.0,SAUDAVEL,0.0,0.0,0.0,0.0,0.0,0.0,0.0
71,77,0.0,0.0,131.0,100.0,100.0,100.0,RUL > 125,100.0,100.0,100.0,100.0,100.0,100.0,SAUDAVEL,0.0,0.0,0.0,0.0,0.0,0.0,0.0
71,78,0.0,0.0,130.0,100.0,100.0,100.0,RUL > 125,100.0,100.0,100.0,100.0,100.0,100.0,SAUDAVEL,0.0,0.0,0.0,0.0,0.0,0.0,0.0
71,79,0.0,0.0,129.0,100.0,100.0,100.0,RUL > 125,100.0,100.0,100.0,100.0,100.0,100.0,SAUDAVEL,0.0,0.0,0.0,0.0,0.0,0.0,0.0
71,80,0.0,0.0,128.0,100.0,100.0,100.0,RUL > 125,100.0,100.0,100.0,100.0,100.0,100.0,SAUDAVEL,0.0,0.0,0.0,0.0,0.0,0.0,0.0
71,81,0.0,0.0,127.0,100.0,100.0,100.0,RUL > 125,100.0,100.0,100.0,100.0,100.0,100.0,SAUDAVEL,0.0,0.0,0.0,0.0,0.0,0.0,0.0
71,82,0.0,0.0,126.0,100.0,100.0,100.0,RUL > 125,100.0,100.0,100.0,100.0,100.0,100.0,SAUDAVEL,0.0,0.0,0.0,0.0,0.0,0.0,0.0
71,83,0.0,0.5855337948978507,125.0,100.0,100.0,99.41446620510214,76-125,99.88289324102044,99.88289324102044,99.85361655127554,99.91216993076532,99.85361655127554,99.91216993076532,SAUDAVEL,0.0,0.08783006923468406,0.04391503461734203,0.05269804154081043,0.03513202769387363,0.06148104846427884,0.026349020770405216
71,84,0.0,7.009409370950063,124.0,99.2,100.0,92.99059062904992,76-125,98.19811812580998,98.27811812581,97.84764765726248,98.46858859435748,97.9276476572625,98.46858859435748,SAUDAVEL,0.7999999999999972,1.5314114056425154,1.1657057028212563,1.2388468433855082,1.0925645622570044,1.31198798394976,1.0194234216927525
71,85,0.0,16.391865891261926,123.0,98.4,100.0,83.60813410873807,76-125,95.92162682174762,96.08162682174763,95.10203352718452,96.5812201163107,95.26203352718451,96.5812201163107,SAUDAVEL,1.5999999999999943,3.4187798836892966,2.5093899418446455,2.691267930213576,2.327511953475715,2.8731459185825057,2.145633965106785
71,86,0.0,20.97532900270124,122.0,97.6,100.0,79.02467099729876,76-125,94.60493419945976,94.84493419945974,93.55616774932469,95.41370064959482,93.79616774932468,95.41370064959482,SAUDAVEL,2.4000000000000057,4.586299350405184,3.493149675202595,3.711779610243113,3.274519740162077,3.9304095452836303,3.0558898051215593
71,87,0.0,0.8827739381475996,121.0,96.8,100.0,99.1172260618524,76-125,98.22344521237048,98.54344521237049,98.17930651546313,97.94758390927784,98.4993065154631,97.94758390927784,SAUDAVEL,3.200000000000003,2.0524160907221614,2.626208045361082,2.5114496544332976,2.740966436288866,2.396691263505514,2.85572482721665
71,88,0.0,0.0,120.0,96.0,100.0,100.0,76-125,98.0,98.4,98.0,97.6,98.4,97.6,SAUDAVEL,4.0,2.4000000000000057,3.200000000000003,3.0400000000000036,3.360000000000002,2.880000000000004,3.5200000000000014
71,89,0.0,0.0,119.0,95.19999999999999,100.0,100.0,76-125,97.6,98.08,97.6,97.12,98.08,97.12,SAUDAVEL,4.800000000000011,2.8799999999999955,3.8400000000000034,3.648000000000002,4.0320000000000045,3.4560000000000004,4.224000000000006
71,90,0.0,0.0,118.0,94.39999999999999,100.0,100.0,76-125,97.2,97.76,97.2,96.64,97.76,96.64,SAUDAVEL,5.6000000000000085,3.3599999999999994,4.480000000000004,4.256000000000003,4.704000000000005,4.032000000000002,4.928000000000005
71,91,0.0,0.0,117.0,93.60000000000001,100.0,100.0,76-125,96.8,97.44,96.8,96.16,97.44,96.16,SAUDAVEL,6.3999999999999915,3.8400000000000034,5.119999999999997,4.863999999999999,5.375999999999996,4.608,5.631999999999994
71,92,0.0,0.0,116.0,92.80000000000001,100.0,100.0,76-125,96.4,97.12,96.4,95.68,97.12,95.68,SAUDAVEL,7.199999999999989,4.319999999999993,5.759999999999991,5.471999999999991,6.04799999999999,5.183999999999992,6.33599999999999
71,93,0.0,0.0,115.0,92.0,100.0,100.0,76-125,96.0,96.8,96.0,95.2,96.8,95.2,SAUDAVEL,8.0,4.799999999999997,6.399999999999999,6.079999999999998,6.719999999999999,5.759999999999998,7.039999999999999
71,94,0.0,0.0,114.0,91.2,100.0,100.0,76-125,95.6,96.48,95.6,94.72,96.48,94.72,SAUDAVEL,8.799999999999997,5.280000000000001,7.039999999999999,6.688,7.3919999999999995,6.336,7.743999999999998
71,95,0.0,0.0,113.0,90.4,100.0,100.0,76-125,95.2,96.16,95.2,94.24,96.16,94.24,SAUDAVEL,9.599999999999994,5.760000000000005,7.68,7.296000000000001,8.063999999999998,6.912000000000002,8.447999999999997
71,96,0.0,0.0,112.0,89.60000000000001,100.0,100.0,76-125,94.8,95.84,94.8,93.76,95.84,93.76,SAUDAVEL,10.399999999999991,6.239999999999995,8.319999999999993,7.903999999999993,8.735999999999994,7.487999999999993,9.151999999999992
71,97,0.0,0.0,111.0,88.8,100.0,100.0,76-125,94.4,95.52,94.4,93.28,95.52,93.28,SAUDAVEL,11.200000000000003,6.719999999999999,8.96,8.512,9.408000000000001,8.064,9.856000000000002
71,98,0.0,0.0,110.0,88.0,100.0,100.0,76-125,94.0,95.2,94.0,92.8,95.2,92.8,SAUDAVEL,12.0,7.200000000000003,9.600000000000001,9.120000000000001,10.08,8.64,10.559999999999999
71,99,0.0,0.0,109.0,87.2,100.0,100.0,76-125,93.6,94.88,93.6,92.32,94.88,92.32,SAUDAVEL,12.799999999999997,7.680000000000007,10.240000000000002,9.728000000000003,10.752,9.216000000000005,11.264
71,100,0.0,0.0,108.0,86.4,100.0,100.0,76-125,93.2,94.56,93.2,91.84,94.56,91.84,SAUDAVEL,13.599999999999994,8.159999999999997,10.879999999999995,10.335999999999995,11.423999999999996,9.791999999999994,11.967999999999995
71,101,0.0,0.0,107.0,85.6,100.0,100.0,76-125,92.8,94.24,92.8,91.36,94.24,91.36,SAUDAVEL,14.400000000000006,8.64,11.520000000000003,10.944000000000003,12.096000000000004,10.368000000000002,12.672000000000004
71,102,0.0,3.4726706133669314,106.0,84.8,100.0,96.52732938663308,76-125,91.70546587732662,93.2254658773266,91.53183234665828,90.35909940799496,93.05183234665829,90.35909940799496,SAUDAVEL,15.200000000000003,9.640900592005039,12.420450296002521,11.864540355203026,12.976360236802016,11.308630414403527,13.532270177601513
71,103,0.0,15.384987001455222,105.0,84.0,100.0,84.61501299854478,76-125,88.92300259970895,90.52300259970896,88.1537532496362,88.09225194978173,89.75375324963619,88.09225194978173,SAUDAVEL,16.0,11.907748050218274,13.953874025109137,13.544648830130964,14.36309922008731,13.13542363515279,14.772324415065482
71,104,0.0,3.495779856080704,104.0,83.2,100.0,96.5042201439193,76-125,90.90084402878384,92.58084402878386,90.7260550359798,89.3956330215879,92.40605503597982,89.3956330215879,SAUDAVEL,16.799999999999997,10.604366978412102,13.70218348920605,13.08262018704726,14.32174679136484,12.46305688488847,14.94131009352363
71,105,0.0,0.0,103.0,82.39999999999999,100.0,100.0,76-125,91.2,92.96,91.2,89.44,92.96,89.44,SAUDAVEL,17.60000000000001,10.560000000000002,14.080000000000005,13.376000000000005,14.784000000000006,12.672000000000004,15.488000000000007
71,106,0.0,0.0,102.0,81.6,100.0,100.0,76-125,90.8,92.64,90.8,88.96,92.64,88.96,SAUDAVEL,18.400000000000006,11.040000000000006,14.720000000000006,13.984000000000005,15.456000000000007,13.248000000000005,16.192000000000004
71,107,0.0,0.0,101.0,80.80000000000001,100.0,100.0,76-125,90.4,92.32,90.4,88.48,92.32,88.48,SAUDAVEL,19.19999999999999,11.519999999999996,15.359999999999992,14.591999999999993,16.127999999999993,13.823999999999993,16.89599999999999
71,108,0.0,0.0,100.0,80.0,100.0,100.0,76-125,90.0,92.0,90.0,88.0,92.0,88.0,SAUDAVEL,20.0,12.0,16.0,15.2,16.8,14.399999999999999,17.6
71,109,0.0,0.0,99.0,79.2,100.0,100.0,76-125,89.6,91.68,89.6,87.52000000000001,91.68,87.52000000000001,SAUDAVEL,20.799999999999997,12.47999999999999,16.639999999999993,15.807999999999993,17.471999999999994,14.975999999999992,18.303999999999995
71,110,0.0,0.0,98.0,78.4,100.0,100.0,76-125,89.2,91.36,89.2,87.03999999999999,91.36,87.03999999999999,SAUDAVEL,21.599999999999994,12.960000000000008,17.28,16.416000000000004,18.144,15.552000000000003,19.008
71,111,0.0,0.0,97.0,77.60000000000001,100.0,100.0,76-125,88.80000000000001,91.04,88.80000000000001,86.56,91.04,86.56,SAUDAVEL,22.39999999999999,13.439999999999998,17.919999999999995,17.023999999999994,18.815999999999995,16.127999999999993,19.711999999999993
71,112,0.0,0.0,96.0,76.8,100.0,100.0,76-125,88.4,90.72,88.4,86.08,90.72,86.08,SAUDAVEL,23.200000000000003,13.920000000000002,18.560000000000002,17.632,19.488000000000003,16.704,20.416000000000004
71,113,0.0,0.0,95.0,76.0,100.0,100.0,76-125,88.0,90.4,88.0,85.6,90.4,85.6,SAUDAVEL,24.0,14.400000000000006,19.200000000000003,18.240000000000002,20.16,17.28,21.119999999999997
71,114,0.0,0.0,94.0,75.2,100.0,100.0,76-125,87.6,90.08,87.6,85.12,90.08,85.12,SAUDAVEL,24.799999999999997,14.879999999999995,19.839999999999996,18.848,20.831999999999994,17.855999999999995,21.823999999999995
71,115,0.0,0.0,93.0,74.4,100.0,100.0,76-125,87.2,89.76,87.2,84.64,89.76,84.64,SAUDAVEL,25.599999999999994,15.36,20.479999999999997,19.455999999999996,21.503999999999998,18.431999999999995,22.527999999999995
71,116,0.0,0.0,92.0,73.6,100.0,100.0,76-125,86.8,89.44,86.8,84.16,89.44,84.16,SAUDAVEL,26.400000000000006,15.840000000000003,21.120000000000005,20.064000000000004,22.176000000000005,19.008000000000003,23.232000000000006
71,117,0.0,0.0,91.0,72.8,100.0,100.0,76-125,86.4,89.12,86.4,83.68,89.12,83.68,SAUDAVEL,27.200000000000003,16.319999999999993,21.759999999999998,20.671999999999997,22.848,19.583999999999996,23.935999999999996
71,118,0.0,0.0,90.0,72.0,100.0,100.0,76-125,86.0,88.8,86.0,83.19999999999999,88.8,83.19999999999999,SAUDAVEL,28.0,16.80000000000001,22.400000000000006,21.28000000000001,23.520000000000007,20.160000000000007,24.64
71,119,0.0,0.0,89.0,71.2,100.0,100.0,76-125,85.6,88.48,85.6,82.72,88.48,82.72,SAUDAVEL,28.799999999999997,17.28,23.04,21.887999999999998,24.192,20.735999999999997,25.343999999999998
71,120,0.0,16.998297650755426,88.0,70.39999999999999,100.0,83.00170234924457,76-125,81.8003404698489,84.76034046984891,80.95042558731114,79.69025535238669,83.91042558731114,79.69025535238669,ATENCAO,29.60000000000001,20.309744647613314,24.95487232380666,24.02584678856799,25.883897859045334,23.096821253329324,26.812923394284
71,121,0.0,48.59704777451162,87.0,69.6,100.0,51.40295222548838,76-125,75.08059044509767,78.12059044509768,72.65073805637209,74.47044283382324,75.6907380563721,74.47044283382324,ATENCAO,30.400000000000006,25.529557166176758,27.964778583088382,27.477734299706057,28.451822866470707,26.99069001632373,28.938867149853028
71,122,0.0,81.66806115032773,86.0,68.8,100.0,18.33193884967227,76-125,68.06638776993447,71.18638776993446,63.98298471241807,69.02979082745084,67.10298471241806,69.02979082745084,ATENCAO,31.200000000000003,30.97020917254916,31.085104586274582,31.0621255035295,31.108083669019667,31.039146420784412,31.13106275176475
71,123,0.0,100.0,85.0,68.0,100.0,0.0,76-125,64.0,67.2,59.0,65.8,62.2,65.8,ATENCAO,32.0,34.2,33.1,33.32,32.88,33.54,32.66
71,124,0.0,100.0,84.0,67.2,100.0,0.0,76-125,63.6,66.88,58.6,65.32,61.88,65.32,ATENCAO,32.8,34.68000000000001,33.74,33.928000000000004,33.552,34.116,33.364
71,125,0.0,100.0,83.0,66.4,100.0,0.0,76-125,63.2,66.56,58.2,64.84,61.56,64.84,ATENCAO,33.599999999999994,35.16,34.379999999999995,34.535999999999994,34.224,34.69199999999999,34.068
71,126,0.0,100.0,82.0,65.60000000000001,100.0,0.0,76-125,62.8,66.24000000000001,57.8,64.36000000000001,61.24000000000001,64.36000000000001,ATENCAO,34.39999999999999,35.639999999999986,35.01999999999999,35.14399999999999,34.89599999999999,35.26799999999999,34.771999999999984
71,127,0.0,100.0,81.0,64.8,100.0,0.0,76-125,62.4,65.92,57.4,63.88,60.92,63.88,ATENCAO,35.2,36.12,35.66,35.751999999999995,35.568,35.843999999999994,35.476
71,128,0.0,100.0,80.0,64.0,100.0,0.0,76-125,62.0,65.6,57.0,63.4,60.6,63.4,ATENCAO,36.0,36.6,36.3,36.36,36.239999999999995,36.42,36.18
71,129,0.0,100.0,79.0,63.2,100.0,0.0,76-125,61.6,65.28,56.6,62.92,60.28,62.92,ATENCAO,36.8,37.08,36.94,36.967999999999996,36.912,36.995999999999995,36.884
71,130,0.0,87.29903105457495,78.0,62.4,100.0,12.700968945425046,76-125,63.74019378908501,67.50019378908502,59.37524223635626,64.34514534181375,63.13524223635626,64.34514534181375,ATENCAO,37.6,35.65485465818625,36.62742732909312,36.43291279491175,36.8219418632745,36.23839826073038,37.016456397455876
71,131,1.7253221340621232,82.56540118985816,77.0,61.6,98.27467786593787,17.434598810141836,76-125,63.76932312180973,67.43679090840352,59.72731916901993,64.14385928800574,63.39478695561371,64.14385928800574,ATENCAO,38.4,35.85614071199426,37.128070355997124,36.87368442719655,37.382456284797705,36.61929849839598,37.63684221359828
71,132,7.374249665524289,80.85805533204258,76.0,60.8,92.62575033447573,19.14194466795741,76-125,62.016114033934194,65.19868906738176,58.34192375060829,62.50772928381254,61.52449878405585,62.50772928381254,ATENCAO,39.2,37.49227071618746,38.34613535809373,38.17536242971248,38.51690828647499,38.004589501331225,38.68768121485624
71,133,35.32912764450423,100.0,75.0,60.0,64.67087235549576,0.0,31-75,49.401261706648725,49.86834894219831,46.16771808887394,52.16771808887394,46.63480532442351,52.16771808887394,RISCO,40.0,47.83228191112606,43.91614095556303,44.699369146675636,43.132912764450424,45.48259733778824,42.34968457333782
71,134,48.24409212211401,100.0,74.0,59.199999999999996,51.75590787788599,0.0,31-75,45.1267723633658,44.3823631511544,42.53897696947149,48.45897696947149,41.7945677572601,48.45897696947149,RISCO,40.800000000000004,51.54102303052851,46.17051151526425,47.244613818317106,45.096409212211405,48.31871612136995,44.02230690915855
71,135,48.93245022214908,100.0,73.0,58.4,51.06754977785092,0.0,31-75,44.52026493335528,43.78701991114037,41.96688744446273,47.80688744446273,41.23364242224783,47.80688744446273,RISCO,41.6,52.19311255553727,46.89655627776864,47.95586753332236,45.83724502221491,49.015178788876085,44.77793376666118
71,136,44.12109808186245,100.0,72.0,57.599999999999994,55.87890191813755,0.0,31-75,45.56367057544127,45.39156076725502,42.76972547953439,48.52972547953439,42.59761567134814,48.52972547953439,RISCO,42.400000000000006,51.47027452046561,46.93513726023281,47.84216471227937,46.028109808186244,48.74919216432592,45.12108235613968
71,137,46.20870924583784,100.0,71.0,56.8,53.79129075416216,0.0,31-75,44.53738722624865,44.236516301664864,41.84782268854054,47.52782268854054,41.54695176395676,47.52782268854054,RISCO,43.2,52.47217731145946,47.83608865572973,48.763306386875676,46.90887092458379,49.69052411802162,45.981653193437836
71,138,50.0137255078687,100.0,70.0,56.00000000000001,49.9862744921313,0.0,31-75,42.9958823476394,42.39450979685253,40.49656862303283,46.09656862303282,39.89519607224596,46.09656862303282,RISCO,43.99999999999999,53.90343137696718,48.95171568848359,49.9420588261803,47.96137255078686,50.93240196387702,46.97102941309015
71,139,50.04288163497096,100.0,69.0,55.2,49.95711836502904,0.0,31-75,42.58713550950871,42.06284734601162,40.08927959125726,45.609279591257256,39.56499142776016,45.609279591257256,RISCO,44.8,54.390720408742744,49.595360204371374,50.55443224524565,48.6362881634971,51.51350428611992,47.67721612262282
71,140,50.07089729588879,85.06935739021331,68.0,54.400000000000006,49.92910270411121,14.930642609786688,31-75,45.16485933319071,44.71776960360183,43.41493632847448,47.36187206749581,42.9678465988856,47.36187206749581,RISCO,45.599999999999994,52.63812793250419,49.11906396625209,49.822876759502506,48.41525117300168,50.52668955275293,47.71143837975125
71,141,50.18708807590759,68.12950697416251,67.0,53.6,49.81291192409241,31.87049302583749,31-75,48.11797218239522,47.73926337480446,47.22085123748248,49.393801934898725,46.84214242989172,49.393801934898725,RISCO,46.4,50.606198065101275,48.50309903255064,48.92371883906076,48.08247922604051,49.34433864557089,47.66185941953038
71,142,50.29085772632089,52.4125054881305,66.0,52.800000000000004,49.70914227367911,47.5874945118695,31-75,50.83024158447763,50.52115581184555,50.72415919638716,51.2454097452002,50.41507342375507,51.2454097452002,RISCO,47.199999999999996,48.7545902547998,47.9772951273999,48.13275415287988,47.821836101919914,48.288213178359854,47.66637707643993
71,143,50.4211297779248,63.03815824977863,65.0,52.0,49.5788702220752,36.96184175022137,31-75,48.26602941666683,48.02391643887436,47.635177993074144,49.138993818052,47.393065015281664,49.138993818052,RISCO,48.0,50.861006181948,49.430503090974,49.7166037091688,49.1444024727792,50.002704327363595,48.8583018545844
71,144,50.52046023156843,85.00630087108316,64.0,51.2,49.47953976843157,14.993699128916845,31-75,43.44260175631284,43.270555733156,41.718309724337104,45.33893981144542,41.546263701180266,45.33893981144542,RISCO,48.8,54.66106018855458,51.730530094277285,52.316636113132745,51.14442407542183,52.902742131988205,50.55831805656637
71,145,50.359837570197314,87.12527199139384,63.0,50.4,49.640162429802686,12.874728008606157,31-75,42.66699433066204,42.59101057364231,40.82872260960221,44.5812498087416,40.75273885258248,44.5812498087416,RISCO,49.6,55.4187501912584,52.509375095629196,53.09125011475504,51.92750007650336,53.67312513388087,51.34562505737752
71,146,50.39692427456527,80.7680640244516,62.0,49.6,49.60307572543473,19.2319359755484,31-75,43.527309912740094,43.52761748528358,42.00875292524578,45.04555932769094,42.00906049778926,45.04555932769094,RISCO,50.4,54.95444067230906,52.677220336154534,53.132664403385434,52.22177626892362,53.58810847061634,51.76633220169271
71,147,50.56486177854253,81.3383952822669,61.0,48.8,49.43513822145747,18.6616047177331,31-75,42.962862409983856,43.02637623212961,41.42418573479764,44.43802526302433,41.48769955694338,44.43802526302433,RISCO,51.2,55.56197473697567,53.38098736848784,53.817184842185405,52.94478989479027,54.253382315882966,52.5085924210927
71,148,50.629538930351245,81.9856230434641,60.0,48.0,49.37046106964876,18.014376956535898,31-75,42.41401371220181,42.55105981916668,40.84620950654616,43.84477181089257,40.98325561351104,43.84477181089257,RISCO,52.0,56.15522818910743,54.07761409455372,54.493136913464454,53.66209127564298,54.9086597323752,53.24656845673223
71,149,50.56705596523334,70.63921882295799,59.0,47.199999999999996,49.43294403476666,29.36078117704201,31-75,44.3020394458384,44.52533384931507,43.29843130295217,45.08235318524797,43.52172570642883,45.08235318524797,RISCO,52.800000000000004,54.91764681475203,53.85882340737602,54.070588088851224,53.64705872590081,54.282352770326426,53.43529404442561
71,150,50.496547694440586,48.101104536432985,58.0,46.400000000000006,49.50345230555941,51.898895463567015,31-75,48.43081478438123,48.74116001493718,48.55058694228161,48.00069739592491,48.86093217283755,48.00069739592491,RISCO,53.599999999999994,51.99930260407509,52.799651302037546,52.63958156244505,52.95972104163003,52.47951182285256,53.11979078122252
71,151,50.60173108653328,36.74409666544197,57.0,45.6,49.39826891346672,63.25590333455803,31-75,50.27066134095163,50.6504882322983,50.96354306200618,49.19795272855038,51.34336995335286,49.19795272855038,RISCO,54.4,50.80204727144962,52.60102363572481,52.24122836286977,52.96081890857985,51.88143309001473,53.320614181434884
71,152,50.65746518468065,32.012048141909624,56.0,44.800000000000004,49.34253481531935,67.98795185809038,31-75,50.80035081621388,51.25460429774582,51.73262166835244,49.41382648254339,52.186875149884365,49.41382648254339,RISCO,55.199999999999996,50.58617351745661,52.8930867587283,52.43170411047396,53.354469406982645,51.970321462219616,53.815852055236974
71,153,50.72380753419869,37.83759838967233,55.0,44.0,49.27619246580131,62.16240161032767,31-75,49.21533806180593,49.74295730838606,49.85964851903224,48.04340835799948,50.38726776561238,48.04340835799948,RISCO,56.0,51.95659164200052,53.97829582100026,53.57395498520032,54.38263665680021,53.16961414940036,54.78697749260015
71,154,50.70143992163146,45.99120988096346,54.0,43.2,49.29856007836854,54.00879011903654,31-75,47.19132604731787,47.801182055154726,47.42683754935127,46.34595853744762,48.03669355718812,46.34595853744762,RISCO,56.8,53.65404146255238,55.227020731276184,54.91242487753142,55.54161658502095,54.59782902378666,55.85621243876571
71,155,50.81584416642808,45.196583796631735,53.0,42.4,49.18415583357192,54.803416203368265,31-75,46.91592999074523,47.59434557410243,47.19689300923505,45.95655138889822,47.87530859259224,45.95655138889822,RISCO,57.6,54.04344861110178,55.82172430555089,55.46606916666107,56.17737944444072,55.11041402777124,56.53303458333053
71,156,50.78300321064594,37.8922651359341,52.0,41.6,49.21699678935406,62.1077348640659,31-75,47.9866460096194,48.748345688554814,48.63118291335499,46.5804094269484,49.39288259229039,46.5804094269484,RISCO,58.4,53.4195905730516,55.9097952865258,55.41175434383096,56.40783622922064,54.91371340113612,56.90587717191548
71,157,50.66338145279652,30.57621422377963,51.0,40.8,49.33661854720348,69.42378577622037,31-75,49.08574271940512,49.93940457412547,50.09010108085596,47.22772250323392,50.94376293557631,47.22772250323392,RISCO,59.2,52.77227749676608,55.98613874838304,55.34336649805965,56.62891099870644,54.70059424773625,57.27168324902982
71,158,50.59564318969857,22.484864248618567,50.0,40.0,49.40435681030143,77.51513575138144,31-75,50.32433419336672,51.26476987439686,51.72987314042072,47.978359565282574,52.67030882145086,47.978359565282574,RISCO,60.0,52.021640434717426,56.01082021735871,55.21298426083045,56.80865617388697,54.41514830430219,57.606492130415226
71,159,50.69395211985129,16.552963394273085,49.0,39.2,49.30604788014871,83.44703660572691,31-75,51.08122168519,52.09182647320487,52.78827112146891,48.36356746089621,53.798875909483776,48.36356746089621,RISCO,60.8,51.63643253910379,56.21821626955189,55.30185952346227,57.134573015641514,54.38550277737265,58.050929761731126
71,160,50.92950016322876,19.49911456400322,48.0,38.4,49.07049983677124,80.50088543599678,31-75,50.02132703823072,51.08837702190785,51.592846318192,47.38275777459232,52.659896301869125,47.38275777459232,RISCO,61.6,52.61724222540768,57.108621112703844,56.21034533524461,58.00689689016308,55.31206955778538,58.9051726676223
71,161,50.8846936256964,21.532292512432544,47.0,37.6,49.1153063743036,78.46770748756745,31-75,49.22813340980457,50.37966404723493,50.69575346546776,46.60898271671102,51.84728410289812,46.60898271671102,RISCO,62.4,53.39101728328898,57.89550864164449,56.99461036997339,58.79640691331559,56.093712098302284,59.69730518498669
71,162,50.7821895042549,16.439031015146696,46.0,36.8,49.2178104957451,83.5609689848533,31-75,49.87753694569419,51.1193179952687,51.5946948701496,46.91859797166426,52.83647591972411,46.91859797166426,RISCO,63.2,53.08140202833574,58.140701014167874,57.128841217001444,59.1525608113343,56.116981419835014,60.16442060850072
71,163,50.82250974690404,18.21017207335848,45.0,36.0,49.17749025309596,81.78982792664152,31-75,49.111212661257085,50.42896168656669,50.74182954493437,46.16284675227022,52.05957857024397,46.16284675227022,RISCO,64.0,53.83715324772978,58.918576623864894,57.90229194863787,59.934861299091914,56.88600727341084,60.95114597431893
71,164,50.83921228129429,17.595008711359363,44.0,35.199999999999996,49.16078771870571,82.40499128864064,31-75,48.829234573339846,50.22531334521041,50.49144475183659,45.77094562297252,51.88752352370716,45.77094562297252,RISCO,64.80000000000001,54.22905437702748,59.514527188513746,58.45743262621649,60.571621750811,57.400338063919236,61.62871631310825
71,165,51.01380525428811,37.77364938759584,43.0,34.4,48.98619474571189,62.22635061240416,31-75,44.3411285461944,45.79974802076559,45.00313633952901,42.220501278288594,46.4617558141002,42.220501278288594,RISCO,65.6,57.779498721711406,61.6897493608557,60.90769923302685,62.47179948868455,60.12564910519798,63.25384961651342
71,166,51.13145474537155,60.40817782623002,42.0,33.6,48.86854525462845,39.59182217376998,31-75,39.37892801114253,40.90578253660538,38.9150918570996,38.315909639722605,40.44194638256245,38.315909639722605,RISCO,66.4,61.684090360277395,64.0420451801387,63.57045421616644,64.51363614411096,63.09886325219418,64.98522710808322
71,167,51.35835004040901,83.28135880231453,41.0,32.800000000000004,48.64164995959099,16.71864119768547,31-75,34.33622322741439,35.92038822337349,32.740072789319115,34.34820866955057,34.324237785278214,34.34820866955057,RISCO,67.19999999999999,65.65179133044943,66.42589566522472,66.27107479826965,66.58071653217976,66.11625393131459,66.73553739913481
71,168,51.3871932444518,90.88653086243838,40.0,32.0,48.6128067555482,9.113469137561625,31-75,32.40653585417678,34.0678165297316,30.431568973277457,32.72022205952129,32.09284964883227,32.72022205952129,RISCO,68.0,67.27977794047871,67.63988897023935,67.56786676428723,67.71191117619148,67.4958445583351,67.7839333821436
71,169,51.54467337067637,100.0,39.0,31.2,48.45532662932363,0.0,31-75,30.136597988797085,31.86213065172945,27.713831657330907,30.833831657330904,29.43936432026327,30.833831657330904,RISCO,68.8,69.1661683426691,68.98308417133455,69.01970100560146,68.94646733706763,69.05631783986836,68.90985050280072
71,170,51.61350127657069,100.0,38.0,30.4,48.38649872342931,0.0,31-75,29.71594961702879,31.51459948937173,27.296624680857327,30.336624680857327,29.09527455320026,30.336624680857327,RISCO,69.6,69.66337531914267,69.63168765957133,69.6380251914856,69.62535012765707,69.64436272339987,69.61901259574279
71,171,51.74687275657316,100.0,37.0,29.599999999999998,48.25312724342684,0.0,31-75,29.27593817302805,31.14125089737073,26.86328181085671,29.823281810856702,28.72859453519939,29.823281810856702,CRITICO,70.4,70.1767181891433,70.28835909457166,70.26603091348599,70.31068727565733,70.24370273240031,70.333015456743
71,172,51.98429620957916,100.0,36.0,28.799999999999997,48.01570379042084,0.0,31-75,28.804711137126247,30.72628151616833,26.40392594760521,29.283925947605205,28.32549632664729,29.283925947605205,CRITICO,71.2,70.71607405239479,70.95803702619739,70.90964443143687,71.00642962095792,70.86125183667635,71.05482221571843
71,173,52.24621121380943,100.0,35.0,28.000000000000004,47.75378878619057,0.0,31-75,28.32613663585717,30.301515514476232,25.93844719654764,28.738447196547643,27.9138260751667,28.738447196547643,CRITICO,72.0,71.26155280345236,71.63077640172618,71.55693168207142,71.70462112138094,71.48308696241665,71.77846584103571
71,174,52.33202983068704,100.0,34.0,27.200000000000003,47.66797016931296,0.0,31-75,27.90039105079389,29.947188067725182,25.51699254232824,28.23699254232824,27.563789559259536,28.23699254232824,CRITICO,72.8,71.76300745767176,72.28150372883587,72.17780447460305,72.38520298306871,72.07410522037023,72.48890223730152
71,175,52.8884421544418,100.0,33.0,26.400000000000002,47.1115578455582,0.0,31-75,27.333467353667466,29.404623138223283,24.97788946138955,27.617889461389552,27.04904524594537,27.617889461389552,CRITICO,73.6,72.38211053861045,72.99105526930522,72.86926632316627,73.11284421544417,72.74747737702731,73.23463316158313
71,176,53.33136611874917,100.0,32.0,25.6,46.66863388125083,0.0,31-75,26.80059016437525,28.90745355250033,24.467158470312707,27.027158470312703,26.574021858437792,27.027158470312703,CRITICO,74.4,72.9728415296873,73.68642076484366,73.54370491781239,73.82913661187493,73.40098907078111,73.97185245890618
71,177,53.86893760054063,100.0,31.0,24.8,46.13106239945937,0.0,31-75,26.23931871983781,28.37242495978375,23.932765599864844,26.41276559986484,26.06587183981078,26.41276559986484,CRITICO,75.2,73.58723440013516,74.39361720006758,74.23234064008109,74.55489376005406,74.0710640800946,74.71617032004055
71,178,54.02568863732391,100.0,30.0,24.0,45.97431136267609,0.0,0-30,25.792293408802827,27.98972454507044,23.493577840669023,25.89357784066902,25.69100897693664,25.89357784066902,CRITICO,76.0,74.10642215933098,75.05321107966549,74.86385329559859,75.2425688637324,74.67449551153167,75.43192664779929
71,179,54.58162944776117,100.0,29.0,23.200000000000003,45.41837055223883,0.0,0-30,25.225511165671648,27.44734822089553,22.954592638059708,25.27459263805971,25.176429693283588,25.27459263805971,CRITICO,76.8,74.72540736194028,75.76270368097013,75.55524441716418,75.97016294477612,75.34778515335819,76.17762220858208
71,180,55.48346625460504,100.0,28.0,22.400000000000002,44.51653374539496,0.0,0-30,24.55496012361849,26.766613498157984,22.32913343634874,24.569133436348743,24.540786810888235,24.569133436348743,CRITICO,77.6,75.43086656365125,76.51543328182562,76.29851993819075,76.7323466254605,76.08160659455586,76.94925996909537
71,181,56.07087020143504,100.0,27.0,21.6,43.92912979856496,0.0,0-30,23.97873893956949,26.211651919425982,21.78228244964124,23.94228244964124,24.015195429497737,23.94228244964124,CRITICO,78.4,76.05771755035876,77.22885877517939,76.99463053021526,77.4630870201435,76.76040228525113,77.69731526510763
71,182,56.80616116042496,100.0,26.0,20.8,43.19383883957504,0.0,0-30,23.35815165187251,25.597535535830016,21.19845970989376,23.27845970989376,23.437843593851262,23.27845970989376,CRITICO,79.2,76.72154029010625,77.96077014505312,77.71292417406374,78.2086161160425,77.46507820307437,78.45646208703187
71,183,57.82341601891629,100.0,25.0,20.0,42.17658398108371,0.0,0-30,22.652975194325112,24.870633592433485,20.544145995270927,22.544145995270927,22.761804393379297,22.544145995270927,CRITICO,80.0,77.45585400472908,78.72792700236454,78.47351240283744,78.98234160189163,78.21909780331035,79.23675620141873
71,184,58.91887716189973,100.0,24.0,19.2,41.08112283810027,0.0,0-30,21.92433685143008,24.11244913524011,19.87028070952507,21.790280709525067,22.058392993335094,21.790280709525067,CRITICO,80.8,78.20971929047494,79.50485964523747,79.24583157428496,79.76388771618997,78.98680350333245,80.02291578714248
71,185,59.65143855903248,100.0,23.0,18.4,40.34856144096752,0.0,0-30,21.304568432290253,23.49942457638701,19.28714036024188,21.12714036024188,21.481996504338632,21.12714036024188,CRITICO,81.6,78.87285963975812,80.23642981987905,79.96371578385487,80.50914385590325,79.69100174783068,80.78185789192743
71,186,60.29629262510724,100.0,22.0,17.599999999999998,39.70370737489276,0.0,0-30,20.711112212467825,22.921482949957102,18.725926843723187,20.48592684372319,20.936297581212465,20.48592684372319,CRITICO,82.4,79.51407315627681,80.9570365781384,80.66844389376608,81.24562926251073,80.37985120939376,81.53422194688304
71,187,61.50134921566728,100.0,21.0,16.8,38.49865078433272,0.0,0-30,19.949595235299817,22.11946031373309,18.02466269608318,19.70466269608318,20.19452777451645,19.70466269608318,CRITICO,83.2,80.29533730391682,81.7476686519584,81.45720238235009,82.03813492156672,81.16673611274177,82.32860119117504
71,188,62.77583481177415,100.0,20.0,16.0,37.22416518822585,0.0,0-30,19.167249556467752,21.28966607529034,17.30604129705646,18.90604129705646,19.42845781587905,18.90604129705646,CRITICO,84.0,81.09395870294354,82.54697935147178,82.25637522176612,82.83758348117742,81.96577109206048,83.12818761088306
71,189,63.81733641773574,100.0,19.0,15.2,36.18266358226426,0.0,0-30,18.45479907467928,20.553065432905704,16.645665895566065,18.165665895566065,18.74393225379249,18.165665895566065,CRITICO,84.8,81.83433410443394,83.31716705221697,83.02060046266035,83.61373364177356,82.72403387310375,83.91030023133017
71,190,64.38432000620702,100.0,18.0,14.399999999999999,35.61567999379298,0.0,0-30,17.884703998137894,20.006271997517192,16.103919998448244,17.543919998448246,18.225487997827543,17.543919998448246,CRITICO,85.6,82.45608000155175,84.02804000077587,83.71364800093104,84.3424320006207,83.39925600108621,84.65682400046552
71,191,66.57921556353787,100.0,17.0,13.600000000000001,33.42078443646213,0.0,0-30,16.826235330938637,18.808313774584853,15.155196109115533,16.515196109115532,17.137274552761745,16.515196109115532,CRITICO,86.4,83.48480389088446,84.94240194544224,84.65088233453068,85.23392155635379,84.35936272361911,85.52544116726534
71,192,68.45408449507579,100.0,16.0,12.8,31.54591550492421,0.0,0-30,15.863774651477264,17.738366201969686,14.286478876231053,15.566478876231052,16.161070426723473,15.566478876231052,CRITICO,87.2,84.43352112376894,85.81676056188448,85.54011267426137,86.09340844950758,85.26346478663825,86.37005633713068
71,193,69.40095614556172,100.0,15.0,12.0,30.59904385443828,0.0,0-30,15.179713156331482,17.039617541775314,13.64976096360957,14.849760963609569,15.509665349053398,14.849760963609569,CRITICO,88.0,85.15023903639043,86.57511951819521,86.29014342183426,86.86009561455617,86.0051673254733,87.14507171091712
71,194,71.03626012342816,100.0,14.0,11.200000000000001,28.96373987657184,0.0,0-30,14.28912196297155,16.065495950628737,12.84093496914296,13.96093496914296,14.617308956800144,13.96093496914296,CRITICO,88.8,86.03906503085705,87.41953251542853,87.14343901851423,87.69562601234281,86.86734552159993,87.97171950925711
71,195,72.89558561313285,100.0,13.0,10.4,27.10441438686715,0.0,0-30,13.331324316060144,15.00176575474686,11.976103596716786,13.016103596716787,13.646545035403502,13.016103596716787,CRITICO,89.6,86.98389640328321,88.2919482016416,88.03033784196992,88.55355856131328,87.76872748229825,88.81516892098496
71,196,75.55847037827104,100.0,12.0,9.6,24.44152962172896,0.0,0-30,12.132458886518688,13.616611848691583,10.91038240543224,11.87038240543224,12.394535367605137,11.87038240543224,CRITICO,90.4,88.12961759456776,89.26480879728388,89.03777055674067,89.49184703782711,88.81073231619743,89.71888527837032
71,197,78.10245289572377,100.0,11.0,8.799999999999999,21.897547104276228,0.0,0-30,10.969264131282868,12.27901884171049,9.874386776069056,10.754386776069056,11.184141486496678,10.754386776069056,CRITICO,91.2,89.24561322393095,90.22280661196547,90.02736793435858,90.41824528957238,89.83192925675166,90.61368396717928
71,198,80.57671849712767,100.0,10.0,8.0,19.423281502872328,0.0,0-30,9.826984450861698,10.969312601148932,8.855820375718082,9.655820375718084,9.998148526005314,9.655820375718084,CRITICO,92.0,90.34417962428192,91.17208981214097,91.00650777456916,91.33767184971276,90.84092573699733,91.50325388728457
71,199,83.0418124726695,100.0,9.0,7.199999999999999,16.958187527330495,0.0,0-30,8.687456258199148,9.663275010932198,7.839546881832623,8.559546881832624,8.815365634565673,8.559546881832624,CRITICO,92.8,91.44045311816737,92.12022655908368,91.98427187090041,92.25618124726695,91.84831718271715,92.3921359354502
71,200,85.9927194980387,100.0,8.0,6.4,14.007280501961304,0.0,0-30,7.402184150588392,8.162912200784522,6.701820125490326,7.341820125490326,7.462548175686456,7.341820125490326,CRITICO,93.6,92.65817987450967,93.12908993725483,93.0349079247058,93.22327194980386,92.94072591215676,93.3174539623529
71,201,89.35179154773867,100.0,7.0,5.6000000000000005,10.64820845226133,0.0,0-30,5.994462535678399,6.499283380904532,5.462052113065333,6.022052113065333,5.966872958291465,6.022052113065333,CRITICO,94.4,93.97794788693467,94.18897394346735,94.14676873216081,94.23117915477387,94.10456352085427,94.27338436608039
71,202,92.72306653239384,100.0,6.0,4.8,7.276933467606156,0.0,0-30,4.583080040281846,4.830773387042463,4.219233366901539,4.699233366901539,4.466926713662154,4.699233366901539,CRITICO,95.2,95.30076663309846,95.25038331654923,95.26045997985908,95.24030665323939,95.27053664316892,95.23022998992954
71,203,95.97027657106436,100.0,5.0,4.0,4.02972342893564,0.0,0-30,3.208917028680692,3.211889371574256,3.00743085723391,3.40743085723391,3.010403200127474,3.40743085723391,CRITICO,96.0,96.5925691427661,96.29628457138304,96.35554148565966,96.23702765710644,96.41479839993626,96.17777074282981
71,204,100.0,100.0,4.0,3.2,0.0,0.0,0-30,1.6,1.2800000000000002,1.6,1.92,1.2800000000000002,1.92,CRITICO,96.8,98.08,97.44,97.568,97.312,97.696,97.184
71,205,100.0,100.0,3.0,2.4,0.0,0.0,0-30,1.2,0.96,1.2,1.44,0.96,1.44,CRITICO,97.6,98.56,98.08,98.17599999999999,97.98400000000001,98.27199999999999,97.88799999999999
71,206,100.0,100.0,2.0,1.6,0.0,0.0,0-30,0.8,0.6400000000000001,0.8,0.96,0.6400000000000001,0.96,CRITICO,98.4,99.04,98.72,98.784,98.656,98.848,98.592
71,207,100.0,100.0,1.0,0.8,0.0,0.0,0-30,0.4,0.32,0.4,0.48,0.32,0.48,CRITICO,99.2,99.52,99.36,99.392,99.328,99.42399999999998,99.29599999999999
71,208,100.0,100.0,0.0,0.0,0.0,0.0,0-30,0.0,0.0,0.0,0.0,0.0,0.0,CRITICO,100.0,100.0,100.0,100.0,100.0,100.0,100.0
74,39,0.0,0.0,127.0,100.0,100.0,100.0,RUL > 125,100.0,100.0,100.0,100.0,100.0,100.0,SAUDAVEL,0.0,0.0,0.0,0.0,0.0,0.0,0.0
74,40,0.0,0.0,126.0,100.0,100.0,100.0,RUL > 125,100.0,100.0,100.0,100.0,100.0,100.0,SAUDAVEL,0.0,0.0,0.0,0.0,0.0,0.0,0.0
74,41,0.0,0.0,125.0,100.0,100.0,100.0,76-125,100.0,100.0,100.0,100.0,100.0,100.0,SAUDAVEL,0.0,0.0,0.0,0.0,0.0,0.0,0.0
74,42,0.0,0.0,124.0,99.2,100.0,100.0,76-125,99.6,99.68,99.6,99.52,99.68,99.52,SAUDAVEL,0.7999999999999972,0.480000000000004,0.6400000000000006,0.6080000000000012,0.6719999999999999,0.5760000000000018,0.7039999999999991
74,43,0.0,0.0,123.0,98.4,100.0,100.0,76-125,99.2,99.36,99.2,99.04,99.36,99.04,SAUDAVEL,1.5999999999999943,0.9599999999999937,1.279999999999994,1.215999999999994,1.343999999999994,1.151999999999994,1.407999999999994
74,44,0.0,0.0,122.0,97.6,100.0,100.0,76-125,98.8,99.04,98.8,98.56,99.04,98.56,SAUDAVEL,2.4000000000000057,1.4399999999999977,1.9200000000000017,1.824000000000001,2.0160000000000022,1.7280000000000002,2.112000000000003
74,45,0.0,0.0,121.0,96.8,100.0,100.0,76-125,98.4,98.72,98.4,98.08,98.72,98.08,SAUDAVEL,3.200000000000003,1.9200000000000017,2.5600000000000023,2.432000000000002,2.6880000000000024,2.304000000000002,2.8160000000000025
74,46,0.0,0.0,120.0,96.0,100.0,100.0,76-125,98.0,98.4,98.0,97.6,98.4,97.6,SAUDAVEL,4.0,2.4000000000000057,3.200000000000003,3.0400000000000036,3.360000000000002,2.880000000000004,3.5200000000000014
74,47,0.0,0.0,119.0,95.19999999999999,100.0,100.0,76-125,97.6,98.08,97.6,97.12,98.08,97.12,SAUDAVEL,4.800000000000011,2.8799999999999955,3.8400000000000034,3.648000000000002,4.0320000000000045,3.4560000000000004,4.224000000000006
74,48,0.0,0.0,118.0,94.39999999999999,100.0,100.0,76-125,97.2,97.76,97.2,96.64,97.76,96.64,SAUDAVEL,5.6000000000000085,3.3599999999999994,4.480000000000004,4.256000000000003,4.704000000000005,4.032000000000002,4.928000000000005
74,49,0.0,0.0,117.0,93.60000000000001,100.0,100.0,76-125,96.8,97.44,96.8,96.16,97.44,96.16,SAUDAVEL,6.3999999999999915,3.8400000000000034,5.119999999999997,4.863999999999999,5.375999999999996,4.608,5.631999999999994
74,50,0.0,0.0,116.0,92.80000000000001,100.0,100.0,76-125,96.4,97.12,96.4,95.68,97.12,95.68,SAUDAVEL,7.199999999999989,4.319999999999993,5.759999999999991,5.471999999999991,6.04799999999999,5.183999999999992,6.33599999999999
74,51,0.0,0.0,115.0,92.0,100.0,100.0,76-125,96.0,96.8,96.0,95.2,96.8,95.2,SAUDAVEL,8.0,4.799999999999997,6.399999999999999,6.079999999999998,6.719999999999999,5.759999999999998,7.039999999999999
74,52,0.0,24.34570850712742,114.0,91.2,100.0,75.65429149287257,76-125,90.7308582985745,91.61085829857451,89.51357287321814,91.06814372393087,90.39357287321816,91.06814372393087,SAUDAVEL,8.799999999999997,8.931856276069126,8.865928138034562,8.879113765641474,8.85274251042765,8.892299393248388,8.839556882820736
74,53,0.0,50.63024305270745,113.0,90.4,100.0,49.36975694729255,76-125,85.07395138945851,86.03395138945851,82.54243923682314,86.64546354209389,83.50243923682314,86.64546354209389,SAUDAVEL,9.599999999999994,13.354536457906107,11.47726822895305,11.852721874743661,11.10181458316244,12.228175520534272,10.726360937371826
74,54,0.0,72.70036701334554,112.0,89.60000000000001,100.0,27.29963298665446,76-125,80.2599265973309,81.2999265973309,76.62490824666362,82.85494494799818,77.66490824666361,82.85494494799818,SAUDAVEL,10.399999999999991,17.145055052001823,13.772527526000907,14.447033031201089,13.098022020800723,15.121538536401273,12.42351651560054
74,55,0.0,85.16930248209812,111.0,88.8,100.0,14.830697517901882,76-125,77.36613950358038,78.48613950358039,73.10767437947547,80.50460462768528,74.22767437947547,80.50460462768528,SAUDAVEL,11.200000000000003,19.495395372314718,15.34769768615736,16.177237223388833,14.518158148925888,17.0067767606203,13.688618611694416
74,56,0.0,75.44854293841503,110.0,88.0,100.0,24.55145706158497,76-125,78.910291412317,80.110291412317,75.13786426539625,81.48271855923774,76.33786426539625,81.48271855923774,SAUDAVEL,12.0,18.51728144076226,15.25864072038113,15.910368864457357,14.606912576304904,16.562097008533584,13.955184432228677
74,57,0.0183782758940862,71.1948176136322,109.0,87.2,99.98162172410592,28.805182386367804,76-125,79.35552299450534,80.63368516691594,75.79670102761843,81.63618278898164,77.07486320002901,81.63618278898164,SAUDAVEL,12.799999999999997,18.363817211018358,15.581908605509177,16.138290326611013,15.025526884407341,16.69467204771285,14.469145163305505
74,58,3.2572922852379538,70.52510448129081,108.0,86.4,96.74270771476203,29.47489551870919,76-125,78.11779141817044,79.15206218964666,74.75440080836782,80.44691125649689,75.78867157984402,80.44691125649689,SAUDAVEL,13.599999999999994,19.55308874350311,16.576544371751552,17.17185324610186,15.98123549740124,17.767162120452177,15.385926623050928
74,59,0.0,57.40204833701643,107.0,85.6,100.0,42.59795166298357,76-125,81.3195903325967,82.75959033259673,78.44948791574589,82.74969274944752,79.8894879157459,82.74969274944752,SAUDAVEL,14.400000000000006,17.25030725055248,15.825153625276243,16.11018435033149,15.540122900220995,16.395215075386737,15.255092175165748
74,60,0.0,31.87880823744533,106.0,84.8,100.0,68.12119176255467,76-125,86.02423835251093,87.54423835251094,84.43029794063867,86.09817876438319,85.95029794063868,86.09817876438319,SAUDAVEL,15.200000000000003,13.901821235616808,14.550910617808405,14.421092741370087,14.680728494246726,14.291274864931765,14.810546370685042
74,61,0.0,27.03134347358872,105.0,84.0,100.0,72.96865652641128,76-125,86.59373130528226,88.19373130528226,85.24216413160282,86.3452984789617,86.84216413160281,86.3452984789617,SAUDAVEL,16.0,13.654701521038305,14.827350760519153,14.592820912622983,15.061880608415322,14.358291064726814,15.296410456311492
74,62,0.0,13.288574903789335,104.0,83.2,100.0,86.71142509621066,76-125,88.94228501924212,90.62228501924211,88.27785627405265,87.9267137644316,89.95785627405266,87.9267137644316,SAUDAVEL,16.799999999999997,12.073286235568403,14.4366431177842,13.963971741341041,14.90931449422736,13.491300364897882,15.381985870670519
74,63,0.0,0.0,103.0,82.39999999999999,100.0,100.0,76-125,91.2,92.96,91.2,89.44,92.96,89.44,SAUDAVEL,17.60000000000001,10.560000000000002,14.080000000000005,13.376000000000005,14.784000000000006,12.672000000000004,15.488000000000007
74,64,0.0,0.0,102.0,81.6,100.0,100.0,76-125,90.8,92.64,90.8,88.96,92.64,88.96,SAUDAVEL,18.400000000000006,11.040000000000006,14.720000000000006,13.984000000000005,15.456000000000007,13.248000000000005,16.192000000000004
74,65,0.0,0.0,101.0,80.80000000000001,100.0,100.0,76-125,90.4,92.32,90.4,88.48,92.32,88.48,SAUDAVEL,19.19999999999999,11.519999999999996,15.359999999999992,14.591999999999993,16.127999999999993,13.823999999999993,16.89599999999999
74,66,0.0,0.0,100.0,80.0,100.0,100.0,76-125,90.0,92.0,90.0,88.0,92.0,88.0,SAUDAVEL,20.0,12.0,16.0,15.2,16.8,14.399999999999999,17.6
74,67,0.0,0.0,99.0,79.2,100.0,100.0,76-125,89.6,91.68,89.6,87.52000000000001,91.68,87.52000000000001,SAUDAVEL,20.799999999999997,12.47999999999999,16.639999999999993,15.807999999999993,17.471999999999994,14.975999999999992,18.303999999999995
74,68,0.0,0.0,98.0,78.4,100.0,100.0,76-125,89.2,91.36,89.2,87.03999999999999,91.36,87.03999999999999,SAUDAVEL,21.599999999999994,12.960000000000008,17.28,16.416000000000004,18.144,15.552000000000003,19.008
74,69,4.794538924383407,16.93659025388708,97.0,77.60000000000001,95.2054610756166,83.06340974611292,76-125,83.97432027190757,85.73486637946924,83.36721770543238,82.82087673082108,85.12776381299405,82.82087673082108,SAUDAVEL,22.39999999999999,17.179123269178916,19.789561634589454,19.26747396150735,20.311649307671562,18.745386288425237,20.833736980753667
74,70,12.723177554714509,42.59724673148459,96.0,76.8,87.27682244528549,57.40275326851541,76-125,76.06359738728872,77.1112796318173,74.56989392845023,76.50961860159869,75.61757617297877,76.50961860159869,ATENCAO,23.200000000000003,23.49038139840131,23.345190699200657,23.37422883904079,23.316152559360525,23.403266978880918,23.287114419520396
74,71,15.386216561375385,67.90268416807935,95.0,76.0,84.61378343862461,32.09731583192065,76-125,69.80359819797151,70.66497654183398,67.17777481763632,71.56804323444425,68.03915316149877,71.56804323444425,ATENCAO,24.0,28.431956765555753,26.215978382777877,26.659174059333452,25.7727827062223,27.102369735889024,25.329587029666722
74,72,4.6374069012885055,72.20751930471393,94.0,75.2,95.3625930987115,27.79248069528608,76-125,71.76727406867066,73.78353337854182,68.38876844849939,73.1295203789708,70.40502775837055,73.1295203789708,ATENCAO,24.799999999999997,26.870479621029205,25.8352398105146,26.04228777261752,25.62819184841168,26.24933573472044,25.421143886308755
74,73,20.982222707142387,81.78802038878199,93.0,74.4,79.01777729285762,18.211979611218013,76-125,64.54772911010089,65.00950683938666,61.5074392260189,67.1262412648971,61.969216955304674,67.1262412648971,ATENCAO,25.599999999999994,32.873758735102896,29.236879367551445,29.964255241061736,28.509503494041155,30.691631114572026,27.782127620530865
74,74,17.139508553276418,75.61529211132853,92.0,73.6,82.86049144672359,24.38470788867147,76-125,66.53508901175137,67.46113815642373,63.61129983384876,68.53282904498161,64.53734897852112,68.53282904498161,ATENCAO,26.400000000000006,31.46717095501839,28.933585477509197,29.440302573011035,28.42686838200736,29.947019668512873,27.920151286505522
74,75,15.703230641549377,57.415632707194106,91.0,72.8,84.29676935845062,42.58436729280589,76-125,70.20590426609635,71.35558120194143,68.12028416281413,71.14184743353354,69.2699610986592,71.14184743353354,ATENCAO,27.200000000000003,28.858152566466458,28.02907628323323,28.194891539879876,27.863261026586585,28.360706796526518,27.697445769939936
74,76,25.21123838278324,46.62943482882002,90.0,72.0,74.78876161721676,53.37056517117998,76-125,69.11074151940103,69.3896176811227,68.03983169709919,69.90277517998118,68.31870785882086,69.90277517998118,ATENCAO,28.0,30.097224820018823,29.04861241000941,29.25833489201129,28.838889928007532,29.468057374013178,28.629167446005646
74,77,19.194879481437493,35.32267678002833,89.0,71.2,80.8051205185625,64.67732321997167,76-125,72.77700079956308,73.73751285141934,71.97061093463356,72.62287861263637,72.9311229864898,72.62287861263637,ATENCAO,28.799999999999997,27.37712138736363,28.088560693681814,27.946272832418178,28.23084855494545,27.80398497115454,28.373136416209086
74,78,27.09194861595037,31.25466589053374,88.0,70.39999999999999,72.90805138404963,68.74533410946626,76-125,70.82148223710814,71.0722873755131,70.61334637337896,70.77881296243234,70.86415151178393,70.77881296243234,ATENCAO,29.60000000000001,29.22118703756766,29.410593518783834,29.3727122225406,29.44847481502707,29.334830926297364,29.486356111270304
74,79,29.5904103855592,30.607927695220628,87.0,69.6,70.4095896144408,69.39207230477938,76-125,69.80129134528812,69.8822503067322,69.75041547980504,69.7712082493271,69.83137444124912,69.7712082493271,ATENCAO,30.400000000000006,30.228791750672897,30.31439587533645,30.29727505040374,30.331516700269162,30.280154225471026,30.34863752520187
74,80,30.03063940302354,33.99030806247365,86.0,68.8,69.96936059697646,66.00969193752636,76-125,68.59274656659821,68.70968262629586,68.3947631336257,68.67379393987306,68.51169919332335,68.67379393987306,ATENCAO,31.200000000000003,31.326206060126935,31.26310303006347,31.275723636076165,31.250482424050777,31.288344242088854,31.23786181803808
74,81,9.380701289967137,18.85052858241035,85.0,68.0,90.61929871003288,81.14947141758965,76-125,77.4156838965278,79.67761376753108,76.94219253190563,75.62724539014665,79.20412240290892,75.62724539014665,ATENCAO,32.0,24.372754609853345,28.186377304926673,27.423652765912006,28.94910184394134,26.66092822689734,29.711826382956
74,82,23.548429216361026,5.772880757011091,84.0,67.2,76.45157078363897,94.2271192429889,76-125,75.38089508368947,76.30605216205338,76.26967250665697,73.56696058235808,77.19482958502087,73.56696058235808,ATENCAO,32.8,26.433039417641922,29.61651970882096,28.979823650585153,30.253215767056766,28.34312759234934,30.88991182529257
74,83,29.73209303074315,11.842607405099804,83.0,66.4,70.26790696925684,88.1573925949002,76-125,71.9118506097571,72.29864130668278,72.80632489103927,70.63058563154924,73.19311558796495,70.63058563154924,ATENCAO,33.599999999999994,29.369414368450762,31.48470718422538,31.061648621070454,31.907765747380303,30.63859005791553,32.33082431053522
74,84,32.030562491503936,14.12562642105575,82.0,65.60000000000001,67.96943750849607,85.87437357894424,76-125,70.36570596833768,70.60264971918728,71.26095277186008,69.23351541396566,71.4978965227097,69.23351541396566,ATENCAO,34.39999999999999,30.766484586034338,32.583242293017165,32.219890751620596,32.94659383441373,31.85653921022403,33.309945375810294
74,85,37.65927839108254,16.90057250186281,81.0,64.8,62.34072160891746,83.09942749813719,76-125,67.72210198230268,67.47617414319443,68.76003727676365,66.93009452694994,68.5141094376554,66.93009452694994,ATENCAO,35.2,33.069905473050056,34.13495273652503,33.92194328383003,34.34796218922003,33.70893383113504,34.56097164191502
74,86,32.83491389487088,21.34748572356653,80.0,64.0,67.16508610512912,78.65251427643346,76-125,67.88002868682543,68.19653729733835,68.45440009539064,66.9891486677473,68.77090870590357,66.9891486677473,ATENCAO,36.0,33.0108513322527,34.50542566612635,34.20651079935162,34.80434053290108,33.90759593257689,35.10325539967581
74,87,22.97897095964112,9.31077627646237,79.0,63.2,77.02102904035888,90.68922372353762,76-125,72.84415345681519,74.22625636085108,73.52756319097412,70.77864081862036,74.90966609501001,70.77864081862036,ATENCAO,36.8,29.22135918137964,33.01067959068982,32.25281550882778,33.76854367255186,31.494951426965745,34.52640775441389
74,88,26.37474869608141,7.918329593269963,78.0,62.4,73.62525130391859,92.08167040673004,76-125,71.70390947252159,72.82643460291345,72.62673042766215,69.65856338698916,73.74925555805402,69.65856338698916,ATENCAO,37.6,30.341436613010842,33.97071830650542,33.24486196780651,34.696574645204336,32.51900562910759,35.422430983903254
74,89,35.38386002818894,17.183506923432677,77.0,61.6,64.61613997181107,82.81649307656733,76-125,66.7481406068568,67.0497546040379,67.6581582620946,65.53650895443786,67.9597722592757,65.53650895443786,ATENCAO,38.4,34.46349104556214,36.43174552278107,36.03809462733728,36.825396418224855,35.64444373189349,37.21904731366864
74,90,38.096377288564845,28.16052718563139,76.0,60.8,61.90362271143516,71.8394728143686,76-125,63.33898137630427,63.44934364744778,63.83577388145094,62.73182660001408,63.946136152594455,62.73182660001408,ATENCAO,39.2,37.26817339998592,38.23408669999296,38.04090403999155,38.42726935999437,37.84772137999014,38.620452019995774
74,91,37.06536048250351,14.667532530515642,75.0,60.0,62.93463951749649,85.33246746948436,31-75,65.94688534914582,66.24034930089547,67.0667767467452,64.53352999979677,67.36024069849486,64.53352999979677,ATENCAO,40.0,35.46647000020323,37.733235000101615,37.27988200012194,38.186588000081294,36.82652900014226,38.63994100006097
74,92,48.20366885834687,20.621931753329505,74.0,59.199999999999996,51.79633114165313,79.3780682466705,31-75,61.01451299183003,60.27414610599535,62.3935998470809,60.37579302241385,61.65323296124622,60.37579302241385,ATENCAO,40.800000000000004,39.62420697758615,40.212103488793076,40.094524186551695,40.32968279103446,39.9769448843103,40.447262093275846
74,93,46.05935780669814,26.51926622353727,73.0,58.4,53.94064219330186,73.48073377646273,31-75,60.0783394132831,59.63240363261329,61.055343992441145,59.54727061479488,60.60940821177133,59.54727061479488,RISCO,41.6,40.45272938520512,41.026364692602556,40.91163763112307,41.14109175408205,40.79691056964358,41.25581881556153
74,94,50.03050946611626,37.3739816635001,72.0,57.599999999999994,49.96949053388374,62.6260183364999,31-75,56.31605082746511,55.55299988085348,56.94887721759591,56.44627538394592,56.18582627098428,56.44627538394592,RISCO,42.400000000000006,43.55372461605408,42.976862308027044,43.092234769632455,42.861489846421634,43.20760723123786,42.74611738481623
74,95,50.062663374840966,52.6046622639227,71.0,56.8,49.93733662515904,47.3953377360773,31-75,52.860268534763165,52.17400219727908,52.73316859030908,53.67363481670135,52.04690225282498,53.67363481670135,RISCO,43.2,46.32636518329865,44.763182591649326,45.07581910997919,44.45054607331946,45.38845562830905,44.13790955498959
74,96,34.47098289344714,41.14968706056103,70.0,56.00000000000001,65.52901710655286,58.85031293943897,31-75,59.42876771985365,60.38166943050894,59.09483251149796,58.80980121755406,60.047734222153245,58.80980121755406,RISCO,43.99999999999999,41.19019878244594,42.595099391222966,42.31411926946756,42.87607951297837,42.033139147712156,43.15705963473378
74,97,37.55737062766956,21.5648421450738,69.0,55.2,62.44262937233044,78.4351578549262,31-75,62.01982038268437,62.74408331991742,62.81944680681416,60.49593102132154,63.543709744047206,60.49593102132154,ATENCAO,44.8,39.50406897867846,42.15203448933923,41.622441387207076,42.68162759147138,41.09284828507492,43.211220693603536
74,98,48.71320767541189,12.50195950370482,68.0,54.400000000000006,51.28679232458811,87.49804049629518,31-75,60.08564579663548,59.774325029094285,61.89620820522082,58.5864041555913,61.58488743767964,58.5864041555913,RISCO,45.599999999999994,41.4135958444087,43.50679792220434,43.08815750664522,43.925438337763474,42.669517091086085,44.344078753322606
74,99,50.04590230042258,13.1972860299202,67.0,53.6,49.95409769957742,86.8027139700798,31-75,59.14677210388918,58.78218187384692,60.9892029174143,57.66893152040632,60.62461268737204,57.66893152040632,RISCO,46.4,42.33106847959368,44.365534239796844,43.958641087756206,44.772427391837475,43.551747935715575,45.1793205438781
74,100,50.02198923111266,11.451832017087431,66.0,52.800000000000004,49.97801076888734,88.54816798291257,31-75,59.10303682724872,58.82083790413746,61.031544687949975,57.45672788965872,60.74934576483871,57.45672788965872,RISCO,47.199999999999996,42.54327211034128,44.87163605517064,44.405963266204765,45.33730884413651,43.94029047723889,45.80298163310238
74,101,50.0015922887652,4.448449072198874,65.0,52.0,49.9984077112348,95.55155092780112,31-75,60.10983249893066,59.90967327005414,62.38748965975898,58.03233456697887,62.18733043088247,58.03233456697887,RISCO,48.0,41.96766543302113,44.98383271651056,44.38059925981268,45.587066173208456,43.77736580311479,46.190299629906335
74,102,50.0383676666199,9.478028012558267,64.0,51.2,49.9616323333801,90.52197198744172,31-75,58.69288409750237,58.56904733084039,60.72090108020546,56.78870388146128,60.59706431354347,56.78870388146128,RISCO,48.8,43.21129611853872,46.00564805926936,45.44677767112323,46.56451844741549,44.8879072829771,47.12338883556161
74,103,47.23842928790664,6.030297098419337,63.0,50.4,52.76157071209336,93.96970290158066,31-75,59.82241179394414,60.05856886515348,61.8828184034185,57.52584811326044,62.11897547462784,57.52584811326044,RISCO,49.6,42.47415188673956,46.037075943369786,45.32449113204374,46.749660754695824,44.611906320717694,47.46224556602186
74,104,37.45121484428097,0.7516504313330982,62.0,49.6,62.54878515571903,99.2483495686669,31-75,63.414305460449086,64.709183976021,65.24928368109647,60.28444872422979,66.5441621966684,60.28444872422979,ATENCAO,50.4,39.71555127577021,45.0577756378851,43.98933076546213,46.12622051030809,42.92088589303914,47.19466538273106
74,105,35.59715534696041,0.0,61.0,48.8,64.40284465303958,100.0,31-75,63.720853395911874,65.28113786121583,65.5007111632599,60.38071116325989,67.06099562856386,60.38071116325989,ATENCAO,51.2,39.61928883674011,45.40964441837006,44.251573302044065,46.56771553469604,43.09350218571808,47.72578665102203
74,106,25.96096919246484,0.0,60.0,48.0,74.03903080753516,100.0,31-75,66.21170924226055,68.81561232301407,67.50975770188379,62.30975770188378,70.11366078263731,62.30975770188378,ATENCAO,52.0,37.69024229811622,44.84512114905811,43.41414537886973,46.276096919246484,41.98316960868135,47.70707268943487
74,107,25.22389301071036,0.0,59.0,47.199999999999996,74.77610698928964,100.0,31-75,66.03283209678689,68.79044279571586,67.2940267473224,62.0140267473224,70.05163744625138,62.0140267473224,ATENCAO,52.800000000000004,37.9859732526776,45.3929866263388,43.911583951606566,46.87438930107104,42.43018127687432,48.355791975803285
74,108,21.805488978400348,0.0,58.0,46.400000000000006,78.19451102159965,100.0,31-75,66.6583533064799,69.83780440863987,67.74862775539992,62.38862775539992,70.92807885755988,62.38862775539992,ATENCAO,53.599999999999994,37.61137224460008,45.60568612230004,44.006823346760044,47.20454889784003,42.40796057122006,48.80341167338002
74,109,18.982567914660383,0.0,57.0,45.6,81.01743208533962,100.0,31-75,67.10522962560188,70.64697283413585,68.0543580213349,62.61435802133491,71.59610122986886,62.61435802133491,ATENCAO,54.4,37.38564197866509,45.89282098933255,44.19138518719906,47.59425679146604,42.489949385065565,49.295692593599526
74,110,20.058256004464408,0.0,56.0,44.800000000000004,79.94174399553559,100.0,31-75,66.38252319866068,69.89669759821425,67.3854359988839,61.865435998883896,70.89961039843746,61.865435998883896,ATENCAO,55.199999999999996,38.134564001116104,46.667282000558046,44.960738400669655,48.37382560044644,43.25419480078127,50.08036920033482
74,111,40.35037668758184,0.0,55.0,44.0,59.64962331241816,100.0,31-75,59.89488699372545,61.45984932496727,61.91240582810454,56.31240582810454,63.47736815934636,56.31240582810454,RISCO,56.0,43.68759417189546,49.84379708594773,48.61255650313728,51.075037668758185,47.38131592032683,52.306278251568635
74,112,30.15870602628588,0.0,54.0,43.2,69.84129397371412,100.0,31-75,62.55238819211424,65.21651758948565,64.06032349342853,58.38032349342853,66.72445289079994,58.38032349342853,RISCO,56.8,41.61967650657147,49.20983825328574,47.69180590394288,50.727870602628585,46.17377355460003,52.24590295197144
74,113,28.08741620221649,0.0,53.0,42.4,71.91258379778351,100.0,31-75,62.77377513933505,65.72503351911341,64.17814594944588,58.41814594944587,67.12940432922423,58.41814594944587,RISCO,57.6,41.58185405055413,49.59092702527707,47.98911243033248,51.19274162022165,46.38729783538788,52.79455621516624
74,114,17.021011153958966,0.0,52.0,41.6,82.97898884604103,100.0,31-75,65.69369665381231,69.83159553841642,66.54474721151026,60.70474721151026,70.68264609611435,60.70474721151026,ATENCAO,58.4,39.29525278848974,48.84762639424487,46.937151673093844,50.758101115395895,45.02667695194282,52.66857583654692
74,115,16.290485866166797,0.0,51.0,40.8,83.70951413383321,100.0,31-75,65.51285424014996,69.80380565353329,66.3273785334583,60.4073785334583,70.61832994684163,60.4073785334583,ATENCAO,59.2,39.5926214665417,49.39631073327085,47.43557287992502,51.357048586616685,45.474835026579186,53.317786439962504
74,116,10.76443790199686,0.0,50.0,40.0,89.23556209800314,100.0,31-75,66.77066862940094,71.69422483920127,67.30889052450078,61.30889052450078,72.2324467343011,61.30889052450078,ATENCAO,60.0,38.69110947549922,49.34555473774961,47.21466568529953,51.47644379019969,45.08377663284945,53.60733284264977
74,117,20.044349328544538,0.0,49.0,39.2,79.95565067145546,100.0,31-75,63.58669520143664,67.66226026858219,64.58891266786387,58.50891266786387,68.66447773500941,58.50891266786387,RISCO,60.8,41.49108733213613,51.145543666068065,49.214652399281675,53.076434932854454,47.283761132495286,55.007326199640836
74,118,17.599189030628644,0.0,48.0,38.4,82.40081096937135,100.0,31-75,63.9202432908114,68.32032438774854,64.80020274234283,58.64020274234284,69.20028383927996,58.64020274234284,RISCO,61.6,41.35979725765716,51.47989862882858,49.4558783545943,53.50391890306287,47.431858080360016,55.52793917729714
74,119,16.67745812793785,0.0,47.0,37.6,83.32254187206215,100.0,31-75,63.79676256161864,68.36901674882486,64.63063546801554,58.39063546801553,69.20288965522175,58.39063546801553,RISCO,62.4,41.60936453198447,52.00468226599223,49.92561871919068,54.08374581279379,47.846555172389124,56.16280935959534
74,120,13.1364875403338,0.0,46.0,36.8,86.8635124596662,100.0,31-75,64.45905373789986,69.46540498386648,65.11587811491654,58.79587811491655,70.12222936088317,58.79587811491655,RISCO,63.2,41.20412188508345,52.20206094254173,50.00247313105007,54.40164875403339,47.80288531955841,56.601236565525035
74,121,8.484928025126816,0.0,45.0,36.0,91.51507197487318,100.0,31-75,65.45452159246196,71.00602878994927,65.8787679937183,59.47876799371829,71.43027519120561,59.47876799371829,RISCO,64.0,40.52123200628171,52.26061600314085,49.91273920376902,54.608492802512686,47.56486240439719,56.95636960188451
74,122,2.4031272581579435,0.0,44.0,35.199999999999996,97.59687274184206,100.0,31-75,66.87906182255261,73.11874909673682,66.9992181854605,60.51921818546052,73.23890545964471,60.51921818546052,ATENCAO,64.80000000000001,39.48078181453948,52.14039090726975,49.608469088723695,54.6723127258158,47.07654727017764,57.20423454436185
74,123,0.3096582982163522,0.0,43.0,34.4,99.69034170178364,100.0,31-75,67.1071025105351,73.63613668071346,67.12258542544592,60.56258542544591,73.65161959562428,60.56258542544591,ATENCAO,65.6,39.43741457455409,52.51870728727704,49.90244874473245,55.13496582982163,47.28619020218785,57.751224372366224
74,124,4.466681214271921,0.0,42.0,33.6,95.53331878572808,100.0,31-75,65.45999563571843,71.65332751429123,65.68332969643203,59.043329696432025,71.87666157500483,59.043329696432025,RISCO,66.4,40.956670303567975,53.67833515178399,51.13400218214079,56.22266812142719,48.58966921249758,58.7670010910704
74,125,6.631785205800888,0.0,41.0,32.800000000000004,93.3682147941991,100.0,31-75,64.41046443825974,70.46728591767965,64.74205369854978,58.02205369854978,70.79887517796969,58.02205369854978,RISCO,67.19999999999999,41.97794630145022,54.5889731507251,52.06676778087012,57.11117852058008,49.54456241101515,59.633383890435056
74,126,3.0121144586502298,0.0,40.0,32.0,96.98788554134975,100.0,31-75,65.09636566240493,71.59515421653991,65.24697138533745,58.44697138533744,71.74575993947242,58.44697138533744,RISCO,68.0,41.55302861466256,54.77651430733128,52.13181716879754,57.421211445865026,49.48712003026379,60.06590858439876
74,127,0.0,0.0,39.0,31.2,100.0,100.0,31-75,65.6,72.48,65.6,58.72,72.48,58.72,RISCO,68.8,41.28,55.04,52.288,57.791999999999994,49.535999999999994,60.544
74,128,24.263683990241205,0.0,38.0,30.4,75.7363160097588,100.0,31-75,57.920894802927634,62.45452640390352,59.1340790024397,52.1740790024397,63.66771060341558,52.1740790024397,RISCO,69.6,47.8259209975603,58.71296049878015,56.535552598536185,60.89036839902412,54.35814469829221,63.06777629926808
74,129,20.55728656159005,15.731196730455329,37.0,29.599999999999998,79.44271343840995,84.26880326954468,31-75,55.48657468543192,60.47084602927292,55.72787917698865,50.26099885003418,60.71215052082965,50.26099885003418,RISCO,70.4,49.73900114996582,60.06950057498291,58.0034006899795,62.135600459986335,55.937300804976076,64.20170034498975
74,130,37.485243720084966,46.719850715736136,36.0,28.799999999999997,62.51475627991504,53.28014928426386,31-75,43.81045674082728,47.18193236881879,43.34872639104472,40.90071146261833,46.72020201903623,40.90071146261833,RISCO,71.2,59.09928853738167,65.14964426869084,63.939573122429,66.35971541495266,62.729501976167164,67.5697865612145
74,131,49.028053029598425,78.09805400805575,35.0,28.000000000000004,50.971946970401575,21.901945991944245,31-75,33.671973289509324,35.969167986549486,32.218473240586455,32.82827864139203,34.51566793762662,32.82827864139203,RISCO,72.0,67.17172135860797,69.58586067930398,69.10303281516478,70.06868854344319,68.62020495102557,70.55151640758238
74,132,50.27133409475674,100.0,34.0,27.200000000000003,49.72866590524326,0.0,31-75,28.51859977157298,30.771466362097307,26.032166476310817,28.752166476310816,28.285033066835144,28.752166476310816,CRITICO,72.8,71.24783352368918,72.02391676184459,71.86870011421351,72.17913340947567,71.71348346658242,72.33435005710675
74,133,50.30166581206031,100.0,33.0,26.400000000000002,49.69833418793969,0.0,31-75,28.109500256381907,30.43933367517588,25.624583546984923,28.264583546984923,27.954416965778893,28.264583546984923,CRITICO,73.6,71.73541645301508,72.66770822650753,72.48124987180904,72.85416658120603,72.29479151711055,73.04062493590452
74,134,50.560294059802,100.0,32.0,25.6,49.439705940198,0.0,31-75,27.6319117820594,30.015882376079205,25.159926485049503,27.7199264850495,27.543897079069303,27.7199264850495,CRITICO,74.4,72.2800735149505,73.34003675747525,73.1280441089703,73.5520294059802,72.91605146046535,73.76402205448515
74,135,50.46147689576868,100.0,31.0,24.8,49.53852310423132,0.0,31-75,27.2615569312694,29.73540924169253,24.78463077605783,27.264630776057828,27.25848308648096,27.264630776057828,CRITICO,75.2,72.73536922394217,73.9676846119711,73.7212215343653,74.21414768957686,73.47475845675952,74.46061076718266
74,136,50.31120091827889,100.0,30.0,24.0,49.68879908172111,0.0,0-30,26.90663972451633,29.47551963268845,24.422199770430275,26.82219977043028,26.99107967860239,26.82219977043028,CRITICO,76.0,73.17780022956973,74.58890011478486,74.30668013774184,74.87112009182789,74.02446016069881,75.15334006887092
74,137,50.37978056123573,100.0,29.0,23.200000000000003,49.62021943876427,0.0,0-30,26.486065831629283,29.128087775505712,24.00505485969107,26.325054859691072,26.647076803567497,26.325054859691072,CRITICO,76.8,73.67494514030892,75.23747257015447,74.92496708418534,75.54997805612356,74.61246159821624,75.86248354209268
74,138,50.314506301140064,98.55301996640112,28.0,22.400000000000002,49.685493698859936,1.4469800335988765,0-30,26.39504411637776,29.12359348626376,23.983118433114704,26.07842042975481,26.711667803000697,26.07842042975481,CRITICO,77.6,73.92157957024519,75.7607897851226,75.3929477421471,76.12863182809807,75.02510569917162,76.49647387107355
74,139,50.335811678287726,57.7600119796798,27.0,21.6,49.664188321712274,42.2399880203202,0-30,34.147254100577726,36.95367293274895,33.77604408550812,31.712045283476098,36.582462917679344,31.712045283476098,RISCO,78.4,68.2879547165239,73.34397735826195,72.33277282991435,74.35518188660956,71.32156830156673,75.36638641495718
74,140,50.48663420676744,34.88584320692236,26.0,20.8,49.51336579323256,65.11415679307764,0-30,38.276841096585294,41.14817767590856,39.056880646577554,34.625464967269785,41.92821722590081,34.625464967269785,RISCO,79.2,65.37453503273022,72.28726751636512,70.90472101963813,73.6698140130921,69.52217452291116,75.05236050981907
74,141,51.01364293875556,52.57821704128911,25.0,20.0,48.98635706124444,47.42178295871089,0-30,34.18026371011551,37.07889941623996,34.102035004988835,31.359856709117743,37.00067071111327,31.359856709117743,RISCO,80.0,68.64014329088226,74.32007164544113,73.18408597452935,75.45605731635291,72.04810030361759,76.59204298726468
74,142,50.9947951784253,77.53119086958726,24.0,19.2,49.0052048215747,22.468809130412737,0-30,28.79532327255496,31.77584375471243,27.46850348799686,27.141622574955587,30.44902397015433,27.141622574955587,CRITICO,80.8,72.85837742504441,76.82918871252221,76.03502645502664,77.62335097001775,75.24086419753108,78.41751322751333
74,143,51.301824321426665,100.0,23.0,18.4,48.698175678573335,0.0,0-30,23.809452703572,26.83927027142933,21.374543919643333,23.214543919643333,24.404361487500665,23.214543919643333,CRITICO,81.6,76.78545608035667,79.19272804017834,78.71127364821399,79.67418243214266,78.22981925624967,80.15563682410699
74,144,51.24176225256306,100.0,22.0,17.599999999999998,48.75823774743694,0.0,0-30,23.42747132423108,26.54329509897477,20.98955943685923,22.74955943685924,24.105383211602927,22.74955943685924,CRITICO,82.4,77.25044056314076,79.82522028157038,79.31026433788446,80.3401762252563,78.79530839419853,80.85513216894222
74,145,51.19307823644006,100.0,21.0,16.8,48.80692176355994,0.0,0-30,23.042076529067984,26.242768705423977,20.601730440889988,22.281730440889987,23.80242261724598,22.281730440889987,CRITICO,83.2,77.71826955911001,80.459134779555,79.910961735466,81.00730782364401,79.362788691377,81.555480867733
74,146,51.45367076821662,100.0,20.0,16.0,48.54632923178338,0.0,0-30,22.56389876953501,25.81853169271336,20.136582307945844,21.736582307945845,23.391215231124185,21.736582307945845,CRITICO,84.0,78.26341769205416,81.13170884602708,80.5580506152325,81.70536707682166,79.98439238443791,82.27902530761625
74,147,51.42585999739725,100.0,19.0,15.2,48.57414000260275,0.0,0-30,22.172242000780827,25.5096560010411,19.743535000650688,21.263535000650688,23.08094900091096,21.263535000650688,CRITICO,84.8,78.73646499934931,81.76823249967465,81.16187899960958,82.37458599973972,80.5555254995445,82.98093949980478
74,148,51.47588138707204,100.0,18.0,14.399999999999999,48.52411861292796,0.0,0-30,21.757235583878384,25.169647445171183,19.331029653231987,20.771029653231988,22.743441514524783,20.771029653231988,CRITICO,85.6,79.22897034676801,82.41448517338401,81.7773822080608,83.05158813870719,81.1402792427376,83.6886911040304
74,149,51.70206089722007,100.0,17.0,13.600000000000001,48.29793910277993,0.0,0-30,21.28938173083398,24.759175641111973,18.87448477569498,20.23448477569498,22.344278685972974,20.23448477569498,CRITICO,86.4,79.76551522430502,83.0827576121525,82.41930913458302,83.74620608972201,81.75586065701351,84.4096545672915
74,150,52.24786630005935,100.0,16.0,12.8,47.75213369994065,0.0,0-30,20.725640109982194,24.220853479976263,18.338033424985163,19.618033424985164,21.833246794979228,19.618033424985164,CRITICO,87.2,80.38196657501484,83.79098328750743,83.1091799450089,84.47278663000594,82.42737660251039,85.15458997250445
74,151,52.28778580960682,100.0,15.0,12.0,47.71221419039318,0.0,0-30,20.31366425711796,23.884885676157275,17.928053547598296,19.12805354759829,21.49927496663761,19.12805354759829,CRITICO,88.0,80.87194645240172,84.43597322620086,83.72316787144104,85.14877858096068,83.0103625166812,85.8615839357205
74,152,52.240078347589474,100.0,14.0,11.200000000000001,47.759921652410526,0.0,0-30,19.92797649572316,23.58396866096421,17.539980413102633,18.65998041310263,21.195972578343685,18.65998041310263,CRITICO,88.8,81.34001958689737,85.07000979344869,84.32401175213843,85.81600783475895,83.57801371082815,86.56200587606921
74,153,52.53490828091017,100.0,13.0,10.4,47.46509171908983,0.0,0-30,19.439527515726947,23.14603668763593,17.066272929772456,18.10627292977246,20.77278210168144,18.10627292977246,CRITICO,89.6,81.89372707022754,85.74686353511376,84.97623624213652,86.51749082809101,84.20560894915927,87.28811812106825
74,154,52.32464846532165,100.0,12.0,9.6,47.67535153467835,0.0,0-30,19.102605460403502,22.91014061387134,16.718837883669586,17.678837883669587,20.52637303713742,17.678837883669587,CRITICO,90.4,82.32116211633041,86.36058105816521,85.55269726979824,87.16846484653217,84.74481348143128,87.97634863489913
74,155,52.39184549925041,100.0,11.0,8.799999999999999,47.60815450074959,0.0,0-30,18.682446350224875,22.56326180029984,16.302038625187397,17.182038625187396,20.182854075262355,17.182038625187396,CRITICO,91.2,82.8179613748126,87.00898068740631,86.17077682488755,87.84718454992503,85.33257296236881,88.68538841244377
74,156,52.72287392505767,100.0,10.0,8.0,47.27712607494233,0.0,0-30,18.1831378224827,22.11085042997693,15.819281518735584,16.619281518735583,19.74699412622981,16.619281518735583,CRITICO,92.0,83.38071848126441,87.6903592406322,86.82843108875865,88.55228739250576,85.96650293688508,89.41421554437932
74,157,52.88325284703892,100.0,9.0,7.199999999999999,47.11674715296108,0.0,0-30,17.735024145888325,21.72669886118443,15.37918678824027,16.09918678824027,19.37086150353638,16.09918678824027,CRITICO,92.8,83.90081321175973,88.35040660587987,87.46048792705582,89.24032528470389,86.5705692482318,90.1302439635279
74,158,53.090466984618345,100.0,8.0,6.4,46.909533015381655,0.0,0-30,17.272859904614496,21.323813206152664,14.927383253845411,15.567383253845414,18.97833655538357,15.567383253845414,CRITICO,93.6,84.4326167461546,89.0163083730773,88.09957004769275,89.93304669846184,87.18283172230821,90.84978502384638
74,159,53.2918936421438,100.0,7.0,5.6000000000000005,46.7081063578562,0.0,0-30,16.81243190735686,20.92324254314248,14.477026589464051,15.037026589464052,18.58783722524967,15.037026589464052,CRITICO,94.4,84.96297341053595,89.68148670526799,88.73778404632156,90.62518936421438,87.79408138737517,91.56889202316079
74,160,53.384020213143685,100.0,6.0,4.8,46.61597978685632,0.0,0-30,16.384793936056894,20.566391914742525,14.05399494671408,14.533994946714078,18.235592925399708,14.533994946714078,CRITICO,95.2,85.46600505328593,90.33300252664296,89.35960303197156,91.30640202131437,88.38620353730015,92.27980151598578
74,161,53.63750438895878,100.0,5.0,4.0,46.36249561104122,0.0,0-30,15.908748683312366,20.144998244416488,13.590623902760305,13.990623902760303,17.826873463864427,13.990623902760303,CRITICO,96.0,86.0093760972397,91.00468804861984,90.00562565834383,92.00375043889588,89.00656326806778,93.0028128291719
74,162,53.85636533122614,100.0,4.0,3.2,46.14363466877386,0.0,0-30,15.443090400632158,19.737453867509547,13.135908667193466,13.455908667193466,17.43027213407085,13.455908667193466,CRITICO,96.8,86.54409133280653,91.67204566640326,90.64645479968391,92.69763653312262,89.62086393296457,93.72322739984195
74,163,54.47374390118811,100.0,3.0,2.4,45.52625609881189,0.0,0-30,14.857876829643567,19.17050243952476,12.581564024702972,12.821564024702973,16.894189634584162,12.821564024702973,CRITICO,97.6,87.17843597529702,92.38921798764851,91.34706158517821,93.4313743901188,90.30490518270791,94.4735307925891
74,164,55.07611812975773,100.0,2.0,1.6,44.92388187024227,0.0,0-30,14.27716456107268,18.60955274809691,12.030970467560568,12.190970467560568,16.363358654584793,12.190970467560568,CRITICO,98.4,87.80902953243944,93.10451476621972,92.04541771946367,94.16361181297577,90.9863206727076,95.22270885973182
74,165,55.48180797526268,100.0,1.0,0.8,44.51819202473732,0.0,0-30,13.755457607421196,18.127276809894926,11.52954800618433,11.60954800618433,15.90136720865806,11.60954800618433,CRITICO,99.2,88.39045199381567,93.79522599690785,92.71427119628942,94.87618079752627,91.63331639567096,95.9571355981447
74,166,56.1893275449067,100.0,0.0,0.0,43.8106724550933,0.0,0-30,13.143201736527988,17.52426898203732,10.952668113773324,10.952668113773324,15.333735359282652,10.952668113773324,CRITICO,100.0,89.04733188622667,94.52366594311334,93.428399131736,95.61893275449067,92.33313232035866,96.714199565868
77,39,13.798239620522155,53.54941177706388,115.0,92.0,86.20176037947785,46.45058822293612,76-125,81.15064575843058,80.57082179637837,79.16308715060349,83.71802832830988,78.58326318855127,83.71802832830988,SAUDAVEL,8.0,16.281971671690115,12.140985835845058,12.96918300301407,11.312788668676045,13.79738017018308,10.484591501507033
77,40,9.336387734222358,48.59336303305513,114.0,91.2,90.66361226577764,51.40663696694487,76-125,83.08041107312226,83.02677229970004,81.11756230818062,85.09689861148614,81.06392353475839,85.09689861148614,SAUDAVEL,8.799999999999997,14.90310138851386,11.851550694256929,12.461860833108316,11.241240555405543,13.0721709719597,10.630930416554156
77,41,0.0,26.51124687440637,113.0,90.4,100.0,73.48875312559363,76-125,89.89775062511873,90.85775062511873,88.57218828139841,90.26331296883906,89.5321882813984,90.26331296883906,SAUDAVEL,9.599999999999994,9.73668703116094,9.668343515580467,9.682012218696563,9.654674812464373,9.695680921812656,9.641006109348277
77,42,0.0,0.0,112.0,89.60000000000001,100.0,100.0,76-125,94.8,95.84,94.8,93.76,95.84,93.76,SAUDAVEL,10.399999999999991,6.239999999999995,8.319999999999993,7.903999999999993,8.735999999999994,7.487999999999993,9.151999999999992
77,43,0.0,0.0,111.0,88.8,100.0,100.0,76-125,94.4,95.52,94.4,93.28,95.52,93.28,SAUDAVEL,11.200000000000003,6.719999999999999,8.96,8.512,9.408000000000001,8.064,9.856000000000002
77,44,0.0,0.0,110.0,88.0,100.0,100.0,76-125,94.0,95.2,94.0,92.8,95.2,92.8,SAUDAVEL,12.0,7.200000000000003,9.600000000000001,9.120000000000001,10.08,8.64,10.559999999999999
77,45,0.0,0.0,109.0,87.2,100.0,100.0,76-125,93.6,94.88,93.6,92.32,94.88,92.32,SAUDAVEL,12.799999999999997,7.680000000000007,10.240000000000002,9.728000000000003,10.752,9.216000000000005,11.264
77,46,0.0,0.0,108.0,86.4,100.0,100.0,76-125,93.2,94.56,93.2,91.84,94.56,91.84,SAUDAVEL,13.599999999999994,8.159999999999997,10.879999999999995,10.335999999999995,11.423999999999996,9.791999999999994,11.967999999999995
77,47,0.0,0.0,107.0,85.6,100.0,100.0,76-125,92.8,94.24,92.8,91.36,94.24,91.36,SAUDAVEL,14.400000000000006,8.64,11.520000000000003,10.944000000000003,12.096000000000004,10.368000000000002,12.672000000000004
77,48,0.0,0.0,106.0,84.8,100.0,100.0,76-125,92.4,93.92,92.4,90.88,93.92,90.88,SAUDAVEL,15.200000000000003,9.120000000000005,12.160000000000004,11.552000000000003,12.768000000000002,10.944000000000003,13.376000000000001
77,49,0.0,0.0,105.0,84.0,100.0,100.0,76-125,92.0,93.6,92.0,90.4,93.6,90.4,SAUDAVEL,16.0,9.599999999999994,12.799999999999997,12.159999999999997,13.439999999999998,11.519999999999996,14.079999999999998
77,50,0.0,0.0,104.0,83.2,100.0,100.0,76-125,91.6,93.28,91.6,89.92,93.28,89.92,SAUDAVEL,16.799999999999997,10.079999999999998,13.439999999999998,12.767999999999997,14.111999999999998,12.095999999999997,14.783999999999997
77,51,0.0,0.0,103.0,82.39999999999999,100.0,100.0,76-125,91.2,92.96,91.2,89.44,92.96,89.44,SAUDAVEL,17.60000000000001,10.560000000000002,14.080000000000005,13.376000000000005,14.784000000000006,12.672000000000004,15.488000000000007
77,52,0.0,7.5681903398715775,102.0,81.6,100.0,92.43180966012842,76-125,89.28636193202568,91.12636193202567,88.9079524150321,87.82477144901925,90.7479524150321,87.82477144901925,SAUDAVEL,18.400000000000006,12.175228550980748,15.287614275490377,14.665137130588452,15.910091420392302,14.042659985686525,16.532568565294227
77,53,0.0,27.44417098860038,101.0,80.80000000000001,100.0,72.55582901139962,76-125,84.91116580227992,86.83116580227994,83.53895725284991,84.36337435170995,85.45895725284991,84.36337435170995,SAUDAVEL,19.19999999999999,15.63662564829005,17.41831282414502,17.061975388974027,17.77465025931601,16.70563795380303,18.130987694487004
77,54,0.0,49.58697165469016,100.0,80.0,100.0,50.41302834530984,76-125,80.08260566906196,82.08260566906196,77.60325708632746,80.56195425179648,79.60325708632746,80.56195425179648,SAUDAVEL,20.0,19.43804574820352,19.71902287410176,19.662827448922112,19.77521829928141,19.606632023742463,19.831413724461058
77,55,5.636541199533516,79.28034262122252,99.0,79.2,94.36345880046647,20.719657378777484,76-125,72.05296911589544,73.5693149959421,68.37077904481099,74.21881330693324,69.88712492485764,74.21881330693324,ATENCAO,20.799999999999997,25.781186693066758,23.290593346533377,23.788712015840055,22.7924746772267,24.28683068514673,22.294356007920022
77,56,0.0,78.65032548371715,98.0,78.4,100.0,21.34967451628285,76-125,73.46993490325657,75.62993490325657,69.53741862907071,75.24245117744242,71.69741862907071,75.24245117744242,ATENCAO,21.599999999999994,24.75754882255758,23.178774411278788,23.494529293534548,22.863019529023028,23.8102841757903,22.547264646767267
77,57,0.0,69.48075213913081,97.0,77.60000000000001,100.0,30.519247860869186,76-125,74.90384957217385,77.14384957217385,71.4298119652173,76.13788717913037,73.6698119652173,76.13788717913037,ATENCAO,22.39999999999999,23.862112820869626,23.13105641043481,23.277267692521775,22.984845128347843,23.423478974608734,22.83863384626088
77,58,11.864451495660765,66.86980196466796,96.0,76.8,88.13554850433924,33.13019803533204,76-125,71.46670415836817,72.6002590088021,68.71643663491783,73.08341683138461,69.84999148535174,73.08341683138461,ATENCAO,23.200000000000003,26.91658316861539,25.058291584307696,25.429949901169234,24.686633267446158,25.801608218030772,24.31497495058462
77,59,17.998324044329674,65.1729492800613,95.0,76.0,82.00167595567032,34.8270507199387,76-125,69.56591293068884,70.16608052625587,67.20718166890225,71.32447659690838,67.8073492644693,71.32447659690838,ATENCAO,24.0,28.675523403091617,26.33776170154581,26.80531404185497,25.870209361236647,27.27286638216413,25.40265702092748
77,60,29.61138218943845,77.39912072435204,94.0,75.2,70.38861781056156,22.600879275647955,76-125,63.23676119829806,62.75562297935421,60.84737427155238,66.10728634398758,60.36623605260854,66.10728634398758,ATENCAO,24.799999999999997,33.89271365601242,29.346356828006208,30.25562819360745,28.437085462404966,31.16489955920869,27.527814096803723
77,61,50.0030557894685,100.0,93.0,74.4,49.9969442105315,0.0,76-125,52.19908326315945,49.7587776842126,49.69923605263288,57.13923605263288,47.25893047368603,57.13923605263288,RISCO,25.599999999999994,42.86076394736712,34.230381973683556,35.95645836842027,32.50430557894684,37.68253476315698,30.77822918421013
77,62,50.11794538431654,100.0,92.0,73.6,49.88205461568346,0.0,76-125,51.76461638470504,49.39282184627338,49.27051365392086,56.63051365392086,46.89871911548921,56.63051365392086,RISCO,26.400000000000006,43.36948634607914,34.884743173039574,36.58169180764749,33.18779453843166,38.278640442255394,31.490845903823747
77,63,44.186428157486205,100.0,91.0,72.8,55.8135718425138,0.0,76-125,53.14407155275414,51.44542873700552,50.35339296062845,57.63339296062845,48.65475014487983,57.63339296062845,RISCO,27.200000000000003,42.36660703937155,34.783303519685774,36.299964223622936,33.266642815748625,37.816624927560085,31.749982111811462
77,64,44.38317855635292,100.0,90.0,72.0,55.61682144364708,0.0,76-125,52.68504643309413,51.04672857745884,49.904205360911774,57.10420536091176,48.26588750527648,57.10420536091176,RISCO,28.0,42.89579463908824,35.44789731954412,36.937476783452944,33.9583178556353,38.42705624736176,32.46873839172647
77,65,7.290340092007638,69.03114219617818,89.0,71.2,92.70965990799236,30.96885780382182,76-125,69.60666953316208,71.75763552396131,66.51962942795355,70.54274364757137,68.67059541875278,70.54274364757137,ATENCAO,28.799999999999997,29.45725635242863,29.128628176214313,29.194353811457177,29.06290254097145,29.26007944670004,28.997176905728587
77,66,8.253410936460352,22.284363190586188,88.0,70.39999999999999,91.74658906353964,77.71563680941381,76-125,78.26710408094465,80.40176298729862,77.56555646823836,76.83399278729698,79.70021537459232,76.83399278729698,ATENCAO,29.60000000000001,23.166007212703022,26.383003606351515,25.739604327621816,27.026402885081215,25.096205048892116,27.669802163810914
77,67,18.719145960177727,0.0,87.0,69.6,81.28085403982227,100.0,76-125,79.18425621194667,80.3523416159289,80.12021350995556,77.08021350995557,81.2882989139378,77.08021350995557,ATENCAO,30.400000000000006,22.91978649004443,26.659893245022218,25.91187189402666,27.407914596017775,25.163850543031103,28.15593594701333
77,68,19.53311130348927,0.0,86.0,68.8,80.46688869651072,100.0,76-125,78.54006660895321,79.7067554786043,79.51672217412768,76.39672217412767,80.68341104377875,76.39672217412767,ATENCAO,31.200000000000003,23.603277825872325,27.401638912936164,26.641966695523397,28.161311130348935,25.88229447811063,28.920983347761698
77,69,25.92817000665373,0.0,85.0,68.0,74.07182999334627,100.0,76-125,76.22154899800388,76.82873199733851,77.51795749833657,74.31795749833657,78.1251404976712,74.31795749833657,ATENCAO,32.0,25.68204250166343,28.841021250831716,28.20922550099806,29.472817000665373,27.577429751164402,30.10461275049903
77,70,25.96041024246804,0.0,84.0,67.2,74.03958975753196,100.0,76-125,75.81187692725959,76.49583590301279,77.10989743938299,73.82989743938299,77.79385641513619,73.82989743938299,ATENCAO,32.8,26.17010256061701,29.485051280308504,28.822061536370207,30.1480410242468,28.159071792431902,30.8110307681851
77,71,31.60705725794338,0.0,83.0,66.4,68.39294274205662,100.0,76-125,73.71788282261699,73.91717709682266,75.29823568551416,71.93823568551416,75.49752995971981,71.93823568551416,ATENCAO,33.599999999999994,28.061764314485842,30.830882157242918,30.277058588691503,31.384705725794333,29.723235020140088,31.93852929434575
77,72,42.80604524543718,4.210704181211187,82.0,65.60000000000001,57.19395475456282,95.78929581878882,76-125,69.11604559012662,68.2754410655829,71.04581264333791,68.02688306145903,70.20520811879419,68.02688306145903,ATENCAO,34.39999999999999,31.97311693854097,33.18655846927048,32.94387016312458,33.42924677541638,32.70118185697868,33.67193508156228
77,73,50.015935660021725,44.00906592663663,81.0,64.8,49.98406433997828,55.99093407336337,76-125,58.59340611666615,57.11181255066399,58.893749603335415,59.77465619599906,57.41215603733324,59.77465619599906,RISCO,35.2,40.22534380400094,37.71267190200047,38.215206282400565,37.21013752160038,38.71774066280066,36.70760314120028
77,74,50.119514257070485,90.2201342140405,80.0,64.0,49.88048574292952,9.7798657859595,76-125,48.92011888007075,47.50816745436371,46.91508788222225,52.33710130362631,45.50313645651521,52.33710130362631,RISCO,36.0,47.66289869637369,41.831449348186844,42.99773921782421,40.66515947854947,44.16402908746158,39.4988696089121
77,75,50.14118178411945,95.45209015956148,79.0,63.2,49.85881821588055,4.547909840438521,76-125,47.46722743285187,46.13310925443993,45.201682014079765,51.06689103003592,43.86756383566782,51.06689103003592,RISCO,36.8,48.93310896996408,42.86655448498204,44.07986538197845,41.65324358798563,45.293176278974855,40.439932690989224
77,76,50.152084332177,91.9344682998666,78.0,62.4,49.847915667823,8.065531700133405,76-125,47.76748104037358,46.512272607155886,45.6783618419891,51.11180867197576,44.4231534087714,51.11180867197576,RISCO,37.6,48.88819132802424,43.24409566401212,44.37291479681454,42.1152765312097,45.50173392961697,40.98645739840727
77,77,50.16664802681213,90.07225065744326,77.0,61.6,49.83335197318787,9.927749342556735,76-125,47.73555546046771,46.5588906577865,45.74027532893615,50.90750039468048,44.56361052625493,50.90750039468048,RISCO,38.4,49.09249960531952,43.74624980265976,44.81549976319171,42.676999842127806,45.88474972372366,41.60774988159585
77,78,50.14898224286807,79.0083866063221,76.0,60.8,49.85101775713193,20.99161339367789,76-125,49.553628005875154,48.45872978158835,48.11065778770245,52.09149644833467,47.01575956341564,52.09149644833467,RISCO,39.2,47.90850355166533,43.55425177583267,44.4251021309992,42.68340142066613,45.29595248616573,41.812551065499605
77,79,50.03924204176736,58.39026306904128,75.0,60.0,49.96075795823264,41.60973693095872,31-75,53.31017477366154,52.3062505694848,52.89262372229784,54.73165002920197,51.8886995181211,54.73165002920197,RISCO,40.0,45.26834997079803,42.634174985399014,43.16100998247882,42.10733998831921,43.68784497955862,41.58050499123941
77,80,50.172910745458125,42.29668143941917,74.0,59.199999999999996,49.82708925454188,57.70331856058083,31-75,56.08879048847872,55.151499413932925,56.48260195378067,56.63227009772259,55.54531087923486,56.63227009772259,RISCO,40.800000000000004,43.36772990227741,42.08386495113871,42.34063794136645,41.82709196091096,42.59741093159418,41.570318970683225
77,81,50.06138134822487,16.57597299083358,73.0,58.4,49.93861865177513,83.42402700916642,31-75,60.86639099736583,60.020252862543344,62.54066141523539,60.03825871431874,61.694523280412895,60.03825871431874,ATENCAO,41.6,39.96174128568126,40.78087064284063,40.61704477140876,40.94469651427251,40.45321889997688,41.108522385704376
77,82,50.06258354752988,0.0,72.0,57.599999999999994,49.93741645247012,100.0,31-75,63.78122493574103,63.014966580988045,66.28435411311753,62.04435411311752,65.51809575836454,62.04435411311752,ATENCAO,42.400000000000006,37.95564588688248,40.17782294344124,39.73338753212949,40.622258354752994,39.28895212081773,41.066693766064745
77,83,50.13029200843169,0.0,71.0,56.8,49.86970799156831,100.0,31-75,63.36091239747049,62.66788319662733,65.86742699789207,61.54742699789208,65.17439779704891,61.54742699789208,ATENCAO,43.2,38.45257300210792,40.82628650105396,40.351543801264754,41.30102920084317,39.87680110147554,41.77577190063237
77,84,48.89426275836905,0.0,70.0,56.00000000000001,51.10573724163095,100.0,31-75,63.33172117248929,62.84229489665239,65.77643431040774,61.37643431040774,65.28700803457083,61.37643431040774,ATENCAO,43.99999999999999,38.62356568959226,41.31178284479613,40.77413941375535,41.849426275836905,40.23649598271458,42.38706970687767
77,85,40.682884861666565,0.0,69.0,55.2,59.31711513833344,100.0,31-75,65.39513454150003,65.80684605533338,67.42927878458336,62.94927878458336,67.8409902984167,62.94927878458336,ATENCAO,44.8,37.05072121541664,40.92536060770831,40.15043272924998,41.700288486166656,39.37550485079164,42.475216364624984
77,86,48.23590909416119,0.0,68.0,54.400000000000006,51.76409090583881,100.0,31-75,62.72922727175165,62.46563636233553,65.14102272645971,60.58102272645971,64.87743181704359,60.58102272645971,ATENCAO,45.599999999999994,39.41897727354029,42.50948863677014,41.89138636412417,43.127590909416114,41.2732840914782,43.745693182062084
77,87,39.90795658613018,0.0,67.0,53.6,60.09204341386982,100.0,31-75,64.82761302416094,65.47681736554793,66.82301085346745,62.18301085346745,67.47221519485444,62.18301085346745,ATENCAO,46.4,37.81698914653255,42.10849457326627,41.25019348791953,42.96679565861302,40.391892402572786,43.82509674395976
77,88,35.39982364009705,0.0,66.0,52.800000000000004,64.60017635990295,100.0,31-75,65.78005290797088,66.96007054396118,67.55004408997574,62.830044089975736,68.73006172596604,62.830044089975736,ATENCAO,47.199999999999996,37.169955910024264,42.18497795501213,41.18197354601456,43.1879823640097,40.178969137016985,44.19098677300727
77,89,39.75927588698657,0.0,65.0,52.0,60.24072411301343,100.0,31-75,64.07221723390403,64.89628964520537,66.06018102825335,61.26018102825336,66.8842534395547,61.26018102825336,ATENCAO,48.0,38.73981897174664,43.36990948587332,42.44389138304798,44.29592758869865,41.517873280222645,45.221945691523985
77,90,42.89677400891461,0.0,64.0,51.2,57.10322599108539,100.0,31-75,62.73096779732562,63.321290396434165,64.87580649777135,59.99580649777135,65.46612909687988,59.99580649777135,RISCO,48.8,40.00419350222865,44.40209675111433,43.52251610133719,45.28167740089146,42.64293545156006,46.16125805066859
77,91,23.65315408775784,0.0,63.0,50.4,76.34684591224216,100.0,31-75,68.10405377367265,70.69873836489687,69.28671147806054,64.32671147806053,71.88139606928476,64.32671147806053,ATENCAO,49.6,35.67328852193947,42.63664426096973,41.24397311316368,44.02931540877579,39.85130196535762,45.42198655658184
77,92,19.153919625673417,0.0,62.0,49.6,80.84608037432659,100.0,31-75,69.05382411229797,72.17843214973064,70.01152009358165,64.97152009358165,73.1361281310143,64.97152009358165,ATENCAO,50.4,35.028479906418355,42.71423995320917,41.177087943851014,44.25139196256734,39.63993593449285,45.7885439719255
77,93,24.54801067460346,0.0,61.0,48.8,75.45198932539654,100.0,31-75,67.03559679761896,69.70079573015862,68.26299733134914,63.142997331349136,70.9281962638888,63.142997331349136,ATENCAO,51.2,36.857002668650864,44.02850133432543,42.59420160119052,45.46280106746035,41.1599018680556,46.897100800595254
77,94,35.340977384435945,0.0,60.0,48.0,64.65902261556406,100.0,31-75,63.39770678466921,65.06360904622562,65.164755653891,59.96475565389101,66.83065791544742,59.96475565389101,RISCO,52.0,40.03524434610899,46.01762217305449,44.8211466076654,47.2140977384436,43.62467104227629,48.41057330383269
77,95,50.082437131979866,0.0,59.0,47.199999999999996,49.91756286802013,100.0,31-75,58.57526886040604,58.84702514720806,61.07939071700503,55.79939071700503,61.35114700380704,55.79939071700503,RISCO,52.800000000000004,44.20060928299497,48.500304641497486,47.640365569796984,49.36024371319799,46.780426498096475,50.22018278489849
77,96,50.16712805504282,27.55409585938211,58.0,46.400000000000006,49.83287194495718,72.4459041406179,31-75,52.63904241161074,52.98232960610646,53.769694021393775,51.16510360733199,54.11298121588949,51.16510360733199,RISCO,53.599999999999994,48.83489639266801,51.217448196334004,50.7409378356008,51.693958557067205,50.2644274748676,52.1704689178004
77,97,50.142192663968885,50.153895447323535,57.0,45.6,49.85780733603112,49.84610455267647,31-75,47.72656311134463,48.152343844947744,47.72597797217689,47.301367516909245,48.15175870578001,47.301367516909245,RISCO,54.4,52.698632483090755,53.54931624154538,53.37917948985445,53.7194529932363,53.209042738163525,53.88958974492722
77,98,50.21581845735071,69.07274879767807,56.0,44.800000000000004,49.78418154264929,30.927251202321926,31-75,43.52070470325918,44.0191228575241,42.57785818624281,43.965133066010615,43.07627634050773,43.965133066010615,RISCO,55.199999999999996,56.034866933989385,55.61743346699469,55.70092016039363,55.53394677359575,55.78440685379256,55.450460080196805
77,99,50.480202254221936,100.0,55.0,44.0,49.519797745778064,0.0,31-75,36.855939323733416,37.407919098311226,34.37994943644452,38.77994943644451,34.93192921102232,38.77994943644451,RISCO,56.0,61.22005056355549,58.610025281777745,59.13203033813329,58.0880202254222,59.654035394488844,57.566015169066645
77,100,50.61575701118271,100.0,54.0,43.2,49.38424298881729,0.0,31-75,36.41527289664519,37.03369719552692,33.94606074720433,38.26606074720432,34.56448504608605,38.26606074720432,RISCO,56.8,61.73393925279568,59.26696962639784,59.76036355167741,58.773575701118276,60.25375747695697,58.2801817758387
77,101,50.48858997588913,100.0,53.0,42.4,49.51141002411087,0.0,31-75,36.05342300723326,36.76456400964435,33.57785250602772,37.81785250602772,34.28899350843881,37.81785250602772,RISCO,57.6,62.18214749397228,59.89107374698614,60.349288496383366,59.432858997588916,60.807503245780595,58.97464424819168
77,102,50.35301073855296,100.0,52.0,41.6,49.64698926144704,0.0,31-75,35.694096778434115,36.49879570457882,33.21174731536176,37.37174731536176,34.016446241506465,37.37174731536176,RISCO,58.4,62.62825268463824,60.514126342319116,60.93695161078294,60.0913010738553,61.359776879246766,59.668475805391466
77,103,50.19211027813925,68.89863230809884,51.0,40.8,49.80788972186075,31.10136769190116,31-75,41.56264045493845,42.46342942712453,40.62731435344047,41.59717758425035,41.52810332562655,41.59717758425035,RISCO,59.2,58.40282241574965,58.80141120787482,58.72169344944979,58.88112896629986,58.641975691024754,58.96084672472489
77,104,50.18306371506454,24.96151523668224,50.0,40.0,49.81693628493546,75.03848476331777,31-75,49.952777838144186,50.93447146663773,51.213855262063305,47.71000678573153,52.19554889055685,47.71000678573153,RISCO,60.0,52.28999321426847,56.14499660713423,55.37399592856108,56.91599728570739,54.60299524998793,57.686997964280536
77,105,50.39764910654996,13.93083768708087,49.0,39.2,49.60235089345004,86.06916231291913,31-75,51.69453773061883,52.73477281996385,53.5178783015923,48.83096207030038,54.558113390937294,48.83096207030038,RISCO,60.8,51.16903792969962,55.98451896484981,55.02142275781977,56.947615171879846,54.05832655078973,57.91071137890988
77,106,50.31718956315681,0.0,48.0,38.4,49.68281043684319,100.0,31-75,54.10484313105296,55.23312417473728,56.6207026092108,50.4607026092108,57.74898365289512,50.4607026092108,RISCO,61.6,49.5392973907892,55.569648695394605,54.363578434473524,56.775718956315686,53.15750817355244,57.98178921723676
77,107,50.36077846810402,0.0,47.0,37.6,49.63922153189598,100.0,31-75,53.6917664595688,54.89568861275839,56.209805382974,49.969805382974,57.41372753616359,49.969805382974,RISCO,62.4,50.030194617026,56.215097308512995,54.9781167702156,57.4520778468104,53.7411362319182,58.6890583851078
77,108,50.28803982223943,0.0,46.0,36.8,49.71196017776057,100.0,31-75,53.31358805332817,54.60478407110423,55.82799004444014,49.50799004444014,57.1191860622162,49.50799004444014,RISCO,63.2,50.49200995555986,56.84600497777993,55.57520597333591,58.11680398222394,54.3044069688919,59.38760298666796
77,109,50.39308032344528,0.0,45.0,36.0,49.60691967655472,100.0,31-75,52.88207590296641,54.24276787062189,55.40172991913868,49.00172991913868,56.76242188679415,49.00172991913868,RISCO,64.0,50.99827008086132,57.49913504043066,56.19896204851679,58.79930803234453,54.89878905660292,60.099481024258395
77,110,50.055445921554345,0.0,44.0,35.199999999999996,49.944554078445655,100.0,31-75,52.583366223533694,54.05782163137826,55.08613851961141,48.60613851961141,56.560593927455976,48.60613851961141,RISCO,64.80000000000001,51.39386148038859,58.096930740194296,56.75631688823316,59.43754459215544,55.415703036272006,60.778158444116585
77,111,50.020601832445934,0.0,43.0,34.4,49.97939816755407,100.0,31-75,52.19381945026622,53.751759267021626,54.69484954188852,48.134849541888514,56.25278935864392,48.134849541888514,RISCO,65.6,51.865150458111486,58.73257522905574,57.35909027486689,60.10606018324459,55.98560532067803,61.47954513743344
77,112,39.33733571341696,0.0,42.0,33.6,60.66266428658304,100.0,31-75,54.99879928597491,57.70506571463322,56.96566607164576,50.32566607164576,59.67193250030407,50.32566607164576,RISCO,66.4,49.67433392835424,58.03716696417712,56.36460035701254,59.7097335713417,54.692033749847965,61.38230017850627
77,113,43.80450880368602,0.0,41.0,32.800000000000004,56.19549119631398,100.0,31-75,53.258647358894194,55.5981964785256,55.4488727990785,48.7288727990785,57.78842191870989,48.7288727990785,RISCO,67.19999999999999,51.2711272009215,59.23556360046074,57.642676320552894,60.82845088036859,56.049789040645045,62.42133816027644
77,114,50.00678851453504,0.0,40.0,32.0,49.99321148546496,100.0,31-75,50.997963445639485,52.79728459418598,53.49830287136624,46.69830287136624,55.29762401991273,46.69830287136624,RISCO,68.0,53.30169712863376,60.65084856431688,59.18101827718026,62.120678851453505,57.711187990043626,63.59050913859012
77,115,50.03298304839589,0.0,39.0,31.2,49.96701695160411,100.0,31-75,50.590105085481234,52.46680678064165,53.09175423790103,46.21175423790103,54.96845593306144,46.21175423790103,RISCO,68.8,53.78824576209897,61.29412288104948,59.79294745725937,62.795298304839584,58.29177203346927,64.29647372862968
77,116,37.665136187048816,0.0,38.0,30.4,62.334863812951184,100.0,31-75,53.90045914388536,57.09394552518047,55.7837159532378,48.823715953237794,58.97720233453291,48.823715953237794,RISCO,69.6,51.176284046762206,60.3881420233811,58.545770428057324,62.23051361870488,56.70339883273354,64.07288521402864
77,117,50.03203576430429,0.0,37.0,29.599999999999998,49.96796423569571,100.0,31-75,49.79038927070872,51.827185694278285,52.29199105892393,45.25199105892393,54.328787482493496,45.25199105892393,RISCO,70.4,54.74800894107607,62.57400447053804,61.008805364645646,64.13920357643043,59.44360625875325,65.70440268232282
77,118,50.0872885037658,0.0,36.0,28.799999999999997,49.9127114962342,100.0,31-75,49.37381344887026,51.485084598493685,51.87817787405855,44.75817787405855,53.98944902368197,44.75817787405855,RISCO,71.2,55.24182212594145,63.22091106297073,61.62509327556487,64.81672885037658,60.02927548815901,66.41254663778243
77,119,44.553904243369495,0.0,35.0,28.000000000000004,55.446095756630505,100.0,31-75,50.63382872698915,53.37843830265221,52.86152393915763,45.661523939157625,55.60613351482069,45.661523939157625,RISCO,72.0,54.338476060842375,63.169238030421184,61.40308563650542,64.93539042433694,59.63693324258966,66.7015428182527
77,120,36.857118071702985,0.0,34.0,27.200000000000003,63.142881928297015,100.0,31-75,52.5428645784891,56.13715277131881,54.385720482074255,47.105720482074254,57.98000867490396,47.105720482074254,RISCO,72.8,52.894279517925746,62.84713975896287,60.85656771075544,64.83771180717031,58.865995662548016,66.82828385537772
77,121,37.57516759556707,0.0,33.0,26.400000000000002,62.42483240443293,100.0,31-75,51.92744972132988,55.52993296177317,53.80620810110823,46.44620810110823,57.40869134155152,46.44620810110823,RISCO,73.6,53.55379189889177,63.576895949445884,61.572275139335055,65.5815167595567,59.56765432922423,67.58613756966753
77,122,34.59292342474473,0.0,32.0,25.6,65.40707657525527,100.0,31-75,52.42212297257658,56.40283063010212,54.15176914381382,46.71176914381382,58.13247680133935,46.71176914381382,RISCO,74.4,53.28823085618618,63.84411542809309,61.732938513711716,65.95529234247448,59.62176159933033,68.06646925685585
77,123,37.25920434138701,0.0,31.0,24.8,62.74079565861299,100.0,31-75,51.2222386975839,55.0163182634452,53.08519891465325,45.56519891465325,56.87927848051454,45.56519891465325,RISCO,75.2,54.43480108534675,64.81740054267337,62.740880651208045,66.89392043413869,60.66436075974272,68.97044032560402
77,124,36.38965701039556,0.0,30.0,24.0,63.61034298960444,100.0,0-30,51.08310289688133,55.04413719584178,52.90258574740111,45.30258574740111,56.863620046361554,45.30258574740111,RISCO,76.0,54.69741425259889,65.34870712629944,63.218448551559334,67.47896570103956,61.08818997681922,69.60922427577967
77,125,39.78735753482486,0.0,29.0,23.200000000000003,60.21264246517514,100.0,0-30,49.66379273955255,53.36505698607006,51.65316061629379,43.97316061629379,55.3544248628113,43.97316061629379,RISCO,76.8,56.02683938370621,66.41341969185311,64.33610363022373,68.49073575348248,62.25878756859434,70.56805181511186
77,126,29.37961916277338,0.0,28.0,22.400000000000002,70.62038083722662,100.0,0-30,52.38611425116799,57.20815233489065,53.855095209306654,46.095095209306656,58.677133293029314,46.095095209306656,RISCO,77.6,53.904904790693344,65.75245239534667,63.382942874416,68.12196191627734,61.01343335348534,70.49147143720799
77,127,48.02916466935203,0.0,27.0,21.6,51.97083533064797,100.0,0-30,46.39125059919439,49.4283341322592,48.792708832662,40.952708832662,51.82979236572679,40.952708832662,RISCO,78.4,59.047291167338,68.723645583669,66.7883747004028,70.65891646693521,64.8531038171366,72.5941873502014
77,128,50.07951970985059,15.426151693926386,26.0,20.8,49.92048029014941,84.57384830607361,0-30,42.29091374825954,45.202961777274496,44.02358214905576,37.6461973184484,46.935630178070696,37.6461973184484,RISCO,79.2,62.3538026815516,70.7769013407758,69.09228160893096,72.46152107262064,67.40766187708611,74.14614080446547
77,129,50.194915942033006,43.06633966365452,25.0,20.0,49.805084057966994,56.93366033634548,0-30,36.3282572846592,39.3087656904559,36.68468609857812,32.99132006494357,39.66519450437482,32.99132006494357,RISCO,80.0,67.00867993505642,73.50433996752821,72.20520796103385,74.80347197402257,70.90607595453949,76.10260398051693
77,130,50.17452059623176,56.78031049511147,24.0,19.2,49.82547940376824,43.21968950488853,0-30,33.191581722108175,36.254129662485006,32.86129222716419,30.45932327667533,35.923840167541016,30.45932327667533,RISCO,80.8,69.54067672332467,75.17033836166233,74.04440603399479,76.29627068932987,72.91847370632726,77.4222030169974
77,131,50.17551471234586,65.9441086952593,23.0,18.4,49.82448528765414,34.0558913047407,0-30,30.95852384724438,34.10097237600979,30.17009414809871,28.60450501762464,33.312542676864126,28.60450501762464,CRITICO,81.6,71.39549498237537,76.49774749118768,75.47729698942521,77.51819799295015,74.45684648766274,78.5386484947126
77,132,50.41615786689913,84.29566782921012,22.0,17.599999999999998,49.58384213310087,15.704332170789884,0-30,26.81601907408824,30.014403287398327,25.12204357597269,25.3116103588937,28.32042778928277,25.3116103588937,CRITICO,82.4,74.6883896411063,78.54419482055314,77.77303378466378,79.31535585644252,77.0018727487744,80.08651689233189
77,133,50.445224587412966,97.85720604057,21.0,16.8,49.55477541258704,2.1427939594299943,0-30,23.69499141566211,26.97046895692081,21.32439234300426,22.79011294706126,24.59986988426296,22.79011294706126,CRITICO,83.2,77.20988705293874,80.20494352646938,79.60593223176323,80.8039548211755,79.00692093705712,81.40296611588161
77,134,50.29047508740973,89.43588865941172,20.0,16.0,49.70952491259027,10.564111340588283,0-30,25.02567974189473,28.396632233153763,23.06840906329464,23.61199792923581,26.439361554553663,23.61199792923581,CRITICO,84.0,76.38800207076419,80.19400103538209,79.43280124245851,80.95520082830568,78.67160144953493,81.71640062122925
77,135,50.33199220754314,80.31079649120585,19.0,15.2,49.66800779245686,19.68920350879415,0-30,26.438243039495887,29.88504381874158,24.93930282531275,24.49038247443334,28.38610360455844,24.49038247443334,CRITICO,84.8,75.50961752556665,80.15480876278332,79.22577051534,81.08384701022666,78.29673226789666,82.01288525766999
77,136,50.6701630489646,77.48621796108667,18.0,14.399999999999999,49.3298369510354,22.51378203891333,0-30,26.50170749309328,29.99469118819683,25.160904747487184,24.349526543595847,28.653888442590723,24.349526543595847,CRITICO,85.6,75.65047345640416,80.62523672820208,79.63028407384249,81.62018938256165,78.63533141948291,82.61514203692124
77,137,50.69338907121707,81.33224971406278,17.0,13.600000000000001,49.30661092878293,18.667750285937217,0-30,25.32553333582232,28.896194428700618,23.79359030368004,23.286815275086315,27.36425139655833,23.286815275086315,CRITICO,86.4,76.71318472491369,81.55659236245685,80.58791083494822,82.52527388996548,79.61922930743958,83.4939554174741
77,138,50.837482955645065,93.2856788053077,16.0,12.8,49.162517044354935,6.714321194692303,0-30,22.49161935224494,26.12787105668044,20.36920955976181,20.977777440292577,24.005461264197304,20.977777440292577,CRITICO,87.2,79.02222255970742,83.1111112798537,82.29333353582444,83.92888902388296,81.47555579179519,84.74666676791222
77,139,50.83087884219864,100.0,15.0,12.0,49.16912115780136,0.0,0-30,20.750736347340407,24.467648463120543,18.29228028945034,19.49228028945034,22.009192405230475,19.49228028945034,CRITICO,88.0,80.50771971054967,84.25385985527484,83.5046318263298,85.00308788421987,82.75540379738476,85.75231591316489
77,140,51.07227450220444,100.0,14.0,11.200000000000001,48.92772549779556,0.0,0-30,20.278317649338668,24.051090199118224,17.83193137444889,18.95193137444889,21.60470392422845,18.95193137444889,CRITICO,88.8,81.04806862555111,84.92403431277555,84.14884117533066,85.69922745022043,83.37364803788577,86.47442058766532
77,141,51.204575497965216,100.0,13.0,10.4,48.795424502034784,0.0,0-30,19.83862735061044,23.678169800813915,17.398856125508697,18.438856125508696,21.23839857571217,18.438856125508696,CRITICO,89.6,81.56114387449131,85.58057193724565,84.77668632469478,86.38445754979652,83.97280071214391,87.18834316234738
77,142,51.37830633599926,100.0,12.0,9.6,48.62169366400074,0.0,0-30,19.38650809920022,23.288677465600298,16.955423416000183,17.915423416000184,20.857592782400257,17.915423416000184,CRITICO,90.4,82.08457658399982,86.24228829199991,85.4107459503999,87.07383063359993,84.57920360879987,87.90537297519995
77,143,51.30643940437177,100.0,11.0,8.799999999999999,48.69356059562823,0.0,0-30,19.008068178688468,22.99742423825129,16.573390148907055,17.453390148907054,20.56274620846988,17.453390148907054,CRITICO,91.2,82.54660985109294,86.87330492554648,86.00796591065577,87.73864394043719,85.14262689576506,88.60398295532788
77,144,51.597030507473626,100.0,10.0,8.0,48.40296949252637,0.0,0-30,18.52089084775791,22.56118779701055,16.100742373131595,16.900742373131592,20.14103932238423,16.900742373131592,CRITICO,92.0,83.09925762686841,87.5496288134342,86.65955457612105,88.43970305074737,85.76948033880788,89.32977728806051
77,145,51.83572427909009,100.0,9.0,7.199999999999999,48.16427572090991,0.0,0-30,18.049282716272973,22.145710288363965,15.641068930227478,16.36106893022748,19.737496502318468,16.36106893022748,CRITICO,92.8,83.63893106977253,88.21946553488627,87.30335864186351,89.13557242790901,86.38725174884077,90.05167932093175
77,146,52.22673654299608,100.0,8.0,6.4,47.77326345700392,0.0,0-30,17.531979037101177,21.669305382801568,15.14331586425098,15.78331586425098,19.28064220995137,15.78331586425098,CRITICO,93.6,84.21668413574902,88.90834206787451,87.9700104814494,89.84667365429961,87.0316788950243,90.7850052407247
77,147,52.59967962894597,100.0,7.0,5.6000000000000005,47.40032037105403,0.0,0-30,17.020096111316207,21.20012814842161,14.650080092763508,15.210080092763508,18.83011212986891,15.210080092763508,CRITICO,94.4,84.7899199072365,89.59495995361826,88.6339519443419,90.5559679628946,87.67294393506555,91.51697597217094
77,148,53.05574902266146,100.0,6.0,4.8,46.94425097733854,0.0,0-30,16.48327529320156,20.697700390935417,14.136062744334636,14.616062744334634,18.35048784206849,14.616062744334634,CRITICO,95.2,85.38393725566536,90.29196862783269,89.31036235339923,91.27357490226615,88.32875607896574,92.25518117669961
77,149,53.76258154524804,100.0,5.0,4.0,46.23741845475196,0.0,0-30,15.871225536425587,20.094967381900787,13.55935461368799,13.95935461368799,17.783096459163186,13.95935461368799,CRITICO,96.0,86.04064538631201,91.020322693156,90.02438723178722,92.01625815452479,89.0284517704184,93.0121936158936
77,150,54.52503614165544,100.0,4.0,3.2,45.47496385834456,0.0,0-30,15.242489157503368,19.469985543337824,12.96874096458614,13.28874096458614,17.196237350420596,13.28874096458614,CRITICO,96.8,86.71125903541386,91.75562951770692,90.74675542124831,92.76450361416553,89.7378813247897,93.77337771062415
77,151,54.86197444939367,100.0,3.0,2.4,45.13802555060633,0.0,0-30,14.741407665181898,19.015210220242533,12.484506387651582,12.724506387651582,16.758308942712215,12.724506387651582,CRITICO,97.6,87.27549361234841,92.4377468061742,91.40529616740905,93.47019744493936,90.37284552864388,94.50264808370451
77,152,55.35106095115778,100.0,2.0,1.6,44.64893904884222,0.0,0-30,14.194681714652669,18.49957561953689,11.962234762210556,12.122234762210557,16.267128667094777,12.122234762210557,CRITICO,98.4,87.87776523778945,93.13888261889473,92.08665914267368,94.19110609511577,91.03443566645261,95.24332957133683
77,153,56.24926455098293,100.0,1.0,0.8,43.75073544901707,0.0,0-30,13.52522063470512,17.82029417960683,11.337683862254268,11.417683862254268,15.632757407155976,11.417683862254268,CRITICO,99.2,88.58231613774574,93.89115806887287,92.82938968264745,94.9529264550983,91.767621296422,96.01469484132372
77,154,57.47785795812663,100.0,0.0,0.0,42.52214204187337,0.0,0-30,12.756642612562011,17.00885681674935,10.630535510468343,10.630535510468343,14.88274971465568,10.630535510468343,CRITICO,100.0,89.36946448953165,94.68473224476583,93.62167869371899,95.74778579581266,92.55862514267216,96.8108393468595
78,39,0.0,9.645011137284303,192.0,100.0,100.0,90.3549888627157,RUL > 125,98.07099777254314,98.07099777254314,97.58874721567892,98.55324832940735,97.58874721567892,98.55324832940735,SAUDAVEL,0.0,1.446751670592647,0.7233758352963235,0.8680510023555882,0.5787006682370589,1.0127261694148528,0.4340255011777941
78,40,2.658097888689303,25.30975471450297,191.0,100.0,97.3419021113107,74.69024528549703,RUL > 125,94.1406196904926,93.87480990162368,93.00803684920191,95.53901232065222,92.742227060333,95.53901232065222,SAUDAVEL,0.0,4.460987679347781,2.2304938396738905,2.6765926076086686,1.7843950717391124,3.1226913755434467,1.3382963038043343
78,41,0.0,29.658730930927124,190.0,100.0,100.0,70.34126906907288,RUL > 125,94.06825381381458,94.06825381381458,92.58531726726822,95.55119036036092,92.58531726726822,95.55119036036092,SAUDAVEL,0.0,4.44880963963908,2.22440481981954,2.669285783783448,1.779523855855632,3.114166747747356,1.334642891891724
78,42,0.0,42.62913350058351,189.0,100.0,100.0,57.37086649941649,RUL > 125,91.4741732998833,91.4741732998833,89.34271662485412,93.60562997491247,89.34271662485412,93.60562997491247,SAUDAVEL,0.0,6.394370025087525,3.1971850125437626,3.836622015052515,2.5577480100350103,4.476059017561267,1.9183110075262575
78,43,6.2373453720729,58.83194464413365,188.0,100.0,93.7626546279271,41.16805535586635,RUL > 125,86.3624074595514,85.73867292234411,83.73267749594835,89.61587196036172,83.10894295874107,89.61587196036172,SAUDAVEL,0.0,10.384128039638284,5.192064019819142,6.23047682378297,4.153651215855314,7.268889627746798,3.115238411891485
78,44,6.858405892495573,59.027337753692144,187.0,100.0,93.14159410750445,40.972662246307856,RUL > 125,86.1370106815129,85.45117009226334,83.52856408845307,89.43129786382228,82.8427234992035,89.43129786382228,SAUDAVEL,0.0,10.56870213617772,5.28435106808886,6.341221281706631,4.2274808544710885,7.398091495324404,3.1706106408533157
78,45,28.812351990040856,63.62657528446339,186.0,100.0,71.18764800995915,36.37342471553661,RUL > 125,78.63097934609506,75.74974414709098,76.89026818137394,83.25292570982027,74.00903298236985,83.25292570982027,SAUDAVEL,0.0,16.747074290179725,8.373537145089863,10.048244574107835,6.698829716071891,11.722952003125807,5.024122287053918
78,46,32.53084509662233,61.8990272521582,185.0,100.0,67.46915490337767,38.1009727478418,RUL > 125,77.86094102058166,74.60785651091942,76.39253191280487,82.58243463802069,73.13944740314264,82.58243463802069,SAUDAVEL,0.0,17.417565361979314,8.708782680989657,10.450539217187588,6.967026144791726,12.192295753385519,5.225269608593794
78,47,31.46772220274591,67.27036650414463,184.0,100.0,68.5322777972541,32.72963349585537,RUL > 125,77.10561003834731,73.95883781807271,75.31547782327736,82.04251447369182,72.16870560300278,82.04251447369182,SAUDAVEL,0.0,17.957485526308176,8.978742763154088,10.774491315784905,7.182994210523271,12.570239868415722,5.387245657892453
78,48,24.89131776262597,73.47308610750429,183.0,100.0,75.10868223737403,26.52691389249572,RUL > 125,77.83798744971135,75.34885567344875,75.40889903246743,82.75620764321786,72.91976725620484,82.75620764321786,SAUDAVEL,0.0,17.243792356782137,8.621896178391069,10.346275414069282,6.897516942712855,12.070654649747496,5.173137707034641
78,49,28.636327457054712,66.65240221874583,182.0,100.0,71.3636725429453,33.347597781254166,RUL > 125,78.07862131913441,75.21498857342895,76.17781758104988,82.84305780292445,73.3141848353444,82.84305780292445,SAUDAVEL,0.0,17.15694219707555,8.578471098537776,10.29416531824533,6.862776878830221,12.009859537952885,5.147082659122665
78,50,18.393568766053072,54.941799972296536,181.0,100.0,81.60643123394692,45.05820002770346,RUL > 125,83.49356937572477,81.65421249911947,81.66615781541259,87.16033781264225,79.82680093880728,87.16033781264225,SAUDAVEL,0.0,12.839662187357746,6.419831093678873,7.703797312414647,5.135864874943099,8.98776353115042,3.8518986562073234
78,51,29.8759220439147,46.16324029998329,180.0,100.0,70.1240779560853,53.83675970001671,RUL > 125,81.80457532682892,78.81698312243746,80.99020941402551,85.60653344402384,78.00261720963404,85.60653344402384,SAUDAVEL,0.0,14.393466555976161,7.196733277988081,8.636079933585696,5.757386622390465,10.075426589183312,4.318039966792848
78,52,41.69552339183383,39.53217870873625,179.0,100.0,58.30447660816617,60.46782129126375,RUL > 125,79.5849072407026,75.41535490151922,79.69307447485748,83.6462923457311,75.5235221356741,83.6462923457311,SAUDAVEL,0.0,16.353707654268902,8.176853827134451,9.812224592561341,6.541483061707561,11.44759535798823,4.9061122962806705
78,53,38.93860314371363,31.806291832394407,178.0,100.0,61.06139685628637,68.19370816760559,RUL > 125,81.95716069040704,78.06330037603567,82.31377625597298,85.49440543921243,78.41991594160163,85.49440543921243,SAUDAVEL,0.0,14.505594560787571,7.252797280393786,8.703356736472543,5.8022378243150285,10.1539161925513,4.351678368236271
78,54,35.022733614269065,14.990990443221625,177.0,100.0,64.97726638573093,85.00900955677838,RUL > 125,86.49498182707495,82.99270846564804,87.49656898562732,88.99566802994948,83.99429562420042,88.99566802994948,SAUDAVEL,0.0,11.004331970050515,5.5021659850252576,6.602599182030309,4.401732788020206,7.70303237903536,3.3012995910151544
78,55,45.65834472100798,25.3900846777152,176.0,100.0,54.34165527899202,74.60991532228479,RUL > 125,81.22447964815456,76.65864517605377,82.2378926503192,84.77690111809072,77.6720581782184,84.77690111809072,SAUDAVEL,0.0,15.22309888190928,7.61154944095464,9.133859329145567,6.089239552763712,10.656169217336496,4.5669296645727835
78,56,45.76110208841608,36.57748396445989,175.0,100.0,54.23889791158392,63.42251603554011,RUL > 125,78.9561725805832,74.38006237174159,79.41535348678102,83.073101883227,74.8392432779394,83.073101883227,SAUDAVEL,0.0,16.926898116773003,8.463449058386502,10.156138870063801,6.7707592467092015,11.848828681741102,5.0780694350319004
78,57,50.03123908773962,50.053248499914815,174.0,100.0,49.96876091226038,49.94675150008519,RUL > 125,74.97997857369515,69.97685466492119,74.9788781030864,79.98420295307787,69.97575419431243,79.98420295307787,ATENCAO,0.0,20.01579704692213,10.007898523461066,12.009478228153279,8.006318818768852,14.01105793284549,6.0047391140766395
78,58,50.35838950277416,76.39004961915438,173.0,100.0,49.64161049722584,23.609950380845618,RUL > 125,69.61447322533688,64.57863427505946,68.31289021951787,75.9518951814333,63.27705126924045,75.9518951814333,ATENCAO,0.0,24.0481048185667,12.02405240928335,14.42886289114002,9.61924192742668,16.83367337299669,7.21443144557001
78,59,50.31060114908157,92.51611372859,172.0,100.0,49.68939885091843,7.48388627141,RUL > 125,66.40359690955752,61.37253679464937,64.2933212805821,73.54493265344111,59.26226116567395,73.54493265344111,ATENCAO,0.0,26.45506734655889,13.227533673279446,15.873040407935335,10.582026938623557,18.518547142591224,7.936520203967667
78,60,50.18776820459807,79.52913090545621,171.0,100.0,49.81223179540193,20.470869094543787,RUL > 125,69.03784335752934,64.01906653706953,67.57077522248643,75.52368831303205,62.55199840202662,75.52368831303205,ATENCAO,0.0,24.476311686967946,12.238155843483973,14.685787012180768,9.790524674787179,17.133418180877563,7.342893506090384
78,61,50.13544512745354,65.76428421406516,170.0,100.0,49.86455487254646,34.23571578593484,RUL > 125,71.8065096189509,66.79296510620554,71.02506766462032,77.60149608602684,66.01152315187497,77.60149608602684,ATENCAO,0.0,22.39850391397316,11.19925195698658,13.439102348383894,8.959401565589264,15.67895273978121,6.719551174191947
78,62,50.081042282764095,54.505538281462265,169.0,100.0,49.91895771723591,45.494461718537735,RUL > 125,74.07457965887832,69.06647543060191,73.85335485894342,79.30390868708963,68.84525063066701,79.30390868708963,ATENCAO,0.0,20.69609131291037,10.348045656455184,12.417654787746221,8.278436525164148,14.487263919037257,6.2088273938731104
78,63,50.09562353940767,38.44817586239218,168.0,100.0,49.90437646059233,61.55182413760782,RUL > 125,77.28167776569927,72.2721154117585,77.86405014955004,81.70886773578925,72.85448779560927,81.70886773578925,SAUDAVEL,0.0,18.291132264210745,9.145566132105373,10.974679358526446,7.316452905684298,12.803792584947521,5.487339679263223
78,64,50.11231543015645,15.740034911020189,167.0,100.0,49.88768456984355,84.25996508897981,RUL > 125,81.81829838874903,76.80706684573339,83.53691241470584,85.11091590580786,78.5256808716902,85.11091590580786,SAUDAVEL,0.0,14.889084094192143,7.444542047096071,8.933450456515285,5.955633637676858,10.422358865934498,4.466725228257642
78,65,50.10682863297424,0.0,166.0,100.0,49.89317136702576,100.0,RUL > 125,84.96795141010773,79.9572685468103,87.47329284175643,87.47329284175643,82.46260997845901,87.47329284175643,SAUDAVEL,0.0,12.526707158243568,6.263353579121784,7.51602429494614,5.010682863297427,8.768695010770497,3.75801214747307
78,66,50.04729927836664,0.0,165.0,100.0,49.95270072163336,100.0,RUL > 125,84.98581021649001,79.98108028865335,87.48817518040835,87.48817518040835,82.48344525257167,87.48817518040835,SAUDAVEL,0.0,12.511824819591652,6.255912409795826,7.507094891754991,5.004729927836661,8.758277373714156,3.7535474458774956
78,67,29.14293737613667,0.0,164.0,100.0,70.85706262386333,100.0,RUL > 125,91.257118787159,88.34282504954533,92.71426565596585,92.71426565596585,89.79997191835216,92.71426565596585,SAUDAVEL,0.0,7.285734344034154,3.642867172017077,4.371440606420492,2.9142937376136615,5.100014040823908,2.185720303210246
78,68,16.14784182698842,0.0,163.0,100.0,83.85215817301159,100.0,RUL > 125,95.15564745190348,93.54086326920464,95.9630395432529,95.9630395432529,94.34825536055403,95.9630395432529,SAUDAVEL,0.0,4.036960456747096,2.018480228373548,2.4221762740482573,1.6147841826988385,2.8258723197229667,1.2110881370241287
78,69,22.476407838535888,0.0,162.0,100.0,77.52359216146411,100.0,RUL > 125,93.25707764843924,91.00943686458564,94.38089804036602,94.38089804036602,92.13325725651244,94.38089804036602,SAUDAVEL,0.0,5.61910195963398,2.80955097981699,3.371461175780388,2.247640783853592,3.9333713717437857,1.685730587890194
78,70,22.59029948987989,0.0,161.0,100.0,77.4097005101201,100.0,RUL > 125,93.22291015303604,90.96388020404804,94.35242512753004,94.35242512753004,92.09339517854204,94.35242512753004,SAUDAVEL,0.0,5.64757487246996,2.82378743623498,3.388544923481976,2.259029948987984,3.9533024107289716,1.694272461740988
78,71,13.96892059153902,0.0,160.0,100.0,86.03107940846098,100.0,RUL > 125,95.80932382253827,94.4124317633844,96.50776985211525,96.50776985211525,95.11087779296136,96.50776985211525,SAUDAVEL,0.0,3.4922301478847544,1.7461150739423772,2.0953380887308524,1.3968920591539018,2.444561103519328,1.0476690443654262
78,72,17.621949474497587,0.0,159.0,100.0,82.37805052550242,100.0,RUL > 125,94.71341515765072,92.95122021020096,95.5945126313756,95.5945126313756,93.83231768392584,95.5945126313756,SAUDAVEL,0.0,4.4054873686244065,2.2027436843122032,2.643292421174644,1.7621949474497627,3.0838411580370844,1.321646210587322
78,73,17.718312453942545,0.0,158.0,100.0,82.28168754605746,100.0,RUL > 125,94.68450626381724,92.912675018423,95.57042188651435,95.57042188651435,93.79859064112011,95.57042188651435,SAUDAVEL,0.0,4.429578113485647,2.2147890567428234,2.657746868091388,1.7718312453942588,3.1007046794399526,1.328873434045694
78,74,19.510440291619844,0.0,157.0,100.0,80.48955970838016,100.0,RUL > 125,94.14686791251404,92.19582388335206,95.12238992709504,95.12238992709504,93.17134589793304,95.12238992709504,SAUDAVEL,0.0,4.877610072904957,2.4388050364524787,2.9265660437429744,1.951044029161983,3.41432705103347,1.4632830218714872
78,75,0.0,0.0,156.0,100.0,100.0,100.0,RUL > 125,100.0,100.0,100.0,100.0,100.0,100.0,SAUDAVEL,0.0,0.0,0.0,0.0,0.0,0.0,0.0
78,76,0.0,0.0,155.0,100.0,100.0,100.0,RUL > 125,100.0,100.0,100.0,100.0,100.0,100.0,SAUDAVEL,0.0,0.0,0.0,0.0,0.0,0.0,0.0
78,77,0.6958703879917966,0.0,154.0,100.0,99.3041296120082,100.0,RUL > 125,99.79123888360246,99.72165184480328,99.82603240300205,99.82603240300205,99.75644536420288,99.82603240300205,SAUDAVEL,0.0,0.1739675969979544,0.0869837984989772,0.10438055819877264,0.06958703879918175,0.12177731789856806,0.05219027909938632
78,78,0.0,0.0,153.0,100.0,100.0,100.0,RUL > 125,100.0,100.0,100.0,100.0,100.0,100.0,SAUDAVEL,0.0,0.0,0.0,0.0,0.0,0.0,0.0
78,79,2.0200452883645283,0.0,152.0,100.0,97.97995471163549,100.0,RUL > 125,99.39398641349064,99.19198188465418,99.49498867790886,99.49498867790886,99.2929841490724,99.49498867790886,SAUDAVEL,0.0,0.5050113220911356,0.2525056610455678,0.3030067932546814,0.20200452883645426,0.35350792546379495,0.1515033966273407
78,80,19.47891551180142,0.0,151.0,100.0,80.52108448819858,100.0,RUL > 125,94.15632534645955,92.20843379527945,95.13027112204963,95.13027112204963,93.1823795708695,95.13027112204963,SAUDAVEL,0.0,4.869728877950365,2.4348644389751826,2.921837326770219,1.9478915511801462,3.4088102145652552,1.4609186633851095
78,81,26.211624729021,0.0,150.0,100.0,73.788375270979,100.0,RUL > 125,92.1365125812937,89.5153501083916,93.44709381774476,93.44709381774476,90.82593134484264,93.44709381774476,SAUDAVEL,0.0,6.552906182255242,3.276453091127621,3.931743709353145,2.621162472902097,4.587034327578669,1.9658718546765725
78,82,26.70153322219918,24.082928603199665,149.0,100.0,73.29846677780083,75.91707139680034,RUL > 125,87.17295431270031,84.5028009904804,87.3038845436503,89.71217740397026,84.63373122143037,89.71217740397026,SAUDAVEL,0.0,10.287822596029741,5.143911298014871,6.172693557617845,4.115129038411896,7.201475817220818,3.0863467788089225
78,83,21.875558949996787,42.4910260981456,148.0,100.0,78.12444105000321,57.5089739018544,RUL > 125,84.93912709537184,82.75157120037215,83.9083537379644,88.15745634777896,81.72079784296473,88.15745634777896,SAUDAVEL,0.0,11.842543652221039,5.9212718261105195,7.105526191332623,4.737017460888416,8.289780556554726,3.5527630956663114
78,84,23.305218893761943,63.250192266959495,147.0,100.0,76.69478110623805,36.749807733040505,RUL > 125,80.35839587847951,78.02787398910333,78.36114720981963,84.68616643651559,76.03062532044343,84.68616643651559,SAUDAVEL,0.0,15.313833563484408,7.656916781742204,9.188300138090645,6.125533425393764,10.719683494439085,4.594150069045322
78,85,13.463719226448989,51.98887719657496,146.0,100.0,86.53628077355101,48.01112280342504,RUL > 125,85.56310879275031,84.21673687010542,83.63685089424402,88.83573861390151,82.29047897159911,88.83573861390151,SAUDAVEL,0.0,11.164261386098488,5.582130693049244,6.698556831659093,4.465704554439395,7.814982970268941,3.3492784158295463
78,86,20.893148435655487,40.66764446088652,145.0,100.0,79.10685156434451,59.33235553911348,RUL > 125,85.59852657712605,83.5092117335605,84.6098017758645,88.67656622195315,82.52048693229895,88.67656622195315,SAUDAVEL,0.0,11.323433778046848,5.661716889023424,6.794060266828109,4.529373511218739,7.926403644632793,3.3970301334140545
78,87,10.029306866231156,21.05971629733491,144.0,100.0,89.97069313376885,78.94028370266508,RUL > 125,92.77926468066369,91.77633399404056,92.2277442091085,94.33371583884198,91.22481352248536,94.33371583884198,SAUDAVEL,0.0,5.666284161158018,2.833142080579009,3.3997704966948104,2.2665136644632073,3.9663989128106123,1.6998852483474052
78,88,0.0,0.0,143.0,100.0,100.0,100.0,RUL > 125,100.0,100.0,100.0,100.0,100.0,100.0,SAUDAVEL,0.0,0.0,0.0,0.0,0.0,0.0,0.0
78,89,0.0,0.0,142.0,100.0,100.0,100.0,RUL > 125,100.0,100.0,100.0,100.0,100.0,100.0,SAUDAVEL,0.0,0.0,0.0,0.0,0.0,0.0,0.0
78,90,14.005229983329851,0.0,141.0,100.0,85.99477001667015,100.0,RUL > 125,95.79843100500104,94.39790800666806,96.49869250416754,96.49869250416754,95.09816950583456,96.49869250416754,SAUDAVEL,0.0,3.5013074958324637,1.7506537479162319,2.100784497499478,1.4005229983329857,2.4509152470827242,1.050392248749739
78,91,37.25146847343154,0.0,140.0,100.0,62.74853152656846,100.0,RUL > 125,88.82455945797054,85.09941261062738,90.68713288164211,90.68713288164211,86.96198603429896,90.68713288164211,SAUDAVEL,0.0,9.312867118357886,4.656433559178943,5.587720271014732,3.7251468473431544,6.51900698285052,2.793860135507366
78,92,25.66461390417184,3.4514546475684047,139.0,100.0,74.33538609582816,96.5485453524316,RUL > 125,91.61032489923475,89.04386350881758,92.72098286206491,93.06612832682175,90.15452147164774,93.06612832682175,SAUDAVEL,0.0,6.9338716731782455,3.4669358365891227,4.160323003906947,2.7735486692712983,4.853710171224772,2.0801615019534734
78,93,35.21320141517194,27.57741955794777,138.0,100.0,64.78679858482806,72.42258044205224,RUL > 125,83.92055566385886,80.39923552234167,84.30234475672006,87.06008671251485,80.78102461520288,87.06008671251485,SAUDAVEL,0.0,12.939913287485155,6.469956643742577,7.763947972491092,5.1759653149940625,9.057939301239607,3.881973986245546
78,94,49.5237298867433,63.12121548488566,137.0,100.0,50.4762701132567,36.87878451511434,RUL > 125,72.51863793699988,67.56626494832554,71.83876365709276,78.15088520558133,66.88639066841843,78.15088520558133,ATENCAO,0.0,21.849114794418668,10.924557397209334,13.109468876651201,8.739645917767467,15.294380356093066,6.5547344383256005
78,95,45.384705160584126,79.48655167089557,136.0,100.0,54.615294839415874,20.513448329104435,RUL > 125,70.48727811764564,65.94880760158723,68.78218579213008,76.73084095921963,64.24371527607167,76.73084095921963,ATENCAO,0.0,23.269159040780366,11.634579520390183,13.96149542446822,9.307663616312146,16.288411328546257,6.98074771223411
78,96,50.09376994924418,100.0,135.0,100.0,49.90623005075582,0.0,RUL > 125,64.97186901522674,59.962492020302335,62.47655751268896,72.47655751268896,57.46718051776453,72.47655751268896,ATENCAO,0.0,27.523442487311044,13.761721243655522,16.514065492386624,11.009376994924418,19.26640974111773,8.257032746193312
78,97,50.02267441553285,100.0,134.0,100.0,49.97732558446715,0.0,RUL > 125,64.99319767534014,59.99093023378686,62.49433139611679,72.49433139611679,57.49206395456351,72.49433139611679,ATENCAO,0.0,27.50566860388321,13.752834301941604,16.503401162329926,11.002267441553284,19.253968022718244,8.251700581164963
78,98,50.05513885249768,95.51004956134312,133.0,100.0,49.94486114750232,4.4899504386568765,RUL > 125,65.88144843198207,60.8759345467323,63.6087028965398,73.1597078526741,58.60318901129003,73.1597078526741,ATENCAO,0.0,26.840292147325897,13.420146073662949,16.10417528839554,10.736116858930359,18.788204503128128,8.05208764419777
78,99,50.01605433662421,63.06942981219038,132.0,100.0,49.98394566337579,36.93057018780962,RUL > 125,72.38129773657467,67.37969230291225,71.72862896279635,78.03557194401539,66.72702352913393,78.03557194401539,ATENCAO,0.0,21.964428055984612,10.982214027992306,13.178656833590766,8.785771222393846,15.375099639189228,6.589328416795383
78,100,49.98770310007086,39.65441204568796,131.0,100.0,50.01229689992914,60.34558795431204,RUL > 125,77.07280666084115,72.07403635083406,77.5894712135603,81.55491241812909,72.5907009035532,81.55491241812909,SAUDAVEL,0.0,18.445087581870908,9.222543790935454,11.067052549122545,7.378035032748364,12.911561307309634,5.5335262745612726
78,101,50.02386889819778,35.801493877040635,130.0,100.0,49.97613110180222,64.19850612295937,RUL > 125,77.83254055513254,72.83015366531276,78.54365930619039,82.12380869389446,73.54127241637062,82.12380869389446,SAUDAVEL,0.0,17.87619130610554,8.93809565305277,10.725714783663323,7.150476522442216,12.513333914273877,5.362857391831661
78,102,42.47121183936582,8.426828246681193,129.0,100.0,57.52878816063418,91.5731717533188,RUL > 125,85.57327079885403,81.32614961491744,87.27548997848825,88.11817280315637,83.02836879455165,88.11817280315637,SAUDAVEL,0.0,11.88182719684363,5.940913598421815,7.129096318106178,4.752730878737452,8.317279037790541,3.564548159053089
78,103,35.55829714318421,0.0,128.0,100.0,64.4417028568158,100.0,RUL > 125,89.33251085704474,85.77668114272632,91.11042571420396,91.11042571420396,87.55459599988552,91.11042571420396,SAUDAVEL,0.0,8.889574285796044,4.444787142898022,5.333744571477626,3.555829714318418,6.222702000057231,2.666872285738813
78,104,37.39536456060266,0.0,127.0,100.0,62.60463543939734,100.0,RUL > 125,88.7813906318192,85.04185417575894,90.65115885984932,90.65115885984932,86.91162240378907,90.65115885984932,SAUDAVEL,0.0,9.348841140150682,4.674420570075341,5.609304684090409,3.7395364560602733,6.544188798105477,2.8046523420452045
78,105,36.20435390746294,0.0,126.0,100.0,63.79564609253706,100.0,RUL > 125,89.13869382776112,85.51825843701482,90.94891152313429,90.94891152313429,87.32847613238798,90.94891152313429,SAUDAVEL,0.0,9.051088476865715,4.5255442384328575,5.430653086119428,3.620435390746286,6.335761933806,2.715326543059714
78,106,28.859080209771697,0.0,125.0,100.0,71.14091979022831,100.0,76-125,91.3422759370685,88.45636791609132,92.78522994755708,92.78522994755708,89.89932192657992,92.78522994755708,SAUDAVEL,0.0,7.2147700524429155,3.6073850262214577,4.328862031465749,2.8859080209771664,5.0503390367100405,2.1644310157328746
78,107,28.15609997782087,0.0,124.0,99.2,71.84390002217913,100.0,76-125,91.15317000665374,88.41756000887166,92.56097500554478,92.48097500554478,89.8253650077627,92.48097500554478,SAUDAVEL,0.7999999999999972,7.519024994455222,4.15951249722761,4.831414996673131,3.487609997782087,5.503317496118655,2.815707498336564
78,108,29.29644740325248,0.0,123.0,98.4,70.70355259674753,100.0,76-125,90.41106577902426,87.64142103869902,91.87588814918688,91.71588814918688,89.10624340886164,91.71588814918688,SAUDAVEL,1.5999999999999943,8.284111850813119,4.942055925406557,5.610467110487869,4.273644740325245,6.278878295569181,3.605233555243932
78,109,15.543281510470708,0.0,122.0,97.6,84.4567184895293,100.0,76-125,94.13701554685878,92.82268739581173,94.91417962238232,94.67417962238233,93.59985147133526,94.67417962238233,SAUDAVEL,2.4000000000000057,5.325820377617674,3.86291018880884,4.1554922265706065,3.5703281510470735,4.448074264332374,3.277746113285306
78,110,0.0,0.0,121.0,96.8,100.0,100.0,76-125,98.4,98.72,98.4,98.08,98.72,98.08,SAUDAVEL,3.200000000000003,1.9200000000000017,2.5600000000000023,2.432000000000002,2.6880000000000024,2.304000000000002,2.8160000000000025
78,111,0.0,0.0,120.0,96.0,100.0,100.0,76-125,98.0,98.4,98.0,97.6,98.4,97.6,SAUDAVEL,4.0,2.4000000000000057,3.200000000000003,3.0400000000000036,3.360000000000002,2.880000000000004,3.5200000000000014
78,112,0.0,0.0,119.0,95.19999999999999,100.0,100.0,76-125,97.6,98.08,97.6,97.12,98.08,97.12,SAUDAVEL,4.800000000000011,2.8799999999999955,3.8400000000000034,3.648000000000002,4.0320000000000045,3.4560000000000004,4.224000000000006
78,113,0.0,0.0,118.0,94.39999999999999,100.0,100.0,76-125,97.2,97.76,97.2,96.64,97.76,96.64,SAUDAVEL,5.6000000000000085,3.3599999999999994,4.480000000000004,4.256000000000003,4.704000000000005,4.032000000000002,4.928000000000005
78,114,9.464141345486508,0.0,117.0,93.60000000000001,90.53585865451348,100.0,76-125,93.96075759635406,93.6543434618054,94.43396466362836,93.79396466362836,94.12755052907973,93.79396466362836,SAUDAVEL,6.3999999999999915,6.206035336371642,6.3030176681858165,6.283621201822982,6.3224141345486515,6.264224735460146,6.341810600911486
78,115,16.872911762812016,0.0,116.0,92.80000000000001,83.12708823718799,100.0,76-125,91.3381264711564,90.3708352948752,92.181772059297,91.461772059297,91.2144808830158,91.461772059297,SAUDAVEL,7.199999999999989,8.538227940702996,7.869113970351492,8.002936764421793,7.735291176281192,8.136759558492093,7.601468382210891
78,116,6.949313519971955,0.0,115.0,92.0,93.05068648002803,100.0,76-125,93.91520594400842,94.02027459201122,94.262671620007,93.462671620007,94.3677402680098,93.462671620007,SAUDAVEL,8.0,6.537328379992999,7.2686641899965,7.1223970279958,7.4149313519971995,6.9761298659951,7.561198513997899
78,117,32.35408274964052,15.93057568615119,114.0,91.2,67.64591725035947,84.06942431384881,76-125,82.70766003787762,80.35225176291357,83.52883539105207,84.2418929596672,81.17342711608802,84.2418929596672,SAUDAVEL,8.799999999999997,15.758107040332803,12.2790535201664,12.974864224199681,11.583242816133119,13.67067492823296,10.887432112099837
78,118,42.00281174206384,70.03545194820275,113.0,90.4,57.99718825793616,29.96454805179725,76-125,68.59206608774029,65.35178491353392,67.19043407743335,73.23397927225363,63.95015290322696,73.23397927225363,ATENCAO,9.599999999999994,26.766020727746366,18.18301036387318,19.899612436647814,16.466408291098546,21.616214509422452,14.749806218323904
78,119,40.04668797533106,100.0,112.0,89.60000000000001,59.95331202466894,0.0,76-125,62.78599360740069,59.821324809867576,59.78832800616724,68.74832800616724,56.823659208634126,68.74832800616724,ATENCAO,10.399999999999991,31.25167199383276,20.825835996916375,22.91100319629965,18.740668797533097,24.996170395682928,16.65550159814982
78,120,29.978187535325656,100.0,111.0,88.8,70.02181246467434,0.0,76-125,65.4065437394023,63.528724985869744,61.90545311616859,70.78545311616858,60.02763436263602,70.78545311616858,ATENCAO,11.200000000000003,29.214546883831417,20.20727344191571,22.00872813029885,18.405818753532568,23.81018281868199,16.604364065149426
78,121,17.223038040795306,75.04725704747499,110.0,88.0,82.7769619592047,24.95274295252501,76-125,73.82363717826641,73.30133337418688,70.93242622793242,77.23715193267992,70.4101224238529,77.23715193267992,ATENCAO,12.0,22.76284806732008,17.38142403366004,18.457708840392048,16.30513922692803,19.533993647124053,15.228854420196022
78,122,25.62593456439459,47.97033845603927,109.0,87.2,74.37406543560542,52.02966154396073,76-125,76.31815193947376,75.03555848303431,75.20093174489153,78.71796559049545,73.91833828845208,78.71796559049545,ATENCAO,12.799999999999997,21.282034409504547,17.041017204752272,17.88922064570273,16.192813763801816,18.73742408665318,15.344610322851361
78,123,21.19279034992953,20.079159155579145,108.0,86.4,78.80720965007046,79.92084084442085,76-125,82.82633106390531,82.06705202891236,82.88201262362283,83.52992853918076,82.12273358862987,83.52992853918076,SAUDAVEL,13.599999999999994,16.47007146081924,15.035035730409618,15.322042876491542,14.748028584327693,15.609050022573467,14.46102143824577
78,124,0.0,0.0,107.0,85.6,100.0,100.0,76-125,92.8,94.24,92.8,91.36,94.24,91.36,SAUDAVEL,14.400000000000006,8.64,11.520000000000003,10.944000000000003,12.096000000000004,10.368000000000002,12.672000000000004
78,125,6.438164926916127,0.0,106.0,84.8,93.56183507308388,100.0,76-125,90.46855052192517,91.34473402923356,90.79045876827097,89.27045876827097,91.66664227557936,89.27045876827097,SAUDAVEL,15.200000000000003,10.72954123172903,12.964770615864516,12.51772473903742,13.411816492691614,12.070678862210322,13.85886236951871
78,126,11.808556495982662,0.0,105.0,84.0,88.19144350401734,100.0,76-125,88.4574330512052,88.87657740160694,89.04786087600434,87.44786087600434,89.46700522640607,87.44786087600434,SAUDAVEL,16.0,12.552139123995659,14.27606956199783,13.931283474397395,14.620855649598264,13.58649738679696,14.965641737198697
78,127,21.37675197286989,0.0,104.0,83.2,78.6232480271301,100.0,76-125,85.18697440813904,84.72929921085205,86.25581200678252,84.57581200678253,85.79813680949553,84.57581200678253,SAUDAVEL,16.799999999999997,15.424187993217473,16.112093996608735,15.974512795930481,16.249675197286987,15.83693159525223,16.38725639796524
78,128,18.671120976454343,0.0,103.0,82.39999999999999,81.32887902354565,100.0,76-125,85.5986637070637,85.49155160941827,86.53221975588642,84.7722197558864,86.42510765824098,84.7722197558864,SAUDAVEL,17.60000000000001,15.227780244113603,16.413890122056806,16.176668146468167,16.651112097645445,15.939446170879524,16.888334073234088
78,129,16.70638937977118,0.0,102.0,81.6,83.29361062022882,100.0,76-125,85.78808318606865,85.95744424809152,86.6234026550572,84.7834026550572,86.79276371708008,84.7834026550572,SAUDAVEL,18.400000000000006,15.216597344942798,16.808298672471402,16.489958406965684,17.126638937977123,16.17161814145996,17.44497920348284
78,130,5.037123222986116,0.0,101.0,80.80000000000001,94.96287677701388,100.0,76-125,88.88886303310417,90.30515071080556,89.14071919425348,87.22071919425348,90.55700687195488,87.22071919425348,SAUDAVEL,19.19999999999999,12.779280805746524,15.989640402873256,15.34756848344791,16.631712322298604,14.705496564022562,17.27378424172395
78,131,12.274810225297058,0.0,100.0,80.0,87.72518977470294,100.0,76-125,86.31755693241088,87.09007590988118,86.93129744367573,84.93129744367573,87.70381642114603,84.93129744367573,SAUDAVEL,20.0,15.068702556324268,17.534351278162134,17.041221533794563,18.027481022529706,16.548091789426987,18.52061076689728
78,132,14.718137167223544,3.237094109326585,99.0,79.2,85.28186283277645,96.7629058906734,76-125,84.53714002796762,85.14532631124527,85.11119218086247,83.35490159179513,85.7193784641401,83.35490159179513,SAUDAVEL,20.799999999999997,16.645098408204873,18.722549204102435,18.307059044922923,19.138039363281948,17.89156888574341,19.55352952246146
78,133,15.106182612988396,14.222783586874344,98.0,78.4,84.89381738701161,85.77721641312566,76-125,81.82358849872861,82.47297023742978,81.86775845003432,81.13003680872174,82.51714018873548,81.13003680872174,SAUDAVEL,21.599999999999994,18.86996319127826,20.234981595639127,19.961977914766955,20.5079852765113,19.68897423389478,20.780988957383475
78,134,30.793874444627303,17.077539737919032,97.0,77.60000000000001,69.2061255553727,82.92246026208096,76-125,76.146329719028,75.30694227456527,76.83214645436342,76.29990042815533,75.99275900990068,76.29990042815533,ATENCAO,22.39999999999999,23.700099571844675,23.050049785922333,23.180059743106803,22.920039828737863,23.310069700291265,22.790029871553394
78,135,25.3896999377553,16.444366416797237,96.0,76.8,74.6103000622447,83.55563358320276,76-125,77.49421673531396,77.27524674153844,77.94148341136187,77.26592005304158,77.72251341758633,77.26592005304158,ATENCAO,23.200000000000003,22.734079946958417,22.96703997347921,22.92044796817505,23.01363197878337,22.87385596287089,23.06022398408753
78,136,29.1519252920849,21.14305947357757,95.0,76.0,70.8480747079151,78.85694052642243,76-125,75.02581051765901,74.51061798845053,75.42625380858438,75.14055975594215,74.9110612793759,75.14055975594215,ATENCAO,24.0,24.85944024405785,24.429720122028925,24.51566414643471,24.34377609762314,24.601608170840493,24.25783207321735
78,137,36.92624900730478,39.45764121974735,94.0,75.2,63.07375099269522,60.54235878025265,76-125,68.63059705385909,67.41797215312862,68.50402744323696,69.9697915652117,67.29140254250649,69.9697915652117,ATENCAO,24.799999999999997,30.030208434788307,27.415104217394152,27.938125060872984,26.89208337391532,28.46114590435181,26.369062530436487
78,138,26.092233009708703,42.42836166496041,93.0,74.4,73.9077669902913,57.57163833503959,76-125,70.8866577640953,70.83743446312444,70.06985133133273,71.75268749782876,70.02062803036186,71.75268749782876,ATENCAO,25.599999999999994,28.24731250217124,26.923656251085617,27.188387501302742,26.658925000868493,27.453118751519867,26.394193750651368
78,139,18.33539325038814,35.10320396087087,92.0,73.6,81.66460674961186,64.89679603912913,76-125,74.27874123270938,75.08520190767057,73.44035069718524,74.31067109327232,74.24681137214642,74.31067109327232,ATENCAO,26.400000000000006,25.68932890672768,26.044664453363843,25.973597344036612,26.115731562691074,25.902530234709378,26.18679867201831
78,140,40.17249644060643,34.06742985278912,91.0,72.8,59.82750355939357,65.93257014721088,76-125,67.53476509726025,66.2375154531996,67.84001842665111,68.52676141193002,66.54276878259047,68.52676141193002,ATENCAO,27.200000000000003,31.473238588069975,29.33661929403499,29.763943152841986,28.90929543522799,30.191267011648982,28.48197157642099
78,141,36.33452218271314,30.59027732873864,90.0,72.0,63.66547781728686,69.40972267126136,76-125,68.98158787943834,68.14813566116702,69.26880012213707,69.52782785501091,68.43534790386575,69.52782785501091,ATENCAO,28.0,30.472172144989088,29.236086072494544,29.483303286993454,28.988868857995637,29.730520501492357,28.741651643496724
78,142,26.62091027466357,16.58476351454303,89.0,71.2,73.37908972533643,83.41523648545697,76-125,74.29677421469232,74.51468318722597,74.79858155269835,73.57705790415265,75.016490525232,73.57705790415265,ATENCAO,28.799999999999997,26.422942095847347,27.611471047923672,27.373765257508406,27.849176838338938,27.13605946709314,28.0868826287542
78,143,9.71124196006323,0.0,88.0,70.39999999999999,90.28875803993677,100.0,76-125,82.28662741198103,84.27550321597471,82.77218950998419,79.8121895099842,84.76106531397787,79.8121895099842,ATENCAO,29.60000000000001,20.187810490015806,24.893905245007907,23.95268629400949,25.835124196006326,23.011467343011066,26.77634314700475
78,144,3.8609582817608215,0.0,87.0,69.6,96.13904171823918,100.0,76-125,83.64171251547175,86.29561668729568,83.8347604295598,80.7947604295598,86.48866460138372,80.7947604295598,SAUDAVEL,30.400000000000006,19.2052395704402,24.802619785220102,23.68314374226412,25.922095828176083,22.56366769930814,27.04157187113206
78,145,4.218060255703981,0.0,86.0,68.8,95.78193974429604,100.0,76-125,83.1345819232888,85.8327758977184,83.345484936074,80.225484936074,86.0436789105036,80.225484936074,SAUDAVEL,31.200000000000003,19.774515063926003,25.487257531963003,24.344709038355603,26.629806025570403,23.202160544748203,27.7723545191778
78,146,0.0,0.0,85.0,68.0,100.0,100.0,76-125,84.0,87.2,84.0,80.8,87.2,80.8,SAUDAVEL,32.0,19.200000000000003,25.6,24.32,26.880000000000003,23.04,28.16
78,147,0.0,0.0,84.0,67.2,100.0,100.0,76-125,83.6,86.88,83.6,80.32,86.88,80.32,SAUDAVEL,32.8,19.680000000000007,26.240000000000002,24.928000000000004,27.552,23.616,28.863999999999997
78,148,0.0,0.0,83.0,66.4,100.0,100.0,76-125,83.2,86.56,83.2,79.84,86.56,79.84,ATENCAO,33.599999999999994,20.159999999999997,26.879999999999995,25.535999999999994,28.223999999999997,24.191999999999993,29.567999999999994
78,149,0.0,0.0,82.0,65.60000000000001,100.0,100.0,76-125,82.80000000000001,86.24000000000001,82.80000000000001,79.36000000000001,86.24000000000001,79.36000000000001,ATENCAO,34.39999999999999,20.639999999999986,27.51999999999999,26.14399999999999,28.895999999999987,24.767999999999986,30.271999999999988
78,150,0.0,0.0,81.0,64.8,100.0,100.0,76-125,82.4,85.92,82.4,78.88,85.92,78.88,ATENCAO,35.2,21.120000000000005,28.160000000000004,26.752000000000002,29.568000000000005,25.344,30.976000000000003
78,151,0.0,0.0,80.0,64.0,100.0,100.0,76-125,82.0,85.6,82.0,78.4,85.6,78.4,ATENCAO,36.0,21.599999999999994,28.799999999999997,27.359999999999996,30.239999999999995,25.919999999999995,31.679999999999996
78,152,0.0,0.0,79.0,63.2,100.0,100.0,76-125,81.6,85.28,81.6,77.92,85.28,77.92,ATENCAO,36.8,22.08,29.439999999999998,27.967999999999996,30.912,26.495999999999995,32.384
78,153,0.0,0.0,78.0,62.4,100.0,100.0,76-125,81.2,84.96000000000001,81.2,77.44,84.96000000000001,77.44,ATENCAO,37.6,22.560000000000002,30.080000000000002,28.576,31.584,27.072,33.088
78,154,0.0,0.0,77.0,61.6,100.0,100.0,76-125,80.8,84.64,80.8,76.96000000000001,84.64,76.96000000000001,ATENCAO,38.4,23.039999999999992,30.719999999999995,29.183999999999994,32.256,27.647999999999993,33.791999999999994
78,155,0.0,0.0,76.0,60.8,100.0,100.0,76-125,80.4,84.32,80.4,76.47999999999999,84.32,76.47999999999999,ATENCAO,39.2,23.52000000000001,31.360000000000007,29.79200000000001,32.928000000000004,28.224000000000004,34.496
78,156,0.0,21.33444940723293,75.0,60.0,100.0,78.66555059276706,31-75,75.73311011855341,79.73311011855341,74.66638764819177,72.79983258891505,78.66638764819177,72.79983258891505,ATENCAO,40.0,27.200167411084948,33.600083705542474,32.32010044665097,34.88006696443398,31.040117187759463,36.160050223325484
78,157,0.0,24.38869932367112,74.0,59.199999999999996,100.0,75.61130067632888,31-75,74.72226013526577,78.80226013526578,73.50282516908221,71.86169510144933,77.58282516908221,71.86169510144933,ATENCAO,40.800000000000004,28.138304898550672,34.46915244927534,33.20298293913041,35.73532195942027,31.936813428985467,37.0014914695652
78,158,0.0,14.934818173554952,73.0,58.4,100.0,85.06518182644504,31-75,76.21303636528901,80.37303636528901,75.46629545661126,72.79977727396675,79.62629545661126,72.79977727396675,ATENCAO,41.6,27.200222726033246,34.40011136301662,32.96013363561995,35.8400890904133,31.52015590822327,37.28006681780997
78,159,0.0,6.78750605213716,72.0,57.599999999999994,100.0,93.21249394786284,31-75,77.44249878957257,81.68249878957256,77.1031234869657,73.54187409217943,81.34312348696571,73.54187409217943,ATENCAO,42.400000000000006,26.458125907820573,34.42906295391029,32.83487554469235,36.02325036312823,31.2406881354744,37.61743777234618
78,160,0.0,17.62003072697486,71.0,56.8,100.0,82.37996927302514,31-75,74.87599385460503,79.19599385460504,73.99499231825628,71.43699539095377,78.31499231825629,71.43699539095377,ATENCAO,43.2,28.56300460904623,35.88150230452312,34.41780276542774,37.3452018436185,32.954103226332364,38.80890138271387
78,161,0.0,10.719551931493111,70.0,56.00000000000001,100.0,89.28044806850689,31-75,75.85608961370139,80.25608961370139,75.32011201712672,71.99206721027603,79.72011201712672,71.99206721027603,ATENCAO,43.99999999999999,28.007932789723966,36.003966394861976,34.40475967383438,37.60317311588958,32.80555295280677,39.20237983691718
78,162,0.0,6.832537448605905,69.0,55.2,100.0,93.1674625513941,31-75,76.23349251027882,80.71349251027883,75.89186563784853,72.09511938270911,80.37186563784852,72.09511938270911,ATENCAO,44.8,27.904880617290885,36.35244030864544,34.66292837037453,38.04195224691635,32.97341643210362,39.731464185187264
78,163,0.0,8.695153675669138,68.0,54.400000000000006,100.0,91.30484632433088,31-75,75.46096926486618,80.02096926486618,75.02621158108272,71.33572694864964,79.58621158108272,71.33572694864964,ATENCAO,45.599999999999994,28.664273051350364,37.13213652567518,35.43856383081022,38.82570922054014,33.74499113594525,40.5192819154051
78,164,0.0,0.0,67.0,53.6,100.0,100.0,31-75,76.8,81.44,76.8,72.16,81.44,72.16,ATENCAO,46.4,27.840000000000003,37.120000000000005,35.263999999999996,38.976,33.408,40.831999999999994
78,165,0.0,0.0,66.0,52.800000000000004,100.0,100.0,31-75,76.4,81.12,76.4,71.68,81.12,71.68,ATENCAO,47.199999999999996,28.319999999999993,37.75999999999999,35.87199999999999,39.647999999999996,33.983999999999995,41.53599999999999
78,166,0.0,0.0,65.0,52.0,100.0,100.0,31-75,76.0,80.8,76.0,71.2,80.8,71.2,ATENCAO,48.0,28.799999999999997,38.4,36.480000000000004,40.31999999999999,34.559999999999995,42.239999999999995
78,167,0.0,0.0,64.0,51.2,100.0,100.0,31-75,75.6,80.48,75.6,70.72,80.48,70.72,ATENCAO,48.8,29.28,39.04,37.088,40.992,35.135999999999996,42.943999999999996
78,168,0.0,0.0,63.0,50.4,100.0,100.0,31-75,75.2,80.16,75.2,70.24,80.16,70.24,ATENCAO,49.6,29.760000000000005,39.68000000000001,37.696000000000005,41.664,35.712,43.647999999999996
78,169,0.0,0.0,62.0,49.6,100.0,100.0,31-75,74.8,79.84,74.8,69.75999999999999,79.84,69.75999999999999,ATENCAO,50.4,30.24000000000001,40.32000000000001,38.304,42.336,36.288000000000004,44.352
78,170,0.0,33.75331051763572,61.0,48.8,100.0,66.24668948236427,31-75,67.64933789647286,72.76933789647285,65.96167237059106,64.21700342235464,71.08167237059106,64.21700342235464,ATENCAO,51.2,35.78299657764536,43.49149828882268,41.949797946587225,45.03319863105814,40.40809760435175,46.57489897329361
78,171,0.0,47.50886412216598,60.0,48.0,100.0,52.49113587783402,31-75,64.4982271755668,69.69822717556681,62.1227839694585,61.6736703816751,67.32278396945851,61.6736703816751,ATENCAO,52.0,38.3263296183249,45.16316480916245,43.79579777099494,46.53053184732996,42.42843073282743,47.89789888549747
78,172,0.6862117320473948,71.12969451992143,59.0,47.199999999999996,99.3137882679526,28.87030548007857,31-75,59.1681975764015,64.37957640319675,55.64602343700779,57.47899288899993,60.85740226380305,57.47899288899993,RISCO,52.800000000000004,42.52100711100007,47.660503555500036,46.63260426660004,48.68840284440003,45.604704977700045,49.71630213330002
78,173,18.80560434567968,100.0,58.0,46.400000000000006,81.19439565432032,0.0,31-75,47.5583186962961,51.03775826172813,43.49859891358008,48.13859891358008,46.97803847901211,48.13859891358008,RISCO,53.599999999999994,51.86140108641992,52.730700543209956,52.55684065185194,52.90456043456797,52.382980760493936,53.07842032592597
78,174,20.882483669716866,100.0,57.0,45.6,79.11751633028314,0.0,31-75,46.53525489908494,49.88700653211326,42.57937908257078,47.139379082570784,45.931130715599096,47.139379082570784,RISCO,54.4,52.860620917429216,53.630310458714604,53.476372550457526,53.78424836697169,53.32243464220045,53.93818627522876
78,175,32.40014022937518,100.0,56.0,44.800000000000004,67.59985977062482,0.0,31-75,42.679957931187445,44.959943908249926,39.2999649426562,43.77996494265621,41.57995091971869,43.77996494265621,RISCO,55.199999999999996,56.22003505734379,55.7100175286719,55.81202103440627,55.60801402293752,55.914024540140645,55.50601051720313
78,176,35.145613181561295,100.0,55.0,44.0,64.85438681843871,0.0,31-75,41.45631604553161,43.54175472737549,38.21359670460968,42.61359670460968,40.29903538645355,42.61359670460968,RISCO,56.0,57.38640329539032,56.69320164769516,56.83184197723419,56.55456131815613,56.97048230677322,56.41592098861709
78,177,32.17691795866092,100.0,54.0,43.2,67.82308204133908,0.0,31-75,41.94692461240172,44.40923281653564,38.55577051033477,42.875770510334775,41.01807871446867,42.875770510334775,RISCO,56.8,57.124229489665225,56.96211474483261,56.99453769379913,56.92969179586609,57.02696064276565,56.897268846899564
78,178,24.164481544812546,91.29346409081322,53.0,42.4,75.83551845518745,8.706535909186783,31-75,45.69196271839359,49.03551456391234,42.33551359109356,45.70486000017488,45.67906543661231,45.70486000017488,RISCO,57.6,54.29513999982512,55.94756999991256,55.61708399989507,56.27805599993005,55.28659799987758,56.60854199994753
78,179,33.128027273182546,78.36988221598962,52.0,41.6,66.87197272681746,21.63011778401038,31-75,45.18761537484732,47.714812647529065,42.92552262770697,44.92251084930592,45.4527199003887,44.92251084930592,RISCO,58.4,55.07748915069408,56.73874457534704,56.406493490416445,57.07099566027763,56.07424240548585,57.40324674520822
78,180,50.02628234390305,82.85550580208792,51.0,40.8,49.97371765609695,17.14449419791208,31-75,38.8210141364115,39.7383859020212,37.17955296350226,39.54510354371105,38.09692472911195,39.54510354371105,RISCO,59.2,60.45489645628895,59.827448228144476,59.952937873773365,59.70195858251559,60.07842751940227,59.576468936886684
78,181,50.14091383044524,79.04929568472839,50.0,40.0,49.85908616955476,20.950704315271608,31-75,39.14786671392075,40.13377533087623,37.70244762120659,39.60737718967943,38.68835623816206,39.60737718967943,RISCO,60.0,60.39262281032057,60.19631140516029,60.23557368619234,60.15704912412823,60.2748359672244,60.11778684309617
78,182,50.06675425844325,67.9220046907422,49.0,39.2,49.93324574155675,32.0779953092578,31-75,40.99557278431859,42.06889735847426,40.10281026270364,40.81501073177785,41.17613483685931,40.81501073177785,RISCO,60.8,59.18498926822215,59.99249463411107,59.83099356093329,60.15399570728886,59.669492487755505,60.31549678046664
78,183,50.20097483494469,75.29715660297404,48.0,38.4,49.79902516505531,24.70284339702596,31-75,39.08027622892179,40.22017874542732,37.82546714052032,39.195182800817726,38.965369657025846,39.195182800817726,RISCO,61.6,60.804817199182274,61.20240859959114,61.12289031950937,61.28192687967291,61.043372039427595,61.36144515975468
78,184,50.2096693595775,76.20585587073006,47.0,37.6,49.7903306404225,23.79414412926993,31-75,38.49592801798074,39.714961082023,37.19611869242311,38.57670427949612,38.41515175646536,38.57670427949612,RISCO,62.4,61.42329572050388,61.91164786025194,61.81397743230233,62.009318288201555,61.716307004352714,62.106988716151164
78,185,50.17743642181482,77.97198429423814,46.0,36.8,49.82256357818518,22.02801570576186,31-75,37.75237221460792,39.05462857242644,36.36264482098676,37.83984325041057,37.66490117880528,37.83984325041057,RISCO,63.2,62.16015674958943,62.68007837479472,62.57609404975366,62.78406269983577,62.4721097247126,62.888047024876826
78,186,50.13808581490438,73.48159069007988,45.0,36.0,49.86191418509562,26.51840930992012,31-75,38.26225611751271,39.64844753602228,37.095080873753936,38.04323994276192,38.4812722922635,38.04323994276192,RISCO,64.0,61.95676005723808,62.97838002861904,62.77405603434285,63.18270402289523,62.569732040066654,63.38702801717142
78,187,50.313738894589456,73.5703190910348,44.0,35.199999999999996,49.686261105410544,26.4296809089652,31-75,37.7918145134162,39.24044062395726,36.62898550359393,37.50601741269742,38.07761161413499,37.50601741269742,RISCO,64.80000000000001,62.49398258730258,63.6469912936513,63.41638955238156,63.877593034921034,63.18578781111181,64.10819477619079
78,188,50.38120414828349,61.50078706752107,43.0,34.4,49.61879585171651,38.49921293247893,31-75,39.78548134201074,41.30736092718239,39.22950219604886,38.819580902800965,40.75138178122052,38.819580902800965,RISCO,65.6,61.180419097199035,63.390209548599515,62.94825145831942,63.83216763887961,62.50629336803932,64.2741257291597
78,189,50.33887438612319,44.66989755399871,42.0,33.6,49.66112561387681,55.33010244600129,31-75,42.764358173363306,44.37047073475098,43.04780701496953,40.8747967703694,44.65391957635721,40.8747967703694,RISCO,66.4,59.1252032296306,62.7626016148153,62.035121937778364,63.49008129185225,61.30764226074142,64.21756096888919
78,190,50.38153516553346,42.51299590875686,41.0,32.800000000000004,49.61846483446654,57.48700409124314,31-75,42.78294026858859,44.46478675203525,43.17636723142742,40.70766682230311,44.85821371487408,40.70766682230311,RISCO,67.19999999999999,59.29233317769689,63.24616658884844,62.455399906618126,64.03693327107875,61.66463322438781,64.82769995330906
78,191,50.49151378420329,52.89510264031074,40.0,32.0,49.50848621579671,47.10489735968926,31-75,40.27352533667687,42.02437395825654,40.15334589387149,38.64285615790256,41.90419451545117,38.64285615790256,RISCO,68.0,61.35714384209744,64.67857192104873,64.01428630525847,65.34285753683898,63.3500006894682,66.00714315262923
78,192,50.24825788175807,33.10492816079162,39.0,31.2,49.75174211824193,66.89507183920838,31-75,43.90453700331425,45.75971121513845,44.761703489362574,41.19219630544174,46.616877701186766,41.19219630544174,RISCO,68.8,58.80780369455826,63.80390184727913,62.80468221673496,64.8031214778233,61.80546258619077,65.80234110836747
78,193,50.32066630864579,27.68421640600016,38.0,30.4,49.67933369135421,72.31578359399984,31-75,44.56695682620623,46.49489019534165,45.69877932133851,41.50720096193853,47.62671269047394,41.50720096193853,RISCO,69.6,58.49279903806147,64.04639951903073,62.935679422836884,65.15711961522459,61.824959326643025,66.26783971141843
78,194,50.25937809228385,16.602834127846045,37.0,29.599999999999998,49.74062190771615,83.39716587215395,31-75,46.40161974674563,48.41568193751725,48.08444694496752,42.704730357752126,50.098509135739135,42.704730357752126,RISCO,70.4,57.295269642247874,63.84763482112394,62.53716178534873,65.15810785689915,61.22668874957351,66.46858089267437
78,195,50.2699661207357,2.6014123046036537,36.0,28.799999999999997,49.7300338792643,97.39858769539634,31-75,48.79872770285856,50.89173109078499,51.18215539366516,44.32229662412552,53.27515878159159,44.32229662412552,RISCO,71.2,55.67770337587448,63.438851687937245,61.88662202552469,64.99108135034979,60.33439236311213,66.54331101276233
78,196,50.16121231910903,0.0,35.0,28.000000000000004,49.83878768089097,100.0,31-75,48.95163630426729,51.13551507235639,51.45969692022274,44.25969692022274,53.64357568831184,44.25969692022274,RISCO,72.0,55.74030307977726,63.87015153988863,62.24418184786636,65.4961212319109,60.61821215584408,67.12209092393317
78,197,50.104686067944606,0.0,34.0,27.200000000000003,49.895313932055394,100.0,31-75,48.56859417961662,50.838125572822165,51.07382848301385,43.79382848301385,53.34335987621939,43.79382848301385,RISCO,72.8,56.20617151698615,64.50308575849307,62.843702910191695,66.16246860679446,61.184320061890304,67.82185145509584
78,198,50.200964723485285,0.0,33.0,26.400000000000002,49.79903527651472,100.0,31-75,48.139710582954415,50.47961411060589,50.64975881912868,43.28975881912868,52.98966234678015,43.28975881912868,RISCO,73.6,56.71024118087132,65.15512059043566,63.46614470852279,66.84409647234853,61.77716882660992,68.53307235426139
78,199,50.283855274592135,0.0,32.0,25.6,49.716144725407865,100.0,31-75,47.71484341762236,50.12645789016315,50.229036181351965,42.78903618135197,52.64065065389275,42.78903618135197,RISCO,74.4,57.21096381864803,65.80548190932402,64.08657829118883,67.52438552745922,62.36767467305362,69.2432891455944
78,200,50.37924199297691,0.0,31.0,24.8,49.62075800702309,100.0,31-75,47.28622740210693,49.76830320280924,49.80518950175578,42.285189501755774,52.28726530245808,42.285189501755774,RISCO,75.2,57.714810498244226,66.45740524912212,64.70888629894654,68.2059241992977,62.96036734877096,69.95444314947326
78,201,50.424066092517705,14.88865384364592,30.0,24.0,49.575933907482295,85.11134615635407,0-30,43.8950494035155,46.45264279426374,45.67182001595909,39.560685400323685,48.22941340670732,39.560685400323685,RISCO,76.0,60.439314599676315,68.21965729983816,66.66358875980579,69.77572583987053,65.10752021977342,71.33179437990289
78,202,50.31625611579914,17.107472575921594,29.0,23.200000000000003,49.68374388420086,82.89252742407841,0-30,43.08362865007594,45.73200303849603,44.74406782706981,38.77481508466197,47.39244221548991,38.77481508466197,RISCO,76.8,61.22518491533803,69.01259245766902,67.45511094920282,70.57007396613521,65.89762944073662,72.12755547460141
78,203,50.35681956565607,27.67533273479964,28.0,22.400000000000002,49.64318043434393,72.32466726520036,0-30,40.55788758334325,43.282205626777646,41.69196192488607,36.69949519836604,44.41627996832047,36.69949519836604,RISCO,77.6,63.30050480163396,70.45025240081698,69.02030288098038,71.88020192065358,67.59035336114377,73.31015144049019
78,204,50.412532110429446,36.24815126114234,27.0,21.6,49.58746788957056,63.75184873885766,0-30,38.4266101146427,41.22535690359976,39.134829157107056,34.91964428322129,41.93357594606411,34.91964428322129,RISCO,78.4,65.08035571677871,71.74017785838936,70.40821343006724,73.07214228671148,69.0762490017451,74.40410671503362
78,205,50.72356326262676,66.06416714660187,26.0,20.8,49.27643673737324,33.935832853398125,0-30,31.970097591891594,34.817741265628925,31.20306739769284,29.889484112353028,34.050711071430165,29.889484112353028,CRITICO,79.2,70.11051588764697,74.65525794382349,73.74630953258819,75.56420635505879,72.83736112135287,76.47315476629409
78,206,50.54121692899787,65.39574074937202,25.0,20.0,49.45878307100213,34.604259250627976,0-30,31.758486771426234,34.70436507852645,31.015760580407527,29.55533465534473,33.96163888750774,29.55533465534473,CRITICO,80.0,70.44466534465528,75.22233267232764,74.26679920679317,76.17786613786211,73.3112657412587,77.13339960339658
78,207,50.67941822741229,63.60398160228342,24.0,19.2,49.32058177258771,36.39601839771658,0-30,31.675378211319625,34.6874363885784,31.02915004257607,29.30954820280441,34.04120821983484,29.30954820280441,CRITICO,80.8,70.69045179719559,75.7452258985978,74.73427107831736,76.75618071887823,73.72331625803692,77.76713553915867
78,208,50.67478664682289,60.73694514593766,23.0,18.4,49.32521335317711,39.26305485406234,0-30,31.8501749767656,34.942696312083314,31.347067051809866,29.260761566403627,34.43958838712757,29.260761566403627,CRITICO,81.6,70.73923843359637,76.16961921679818,75.08354306015782,77.25569537343854,73.99746690351745,78.3417715300789
78,209,50.90790740776117,74.65839226612832,22.0,17.599999999999998,49.09209259223883,25.341607733871683,0-30,28.595949324445986,31.74515858366987,27.408425081527625,26.63426430814046,30.55763434075151,26.63426430814046,CRITICO,82.4,73.36573569185954,77.88286784592978,76.97944141511573,78.78629427674383,76.07601498430168,79.68972070755785
78,210,51.32850580188516,100.0,21.0,16.8,48.67149419811484,0.0,0-30,23.00144825943445,26.188597679245937,20.56787354952872,22.24787354952872,23.7550229693402,22.24787354952872,CRITICO,83.2,77.75212645047128,80.47606322523563,79.93127587028278,81.02085058018852,79.38648851532989,81.56563793514138
78,211,51.66152192773853,100.0,20.0,16.0,48.33847807226147,0.0,0-30,22.50154342167844,25.73539122890459,20.084619518065367,21.684619518065368,23.318467325291515,21.684619518065368,CRITICO,84.0,78.31538048193462,81.15769024096731,80.58922828916077,81.72615219277385,80.02076633735423,82.29461414458038
78,212,51.98576077464661,100.0,19.0,15.2,48.01423922535339,0.0,0-30,22.004271767606017,25.28569569014136,19.603559806338342,21.12355980633835,22.884983728873685,21.12355980633835,CRITICO,84.8,78.87644019366165,81.83822009683082,81.245864116197,82.43057607746465,80.65350813556316,83.02293205809849
78,213,52.29538909489704,100.0,18.0,14.399999999999999,47.70461090510296,0.0,0-30,21.51138327153089,24.841844362041183,19.12615272627574,20.56615272627574,22.45661381678603,20.56615272627574,CRITICO,85.6,79.43384727372427,82.51692363686213,81.90030836423456,83.1335389094897,81.28369309160698,83.75015418211727
78,214,52.48825134630676,100.0,17.0,13.600000000000001,47.51174865369324,0.0,0-30,21.05352459610797,24.4446994614773,18.67793716342331,20.037937163423308,22.069112028792635,20.037937163423308,CRITICO,86.4,79.96206283657669,83.18103141828834,82.53723770194603,83.82482513463069,81.89344398560368,84.468618850973
78,215,52.74214902759329,100.0,16.0,12.8,47.25785097240671,0.0,0-30,20.57735529172201,24.023140388962684,18.21446274310168,19.49446274310168,21.660247840342347,19.49446274310168,CRITICO,87.2,80.50553725689832,83.85276862844916,83.183322354139,84.52221490275933,82.51387607982882,85.19166117706949
78,216,53.22829894867346,100.0,15.0,12.0,46.77170105132654,0.0,0-30,20.03151031539796,23.508680420530617,17.692925262831636,18.892925262831632,21.170095367964286,18.892925262831632,CRITICO,88.0,81.10707473716838,84.55353736858419,83.86424484230102,85.24282989486736,83.17495231601785,85.93212242115051
78,217,53.6446872504106,100.0,14.0,11.200000000000001,46.3553127495894,0.0,0-30,19.50659382487682,23.02212509983576,17.188828187397352,18.30882818739736,20.70435946235629,18.30882818739736,CRITICO,88.8,81.69117181260265,85.24558590630133,84.53470308756158,85.95646872504105,83.82382026882185,86.6673515437808
78,218,54.22428887585473,100.0,13.0,10.4,45.77571112414527,0.0,0-30,18.93271333724358,22.47028444965811,16.643927781036318,17.683927781036317,20.181498893450843,17.683927781036317,CRITICO,89.6,82.31607221896368,85.95803610948184,85.22964333137821,86.68642888758546,84.50125055327457,87.41482166568909
78,219,54.864601300110586,100.0,12.0,9.6,45.13539869988941,0.0,0-30,18.340619609966826,21.894159479955768,16.083849674972353,17.043849674972353,19.63738954496129,17.043849674972353,CRITICO,90.4,82.95615032502765,86.67807516251384,85.9336901950166,87.42246013001106,85.18930522751936,88.1668450975083
78,220,54.98508093546317,100.0,11.0,8.799999999999999,45.01491906453683,0.0,0-30,17.90447571936105,21.52596762581473,15.653729766134203,16.533729766134208,19.27522167258789,16.533729766134208,CRITICO,91.2,83.4662702338658,87.33313511693291,86.55976214031949,88.10650809354632,85.78638916370605,88.87988107015974
78,221,55.2938950171405,100.0,10.0,8.0,44.7061049828595,0.0,0-30,17.41183149485785,21.0824419931438,15.176526245714877,15.976526245714876,18.847136744000824,15.976526245714876,CRITICO,92.0,84.02347375428512,88.01173687714257,87.21408425257107,88.80938950171404,86.41643162799957,89.60704212628553
78,222,55.89511281406347,100.0,9.0,7.199999999999999,44.10488718593653,0.0,0-30,16.83146615578096,20.52195487437461,14.626221796484131,15.346221796484134,18.316710515077787,15.346221796484134,CRITICO,92.8,84.65377820351587,88.72688910175793,87.91226692210952,89.54151128140634,87.0976447424611,90.35613346105475
78,223,56.934027482963685,100.0,8.0,6.4,43.06597251703632,0.0,0-30,16.119791755110896,19.786389006814524,13.966493129259078,14.60649312925908,17.63309038096271,14.60649312925908,CRITICO,93.6,85.39350687074092,89.49675343537047,88.67610412244454,90.31740274829636,87.85545480951865,91.13805206122227
78,224,57.64072483130349,100.0,7.0,5.6000000000000005,42.35927516869651,0.0,0-30,15.507782550608956,19.183710067478607,13.389818792174127,13.949818792174128,17.065746309043778,13.949818792174128,CRITICO,94.4,86.05018120782587,90.22509060391295,89.39010872469552,91.06007248313034,88.5551268454781,91.89505436234776
78,225,58.63095814499108,100.0,6.0,4.8,41.36904185500892,0.0,0-30,14.810712556502676,18.46761674200357,12.742260463752231,13.222260463752232,16.399164649253123,13.222260463752232,CRITICO,95.2,86.77773953624776,90.98886976812389,90.14664372174866,91.83109581449911,89.30441767537343,92.67332186087432
78,226,59.55157033540315,100.0,5.0,4.0,40.44842966459685,0.0,0-30,14.134528899379054,17.779371865838744,12.112107416149213,12.512107416149211,15.756950382608895,12.512107416149211,CRITICO,96.0,87.4878925838508,91.7439462919254,90.89273555031048,92.59515703354032,90.04152480869556,93.44636777515522
78,227,60.67235961983109,100.0,4.0,3.2,39.32764038016891,0.0,0-30,13.398292114050673,17.011056152067564,11.431910095042229,11.751910095042229,15.044674133059118,11.751910095042229,CRITICO,96.8,88.24808990495777,92.52404495247887,91.66885394297466,93.37923596198311,90.81366293347043,94.23442697148732
78,228,61.41320496312661,100.0,3.0,2.4,38.58679503687339,0.0,0-30,12.776038511062016,16.39471801474936,10.846698759218349,11.086698759218349,14.465378262905684,11.086698759218349,CRITICO,97.6,88.91330124078165,93.25665062039081,92.38798074446899,94.12532049631265,91.51931086854715,94.99399037223449
78,229,62.26720498770917,100.0,2.0,1.6,37.73279501229083,0.0,0-30,12.11983850368725,15.733118004916332,10.233198753072708,10.393198753072706,13.84647825430179,10.393198753072706,CRITICO,98.4,89.60680124692729,94.00340062346365,93.12408074815639,94.88272049877091,92.2447608728491,95.76204037407818
78,230,63.39561671598198,100.0,1.0,0.8,36.60438328401802,0.0,0-30,11.381314985205409,14.96175331360721,9.551095821004504,9.631095821004504,13.131534149406306,9.631095821004504,CRITICO,99.2,90.36890417899549,94.78445208949775,93.9013425073973,95.6675616715982,93.01823292529684,96.55067125369865
78,231,64.51957195156773,100.0,0.0,0.0,35.48042804843227,0.0,0-30,10.644128414529682,14.19217121937291,8.870107012108068,8.870107012108068,12.418149816951296,8.870107012108068,CRITICO,100.0,91.12989298789194,95.56494649394597,94.67793579273516,96.45195719515678,93.79092509152434,97.33896789636758
81,39,0.0,0.0,201.0,100.0,100.0,100.0,RUL > 125,100.0,100.0,100.0,100.0,100.0,100.0,SAUDAVEL,0.0,0.0,0.0,0.0,0.0,0.0,0.0
81,40,0.0,0.0,200.0,100.0,100.0,100.0,RUL > 125,100.0,100.0,100.0,100.0,100.0,100.0,SAUDAVEL,0.0,0.0,0.0,0.0,0.0,0.0,0.0
81,41,0.0,0.0,199.0,100.0,100.0,100.0,RUL > 125,100.0,100.0,100.0,100.0,100.0,100.0,SAUDAVEL,0.0,0.0,0.0,0.0,0.0,0.0,0.0
81,42,0.0,0.0,198.0,100.0,100.0,100.0,RUL > 125,100.0,100.0,100.0,100.0,100.0,100.0,SAUDAVEL,0.0,0.0,0.0,0.0,0.0,0.0,0.0
81,43,0.0,0.0,197.0,100.0,100.0,100.0,RUL > 125,100.0,100.0,100.0,100.0,100.0,100.0,SAUDAVEL,0.0,0.0,0.0,0.0,0.0,0.0,0.0
81,44,0.0,0.0,196.0,100.0,100.0,100.0,RUL > 125,100.0,100.0,100.0,100.0,100.0,100.0,SAUDAVEL,0.0,0.0,0.0,0.0,0.0,0.0,0.0
81,45,0.0,0.0,195.0,100.0,100.0,100.0,RUL > 125,100.0,100.0,100.0,100.0,100.0,100.0,SAUDAVEL,0.0,0.0,0.0,0.0,0.0,0.0,0.0
81,46,0.0,8.212214260613777,194.0,100.0,100.0,91.78778573938622,RUL > 125,98.35755714787724,98.35755714787724,97.94694643484657,98.76816786090794,97.94694643484657,98.76816786090794,SAUDAVEL,0.0,1.231832139092063,0.6159160695460315,0.7390992834552378,0.49273285563682523,0.8622824973644441,0.3695496417276189
81,47,0.0,15.409850882957318,193.0,100.0,100.0,84.59014911704269,RUL > 125,96.91802982340856,96.91802982340856,96.14753727926067,97.6885223675564,96.14753727926067,97.6885223675564,SAUDAVEL,0.0,2.311477632443598,1.155738816221799,1.3868865794661587,0.9245910529774393,1.6180343427105184,0.6934432897330793
81,48,0.0,22.790689124608743,192.0,100.0,100.0,77.20931087539125,RUL > 125,95.44186217507826,95.44186217507826,94.3023277188478,96.58139663130868,94.3023277188478,96.58139663130868,SAUDAVEL,0.0,3.418603368691322,1.709301684345661,2.051162021214793,1.3674413474765288,2.3930223580839254,1.0255810106073966
81,49,0.0,25.344032991284205,191.0,100.0,100.0,74.65596700871579,RUL > 125,94.93119340174316,94.93119340174316,93.66399175217894,96.19839505130736,93.66399175217894,96.19839505130736,SAUDAVEL,0.0,3.801604948692642,1.900802474346321,2.2809629692155853,1.520641979477057,2.661123464084849,1.1404814846077926
81,50,13.462959054453377,27.92921380398116,190.0,100.0,86.53704094554662,72.07078619601884,RUL > 125,90.37526952286775,89.02897361742242,89.65195678539136,92.44487816578948,88.30566087994603,92.44487816578948,SAUDAVEL,0.0,7.555121834210524,3.777560917105262,4.533073100526314,3.02204873368421,5.288585283947366,2.266536550263157
81,51,19.9654703049989,41.764055419553415,189.0,100.0,80.0345296950011,58.235944580446585,RUL > 125,85.65754782458966,83.66100079408976,84.56761856886192,88.74402411081726,82.57107153836202,88.74402411081726,SAUDAVEL,0.0,11.255975889182736,5.627987944591368,6.753585533509641,4.502390355673095,7.879183122427914,3.3767927667548205
81,52,24.434677973256257,56.65323348861507,188.0,100.0,75.56532202674374,43.34676651138493,RUL > 125,81.33894991030012,78.89548211297449,79.72802213453217,85.39334548339367,77.28455433720654,85.39334548339367,SAUDAVEL,0.0,14.606654516606326,7.303327258303163,8.763992709963796,5.842661806642531,10.224658161624427,4.381996354981898
81,53,18.001565954311,63.99189324649464,187.0,100.0,81.998434045689,36.00810675350536,RUL > 125,81.80115156440777,80.00099496897668,79.50163519979859,85.90082452444805,77.70147860436748,85.90082452444805,SAUDAVEL,0.0,14.099175475551945,7.049587737775973,8.459505285331167,5.639670190220778,9.869422832886361,4.229752642665583
81,54,28.26954446916745,70.97967940214926,186.0,100.0,71.73045553083256,29.02032059785074,RUL > 125,77.32320077881991,74.49624633190317,75.18769403217082,82.28566197238575,72.36073958525408,82.28566197238575,SAUDAVEL,0.0,17.714338027614247,8.857169013807123,10.628602816568547,7.085735211045699,12.400036619329972,5.314301408284273
81,55,27.802083407860025,73.13962242124572,185.0,100.0,72.19791659213998,26.86037757875428,RUL > 125,77.03145049339284,74.25124215260684,74.76457354272355,82.07853578484813,71.98436520193755,82.07853578484813,SAUDAVEL,0.0,17.92146421515187,8.960732107575936,10.752878529091122,7.168585686060749,12.54502495060631,5.376439264545561
81,56,39.325217677486776,81.94367634529502,184.0,100.0,60.67478232251322,18.056323654704983,RUL > 125,71.81369942769497,67.88117765994629,69.68277649430456,77.87714412883406,65.75025472655588,77.87714412883406,ATENCAO,0.0,22.12285587116594,11.06142793558297,13.273713522699563,8.849142348466376,15.485999109816156,6.636856761349781
81,57,38.49090655429235,78.43026561869955,183.0,100.0,61.50909344570765,21.56973438130045,RUL > 125,72.76667490997238,68.91758425454314,70.76970695675203,78.61273351862198,66.9206163013228,78.61273351862198,ATENCAO,0.0,21.38726648137802,10.69363324068901,12.832359888826812,8.554906592551209,14.971086536964613,6.416179944413406
81,58,40.52280158258867,65.68001606157183,182.0,100.0,59.47719841741133,34.319983938428166,RUL > 125,74.70715631290904,70.65487615465017,73.44929558895987,80.01729719511705,69.397015430701,80.01729719511705,SAUDAVEL,0.0,19.982702804882948,9.991351402441474,11.989621682929767,7.993081121953179,13.987891963418063,5.994810841464884
81,59,36.77215767219239,47.04839708093,181.0,100.0,63.22784232780761,52.95160291907,RUL > 125,79.55867328215629,75.88145751493705,79.0448613117194,83.74970101981239,75.36764554450016,83.74970101981239,SAUDAVEL,0.0,16.25029898018761,8.125149490093804,9.750179388112565,6.500119592075044,11.375209286131325,4.875089694056283
81,60,25.88358815491056,28.34418587751248,180.0,100.0,74.11641184508944,71.65581412248753,RUL > 125,86.56608637802435,83.97772756253329,86.44305649189424,89.27747507964548,83.85469767640319,89.27747507964548,SAUDAVEL,0.0,10.722524920354516,5.361262460177258,6.433514952212709,4.289009968141807,7.505767444248161,3.2167574761063547
81,61,31.861759592476275,19.376235693274925,179.0,100.0,68.13824040752372,80.62376430672508,RUL > 125,86.56622498360214,83.3800490243545,87.1905011785622,89.12812474788969,84.00432521931458,89.12812474788969,SAUDAVEL,0.0,10.871875252110314,5.435937626055157,6.523125151266188,4.348750100844126,7.6103126764772195,3.261562575633094
81,62,40.28240836797335,20.208941771763765,178.0,100.0,59.71759163202665,79.79105822823624,RUL > 125,83.87348913525526,79.84524829845792,84.87716246506572,86.8980566422421,80.84892162826839,86.8980566422421,SAUDAVEL,0.0,13.101943357757904,6.550971678878952,7.861166014654742,5.2407773431031615,9.171360350430533,3.930583007327371
81,63,39.810117978693725,10.702705232900666,177.0,100.0,60.18988202130628,89.29729476709933,RUL > 125,85.91642355981176,81.93541176194239,87.37179419710141,88.44206472039147,83.39078239923202,88.44206472039147,SAUDAVEL,0.0,11.557935279608529,5.778967639804264,6.934761167765117,4.6231741118434115,8.09055469572597,3.4673805838825587
81,64,32.07196950726544,1.1661740971735728,176.0,100.0,67.92803049273456,98.83382590282643,RUL > 125,90.14517432838564,86.93797737765911,91.69046409889026,91.8070815086076,88.4832671481637,91.8070815086076,SAUDAVEL,0.0,8.192918491392405,4.096459245696202,4.915751094835443,3.277167396556962,5.735042943974683,2.4578755474177214
81,65,18.12580935959536,0.0,175.0,100.0,81.87419064040463,100.0,RUL > 125,94.5622571921214,92.74967625616183,95.46854766010117,95.46854766010117,93.65596672414162,95.46854766010117,SAUDAVEL,0.0,4.531452339898834,2.265726169949417,2.7188714039393003,1.8125809359595337,3.172016637929184,1.3594357019696501
81,66,25.214055490767,0.0,174.0,100.0,74.785944509233,100.0,RUL > 125,92.4357833527699,89.9143778036932,93.69648612730823,93.69648612730823,91.17508057823156,93.69648612730823,SAUDAVEL,0.0,6.3035138726917666,3.1517569363458833,3.7821083236150597,2.521405549076707,4.412459710884236,1.8910541618075298
81,67,24.36433970566143,0.0,173.0,100.0,75.63566029433858,100.0,RUL > 125,92.69069808830156,90.25426411773545,93.90891507358464,93.90891507358464,91.47248110301852,93.90891507358464,SAUDAVEL,0.0,6.091084926415363,3.0455424632076813,3.6546509558492173,2.4364339705661453,4.263759448490753,1.8273254779246086
81,68,18.49704158945706,0.0,172.0,100.0,81.50295841054294,100.0,RUL > 125,94.45088752316288,92.60118336421718,95.37573960263572,95.37573960263572,93.52603544369003,95.37573960263572,SAUDAVEL,0.0,4.6242603973642815,2.3121301986821408,2.774556238418569,1.8497041589457126,3.236982278154997,1.3872781192092845
81,69,12.302310565138686,0.0,171.0,100.0,87.69768943486132,100.0,RUL > 125,96.3093068304584,95.07907577394454,96.92442235871532,96.92442235871532,95.69419130220146,96.92442235871532,SAUDAVEL,0.0,3.0755776412846814,1.5377888206423407,1.8453465847708088,1.2302310565138725,2.152904348899277,0.9226732923854044
81,70,14.940778129941076,0.0,170.0,100.0,85.05922187005892,100.0,RUL > 125,95.51776656101768,94.02368874802356,96.26480546751472,96.26480546751472,94.7707276545206,96.26480546751472,SAUDAVEL,0.0,3.7351945324852807,1.8675972662426403,2.2411167194911683,1.4940778129941124,2.6146361727396963,1.1205583597455842
81,71,0.0,0.0,169.0,100.0,100.0,100.0,RUL > 125,100.0,100.0,100.0,100.0,100.0,100.0,SAUDAVEL,0.0,0.0,0.0,0.0,0.0,0.0,0.0
81,72,1.955520100736181,0.0,168.0,100.0,98.04447989926382,100.0,RUL > 125,99.41334396977916,99.21779195970552,99.51111997481595,99.51111997481595,99.31556796474234,99.51111997481595,SAUDAVEL,0.0,0.48888002518404505,0.24444001259202253,0.293328015110427,0.19555201007361803,0.3422160176288315,0.1466640075552135
81,73,0.0,0.0,167.0,100.0,100.0,100.0,RUL > 125,100.0,100.0,100.0,100.0,100.0,100.0,SAUDAVEL,0.0,0.0,0.0,0.0,0.0,0.0,0.0
81,74,0.0,0.0,166.0,100.0,100.0,100.0,RUL > 125,100.0,100.0,100.0,100.0,100.0,100.0,SAUDAVEL,0.0,0.0,0.0,0.0,0.0,0.0,0.0
81,75,0.0,0.0,165.0,100.0,100.0,100.0,RUL > 125,100.0,100.0,100.0,100.0,100.0,100.0,SAUDAVEL,0.0,0.0,0.0,0.0,0.0,0.0,0.0
81,76,0.0,0.0,164.0,100.0,100.0,100.0,RUL > 125,100.0,100.0,100.0,100.0,100.0,100.0,SAUDAVEL,0.0,0.0,0.0,0.0,0.0,0.0,0.0
81,77,0.0,0.0,163.0,100.0,100.0,100.0,RUL > 125,100.0,100.0,100.0,100.0,100.0,100.0,SAUDAVEL,0.0,0.0,0.0,0.0,0.0,0.0,0.0
81,78,7.204641878501223,0.0,162.0,100.0,92.79535812149878,100.0,RUL > 125,97.83860743644964,97.11814324859952,98.1988395303747,98.1988395303747,97.47837534252456,98.1988395303747,SAUDAVEL,0.0,1.8011604696253016,0.9005802348126508,1.0806962817751808,0.7204641878501207,1.260812328737711,0.5403481408875904
81,79,9.185158223093454,0.0,161.0,100.0,90.81484177690656,100.0,RUL > 125,97.24445253307196,96.32593671076262,97.70371044422664,97.70371044422664,96.78519462191728,97.70371044422664,SAUDAVEL,0.0,2.296289555773356,1.148144777886678,1.3777737334640137,0.9185158223093425,1.607402689041349,0.6888868667320068
81,80,2.7678756680569907,13.716505309707658,160.0,100.0,97.232124331943,86.28349469029234,RUL > 125,96.42633623764138,96.14954867083569,95.87890475555884,97.2505552865296,95.60211718875314,97.2505552865296,SAUDAVEL,0.0,2.749444713470396,1.374722356735198,1.6496668280822375,1.0997778853881586,1.9246112994292772,0.8248334140411188
81,81,0.0,13.841719366379426,159.0,100.0,100.0,86.15828063362058,RUL > 125,97.23165612672412,97.23165612672412,96.53957015840514,97.92374209504308,96.53957015840514,97.92374209504308,SAUDAVEL,0.0,2.0762579049569183,1.0381289524784592,1.245754742974151,0.8305031619827674,1.4533805334698426,0.6228773714870754
81,82,0.0,10.328447277930287,158.0,100.0,100.0,89.67155272206972,RUL > 125,97.93431054441396,97.93431054441396,97.41788818051742,98.45073290831046,97.41788818051742,98.45073290831046,SAUDAVEL,0.0,1.5492670916895435,0.7746335458447717,0.9295602550137261,0.6197068366758174,1.0844869641826804,0.46478012750686304
81,83,10.872918917372,23.59416638683078,157.0,100.0,89.127081082628,76.40583361316922,RUL > 125,92.01929104742224,90.93199915568503,91.3832286739493,93.7426453126324,90.2959367822121,93.7426453126324,SAUDAVEL,0.0,6.257354687367595,3.1286773436837976,3.754412812420557,2.5029418749470382,4.380148281157316,1.8772064062102785
81,84,0.0,18.791849995362544,156.0,100.0,100.0,81.20815000463746,RUL > 125,96.2416300009275,96.2416300009275,95.30203750115936,97.1812225006956,95.30203750115936,97.1812225006956,SAUDAVEL,0.0,2.818777499304403,1.4093887496522015,1.6912664995826419,1.1275109997217612,1.973144249513082,0.8456332497913209
81,85,5.240491589814717,11.686884295711604,155.0,100.0,94.75950841018528,88.31311570428839,RUL > 125,96.09047566391324,95.5664265049318,95.76815602861842,96.93684445818958,95.24410686963694,96.93684445818958,SAUDAVEL,0.0,3.063155541810417,1.5315777709052085,1.8378933250862501,1.225262216724167,2.1442088792672918,0.9189466625431251
81,86,0.0,2.6469484305018405,154.0,100.0,100.0,97.35305156949816,RUL > 125,99.47061031389964,99.47061031389964,99.33826289237454,99.60295773542472,99.33826289237454,99.60295773542472,SAUDAVEL,0.0,0.39704226457527625,0.19852113228763812,0.23822535874516573,0.15881690583011052,0.27792958520269334,0.11911267937258287
81,87,0.0,0.0,153.0,100.0,100.0,100.0,RUL > 125,100.0,100.0,100.0,100.0,100.0,100.0,SAUDAVEL,0.0,0.0,0.0,0.0,0.0,0.0,0.0
81,88,0.0,0.0,152.0,100.0,100.0,100.0,RUL > 125,100.0,100.0,100.0,100.0,100.0,100.0,SAUDAVEL,0.0,0.0,0.0,0.0,0.0,0.0,0.0
81,89,4.226287999656524,0.3143489545501733,151.0,100.0,95.77371200034348,99.68565104544984,RUL > 125,98.66924380919302,98.24661500922736,98.86484076144832,98.89627565690334,98.44221196148268,98.89627565690334,SAUDAVEL,0.0,1.1037243430966583,0.5518621715483292,0.662234605857995,0.44148973723866336,0.7726070401676608,0.3311173029289975
81,90,8.12471828920164,9.920099507381844,150.0,100.0,91.87528171079836,90.07990049261817,RUL > 125,95.57856461176311,94.76609278284296,95.48879555085414,96.48080550159231,94.67632372193395,96.48080550159231,SAUDAVEL,0.0,3.5191944984076855,1.7595972492038428,2.111516699044611,1.4076777993630742,2.4634361488853798,1.0557583495223055
81,91,6.7010950054016405,12.98951080268731,149.0,100.0,93.29890499459836,87.0104891973127,RUL > 125,95.39176933784204,94.72165983730189,95.07734854797778,96.3762996282465,94.4072390474376,96.3762996282465,SAUDAVEL,0.0,3.6237003717535003,1.8118501858767502,2.1742202230521,1.4494801487014002,2.53659026022745,1.08711011152605
81,92,0.0,0.0,148.0,100.0,100.0,100.0,RUL > 125,100.0,100.0,100.0,100.0,100.0,100.0,SAUDAVEL,0.0,0.0,0.0,0.0,0.0,0.0,0.0
81,93,0.0,4.003503002471268,147.0,100.0,100.0,95.99649699752874,RUL > 125,99.19929939950576,99.19929939950576,98.9991242493822,99.3994745496293,98.9991242493822,99.3994745496293,SAUDAVEL,0.0,0.6005254503706965,0.30026272518534824,0.3603152702224179,0.2402101801482786,0.4203678152594875,0.18015763511120894
81,94,15.0544462012864,14.3335727797259,146.0,100.0,84.9455537987136,85.6664272202741,RUL > 125,92.61695158366892,91.11150696354026,92.65299525474693,94.08635253271952,91.14755063461828,94.08635253271952,SAUDAVEL,0.0,5.913647467280484,2.956823733640242,3.54818848036829,2.3654589869121936,4.139553227096338,1.774094240184145
81,95,18.709308440234373,30.61698466407934,145.0,100.0,81.29069155976563,69.38301533592066,RUL > 125,88.26381053511382,86.3928796910904,87.66842672392157,90.7301251903295,85.79749587989814,90.7301251903295,SAUDAVEL,0.0,9.269874809670497,4.634937404835249,5.5619248858022985,3.707949923868199,6.488912366769348,2.7809624429011492
81,96,20.263144715284305,36.55818727022566,144.0,100.0,79.73685528471569,63.44181272977434,RUL > 125,86.60941913136958,84.58310465984115,85.79466700362252,89.45048573064508,83.76835253209407,89.45048573064508,SAUDAVEL,0.0,10.549514269354916,5.274757134677458,6.329708561612949,4.219805707741966,7.3846599885484405,3.1648542808064746
81,97,25.99434968627253,43.09287803377836,143.0,100.0,74.00565031372747,56.90712196622164,RUL > 125,83.58311948736257,80.98368451873532,82.72819306998727,87.03748087336511,80.12875810136003,87.03748087336511,SAUDAVEL,0.0,12.962519126634888,6.481259563317444,7.7775114759809325,5.185007650653955,9.073763388644421,3.8887557379904663
81,98,32.28826079801962,50.19822065583573,142.0,100.0,67.71173920198038,49.80177934416427,RUL > 125,80.27387762942696,77.045051549625,79.37837963653617,84.39820170211974,76.1495535567342,84.39820170211974,SAUDAVEL,0.0,15.601798297880265,7.8008991489401325,9.361078978728159,6.240719319152106,10.921258808516185,4.6805394893640795
81,99,37.086309928382825,61.875010362960005,141.0,100.0,62.913690071617175,38.12498963704,RUL > 125,76.49910494889315,72.79047395605488,75.2596699271643,81.4471709634603,71.55103893432602,81.4471709634603,SAUDAVEL,0.0,18.552829036539705,9.276414518269853,11.131697421923823,7.4211316146158826,12.986980325577793,5.5658487109619115
81,100,31.55974773021589,66.52002447013062,140.0,100.0,68.44025226978411,33.47997552986938,RUL > 125,77.22807078690911,74.07209601388752,75.48005694991336,82.13205939692642,72.32408217689178,82.13205939692642,SAUDAVEL,0.0,17.867940603073578,8.933970301536789,10.720764361844147,7.147176241229431,12.507558422151504,5.360382180922073
81,101,22.037252005065422,56.80310780204034,139.0,100.0,77.96274799493457,43.19689219795966,RUL > 125,82.0282028380723,79.82447763756576,80.28991004822356,85.9702208284276,78.086184847717,85.9702208284276,SAUDAVEL,0.0,14.0297791715724,7.0148895857862,8.417867502943439,5.61191166862896,9.82084542010068,4.2089337514717196
81,102,25.03501262779828,38.59917661059617,138.0,100.0,74.96498737220172,61.40082338940383,RUL > 125,84.76966088954127,82.26615962676145,84.0914526904014,87.95137035146101,81.58795142762156,87.95137035146101,SAUDAVEL,0.0,12.048629648538991,6.024314824269496,7.229177789123394,4.819451859415597,8.434040753977293,3.614588894561697
81,103,34.508231321232614,24.014259406159816,137.0,100.0,65.49176867876739,75.98574059384018,RUL > 125,84.84467872239826,81.393855590275,85.36937731815189,87.77080325876787,81.91855418602863,87.77080325876787,SAUDAVEL,0.0,12.22919674123213,6.114598370616065,7.337518044739277,4.8916786964928525,8.56043771886249,3.6687590223696387
81,104,47.2265348319752,30.366775339029505,136.0,100.0,52.7734651680248,69.6332246609705,RUL > 125,79.75868448260155,75.03603099940403,80.60167245724882,83.63834999115178,75.8790189740513,83.63834999115178,SAUDAVEL,0.0,16.361650008848216,8.180825004424108,9.816990005308929,6.544660003539287,11.45315500619375,4.9084950026544645
81,105,45.490525573974594,32.86656373067625,135.0,100.0,54.509474426025406,67.13343626932375,RUL > 125,79.77952958167238,75.23047702427492,80.41072767383729,83.69738404690492,75.86167511643983,83.69738404690492,SAUDAVEL,0.0,16.302615953095085,8.151307976547542,9.78156957185705,6.521046381238034,11.411831167166559,4.890784785928525
81,106,50.00014635007033,35.775772172130445,134.0,100.0,49.99985364992967,64.22422782786956,RUL > 125,77.8448016605528,72.84478702554577,78.55602036944981,82.13359758666284,73.55600573444278,82.13359758666284,SAUDAVEL,0.0,17.866402413337156,8.933201206668578,10.719841448002294,7.146560965334863,12.506481689336008,5.359920724001147
81,107,50.14764912677288,49.83569278610069,133.0,100.0,49.85235087322712,50.16430721389931,RUL > 125,74.988566704748,69.97380179207072,75.0041645217816,79.98773380039168,69.98939960910431,79.98773380039168,ATENCAO,0.0,20.01226619960832,10.00613309980416,12.007359719764992,8.004906479843328,14.008586339725822,6.003679859882496
81,108,50.011430206583846,53.5672462723073,132.0,100.0,49.98856979341616,46.4327537276927,RUL > 125,74.28312168356338,69.281978662905,74.10533088027722,79.46205550750794,69.10418785961883,79.46205550750794,ATENCAO,0.0,20.53794449249206,10.26897224624603,12.322766695495234,8.215177796996825,14.376561144744441,6.161383347747617
81,109,50.15870148408423,69.5844794524129,131.0,100.0,49.84129851591577,30.415520547587107,RUL > 125,71.03549366429215,66.01962351588372,70.06420476587571,77.022652711117,65.04833461746729,77.022652711117,ATENCAO,0.0,22.977347288882996,11.488673644441498,13.786408373329797,9.190938915553199,16.084143102218096,6.8932041866648985
81,110,50.03658858194675,65.67839356224732,130.0,100.0,49.96341141805325,34.32160643775268,RUL > 125,71.85334471296652,66.84968585477183,71.07125446395148,77.63909382017621,66.06759560575681,77.63909382017621,ATENCAO,0.0,22.360906179823786,11.180453089911893,13.416543707894272,8.944362471929514,15.65263432587665,6.708271853947136
81,111,50.07138158157607,50.00375468874847,129.0,100.0,49.92861841842393,49.99624531125153,RUL > 125,74.9778345877775,69.97069642961989,74.98121593241886,79.98159140129371,69.97407777426126,79.98159140129371,ATENCAO,0.0,20.018408598706287,10.009204299353144,12.011045159223771,8.007363439482516,14.0128860190944,6.005522579611886
81,112,50.19689885244047,40.13971697377667,128.0,100.0,49.80310114755953,59.86028302622333,RUL > 125,76.91298694951251,71.89329706426848,77.41584604344571,81.42981774082338,72.39615615820166,81.42981774082338,SAUDAVEL,0.0,18.57018225917662,9.28509112958831,11.142109355505971,7.428072903670648,12.999127581423632,5.5710546777529855
81,113,42.358303940016185,11.2385459243254,127.0,100.0,57.641696059983815,88.7614540756746,RUL > 125,85.04479963313007,80.80896923912846,86.6007875339146,87.72464212634715,82.36495713991297,87.72464212634715,SAUDAVEL,0.0,12.275357873652851,6.1376789368264255,7.36521472419171,4.910143149461141,8.592750511556995,3.682607362095855
81,114,47.1588348083651,0.0,126.0,100.0,52.8411651916349,100.0,RUL > 125,85.85234955749047,81.13646607665396,88.21029129790873,88.21029129790873,83.49440781707222,88.21029129790873,SAUDAVEL,0.0,11.789708702091275,5.8948543510456375,7.073825221254765,4.71588348083651,8.252796091463892,3.5369126106273825
81,115,49.709457791673564,0.0,125.0,100.0,50.29054220832644,100.0,76-125,85.08716266249793,80.11621688333058,87.5726355520816,87.5726355520816,82.60168977291426,87.5726355520816,SAUDAVEL,0.0,12.427364447918393,6.2136822239591964,7.456418668751035,4.970945779167358,8.699155113542874,3.7282093343755176
81,116,48.28715362986596,0.0,124.0,99.2,51.71284637013404,100.0,76-125,85.11385391104021,80.36513854805362,87.52821159253351,87.44821159253351,82.77949622954692,87.44821159253351,SAUDAVEL,0.7999999999999972,12.55178840746649,6.675894203733243,7.851073044479891,5.500715362986595,9.02625188522654,4.325536522239944
81,117,46.51796510005656,0.0,123.0,98.4,53.48203489994344,100.0,76-125,85.24461046998303,80.75281395997739,87.57050872498587,87.41050872498586,83.07871221498021,87.41050872498586,SAUDAVEL,1.5999999999999943,12.58949127501414,7.094745637507067,8.19369476500848,5.995796510005653,9.292643892509895,4.896847382504237
81,118,50.04110148593367,0.0,122.0,97.6,49.95889851406633,100.0,76-125,83.78766955421989,79.02355940562653,86.28972462851658,86.04972462851657,81.5256144799232,86.04972462851657,SAUDAVEL,2.4000000000000057,13.950275371483428,8.175137685741717,9.33016522289006,7.020110148593375,10.485192760038402,5.8650826114450325
81,119,50.04547016857855,0.0,121.0,96.8,49.95452983142145,100.0,76-125,83.38635894942644,78.70181193256857,85.88863245785537,85.56863245785536,81.2040854409975,85.56863245785536,SAUDAVEL,3.200000000000003,14.431367542144642,8.815683771072322,9.938820525286786,7.6925470168578585,11.06195727950125,6.569410262643395
81,120,50.23326977191898,8.101305925622228,120.0,96.0,49.76673022808102,91.89869407437776,76-125,81.30975788329987,76.68643090610797,83.4163560756147,83.82648666817691,78.7930290984228,83.82648666817691,SAUDAVEL,4.0,16.173513331823088,10.086756665911544,11.304107999093851,8.869405332729235,12.52145933227616,7.652053999546926
81,121,50.30773854170591,30.559525659301105,119.0,95.19999999999999,49.69226145829409,69.4404743406989,76-125,76.39577330562801,71.84499945145743,77.38318394974824,79.95913651567834,72.83241009557764,79.95913651567834,ATENCAO,4.800000000000011,20.04086348432166,12.420431742160837,13.944518090593002,10.896345393728671,15.468604439025166,9.372259045296506
81,122,50.4788803139503,72.94872205350968,118.0,94.39999999999999,49.5211196860497,27.05127794649032,76-125,67.46659149511297,62.97870346371795,66.343099408135,73.07797161348596,61.85521137673997,73.07797161348596,ATENCAO,5.6000000000000085,26.922028386514043,16.261014193257026,18.393217031908428,14.128811354605622,20.525419870559833,11.996608515954218
81,123,50.45643393843613,83.3256038606639,117.0,93.60000000000001,49.54356606156387,16.674396139336096,76-125,64.99794904633639,60.592305652492776,63.354490550225,71.04705093629138,58.94884715638138,71.04705093629138,ATENCAO,6.3999999999999915,28.952949063708616,17.676474531854304,19.931769438225167,15.421179625483441,22.187064344596028,13.165884719112578
81,124,50.360941581909685,82.90984761522765,116.0,92.80000000000001,49.63905841809032,17.090152384772352,76-125,64.70974800238157,60.3936538441906,63.08230270071567,70.65328746223844,58.7662085425247,70.65328746223844,ATENCAO,7.199999999999989,29.34671253776156,18.273356268880775,20.48802752265693,16.05868501510462,22.70269877643309,13.84401376132846
81,125,50.34757130557533,77.805518896242,115.0,92.0,49.65242869442467,22.194481103758,76-125,65.334624829079,61.09986769852148,63.96172744954566,70.94227933916987,59.72697031898814,70.94227933916987,ATENCAO,8.0,29.057720660830128,18.528860330415064,20.634632396498077,16.42308826433205,22.740404462581086,14.317316198249038
81,126,50.25047096091251,58.355599204970645,114.0,91.2,49.74952903908749,41.64440079502936,76-125,68.85373887073212,64.70869177464088,68.44848245852921,73.40404237902628,64.30343536243797,73.40404237902628,ATENCAO,8.799999999999997,26.59595762097372,17.69797881048686,19.47757457258423,15.918383048389487,21.257170334681604,14.138787286292114
81,127,50.160556138611874,26.0222203791088,113.0,90.4,49.839443861388126,73.9777796208912,76-125,74.94738908259468,70.89133346873349,76.15430587056983,77.79652790848071,72.09825025670864,77.79652790848071,ATENCAO,9.599999999999994,22.203472091519288,15.901736045759641,17.162083254911572,14.641388836607712,18.4224304640635,13.381041627455781
81,128,50.10150388523355,0.0,112.0,89.60000000000001,49.89849611476645,100.0,76-125,79.76954883442994,75.79939844590659,82.27462402869162,81.23462402869161,78.30447364016825,81.23462402869161,SAUDAVEL,10.399999999999991,18.765375971308387,14.58268798565419,15.419225582785028,13.74615038852335,16.255763179915867,12.909612791392508
81,129,50.12753796619911,0.0,111.0,88.8,49.87246203380089,100.0,76-125,79.36173861014026,75.46898481352036,81.86811550845022,80.74811550845021,77.97536171183032,80.74811550845021,SAUDAVEL,11.200000000000003,19.251884491549788,15.225942245774895,16.031130694929875,14.420753796619916,16.83631914408485,13.615565347464937
81,130,50.20050917563,0.0,110.0,88.0,49.79949082437,100.0,76-125,78.93984724731101,75.119796329748,81.44987270609249,80.2498727060925,77.6298217885295,80.2498727060925,SAUDAVEL,12.0,19.750127293907497,15.875063646953748,16.6500763763445,15.100050917563,17.425089105735246,14.325038188172247
81,131,50.26260471219808,0.0,109.0,87.2,49.73739528780192,100.0,76-125,78.52121858634058,74.77495811512077,81.03434882195049,79.75434882195049,77.28808835073067,79.75434882195049,ATENCAO,12.799999999999997,20.245651178049513,16.522825589024755,17.26739070682971,15.778260471219804,18.011955824634658,15.033695353414851
81,132,50.11947381123287,0.0,108.0,86.4,49.88052618876713,100.0,76-125,78.16415785663014,74.51221047550686,80.67013154719179,79.31013154719179,77.0181841660685,79.31013154719179,ATENCAO,13.599999999999994,20.689868452808213,17.144934226404104,17.853921071684923,16.435947381123285,18.56290791696575,15.726960535842458
81,133,50.03029712546876,0.0,107.0,85.6,49.96970287453124,100.0,76-125,77.79091086235937,74.2278811498125,80.29242571863281,78.8524257186328,76.72939600608593,78.8524257186328,ATENCAO,14.400000000000006,21.1475742813672,17.773787140683602,18.44854456882032,17.09902971254688,19.12330199695704,16.424272284410165
81,134,50.07912695948003,0.0,106.0,84.8,49.92087304051997,100.0,76-125,77.376261912156,73.88834921620798,79.88021826013,78.36021826012998,76.392305564182,78.36021826012998,ATENCAO,15.200000000000003,21.639781739870017,18.41989086993501,19.06386904392201,17.77591269594801,19.707847217909013,17.131934521961007
81,135,50.05654487753701,0.0,105.0,84.0,49.94345512246299,100.0,76-125,76.9830365367389,73.5773820489852,79.48586378061574,77.88586378061575,76.08020929286205,77.88586378061575,ATENCAO,16.0,22.11413621938425,19.057068109692125,19.66848173163055,18.4456544877537,20.279895353568975,17.834240865815275
81,136,48.81712765881338,0.0,104.0,83.2,51.18287234118662,100.0,76-125,76.95486170235598,73.75314893647464,79.39571808529666,77.71571808529666,76.19400531941531,77.71571808529666,ATENCAO,16.799999999999997,22.284281914703342,19.54214095735167,20.090569148822006,18.993712765881334,20.638997340292338,18.445284574411
81,137,50.21326824085244,0.0,103.0,82.39999999999999,49.78673175914756,100.0,76-125,76.13601952774425,72.87469270365902,78.64668293978688,76.88668293978688,75.38535611570164,76.88668293978688,ATENCAO,17.60000000000001,23.11331706021312,20.356658530106564,20.907990236127876,19.805326824085252,21.459321942149185,19.25399511806394
81,138,50.2882468410662,0.0,102.0,81.6,49.7117531589338,100.0,76-125,75.71352594768014,72.52470126357352,78.22793828973344,76.38793828973344,75.03911360562682,76.38793828973344,ATENCAO,18.400000000000006,23.61206171026656,21.006030855133282,21.527237026159938,20.484824684106627,22.048443197186593,19.96361851307997
81,139,50.14101121976476,0.0,101.0,80.80000000000001,49.85898878023524,100.0,76-125,75.35769663407058,72.2635955120941,77.86474719505881,75.94474719505881,74.77064607308233,75.94474719505881,ATENCAO,19.19999999999999,24.05525280494119,21.62762640247059,22.11315168296471,21.14210112197647,22.59867696345883,20.656575841482347
81,140,50.17472814724059,7.808214095063903,100.0,80.0,49.82527185275941,92.1917859049361,76-125,73.38593873681505,70.36846592209099,75.50426443942388,74.28508584893027,72.4867916246998,74.28508584893027,ATENCAO,20.0,25.714914151069735,22.857457075534867,23.42894849064184,22.285965660427895,24.000439905748813,21.714474245320922
81,141,50.14210751483706,19.73602762623183,99.0,79.2,49.85789248516294,80.26397237376817,76-125,70.61016222030253,67.67595146881882,72.13046621473278,72.02406897735597,69.19625546324907,72.02406897735597,ATENCAO,20.799999999999997,27.975931022644033,24.387965511322015,25.105558613586417,23.670372409057613,25.82315171585082,22.952779306793207
81,142,50.11672030118236,18.94832045090127,98.0,78.4,49.88327969881764,81.05167954909874,76-125,70.37531981946503,67.52364778934681,71.9337398119791,71.66857185706922,69.08206778186087,71.66857185706922,ATENCAO,21.599999999999994,28.331428142930775,24.965714071465385,25.638856885758464,24.292571257172305,26.311999700051537,23.619428442879226
81,143,50.25734382630626,20.52290080658273,97.0,77.60000000000001,49.74265617369374,79.47709919341727,76-125,69.61821669079158,66.83248230816096,71.10493884177777,70.91722892243602,68.31920445914713,70.91722892243602,ATENCAO,22.39999999999999,29.082771077563976,25.741385538781984,26.409662646538383,25.073108431025585,27.077939754294782,24.404831323269185
81,144,50.413769965933405,34.234506125006305,96.0,76.8,49.5862300340666,65.7654938749937,76-125,66.42896778521872,63.70759078862538,67.23793097726508,68.3413815897657,64.51655398067173,68.3413815897657,ATENCAO,23.200000000000003,31.658618410234297,27.42930920511715,28.275171046140578,26.583447364093722,29.121032887164006,25.73758552307029
81,145,50.394633230737,39.07318469759502,95.0,76.0,49.605366769263,60.92681530240498,76-125,65.0669730912599,62.4275097681862,65.633045517917,67.1403639876765,62.9935821948433,67.1403639876765,ATENCAO,24.0,32.859636012323506,28.429818006161753,29.315781607394104,27.5438544049294,30.201745208626452,26.65789080369705
81,146,50.271031815338745,23.026878669114662,94.0,75.2,49.728968184661255,76.97312133088533,76-125,67.91331472157545,65.36621154004158,69.27552237888665,69.09821024579811,66.72841919735276,69.09821024579811,ATENCAO,24.799999999999997,30.901789754201886,27.85089487710094,28.46107385252113,27.24071590168075,29.071252827941315,26.63053692626056
81,147,50.30010359158229,24.8273265275394,93.0,74.4,49.69989640841771,75.1726734724606,76-125,67.14450361701743,64.67449325785921,68.41814247021958,68.34087512297351,65.94813211106135,68.34087512297351,ATENCAO,25.599999999999994,31.659124877026485,28.62956243851324,29.23547492621589,28.02364995081059,29.84138741391854,27.41773746310794
81,148,50.20003606576628,24.59650704421476,92.0,73.6,49.79996393423372,75.40349295578524,76-125,66.82068777142716,64.44068416485054,68.10086422250474,67.92051492692622,65.7208606159281,67.92051492692622,ATENCAO,26.400000000000006,32.07948507307378,29.239742536536895,29.807691043844272,28.671794029229517,30.37563955115165,28.10384552192214
81,149,50.2622492145727,17.17522112915293,91.0,72.8,49.7377507854273,82.82477887084707,76-125,67.8862810097976,65.58005608834034,69.5406324140686,68.53815452698389,67.23440749261133,68.53815452698389,ATENCAO,27.200000000000003,31.461845473016112,29.330922736508057,29.75710728380967,28.904738189206448,30.183291831111276,28.47855364190483
81,150,50.1108926413818,0.0,90.0,72.0,49.8891073586182,100.0,76-125,70.96673220758547,68.75564294344728,73.47227683965454,70.67227683965454,71.26118757551637,70.67227683965454,ATENCAO,28.0,29.327723160345457,28.66386158017273,28.796633896207275,28.531089264138185,28.929406212241815,28.398316948103634
81,151,43.651535368567146,0.0,89.0,71.2,56.34846463143285,100.0,76-125,72.50453938942985,71.01938585257315,74.68711615785821,71.80711615785822,73.2019626210015,71.80711615785822,ATENCAO,28.799999999999997,28.192883842141782,28.49644192107089,28.43573030528507,28.55715353685671,28.375018689499242,28.61786515264253
81,152,42.38920269583824,0.0,88.0,70.39999999999999,57.61079730416176,100.0,76-125,72.48323919124851,71.20431892166471,74.60269932604044,71.64269932604043,73.32377905645662,71.64269932604043,ATENCAO,29.60000000000001,28.35730067395957,28.97865033697979,28.854380404375746,29.102920269583834,28.730110471771702,29.227190202187877
81,153,41.97955942219775,0.0,87.0,69.6,58.02044057780225,100.0,76-125,72.20613217334068,71.0481762311209,74.30511014445057,71.26511014445056,73.14715420223078,71.26511014445056,ATENCAO,30.400000000000006,28.73488985554944,29.567444927774723,29.400933913329666,29.73395594221978,29.234422898884606,29.900466956664832
81,154,40.17674446058198,0.0,86.0,68.8,59.82325553941802,100.0,76-125,72.34697666182541,71.4493022157672,74.35581388485451,71.23581388485451,73.45813943879631,71.23581388485451,ATENCAO,31.200000000000003,28.764186115145492,29.982093057572747,29.738511669087295,30.2256744460582,29.494930280601842,30.469255834543645
81,155,47.579970093939394,0.0,85.0,68.0,52.420029906060606,100.0,76-125,69.72600897181817,68.16801196242425,72.10500747651515,68.90500747651515,70.54701046712121,68.90500747651515,ATENCAO,32.0,31.094992523484848,31.547496261742424,31.45699551409091,31.63799700939394,31.366494766439395,31.728497757045453
81,156,50.02337875850769,0.0,84.0,67.2,49.97662124149231,100.0,76-125,68.5929863724477,66.87064849659693,71.09415531037308,67.81415531037308,69.37181743452231,67.81415531037308,ATENCAO,32.8,32.18584468962692,32.49292234481346,32.43150681377615,32.55433787585076,32.37009128273884,32.615753406888075
81,157,50.27389814798893,0.0,83.0,66.4,49.72610185201107,100.0,76-125,68.11783055560332,66.45044074080442,70.63152546300277,67.27152546300277,68.96413564820388,67.27152546300277,ATENCAO,33.599999999999994,32.728474536997226,33.16423726849861,33.077084722198336,33.251389814798884,32.989932175898055,33.338542361099165
81,158,50.22847906888948,11.994524464670368,82.0,65.60000000000001,49.77152093111052,88.00547553532964,76-125,65.33255138639909,63.74970347951015,67.24424911661005,65.00370156307709,65.66140120972109,65.00370156307709,ATENCAO,34.39999999999999,34.99629843692291,34.69814921846145,34.757779062153745,34.63851937476916,34.81740890584604,34.57888953107687
81,159,50.16210159535456,39.35170869376535,81.0,64.8,49.83789840464544,60.64829130623465,76-125,59.48102778264056,57.98481762310512,60.02154742772002,60.43671829709656,58.525337268184565,60.43671829709656,ATENCAO,35.2,39.56328170290344,37.38164085145172,37.817969021742066,36.945312681161376,38.2542971920324,36.50898451087103
81,160,50.011324834533205,43.738381483277,80.0,64.0,49.9886751654668,56.261618516723,76-125,58.24892625298464,56.84779376953132,58.56257342054744,59.33641156887514,57.16144093709413,59.33641156887514,RISCO,36.0,40.66358843112486,38.331794215562425,38.79815305867491,37.86543537244994,39.264511901787394,37.39907652933746
81,161,44.3889916363194,27.327283884401872,79.0,63.2,55.6110083636806,72.67271611559812,76-125,62.8178457322238,62.05894656859186,63.67093111981968,62.72365950825986,62.91203195618774,62.72365950825986,ATENCAO,36.8,37.27634049174014,37.03817024587007,37.085804295044085,36.990536196696056,37.1334383442181,36.94290214752204
81,162,41.717903749704845,7.098765975930772,78.0,62.4,58.28209625029516,92.90123402406924,76-125,67.26487567990239,66.85308530493191,68.99583256859108,65.94570916618417,68.5840421936206,65.94570916618417,ATENCAO,37.6,34.05429083381583,35.82714541690791,35.4725745002895,36.18171633352633,35.118003583671076,36.536287250144746
81,163,50.01437157690645,0.0,77.0,61.6,49.98562842309355,100.0,76-125,65.79568852692807,64.63425136923742,68.2964071057734,64.4564071057734,67.13496994808274,64.4564071057734,ATENCAO,38.4,35.543592894226606,36.971796447113306,36.686155736535966,37.257437157690646,36.400515025958626,37.54307786826798
81,164,44.55193673938086,0.0,76.0,60.8,55.44806326061914,100.0,76-125,67.03441897818574,66.49922530424766,69.26201581515478,65.34201581515478,68.7268221412167,65.34201581515478,ATENCAO,39.2,34.65798418484522,36.92899209242261,36.474790510907134,37.38319367393809,36.02058892939165,37.837395255453565
81,165,35.51067460345853,0.0,75.0,60.0,64.48932539654146,100.0,31-75,69.34679761896244,69.79573015861658,71.12233134913537,67.12233134913537,71.5712638887895,67.12233134913537,ATENCAO,40.0,32.877668650864635,36.43883432543232,35.72660119051878,37.15106746034586,35.014368055605246,37.86330059525939
81,166,25.101058159417928,0.0,74.0,59.199999999999996,74.89894184058207,100.0,31-75,72.06968255217461,73.63957673623283,73.32473546014552,69.2447354601455,74.89462964420372,69.2447354601455,ATENCAO,40.800000000000004,30.755264539854494,35.77763226992725,34.7731587239127,36.7821058159418,33.76868517789814,37.78657936195635
81,167,1.3853463880203776,0.0,73.0,58.4,98.61465361197962,100.0,31-75,78.78439608359389,82.80586144479184,78.8536634029949,74.6936634029949,82.87512876419287,74.6936634029949,ATENCAO,41.6,25.3063365970051,33.45316829850255,31.82380195820306,35.082534638802045,30.19443561790357,36.71190097910153
81,168,3.893981047570681,0.0,72.0,57.599999999999994,96.10601895242932,100.0,31-75,77.63180568572879,81.48240758097174,77.82650473810733,73.58650473810732,81.67710663335026,73.58650473810732,ATENCAO,42.400000000000006,26.413495261892677,34.40674763094634,32.808097157135606,36.00539810475708,31.20944668332487,37.604048578567806
81,169,4.128896552217565,0.0,71.0,56.8,95.87110344778245,100.0,31-75,77.16133103433472,81.06844137911298,77.3677758619456,73.04777586194561,81.27488620672385,73.04777586194561,ATENCAO,43.2,26.95222413805439,35.0761120690272,33.451334482832635,36.70088965522176,31.826556896638074,38.32566724141631
81,170,7.496413776820628,0.0,70.0,56.00000000000001,92.50358622317935,100.0,31-75,75.75107586695381,79.40143448927176,76.12589655579484,71.72589655579485,79.77625517811279,71.72589655579485,ATENCAO,43.99999999999999,28.274103444205153,36.13705172210257,34.56446206652309,37.70964137768206,32.9918724109436,39.28223103326154
81,171,11.385140694421548,0.0,69.0,55.2,88.61485930557845,100.0,31-75,74.18445779167354,77.52594372223139,74.75371482639461,70.27371482639461,78.09520075695247,70.27371482639461,ATENCAO,44.8,29.72628517360539,37.263142586802694,35.75577110416323,38.77051406944216,34.248399621523774,40.277885552081614
81,172,15.08811734909242,0.0,68.0,54.400000000000006,84.91188265090759,100.0,31-75,72.67356479527228,75.72475306036304,73.42797066272689,68.86797066272689,76.47915892781765,68.86797066272689,ATENCAO,45.599999999999994,31.13202933727311,38.36601466863655,36.919217602363865,39.81281173490924,35.47242053609117,41.259608801181926
81,173,2.070216640075507,0.0,67.0,53.6,97.9297833599245,100.0,31-75,76.17893500797734,80.6119133439698,76.28244583998112,71.64244583998112,80.71542417597357,71.64244583998112,ATENCAO,46.4,28.35755416001888,37.37877708000944,35.57453249601133,39.183021664007555,33.77028791201322,40.98726624800566
81,174,0.0,0.0,66.0,52.800000000000004,100.0,100.0,31-75,76.4,81.12,76.4,71.68,81.12,71.68,ATENCAO,47.199999999999996,28.319999999999993,37.75999999999999,35.87199999999999,39.647999999999996,33.983999999999995,41.53599999999999
81,175,0.0,0.0,65.0,52.0,100.0,100.0,31-75,76.0,80.8,76.0,71.2,80.8,71.2,ATENCAO,48.0,28.799999999999997,38.4,36.480000000000004,40.31999999999999,34.559999999999995,42.239999999999995
81,176,0.0,0.0,64.0,51.2,100.0,100.0,31-75,75.6,80.48,75.6,70.72,80.48,70.72,ATENCAO,48.8,29.28,39.04,37.088,40.992,35.135999999999996,42.943999999999996
81,177,0.0,0.0,63.0,50.4,100.0,100.0,31-75,75.2,80.16,75.2,70.24,80.16,70.24,ATENCAO,49.6,29.760000000000005,39.68000000000001,37.696000000000005,41.664,35.712,43.647999999999996
81,178,6.126069606713854,0.0,62.0,49.6,93.87393039328614,100.0,31-75,72.96217911798584,77.38957215731446,73.26848259832154,68.22848259832153,77.69587563765015,68.22848259832153,ATENCAO,50.4,31.771517401678466,41.085758700839236,39.22291044100708,42.948606960671384,37.360062181174925,44.81145522050353
81,179,19.6973531705432,0.0,61.0,48.8,80.3026468294568,100.0,31-75,68.49079404883705,71.64105873178272,69.4756617073642,64.35566170736419,72.62592639030987,64.35566170736419,ATENCAO,51.2,35.64433829263581,43.422169146317906,41.866602975581486,44.977735317054325,40.31103680484506,46.53330148779074
81,180,14.192187578253003,10.465434744251928,60.0,48.0,85.807812421747,89.53456525574808,31-75,67.64925677767371,71.43003801984841,67.83559441937376,63.68213789379896,71.61637566154847,63.68213789379896,ATENCAO,52.0,36.31786210620104,44.15893105310052,42.59071726372062,45.72714484248041,41.02250347434072,47.29535863186031
81,181,25.718541399861223,36.25870725474364,59.0,47.199999999999996,74.28145860013878,63.74129274525636,31-75,58.632696129092906,61.34084198910678,58.10568783634878,56.45155856182315,60.81383369636266,56.45155856182315,RISCO,52.800000000000004,43.54844143817685,48.174220719088424,47.24906486290611,49.09937657527074,46.323909006723795,50.02453243145305
81,182,23.549949560352243,61.33003038629007,58.0,46.400000000000006,76.45005043964775,38.66996961370993,31-75,53.86900905463632,56.87401409860109,51.98000501333942,52.75300805196843,54.985010057304194,52.75300805196843,RISCO,53.599999999999994,47.24699194803157,50.42349597401578,49.788195168818945,51.05879677921263,49.152894363622096,51.69409758440947
81,183,16.65357978407539,64.87402381708627,57.0,45.6,83.34642021592461,35.12597618291373,31-75,54.82912130136013,58.6037633229526,52.41809909970959,53.465501481418215,56.19274112130205,53.465501481418215,RISCO,54.4,46.534498518581785,50.467249259290895,49.68069911114907,51.253799407432716,48.89414896300725,52.04034955557454
81,184,8.799035565317526,43.97687372041566,56.0,44.800000000000004,91.20096443468248,56.02312627958434,31-75,60.96491458632161,65.60501102978986,59.20602267856671,58.08371005060828,63.84611912203495,58.08371005060828,RISCO,55.199999999999996,41.91628994939172,48.55814497469586,47.22977396963503,49.88651597975668,45.9014029645742,51.21488698481751
81,185,21.769537314607422,35.09057056159241,55.0,44.0,78.23046268539258,64.90942943840759,31-75,58.45102469329929,61.87407096183856,57.78497303095004,55.69403008710928,61.2080192994893,55.69403008710928,RISCO,56.0,44.30596991289072,50.15298495644536,48.983581947734436,51.32238796515629,47.8141789390235,52.49179097386721
81,186,4.588308733571322,12.493682374307475,54.0,43.2,95.41169126642868,87.50631762569253,31-75,67.72477090506712,72.94594003170998,67.3295022230303,62.89887046046105,72.55067134967317,62.89887046046105,ATENCAO,56.8,37.10112953953895,46.95056476976947,44.980677723723375,48.92045181581558,43.010790677677264,50.890338861861686
81,187,0.0,0.0,53.0,42.4,100.0,100.0,31-75,71.2,76.96000000000001,71.2,65.44,76.96000000000001,65.44,ATENCAO,57.6,34.56,46.08,43.776,48.384,41.472,50.688
81,188,0.0,0.0,52.0,41.6,100.0,100.0,31-75,70.8,76.64,70.8,64.96000000000001,76.64,64.96000000000001,ATENCAO,58.4,35.03999999999999,46.72,44.38399999999999,49.056,42.04799999999999,51.391999999999996
81,189,0.0,0.0,51.0,40.8,100.0,100.0,31-75,70.4,76.32,70.4,64.47999999999999,76.32,64.47999999999999,ATENCAO,59.2,35.52000000000001,47.36000000000001,44.992000000000004,49.72800000000001,42.62400000000001,52.096000000000004
81,190,0.0,0.0,50.0,40.0,100.0,100.0,31-75,70.0,76.0,70.0,64.0,76.0,64.0,ATENCAO,60.0,36.0,48.0,45.599999999999994,50.4,43.2,52.8
81,191,2.386001030256607,0.0,49.0,39.2,97.6139989697434,100.0,31-75,68.88419969092303,74.72559958789736,69.00349974243585,62.92349974243585,74.84489963941019,62.92349974243585,ATENCAO,60.8,37.07650025756415,48.93825012878207,46.56590015453849,51.310600103025656,44.193550180294906,53.68295007726924
81,192,21.56098189180872,0.0,48.0,38.4,78.43901810819128,100.0,31-75,62.73170543245738,66.73560724327652,63.809754527047815,57.64975452704782,67.81365633786695,57.64975452704782,RISCO,61.6,42.35024547295218,51.975122736476095,50.05014728377131,53.90009818918087,48.125171831066524,55.82507364188565
81,193,27.112517975831924,15.100453908989223,47.0,37.6,72.88748202416808,84.89954609101078,31-75,57.64615382545257,61.17490202786939,58.24675702879472,53.51680241969363,61.775505231211525,53.51680241969363,RISCO,62.4,46.48319758030637,54.44159879015318,52.84991854818382,56.03327903212255,51.25823830621445,57.62495927409191
81,194,27.681931516552044,41.68827885230754,46.0,36.8,72.31806848344796,58.31172114769246,31-75,51.75776477457288,55.30957162291767,51.0574474077851,48.90627529301586,54.60925425612989,48.90627529301586,RISCO,63.2,51.09372470698414,57.14686235349207,55.936234824190485,58.35748988279366,54.725607294888896,59.56811741209525
81,195,38.77655236064709,88.11500741034719,45.0,36.0,61.22344763935291,11.88499258965281,31-75,38.74403280973643,41.266377573671726,36.27711005725144,38.68861079828614,38.79945482118672,38.68861079828614,RISCO,64.0,61.31138920171386,62.65569460085693,62.386833521028315,62.92455568068554,62.1179724411997,63.193416760514154
81,196,39.242806089961405,100.0,44.0,35.199999999999996,60.7571939100386,0.0,31-75,35.827158173011576,38.38287756401544,32.78929847750965,36.30929847750964,35.34501786851351,36.30929847750964,RISCO,64.80000000000001,63.69070152249036,64.24535076124519,64.13442091349422,64.35628060899614,64.02349106574324,64.46721045674711
81,197,50.06414018009612,100.0,43.0,34.4,49.93585981990388,0.0,31-75,32.180757945971166,33.734343927961554,29.68396495497597,33.12396495497597,31.23755093696636,33.12396495497597,RISCO,65.6,66.87603504502403,66.23801752251201,66.36562102701441,66.1104140180096,66.49322453151682,65.9828105135072
81,198,50.08148425997649,100.0,42.0,33.6,49.91851574002351,0.0,31-75,31.77555472200705,33.407406296009405,29.27962893500588,32.639628935005874,30.91148050900823,32.639628935005874,RISCO,66.4,67.36037106499413,66.88018553249707,66.97622263899648,66.78414842599766,67.07225974549588,66.68811131949823
81,199,50.178005324451846,100.0,41.0,32.800000000000004,49.82199467554816,0.0,31-75,31.346598402664448,33.04879787021927,28.85549866888704,32.13549866888704,30.557698136441857,32.13549866888704,RISCO,67.19999999999999,67.86450133111296,67.53225066555648,67.59870079866778,67.46580053244517,67.66515093177907,67.39935039933388
81,200,50.0748450225132,98.75604900408187,40.0,32.0,49.9251549774868,1.2439509959181263,31-75,31.226336692429665,33.01885219017834,28.79227649335123,31.86788139375942,30.58479199109991,31.86788139375942,RISCO,68.0,68.13211860624058,68.06605930312028,68.07927116374435,68.05284744249623,68.0924830243684,68.03963558187218
81,201,50.04088941137721,72.27490826532588,39.0,31.2,49.95911058862279,27.725091734674123,31-75,36.13275152352166,38.00866258238395,35.02105058082423,35.368541407356815,36.89696163968651,35.368541407356815,RISCO,68.8,64.63145859264318,66.7157292963216,66.2988751555859,67.13258343705726,65.88202101485022,67.54943757779296
81,202,50.011835729324176,54.20893067466445,38.0,30.4,49.988164270675824,45.79106932533555,31-75,39.35466314626986,41.313479573337446,39.14480839900284,37.60570146646928,41.10362482607042,37.60570146646928,RISCO,69.6,62.39429853353072,65.99714926676536,65.27657912011843,66.71771941341228,64.5560089734715,67.4382895600592
81,203,50.08240679760165,41.526704780737305,37.0,29.599999999999998,49.91759320239835,58.473295219262695,31-75,41.469937004572046,43.50169632481188,41.89772210541526,39.01039258348899,43.9294814256551,39.01039258348899,RISCO,70.4,60.98960741651101,65.6948037082555,64.75376444990661,66.6358429666044,63.8127251915577,67.5768822249533
81,204,50.332546741264174,42.00184796739682,36.0,28.799999999999997,49.66745325873583,57.99815203260318,31-75,40.89986638414138,42.98661171001497,41.31640132283475,38.39658611957443,43.40314664870833,38.39658611957443,RISCO,71.2,61.60341388042557,66.40170694021279,65.44204832825534,67.36136555217023,64.48238971629789,68.32102416412766
81,205,50.33894410197488,45.03083541771985,35.0,28.000000000000004,49.66105589802512,54.96916458228015,31-75,39.892149685863565,42.058255275666085,40.15755512007632,37.4606386618483,42.32366070987883,37.4606386618483,RISCO,72.0,62.5393613381517,67.26968066907585,66.32361680289102,68.21574453526068,65.37755293670618,69.16180840144551
81,206,50.11662983022979,24.57474085835233,34.0,27.200000000000003,49.88337016977021,75.42525914164767,31-75,43.6500628792606,45.91839989623762,44.92715732785448,40.1046314136897,47.19549434483149,40.1046314136897,RISCO,72.8,59.8953685863103,66.34768429315514,65.05722115178618,67.63814743452411,63.766758010417206,68.92861057589309
81,207,50.33348763917088,33.2323929207992,33.0,26.400000000000002,49.66651236082912,66.7676070792008,31-75,41.4534751240889,43.78012636017181,42.30852986000748,38.2717691520874,44.63518109609039,38.2717691520874,RISCO,73.6,61.7282308479126,67.6641154239563,66.47693850874757,68.85129233916504,65.28976159353881,70.03846925437378
81,208,50.34579222090219,39.95927728589591,32.0,25.6,49.65420777909781,60.04072271410409,31-75,39.704406876550166,42.10982765445995,40.22373262330048,36.77966035189007,42.62915340121026,36.77966035189007,RISCO,74.4,63.22033964810993,68.81016982405497,67.69220378886595,69.92813585924398,66.57423775367695,71.04610189443298
81,209,50.31335465913208,48.6495656298121,31.0,24.8,49.68664534086792,51.3504343701879,31-75,37.57608047629796,40.06474501038476,37.65926992776396,35.00422649074516,40.147934461850745,35.00422649074516,RISCO,75.2,64.99577350925483,70.09788675462741,69.0774641055529,71.11830940370193,68.05704145647837,72.13873205277645
81,210,50.46818505081056,57.24225706510274,30.0,24.0,49.53181494918944,42.75774293489726,0-30,35.41109307173628,37.96427456665523,35.07238947102167,33.196615177531946,37.62557096594062,33.196615177531946,RISCO,76.0,66.80338482246805,71.40169241123402,70.48203089348083,72.32135392898722,69.56236937572763,73.2410154467404
81,211,50.78833727157293,79.84688949142375,29.0,23.200000000000003,49.21166272842707,20.153110508576248,0-30,30.39412092024337,32.995287193086085,28.94119330925083,29.245882258393205,31.54235958209353,29.245882258393205,CRITICO,76.8,70.75411774160679,73.77705887080339,73.17247064496408,74.38164709664272,72.56788241912474,74.98623532248203
81,212,50.63986592349583,76.8017550318077,28.0,22.400000000000002,49.36013407650417,23.1982449681923,0-30,30.64768921658971,33.34370262424013,29.33959476117412,29.259770264354888,32.03560816882453,29.259770264354888,CRITICO,77.6,70.74022973564512,74.17011486782255,73.48413784138707,74.85609189425804,72.79816081495157,75.54206892069352
81,213,50.921574375601736,90.4910352794296,27.0,21.6,49.07842562439826,9.508964720570404,0-30,27.42532063143356,30.17316319387339,25.446847586242168,26.65595111418513,28.194690148682,26.65595111418513,CRITICO,78.4,73.34404888581487,75.87202444290745,75.36642933148893,76.37761955432595,74.8608342200704,76.88321466574446
81,214,51.24030487195361,100.0,26.0,20.8,48.75969512804639,0.0,0-30,25.02790853841392,27.82387805121856,22.5899237820116,24.6699237820116,25.385893294816235,24.6699237820116,CRITICO,79.2,75.33007621798839,77.26503810899419,76.87804573079303,77.65203048719536,76.49105335259188,78.03902286539652
81,215,51.267098376738666,100.0,25.0,20.0,48.73290162326133,0.0,0-30,24.6198704869784,27.49316064930453,22.18322540581533,24.18322540581533,25.056515568141467,24.18322540581533,CRITICO,80.0,75.81677459418466,77.90838729709233,77.4900647565108,78.32670983767386,77.07174221592926,78.7450323782554
81,216,51.50252934005987,100.0,24.0,19.2,48.49747065994013,0.0,0-30,24.14924119798204,27.07898826397605,21.72436766498503,23.64436766498504,24.65411473097904,23.64436766498504,CRITICO,80.8,76.35563233501496,78.57781616750748,78.13337940100897,79.02225293400599,77.68894263451047,79.46668970050447
81,217,51.83085374874949,100.0,23.0,18.4,48.16914625125051,0.0,0-30,23.650743875375152,26.627658500500203,21.242286562812627,23.082286562812627,24.21920118793768,23.082286562812627,CRITICO,81.6,76.91771343718737,79.25885671859368,78.79062806231242,79.72708537487495,78.32239940603115,80.1953140311562
81,218,52.07313549190839,100.0,22.0,17.599999999999998,47.92686450809161,0.0,0-30,23.17805935242748,26.210745803236644,20.781716127022904,22.5417161270229,23.814402577832062,22.5417161270229,CRITICO,82.4,77.45828387297709,79.92914193648855,79.43497032378625,80.42331354919085,78.94079871108396,80.91748516189313
81,219,52.46078915474581,100.0,21.0,16.8,47.53921084525419,0.0,0-30,22.661763253576257,25.73568433810168,20.284802711313542,21.964802711313546,23.35872379583897,21.964802711313546,CRITICO,83.2,78.03519728868645,80.61759864434322,80.10111837321188,81.13407891547459,79.5846381020805,81.65055918660593
81,220,52.65987687205634,100.0,20.0,16.0,47.34012312794366,0.0,0-30,22.2020369383831,25.336049251177464,19.83503078198592,21.435030781985915,22.96904309478028,21.435030781985915,CRITICO,84.0,78.56496921801408,81.28248460900704,80.73898153080845,81.82598768720564,80.19547845260986,82.36949076540422
81,221,52.42546344086049,100.0,19.0,15.2,47.57453655913951,0.0,0-30,21.87236096774185,25.109814623655808,19.49363413978488,21.01363413978488,22.731087795698823,21.01363413978488,CRITICO,84.8,78.98636586021512,81.89318293010756,81.31181951612908,82.47454634408604,80.73045610215058,83.05590975806453
81,222,52.40960601160364,100.0,18.0,14.399999999999999,47.59039398839636,0.0,0-30,21.47711819651891,24.796157595358544,19.09759849709909,20.53759849709909,22.416637895938727,20.53759849709909,CRITICO,85.6,79.46240150290092,82.53120075145046,81.91744090174055,83.14496060116036,81.30368105203064,83.75872045087027
81,223,52.722008597005455,100.0,17.0,13.600000000000001,47.27799140299455,0.0,0-30,20.983397420898363,24.35119656119782,18.61949785074864,19.97949785074864,21.98729699104809,19.97949785074864,CRITICO,86.4,80.02050214925136,83.21025107462569,82.57230128955081,83.84820085970054,81.93435150447596,84.4861506447754
81,224,53.0033876284076,100.0,16.0,12.8,46.9966123715924,0.0,0-30,20.49898371147772,23.91864494863696,18.1491530928981,19.429153092898098,21.56881433005734,19.429153092898098,CRITICO,87.2,80.5708469071019,83.88542345355094,83.22250814426114,84.54833876284076,82.55959283497133,85.21125407213057
81,225,52.98111793734198,100.0,15.0,12.0,47.01888206265802,0.0,0-30,20.105664618797405,23.60755282506321,17.754720515664506,18.954720515664505,21.25660872193031,18.954720515664505,CRITICO,88.0,81.0452794843355,84.52263974216774,83.8271676906013,85.2181117937342,83.13169563903483,85.91358384530065
81,226,53.30836041987531,100.0,14.0,11.200000000000001,46.69163958012469,0.0,0-30,19.607491874037407,23.15665583204988,17.272909895031173,18.39290989503117,20.82207385304364,18.39290989503117,CRITICO,88.8,81.60709010496883,85.20354505248442,84.48425406298131,85.92283604198752,83.76496307347817,86.64212703149065
81,227,53.75096401057417,100.0,13.0,10.4,46.24903598942583,0.0,0-30,19.07471079682775,22.659614395770333,16.762258997356458,17.802258997356457,20.34716259629904,17.802258997356457,CRITICO,89.6,82.19774100264354,85.89887050132177,85.15864460158612,86.63909640105742,84.41841870185047,87.37932230079305
81,228,53.90302226582955,100.0,12.0,9.6,46.09697773417045,0.0,0-30,18.629093320251133,22.278791093668183,16.324244433542614,17.28424443354261,19.973942206959656,17.28424443354261,CRITICO,90.4,82.71575556645739,86.55787778322869,85.78945333987443,87.32630222658295,85.02102889652016,88.09472666993722
81,229,53.90198238205709,100.0,11.0,8.799999999999999,46.09801761794291,0.0,0-30,18.22940528538287,21.959207047177163,15.924504404485727,16.804504404485726,19.654306166280016,16.804504404485726,CRITICO,91.2,83.19549559551427,87.19774779775713,86.39729735730856,87.9981982382057,85.59684691685999,88.79864867865427
81,230,54.21725449320154,100.0,10.0,8.0,45.78274550679846,0.0,0-30,17.734823652039537,21.513098202719384,15.445686376699616,16.245686376699616,19.223960927379466,16.245686376699616,CRITICO,92.0,83.75431362330039,87.8771568116502,87.05258817398024,88.70172544932015,86.22801953631027,89.5262940869901
81,231,54.26546912473534,100.0,9.0,7.199999999999999,45.73453087526466,0.0,0-30,17.320359262579398,21.173812350105862,15.033632718816165,15.753632718816164,18.88708580634263,15.753632718816164,CRITICO,92.8,84.24636728118384,88.52318364059192,87.6678203687103,89.37854691247354,86.81245709682868,90.23391018435514
81,232,54.87741624445079,100.0,8.0,6.4,45.12258375554921,0.0,0-30,16.736775126664764,20.60903350221968,14.480645938887305,15.120645938887302,18.35290431444222,15.120645938887302,CRITICO,93.6,84.87935406111269,89.23967703055635,88.36761243666761,90.11174162444507,87.49554784277888,90.9838062183338
81,233,54.986693447147175,100.0,7.0,5.6000000000000005,45.013306552852825,0.0,0-30,16.303991965855847,20.245322621141128,14.053326638213209,14.613326638213206,17.994657293498488,14.613326638213206,CRITICO,94.4,85.38667336178679,89.8933366808934,88.99200401707208,90.79466934471472,88.09067135325074,91.69600200853603
81,234,55.20482370342704,100.0,6.0,4.8,44.79517629657296,0.0,0-30,15.838552888971888,19.838070518629188,13.59879407414324,14.07879407414324,17.598311703800533,14.07879407414324,CRITICO,95.2,85.92120592585675,90.56060296292839,89.63272355551405,91.4884823703427,88.70484414809972,92.41636177775703
81,235,55.96410809122004,100.0,5.0,4.0,44.03589190877996,0.0,0-30,15.210767572633989,19.214356763511987,13.00897297719499,13.40897297719499,17.012562168072986,13.40897297719499,CRITICO,96.0,86.59102702280501,91.2955135114025,90.35461621368302,92.23641080912199,89.4137189159635,93.1773081068415
81,236,56.33019826860394,100.0,4.0,3.2,43.66980173139606,0.0,0-30,14.700940519418818,18.747920692558427,12.517450432849015,12.837450432849016,16.564430605988623,12.837450432849016,CRITICO,96.8,87.16254956715099,91.98127478357549,91.0175297402906,92.9450198268604,90.05378469700568,93.90876487014529
81,237,56.71032900564431,100.0,3.0,2.4,43.28967099435569,0.0,0-30,14.186901298306706,18.27586839774228,12.02241774858892,12.262417748588922,16.11138484802449,12.262417748588922,CRITICO,97.6,87.73758225141108,92.66879112570554,91.68254935084664,93.65503290056444,90.69630757598775,94.64127467542332
81,238,57.23193875049243,100.0,2.0,1.6,42.76806124950757,0.0,0-30,13.63041837485227,17.74722449980303,11.492015312376893,11.652015312376893,15.608821437327649,11.652015312376893,CRITICO,98.4,88.34798468762311,93.37399234381155,92.36879081257388,94.37919387504925,91.36358928133617,95.38439540628693
81,239,58.508456749939626,100.0,1.0,0.8,41.49154325006037,0.0,0-30,12.847462975018113,16.91661730002415,10.772885812515094,10.852885812515094,14.84204013752113,10.852885812515094,CRITICO,99.2,89.1471141874849,94.17355709374246,93.16826851249095,95.17884567499397,92.16297993123942,96.18413425624547
81,240,58.97111455773036,100.0,0.0,0.0,41.02888544226964,0.0,0-30,12.308665632680892,16.411554176907856,10.25722136056741,10.25722136056741,14.360109904794372,10.25722136056741,CRITICO,100.0,89.74277863943259,94.87138931971629,93.84566718365954,95.89711145577303,92.8199450476028,96.92283359182977
84,39,0.0,21.485668943729564,228.0,100.0,100.0,78.51433105627044,RUL > 125,95.70286621125408,95.70286621125408,94.6285827640676,96.77714965844056,94.6285827640676,96.77714965844056,SAUDAVEL,0.0,3.222850341559436,1.611425170779718,1.9337102049356616,1.2891401366237745,2.255995239091605,0.9668551024678308
84,40,0.0,49.73596431627968,227.0,100.0,100.0,50.26403568372032,RUL > 125,90.05280713674406,90.05280713674406,87.56600892093007,92.53960535255806,87.56600892093007,92.53960535255806,SAUDAVEL,0.0,7.4603946474419445,3.7301973237209722,4.476236788465166,2.984157858976778,5.222276253209361,2.238118394232583
84,41,0.0,54.73103102801949,226.0,100.0,100.0,45.26896897198051,RUL > 125,89.0537937943961,89.0537937943961,86.31724224299512,91.79034534579708,86.31724224299512,91.79034534579708,SAUDAVEL,0.0,8.209654654202922,4.104827327101461,4.925792792521753,3.283861861681169,5.746758257942044,2.4628963962608763
84,42,0.0,37.26399830475867,225.0,100.0,100.0,62.73600169524133,RUL > 125,92.54720033904826,92.54720033904826,90.68400042381032,94.4104002542862,90.68400042381032,94.4104002542862,SAUDAVEL,0.0,5.589599745713798,2.794799872856899,3.353759847428279,2.235839898285519,3.912719821999658,1.6768799237141394
84,43,0.0,30.934465973800457,224.0,100.0,100.0,69.06553402619954,RUL > 125,93.81310680523993,93.81310680523993,92.26638350654989,95.35983010392994,92.26638350654989,95.35983010392994,SAUDAVEL,0.0,4.640169896070063,2.3200849480350314,2.7841019376420375,1.8560679584280253,3.2481189272490436,1.3920509688210188
84,44,0.0,33.497724632742475,223.0,100.0,100.0,66.50227536725752,RUL > 125,93.3004550734515,93.3004550734515,91.62556884181438,94.97534130508863,91.62556884181438,94.97534130508863,SAUDAVEL,0.0,5.024658694911366,2.512329347455683,3.0147952169468195,2.009863477964547,3.5172610864379563,1.5073976084734098
84,45,0.0,15.156225427821346,222.0,100.0,100.0,84.84377457217866,RUL > 125,96.96875491443572,96.96875491443572,96.21094364304466,97.7265661858268,96.21094364304466,97.7265661858268,SAUDAVEL,0.0,2.2734338141732024,1.1367169070866012,1.3640602885039215,0.909373525669281,1.5914036699212417,0.6820301442519607
84,46,0.0,11.949919813685057,221.0,100.0,100.0,88.05008018631494,RUL > 125,97.610016037263,97.610016037263,97.01252004657874,98.20751202794725,97.01252004657874,98.20751202794725,SAUDAVEL,0.0,1.7924879720527542,0.8962439860263771,1.0754927832316525,0.7169951888211017,1.254741580436928,0.5377463916158263
84,47,0.0,5.163730823749575,220.0,100.0,100.0,94.83626917625044,RUL > 125,98.96725383525008,98.96725383525008,98.7090672940626,99.22544037643756,98.7090672940626,99.22544037643756,SAUDAVEL,0.0,0.774559623562439,0.3872798117812195,0.46473577413746336,0.30982384942497565,0.5421917364937072,0.23236788706873168
84,48,0.0,0.0,219.0,100.0,100.0,100.0,RUL > 125,100.0,100.0,100.0,100.0,100.0,100.0,SAUDAVEL,0.0,0.0,0.0,0.0,0.0,0.0,0.0
84,49,0.0,0.0,218.0,100.0,100.0,100.0,RUL > 125,100.0,100.0,100.0,100.0,100.0,100.0,SAUDAVEL,0.0,0.0,0.0,0.0,0.0,0.0,0.0
84,50,0.0,0.0,217.0,100.0,100.0,100.0,RUL > 125,100.0,100.0,100.0,100.0,100.0,100.0,SAUDAVEL,0.0,0.0,0.0,0.0,0.0,0.0,0.0
84,51,0.0,0.0,216.0,100.0,100.0,100.0,RUL > 125,100.0,100.0,100.0,100.0,100.0,100.0,SAUDAVEL,0.0,0.0,0.0,0.0,0.0,0.0,0.0
84,52,0.0,0.0,215.0,100.0,100.0,100.0,RUL > 125,100.0,100.0,100.0,100.0,100.0,100.0,SAUDAVEL,0.0,0.0,0.0,0.0,0.0,0.0,0.0
84,53,0.0,0.0,214.0,100.0,100.0,100.0,RUL > 125,100.0,100.0,100.0,100.0,100.0,100.0,SAUDAVEL,0.0,0.0,0.0,0.0,0.0,0.0,0.0
84,54,5.050090862911423,32.10508948834653,213.0,100.0,94.94990913708858,67.89491051165348,RUL > 125,92.06395484345728,91.55894575716614,90.71120491218552,93.92171386102017,90.20619582589438,93.92171386102017,SAUDAVEL,0.0,6.078286138979834,3.039143069489917,3.6469716833879002,2.431314455591934,4.254800297285883,1.8234858416939501
84,55,14.248216725930265,58.712990965362685,212.0,100.0,85.75178327406974,41.28700903463732,RUL > 125,83.98293678914838,82.55811511655536,81.75969807717676,87.63099717371303,80.33487640458374,87.63099717371303,SAUDAVEL,0.0,12.369002826286973,6.184501413143487,7.421401695772183,4.94760113051479,8.65830197840088,3.7107008478860917
84,56,4.240597119574174,72.90679701752622,211.0,100.0,95.75940288042582,27.093202982473784,RUL > 125,84.1464614606225,83.72240174866508,80.71315146572489,88.00383116747751,80.28909175376748,88.00383116747751,SAUDAVEL,0.0,11.996168832522486,5.998084416261243,7.197701299513491,4.798467533008995,8.397318182765739,3.5988506497567454
84,57,0.0,71.69299205899645,210.0,100.0,100.0,28.307007941003548,RUL > 125,85.6614015882007,85.6614015882007,82.0767519852509,89.24605119115053,82.0767519852509,89.24605119115053,SAUDAVEL,0.0,10.753948808849472,5.376974404424736,6.4523692853096835,4.301579523539789,7.52776416619463,3.2261846426548417
84,58,0.0,44.61613412177967,209.0,100.0,100.0,55.38386587822033,RUL > 125,91.07677317564406,91.07677317564406,88.84596646955508,93.30757988173303,88.84596646955508,93.30757988173303,SAUDAVEL,0.0,6.692420118266966,3.346210059133483,4.01545207096018,2.6769680473067865,4.684694082786876,2.00772603548009
84,59,0.0,22.964309549641733,208.0,100.0,100.0,77.03569045035826,RUL > 125,95.40713809007164,95.40713809007164,94.25892261258956,96.55535356755374,94.25892261258956,96.55535356755374,SAUDAVEL,0.0,3.4446464324462625,1.7223232162231312,2.0667878594677576,1.3778585729785051,2.4112525027123834,1.0333939297338788
84,60,0.0,0.0,207.0,100.0,100.0,100.0,RUL > 125,100.0,100.0,100.0,100.0,100.0,100.0,SAUDAVEL,0.0,0.0,0.0,0.0,0.0,0.0,0.0
84,61,0.0,0.0,206.0,100.0,100.0,100.0,RUL > 125,100.0,100.0,100.0,100.0,100.0,100.0,SAUDAVEL,0.0,0.0,0.0,0.0,0.0,0.0,0.0
84,62,0.0,0.0,205.0,100.0,100.0,100.0,RUL > 125,100.0,100.0,100.0,100.0,100.0,100.0,SAUDAVEL,0.0,0.0,0.0,0.0,0.0,0.0,0.0
84,63,0.0,0.0,204.0,100.0,100.0,100.0,RUL > 125,100.0,100.0,100.0,100.0,100.0,100.0,SAUDAVEL,0.0,0.0,0.0,0.0,0.0,0.0,0.0
84,64,0.0,0.0,203.0,100.0,100.0,100.0,RUL > 125,100.0,100.0,100.0,100.0,100.0,100.0,SAUDAVEL,0.0,0.0,0.0,0.0,0.0,0.0,0.0
84,65,0.0,0.0,202.0,100.0,100.0,100.0,RUL > 125,100.0,100.0,100.0,100.0,100.0,100.0,SAUDAVEL,0.0,0.0,0.0,0.0,0.0,0.0,0.0
84,66,0.0,0.0,201.0,100.0,100.0,100.0,RUL > 125,100.0,100.0,100.0,100.0,100.0,100.0,SAUDAVEL,0.0,0.0,0.0,0.0,0.0,0.0,0.0
84,67,0.0,0.0,200.0,100.0,100.0,100.0,RUL > 125,100.0,100.0,100.0,100.0,100.0,100.0,SAUDAVEL,0.0,0.0,0.0,0.0,0.0,0.0,0.0
84,68,0.0,0.0,199.0,100.0,100.0,100.0,RUL > 125,100.0,100.0,100.0,100.0,100.0,100.0,SAUDAVEL,0.0,0.0,0.0,0.0,0.0,0.0,0.0
84,69,0.0,0.0,198.0,100.0,100.0,100.0,RUL > 125,100.0,100.0,100.0,100.0,100.0,100.0,SAUDAVEL,0.0,0.0,0.0,0.0,0.0,0.0,0.0
84,70,0.0,0.0,197.0,100.0,100.0,100.0,RUL > 125,100.0,100.0,100.0,100.0,100.0,100.0,SAUDAVEL,0.0,0.0,0.0,0.0,0.0,0.0,0.0
84,71,0.0,0.0,196.0,100.0,100.0,100.0,RUL > 125,100.0,100.0,100.0,100.0,100.0,100.0,SAUDAVEL,0.0,0.0,0.0,0.0,0.0,0.0,0.0
84,72,0.0,0.0,195.0,100.0,100.0,100.0,RUL > 125,100.0,100.0,100.0,100.0,100.0,100.0,SAUDAVEL,0.0,0.0,0.0,0.0,0.0,0.0,0.0
84,73,0.0,0.0,194.0,100.0,100.0,100.0,RUL > 125,100.0,100.0,100.0,100.0,100.0,100.0,SAUDAVEL,0.0,0.0,0.0,0.0,0.0,0.0,0.0
84,74,0.0,0.0,193.0,100.0,100.0,100.0,RUL > 125,100.0,100.0,100.0,100.0,100.0,100.0,SAUDAVEL,0.0,0.0,0.0,0.0,0.0,0.0,0.0
84,75,0.0,0.0,192.0,100.0,100.0,100.0,RUL > 125,100.0,100.0,100.0,100.0,100.0,100.0,SAUDAVEL,0.0,0.0,0.0,0.0,0.0,0.0,0.0
84,76,0.0,0.0,191.0,100.0,100.0,100.0,RUL > 125,100.0,100.0,100.0,100.0,100.0,100.0,SAUDAVEL,0.0,0.0,0.0,0.0,0.0,0.0,0.0
84,77,0.0,0.0,190.0,100.0,100.0,100.0,RUL > 125,100.0,100.0,100.0,100.0,100.0,100.0,SAUDAVEL,0.0,0.0,0.0,0.0,0.0,0.0,0.0
84,78,0.0,1.5606515564083936,189.0,100.0,100.0,98.4393484435916,RUL > 125,99.68786968871832,99.68786968871832,99.6098371108979,99.76590226653876,99.6098371108979,99.76590226653876,SAUDAVEL,0.0,0.2340977334612404,0.1170488667306202,0.14045864007674425,0.09363909338449616,0.1638684134228683,0.07022932003837212
84,79,0.0,17.738990904408062,188.0,100.0,100.0,82.26100909559193,RUL > 125,96.4522018191184,96.4522018191184,95.56525227389798,97.3391513643388,95.56525227389798,97.3391513643388,SAUDAVEL,0.0,2.6608486356611962,1.3304243178305981,1.5965091813967176,1.0643394542644786,1.8625940449628373,0.7982545906983588
84,80,0.0,37.458882352446224,187.0,100.0,100.0,62.541117647553776,RUL > 125,92.50822352951076,92.50822352951076,90.63527941188843,94.38116764713308,90.63527941188843,94.38116764713308,SAUDAVEL,0.0,5.618832352866917,2.8094161764334586,3.3712994117201505,2.247532941146767,3.933182647006842,1.6856497058600752
84,81,0.0,56.284297937969775,186.0,100.0,100.0,43.71570206203023,RUL > 125,88.74314041240605,88.74314041240605,85.92892551550756,91.55735530930454,85.92892551550756,91.55735530930454,SAUDAVEL,0.0,8.44264469069546,4.22132234534773,5.0655868144172755,3.377057876278184,5.909851283486821,2.5327934072086378
84,82,0.0,69.58232839523173,185.0,100.0,100.0,30.41767160476828,RUL > 125,86.08353432095366,86.08353432095366,82.60441790119206,89.56265074071524,82.60441790119206,89.56265074071524,SAUDAVEL,0.0,10.437349259284758,5.218674629642379,6.262409555570855,4.174939703713903,7.30614448149933,3.1312047777854275
84,83,0.0,71.7611911861364,184.0,100.0,100.0,28.2388088138636,RUL > 125,85.64776176277272,85.64776176277272,82.0597022034659,89.23582132207954,82.0597022034659,89.23582132207954,SAUDAVEL,0.0,10.764178677920455,5.382089338960228,6.458507206752273,4.305671471168182,7.534925074544318,3.2292536033761365
84,84,0.0,68.03967596684207,183.0,100.0,100.0,31.96032403315793,RUL > 125,86.39206480663158,86.39206480663158,82.99008100828948,89.7940486049737,82.99008100828948,89.7940486049737,SAUDAVEL,0.0,10.205951395026304,5.102975697513152,6.123570837015782,4.082380558010522,7.144165976518412,3.061785418507891
84,85,0.0,42.9417993016283,182.0,100.0,100.0,57.0582006983717,RUL > 125,91.41164013967436,91.41164013967436,89.26455017459293,93.55873010475575,89.26455017459293,93.55873010475575,SAUDAVEL,0.0,6.441269895244247,3.2206349476221234,3.864761937146548,2.576507958097699,4.508888926670973,1.932380968573274
84,86,0.0,0.0,181.0,100.0,100.0,100.0,RUL > 125,100.0,100.0,100.0,100.0,100.0,100.0,SAUDAVEL,0.0,0.0,0.0,0.0,0.0,0.0,0.0
84,87,0.0,0.0,180.0,100.0,100.0,100.0,RUL > 125,100.0,100.0,100.0,100.0,100.0,100.0,SAUDAVEL,0.0,0.0,0.0,0.0,0.0,0.0,0.0
84,88,0.0,0.0,179.0,100.0,100.0,100.0,RUL > 125,100.0,100.0,100.0,100.0,100.0,100.0,SAUDAVEL,0.0,0.0,0.0,0.0,0.0,0.0,0.0
84,89,0.0,0.0,178.0,100.0,100.0,100.0,RUL > 125,100.0,100.0,100.0,100.0,100.0,100.0,SAUDAVEL,0.0,0.0,0.0,0.0,0.0,0.0,0.0
84,90,0.0,0.0,177.0,100.0,100.0,100.0,RUL > 125,100.0,100.0,100.0,100.0,100.0,100.0,SAUDAVEL,0.0,0.0,0.0,0.0,0.0,0.0,0.0
84,91,0.0,0.0,176.0,100.0,100.0,100.0,RUL > 125,100.0,100.0,100.0,100.0,100.0,100.0,SAUDAVEL,0.0,0.0,0.0,0.0,0.0,0.0,0.0
84,92,0.0,2.316894375682372,175.0,100.0,100.0,97.68310562431763,RUL > 125,99.53662112486352,99.53662112486352,99.4207764060794,99.65246584364763,99.4207764060794,99.65246584364763,SAUDAVEL,0.0,0.34753415635236706,0.17376707817618353,0.20852049381142024,0.13901366254094683,0.24327390944665692,0.10426024690571012
84,93,0.0,32.88711250049033,174.0,100.0,100.0,67.11288749950967,RUL > 125,93.42257749990192,93.42257749990192,91.77822187487742,95.06693312492644,91.77822187487742,95.06693312492644,SAUDAVEL,0.0,4.933066875073564,2.466533437536782,2.9598401250441384,1.9732267500294256,3.453146812551495,1.4799200625220692
84,94,0.0,60.67058947263415,173.0,100.0,100.0,39.32941052736585,RUL > 125,87.86588210547318,87.86588210547318,84.83235263184146,90.89941157910488,84.83235263184146,90.89941157910488,SAUDAVEL,0.0,9.100588420895122,4.550294210447561,5.460353052537073,3.6402353683580486,6.370411894626585,2.7301765262685365
84,95,0.0,67.69993890537424,172.0,100.0,100.0,32.30006109462576,RUL > 125,86.46001221892516,86.46001221892516,83.07501527365645,89.84500916419387,83.07501527365645,89.84500916419387,SAUDAVEL,0.0,10.154990835806132,5.077495417903066,6.092994501483679,4.061996334322453,7.108493585064291,3.0464972507418393
84,96,0.0,62.9956310044696,171.0,100.0,100.0,37.0043689955304,RUL > 125,87.40087379910608,87.40087379910608,84.2510922488826,90.55065534932956,84.2510922488826,90.55065534932956,SAUDAVEL,0.0,9.44934465067044,4.72467232533522,5.669606790402264,3.779737860268176,6.614541255469308,2.834803395201132
84,97,0.0,41.49435010796188,170.0,100.0,100.0,58.50564989203812,RUL > 125,91.70112997840762,91.70112997840762,89.62641247300954,93.77584748380572,89.62641247300954,93.77584748380572,SAUDAVEL,0.0,6.22415251619428,3.11207625809714,3.734491509716568,2.4896610064777125,4.3569067613359955,1.867245754858284
84,98,0.0,25.143542764355487,169.0,100.0,100.0,74.85645723564451,RUL > 125,94.9712914471289,94.9712914471289,93.71411430891112,96.22846858534668,93.71411430891112,96.22846858534668,SAUDAVEL,0.0,3.7715314146533245,1.8857657073266623,2.2629188487919945,1.5086125658613299,2.640071990257327,1.1314594243959972
84,99,0.0,3.8701461220876094,168.0,100.0,100.0,96.1298538779124,RUL > 125,99.22597077558248,99.22597077558248,99.0324634694781,99.41947808168686,99.0324634694781,99.41947808168686,SAUDAVEL,0.0,0.5805219183131385,0.29026095915656924,0.34831315098788307,0.23220876732525542,0.4063653428191969,0.17415657549394153
84,100,0.0,9.59962231439569,167.0,100.0,100.0,90.40037768560433,RUL > 125,98.08007553712086,98.08007553712086,97.60009442140108,98.56005665284064,97.60009442140108,98.56005665284064,SAUDAVEL,0.0,1.4399433471593568,0.7199716735796784,0.8639660082956141,0.5759773388637427,1.0079603430115498,0.43198300414780705
84,101,0.0,6.354131933531791,166.0,100.0,100.0,93.6458680664682,RUL > 125,98.72917361329364,98.72917361329364,98.41146701661704,99.04688020997024,98.41146701661704,99.04688020997024,SAUDAVEL,0.0,0.9531197900297599,0.47655989501487994,0.5718718740178559,0.381247916011904,0.6671838530208318,0.28593593700892794
84,102,0.0,0.0,165.0,100.0,100.0,100.0,RUL > 125,100.0,100.0,100.0,100.0,100.0,100.0,SAUDAVEL,0.0,0.0,0.0,0.0,0.0,0.0,0.0
84,103,0.0,0.0,164.0,100.0,100.0,100.0,RUL > 125,100.0,100.0,100.0,100.0,100.0,100.0,SAUDAVEL,0.0,0.0,0.0,0.0,0.0,0.0,0.0
84,104,0.0,0.0,163.0,100.0,100.0,100.0,RUL > 125,100.0,100.0,100.0,100.0,100.0,100.0,SAUDAVEL,0.0,0.0,0.0,0.0,0.0,0.0,0.0
84,105,0.0,0.0,162.0,100.0,100.0,100.0,RUL > 125,100.0,100.0,100.0,100.0,100.0,100.0,SAUDAVEL,0.0,0.0,0.0,0.0,0.0,0.0,0.0
84,106,0.0,14.79209672096907,161.0,100.0,100.0,85.20790327903093,RUL > 125,97.0415806558062,97.0415806558062,96.30197581975771,97.78118549185464,96.30197581975771,97.78118549185464,SAUDAVEL,0.0,2.218814508145357,1.1094072540726785,1.3312887048872142,0.8875258032581428,1.5531701557017499,0.6656443524436071
84,107,2.0217892123544963,30.905635742147368,160.0,100.0,97.97821078764552,69.09436425785263,RUL > 125,93.2123360878642,93.01015716662872,91.76814376137452,94.85870733558926,91.56596484013907,94.85870733558926,SAUDAVEL,0.0,5.1412926644107415,2.5706463322053708,3.084775598646445,2.0565170657642966,3.5989048650875186,1.5423877993232225
84,108,0.0,39.18825867504426,159.0,100.0,100.0,60.81174132495574,RUL > 125,92.16234826499117,92.16234826499117,90.20293533123892,94.12176119874336,90.20293533123892,94.12176119874336,SAUDAVEL,0.0,5.878238801256643,2.9391194006283214,3.5269432807539856,2.3512955205026573,4.11476716087965,1.7634716403769928
84,109,0.0,35.05364516308308,158.0,100.0,100.0,64.94635483691692,RUL > 125,92.9892709673834,92.9892709673834,91.23658870922924,94.74195322553754,91.23658870922924,94.74195322553754,SAUDAVEL,0.0,5.258046774462457,2.6290233872312285,3.1548280646774742,2.103218709784983,3.6806327421237195,1.5774140323387371
84,110,0.0,26.731415050417084,157.0,100.0,100.0,73.26858494958292,RUL > 125,94.6537169899166,94.6537169899166,93.31714623739572,95.99028774243745,93.31714623739572,95.99028774243745,SAUDAVEL,0.0,4.009712257562555,2.0048561287812774,2.4058273545375326,1.603884903025022,2.8067985802937883,1.2029136772687663
84,111,0.0,30.897644553886337,156.0,100.0,100.0,69.10235544611366,RUL > 125,93.82047108922274,93.82047108922274,92.27558886152842,95.36535331691704,92.27558886152842,95.36535331691704,SAUDAVEL,0.0,4.634646683082963,2.3173233415414813,2.7807880098497777,1.8538586732331852,3.2442526781580736,1.3903940049248888
84,112,0.0,25.664505851828626,155.0,100.0,100.0,74.33549414817138,RUL > 125,94.86709882963429,94.86709882963429,93.58387353704283,96.15032412222573,93.58387353704283,96.15032412222573,SAUDAVEL,0.0,3.849675877774274,1.924837938887137,2.3098055266645643,1.5398703511097098,2.6947731144419915,1.1549027633322821
84,113,0.0,1.512921048914032,154.0,100.0,100.0,98.48707895108596,RUL > 125,99.6974157902172,99.6974157902172,99.62176973777149,99.7730618426629,99.62176973777149,99.7730618426629,SAUDAVEL,0.0,0.2269381573371021,0.11346907866855105,0.13616289440226126,0.09077526293484084,0.15885671013597147,0.06808144720113063
84,114,0.0,0.0,153.0,100.0,100.0,100.0,RUL > 125,100.0,100.0,100.0,100.0,100.0,100.0,SAUDAVEL,0.0,0.0,0.0,0.0,0.0,0.0,0.0
84,115,0.0,0.0,152.0,100.0,100.0,100.0,RUL > 125,100.0,100.0,100.0,100.0,100.0,100.0,SAUDAVEL,0.0,0.0,0.0,0.0,0.0,0.0,0.0
84,116,8.722973649755652,0.0,151.0,100.0,91.27702635024434,100.0,RUL > 125,97.3831079050733,96.51081054009774,97.81925658756109,97.81925658756109,96.94695922258552,97.81925658756109,SAUDAVEL,0.0,2.1807434124389147,1.0903717062194573,1.3084460474633488,0.8722973649755659,1.5265203887072403,0.6542230237316744
84,117,6.609695501928116,16.058005786625824,150.0,100.0,93.39030449807188,83.94199421337417,RUL > 125,94.8054901920964,94.1445206419036,94.33307467786152,95.9388752565241,93.67210512766871,95.9388752565241,SAUDAVEL,0.0,4.061124743475901,2.0305623717379504,2.4366748460855403,1.6244498973903605,2.84278732043313,1.2183374230427702
84,118,1.9144260969728704,34.72695091661097,149.0,100.0,98.08557390302713,65.27304908338903,RUL > 125,92.48028198758595,92.28883937788866,90.83965574660404,94.31235083826512,90.64821313690676,94.31235083826512,SAUDAVEL,0.0,5.687649161734882,2.843824580867441,3.412589497040929,2.275059664693953,3.981354413214417,1.7062947485204645
84,119,2.488445385666516,41.27029356574663,148.0,100.0,97.51155461433348,58.72970643425337,RUL > 125,90.99940767115072,90.75056313258408,89.06031526214672,93.18734461872135,88.81147072358006,93.18734461872135,SAUDAVEL,0.0,6.8126553812786455,3.4063276906393227,4.0875932287671874,2.7250621525114584,4.768858766895051,2.0437966143835937
84,120,0.0,20.606293805902823,147.0,100.0,100.0,79.39370619409718,RUL > 125,95.87874123881944,95.87874123881944,94.84842654852427,96.90905592911456,94.84842654852427,96.90905592911456,SAUDAVEL,0.0,3.090944070885442,1.545472035442721,1.8545664425312651,1.2363776283541767,2.1636608496198093,0.9272832212656326
84,121,0.0,17.078700832228073,146.0,100.0,100.0,82.92129916777193,RUL > 125,96.58425983355438,96.58425983355438,95.730324791943,97.4381948751658,95.730324791943,97.4381948751658,SAUDAVEL,0.0,2.561805124834194,1.280902562417097,1.5370830749005164,1.0247220499336778,1.7932635873839358,0.7685415374502582
84,122,0.0,23.90330991297448,145.0,100.0,100.0,76.09669008702552,RUL > 125,95.21933801740512,95.21933801740512,94.02417252175638,96.41450351305384,94.02417252175638,96.41450351305384,SAUDAVEL,0.0,3.5854964869461554,1.7927482434730777,2.151297892167693,1.4341985947784623,2.5098475408623084,1.0756489460838465
84,123,12.535191491797274,32.79788586875343,144.0,100.0,87.46480850820272,67.20211413124656,RUL > 125,89.67986537871013,88.42634622953041,88.66673065986232,91.94651924673768,87.41321151068259,91.94651924673768,SAUDAVEL,0.0,8.05348075326232,4.02674037663116,4.832088451957392,3.2213923013049284,5.637436527283624,2.416044225978696
84,124,27.67965100056521,36.3081469103924,143.0,100.0,72.32034899943478,63.6918530896076,RUL > 125,84.43447531775196,81.66651021769543,84.0030505222606,87.63386521329983,81.23508542220408,87.63386521329983,SAUDAVEL,0.0,12.366134786700172,6.183067393350086,7.419680872020103,4.9464539146800695,8.65629435069012,3.7098404360100514
84,125,26.08503373375016,34.11050731816245,142.0,100.0,73.91496626624985,65.88949268183755,RUL > 125,85.35238841624246,82.74388504286745,84.95111473702185,88.3621654688381,82.34261136364684,88.3621654688381,SAUDAVEL,0.0,11.6378345311619,5.81891726558095,6.9827007186971395,4.6551338124647605,8.146484171813329,3.4913503593485697
84,126,26.235816084881726,55.13851014405651,141.0,100.0,73.76418391511828,44.86148985594349,RUL > 125,81.10155314572418,78.477971537236,79.65641844276544,85.17026945717109,77.03283683427726,85.17026945717109,SAUDAVEL,0.0,14.829730542828912,7.414865271414456,8.897838325697347,5.931892217131566,10.380811379980237,4.448919162848673
84,127,33.43965307538762,76.80236807230372,140.0,100.0,66.56034692461239,23.19763192769628,RUL > 125,74.60763046292297,71.26366515538422,72.43949471307718,80.11973152030754,69.0955294055384,80.11973152030754,SAUDAVEL,0.0,19.88026847969246,9.94013423984623,11.928161087815477,7.952107391876985,13.916187935784722,5.9640805439077385
84,128,39.23439948200983,93.31613153628516,139.0,100.0,60.76560051799017,6.683868463714845,RUL > 125,69.56645384814001,65.64301389993904,66.86236724542624,76.19398039905477,62.93892729722527,76.19398039905477,ATENCAO,0.0,23.806019600945234,11.903009800472617,14.28361176056714,9.522407840378094,16.664213720661664,7.14180588028357
84,129,50.003851933851095,100.0,138.0,100.0,49.996148066148905,0.0,RUL > 125,64.99884441984467,59.99845922645956,62.49903701653723,72.49903701653723,57.49865182315212,72.49903701653723,ATENCAO,0.0,27.50096298346277,13.750481491731385,16.50057779007766,11.000385193385108,19.25067408842394,8.25028889503883
84,130,48.68637807556643,100.0,137.0,100.0,51.31362192443357,0.0,RUL > 125,65.39408657733007,60.52544876977343,62.82840548110839,72.82840548110839,57.95976767355175,72.82840548110839,ATENCAO,0.0,27.17159451889161,13.585797259445805,16.302956711334964,10.868637807556645,19.020116163224124,8.151478355667482
84,131,37.48506485608601,73.06448272290359,136.0,100.0,62.51493514391399,26.93551727709641,RUL > 125,74.14158399859348,70.39307751298487,72.36261310525259,79.66906137754296,68.61410661964399,79.66906137754296,ATENCAO,0.0,20.33093862245704,10.16546931122852,12.198563173474223,8.132375448982817,14.231657035719927,6.099281586737112
84,132,41.16215094690599,49.94309617595637,135.0,100.0,58.83784905309401,50.05690382404363,RUL > 125,77.66273548073693,73.54652038604632,77.22368821928441,82.21799783688004,73.10747312459381,82.21799783688004,SAUDAVEL,0.0,17.782002163119955,8.891001081559978,10.669201297871973,7.112800865247983,12.447401514183968,5.334600648935987
84,133,50.01619483269173,41.64947750665016,134.0,100.0,49.98380516730827,58.35052249334984,RUL > 125,76.66524604886246,71.66362656559328,77.08358191516453,81.24852966582955,72.08196243189535,81.24852966582955,SAUDAVEL,0.0,18.75147033417045,9.375735167085224,11.25088220050227,7.50058813366818,13.126029233919313,5.625441100251135
84,134,35.60109035493769,28.230580597715644,133.0,100.0,64.3989096450623,71.76941940228436,RUL > 125,83.67355677397556,80.1134477384818,84.04208226183667,86.86514032160822,80.4819732263429,86.86514032160822,SAUDAVEL,0.0,13.134859678391777,6.5674298391958885,7.880915807035066,5.253943871356711,9.194401774874244,3.940457903517533
84,135,31.79714497284841,8.260200382154133,132.0,100.0,68.20285502715159,91.73979961784586,RUL > 125,88.80881643171465,85.62910193442981,89.98566366124936,90.81168369946478,86.80594916396451,90.81168369946478,SAUDAVEL,0.0,9.18831630053522,4.59415815026761,5.512989780321132,3.6753265202140883,6.431821410374654,2.756494890160566
84,136,50.06615342488179,8.063321245177292,131.0,100.0,49.93384657511821,91.93667875482272,RUL > 125,83.3674897235,78.36087438101183,85.46763133248523,86.27396345700295,80.46101598999705,86.27396345700295,SAUDAVEL,0.0,13.72603654299705,6.863018271498525,8.23562192579823,5.49041461719882,9.608225580097935,4.117810962899115
84,137,50.00070035160929,5.066411191377515,130.0,100.0,49.99929964839071,94.93358880862247,RUL > 125,83.98650765624171,78.9864376210808,86.2332221142533,86.73986323339105,81.23315207909238,86.73986323339105,SAUDAVEL,0.0,13.260136766608952,6.630068383304476,7.956082059965371,5.304054706643581,9.282095736626266,3.9780410299826854
84,138,50.11549016231847,13.435386181107074,129.0,100.0,49.88450983768153,86.56461381889292,RUL > 125,82.27827571508304,77.2667266988512,84.11228091414361,85.45581953225432,79.10073189791177,85.45581953225432,SAUDAVEL,0.0,14.544180467745676,7.272090233872838,8.726508280647405,5.817672187098271,10.180926327421972,4.363254140323702
84,139,50.043438829602366,24.377361324387508,128.0,100.0,49.956561170397634,75.62263867561249,RUL > 125,80.11149608624179,75.10715220328156,81.39479996150253,83.83253609394129,76.3904560785423,83.83253609394129,SAUDAVEL,0.0,16.167463906058714,8.083731953029357,9.700478343635227,6.466985562423486,11.3172247342411,4.850239171817614
84,140,50.06444512042448,34.468925867178385,127.0,100.0,49.93555487957552,65.53107413282162,RUL > 125,78.08688129043698,73.08043677839453,78.86665725309929,82.31354983981713,73.86021274105684,82.31354983981713,SAUDAVEL,0.0,17.686450160182872,8.843225080091436,10.611870096109723,7.0745800640731495,12.380515112128009,5.305935048054861
84,141,39.708389079279705,17.622695178468476,126.0,100.0,60.291610920720295,82.37730482153152,RUL > 125,84.5629442405224,80.59210533259443,85.66722893556296,87.4294984534098,81.69639002763499,87.4294984534098,SAUDAVEL,0.0,12.570501546590194,6.285250773295097,7.542300927954116,5.0282006186360775,8.799351082613136,3.771150463977058
84,142,43.34178763835128,7.432849201302341,125.0,100.0,56.65821236164872,92.56715079869764,76-125,85.51089386823415,81.17671510439902,87.3063407900866,88.04962571021683,82.97216202625147,88.04962571021683,SAUDAVEL,0.0,11.95037428978317,5.975187144891585,7.170224573869902,4.780149715913268,8.365262002848219,3.585112286934951
84,143,32.82592597892264,0.0,124.0,99.2,67.17407402107736,100.0,76-125,89.75222220632321,86.54962960843095,91.39351850526934,91.31351850526934,88.19092590737708,91.31351850526934,SAUDAVEL,0.7999999999999972,8.686481494730657,4.743240747365327,5.531888896838392,3.9545925978922614,6.3205370463114585,3.1659444484191948
84,144,50.01554663492568,0.0,123.0,98.4,49.98445336507432,100.0,76-125,84.1953360095223,79.35378134602973,86.69611334126859,86.53611334126857,81.85455867777603,86.53611334126857,SAUDAVEL,1.5999999999999943,13.463886658731425,7.53194332936571,8.718331995238852,6.345554663492567,9.904720661111996,5.159165997619423
84,145,50.02366187937102,0.0,122.0,97.6,49.97633812062898,100.0,76-125,83.79290143618869,79.0305352482516,86.29408453015725,86.05408453015724,81.53171834222015,86.05408453015724,SAUDAVEL,2.4000000000000057,13.94591546984276,8.172957734921383,9.327549281905657,7.018366187937107,10.482140828889934,5.8637746409528315
84,146,15.47754899084933,0.0,121.0,96.8,84.52245100915067,100.0,76-125,93.7567353027452,92.52898040366028,94.53061275228768,94.21061275228766,93.30285785320274,94.21061275228766,SAUDAVEL,3.200000000000003,5.789387247712341,4.494693623856172,4.753632348627406,4.235754899084938,5.0125710733986395,3.9768161743137043
84,147,18.29707163860888,0.0,120.0,96.0,81.70292836139112,100.0,76-125,92.51087850841732,91.08117134455644,93.42573209034778,93.02573209034776,91.9960249264869,93.02573209034776,SAUDAVEL,4.0,6.974267909652241,5.48713395482612,5.784560745791344,5.189707163860897,6.081987536756569,4.892280372895672
84,148,22.324418155411376,0.0,119.0,95.19999999999999,77.67558184458862,100.0,76-125,90.90267455337658,89.15023273783545,92.01889546114715,91.53889546114716,90.26645364560602,91.53889546114716,SAUDAVEL,4.800000000000011,8.461104538852837,6.630552269426424,6.996662723311706,6.264441815541142,7.362773177196988,5.898331361655859
84,149,16.70670239176937,0.0,118.0,94.39999999999999,83.29329760823063,100.0,76-125,92.1879892824692,91.07731904329223,93.02332440205764,92.46332440205764,91.91265416288071,92.46332440205764,SAUDAVEL,5.6000000000000085,7.536675597942363,6.568337798971186,6.762005358765421,6.37467023917695,6.955672918559656,6.181002679382715
84,150,13.538529094018037,0.0,117.0,93.60000000000001,86.46147090598197,100.0,76-125,92.7384412717946,92.0245883623928,93.4153677264955,92.77536772649547,92.7015148170937,92.77536772649547,SAUDAVEL,6.3999999999999915,7.224632273504525,6.8123161367522584,6.894779364102712,6.729852909401805,6.977242591453165,6.647389682051351
84,151,13.058726416781754,0.0,116.0,92.80000000000001,86.94127358321825,100.0,76-125,92.48238207496549,91.8965094332873,93.13531839580456,92.41531839580458,92.5494457541264,92.41531839580458,SAUDAVEL,7.199999999999989,7.584681604195424,7.392340802097706,7.43080896251725,7.353872641678163,7.469277122936793,7.31540448125862
84,152,0.0,0.0,115.0,92.0,100.0,100.0,76-125,96.0,96.8,96.0,95.2,96.8,95.2,SAUDAVEL,8.0,4.799999999999997,6.399999999999999,6.079999999999998,6.719999999999999,5.759999999999998,7.039999999999999
84,153,0.0,0.0,114.0,91.2,100.0,100.0,76-125,95.6,96.48,95.6,94.72,96.48,94.72,SAUDAVEL,8.799999999999997,5.280000000000001,7.039999999999999,6.688,7.3919999999999995,6.336,7.743999999999998
84,154,0.0,0.0,113.0,90.4,100.0,100.0,76-125,95.2,96.16,95.2,94.24,96.16,94.24,SAUDAVEL,9.599999999999994,5.760000000000005,7.68,7.296000000000001,8.063999999999998,6.912000000000002,8.447999999999997
84,155,0.0,0.0,112.0,89.60000000000001,100.0,100.0,76-125,94.8,95.84,94.8,93.76,95.84,93.76,SAUDAVEL,10.399999999999991,6.239999999999995,8.319999999999993,7.903999999999993,8.735999999999994,7.487999999999993,9.151999999999992
84,156,0.0,0.0,111.0,88.8,100.0,100.0,76-125,94.4,95.52,94.4,93.28,95.52,93.28,SAUDAVEL,11.200000000000003,6.719999999999999,8.96,8.512,9.408000000000001,8.064,9.856000000000002
84,157,8.397597677629806,0.0,110.0,88.0,91.6024023223702,100.0,76-125,91.48072069671106,91.84096092894808,91.90060058059257,90.70060058059256,92.26084081282956,90.70060058059256,SAUDAVEL,12.0,9.299399419407436,10.649699709703718,10.379639651644462,10.919759767762974,10.109579593585204,11.18981982582223
84,158,14.167101902397514,0.0,109.0,87.2,85.83289809760248,100.0,76-125,89.34986942928074,89.213159239041,90.05822452440063,88.77822452440063,89.92151433416086,88.77822452440063,SAUDAVEL,12.799999999999997,11.221775475599372,12.010887737799685,11.853065285359623,12.168710190239747,11.69524283291956,12.326532642679808
84,159,12.289968949209754,6.6136711712524265,108.0,86.4,87.71003105079025,93.38632882874758,76-125,88.1902750809866,88.32127818606563,88.47408996988446,87.7754570870097,88.60509307496348,87.7754570870097,SAUDAVEL,13.599999999999994,12.224542912990302,12.912271456495148,12.774725747794179,13.049817165196117,12.63718003909321,13.187362873897087
84,160,1.8301364374583755,15.569373543500648,107.0,85.6,98.16986356254162,84.43062645649935,76-125,89.13708436006236,90.39407071631652,88.45012250476023,88.5670598591103,89.7071088610144,88.5670598591103,SAUDAVEL,14.400000000000006,11.432940140889698,12.916470070444852,12.619764084533822,13.21317605635588,12.323058098622791,13.509882042266913
84,161,1.8098353735752903,26.264819770745184,106.0,84.8,98.1901646264247,73.73518022925481,76-125,86.60408543377837,87.94310189642084,85.38133621391988,86.48781819099439,86.72035267656234,86.48781819099439,SAUDAVEL,15.200000000000003,13.512181809005611,14.356090904502807,14.187309085403369,14.524872723602247,14.018527266303927,14.693654542701683
84,162,3.239584749339961,25.6277169252252,105.0,84.0,96.76041525066005,74.3722830747748,76-125,85.90258119015297,87.17862271521898,84.78317458135871,85.74594627388123,86.05921610642471,85.74594627388123,SAUDAVEL,16.0,14.25405372611877,15.127026863059385,14.952432235671262,15.301621490447507,14.77783760828314,15.47621611783563
84,163,0.0,4.426888677305402,104.0,83.2,100.0,95.5731113226946,76-125,90.71462226453892,92.39462226453892,90.49327783067363,89.2559666984042,92.17327783067364,89.2559666984042,SAUDAVEL,16.799999999999997,10.744033301595806,13.772016650797902,13.166419980957482,14.377613320638321,12.560823311117062,14.98320999047874
84,164,0.0,0.0,103.0,82.39999999999999,100.0,100.0,76-125,91.2,92.96,91.2,89.44,92.96,89.44,SAUDAVEL,17.60000000000001,10.560000000000002,14.080000000000005,13.376000000000005,14.784000000000006,12.672000000000004,15.488000000000007
84,165,4.073761724535074,0.0,102.0,81.6,95.92623827546493,100.0,76-125,89.57787148263947,91.01049531018596,89.78155956886623,87.94155956886623,91.21418339641272,87.94155956886623,SAUDAVEL,18.400000000000006,12.058440431133775,15.22922021556689,14.595064258680267,15.863376172453513,13.960908301793642,16.497532129340136
84,166,0.0,0.0,101.0,80.80000000000001,100.0,100.0,76-125,90.4,92.32,90.4,88.48,92.32,88.48,SAUDAVEL,19.19999999999999,11.519999999999996,15.359999999999992,14.591999999999993,16.127999999999993,13.823999999999993,16.89599999999999
84,167,0.0,0.0,100.0,80.0,100.0,100.0,76-125,90.0,92.0,90.0,88.0,92.0,88.0,SAUDAVEL,20.0,12.0,16.0,15.2,16.8,14.399999999999999,17.6
84,168,0.0,0.0,99.0,79.2,100.0,100.0,76-125,89.6,91.68,89.6,87.52000000000001,91.68,87.52000000000001,SAUDAVEL,20.799999999999997,12.47999999999999,16.639999999999993,15.807999999999993,17.471999999999994,14.975999999999992,18.303999999999995
84,169,0.0,0.0,98.0,78.4,100.0,100.0,76-125,89.2,91.36,89.2,87.03999999999999,91.36,87.03999999999999,SAUDAVEL,21.599999999999994,12.960000000000008,17.28,16.416000000000004,18.144,15.552000000000003,19.008
84,170,0.0,0.0,97.0,77.60000000000001,100.0,100.0,76-125,88.80000000000001,91.04,88.80000000000001,86.56,91.04,86.56,SAUDAVEL,22.39999999999999,13.439999999999998,17.919999999999995,17.023999999999994,18.815999999999995,16.127999999999993,19.711999999999993
84,171,0.0,0.0,96.0,76.8,100.0,100.0,76-125,88.4,90.72,88.4,86.08,90.72,86.08,SAUDAVEL,23.200000000000003,13.920000000000002,18.560000000000002,17.632,19.488000000000003,16.704,20.416000000000004
84,172,0.0,0.0,95.0,76.0,100.0,100.0,76-125,88.0,90.4,88.0,85.6,90.4,85.6,SAUDAVEL,24.0,14.400000000000006,19.200000000000003,18.240000000000002,20.16,17.28,21.119999999999997
84,173,0.0,0.0,94.0,75.2,100.0,100.0,76-125,87.6,90.08,87.6,85.12,90.08,85.12,SAUDAVEL,24.799999999999997,14.879999999999995,19.839999999999996,18.848,20.831999999999994,17.855999999999995,21.823999999999995
84,174,0.0,0.0,93.0,74.4,100.0,100.0,76-125,87.2,89.76,87.2,84.64,89.76,84.64,SAUDAVEL,25.599999999999994,15.36,20.479999999999997,19.455999999999996,21.503999999999998,18.431999999999995,22.527999999999995
84,175,0.0,0.0,92.0,73.6,100.0,100.0,76-125,86.8,89.44,86.8,84.16,89.44,84.16,SAUDAVEL,26.400000000000006,15.840000000000003,21.120000000000005,20.064000000000004,22.176000000000005,19.008000000000003,23.232000000000006
84,176,0.0,0.0,91.0,72.8,100.0,100.0,76-125,86.4,89.12,86.4,83.68,89.12,83.68,SAUDAVEL,27.200000000000003,16.319999999999993,21.759999999999998,20.671999999999997,22.848,19.583999999999996,23.935999999999996
84,177,0.0,0.0,90.0,72.0,100.0,100.0,76-125,86.0,88.8,86.0,83.19999999999999,88.8,83.19999999999999,SAUDAVEL,28.0,16.80000000000001,22.400000000000006,21.28000000000001,23.520000000000007,20.160000000000007,24.64
84,178,0.0,0.0,89.0,71.2,100.0,100.0,76-125,85.6,88.48,85.6,82.72,88.48,82.72,SAUDAVEL,28.799999999999997,17.28,23.04,21.887999999999998,24.192,20.735999999999997,25.343999999999998
84,179,0.0,0.0,88.0,70.39999999999999,100.0,100.0,76-125,85.19999999999999,88.16,85.19999999999999,82.24,88.16,82.24,SAUDAVEL,29.60000000000001,17.760000000000005,23.680000000000007,22.496000000000006,24.864000000000008,21.312000000000005,26.04800000000001
84,180,0.0,4.725634343960151,87.0,69.6,100.0,95.27436565603983,76-125,83.85487313120797,86.89487313120797,83.61859141400996,81.05115484840597,86.65859141400996,81.05115484840597,SAUDAVEL,30.400000000000006,18.94884515159403,24.674422575797017,23.529307090956422,25.819538060637612,22.38419160611582,26.96465354547821
84,181,0.1965715348677597,20.47828749071404,86.0,68.8,99.80342846513224,79.52171250928596,76-125,80.24537104139688,83.34571388791008,79.23128524360455,78.15911399267596,82.33162809011777,78.15911399267596,ATENCAO,31.200000000000003,21.840886007324045,26.520443003662024,25.584531604394428,27.45635440292962,24.648620205126832,28.392265802197212
84,182,10.069998425996763,44.851125746224696,85.0,68.0,89.93000157400324,55.1488742537753,76-125,72.00877532295604,74.20177548035636,70.26971895694464,71.5548315315671,72.46271911434496,71.5548315315671,ATENCAO,32.0,28.445168468432897,30.22258423421645,29.867101081059737,30.57806738737316,29.511617927903025,30.933550540529865
84,183,7.268943486130897,66.963369702742,84.0,67.2,92.7310565138691,33.036630297258,76-125,68.02664301361233,70.57974866499924,65.04192170278178,68.45825867305598,67.59502735416868,68.45825867305598,ATENCAO,32.8,31.54174132694402,32.17087066347201,32.04504479616641,32.29669653077761,31.919218928860808,32.4225223980832
84,184,0.7174234998676313,64.534910627187,83.0,66.4,99.28257650013236,35.465089372813,76-125,70.07779082460232,73.36604847461555,66.88691646823634,69.98040753095503,70.17517411824957,69.98040753095503,ATENCAO,33.599999999999994,30.019592469044966,31.80979623452248,31.451755481426975,32.16783698761798,31.093714728331474,32.52587774071348
84,185,8.438132731396319,60.87516302563226,82.0,65.60000000000001,91.56186726860368,39.12483697436774,76-125,68.09352757545466,70.68971430231502,65.47167606074285,68.11919236330608,68.06786278760322,68.11919236330608,ATENCAO,34.39999999999999,31.880807636693916,33.140403818346954,32.888484582016346,33.39232305467756,32.63656534568574,33.64424229100817
84,186,4.478262658205167,47.40315904935956,81.0,64.8,95.52173734179485,52.59684095064044,76-125,71.57588939266654,74.64806312684603,69.42964457310882,70.64996047804478,72.5018183072883,70.64996047804478,ATENCAO,35.2,29.350039521955225,32.275019760977614,31.690023713173137,32.860015808782094,31.10502766536866,33.44501185658657
84,187,0.0,18.666330501568083,80.0,64.0,100.0,81.33366949843192,76-125,78.26673389968639,81.86673389968638,77.33341737460798,75.60005042476479,80.93341737460798,75.60005042476479,ATENCAO,36.0,24.399949575235212,30.199974787617606,29.03996974514113,31.359979830094083,27.879964702664644,32.51998487257056
84,188,0.0,0.0,79.0,63.2,100.0,100.0,76-125,81.6,85.28,81.6,77.92,85.28,77.92,ATENCAO,36.8,22.08,29.439999999999998,27.967999999999996,30.912,26.495999999999995,32.384
84,189,0.0,0.0,78.0,62.4,100.0,100.0,76-125,81.2,84.96000000000001,81.2,77.44,84.96000000000001,77.44,ATENCAO,37.6,22.560000000000002,30.080000000000002,28.576,31.584,27.072,33.088
84,190,0.0,0.0,77.0,61.6,100.0,100.0,76-125,80.8,84.64,80.8,76.96000000000001,84.64,76.96000000000001,ATENCAO,38.4,23.039999999999992,30.719999999999995,29.183999999999994,32.256,27.647999999999993,33.791999999999994
84,191,0.0,0.0,76.0,60.8,100.0,100.0,76-125,80.4,84.32,80.4,76.47999999999999,84.32,76.47999999999999,ATENCAO,39.2,23.52000000000001,31.360000000000007,29.79200000000001,32.928000000000004,28.224000000000004,34.496
84,192,0.0,0.0,75.0,60.0,100.0,100.0,31-75,80.0,84.0,80.0,76.0,84.0,76.0,ATENCAO,40.0,24.0,32.0,30.4,33.6,28.799999999999997,35.2
84,193,0.0,0.0,74.0,59.199999999999996,100.0,100.0,31-75,79.6,83.68,79.6,75.52,83.68,75.52,ATENCAO,40.800000000000004,24.480000000000004,32.64,31.008000000000006,34.272000000000006,29.376000000000005,35.904
84,194,0.0,0.0,73.0,58.4,100.0,100.0,31-75,79.2,83.36,79.2,75.03999999999999,83.36,75.03999999999999,ATENCAO,41.6,24.960000000000008,33.28,31.616000000000007,34.944,29.952000000000005,36.608
84,195,0.0,0.0,72.0,57.599999999999994,100.0,100.0,31-75,78.8,83.03999999999999,78.8,74.56,83.03999999999999,74.56,ATENCAO,42.400000000000006,25.439999999999998,33.92,32.224000000000004,35.616,30.528,37.312000000000005
84,196,0.0,0.0,71.0,56.8,100.0,100.0,31-75,78.4,82.72,78.4,74.08,82.72,74.08,ATENCAO,43.2,25.92,34.56,32.832,36.288000000000004,31.104,38.016
84,197,0.0,22.39712797674212,70.0,56.00000000000001,100.0,77.60287202325787,31-75,73.52057440465157,77.92057440465157,72.40071800581447,70.24043080348868,76.80071800581447,70.24043080348868,ATENCAO,43.99999999999999,29.759569196511322,36.879784598255654,35.45574151790679,38.30382767860452,34.03169843755792,39.72787075895339
84,198,0.0,28.82429620829837,69.0,55.2,100.0,71.17570379170164,31-75,71.83514075834033,76.31514075834033,70.39392594792541,68.79635556875525,74.87392594792541,68.79635556875525,ATENCAO,44.8,31.203644431244754,38.001822215622376,36.64218665874685,39.3614577724979,35.28255110187133,40.721093329373424
84,199,0.0,31.11041291989382,68.0,54.400000000000006,100.0,68.88958708010618,31-75,70.97791741602124,75.53791741602124,69.42239677002655,67.97343806201593,73.98239677002655,67.97343806201593,ATENCAO,45.599999999999994,32.02656193798407,38.81328096899203,37.45593716279044,40.17062477519362,36.09859335658884,41.527968581395214
84,200,0.0,27.61396370160904,67.0,53.6,100.0,72.38603629839096,31-75,71.27720725967819,75.9172072596782,69.89650907459773,68.01790544475864,74.53650907459775,68.01790544475864,ATENCAO,46.4,31.98209455524136,39.19104727762068,37.74925673314482,40.63283782209655,36.307466188668954,42.074628366572405
84,201,0.0,26.772724879677373,66.0,52.800000000000004,100.0,73.22727512032263,31-75,71.04545502406454,75.76545502406454,69.70681878008067,67.6640912680484,74.42681878008067,67.6640912680484,ATENCAO,47.199999999999996,32.335908731951605,39.7679543659758,38.28154523917096,41.25436349278064,36.79513611236612,42.74077261958547
84,202,0.0,11.64736593099216,65.0,52.0,100.0,88.35263406900783,31-75,73.67052681380157,78.47052681380157,73.08815851725196,69.45289511035118,77.88815851725195,69.45289511035118,ATENCAO,48.0,30.54710488964882,39.27355244482441,37.52826293378929,41.01884195585953,35.78297342275417,42.76413146689464
84,203,7.647151411952392,22.82002191947049,64.0,51.2,92.3528485880476,77.17997808052951,31-75,68.74185019252019,72.85713505132495,67.98320666714429,65.38520885909132,72.09849152594904,65.38520885909132,ATENCAO,48.8,34.61479114090868,41.70739557045434,40.288874684545206,43.12591645636347,38.870353798636074,44.5444373422726
84,204,27.397135314192507,54.0725042595113,63.0,50.4,72.60286468580749,45.9274957404887,31-75,56.166358553839984,58.38664502242074,54.832590106574045,55.27984053252518,57.05287657515479,55.27984053252518,RISCO,49.6,44.72015946747482,47.16007973373741,46.6720956804849,47.64806378698992,46.18411162723237,48.13604784024245
84,205,41.36574289373334,92.3960769394684,62.0,49.6,58.63425710626666,7.603923060531599,31-75,43.91106174398632,44.81448745461299,41.35954504169956,45.5591527356464,42.26297075232623,45.5591527356464,RISCO,50.4,54.4408472643536,52.4204236321768,52.824508358612164,52.016338905741435,53.228593085047514,51.61225417930608
84,206,49.5562831345558,100.0,61.0,48.8,50.4437168654442,0.0,31-75,39.53311505963326,39.69748674617768,37.01092921636105,41.89092921636104,37.17530090290547,41.89092921636104,RISCO,51.2,58.10907078363896,54.65453539181948,55.34544247018338,53.96362831345559,56.03634954854727,53.27272123509168
84,207,46.9817147333853,100.0,60.0,48.0,53.0182852666147,0.0,31-75,39.90548557998441,40.407314106645885,37.25457131665368,42.05457131665367,37.75639984331514,42.05457131665367,RISCO,52.0,57.94542868334633,54.97271434167317,55.567257210007796,54.37817147333853,56.16180007834243,53.7836286050039
84,208,33.49955015704257,100.0,59.0,47.199999999999996,66.50044984295744,0.0,31-75,43.55013495288723,45.480179937182974,40.22511246073935,44.94511246073935,42.1551574450351,44.94511246073935,RISCO,52.800000000000004,55.05488753926065,53.92744376963033,54.152932523556395,53.70195501570426,54.378421277482445,53.4764662617782
84,209,29.36660680684836,100.0,58.0,46.400000000000006,70.63339319315165,0.0,31-75,44.390017957945496,46.81335727726066,40.85834829828792,45.49834829828792,43.28168761760308,45.49834829828792,RISCO,53.599999999999994,54.50165170171208,54.050825850856036,54.14099102102724,53.960660680684825,54.23115619119845,53.87049551051362
84,210,31.277187327843382,92.31666762005425,57.0,45.6,68.72281267215662,7.683332379945753,31-75,44.95351027763614,47.2657915448518,41.90153626302559,45.69320302503103,44.21381753024126,45.69320302503103,RISCO,54.4,54.30679697496897,54.35339848748448,54.344078184981385,54.36271878998759,54.33475788247828,54.37203909249069
84,211,19.020442366442225,48.85808170453305,56.0,44.800000000000004,80.97955763355777,51.14191829546695,31-75,56.92225094916072,60.5402067125165,55.43036898225618,54.79617715270949,59.04832474561196,54.79617715270949,RISCO,55.199999999999996,45.20382284729051,50.20191142364526,49.2022937083743,51.2015291389162,48.202675993103355,52.201146854187144
84,212,0.4770750012520308,0.0,55.0,44.0,99.52292499874795,100.0,31-75,71.85687749962439,77.4091699994992,71.88073124968699,66.280731249687,77.43302374956178,66.280731249687,ATENCAO,56.0,33.719268750313006,44.8596343751565,42.6315612501878,47.087707500125205,40.4034881252191,49.31578062509389
84,213,3.2738819211424306,0.0,54.0,43.2,96.72611807885755,100.0,31-75,70.61783542365727,75.97044723154303,70.7815295197144,65.10152951971439,76.13414132760015,65.10152951971439,ATENCAO,56.8,34.89847048028561,45.849235240142804,43.65908228817136,48.039388192114245,41.46892933619992,50.22954114408568
84,214,18.58526625694883,0.0,53.0,42.4,81.41473374305117,100.0,31-75,65.62442012291535,69.52589349722047,66.55368343576279,60.79368343576279,70.4551568100679,60.79368343576279,ATENCAO,57.6,39.20631656423721,48.40315828211861,46.56378993854233,50.242526625694886,44.724421594966046,52.08189496927116
84,215,12.11776763420167,0.0,52.0,41.6,87.88223236579833,100.0,31-75,67.1646697097395,71.79289294631934,67.77055809144959,61.93055809144958,72.39878132802941,61.93055809144958,ATENCAO,58.4,38.06944190855042,48.234720954275204,46.20166514513025,50.267776763420166,44.168609335985295,52.30083257256512
84,216,13.302741627376166,0.0,51.0,40.8,86.69725837262384,100.0,31-75,66.40917751178715,70.99890334904953,67.07431459315596,61.15431459315596,71.66404043041834,61.15431459315596,ATENCAO,59.2,38.84568540684404,49.02284270342202,46.987411244106426,51.05827416273762,44.95197978479083,53.09370562205321
84,217,20.652308061042667,0.0,50.0,40.0,79.34769193895733,100.0,31-75,63.8043075816872,67.73907677558293,64.83692298473933,58.83692298473933,68.77169217863506,58.83692298473933,RISCO,60.0,41.16307701526067,50.581538507630334,48.697846209156396,52.46523080610427,46.814153910682464,54.3489231045782
84,218,29.671748789090696,0.0,49.0,39.2,70.3282512109093,100.0,31-75,60.69847536327279,63.81130048436372,62.18206280272733,56.102062802727325,65.29488792381827,56.102062802727325,RISCO,60.8,43.897937197272675,52.34896859863633,50.6587623183636,54.039174878909066,48.96855603809087,55.7293811591818
84,219,37.22709825357194,24.292794233433508,48.0,38.4,62.77290174642806,75.70720576656649,31-75,53.17331167724171,55.610601851884525,53.82002687824863,50.08930630159199,56.257317052891445,50.08930630159199,RISCO,61.6,49.91069369840801,55.755346849204,54.58641621904481,56.924277479363205,53.41748558888561,58.0932081095224
84,220,47.981855141624536,63.50089765655553,47.0,37.6,52.01814485837546,36.49910234344447,31-75,41.70526392620153,43.14707841203908,40.92931180045498,41.03940156611053,42.37112628629253,41.03940156611053,RISCO,62.4,58.96059843388947,60.68029921694473,60.336359060333685,61.02423937355579,59.99241890372263,61.36817953016684
84,221,50.04483021963465,91.45363011894445,46.0,36.8,49.95516978036535,8.546369881055554,31-75,35.095824910320715,36.41134188835725,33.025384915355225,35.850747927249664,34.34090189339176,35.850747927249664,RISCO,63.2,64.14925207275033,63.674626036375166,63.7695512436502,63.57970082910013,63.86447645092523,63.4847756218251
84,222,50.17409378620847,100.0,45.0,36.0,49.82590621379153,0.0,31-75,32.94777186413746,34.33036248551661,30.45647655344788,34.05647655344788,31.83906717482704,34.05647655344788,RISCO,64.0,65.94352344655212,64.97176172327606,65.16611406793128,64.77740937862085,65.36046641258648,64.58305703396563
84,223,50.23200051767266,100.0,44.0,35.199999999999996,49.76799948232734,0.0,31-75,32.530399844698195,33.98719979293094,30.04199987058184,33.56199987058183,31.498799818814565,33.56199987058183,RISCO,64.80000000000001,66.43800012941817,65.6190000647091,65.7828000776509,65.45520005176726,65.94660009059272,65.29140003882546
84,224,50.28580199661857,100.0,43.0,34.4,49.71419800338143,0.0,31-75,32.11425940101443,33.64567920135257,29.62854950084536,33.06854950084536,31.1599693011835,33.06854950084536,RISCO,65.6,66.93145049915464,66.26572524957732,66.39887029949278,66.13258019966185,66.53201534940824,65.99943514974639
84,225,50.13704060931118,100.0,42.0,33.6,49.86295939068882,0.0,31-75,31.75888781720665,33.38518375627553,29.265739847672208,32.62573984767221,30.892035786741086,32.62573984767221,RISCO,66.4,67.37426015232779,66.8871300761639,66.98455609139668,66.78970406093111,67.08198210662945,66.69227804569834
84,226,50.27916675052082,92.58601767145278,41.0,32.800000000000004,49.72083324947918,7.41398232854722,31-75,32.7990464405532,34.491129765501114,30.683703894506603,33.22230566165188,32.37578721945452,33.22230566165188,RISCO,67.19999999999999,66.77769433834811,66.98884716917405,66.94661660300886,67.03107773533924,66.90438603684368,67.07330830150443
84,227,50.25226228577336,73.5112917424305,40.0,32.0,49.74773771422664,26.4887082575695,31-75,36.222062965781895,37.99683673720456,35.05911149294904,35.61024066719208,36.8338852643717,35.61024066719208,RISCO,68.0,64.38975933280793,66.19487966640396,65.83385559968477,66.55590373312317,65.47283153296554,66.91692779984237
84,228,50.33843054627353,60.568417505833125,39.0,31.2,49.66156945372647,39.43158249416688,31-75,38.38478733495131,40.23094428032396,37.87328798697334,37.050129737556645,39.71944493234598,37.050129737556645,RISCO,68.8,62.949870262443355,65.87493513122168,65.28992215746601,66.45994810497734,64.70490918371034,67.044961078733
84,229,50.45521258057647,54.78480312512103,38.0,30.4,49.54478741942353,45.21519687487897,31-75,39.10647560080285,41.020954342745206,38.88999607357562,37.40847638608773,40.80447481551798,37.40847638608773,RISCO,69.6,62.59152361391227,66.09576180695613,65.39491416834736,66.79660944556491,64.69406652973859,67.49745708417367
84,230,50.47381660151687,51.939578345273965,37.0,29.599999999999998,49.52618339848313,48.06042165472604,31-75,39.26993935049015,41.26255769033846,39.19665126330229,37.35060909782968,41.1892696031506,37.35060909782968,RISCO,70.4,62.64939090217032,66.52469545108517,65.74963454130219,67.29975636086813,64.97457363151922,68.0748172706511
84,231,50.66408765840863,61.0949131210438,36.0,28.799999999999997,49.33591234159137,38.9050868789562,31-75,36.98179107826864,39.035382312427785,36.46024980513689,35.44974111724127,38.513841039296025,35.44974111724127,RISCO,71.2,64.55025888275873,67.87512944137936,67.21015532965524,68.54010355310349,66.5451812179311,69.20507766482761
84,232,50.7203025830598,75.86192283973132,35.0,28.000000000000004,49.2796974169402,24.13807716026868,31-75,33.6115246571358,35.73949439882982,32.35444364430222,32.74063592827535,34.48241338599624,32.74063592827535,RISCO,72.0,67.25936407172465,69.62968203586232,69.15561844303478,70.10374562868986,68.68155485020725,70.57780922151738
84,233,50.43614290032137,66.10136982136416,34.0,27.200000000000003,49.56385709967863,33.89863017863584,31-75,35.24888316563076,37.48526887559862,34.465621819578615,33.79575880171503,36.70200752954648,33.79575880171503,RISCO,72.8,66.20424119828496,69.50212059914247,68.84254471897097,70.16169647931399,68.18296883879947,70.82127235948548
84,234,50.27592256859816,46.09588816514536,33.0,26.400000000000002,49.72407743140184,53.90411183485464,31-75,38.89804559639148,41.23045333953167,39.10704731656412,36.35663613307865,41.4394550597043,36.35663613307865,RISCO,73.6,63.64336386692135,68.62168193346068,67.62601832015281,69.61734554676853,66.63035470684494,70.6130091600764
84,235,50.39291587918444,21.501571170085263,32.0,25.6,49.60708412081556,78.49842882991473,31-75,43.381811002227614,45.78251941430917,44.826378237682576,39.5365353546911,47.22708664976413,39.5365353546911,RISCO,74.4,60.4634646453089,67.43173232265445,66.03807878718536,68.82538585812357,64.64442525171623,70.21903939359267
84,236,50.46310856600734,10.611412026590193,31.0,24.8,49.53689143399266,89.38858797340981,31-75,45.138785024879766,47.61247416827904,47.13136985185062,40.672511054509634,49.60505899524989,40.672511054509634,RISCO,75.2,59.327488945490366,67.26374447274519,65.67649336729421,68.85099557819615,64.08924226184325,70.43824668364711
84,237,50.77867869911319,17.43828264177515,30.0,24.0,49.22132130088681,82.56171735822485,0-30,43.27873986191101,45.8008719919997,44.94575966477792,39.08958792895543,47.4678917948666,39.08958792895543,RISCO,76.0,60.91041207104457,68.45520603552228,66.94624724262674,69.96416482841784,65.4372884497312,71.47312362131336
84,238,51.16385399003233,51.631569918790944,29.0,23.200000000000003,48.83614600996767,48.368430081209056,0-30,35.92452981923211,38.488144420228885,35.901144022794185,33.38430101467328,38.46475862379095,33.38430101467328,RISCO,76.8,66.61569898532673,71.70784949266337,70.68941939119603,72.72627959413069,69.67098928972871,73.74470969559802
84,239,51.29661079973942,92.5701371072439,28.0,22.400000000000002,48.70338920026058,7.4298628927561055,0-30,27.296989338629395,29.927328258655454,25.233313023254173,26.730326733978565,27.863651943280228,26.730326733978565,CRITICO,77.6,73.26967326602144,75.43483663301072,75.00180395961286,75.86786930640858,74.56877128621501,76.30090197980643
84,240,51.22462226450804,100.0,27.0,21.6,48.77537773549196,0.0,0-30,25.432613320647587,28.150151094196787,22.99384443387299,25.15384443387299,25.711382207422183,25.15384443387299,CRITICO,78.4,74.84615556612701,76.62307778306351,76.26769333967621,76.9784622264508,75.9123088962889,77.33384666983811
84,241,51.52771432452648,100.0,26.0,20.8,48.47228567547352,0.0,0-30,24.94168570264205,27.70891427018941,22.51807141886838,24.59807141886838,25.285299986415733,24.59807141886838,CRITICO,79.2,75.40192858113161,77.30096429056582,76.92115714867897,77.68077143245264,76.54135000679213,78.06057857433947
84,242,51.92518515008167,100.0,25.0,20.0,48.07481484991833,0.0,0-30,24.422444454975498,27.22992593996733,22.018703712479585,24.018703712479585,24.82618519747141,24.018703712479585,CRITICO,80.0,75.98129628752042,77.99064814376021,77.58877777251226,78.39251851500816,77.18690740126429,78.79438888625613
84,243,52.33883431068429,100.0,24.0,19.2,47.66116568931571,0.0,0-30,23.89834970679471,26.744466275726285,21.51529142232893,23.435291422328927,24.361407991260496,23.435291422328927,CRITICO,80.8,76.56470857767107,78.68235428883554,78.25882514660265,79.10588343106843,77.83529600436974,79.52941257330131
84,244,52.497409667617,100.0,23.0,18.4,47.502590332383,0.0,0-30,23.45077709971489,26.3610361329532,21.07564758309575,22.915647583095748,23.98590661633405,22.915647583095748,CRITICO,81.6,77.08435241690425,79.34217620845212,78.89061145014256,79.7937409667617,78.43904669183297,80.24530572507126
84,245,52.61682334227551,100.0,22.0,17.599999999999998,47.38317665772449,0.0,0-30,23.014952997317344,25.993270663089795,20.645794164431123,22.40579416443112,23.62411183020357,22.40579416443112,CRITICO,82.4,77.59420583556889,79.99710291778445,79.51652350134134,80.47768233422755,79.03594408489822,80.95826175067066
84,246,52.79448860238212,100.0,21.0,16.8,47.20551139761788,0.0,0-30,22.561653419285363,25.602204559047152,20.20137784940448,21.88137784940448,23.24192898916626,21.88137784940448,CRITICO,83.2,78.11862215059551,80.65931107529775,80.1511732903573,81.16744886023821,79.64303550541686,81.67558664517864
84,247,53.29364824644154,100.0,20.0,16.0,46.70635175355846,0.0,0-30,22.011905526067537,25.082540701423383,19.676587938389616,21.27658793838961,22.747223113745463,21.27658793838961,CRITICO,84.0,78.72341206161039,81.3617060308052,80.83404723696623,81.88936482464416,80.30638844312728,82.41702361848311
84,248,53.36895360644869,100.0,19.0,15.2,46.63104639355131,0.0,0-30,21.5893139180654,24.732418557420523,19.257761598387827,20.777761598387823,22.40086623774296,20.777761598387823,CRITICO,84.8,79.22223840161217,82.01111920080609,81.4533430409673,82.56889536064486,80.89556688112852,83.12667152048364
84,249,53.8615775224582,100.0,18.0,14.399999999999999,46.1384224775418,0.0,0-30,21.041526743262537,24.215368991016724,18.734605619385448,20.17460561938545,21.90844786713963,20.17460561938545,CRITICO,85.6,79.82539438061455,82.71269719030727,82.13523662836873,83.29015775224582,81.55777606643018,83.86761831418436
84,250,54.29094627716053,100.0,17.0,13.600000000000001,45.70905372283947,0.0,0-30,20.51271611685184,23.72362148913579,18.22726343070987,19.587263430709868,21.43816880299381,19.587263430709868,CRITICO,86.4,80.41273656929013,83.40636828464507,82.80764194157408,84.00509462771606,82.2089155985031,84.60382097078704
84,251,54.404166949024734,100.0,16.0,12.8,45.59583305097527,0.0,0-30,20.07874991529258,23.358333220390108,17.798958262743817,19.07895826274381,21.07854156784134,19.07895826274381,CRITICO,87.2,80.92104173725619,84.06052086862809,83.43262504235372,84.68841669490249,82.80472921607932,85.31631252117685
84,252,54.74974789364357,100.0,15.0,12.0,45.25025210635643,0.0,0-30,19.575075631906927,22.90010084254257,17.312563026589107,18.512563026589103,20.637588237224747,18.512563026589103,CRITICO,88.0,81.4874369734109,84.74371848670545,84.09246218404654,85.39497478936435,83.44120588138762,86.04623109202326
84,253,55.03452118231324,100.0,14.0,11.200000000000001,44.96547881768676,0.0,0-30,19.089643645306023,22.466191527074702,16.84136970442169,17.961369704421692,20.217917586190367,17.961369704421692,CRITICO,88.8,82.03863029557832,85.41931514778915,84.74317817734699,86.09545211823132,84.06704120690482,86.7715890886735
84,254,55.364115909613325,100.0,13.0,10.4,44.63588409038668,0.0,0-30,18.590765227116,22.01435363615467,16.35897102259667,17.39897102259667,19.78255943163533,17.39897102259667,CRITICO,89.6,82.60102897740333,86.10051448870166,85.400617386442,86.80041159096133,84.70072028418232,87.50030869322099
84,255,55.76460048225317,100.0,12.0,9.6,44.23539951774683,0.0,0-30,18.070619855324047,21.53415980709873,15.858849879436708,16.818849879436705,19.32238983121139,16.818849879436705,CRITICO,90.4,83.1811501205633,86.79057506028165,86.06869007233799,87.51246004822532,85.3468050843943,88.23434503616899
84,256,56.179771683587234,100.0,11.0,8.799999999999999,43.820228316412766,0.0,0-30,17.54606849492383,21.048091326565107,15.35505707910319,16.235057079103193,18.857079910744467,16.235057079103193,CRITICO,91.2,83.7649429208968,87.48247146044841,86.73896575253809,88.22597716835872,85.99546004462775,88.96948287626904
84,257,56.37620381234887,100.0,10.0,8.0,43.62379618765113,0.0,0-30,17.08713885629534,20.649518475060454,14.905949046912784,15.705949046912782,18.46832866567789,15.705949046912782,CRITICO,92.0,84.29405095308722,88.1470254765436,87.37643057185234,88.91762038123488,86.60583566716105,89.68821528592616
84,258,57.19481585774345,100.0,9.0,7.199999999999999,42.80518414225655,0.0,0-30,16.441555242676962,20.00207365690262,14.301296035564135,15.021296035564138,17.86181444978979,15.021296035564138,CRITICO,92.8,84.97870396443587,88.88935198221793,88.10722237866152,89.67148158577434,87.3250927751051,90.45361118933076
84,259,57.7480340246905,100.0,8.0,6.4,42.2519659753095,0.0,0-30,15.875589792592852,19.4607863901238,13.762991493827377,14.402991493827376,17.348188091358324,14.402991493827376,CRITICO,93.6,85.59700850617263,89.5985042530863,88.79820510370357,90.39880340246904,87.99790595432083,91.19910255185178
84,260,58.659806138672536,100.0,7.0,5.6000000000000005,41.34019386132746,0.0,0-30,15.20205815839824,18.776077544530985,13.135048465331868,13.695048465331864,16.70906785146461,13.695048465331864,CRITICO,94.4,86.30495153466813,90.35247576733407,89.54297092080088,91.16198061386726,88.73346607426768,91.97148546040043
84,261,59.21430260696115,100.0,6.0,4.8,40.78569739303885,0.0,0-30,14.635709217911655,18.234278957215544,12.596424348259712,13.076424348259714,16.194994087563597,13.076424348259714,CRITICO,95.2,86.9235756517403,91.06178782587014,90.23414539104418,91.88943026069612,89.4065029562182,92.71707269552209
84,262,59.66525666658204,100.0,5.0,4.0,40.33474333341796,0.0,0-30,14.100423000025389,17.733897333367185,12.08368583335449,12.48368583335449,15.717160166696283,12.48368583335449,CRITICO,96.0,87.51631416664551,91.75815708332276,90.90978849998731,92.6065256666582,90.06141991665186,93.45489424999364
84,263,60.65799389692745,100.0,4.0,3.2,39.34200610307255,0.0,0-30,13.402601830921764,17.01680244122902,11.435501525768135,11.755501525768135,15.049702136075393,11.755501525768135,CRITICO,96.8,88.24449847423186,92.52224923711593,91.66669908453912,93.37779938969274,90.8111489319623,94.23334954226955
84,264,60.69928537186152,100.0,3.0,2.4,39.30071462813848,0.0,0-30,12.990214388441542,16.68028585125539,11.02517865703462,11.26517865703462,14.715250119848466,11.26517865703462,CRITICO,97.6,88.73482134296538,93.16741067148268,92.28089280577922,94.05392853718615,91.39437494007575,94.9404464028896
84,265,61.91202880029739,100.0,2.0,1.6,38.08797119970261,0.0,0-30,12.226391359910783,15.875188479881045,10.321992799925653,10.481992799925653,13.970789919895912,10.481992799925653,CRITICO,98.4,89.51800720007435,93.95900360003718,93.07080432004462,94.84720288002974,92.18260504005204,95.7354021600223
84,266,62.33168469996845,100.0,1.0,0.8,37.66831530003155,0.0,0-30,11.700494590009466,15.387326120012622,9.817078825007888,9.897078825007888,13.503910355011042,9.897078825007888,CRITICO,99.2,90.1029211749921,94.65146058749605,93.74175270499526,95.56116846999683,92.83204482249447,96.47087635249763
84,267,63.08841940344526,100.0,0.0,0.0,36.91158059655474,0.0,0-30,11.073474178966425,14.764632238621898,9.227895149138686,9.227895149138686,12.91905320879416,9.227895149138686,CRITICO,100.0,90.77210485086131,95.38605242543065,94.46326291051679,96.30884194034454,93.54047339560292,97.2316314552584
91,39,20.966795687231222,0.0,96.0,76.8,79.03320431276877,100.0,76-125,82.10996129383062,82.33328172510751,83.1583010781922,80.83830107819219,83.38162150946907,80.83830107819219,SAUDAVEL,23.200000000000003,19.16169892180781,21.180849460903907,20.77701935308469,21.584679568723125,20.37318924526547,21.988509676542346
91,40,13.666998161278071,0.0,95.0,76.0,86.33300183872193,100.0,76-125,83.89990055161658,84.93320073548877,84.58325045968049,82.18325045968048,85.61655064355267,82.18325045968048,SAUDAVEL,24.0,17.81674954031952,20.90837477015976,20.29004972419171,21.526699816127806,19.67172467822366,22.145024862095852
91,41,11.021465468516372,0.0,94.0,75.2,88.97853453148363,100.0,76-125,84.2935603594451,85.67141381259346,84.84463363287091,82.3646336328709,86.22248708601927,82.3646336328709,SAUDAVEL,24.799999999999997,17.635366367129095,21.217683183564546,20.501219820277456,21.934146546851636,19.784756456990365,22.650609910138723
91,42,38.07643395267974,0.0,93.0,74.4,61.92356604732026,100.0,76-125,75.77706981419608,74.52942641892811,77.68089151183007,75.12089151183007,76.4332481165621,75.12089151183007,ATENCAO,25.599999999999994,24.879108488169933,25.239554244084964,25.167465092901956,25.31164339526797,25.09537594171895,25.383732546450975
91,43,39.959603565832666,0.0,92.0,73.6,60.04039643416733,100.0,76-125,74.8121189302502,73.45615857366693,76.81009910854183,74.17009910854183,75.45413875195857,74.17009910854183,ATENCAO,26.400000000000006,25.829900891458166,26.114950445729086,26.057940534874902,26.17196035658327,26.000930624020718,26.228970267437454
91,44,38.62407080152536,0.0,91.0,72.8,61.37592919847464,100.0,76-125,74.8127787595424,73.67037167938986,76.74398229961866,74.02398229961867,75.60157521946613,74.02398229961867,ATENCAO,27.200000000000003,25.976017700381334,26.58800885019067,26.4656106202288,26.710407080152535,26.34321239026693,26.8328053101144
91,45,19.67119431069392,5.4453525155590246,90.0,72.0,80.32880568930608,94.55464748444098,76-125,79.00957120368003,79.84245177261063,79.72086329343676,77.46539854499267,80.55374386236737,77.46539854499267,ATENCAO,28.0,22.534601455007333,25.267300727503667,24.7207608730044,25.813840582002932,24.174221018505133,26.360380436502197
91,46,19.27174628499469,18.33125947954546,89.0,71.2,80.72825371500531,81.66874052045455,76-125,76.15222421859251,77.10504959009305,76.19924855886497,75.15237450681951,77.1520739303655,75.15237450681951,ATENCAO,28.799999999999997,24.847625493180487,26.823812746590242,26.428575295908292,27.219050197272193,26.03333784522634,27.614287647954143
91,47,13.667355889275978,6.639499020977901,88.0,70.39999999999999,86.33264411072402,93.3605009790221,76-125,79.77189342902162,81.36515784009403,80.12328627243653,77.8272361745343,81.71655068350893,77.8272361745343,ATENCAO,29.60000000000001,22.172763825465694,25.88638191273285,25.14365829527942,26.629105530186283,24.400934677825987,27.371829147639716
91,48,11.281891451016309,0.0,87.0,69.6,88.7181085489837,100.0,76-125,81.41543256469511,83.32724341959347,81.97952713724592,78.93952713724592,83.89133799214429,78.93952713724592,ATENCAO,30.400000000000006,21.060472862754082,25.730236431377044,24.79628371765245,26.664189145101638,23.862331003927856,27.598141858826224
91,49,14.068525480965308,0.0,86.0,68.8,85.9314745190347,100.0,76-125,80.1794423557104,81.89258980761387,80.88286862975868,77.76286862975867,82.59601608166214,77.76286862975867,ATENCAO,31.200000000000003,22.23713137024133,26.718565685120666,25.8222788221448,27.614852548096536,24.925991959168933,28.5111394110724
91,50,23.75501713517109,0.0,85.0,68.0,76.24498286482891,100.0,76-125,76.87349485944867,77.69799314593158,78.06124571620722,74.86124571620722,78.88574400269012,74.86124571620722,ATENCAO,32.0,25.138754283792778,28.56937714189639,27.883252570275666,29.255501713517113,27.197127998654942,29.941626285137833
91,51,28.175730301707784,0.0,84.0,67.2,71.82426969829221,100.0,76-125,75.14728090948766,75.60970787931689,76.55606742457306,73.27606742457306,77.01849439440227,73.27606742457306,ATENCAO,32.8,26.723932575426943,29.76196628771347,29.154359545256163,30.369573030170773,28.546752802798856,30.97717977262808
91,52,25.720285323851115,0.0,83.0,66.4,74.27971467614888,100.0,76-125,75.48391440284468,76.27188587045956,76.76992866903723,73.40992866903723,77.55790013665211,73.40992866903723,ATENCAO,33.599999999999994,26.590071330962772,30.095035665481383,29.394042798577658,30.796028532385108,28.693049931673936,31.497021399288826
91,53,11.119661803950738,0.0,82.0,65.60000000000001,88.88033819604927,100.0,76-125,79.46410145881478,81.7921352784197,80.02008454901232,76.58008454901233,82.34811836861725,76.58008454901233,ATENCAO,34.39999999999999,23.419915450987673,28.909957725493832,27.8119492705926,30.007966180395066,26.713940815691366,31.105974635296292
91,54,5.21580835795693,0.0,81.0,64.8,94.78419164204308,100.0,76-125,80.83525749261293,83.83367665681723,81.09604791051076,77.57604791051077,84.09446707471508,77.57604791051077,ATENCAO,35.2,22.423952089489234,28.81197604474462,27.534371253693543,30.089580835795694,26.256766462642464,31.36718562684677
91,55,15.98413655193135,0.0,80.0,64.0,84.01586344806864,100.0,76-125,77.20475903442059,79.20634537922746,78.00396586201717,74.40396586201716,80.00555220682402,74.40396586201716,ATENCAO,36.0,25.59603413798284,30.79801706899142,29.757620482789704,31.838413655193136,28.71722389658799,32.87881024139485
91,56,9.546709439010971,0.0,79.0,63.2,90.45329056098905,100.0,76-125,78.7359871682967,81.46131622439562,79.21332264024726,75.53332264024726,81.93865169634616,75.53332264024726,ATENCAO,36.8,24.466677359752737,30.633338679876367,29.400006415851642,31.86667094390109,28.166674151826914,33.100003207925816
91,57,10.186975481322994,0.0,78.0,62.4,89.81302451867701,100.0,76-125,78.1439073556031,80.8852098074708,78.65325612966924,74.89325612966925,81.39455858153696,74.89325612966925,ATENCAO,37.6,25.106743870330746,31.353371935165374,30.10404632219845,32.6026975481323,28.854720709231522,33.852023161099225
91,58,5.861082592240107,0.0,77.0,61.6,94.13891740775988,100.0,76-125,79.04167522232797,82.29556696310397,79.33472935193997,75.49472935193998,82.58862109271595,75.49472935193998,ATENCAO,38.4,24.50527064806002,31.45263532403001,30.063162388836012,32.842108259224005,28.673689453642012,34.231581194418006
91,59,5.0739244907741625,0.0,76.0,60.8,94.92607550922584,100.0,76-125,78.87782265276775,82.29043020369033,79.13151887730646,75.21151887730646,82.54412642822905,75.21151887730646,ATENCAO,39.2,24.78848112269354,31.99424056134677,30.553088673616124,33.43539244907741,29.111936785885476,34.87654433680807
91,60,0.0,0.0,75.0,60.0,100.0,100.0,31-75,80.0,84.0,80.0,76.0,84.0,76.0,ATENCAO,40.0,24.0,32.0,30.4,33.6,28.799999999999997,35.2
91,61,0.0,0.0,74.0,59.199999999999996,100.0,100.0,31-75,79.6,83.68,79.6,75.52,83.68,75.52,ATENCAO,40.800000000000004,24.480000000000004,32.64,31.008000000000006,34.272000000000006,29.376000000000005,35.904
91,62,0.0,0.0,73.0,58.4,100.0,100.0,31-75,79.2,83.36,79.2,75.03999999999999,83.36,75.03999999999999,ATENCAO,41.6,24.960000000000008,33.28,31.616000000000007,34.944,29.952000000000005,36.608
91,63,0.0,0.0,72.0,57.599999999999994,100.0,100.0,31-75,78.8,83.03999999999999,78.8,74.56,83.03999999999999,74.56,ATENCAO,42.400000000000006,25.439999999999998,33.92,32.224000000000004,35.616,30.528,37.312000000000005
91,64,0.0,0.0,71.0,56.8,100.0,100.0,31-75,78.4,82.72,78.4,74.08,82.72,74.08,ATENCAO,43.2,25.92,34.56,32.832,36.288000000000004,31.104,38.016
91,65,0.0,0.0,70.0,56.00000000000001,100.0,100.0,31-75,78.0,82.4,78.0,73.6,82.4,73.6,ATENCAO,43.99999999999999,26.400000000000006,35.2,33.44,36.959999999999994,31.68,38.72
91,66,0.0,0.0,69.0,55.2,100.0,100.0,31-75,77.6,82.08,77.6,73.12,82.08,73.12,ATENCAO,44.8,26.879999999999995,35.839999999999996,34.047999999999995,37.632,32.25599999999999,39.42399999999999
91,67,0.0,0.0,68.0,54.400000000000006,100.0,100.0,31-75,77.2,81.76,77.2,72.64,81.76,72.64,ATENCAO,45.599999999999994,27.36,36.48,34.656,38.303999999999995,32.831999999999994,40.12799999999999
91,68,0.0,0.0,67.0,53.6,100.0,100.0,31-75,76.8,81.44,76.8,72.16,81.44,72.16,ATENCAO,46.4,27.840000000000003,37.120000000000005,35.263999999999996,38.976,33.408,40.831999999999994
91,69,0.0,0.0,66.0,52.800000000000004,100.0,100.0,31-75,76.4,81.12,76.4,71.68,81.12,71.68,ATENCAO,47.199999999999996,28.319999999999993,37.75999999999999,35.87199999999999,39.647999999999996,33.983999999999995,41.53599999999999
91,70,0.0,0.0,65.0,52.0,100.0,100.0,31-75,76.0,80.8,76.0,71.2,80.8,71.2,ATENCAO,48.0,28.799999999999997,38.4,36.480000000000004,40.31999999999999,34.559999999999995,42.239999999999995
91,71,0.0,0.0,64.0,51.2,100.0,100.0,31-75,75.6,80.48,75.6,70.72,80.48,70.72,ATENCAO,48.8,29.28,39.04,37.088,40.992,35.135999999999996,42.943999999999996
91,72,0.0,0.0,63.0,50.4,100.0,100.0,31-75,75.2,80.16,75.2,70.24,80.16,70.24,ATENCAO,49.6,29.760000000000005,39.68000000000001,37.696000000000005,41.664,35.712,43.647999999999996
91,73,0.0,0.0,62.0,49.6,100.0,100.0,31-75,74.8,79.84,74.8,69.75999999999999,79.84,69.75999999999999,ATENCAO,50.4,30.24000000000001,40.32000000000001,38.304,42.336,36.288000000000004,44.352
91,74,0.0,0.0,61.0,48.8,100.0,100.0,31-75,74.4,79.52,74.4,69.28,79.52,69.28,ATENCAO,51.2,30.72,40.96,38.912000000000006,43.007999999999996,36.864,45.056
91,75,0.0,0.0,60.0,48.0,100.0,100.0,31-75,74.0,79.2,74.0,68.8,79.2,68.8,ATENCAO,52.0,31.200000000000003,41.6,39.52,43.68,37.44,45.76
91,76,0.0,0.0,59.0,47.199999999999996,100.0,100.0,31-75,73.6,78.88,73.6,68.32,78.88,68.32,ATENCAO,52.800000000000004,31.680000000000007,42.24000000000001,40.12800000000001,44.352000000000004,38.016000000000005,46.464
91,77,0.0,0.0,58.0,46.400000000000006,100.0,100.0,31-75,73.2,78.56,73.2,67.84,78.56,67.84,ATENCAO,53.599999999999994,32.16,42.879999999999995,40.73599999999999,45.023999999999994,38.592,47.16799999999999
91,78,0.0,4.011340389060904,57.0,45.6,100.0,95.9886596109391,31-75,71.99773192218782,77.43773192218782,71.79716490273478,66.75829894164086,77.23716490273478,66.75829894164086,ATENCAO,54.4,33.24170105835914,43.820850529179566,41.70502063501549,45.93668042334366,39.58919074085139,48.05251031750774
91,79,0.0,17.31286712657525,56.0,44.800000000000004,100.0,82.68713287342476,31-75,68.93742657468496,74.45742657468496,68.07178321835619,64.28306993101371,73.5917832183562,64.28306993101371,ATENCAO,55.199999999999996,35.71693006898629,45.458465034493145,43.51015804139177,47.40677202759451,41.56185104829039,49.35507902069588
91,80,0.0,23.055150015820804,55.0,44.0,100.0,76.9448499841792,31-75,67.38896999683584,72.98896999683583,66.2362124960448,62.94172749762688,71.8362124960448,62.94172749762688,ATENCAO,56.0,37.05827250237312,46.52913625118656,44.634963501423876,48.42330900094925,42.74079075166118,50.317481750711934
91,81,0.0,28.67858970355117,54.0,43.2,100.0,71.32141029644883,31-75,65.86428205928976,71.54428205928977,64.4303525741122,61.61821154446733,70.11035257411221,61.61821154446733,ATENCAO,56.8,38.38178845553267,47.590894227766334,45.7490730733196,49.43271538221307,43.907251918872866,51.274536536659795
91,82,0.0,5.067130376658476,53.0,42.4,100.0,94.93286962334152,31-75,70.18657392466831,75.94657392466831,69.93321740583539,64.67993044350123,75.69321740583538,64.67993044350123,ATENCAO,57.6,35.320069556498765,46.46003477824938,44.232041733899266,48.68802782259951,42.00404868954914,50.91602086694963
91,83,0.0,0.0,52.0,41.6,100.0,100.0,31-75,70.8,76.64,70.8,64.96000000000001,76.64,64.96000000000001,ATENCAO,58.4,35.03999999999999,46.72,44.38399999999999,49.056,42.04799999999999,51.391999999999996
91,84,0.0,0.0,51.0,40.8,100.0,100.0,31-75,70.4,76.32,70.4,64.47999999999999,76.32,64.47999999999999,ATENCAO,59.2,35.52000000000001,47.36000000000001,44.992000000000004,49.72800000000001,42.62400000000001,52.096000000000004
91,85,0.0,0.0,50.0,40.0,100.0,100.0,31-75,70.0,76.0,70.0,64.0,76.0,64.0,ATENCAO,60.0,36.0,48.0,45.599999999999994,50.4,43.2,52.8
91,86,0.0,0.0,49.0,39.2,100.0,100.0,31-75,69.6,75.68,69.6,63.52,75.68,63.52,ATENCAO,60.8,36.48,48.64,46.208,51.071999999999996,43.775999999999996,53.50399999999999
91,87,0.0,5.1549662946891495,48.0,38.4,100.0,94.84503370531084,31-75,68.16900674106218,74.32900674106217,67.91125842632772,62.26675505579663,74.07125842632772,62.26675505579663,ATENCAO,61.6,37.73324494420337,49.666622472101686,47.27994696652202,52.05329797768135,44.89327146094236,54.43997348326101
91,88,0.0,26.143188643155863,47.0,37.6,100.0,73.85681135684413,31-75,63.57136227136883,69.81136227136882,62.26420283921103,58.63852170352662,68.50420283921103,58.63852170352662,RISCO,62.4,41.36147829647338,51.880739148236685,49.77688697788403,53.98459131858935,47.673034807531366,56.08844348894201
91,89,0.0,42.37093298727242,46.0,36.8,100.0,57.62906701272758,31-75,59.92581340254552,66.24581340254551,57.80726675318189,55.72436005190914,64.1272667531819,55.72436005190914,RISCO,63.2,44.27563994809086,53.737819974045436,51.84538396885452,55.63025597923635,49.952947963663604,57.52269198442726
91,90,0.0,46.97074673275687,45.0,36.0,100.0,53.02925326724313,31-75,58.60585065344863,65.00585065344862,56.25731331681078,54.55438799008646,62.65731331681078,54.55438799008646,RISCO,64.0,45.44561200991354,54.722806004956766,52.86736720594813,56.57824480396542,51.011928406939475,58.43368360297406
91,91,0.0,46.16296735617157,44.0,35.199999999999996,100.0,53.83703264382843,31-75,58.36740652876568,64.84740652876569,56.0592581609571,54.195554896574265,62.539258160957104,54.195554896574265,RISCO,64.80000000000001,45.804445103425735,55.30222255171287,53.40266706205544,57.2017780413703,51.50311157239801,59.10133353102773
91,92,0.0,43.037106514945904,43.0,34.4,100.0,56.962893485054096,31-75,58.59257869701082,65.15257869701082,56.44072337126353,54.18443402275811,63.00072337126352,54.18443402275811,RISCO,65.6,45.81556597724189,55.70778298862094,53.729339586345134,57.68622639089675,51.75089618406932,59.664669793172564
91,93,2.5985808930321874,48.83289938858451,42.0,33.6,97.4014191069678,51.16710061141549,31-75,56.253845854373445,62.63398776507022,53.94212992959582,52.18541986845428,60.3222718402926,52.18541986845428,RISCO,66.4,47.81458013154572,57.10729006577286,55.248748078927434,58.965832052618296,53.390206092082,60.82437403946372
91,94,2.0719158480657565,49.04696532080774,41.0,32.800000000000004,97.92808415193424,50.95303467919226,31-75,55.969032181418726,62.48184059661216,53.62027970778163,51.8049762398624,60.13308812297505,51.8049762398624,RISCO,67.19999999999999,48.1950237601376,57.697511880068795,55.797014256082555,59.598009504055035,53.896516632096315,61.49850712804127
91,95,4.070497456553888,54.37540040507899,40.0,32.0,95.92950254344612,45.62459959492101,31-75,53.90377068201804,60.29672093636266,51.38852553459178,50.026065575099686,57.78147578893639,50.026065575099686,RISCO,68.0,49.973934424900314,58.98696721245015,57.18436065494019,60.78957376996013,55.38175409743022,62.59218032747009
91,96,0.5802348126578306,57.53682625819717,39.0,31.2,99.41976518734216,42.46317374180283,31-75,53.91856430456321,60.74054082329743,51.07073473228625,49.944417358105966,57.89271125102047,49.944417358105966,RISCO,68.8,50.055582641894034,59.427791320947016,57.55334958513642,61.30223305675761,55.678907849325824,63.17667479256821
91,97,0.0,49.01458032094183,38.0,30.4,100.0,50.98541967905817,31-75,55.39708393581164,62.35708393581163,52.94635491976455,50.88781295185872,59.90635491976454,50.88781295185872,RISCO,69.6,49.11218704814128,59.35609352407064,57.30731222888477,61.40487481925651,55.25853093369889,63.453656114442374
91,98,0.0,39.93424660539754,37.0,29.599999999999998,100.0,60.06575339460246,31-75,56.81315067892049,63.8531506789205,54.81643834865061,51.76986300919037,61.85643834865062,51.76986300919037,RISCO,70.4,48.23013699080963,59.315068495404816,57.098082194485784,61.532054796323855,54.88109589356674,63.749041097242895
91,99,0.0,26.18431217743357,36.0,28.799999999999997,100.0,73.81568782256643,31-75,59.163137564513285,66.28313756451328,57.85392195564161,53.35235317338497,64.9739219556416,53.35235317338497,RISCO,71.2,46.64764682661503,58.92382341330752,56.468588095969025,61.37905873064601,54.01335277863052,63.83429404798451
91,100,9.541813037039116,20.678879530016715,35.0,28.000000000000004,90.45818696296088,79.32112046998328,31-75,57.001680182884925,63.24749887918101,56.44482685823604,51.31271481123771,62.690645554532125,51.31271481123771,RISCO,72.0,48.68728518876229,60.343642594381144,58.01237111325737,62.674914075504915,55.681099632133595,65.00618555662868
91,101,14.325262393486494,18.40014963109927,34.0,27.200000000000003,85.6747376065135,81.59985036890073,31-75,55.6223913557342,61.46986511638556,55.41864699385356,49.978661956963485,61.26612075450491,49.978661956963485,RISCO,72.8,50.021338043036515,61.41066902151826,59.13280282582191,63.68853521721461,56.854936630125565,65.96640141291095
91,102,12.583976647516268,19.05756296215388,33.0,26.400000000000002,87.41602335248373,80.94243703784612,31-75,55.61329441331435,61.71489674856272,55.28961509758247,49.83537139379785,61.39121743283083,49.83537139379785,RISCO,73.6,50.16462860620215,61.88231430310107,59.538777163721285,64.22585144248086,57.1952400243415,66.56938858186064
91,103,12.066791394495286,26.32447532334134,32.0,25.6,87.93320860550472,73.67552467665865,31-75,53.91506751698315,60.14838837753362,53.20218332054084,48.394630852874975,59.43550418109132,48.394630852874975,RISCO,74.4,51.605369147125025,63.00268457356252,60.723221488275016,65.28214765885001,58.44375840298751,67.56161074413751
91,104,11.758183922272872,30.926271160791075,31.0,24.8,88.24181607772712,69.07372883920893,31-75,52.68729059115992,59.03147219893264,51.72888622923401,47.301513345313126,58.07306783700672,47.301513345313126,RISCO,75.2,52.698486654686874,63.94924332734344,61.69909199281213,66.19939466187475,59.448940658280804,68.44954599640606
91,105,23.485960964720835,46.0076471638392,30.0,24.0,76.51403903527917,53.9923528361608,0-30,45.75268227781591,51.00408618134383,44.62659796785999,41.62736268424391,49.8780018713879,41.62736268424391,RISCO,76.0,58.37263731575609,67.18631865787805,65.42358238945366,68.94905492630244,63.660846121029266,70.71179119472683
91,106,26.48685170743573,56.22371740912391,29.0,23.200000000000003,73.51314829256427,43.77628259087609,0-30,42.409201005944496,47.44051583520093,40.92235772086009,38.86472946177248,45.95367255011652,38.86472946177248,RISCO,76.8,61.13527053822752,68.96763526911376,67.40116232293651,70.53410821529101,65.83468937675926,72.10058116146826
91,107,26.385346388020377,52.88125615742523,28.0,22.400000000000002,73.61465361197962,47.11874384257477,0-30,42.70814485210884,47.82961021330681,41.3833493636386,38.911474979381126,46.50481472483656,38.911474979381126,RISCO,77.6,61.088525020618874,69.34426251030943,67.69311501237132,70.99541000824755,66.04196751443321,72.64655750618566
91,108,27.34790299847609,45.29843516276456,27.0,21.6,72.65209700152391,54.70156483723544,0-30,43.53594206790426,48.64115176805666,42.63841545968984,39.32825897596629,47.74362515984223,39.32825897596629,RISCO,78.4,60.67174102403371,69.53587051201686,67.76304461442022,71.30869640961347,65.99021871682359,73.08152230721012
91,109,50.09590080626819,62.969978618622456,26.0,20.8,49.90409919373181,37.03002138137754,0-30,32.77723403439505,35.68764395376824,32.133530143777335,30.510528005639586,35.043940063150515,30.510528005639586,RISCO,79.2,69.48947199436041,74.34473599718021,73.37368319661626,75.31578879774418,72.40263039605229,76.28684159830811
91,110,50.15727896140061,85.23643149619686,25.0,20.0,49.84272103859939,14.763568503803144,0-30,27.90553001234045,30.88980211620039,26.15157238560064,26.67521553522032,29.13584448946057,26.67521553522032,CRITICO,80.0,73.32478446477968,76.66239223238983,75.99487067886781,77.32991378591187,75.32734912534578,77.9974353394339
91,111,50.294261030683664,100.0,24.0,19.2,49.705738969316336,0.0,0-30,24.5117216907949,27.56229558772653,22.026434742329084,23.94643474232908,25.077008639260715,23.94643474232908,CRITICO,80.8,76.05356525767093,78.42678262883547,77.95213915460255,78.90142610306836,77.47749568036964,79.37606957730128
91,112,50.378359635098334,100.0,23.0,18.4,49.62164036490167,0.0,0-30,24.0864921094705,27.208656145960667,21.605410091225416,23.445410091225416,24.72757412771558,23.445410091225416,CRITICO,81.6,76.55458990877459,79.0772949543873,78.57275394526475,79.58183596350983,78.0682129361422,80.08637697263237
91,113,50.601027275740506,100.0,22.0,17.599999999999998,49.39897272425949,0.0,0-30,23.619691817277847,26.7995890897038,21.14974318106487,22.909743181064872,24.32964045349082,22.909743181064872,CRITICO,82.4,77.09025681893513,79.74512840946757,79.21415409136108,80.27610272757406,78.6831797732546,80.80707704568054
91,114,50.80514411364967,100.0,21.0,16.8,49.19485588635033,0.0,0-30,23.1584567659051,26.39794235454013,20.698713971587583,22.378713971587583,23.93819956022261,22.378713971587583,CRITICO,83.2,77.62128602841241,80.41064301420622,79.85277161704744,80.96851441136496,79.29490021988869,81.52638580852371
91,115,50.735014224311485,100.0,20.0,16.0,49.26498577568852,0.0,0-30,22.77949573270656,26.10599431027541,20.31624644392213,21.916246443922127,23.64274502149098,21.916246443922127,CRITICO,84.0,78.08375355607788,81.04187677803894,80.45025213364673,81.63350142243115,79.85862748925452,82.22512606682336
91,116,50.81510443334532,100.0,19.0,15.2,49.18489556665468,0.0,0-30,22.355468669996405,25.753958226661872,19.89622389166367,21.41622389166367,23.29471344832914,21.41622389166367,CRITICO,84.8,78.58377610833634,81.69188805416817,81.07026566500181,82.31351044333454,80.44864327583542,82.9351328325009
91,117,50.93661118010059,100.0,18.0,14.399999999999999,49.06338881989941,0.0,0-30,21.91901664596982,25.385355527959767,19.46584720497485,20.90584720497485,22.93218608696479,20.90584720497485,CRITICO,85.6,79.09415279502515,82.34707639751258,81.69649167701509,82.99766111801006,81.0459069565176,83.64824583850753
91,118,51.20467129073853,100.0,17.0,13.600000000000001,48.79532870926147,0.0,0-30,21.43859861277844,24.95813148370459,18.998832177315368,20.358832177315367,22.51836504824152,20.358832177315367,CRITICO,86.4,79.64116782268464,83.02058391134233,82.34470069361078,83.69646712907385,81.66881747587925,84.37235034680539
91,119,51.45821560312797,100.0,16.0,12.8,48.54178439687203,0.0,0-30,20.962535319061608,24.536713758748814,18.535446099218007,19.815446099218008,22.10962453890521,19.815446099218008,CRITICO,87.2,80.18455390078199,83.692276950391,82.9907323404692,84.3938215603128,82.2891877305474,85.0953661702346
91,120,51.4480636978857,100.0,15.0,12.0,48.5519363021143,0.0,0-30,20.565580890634287,24.220774520845723,18.13798407552857,19.33798407552857,21.793177705740003,19.33798407552857,CRITICO,88.0,80.66201592447143,84.33100796223572,83.59720955468286,85.06480636978857,82.86341114713,85.79860477734142
91,121,51.648862912746,100.0,14.0,11.200000000000001,48.351137087254,0.0,0-30,20.1053411261762,23.820454834901604,17.687784271813502,18.807784271813503,21.4028979805389,18.807784271813503,CRITICO,88.8,81.1922157281865,84.99610786409325,84.2353294369119,85.7568862912746,83.47455100973055,86.51766471845595
91,122,51.901498790335246,100.0,13.0,10.4,48.098501209664754,0.0,0-30,19.629550362899423,23.399400483865904,17.22462530241619,18.26462530241619,20.994475423382664,18.26462530241619,CRITICO,89.6,81.73537469758381,85.6676873487919,84.88122481855028,86.45414987903352,84.09476228830866,87.24061240927513
91,123,52.0568704111829,100.0,12.0,9.6,47.9431295888171,0.0,0-30,19.182938876645128,23.01725183552684,16.785782397204276,17.745782397204273,20.620095356085983,17.745782397204273,CRITICO,90.4,82.25421760279573,86.32710880139787,85.51253056167744,87.1416870411183,84.697952321957,87.95626528083872
91,124,52.32808050751641,100.0,11.0,8.799999999999999,47.67191949248359,0.0,0-30,18.70157584774508,22.58876779699344,16.317979873120898,17.197979873120897,20.20517182236925,17.197979873120897,CRITICO,91.2,82.8020201268791,87.00101006343955,86.16121207612747,87.84080805075163,85.32141408881537,88.68060603806373
91,125,52.42933453326625,100.0,10.0,8.0,47.57066546673375,0.0,0-30,18.271199640020125,22.2282661866935,15.892666366683438,16.692666366683437,19.84973291335681,16.692666366683437,CRITICO,92.0,83.30733363331656,87.65366681665827,86.78440017998994,88.52293345332663,85.91513354332159,89.39220008999496
91,126,53.21855469489982,100.0,9.0,7.199999999999999,46.78144530510018,0.0,0-30,17.634433591530055,21.59257812204007,15.295361326275044,16.015361326275045,19.25350585678506,16.015361326275045,CRITICO,92.8,83.98463867372496,88.39231933686247,87.51078320423497,89.27385546948999,86.62924707160747,90.15539160211748
91,127,54.09709948891405,100.0,8.0,6.4,45.90290051108595,0.0,0-30,16.970870153325787,20.92116020443438,14.67572512777149,15.315725127771488,18.62601517888008,15.315725127771488,CRITICO,93.6,84.68427487222851,89.14213743611425,88.2505649233371,90.03370994889141,87.35899241055995,90.92528246166854
91,128,54.400818459415575,100.0,7.0,5.6000000000000005,45.599181540584425,0.0,0-30,16.479754462175325,20.47967261623377,14.199795385146109,14.759795385146106,18.19971353920455,14.759795385146106,CRITICO,94.4,85.2402046148539,89.82010230742695,88.90412276891234,90.73608184594156,87.98814323039772,91.65206138445616
91,129,54.90654044062862,100.0,6.0,4.8,45.09345955937138,0.0,0-30,15.928037867811415,19.95738382374855,13.673364889842846,14.153364889842845,17.702710845779983,14.153364889842845,CRITICO,95.2,85.84663511015715,90.52331755507858,89.5879810660943,91.45865404406285,88.65264457711,92.39399053304714
91,130,54.90968882977798,100.0,5.0,4.0,45.09031117022202,0.0,0-30,15.527093351066606,19.636124468088813,13.272577792555506,13.672577792555506,17.381608909577707,13.672577792555506,CRITICO,96.0,86.3274222074445,91.16371110372225,90.1964533244667,92.1309688829778,89.22919554521114,93.09822666223334
91,131,55.05676798954968,100.0,4.0,3.2,44.94323201045032,0.0,0-30,15.082969603135096,19.25729280418013,12.83580800261258,13.15580800261258,17.01013120365761,13.15580800261258,CRITICO,96.8,86.84419199738741,91.8220959986937,90.82651519843245,92.81767679895496,89.83093439817118,93.81325759921621
91,132,55.93357308036423,100.0,3.0,2.4,44.06642691963577,0.0,0-30,14.419928075890727,18.586570767854308,12.21660672990894,12.45660672990894,16.383249421872517,12.45660672990894,CRITICO,97.6,87.54339327009106,92.57169663504553,91.56603596205463,93.57735730803643,90.56037528906373,94.58301798102731
91,133,56.59808701661407,100.0,2.0,1.6,43.40191298338593,0.0,0-30,13.820573895015778,18.000765193354372,11.650478245846482,11.810478245846484,15.830669544185074,11.810478245846484,CRITICO,98.4,88.18952175415352,93.29476087707675,92.27371305249211,94.31580870166141,91.25266522790746,95.33685652624605
91,134,57.38345577657862,100.0,1.0,0.8,42.61654422342138,0.0,0-30,13.184963267026411,17.366617689368553,11.054136055855343,11.134136055855343,15.23579047819748,11.134136055855343,CRITICO,99.2,88.86586394414465,94.03293197207233,92.9995183664868,95.06634557765786,91.96610476090125,96.09975918324339
91,135,58.01448268800856,100.0,0.0,0.0,41.98551731199144,0.0,0-30,12.59565519359743,16.794206924796576,10.49637932799786,10.49637932799786,14.694931059197,10.49637932799786,CRITICO,100.0,89.50362067200214,94.75181033600107,93.70217240320127,95.80144826880087,92.65253447040149,96.85108620160064
